source_file,indicator_code,indicator_name,earnings_type,municipality_code,municipality_name,year,value_rsd,unit_code,unit_name,status_code,status_name,source_org
annual_avg_monthly_net_earnings_municipality_residence.csv,2403040403IND01,Average net earnings,net,70017,Aleksandrovac,2018,38151,RSD,RSD,A,Normal value,SORS
annual_avg_monthly_net_earnings_municipality_residence.csv,2403040403IND01,Average net earnings,net,70025,Aleksinac,2018,40856,RSD,RSD,A,Normal value,SORS
annual_avg_monthly_net_earnings_municipality_residence.csv,2403040403IND01,Average net earnings,net,70033,Aranđelovac,2018,44672,RSD,RSD,A,Normal value,SORS
annual_avg_monthly_net_earnings_municipality_residence.csv,2403040403IND01,Average net earnings,net,70041,Arilje,2018,37100,RSD,RSD,A,Normal value,SORS
annual_avg_monthly_net_earnings_municipality_residence.csv,2403040403IND01,Average net earnings,net,70050,Babušnica,2018,41540,RSD,RSD,A,Normal value,SORS
annual_avg_monthly_net_earnings_municipality_residence.csv,2403040403IND01,Average net earnings,net,70068,Bajina Bašta,2018,39709,RSD,RSD,A,Normal value,SORS
annual_avg_monthly_net_earnings_municipality_residence.csv,2403040403IND01,Average net earnings,net,70076,Batočina,2018,39248,RSD,RSD,A,Normal value,SORS
annual_avg_monthly_net_earnings_municipality_residence.csv,2403040403IND01,Average net earnings,net,70084,Bela Palanka,2018,38293,RSD,RSD,A,Normal value,SORS
annual_avg_monthly_net_earnings_municipality_residence.csv,2403040403IND01,Average net earnings,net,70092,Barajevo,2018,43223,RSD,RSD,A,Normal value,SORS
annual_avg_monthly_net_earnings_municipality_residence.csv,2403040403IND01,Average net earnings,net,70106,Voždovac,2018,62898,RSD,RSD,A,Normal value,SORS
annual_avg_monthly_net_earnings_municipality_residence.csv,2403040403IND01,Average net earnings,net,70114,Vračar,2018,78619,RSD,RSD,A,Normal value,SORS
annual_avg_monthly_net_earnings_municipality_residence.csv,2403040403IND01,Average net earnings,net,70122,Grocka,2018,43336,RSD,RSD,A,Normal value,SORS
annual_avg_monthly_net_earnings_municipality_residence.csv,2403040403IND01,Average net earnings,net,70149,Zvezdara,2018,62515,RSD,RSD,A,Normal value,SORS
annual_avg_monthly_net_earnings_municipality_residence.csv,2403040403IND01,Average net earnings,net,70157,Zemun,2018,55668,RSD,RSD,A,Normal value,SORS
annual_avg_monthly_net_earnings_municipality_residence.csv,2403040403IND01,Average net earnings,net,70165,Lazarevac,2018,64243,RSD,RSD,A,Normal value,SORS
annual_avg_monthly_net_earnings_municipality_residence.csv,2403040403IND01,Average net earnings,net,70173,Mladenovac,2018,42055,RSD,RSD,A,Normal value,SORS
annual_avg_monthly_net_earnings_municipality_residence.csv,2403040403IND01,Average net earnings,net,70181,Novi Beograd,2018,75469,RSD,RSD,A,Normal value,SORS
annual_avg_monthly_net_earnings_municipality_residence.csv,2403040403IND01,Average net earnings,net,70190,Obrenovac,2018,51135,RSD,RSD,A,Normal value,SORS
annual_avg_monthly_net_earnings_municipality_residence.csv,2403040403IND01,Average net earnings,net,70203,Palilula (Beograd),2018,55125,RSD,RSD,A,Normal value,SORS
annual_avg_monthly_net_earnings_municipality_residence.csv,2403040403IND01,Average net earnings,net,70211,Rakovica,2018,55977,RSD,RSD,A,Normal value,SORS
annual_avg_monthly_net_earnings_municipality_residence.csv,2403040403IND01,Average net earnings,net,70220,Savski venac,2018,67111,RSD,RSD,A,Normal value,SORS
annual_avg_monthly_net_earnings_municipality_residence.csv,2403040403IND01,Average net earnings,net,70238,Sopot,2018,41867,RSD,RSD,A,Normal value,SORS
annual_avg_monthly_net_earnings_municipality_residence.csv,2403040403IND01,Average net earnings,net,70246,Stari grad,2018,74332,RSD,RSD,A,Normal value,SORS
annual_avg_monthly_net_earnings_municipality_residence.csv,2403040403IND01,Average net earnings,net,70254,Čukarica,2018,59273,RSD,RSD,A,Normal value,SORS
annual_avg_monthly_net_earnings_municipality_residence.csv,2403040403IND01,Average net earnings,net,70262,Blace,2018,37919,RSD,RSD,A,Normal value,SORS
annual_avg_monthly_net_earnings_municipality_residence.csv,2403040403IND01,Average net earnings,net,70289,Bogatić,2018,38712,RSD,RSD,A,Normal value,SORS
annual_avg_monthly_net_earnings_municipality_residence.csv,2403040403IND01,Average net earnings,net,70297,Bojnik,2018,36290,RSD,RSD,A,Normal value,SORS
annual_avg_monthly_net_earnings_municipality_residence.csv,2403040403IND01,Average net earnings,net,70319,Boljevac,2018,43260,RSD,RSD,A,Normal value,SORS
annual_avg_monthly_net_earnings_municipality_residence.csv,2403040403IND01,Average net earnings,net,70327,Bor,2018,53023,RSD,RSD,A,Normal value,SORS
annual_avg_monthly_net_earnings_municipality_residence.csv,2403040403IND01,Average net earnings,net,70335,Bosilegrad,2018,39340,RSD,RSD,A,Normal value,SORS
annual_avg_monthly_net_earnings_municipality_residence.csv,2403040403IND01,Average net earnings,net,70343,Brus,2018,37810,RSD,RSD,A,Normal value,SORS
annual_avg_monthly_net_earnings_municipality_residence.csv,2403040403IND01,Average net earnings,net,70351,Bujanovac,2018,38286,RSD,RSD,A,Normal value,SORS
annual_avg_monthly_net_earnings_municipality_residence.csv,2403040403IND01,Average net earnings,net,70360,Valjevo,2018,44508,RSD,RSD,A,Normal value,SORS
annual_avg_monthly_net_earnings_municipality_residence.csv,2403040403IND01,Average net earnings,net,70378,Varvarin,2018,36260,RSD,RSD,A,Normal value,SORS
annual_avg_monthly_net_earnings_municipality_residence.csv,2403040403IND01,Average net earnings,net,70386,Velika Plana,2018,41362,RSD,RSD,A,Normal value,SORS
annual_avg_monthly_net_earnings_municipality_residence.csv,2403040403IND01,Average net earnings,net,70394,Veliko Gradište,2018,38708,RSD,RSD,A,Normal value,SORS
annual_avg_monthly_net_earnings_municipality_residence.csv,2403040403IND01,Average net earnings,net,70408,Vladimirci,2018,38068,RSD,RSD,A,Normal value,SORS
annual_avg_monthly_net_earnings_municipality_residence.csv,2403040403IND01,Average net earnings,net,70416,Vladičin Han,2018,41240,RSD,RSD,A,Normal value,SORS
annual_avg_monthly_net_earnings_municipality_residence.csv,2403040403IND01,Average net earnings,net,70424,Vlasotince,2018,35243,RSD,RSD,A,Normal value,SORS
annual_avg_monthly_net_earnings_municipality_residence.csv,2403040403IND01,Average net earnings,net,70432,Vranje,2018,42356,RSD,RSD,A,Normal value,SORS
annual_avg_monthly_net_earnings_municipality_residence.csv,2403040403IND01,Average net earnings,net,70459,Vrnjačka Banja,2018,38544,RSD,RSD,A,Normal value,SORS
annual_avg_monthly_net_earnings_municipality_residence.csv,2403040403IND01,Average net earnings,net,70467,Gadžin Han,2018,34391,RSD,RSD,A,Normal value,SORS
annual_avg_monthly_net_earnings_municipality_residence.csv,2403040403IND01,Average net earnings,net,70475,Golubac,2018,38636,RSD,RSD,A,Normal value,SORS
annual_avg_monthly_net_earnings_municipality_residence.csv,2403040403IND01,Average net earnings,net,70483,Gornji Milanovac,2018,46307,RSD,RSD,A,Normal value,SORS
annual_avg_monthly_net_earnings_municipality_residence.csv,2403040403IND01,Average net earnings,net,70491,Despotovac,2018,43753,RSD,RSD,A,Normal value,SORS
annual_avg_monthly_net_earnings_municipality_residence.csv,2403040403IND01,Average net earnings,net,70505,Dimitrovgrad,2018,38230,RSD,RSD,A,Normal value,SORS
annual_avg_monthly_net_earnings_municipality_residence.csv,2403040403IND01,Average net earnings,net,70513,Doljevac,2018,36834,RSD,RSD,A,Normal value,SORS
annual_avg_monthly_net_earnings_municipality_residence.csv,2403040403IND01,Average net earnings,net,70521,Žabari,2018,36275,RSD,RSD,A,Normal value,SORS
annual_avg_monthly_net_earnings_municipality_residence.csv,2403040403IND01,Average net earnings,net,70530,Žagubica,2018,42161,RSD,RSD,A,Normal value,SORS
annual_avg_monthly_net_earnings_municipality_residence.csv,2403040403IND01,Average net earnings,net,70548,Žitorađa,2018,38611,RSD,RSD,A,Normal value,SORS
annual_avg_monthly_net_earnings_municipality_residence.csv,2403040403IND01,Average net earnings,net,70556,Zaječar,2018,43695,RSD,RSD,A,Normal value,SORS
annual_avg_monthly_net_earnings_municipality_residence.csv,2403040403IND01,Average net earnings,net,70564,Ivanjica,2018,36863,RSD,RSD,A,Normal value,SORS
annual_avg_monthly_net_earnings_municipality_residence.csv,2403040403IND01,Average net earnings,net,70572,Kladovo,2018,45458,RSD,RSD,A,Normal value,SORS
annual_avg_monthly_net_earnings_municipality_residence.csv,2403040403IND01,Average net earnings,net,70599,Knić,2018,41627,RSD,RSD,A,Normal value,SORS
annual_avg_monthly_net_earnings_municipality_residence.csv,2403040403IND01,Average net earnings,net,70602,Knjaževac,2018,37490,RSD,RSD,A,Normal value,SORS
annual_avg_monthly_net_earnings_municipality_residence.csv,2403040403IND01,Average net earnings,net,70629,Kosjerić,2018,43974,RSD,RSD,A,Normal value,SORS
annual_avg_monthly_net_earnings_municipality_residence.csv,2403040403IND01,Average net earnings,net,70637,Koceljeva,2018,38036,RSD,RSD,A,Normal value,SORS
annual_avg_monthly_net_earnings_municipality_residence.csv,2403040403IND01,Average net earnings,net,70645,Kragujevac,2018,48079,RSD,RSD,A,Normal value,SORS
annual_avg_monthly_net_earnings_municipality_residence.csv,2403040403IND01,Average net earnings,net,70653,Kraljevo,2018,42708,RSD,RSD,A,Normal value,SORS
annual_avg_monthly_net_earnings_municipality_residence.csv,2403040403IND01,Average net earnings,net,70661,Krupanj,2018,36703,RSD,RSD,A,Normal value,SORS
annual_avg_monthly_net_earnings_municipality_residence.csv,2403040403IND01,Average net earnings,net,70670,Kruševac,2018,42981,RSD,RSD,A,Normal value,SORS
annual_avg_monthly_net_earnings_municipality_residence.csv,2403040403IND01,Average net earnings,net,70688,Kuršumlija,2018,41000,RSD,RSD,A,Normal value,SORS
annual_avg_monthly_net_earnings_municipality_residence.csv,2403040403IND01,Average net earnings,net,70696,Kučevo,2018,39125,RSD,RSD,A,Normal value,SORS
annual_avg_monthly_net_earnings_municipality_residence.csv,2403040403IND01,Average net earnings,net,70700,Lajkovac,2018,59080,RSD,RSD,A,Normal value,SORS
annual_avg_monthly_net_earnings_municipality_residence.csv,2403040403IND01,Average net earnings,net,70718,Lebane,2018,37711,RSD,RSD,A,Normal value,SORS
annual_avg_monthly_net_earnings_municipality_residence.csv,2403040403IND01,Average net earnings,net,70726,Leskovac,2018,39999,RSD,RSD,A,Normal value,SORS
annual_avg_monthly_net_earnings_municipality_residence.csv,2403040403IND01,Average net earnings,net,70734,Loznica,2018,39641,RSD,RSD,A,Normal value,SORS
annual_avg_monthly_net_earnings_municipality_residence.csv,2403040403IND01,Average net earnings,net,70742,Lučani,2018,52659,RSD,RSD,A,Normal value,SORS
annual_avg_monthly_net_earnings_municipality_residence.csv,2403040403IND01,Average net earnings,net,70769,Ljig,2018,45834,RSD,RSD,A,Normal value,SORS
annual_avg_monthly_net_earnings_municipality_residence.csv,2403040403IND01,Average net earnings,net,70777,Ljubovija,2018,43717,RSD,RSD,A,Normal value,SORS
annual_avg_monthly_net_earnings_municipality_residence.csv,2403040403IND01,Average net earnings,net,70785,Majdanpek,2018,49202,RSD,RSD,A,Normal value,SORS
annual_avg_monthly_net_earnings_municipality_residence.csv,2403040403IND01,Average net earnings,net,70793,Mali Zvornik,2018,40757,RSD,RSD,A,Normal value,SORS
annual_avg_monthly_net_earnings_municipality_residence.csv,2403040403IND01,Average net earnings,net,70807,Malo Crniće,2018,39156,RSD,RSD,A,Normal value,SORS
annual_avg_monthly_net_earnings_municipality_residence.csv,2403040403IND01,Average net earnings,net,70815,Medveđa,2018,45143,RSD,RSD,A,Normal value,SORS
annual_avg_monthly_net_earnings_municipality_residence.csv,2403040403IND01,Average net earnings,net,70823,Merošina,2018,36776,RSD,RSD,A,Normal value,SORS
annual_avg_monthly_net_earnings_municipality_residence.csv,2403040403IND01,Average net earnings,net,70831,Mionica,2018,40340,RSD,RSD,A,Normal value,SORS
annual_avg_monthly_net_earnings_municipality_residence.csv,2403040403IND01,Average net earnings,net,70840,Negotin,2018,42331,RSD,RSD,A,Normal value,SORS
annual_avg_monthly_net_earnings_municipality_residence.csv,2403040403IND01,Average net earnings,net,70866,Nova Varoš,2018,40590,RSD,RSD,A,Normal value,SORS
annual_avg_monthly_net_earnings_municipality_residence.csv,2403040403IND01,Average net earnings,net,70874,Novi Pazar,2018,37440,RSD,RSD,A,Normal value,SORS
annual_avg_monthly_net_earnings_municipality_residence.csv,2403040403IND01,Average net earnings,net,70882,Osečina,2018,39402,RSD,RSD,A,Normal value,SORS
annual_avg_monthly_net_earnings_municipality_residence.csv,2403040403IND01,Average net earnings,net,70904,Paraćin,2018,40506,RSD,RSD,A,Normal value,SORS
annual_avg_monthly_net_earnings_municipality_residence.csv,2403040403IND01,Average net earnings,net,70912,Petrovac na Mlavi,2018,37585,RSD,RSD,A,Normal value,SORS
annual_avg_monthly_net_earnings_municipality_residence.csv,2403040403IND01,Average net earnings,net,70939,Pirot,2018,51968,RSD,RSD,A,Normal value,SORS
annual_avg_monthly_net_earnings_municipality_residence.csv,2403040403IND01,Average net earnings,net,70947,Požarevac,2018,50440,RSD,RSD,A,Normal value,SORS
annual_avg_monthly_net_earnings_municipality_residence.csv,2403040403IND01,Average net earnings,net,70955,Požega,2018,42438,RSD,RSD,A,Normal value,SORS
annual_avg_monthly_net_earnings_municipality_residence.csv,2403040403IND01,Average net earnings,net,70963,Preševo,2018,38280,RSD,RSD,A,Normal value,SORS
annual_avg_monthly_net_earnings_municipality_residence.csv,2403040403IND01,Average net earnings,net,70971,Priboj,2018,40306,RSD,RSD,A,Normal value,SORS
annual_avg_monthly_net_earnings_municipality_residence.csv,2403040403IND01,Average net earnings,net,70980,Prijepolje,2018,38684,RSD,RSD,A,Normal value,SORS
annual_avg_monthly_net_earnings_municipality_residence.csv,2403040403IND01,Average net earnings,net,70998,Prokuplje,2018,41068,RSD,RSD,A,Normal value,SORS
annual_avg_monthly_net_earnings_municipality_residence.csv,2403040403IND01,Average net earnings,net,71005,Ražanj,2018,36110,RSD,RSD,A,Normal value,SORS
annual_avg_monthly_net_earnings_municipality_residence.csv,2403040403IND01,Average net earnings,net,71013,Rača,2018,39917,RSD,RSD,A,Normal value,SORS
annual_avg_monthly_net_earnings_municipality_residence.csv,2403040403IND01,Average net earnings,net,71021,Raška,2018,40635,RSD,RSD,A,Normal value,SORS
annual_avg_monthly_net_earnings_municipality_residence.csv,2403040403IND01,Average net earnings,net,71030,Rekovac,2018,39554,RSD,RSD,A,Normal value,SORS
annual_avg_monthly_net_earnings_municipality_residence.csv,2403040403IND01,Average net earnings,net,71048,Jagodina,2018,40589,RSD,RSD,A,Normal value,SORS
annual_avg_monthly_net_earnings_municipality_residence.csv,2403040403IND01,Average net earnings,net,71056,Svilajnac,2018,39390,RSD,RSD,A,Normal value,SORS
annual_avg_monthly_net_earnings_municipality_residence.csv,2403040403IND01,Average net earnings,net,71064,Svrljig,2018,32152,RSD,RSD,A,Normal value,SORS
annual_avg_monthly_net_earnings_municipality_residence.csv,2403040403IND01,Average net earnings,net,71072,Sjenica,2018,41404,RSD,RSD,A,Normal value,SORS
annual_avg_monthly_net_earnings_municipality_residence.csv,2403040403IND01,Average net earnings,net,71099,Smederevo,2018,49611,RSD,RSD,A,Normal value,SORS
annual_avg_monthly_net_earnings_municipality_residence.csv,2403040403IND01,Average net earnings,net,71102,Smederevska Palanka,2018,42272,RSD,RSD,A,Normal value,SORS
annual_avg_monthly_net_earnings_municipality_residence.csv,2403040403IND01,Average net earnings,net,71129,Sokobanja,2018,41610,RSD,RSD,A,Normal value,SORS
annual_avg_monthly_net_earnings_municipality_residence.csv,2403040403IND01,Average net earnings,net,71137,Surdulica,2018,41276,RSD,RSD,A,Normal value,SORS
annual_avg_monthly_net_earnings_municipality_residence.csv,2403040403IND01,Average net earnings,net,71145,Užice,2018,47881,RSD,RSD,A,Normal value,SORS
annual_avg_monthly_net_earnings_municipality_residence.csv,2403040403IND01,Average net earnings,net,71153,Topola,2018,40056,RSD,RSD,A,Normal value,SORS
annual_avg_monthly_net_earnings_municipality_residence.csv,2403040403IND01,Average net earnings,net,71161,Trgovište,2018,40986,RSD,RSD,A,Normal value,SORS
annual_avg_monthly_net_earnings_municipality_residence.csv,2403040403IND01,Average net earnings,net,71170,Trstenik,2018,39466,RSD,RSD,A,Normal value,SORS
annual_avg_monthly_net_earnings_municipality_residence.csv,2403040403IND01,Average net earnings,net,71188,Tutin,2018,39574,RSD,RSD,A,Normal value,SORS
annual_avg_monthly_net_earnings_municipality_residence.csv,2403040403IND01,Average net earnings,net,71196,Ćićevac,2018,36751,RSD,RSD,A,Normal value,SORS
annual_avg_monthly_net_earnings_municipality_residence.csv,2403040403IND01,Average net earnings,net,71200,Ćuprija,2018,40024,RSD,RSD,A,Normal value,SORS
annual_avg_monthly_net_earnings_municipality_residence.csv,2403040403IND01,Average net earnings,net,71218,Ub,2018,46507,RSD,RSD,A,Normal value,SORS
annual_avg_monthly_net_earnings_municipality_residence.csv,2403040403IND01,Average net earnings,net,71226,Crna Trava,2018,38610,RSD,RSD,A,Normal value,SORS
annual_avg_monthly_net_earnings_municipality_residence.csv,2403040403IND01,Average net earnings,net,71234,Čajetina,2018,39020,RSD,RSD,A,Normal value,SORS
annual_avg_monthly_net_earnings_municipality_residence.csv,2403040403IND01,Average net earnings,net,71242,Čačak,2018,43260,RSD,RSD,A,Normal value,SORS
annual_avg_monthly_net_earnings_municipality_residence.csv,2403040403IND01,Average net earnings,net,71269,Šabac,2018,44150,RSD,RSD,A,Normal value,SORS
annual_avg_monthly_net_earnings_municipality_residence.csv,2403040403IND01,Average net earnings,net,71277,Lapovo,2018,40392,RSD,RSD,A,Normal value,SORS
annual_avg_monthly_net_earnings_municipality_residence.csv,2403040403IND01,Average net earnings,net,71285,Niška Banja,2018,37790,RSD,RSD,A,Normal value,SORS
annual_avg_monthly_net_earnings_municipality_residence.csv,2403040403IND01,Average net earnings,net,71293,Surčin,2018,44440,RSD,RSD,A,Normal value,SORS
annual_avg_monthly_net_earnings_municipality_residence.csv,2403040403IND01,Average net earnings,net,71307,Pantelej,2018,43416,RSD,RSD,A,Normal value,SORS
annual_avg_monthly_net_earnings_municipality_residence.csv,2403040403IND01,Average net earnings,net,71315,Crveni Krst,2018,40985,RSD,RSD,A,Normal value,SORS
annual_avg_monthly_net_earnings_municipality_residence.csv,2403040403IND01,Average net earnings,net,71323,Palilula (Niš),2018,43223,RSD,RSD,A,Normal value,SORS
annual_avg_monthly_net_earnings_municipality_residence.csv,2403040403IND01,Average net earnings,net,71331,Medijana,2018,51552,RSD,RSD,A,Normal value,SORS
annual_avg_monthly_net_earnings_municipality_residence.csv,2403040403IND01,Average net earnings,net,71340,Kostolac,2018,61956,RSD,RSD,A,Normal value,SORS
annual_avg_monthly_net_earnings_municipality_residence.csv,2403040403IND01,Average net earnings,net,71358,Vranjska Banja,2018,32135,RSD,RSD,A,Normal value,SORS
annual_avg_monthly_net_earnings_municipality_residence.csv,2403040403IND01,Average net earnings,net,71366,Sevojno,2018,48282,RSD,RSD,A,Normal value,SORS
annual_avg_monthly_net_earnings_municipality_residence.csv,2403040403IND01,Average net earnings,net,79022,Grad Niš,2018,46383,RSD,RSD,A,Normal value,SORS
annual_avg_monthly_net_earnings_municipality_residence.csv,2403040403IND01,Average net earnings,net,79049,Grad Požarevac,2018,52348,RSD,RSD,A,Normal value,SORS
annual_avg_monthly_net_earnings_municipality_residence.csv,2403040403IND01,Average net earnings,net,79057,Grad Vranje,2018,42130,RSD,RSD,A,Normal value,SORS
annual_avg_monthly_net_earnings_municipality_residence.csv,2403040403IND01,Average net earnings,net,79065,Grad Užice,2018,47892,RSD,RSD,A,Normal value,SORS
annual_avg_monthly_net_earnings_municipality_residence.csv,2403040403IND01,Average net earnings,net,80012,Ada,2018,42788,RSD,RSD,A,Normal value,SORS
annual_avg_monthly_net_earnings_municipality_residence.csv,2403040403IND01,Average net earnings,net,80039,Alibunar,2018,41884,RSD,RSD,A,Normal value,SORS
annual_avg_monthly_net_earnings_municipality_residence.csv,2403040403IND01,Average net earnings,net,80047,Apatin,2018,42627,RSD,RSD,A,Normal value,SORS
annual_avg_monthly_net_earnings_municipality_residence.csv,2403040403IND01,Average net earnings,net,80055,Bač,2018,38236,RSD,RSD,A,Normal value,SORS
annual_avg_monthly_net_earnings_municipality_residence.csv,2403040403IND01,Average net earnings,net,80063,Bačka Palanka,2018,45376,RSD,RSD,A,Normal value,SORS
annual_avg_monthly_net_earnings_municipality_residence.csv,2403040403IND01,Average net earnings,net,80071,Bačka Topola,2018,43978,RSD,RSD,A,Normal value,SORS
annual_avg_monthly_net_earnings_municipality_residence.csv,2403040403IND01,Average net earnings,net,80080,Bački Petrovac,2018,41527,RSD,RSD,A,Normal value,SORS
annual_avg_monthly_net_earnings_municipality_residence.csv,2403040403IND01,Average net earnings,net,80098,Bela Crkva,2018,40015,RSD,RSD,A,Normal value,SORS
annual_avg_monthly_net_earnings_municipality_residence.csv,2403040403IND01,Average net earnings,net,80101,Beočin,2018,43166,RSD,RSD,A,Normal value,SORS
annual_avg_monthly_net_earnings_municipality_residence.csv,2403040403IND01,Average net earnings,net,80110,Bečej,2018,43213,RSD,RSD,A,Normal value,SORS
annual_avg_monthly_net_earnings_municipality_residence.csv,2403040403IND01,Average net earnings,net,80128,Vršac,2018,51943,RSD,RSD,A,Normal value,SORS
annual_avg_monthly_net_earnings_municipality_residence.csv,2403040403IND01,Average net earnings,net,80136,Žabalj,2018,39989,RSD,RSD,A,Normal value,SORS
annual_avg_monthly_net_earnings_municipality_residence.csv,2403040403IND01,Average net earnings,net,80144,Žitište,2018,43415,RSD,RSD,A,Normal value,SORS
annual_avg_monthly_net_earnings_municipality_residence.csv,2403040403IND01,Average net earnings,net,80152,Zrenjanin,2018,48415,RSD,RSD,A,Normal value,SORS
annual_avg_monthly_net_earnings_municipality_residence.csv,2403040403IND01,Average net earnings,net,80179,Inđija,2018,45784,RSD,RSD,A,Normal value,SORS
annual_avg_monthly_net_earnings_municipality_residence.csv,2403040403IND01,Average net earnings,net,80187,Irig,2018,39714,RSD,RSD,A,Normal value,SORS
annual_avg_monthly_net_earnings_municipality_residence.csv,2403040403IND01,Average net earnings,net,80195,Kanjiža,2018,43149,RSD,RSD,A,Normal value,SORS
annual_avg_monthly_net_earnings_municipality_residence.csv,2403040403IND01,Average net earnings,net,80209,Kikinda,2018,46208,RSD,RSD,A,Normal value,SORS
annual_avg_monthly_net_earnings_municipality_residence.csv,2403040403IND01,Average net earnings,net,80217,Kovačica,2018,39727,RSD,RSD,A,Normal value,SORS
annual_avg_monthly_net_earnings_municipality_residence.csv,2403040403IND01,Average net earnings,net,80225,Kovin,2018,43489,RSD,RSD,A,Normal value,SORS
annual_avg_monthly_net_earnings_municipality_residence.csv,2403040403IND01,Average net earnings,net,80233,Kula,2018,41039,RSD,RSD,A,Normal value,SORS
annual_avg_monthly_net_earnings_municipality_residence.csv,2403040403IND01,Average net earnings,net,80241,Mali Iđoš,2018,38781,RSD,RSD,A,Normal value,SORS
annual_avg_monthly_net_earnings_municipality_residence.csv,2403040403IND01,Average net earnings,net,80250,Nova Crnja,2018,43645,RSD,RSD,A,Normal value,SORS
annual_avg_monthly_net_earnings_municipality_residence.csv,2403040403IND01,Average net earnings,net,80268,Novi Bečej,2018,40217,RSD,RSD,A,Normal value,SORS
annual_avg_monthly_net_earnings_municipality_residence.csv,2403040403IND01,Average net earnings,net,80276,Novi Kneževac,2018,41966,RSD,RSD,A,Normal value,SORS
annual_avg_monthly_net_earnings_municipality_residence.csv,2403040403IND01,Average net earnings,net,80284,Novi Sad,2018,54591,RSD,RSD,A,Normal value,SORS
annual_avg_monthly_net_earnings_municipality_residence.csv,2403040403IND01,Average net earnings,net,80292,Opovo,2018,41688,RSD,RSD,A,Normal value,SORS
annual_avg_monthly_net_earnings_municipality_residence.csv,2403040403IND01,Average net earnings,net,80306,Odžaci,2018,40925,RSD,RSD,A,Normal value,SORS
annual_avg_monthly_net_earnings_municipality_residence.csv,2403040403IND01,Average net earnings,net,80314,Pančevo,2018,49291,RSD,RSD,A,Normal value,SORS
annual_avg_monthly_net_earnings_municipality_residence.csv,2403040403IND01,Average net earnings,net,80322,Pećinci,2018,44336,RSD,RSD,A,Normal value,SORS
annual_avg_monthly_net_earnings_municipality_residence.csv,2403040403IND01,Average net earnings,net,80349,Plandište,2018,41913,RSD,RSD,A,Normal value,SORS
annual_avg_monthly_net_earnings_municipality_residence.csv,2403040403IND01,Average net earnings,net,80357,Ruma,2018,43589,RSD,RSD,A,Normal value,SORS
annual_avg_monthly_net_earnings_municipality_residence.csv,2403040403IND01,Average net earnings,net,80365,Senta,2018,45868,RSD,RSD,A,Normal value,SORS
annual_avg_monthly_net_earnings_municipality_residence.csv,2403040403IND01,Average net earnings,net,80373,Sečanj,2018,43073,RSD,RSD,A,Normal value,SORS
annual_avg_monthly_net_earnings_municipality_residence.csv,2403040403IND01,Average net earnings,net,80381,Sombor,2018,44273,RSD,RSD,A,Normal value,SORS
annual_avg_monthly_net_earnings_municipality_residence.csv,2403040403IND01,Average net earnings,net,80390,Srbobran,2018,38794,RSD,RSD,A,Normal value,SORS
annual_avg_monthly_net_earnings_municipality_residence.csv,2403040403IND01,Average net earnings,net,80403,Sremska Mitrovica,2018,46130,RSD,RSD,A,Normal value,SORS
annual_avg_monthly_net_earnings_municipality_residence.csv,2403040403IND01,Average net earnings,net,80411,Sremski Karlovci,2018,46238,RSD,RSD,A,Normal value,SORS
annual_avg_monthly_net_earnings_municipality_residence.csv,2403040403IND01,Average net earnings,net,80420,Stara Pazova,2018,44785,RSD,RSD,A,Normal value,SORS
annual_avg_monthly_net_earnings_municipality_residence.csv,2403040403IND01,Average net earnings,net,80438,Subotica,2018,46474,RSD,RSD,A,Normal value,SORS
annual_avg_monthly_net_earnings_municipality_residence.csv,2403040403IND01,Average net earnings,net,80446,Temerin,2018,42634,RSD,RSD,A,Normal value,SORS
annual_avg_monthly_net_earnings_municipality_residence.csv,2403040403IND01,Average net earnings,net,80454,Titel,2018,39123,RSD,RSD,A,Normal value,SORS
annual_avg_monthly_net_earnings_municipality_residence.csv,2403040403IND01,Average net earnings,net,80462,Vrbas,2018,42704,RSD,RSD,A,Normal value,SORS
annual_avg_monthly_net_earnings_municipality_residence.csv,2403040403IND01,Average net earnings,net,80489,Čoka,2018,40903,RSD,RSD,A,Normal value,SORS
annual_avg_monthly_net_earnings_municipality_residence.csv,2403040403IND01,Average net earnings,net,80497,Šid,2018,40783,RSD,RSD,A,Normal value,SORS
annual_avg_monthly_net_earnings_municipality_residence.csv,2403040403IND01,Average net earnings,net,80519,Petrovaradin,2018,44811,RSD,RSD,A,Normal value,SORS
annual_avg_monthly_net_earnings_municipality_residence.csv,2403040403IND01,Average net earnings,net,89010,Grad Novi Sad,2018,54075,RSD,RSD,A,Normal value,SORS
annual_avg_monthly_net_earnings_municipality_residence.csv,2403040403IND01,Average net earnings,net,RS,REPUBLIC OF SERBIA,2018,49650,RSD,RSD,A,Normal value,SORS
annual_avg_monthly_net_earnings_municipality_residence.csv,2403040403IND01,Average net earnings,net,RS1,SRBIJA – SEVER,2018,54215,RSD,RSD,A,Normal value,SORS
annual_avg_monthly_net_earnings_municipality_residence.csv,2403040403IND01,Average net earnings,net,RS11,Beogradski region,2018,60689,RSD,RSD,A,Normal value,SORS
annual_avg_monthly_net_earnings_municipality_residence.csv,2403040403IND01,Average net earnings,net,RS110,Beogradska oblast,2018,60689,RSD,RSD,A,Normal value,SORS
annual_avg_monthly_net_earnings_municipality_residence.csv,2403040403IND01,Average net earnings,net,RS12,Region Vojvodine,2018,47095,RSD,RSD,A,Normal value,SORS
annual_avg_monthly_net_earnings_municipality_residence.csv,2403040403IND01,Average net earnings,net,RS121,Zapadnobačka oblast,2018,42756,RSD,RSD,A,Normal value,SORS
annual_avg_monthly_net_earnings_municipality_residence.csv,2403040403IND01,Average net earnings,net,RS122,Južnobanatska oblast,2018,47510,RSD,RSD,A,Normal value,SORS
annual_avg_monthly_net_earnings_municipality_residence.csv,2403040403IND01,Average net earnings,net,RS123,Južnobačka oblast,2018,49930,RSD,RSD,A,Normal value,SORS
annual_avg_monthly_net_earnings_municipality_residence.csv,2403040403IND01,Average net earnings,net,RS124,Severnobanatska oblast,2018,44696,RSD,RSD,A,Normal value,SORS
annual_avg_monthly_net_earnings_municipality_residence.csv,2403040403IND01,Average net earnings,net,RS125,Severnobačka oblast,2018,45723,RSD,RSD,A,Normal value,SORS
annual_avg_monthly_net_earnings_municipality_residence.csv,2403040403IND01,Average net earnings,net,RS126,Srednjobanatska oblast,2018,46753,RSD,RSD,A,Normal value,SORS
annual_avg_monthly_net_earnings_municipality_residence.csv,2403040403IND01,Average net earnings,net,RS127,Sremska oblast,2018,44565,RSD,RSD,A,Normal value,SORS
annual_avg_monthly_net_earnings_municipality_residence.csv,2403040403IND01,Average net earnings,net,RS2,SRBIJA – JUG,2018,43479,RSD,RSD,A,Normal value,SORS
annual_avg_monthly_net_earnings_municipality_residence.csv,2403040403IND01,Average net earnings,net,RS21,Region Šumadije i Zapadne Srbije,2018,42963,RSD,RSD,A,Normal value,SORS
annual_avg_monthly_net_earnings_municipality_residence.csv,2403040403IND01,Average net earnings,net,RS211,Zlatiborska oblast,2018,43006,RSD,RSD,A,Normal value,SORS
annual_avg_monthly_net_earnings_municipality_residence.csv,2403040403IND01,Average net earnings,net,RS212,Kolubarska oblast,2018,45881,RSD,RSD,A,Normal value,SORS
annual_avg_monthly_net_earnings_municipality_residence.csv,2403040403IND01,Average net earnings,net,RS213,Mačvanska oblast,2018,41697,RSD,RSD,A,Normal value,SORS
annual_avg_monthly_net_earnings_municipality_residence.csv,2403040403IND01,Average net earnings,net,RS214,Moravička oblast,2018,43817,RSD,RSD,A,Normal value,SORS
annual_avg_monthly_net_earnings_municipality_residence.csv,2403040403IND01,Average net earnings,net,RS215,Pomoravska oblast,2018,40620,RSD,RSD,A,Normal value,SORS
annual_avg_monthly_net_earnings_municipality_residence.csv,2403040403IND01,Average net earnings,net,RS216,Rasinska oblast,2018,41083,RSD,RSD,A,Normal value,SORS
annual_avg_monthly_net_earnings_municipality_residence.csv,2403040403IND01,Average net earnings,net,RS217,Raška oblast,2018,40569,RSD,RSD,A,Normal value,SORS
annual_avg_monthly_net_earnings_municipality_residence.csv,2403040403IND01,Average net earnings,net,RS218,Šumadijska oblast,2018,46279,RSD,RSD,A,Normal value,SORS
annual_avg_monthly_net_earnings_municipality_residence.csv,2403040403IND01,Average net earnings,net,RS22,Region Južne i Istočne Srbije,2018,44130,RSD,RSD,A,Normal value,SORS
annual_avg_monthly_net_earnings_municipality_residence.csv,2403040403IND01,Average net earnings,net,RS221,Borska oblast,2018,48637,RSD,RSD,A,Normal value,SORS
annual_avg_monthly_net_earnings_municipality_residence.csv,2403040403IND01,Average net earnings,net,RS222,Braničevska oblast,2018,47053,RSD,RSD,A,Normal value,SORS
annual_avg_monthly_net_earnings_municipality_residence.csv,2403040403IND01,Average net earnings,net,RS223,Zaječarska oblast,2018,41809,RSD,RSD,A,Normal value,SORS
annual_avg_monthly_net_earnings_municipality_residence.csv,2403040403IND01,Average net earnings,net,RS224,Jablanička oblast,2018,39191,RSD,RSD,A,Normal value,SORS
annual_avg_monthly_net_earnings_municipality_residence.csv,2403040403IND01,Average net earnings,net,RS225,Nišavska oblast,2018,44593,RSD,RSD,A,Normal value,SORS
annual_avg_monthly_net_earnings_municipality_residence.csv,2403040403IND01,Average net earnings,net,RS226,Pirotska oblast,2018,48204,RSD,RSD,A,Normal value,SORS
annual_avg_monthly_net_earnings_municipality_residence.csv,2403040403IND01,Average net earnings,net,RS227,Podunavska oblast,2018,46598,RSD,RSD,A,Normal value,SORS
annual_avg_monthly_net_earnings_municipality_residence.csv,2403040403IND01,Average net earnings,net,RS228,Pčinjska oblast,2018,41020,RSD,RSD,A,Normal value,SORS
annual_avg_monthly_net_earnings_municipality_residence.csv,2403040403IND01,Average net earnings,net,RS229,Toplička oblast,2018,40418,RSD,RSD,A,Normal value,SORS
annual_avg_monthly_net_earnings_municipality_residence.csv,2403040403IND01,Average net earnings,net,70017,Aleksandrovac,2019,42030,RSD,RSD,A,Normal value,SORS
annual_avg_monthly_net_earnings_municipality_residence.csv,2403040403IND01,Average net earnings,net,70025,Aleksinac,2019,44304,RSD,RSD,A,Normal value,SORS
annual_avg_monthly_net_earnings_municipality_residence.csv,2403040403IND01,Average net earnings,net,70033,Aranđelovac,2019,48469,RSD,RSD,A,Normal value,SORS
annual_avg_monthly_net_earnings_municipality_residence.csv,2403040403IND01,Average net earnings,net,70041,Arilje,2019,40443,RSD,RSD,A,Normal value,SORS
annual_avg_monthly_net_earnings_municipality_residence.csv,2403040403IND01,Average net earnings,net,70050,Babušnica,2019,44055,RSD,RSD,A,Normal value,SORS
annual_avg_monthly_net_earnings_municipality_residence.csv,2403040403IND01,Average net earnings,net,70068,Bajina Bašta,2019,42973,RSD,RSD,A,Normal value,SORS
annual_avg_monthly_net_earnings_municipality_residence.csv,2403040403IND01,Average net earnings,net,70076,Batočina,2019,42890,RSD,RSD,A,Normal value,SORS
annual_avg_monthly_net_earnings_municipality_residence.csv,2403040403IND01,Average net earnings,net,70084,Bela Palanka,2019,41255,RSD,RSD,A,Normal value,SORS
annual_avg_monthly_net_earnings_municipality_residence.csv,2403040403IND01,Average net earnings,net,70092,Barajevo,2019,47561,RSD,RSD,A,Normal value,SORS
annual_avg_monthly_net_earnings_municipality_residence.csv,2403040403IND01,Average net earnings,net,70106,Voždovac,2019,70177,RSD,RSD,A,Normal value,SORS
annual_avg_monthly_net_earnings_municipality_residence.csv,2403040403IND01,Average net earnings,net,70114,Vračar,2019,91171,RSD,RSD,A,Normal value,SORS
annual_avg_monthly_net_earnings_municipality_residence.csv,2403040403IND01,Average net earnings,net,70122,Grocka,2019,47557,RSD,RSD,A,Normal value,SORS
annual_avg_monthly_net_earnings_municipality_residence.csv,2403040403IND01,Average net earnings,net,70149,Zvezdara,2019,69900,RSD,RSD,A,Normal value,SORS
annual_avg_monthly_net_earnings_municipality_residence.csv,2403040403IND01,Average net earnings,net,70157,Zemun,2019,62276,RSD,RSD,A,Normal value,SORS
annual_avg_monthly_net_earnings_municipality_residence.csv,2403040403IND01,Average net earnings,net,70165,Lazarevac,2019,69489,RSD,RSD,A,Normal value,SORS
annual_avg_monthly_net_earnings_municipality_residence.csv,2403040403IND01,Average net earnings,net,70173,Mladenovac,2019,46172,RSD,RSD,A,Normal value,SORS
annual_avg_monthly_net_earnings_municipality_residence.csv,2403040403IND01,Average net earnings,net,70181,Novi Beograd,2019,87141,RSD,RSD,A,Normal value,SORS
annual_avg_monthly_net_earnings_municipality_residence.csv,2403040403IND01,Average net earnings,net,70190,Obrenovac,2019,55680,RSD,RSD,A,Normal value,SORS
annual_avg_monthly_net_earnings_municipality_residence.csv,2403040403IND01,Average net earnings,net,70203,Palilula (Beograd),2019,60948,RSD,RSD,A,Normal value,SORS
annual_avg_monthly_net_earnings_municipality_residence.csv,2403040403IND01,Average net earnings,net,70211,Rakovica,2019,61876,RSD,RSD,A,Normal value,SORS
annual_avg_monthly_net_earnings_municipality_residence.csv,2403040403IND01,Average net earnings,net,70220,Savski venac,2019,79803,RSD,RSD,A,Normal value,SORS
annual_avg_monthly_net_earnings_municipality_residence.csv,2403040403IND01,Average net earnings,net,70238,Sopot,2019,45772,RSD,RSD,A,Normal value,SORS
annual_avg_monthly_net_earnings_municipality_residence.csv,2403040403IND01,Average net earnings,net,70246,Stari grad,2019,86741,RSD,RSD,A,Normal value,SORS
annual_avg_monthly_net_earnings_municipality_residence.csv,2403040403IND01,Average net earnings,net,70254,Čukarica,2019,65722,RSD,RSD,A,Normal value,SORS
annual_avg_monthly_net_earnings_municipality_residence.csv,2403040403IND01,Average net earnings,net,70262,Blace,2019,41076,RSD,RSD,A,Normal value,SORS
annual_avg_monthly_net_earnings_municipality_residence.csv,2403040403IND01,Average net earnings,net,70289,Bogatić,2019,42610,RSD,RSD,A,Normal value,SORS
annual_avg_monthly_net_earnings_municipality_residence.csv,2403040403IND01,Average net earnings,net,70297,Bojnik,2019,38095,RSD,RSD,A,Normal value,SORS
annual_avg_monthly_net_earnings_municipality_residence.csv,2403040403IND01,Average net earnings,net,70319,Boljevac,2019,47070,RSD,RSD,A,Normal value,SORS
annual_avg_monthly_net_earnings_municipality_residence.csv,2403040403IND01,Average net earnings,net,70327,Bor,2019,61031,RSD,RSD,A,Normal value,SORS
annual_avg_monthly_net_earnings_municipality_residence.csv,2403040403IND01,Average net earnings,net,70335,Bosilegrad,2019,42638,RSD,RSD,A,Normal value,SORS
annual_avg_monthly_net_earnings_municipality_residence.csv,2403040403IND01,Average net earnings,net,70343,Brus,2019,41739,RSD,RSD,A,Normal value,SORS
annual_avg_monthly_net_earnings_municipality_residence.csv,2403040403IND01,Average net earnings,net,70351,Bujanovac,2019,40916,RSD,RSD,A,Normal value,SORS
annual_avg_monthly_net_earnings_municipality_residence.csv,2403040403IND01,Average net earnings,net,70360,Valjevo,2019,48673,RSD,RSD,A,Normal value,SORS
annual_avg_monthly_net_earnings_municipality_residence.csv,2403040403IND01,Average net earnings,net,70378,Varvarin,2019,39155,RSD,RSD,A,Normal value,SORS
annual_avg_monthly_net_earnings_municipality_residence.csv,2403040403IND01,Average net earnings,net,70386,Velika Plana,2019,48562,RSD,RSD,A,Normal value,SORS
annual_avg_monthly_net_earnings_municipality_residence.csv,2403040403IND01,Average net earnings,net,70394,Veliko Gradište,2019,42448,RSD,RSD,A,Normal value,SORS
annual_avg_monthly_net_earnings_municipality_residence.csv,2403040403IND01,Average net earnings,net,70408,Vladimirci,2019,41889,RSD,RSD,A,Normal value,SORS
annual_avg_monthly_net_earnings_municipality_residence.csv,2403040403IND01,Average net earnings,net,70416,Vladičin Han,2019,44686,RSD,RSD,A,Normal value,SORS
annual_avg_monthly_net_earnings_municipality_residence.csv,2403040403IND01,Average net earnings,net,70424,Vlasotince,2019,38004,RSD,RSD,A,Normal value,SORS
annual_avg_monthly_net_earnings_municipality_residence.csv,2403040403IND01,Average net earnings,net,70432,Vranje,2019,46133,RSD,RSD,A,Normal value,SORS
annual_avg_monthly_net_earnings_municipality_residence.csv,2403040403IND01,Average net earnings,net,70459,Vrnjačka Banja,2019,41802,RSD,RSD,A,Normal value,SORS
annual_avg_monthly_net_earnings_municipality_residence.csv,2403040403IND01,Average net earnings,net,70467,Gadžin Han,2019,37734,RSD,RSD,A,Normal value,SORS
annual_avg_monthly_net_earnings_municipality_residence.csv,2403040403IND01,Average net earnings,net,70475,Golubac,2019,42694,RSD,RSD,A,Normal value,SORS
annual_avg_monthly_net_earnings_municipality_residence.csv,2403040403IND01,Average net earnings,net,70483,Gornji Milanovac,2019,50012,RSD,RSD,A,Normal value,SORS
annual_avg_monthly_net_earnings_municipality_residence.csv,2403040403IND01,Average net earnings,net,70491,Despotovac,2019,48288,RSD,RSD,A,Normal value,SORS
annual_avg_monthly_net_earnings_municipality_residence.csv,2403040403IND01,Average net earnings,net,70505,Dimitrovgrad,2019,41716,RSD,RSD,A,Normal value,SORS
annual_avg_monthly_net_earnings_municipality_residence.csv,2403040403IND01,Average net earnings,net,70513,Doljevac,2019,40416,RSD,RSD,A,Normal value,SORS
annual_avg_monthly_net_earnings_municipality_residence.csv,2403040403IND01,Average net earnings,net,70521,Žabari,2019,40189,RSD,RSD,A,Normal value,SORS
annual_avg_monthly_net_earnings_municipality_residence.csv,2403040403IND01,Average net earnings,net,70530,Žagubica,2019,45121,RSD,RSD,A,Normal value,SORS
annual_avg_monthly_net_earnings_municipality_residence.csv,2403040403IND01,Average net earnings,net,70548,Žitorađa,2019,42543,RSD,RSD,A,Normal value,SORS
annual_avg_monthly_net_earnings_municipality_residence.csv,2403040403IND01,Average net earnings,net,70556,Zaječar,2019,48144,RSD,RSD,A,Normal value,SORS
annual_avg_monthly_net_earnings_municipality_residence.csv,2403040403IND01,Average net earnings,net,70564,Ivanjica,2019,40027,RSD,RSD,A,Normal value,SORS
annual_avg_monthly_net_earnings_municipality_residence.csv,2403040403IND01,Average net earnings,net,70572,Kladovo,2019,49529,RSD,RSD,A,Normal value,SORS
annual_avg_monthly_net_earnings_municipality_residence.csv,2403040403IND01,Average net earnings,net,70599,Knić,2019,44963,RSD,RSD,A,Normal value,SORS
annual_avg_monthly_net_earnings_municipality_residence.csv,2403040403IND01,Average net earnings,net,70602,Knjaževac,2019,41141,RSD,RSD,A,Normal value,SORS
annual_avg_monthly_net_earnings_municipality_residence.csv,2403040403IND01,Average net earnings,net,70629,Kosjerić,2019,46909,RSD,RSD,A,Normal value,SORS
annual_avg_monthly_net_earnings_municipality_residence.csv,2403040403IND01,Average net earnings,net,70637,Koceljeva,2019,42194,RSD,RSD,A,Normal value,SORS
annual_avg_monthly_net_earnings_municipality_residence.csv,2403040403IND01,Average net earnings,net,70645,Kragujevac,2019,52453,RSD,RSD,A,Normal value,SORS
annual_avg_monthly_net_earnings_municipality_residence.csv,2403040403IND01,Average net earnings,net,70653,Kraljevo,2019,46449,RSD,RSD,A,Normal value,SORS
annual_avg_monthly_net_earnings_municipality_residence.csv,2403040403IND01,Average net earnings,net,70661,Krupanj,2019,39984,RSD,RSD,A,Normal value,SORS
annual_avg_monthly_net_earnings_municipality_residence.csv,2403040403IND01,Average net earnings,net,70670,Kruševac,2019,46616,RSD,RSD,A,Normal value,SORS
annual_avg_monthly_net_earnings_municipality_residence.csv,2403040403IND01,Average net earnings,net,70688,Kuršumlija,2019,44867,RSD,RSD,A,Normal value,SORS
annual_avg_monthly_net_earnings_municipality_residence.csv,2403040403IND01,Average net earnings,net,70696,Kučevo,2019,42690,RSD,RSD,A,Normal value,SORS
annual_avg_monthly_net_earnings_municipality_residence.csv,2403040403IND01,Average net earnings,net,70700,Lajkovac,2019,64369,RSD,RSD,A,Normal value,SORS
annual_avg_monthly_net_earnings_municipality_residence.csv,2403040403IND01,Average net earnings,net,70718,Lebane,2019,40377,RSD,RSD,A,Normal value,SORS
annual_avg_monthly_net_earnings_municipality_residence.csv,2403040403IND01,Average net earnings,net,70726,Leskovac,2019,43619,RSD,RSD,A,Normal value,SORS
annual_avg_monthly_net_earnings_municipality_residence.csv,2403040403IND01,Average net earnings,net,70734,Loznica,2019,43526,RSD,RSD,A,Normal value,SORS
annual_avg_monthly_net_earnings_municipality_residence.csv,2403040403IND01,Average net earnings,net,70742,Lučani,2019,55256,RSD,RSD,A,Normal value,SORS
annual_avg_monthly_net_earnings_municipality_residence.csv,2403040403IND01,Average net earnings,net,70769,Ljig,2019,49497,RSD,RSD,A,Normal value,SORS
annual_avg_monthly_net_earnings_municipality_residence.csv,2403040403IND01,Average net earnings,net,70777,Ljubovija,2019,46440,RSD,RSD,A,Normal value,SORS
annual_avg_monthly_net_earnings_municipality_residence.csv,2403040403IND01,Average net earnings,net,70785,Majdanpek,2019,56716,RSD,RSD,A,Normal value,SORS
annual_avg_monthly_net_earnings_municipality_residence.csv,2403040403IND01,Average net earnings,net,70793,Mali Zvornik,2019,44622,RSD,RSD,A,Normal value,SORS
annual_avg_monthly_net_earnings_municipality_residence.csv,2403040403IND01,Average net earnings,net,70807,Malo Crniće,2019,42647,RSD,RSD,A,Normal value,SORS
annual_avg_monthly_net_earnings_municipality_residence.csv,2403040403IND01,Average net earnings,net,70815,Medveđa,2019,48238,RSD,RSD,A,Normal value,SORS
annual_avg_monthly_net_earnings_municipality_residence.csv,2403040403IND01,Average net earnings,net,70823,Merošina,2019,40109,RSD,RSD,A,Normal value,SORS
annual_avg_monthly_net_earnings_municipality_residence.csv,2403040403IND01,Average net earnings,net,70831,Mionica,2019,43449,RSD,RSD,A,Normal value,SORS
annual_avg_monthly_net_earnings_municipality_residence.csv,2403040403IND01,Average net earnings,net,70840,Negotin,2019,46221,RSD,RSD,A,Normal value,SORS
annual_avg_monthly_net_earnings_municipality_residence.csv,2403040403IND01,Average net earnings,net,70866,Nova Varoš,2019,44300,RSD,RSD,A,Normal value,SORS
annual_avg_monthly_net_earnings_municipality_residence.csv,2403040403IND01,Average net earnings,net,70874,Novi Pazar,2019,41302,RSD,RSD,A,Normal value,SORS
annual_avg_monthly_net_earnings_municipality_residence.csv,2403040403IND01,Average net earnings,net,70882,Osečina,2019,42053,RSD,RSD,A,Normal value,SORS
annual_avg_monthly_net_earnings_municipality_residence.csv,2403040403IND01,Average net earnings,net,70904,Paraćin,2019,45065,RSD,RSD,A,Normal value,SORS
annual_avg_monthly_net_earnings_municipality_residence.csv,2403040403IND01,Average net earnings,net,70912,Petrovac na Mlavi,2019,41442,RSD,RSD,A,Normal value,SORS
annual_avg_monthly_net_earnings_municipality_residence.csv,2403040403IND01,Average net earnings,net,70939,Pirot,2019,54134,RSD,RSD,A,Normal value,SORS
annual_avg_monthly_net_earnings_municipality_residence.csv,2403040403IND01,Average net earnings,net,70947,Požarevac,2019,55174,RSD,RSD,A,Normal value,SORS
annual_avg_monthly_net_earnings_municipality_residence.csv,2403040403IND01,Average net earnings,net,70955,Požega,2019,46414,RSD,RSD,A,Normal value,SORS
annual_avg_monthly_net_earnings_municipality_residence.csv,2403040403IND01,Average net earnings,net,70963,Preševo,2019,40687,RSD,RSD,A,Normal value,SORS
annual_avg_monthly_net_earnings_municipality_residence.csv,2403040403IND01,Average net earnings,net,70971,Priboj,2019,44395,RSD,RSD,A,Normal value,SORS
annual_avg_monthly_net_earnings_municipality_residence.csv,2403040403IND01,Average net earnings,net,70980,Prijepolje,2019,42067,RSD,RSD,A,Normal value,SORS
annual_avg_monthly_net_earnings_municipality_residence.csv,2403040403IND01,Average net earnings,net,70998,Prokuplje,2019,45805,RSD,RSD,A,Normal value,SORS
annual_avg_monthly_net_earnings_municipality_residence.csv,2403040403IND01,Average net earnings,net,71005,Ražanj,2019,39351,RSD,RSD,A,Normal value,SORS
annual_avg_monthly_net_earnings_municipality_residence.csv,2403040403IND01,Average net earnings,net,71013,Rača,2019,44522,RSD,RSD,A,Normal value,SORS
annual_avg_monthly_net_earnings_municipality_residence.csv,2403040403IND01,Average net earnings,net,71021,Raška,2019,44363,RSD,RSD,A,Normal value,SORS
annual_avg_monthly_net_earnings_municipality_residence.csv,2403040403IND01,Average net earnings,net,71030,Rekovac,2019,42858,RSD,RSD,A,Normal value,SORS
annual_avg_monthly_net_earnings_municipality_residence.csv,2403040403IND01,Average net earnings,net,71048,Jagodina,2019,44225,RSD,RSD,A,Normal value,SORS
annual_avg_monthly_net_earnings_municipality_residence.csv,2403040403IND01,Average net earnings,net,71056,Svilajnac,2019,43283,RSD,RSD,A,Normal value,SORS
annual_avg_monthly_net_earnings_municipality_residence.csv,2403040403IND01,Average net earnings,net,71064,Svrljig,2019,36359,RSD,RSD,A,Normal value,SORS
annual_avg_monthly_net_earnings_municipality_residence.csv,2403040403IND01,Average net earnings,net,71072,Sjenica,2019,44511,RSD,RSD,A,Normal value,SORS
annual_avg_monthly_net_earnings_municipality_residence.csv,2403040403IND01,Average net earnings,net,71099,Smederevo,2019,53511,RSD,RSD,A,Normal value,SORS
annual_avg_monthly_net_earnings_municipality_residence.csv,2403040403IND01,Average net earnings,net,71102,Smederevska Palanka,2019,46319,RSD,RSD,A,Normal value,SORS
annual_avg_monthly_net_earnings_municipality_residence.csv,2403040403IND01,Average net earnings,net,71129,Sokobanja,2019,45794,RSD,RSD,A,Normal value,SORS
annual_avg_monthly_net_earnings_municipality_residence.csv,2403040403IND01,Average net earnings,net,71137,Surdulica,2019,45087,RSD,RSD,A,Normal value,SORS
annual_avg_monthly_net_earnings_municipality_residence.csv,2403040403IND01,Average net earnings,net,71145,Užice,2019,52320,RSD,RSD,A,Normal value,SORS
annual_avg_monthly_net_earnings_municipality_residence.csv,2403040403IND01,Average net earnings,net,71153,Topola,2019,43414,RSD,RSD,A,Normal value,SORS
annual_avg_monthly_net_earnings_municipality_residence.csv,2403040403IND01,Average net earnings,net,71161,Trgovište,2019,43405,RSD,RSD,A,Normal value,SORS
annual_avg_monthly_net_earnings_municipality_residence.csv,2403040403IND01,Average net earnings,net,71170,Trstenik,2019,42501,RSD,RSD,A,Normal value,SORS
annual_avg_monthly_net_earnings_municipality_residence.csv,2403040403IND01,Average net earnings,net,71188,Tutin,2019,43082,RSD,RSD,A,Normal value,SORS
annual_avg_monthly_net_earnings_municipality_residence.csv,2403040403IND01,Average net earnings,net,71196,Ćićevac,2019,41304,RSD,RSD,A,Normal value,SORS
annual_avg_monthly_net_earnings_municipality_residence.csv,2403040403IND01,Average net earnings,net,71200,Ćuprija,2019,44359,RSD,RSD,A,Normal value,SORS
annual_avg_monthly_net_earnings_municipality_residence.csv,2403040403IND01,Average net earnings,net,71218,Ub,2019,50527,RSD,RSD,A,Normal value,SORS
annual_avg_monthly_net_earnings_municipality_residence.csv,2403040403IND01,Average net earnings,net,71226,Crna Trava,2019,41700,RSD,RSD,A,Normal value,SORS
annual_avg_monthly_net_earnings_municipality_residence.csv,2403040403IND01,Average net earnings,net,71234,Čajetina,2019,42620,RSD,RSD,A,Normal value,SORS
annual_avg_monthly_net_earnings_municipality_residence.csv,2403040403IND01,Average net earnings,net,71242,Čačak,2019,46794,RSD,RSD,A,Normal value,SORS
annual_avg_monthly_net_earnings_municipality_residence.csv,2403040403IND01,Average net earnings,net,71269,Šabac,2019,48586,RSD,RSD,A,Normal value,SORS
annual_avg_monthly_net_earnings_municipality_residence.csv,2403040403IND01,Average net earnings,net,71277,Lapovo,2019,43868,RSD,RSD,A,Normal value,SORS
annual_avg_monthly_net_earnings_municipality_residence.csv,2403040403IND01,Average net earnings,net,71285,Niška Banja,2019,41898,RSD,RSD,A,Normal value,SORS
annual_avg_monthly_net_earnings_municipality_residence.csv,2403040403IND01,Average net earnings,net,71293,Surčin,2019,48691,RSD,RSD,A,Normal value,SORS
annual_avg_monthly_net_earnings_municipality_residence.csv,2403040403IND01,Average net earnings,net,71307,Pantelej,2019,47659,RSD,RSD,A,Normal value,SORS
annual_avg_monthly_net_earnings_municipality_residence.csv,2403040403IND01,Average net earnings,net,71315,Crveni Krst,2019,45111,RSD,RSD,A,Normal value,SORS
annual_avg_monthly_net_earnings_municipality_residence.csv,2403040403IND01,Average net earnings,net,71323,Palilula (Niš),2019,47922,RSD,RSD,A,Normal value,SORS
annual_avg_monthly_net_earnings_municipality_residence.csv,2403040403IND01,Average net earnings,net,71331,Medijana,2019,56426,RSD,RSD,A,Normal value,SORS
annual_avg_monthly_net_earnings_municipality_residence.csv,2403040403IND01,Average net earnings,net,71340,Kostolac,2019,67599,RSD,RSD,A,Normal value,SORS
annual_avg_monthly_net_earnings_municipality_residence.csv,2403040403IND01,Average net earnings,net,71358,Vranjska Banja,2019,38709,RSD,RSD,A,Normal value,SORS
annual_avg_monthly_net_earnings_municipality_residence.csv,2403040403IND01,Average net earnings,net,71366,Sevojno,2019,48786,RSD,RSD,A,Normal value,SORS
annual_avg_monthly_net_earnings_municipality_residence.csv,2403040403IND01,Average net earnings,net,79022,Grad Niš,2019,51009,RSD,RSD,A,Normal value,SORS
annual_avg_monthly_net_earnings_municipality_residence.csv,2403040403IND01,Average net earnings,net,79049,Grad Požarevac,2019,57150,RSD,RSD,A,Normal value,SORS
annual_avg_monthly_net_earnings_municipality_residence.csv,2403040403IND01,Average net earnings,net,79057,Grad Vranje,2019,45969,RSD,RSD,A,Normal value,SORS
annual_avg_monthly_net_earnings_municipality_residence.csv,2403040403IND01,Average net earnings,net,79065,Grad Užice,2019,52211,RSD,RSD,A,Normal value,SORS
annual_avg_monthly_net_earnings_municipality_residence.csv,2403040403IND01,Average net earnings,net,80012,Ada,2019,47466,RSD,RSD,A,Normal value,SORS
annual_avg_monthly_net_earnings_municipality_residence.csv,2403040403IND01,Average net earnings,net,80039,Alibunar,2019,44870,RSD,RSD,A,Normal value,SORS
annual_avg_monthly_net_earnings_municipality_residence.csv,2403040403IND01,Average net earnings,net,80047,Apatin,2019,47593,RSD,RSD,A,Normal value,SORS
annual_avg_monthly_net_earnings_municipality_residence.csv,2403040403IND01,Average net earnings,net,80055,Bač,2019,41795,RSD,RSD,A,Normal value,SORS
annual_avg_monthly_net_earnings_municipality_residence.csv,2403040403IND01,Average net earnings,net,80063,Bačka Palanka,2019,49233,RSD,RSD,A,Normal value,SORS
annual_avg_monthly_net_earnings_municipality_residence.csv,2403040403IND01,Average net earnings,net,80071,Bačka Topola,2019,47807,RSD,RSD,A,Normal value,SORS
annual_avg_monthly_net_earnings_municipality_residence.csv,2403040403IND01,Average net earnings,net,80080,Bački Petrovac,2019,45208,RSD,RSD,A,Normal value,SORS
annual_avg_monthly_net_earnings_municipality_residence.csv,2403040403IND01,Average net earnings,net,80098,Bela Crkva,2019,43471,RSD,RSD,A,Normal value,SORS
annual_avg_monthly_net_earnings_municipality_residence.csv,2403040403IND01,Average net earnings,net,80101,Beočin,2019,47089,RSD,RSD,A,Normal value,SORS
annual_avg_monthly_net_earnings_municipality_residence.csv,2403040403IND01,Average net earnings,net,80110,Bečej,2019,47062,RSD,RSD,A,Normal value,SORS
annual_avg_monthly_net_earnings_municipality_residence.csv,2403040403IND01,Average net earnings,net,80128,Vršac,2019,56456,RSD,RSD,A,Normal value,SORS
annual_avg_monthly_net_earnings_municipality_residence.csv,2403040403IND01,Average net earnings,net,80136,Žabalj,2019,43688,RSD,RSD,A,Normal value,SORS
annual_avg_monthly_net_earnings_municipality_residence.csv,2403040403IND01,Average net earnings,net,80144,Žitište,2019,46632,RSD,RSD,A,Normal value,SORS
annual_avg_monthly_net_earnings_municipality_residence.csv,2403040403IND01,Average net earnings,net,80152,Zrenjanin,2019,52719,RSD,RSD,A,Normal value,SORS
annual_avg_monthly_net_earnings_municipality_residence.csv,2403040403IND01,Average net earnings,net,80179,Inđija,2019,49953,RSD,RSD,A,Normal value,SORS
annual_avg_monthly_net_earnings_municipality_residence.csv,2403040403IND01,Average net earnings,net,80187,Irig,2019,43688,RSD,RSD,A,Normal value,SORS
annual_avg_monthly_net_earnings_municipality_residence.csv,2403040403IND01,Average net earnings,net,80195,Kanjiža,2019,46464,RSD,RSD,A,Normal value,SORS
annual_avg_monthly_net_earnings_municipality_residence.csv,2403040403IND01,Average net earnings,net,80209,Kikinda,2019,50648,RSD,RSD,A,Normal value,SORS
annual_avg_monthly_net_earnings_municipality_residence.csv,2403040403IND01,Average net earnings,net,80217,Kovačica,2019,42716,RSD,RSD,A,Normal value,SORS
annual_avg_monthly_net_earnings_municipality_residence.csv,2403040403IND01,Average net earnings,net,80225,Kovin,2019,52129,RSD,RSD,A,Normal value,SORS
annual_avg_monthly_net_earnings_municipality_residence.csv,2403040403IND01,Average net earnings,net,80233,Kula,2019,44662,RSD,RSD,A,Normal value,SORS
annual_avg_monthly_net_earnings_municipality_residence.csv,2403040403IND01,Average net earnings,net,80241,Mali Iđoš,2019,42151,RSD,RSD,A,Normal value,SORS
annual_avg_monthly_net_earnings_municipality_residence.csv,2403040403IND01,Average net earnings,net,80250,Nova Crnja,2019,47640,RSD,RSD,A,Normal value,SORS
annual_avg_monthly_net_earnings_municipality_residence.csv,2403040403IND01,Average net earnings,net,80268,Novi Bečej,2019,44563,RSD,RSD,A,Normal value,SORS
annual_avg_monthly_net_earnings_municipality_residence.csv,2403040403IND01,Average net earnings,net,80276,Novi Kneževac,2019,46460,RSD,RSD,A,Normal value,SORS
annual_avg_monthly_net_earnings_municipality_residence.csv,2403040403IND01,Average net earnings,net,80292,Opovo,2019,45226,RSD,RSD,A,Normal value,SORS
annual_avg_monthly_net_earnings_municipality_residence.csv,2403040403IND01,Average net earnings,net,80306,Odžaci,2019,44848,RSD,RSD,A,Normal value,SORS
annual_avg_monthly_net_earnings_municipality_residence.csv,2403040403IND01,Average net earnings,net,80314,Pančevo,2019,54134,RSD,RSD,A,Normal value,SORS
annual_avg_monthly_net_earnings_municipality_residence.csv,2403040403IND01,Average net earnings,net,80322,Pećinci,2019,48559,RSD,RSD,A,Normal value,SORS
annual_avg_monthly_net_earnings_municipality_residence.csv,2403040403IND01,Average net earnings,net,80349,Plandište,2019,45741,RSD,RSD,A,Normal value,SORS
annual_avg_monthly_net_earnings_municipality_residence.csv,2403040403IND01,Average net earnings,net,80357,Ruma,2019,48074,RSD,RSD,A,Normal value,SORS
annual_avg_monthly_net_earnings_municipality_residence.csv,2403040403IND01,Average net earnings,net,80365,Senta,2019,51327,RSD,RSD,A,Normal value,SORS
annual_avg_monthly_net_earnings_municipality_residence.csv,2403040403IND01,Average net earnings,net,80373,Sečanj,2019,46396,RSD,RSD,A,Normal value,SORS
annual_avg_monthly_net_earnings_municipality_residence.csv,2403040403IND01,Average net earnings,net,80381,Sombor,2019,48562,RSD,RSD,A,Normal value,SORS
annual_avg_monthly_net_earnings_municipality_residence.csv,2403040403IND01,Average net earnings,net,80390,Srbobran,2019,42308,RSD,RSD,A,Normal value,SORS
annual_avg_monthly_net_earnings_municipality_residence.csv,2403040403IND01,Average net earnings,net,80403,Sremska Mitrovica,2019,50247,RSD,RSD,A,Normal value,SORS
annual_avg_monthly_net_earnings_municipality_residence.csv,2403040403IND01,Average net earnings,net,80411,Sremski Karlovci,2019,50781,RSD,RSD,A,Normal value,SORS
annual_avg_monthly_net_earnings_municipality_residence.csv,2403040403IND01,Average net earnings,net,80420,Stara Pazova,2019,49044,RSD,RSD,A,Normal value,SORS
annual_avg_monthly_net_earnings_municipality_residence.csv,2403040403IND01,Average net earnings,net,80438,Subotica,2019,51236,RSD,RSD,A,Normal value,SORS
annual_avg_monthly_net_earnings_municipality_residence.csv,2403040403IND01,Average net earnings,net,80446,Temerin,2019,47027,RSD,RSD,A,Normal value,SORS
annual_avg_monthly_net_earnings_municipality_residence.csv,2403040403IND01,Average net earnings,net,80454,Titel,2019,52926,RSD,RSD,A,Normal value,SORS
annual_avg_monthly_net_earnings_municipality_residence.csv,2403040403IND01,Average net earnings,net,80462,Vrbas,2019,46701,RSD,RSD,A,Normal value,SORS
annual_avg_monthly_net_earnings_municipality_residence.csv,2403040403IND01,Average net earnings,net,80489,Čoka,2019,44886,RSD,RSD,A,Normal value,SORS
annual_avg_monthly_net_earnings_municipality_residence.csv,2403040403IND01,Average net earnings,net,80497,Šid,2019,44369,RSD,RSD,A,Normal value,SORS
annual_avg_monthly_net_earnings_municipality_residence.csv,2403040403IND01,Average net earnings,net,89010,Grad Novi Sad,2019,60466,RSD,RSD,A,Normal value,SORS
annual_avg_monthly_net_earnings_municipality_residence.csv,2403040403IND01,Average net earnings,net,RS,REPUBLIC OF SERBIA,2019,54919,RSD,RSD,A,Normal value,SORS
annual_avg_monthly_net_earnings_municipality_residence.csv,2403040403IND01,Average net earnings,net,RS1,SRBIJA – SEVER,2019,60474,RSD,RSD,A,Normal value,SORS
annual_avg_monthly_net_earnings_municipality_residence.csv,2403040403IND01,Average net earnings,net,RS11,Beogradski region,2019,68140,RSD,RSD,A,Normal value,SORS
annual_avg_monthly_net_earnings_municipality_residence.csv,2403040403IND01,Average net earnings,net,RS110,Beogradska oblast,2019,68140,RSD,RSD,A,Normal value,SORS
annual_avg_monthly_net_earnings_municipality_residence.csv,2403040403IND01,Average net earnings,net,RS12,Region Vojvodine,2019,51965,RSD,RSD,A,Normal value,SORS
annual_avg_monthly_net_earnings_municipality_residence.csv,2403040403IND01,Average net earnings,net,RS121,Zapadnobačka oblast,2019,46924,RSD,RSD,A,Normal value,SORS
annual_avg_monthly_net_earnings_municipality_residence.csv,2403040403IND01,Average net earnings,net,RS122,Južnobanatska oblast,2019,52278,RSD,RSD,A,Normal value,SORS
annual_avg_monthly_net_earnings_municipality_residence.csv,2403040403IND01,Average net earnings,net,RS123,Južnobačka oblast,2019,55618,RSD,RSD,A,Normal value,SORS
annual_avg_monthly_net_earnings_municipality_residence.csv,2403040403IND01,Average net earnings,net,RS124,Severnobanatska oblast,2019,49138,RSD,RSD,A,Normal value,SORS
annual_avg_monthly_net_earnings_municipality_residence.csv,2403040403IND01,Average net earnings,net,RS125,Severnobačka oblast,2019,50291,RSD,RSD,A,Normal value,SORS
annual_avg_monthly_net_earnings_municipality_residence.csv,2403040403IND01,Average net earnings,net,RS126,Srednjobanatska oblast,2019,50879,RSD,RSD,A,Normal value,SORS
annual_avg_monthly_net_earnings_municipality_residence.csv,2403040403IND01,Average net earnings,net,RS127,Sremska oblast,2019,48752,RSD,RSD,A,Normal value,SORS
annual_avg_monthly_net_earnings_municipality_residence.csv,2403040403IND01,Average net earnings,net,RS2,SRBIJA – JUG,2019,47460,RSD,RSD,A,Normal value,SORS
annual_avg_monthly_net_earnings_municipality_residence.csv,2403040403IND01,Average net earnings,net,RS21,Region Šumadije i Zapadne Srbije,2019,46826,RSD,RSD,A,Normal value,SORS
annual_avg_monthly_net_earnings_municipality_residence.csv,2403040403IND01,Average net earnings,net,RS211,Zlatiborska oblast,2019,46800,RSD,RSD,A,Normal value,SORS
annual_avg_monthly_net_earnings_municipality_residence.csv,2403040403IND01,Average net earnings,net,RS212,Kolubarska oblast,2019,49951,RSD,RSD,A,Normal value,SORS
annual_avg_monthly_net_earnings_municipality_residence.csv,2403040403IND01,Average net earnings,net,RS213,Mačvanska oblast,2019,45748,RSD,RSD,A,Normal value,SORS
annual_avg_monthly_net_earnings_municipality_residence.csv,2403040403IND01,Average net earnings,net,RS214,Moravička oblast,2019,47271,RSD,RSD,A,Normal value,SORS
annual_avg_monthly_net_earnings_municipality_residence.csv,2403040403IND01,Average net earnings,net,RS215,Pomoravska oblast,2019,44676,RSD,RSD,A,Normal value,SORS
annual_avg_monthly_net_earnings_municipality_residence.csv,2403040403IND01,Average net earnings,net,RS216,Rasinska oblast,2019,44707,RSD,RSD,A,Normal value,SORS
annual_avg_monthly_net_earnings_municipality_residence.csv,2403040403IND01,Average net earnings,net,RS217,Raška oblast,2019,44304,RSD,RSD,A,Normal value,SORS
annual_avg_monthly_net_earnings_municipality_residence.csv,2403040403IND01,Average net earnings,net,RS218,Šumadijska oblast,2019,50425,RSD,RSD,A,Normal value,SORS
annual_avg_monthly_net_earnings_municipality_residence.csv,2403040403IND01,Average net earnings,net,RS22,Region Južne i Istočne Srbije,2019,48260,RSD,RSD,A,Normal value,SORS
annual_avg_monthly_net_earnings_municipality_residence.csv,2403040403IND01,Average net earnings,net,RS221,Borska oblast,2019,54977,RSD,RSD,A,Normal value,SORS
annual_avg_monthly_net_earnings_municipality_residence.csv,2403040403IND01,Average net earnings,net,RS222,Braničevska oblast,2019,51362,RSD,RSD,A,Normal value,SORS
annual_avg_monthly_net_earnings_municipality_residence.csv,2403040403IND01,Average net earnings,net,RS223,Zaječarska oblast,2019,45971,RSD,RSD,A,Normal value,SORS
annual_avg_monthly_net_earnings_municipality_residence.csv,2403040403IND01,Average net earnings,net,RS224,Jablanička oblast,2019,42518,RSD,RSD,A,Normal value,SORS
annual_avg_monthly_net_earnings_municipality_residence.csv,2403040403IND01,Average net earnings,net,RS225,Nišavska oblast,2019,48963,RSD,RSD,A,Normal value,SORS
annual_avg_monthly_net_earnings_municipality_residence.csv,2403040403IND01,Average net earnings,net,RS226,Pirotska oblast,2019,50614,RSD,RSD,A,Normal value,SORS
annual_avg_monthly_net_earnings_municipality_residence.csv,2403040403IND01,Average net earnings,net,RS227,Podunavska oblast,2019,51125,RSD,RSD,A,Normal value,SORS
annual_avg_monthly_net_earnings_municipality_residence.csv,2403040403IND01,Average net earnings,net,RS228,Pčinjska oblast,2019,44468,RSD,RSD,A,Normal value,SORS
annual_avg_monthly_net_earnings_municipality_residence.csv,2403040403IND01,Average net earnings,net,RS229,Toplička oblast,2019,44688,RSD,RSD,A,Normal value,SORS
annual_avg_monthly_net_earnings_municipality_residence.csv,2403040403IND01,Average net earnings,net,70017,Aleksandrovac,2020,45760,RSD,RSD,A,Normal value,SORS
annual_avg_monthly_net_earnings_municipality_residence.csv,2403040403IND01,Average net earnings,net,70025,Aleksinac,2020,48465,RSD,RSD,A,Normal value,SORS
annual_avg_monthly_net_earnings_municipality_residence.csv,2403040403IND01,Average net earnings,net,70033,Aranđelovac,2020,52641,RSD,RSD,A,Normal value,SORS
annual_avg_monthly_net_earnings_municipality_residence.csv,2403040403IND01,Average net earnings,net,70041,Arilje,2020,44145,RSD,RSD,A,Normal value,SORS
annual_avg_monthly_net_earnings_municipality_residence.csv,2403040403IND01,Average net earnings,net,70050,Babušnica,2020,47209,RSD,RSD,A,Normal value,SORS
annual_avg_monthly_net_earnings_municipality_residence.csv,2403040403IND01,Average net earnings,net,70068,Bajina Bašta,2020,47119,RSD,RSD,A,Normal value,SORS
annual_avg_monthly_net_earnings_municipality_residence.csv,2403040403IND01,Average net earnings,net,70076,Batočina,2020,47318,RSD,RSD,A,Normal value,SORS
annual_avg_monthly_net_earnings_municipality_residence.csv,2403040403IND01,Average net earnings,net,70084,Bela Palanka,2020,45047,RSD,RSD,A,Normal value,SORS
annual_avg_monthly_net_earnings_municipality_residence.csv,2403040403IND01,Average net earnings,net,70092,Barajevo,2020,52383,RSD,RSD,A,Normal value,SORS
annual_avg_monthly_net_earnings_municipality_residence.csv,2403040403IND01,Average net earnings,net,70106,Voždovac,2020,77230,RSD,RSD,A,Normal value,SORS
annual_avg_monthly_net_earnings_municipality_residence.csv,2403040403IND01,Average net earnings,net,70114,Vračar,2020,97917,RSD,RSD,A,Normal value,SORS
annual_avg_monthly_net_earnings_municipality_residence.csv,2403040403IND01,Average net earnings,net,70122,Grocka,2020,52487,RSD,RSD,A,Normal value,SORS
annual_avg_monthly_net_earnings_municipality_residence.csv,2403040403IND01,Average net earnings,net,70149,Zvezdara,2020,76423,RSD,RSD,A,Normal value,SORS
annual_avg_monthly_net_earnings_municipality_residence.csv,2403040403IND01,Average net earnings,net,70157,Zemun,2020,68557,RSD,RSD,A,Normal value,SORS
annual_avg_monthly_net_earnings_municipality_residence.csv,2403040403IND01,Average net earnings,net,70165,Lazarevac,2020,73717,RSD,RSD,A,Normal value,SORS
annual_avg_monthly_net_earnings_municipality_residence.csv,2403040403IND01,Average net earnings,net,70173,Mladenovac,2020,50882,RSD,RSD,A,Normal value,SORS
annual_avg_monthly_net_earnings_municipality_residence.csv,2403040403IND01,Average net earnings,net,70181,Novi Beograd,2020,94858,RSD,RSD,A,Normal value,SORS
annual_avg_monthly_net_earnings_municipality_residence.csv,2403040403IND01,Average net earnings,net,70190,Obrenovac,2020,60197,RSD,RSD,A,Normal value,SORS
annual_avg_monthly_net_earnings_municipality_residence.csv,2403040403IND01,Average net earnings,net,70203,Palilula (Beograd),2020,67107,RSD,RSD,A,Normal value,SORS
annual_avg_monthly_net_earnings_municipality_residence.csv,2403040403IND01,Average net earnings,net,70211,Rakovica,2020,67327,RSD,RSD,A,Normal value,SORS
annual_avg_monthly_net_earnings_municipality_residence.csv,2403040403IND01,Average net earnings,net,70220,Savski venac,2020,86637,RSD,RSD,A,Normal value,SORS
annual_avg_monthly_net_earnings_municipality_residence.csv,2403040403IND01,Average net earnings,net,70238,Sopot,2020,50184,RSD,RSD,A,Normal value,SORS
annual_avg_monthly_net_earnings_municipality_residence.csv,2403040403IND01,Average net earnings,net,70246,Stari grad,2020,93549,RSD,RSD,A,Normal value,SORS
annual_avg_monthly_net_earnings_municipality_residence.csv,2403040403IND01,Average net earnings,net,70254,Čukarica,2020,71415,RSD,RSD,A,Normal value,SORS
annual_avg_monthly_net_earnings_municipality_residence.csv,2403040403IND01,Average net earnings,net,70262,Blace,2020,45103,RSD,RSD,A,Normal value,SORS
annual_avg_monthly_net_earnings_municipality_residence.csv,2403040403IND01,Average net earnings,net,70289,Bogatić,2020,46231,RSD,RSD,A,Normal value,SORS
annual_avg_monthly_net_earnings_municipality_residence.csv,2403040403IND01,Average net earnings,net,70297,Bojnik,2020,41818,RSD,RSD,A,Normal value,SORS
annual_avg_monthly_net_earnings_municipality_residence.csv,2403040403IND01,Average net earnings,net,70319,Boljevac,2020,50331,RSD,RSD,A,Normal value,SORS
annual_avg_monthly_net_earnings_municipality_residence.csv,2403040403IND01,Average net earnings,net,70327,Bor,2020,69468,RSD,RSD,A,Normal value,SORS
annual_avg_monthly_net_earnings_municipality_residence.csv,2403040403IND01,Average net earnings,net,70335,Bosilegrad,2020,46717,RSD,RSD,A,Normal value,SORS
annual_avg_monthly_net_earnings_municipality_residence.csv,2403040403IND01,Average net earnings,net,70343,Brus,2020,45706,RSD,RSD,A,Normal value,SORS
annual_avg_monthly_net_earnings_municipality_residence.csv,2403040403IND01,Average net earnings,net,70351,Bujanovac,2020,44024,RSD,RSD,A,Normal value,SORS
annual_avg_monthly_net_earnings_municipality_residence.csv,2403040403IND01,Average net earnings,net,70360,Valjevo,2020,53546,RSD,RSD,A,Normal value,SORS
annual_avg_monthly_net_earnings_municipality_residence.csv,2403040403IND01,Average net earnings,net,70378,Varvarin,2020,42963,RSD,RSD,A,Normal value,SORS
annual_avg_monthly_net_earnings_municipality_residence.csv,2403040403IND01,Average net earnings,net,70386,Velika Plana,2020,51227,RSD,RSD,A,Normal value,SORS
annual_avg_monthly_net_earnings_municipality_residence.csv,2403040403IND01,Average net earnings,net,70394,Veliko Gradište,2020,46009,RSD,RSD,A,Normal value,SORS
annual_avg_monthly_net_earnings_municipality_residence.csv,2403040403IND01,Average net earnings,net,70408,Vladimirci,2020,46314,RSD,RSD,A,Normal value,SORS
annual_avg_monthly_net_earnings_municipality_residence.csv,2403040403IND01,Average net earnings,net,70416,Vladičin Han,2020,49238,RSD,RSD,A,Normal value,SORS
annual_avg_monthly_net_earnings_municipality_residence.csv,2403040403IND01,Average net earnings,net,70424,Vlasotince,2020,42114,RSD,RSD,A,Normal value,SORS
annual_avg_monthly_net_earnings_municipality_residence.csv,2403040403IND01,Average net earnings,net,70432,Vranje,2020,49838,RSD,RSD,A,Normal value,SORS
annual_avg_monthly_net_earnings_municipality_residence.csv,2403040403IND01,Average net earnings,net,70459,Vrnjačka Banja,2020,45442,RSD,RSD,A,Normal value,SORS
annual_avg_monthly_net_earnings_municipality_residence.csv,2403040403IND01,Average net earnings,net,70467,Gadžin Han,2020,42648,RSD,RSD,A,Normal value,SORS
annual_avg_monthly_net_earnings_municipality_residence.csv,2403040403IND01,Average net earnings,net,70475,Golubac,2020,45936,RSD,RSD,A,Normal value,SORS
annual_avg_monthly_net_earnings_municipality_residence.csv,2403040403IND01,Average net earnings,net,70483,Gornji Milanovac,2020,53953,RSD,RSD,A,Normal value,SORS
annual_avg_monthly_net_earnings_municipality_residence.csv,2403040403IND01,Average net earnings,net,70491,Despotovac,2020,50517,RSD,RSD,A,Normal value,SORS
annual_avg_monthly_net_earnings_municipality_residence.csv,2403040403IND01,Average net earnings,net,70505,Dimitrovgrad,2020,46543,RSD,RSD,A,Normal value,SORS
annual_avg_monthly_net_earnings_municipality_residence.csv,2403040403IND01,Average net earnings,net,70513,Doljevac,2020,46368,RSD,RSD,A,Normal value,SORS
annual_avg_monthly_net_earnings_municipality_residence.csv,2403040403IND01,Average net earnings,net,70521,Žabari,2020,45531,RSD,RSD,A,Normal value,SORS
annual_avg_monthly_net_earnings_municipality_residence.csv,2403040403IND01,Average net earnings,net,70530,Žagubica,2020,48807,RSD,RSD,A,Normal value,SORS
annual_avg_monthly_net_earnings_municipality_residence.csv,2403040403IND01,Average net earnings,net,70548,Žitorađa,2020,47799,RSD,RSD,A,Normal value,SORS
annual_avg_monthly_net_earnings_municipality_residence.csv,2403040403IND01,Average net earnings,net,70556,Zaječar,2020,52912,RSD,RSD,A,Normal value,SORS
annual_avg_monthly_net_earnings_municipality_residence.csv,2403040403IND01,Average net earnings,net,70564,Ivanjica,2020,43665,RSD,RSD,A,Normal value,SORS
annual_avg_monthly_net_earnings_municipality_residence.csv,2403040403IND01,Average net earnings,net,70572,Kladovo,2020,54135,RSD,RSD,A,Normal value,SORS
annual_avg_monthly_net_earnings_municipality_residence.csv,2403040403IND01,Average net earnings,net,70599,Knić,2020,48741,RSD,RSD,A,Normal value,SORS
annual_avg_monthly_net_earnings_municipality_residence.csv,2403040403IND01,Average net earnings,net,70602,Knjaževac,2020,45303,RSD,RSD,A,Normal value,SORS
annual_avg_monthly_net_earnings_municipality_residence.csv,2403040403IND01,Average net earnings,net,70629,Kosjerić,2020,51108,RSD,RSD,A,Normal value,SORS
annual_avg_monthly_net_earnings_municipality_residence.csv,2403040403IND01,Average net earnings,net,70637,Koceljeva,2020,45642,RSD,RSD,A,Normal value,SORS
annual_avg_monthly_net_earnings_municipality_residence.csv,2403040403IND01,Average net earnings,net,70645,Kragujevac,2020,57400,RSD,RSD,A,Normal value,SORS
annual_avg_monthly_net_earnings_municipality_residence.csv,2403040403IND01,Average net earnings,net,70653,Kraljevo,2020,50907,RSD,RSD,A,Normal value,SORS
annual_avg_monthly_net_earnings_municipality_residence.csv,2403040403IND01,Average net earnings,net,70661,Krupanj,2020,44101,RSD,RSD,A,Normal value,SORS
annual_avg_monthly_net_earnings_municipality_residence.csv,2403040403IND01,Average net earnings,net,70670,Kruševac,2020,50471,RSD,RSD,A,Normal value,SORS
annual_avg_monthly_net_earnings_municipality_residence.csv,2403040403IND01,Average net earnings,net,70688,Kuršumlija,2020,48470,RSD,RSD,A,Normal value,SORS
annual_avg_monthly_net_earnings_municipality_residence.csv,2403040403IND01,Average net earnings,net,70696,Kučevo,2020,46751,RSD,RSD,A,Normal value,SORS
annual_avg_monthly_net_earnings_municipality_residence.csv,2403040403IND01,Average net earnings,net,70700,Lajkovac,2020,67763,RSD,RSD,A,Normal value,SORS
annual_avg_monthly_net_earnings_municipality_residence.csv,2403040403IND01,Average net earnings,net,70718,Lebane,2020,44213,RSD,RSD,A,Normal value,SORS
annual_avg_monthly_net_earnings_municipality_residence.csv,2403040403IND01,Average net earnings,net,70726,Leskovac,2020,47509,RSD,RSD,A,Normal value,SORS
annual_avg_monthly_net_earnings_municipality_residence.csv,2403040403IND01,Average net earnings,net,70734,Loznica,2020,47956,RSD,RSD,A,Normal value,SORS
annual_avg_monthly_net_earnings_municipality_residence.csv,2403040403IND01,Average net earnings,net,70742,Lučani,2020,55986,RSD,RSD,A,Normal value,SORS
annual_avg_monthly_net_earnings_municipality_residence.csv,2403040403IND01,Average net earnings,net,70769,Ljig,2020,54002,RSD,RSD,A,Normal value,SORS
annual_avg_monthly_net_earnings_municipality_residence.csv,2403040403IND01,Average net earnings,net,70777,Ljubovija,2020,50154,RSD,RSD,A,Normal value,SORS
annual_avg_monthly_net_earnings_municipality_residence.csv,2403040403IND01,Average net earnings,net,70785,Majdanpek,2020,63910,RSD,RSD,A,Normal value,SORS
annual_avg_monthly_net_earnings_municipality_residence.csv,2403040403IND01,Average net earnings,net,70793,Mali Zvornik,2020,48737,RSD,RSD,A,Normal value,SORS
annual_avg_monthly_net_earnings_municipality_residence.csv,2403040403IND01,Average net earnings,net,70807,Malo Crniće,2020,46232,RSD,RSD,A,Normal value,SORS
annual_avg_monthly_net_earnings_municipality_residence.csv,2403040403IND01,Average net earnings,net,70815,Medveđa,2020,52345,RSD,RSD,A,Normal value,SORS
annual_avg_monthly_net_earnings_municipality_residence.csv,2403040403IND01,Average net earnings,net,70823,Merošina,2020,44604,RSD,RSD,A,Normal value,SORS
annual_avg_monthly_net_earnings_municipality_residence.csv,2403040403IND01,Average net earnings,net,70831,Mionica,2020,47440,RSD,RSD,A,Normal value,SORS
annual_avg_monthly_net_earnings_municipality_residence.csv,2403040403IND01,Average net earnings,net,70840,Negotin,2020,51060,RSD,RSD,A,Normal value,SORS
annual_avg_monthly_net_earnings_municipality_residence.csv,2403040403IND01,Average net earnings,net,70866,Nova Varoš,2020,47958,RSD,RSD,A,Normal value,SORS
annual_avg_monthly_net_earnings_municipality_residence.csv,2403040403IND01,Average net earnings,net,70874,Novi Pazar,2020,45475,RSD,RSD,A,Normal value,SORS
annual_avg_monthly_net_earnings_municipality_residence.csv,2403040403IND01,Average net earnings,net,70882,Osečina,2020,46133,RSD,RSD,A,Normal value,SORS
annual_avg_monthly_net_earnings_municipality_residence.csv,2403040403IND01,Average net earnings,net,70904,Paraćin,2020,49204,RSD,RSD,A,Normal value,SORS
annual_avg_monthly_net_earnings_municipality_residence.csv,2403040403IND01,Average net earnings,net,70912,Petrovac na Mlavi,2020,45884,RSD,RSD,A,Normal value,SORS
annual_avg_monthly_net_earnings_municipality_residence.csv,2403040403IND01,Average net earnings,net,70939,Pirot,2020,57220,RSD,RSD,A,Normal value,SORS
annual_avg_monthly_net_earnings_municipality_residence.csv,2403040403IND01,Average net earnings,net,70947,Požarevac,2020,60311,RSD,RSD,A,Normal value,SORS
annual_avg_monthly_net_earnings_municipality_residence.csv,2403040403IND01,Average net earnings,net,70955,Požega,2020,50372,RSD,RSD,A,Normal value,SORS
annual_avg_monthly_net_earnings_municipality_residence.csv,2403040403IND01,Average net earnings,net,70963,Preševo,2020,44091,RSD,RSD,A,Normal value,SORS
annual_avg_monthly_net_earnings_municipality_residence.csv,2403040403IND01,Average net earnings,net,70971,Priboj,2020,48709,RSD,RSD,A,Normal value,SORS
annual_avg_monthly_net_earnings_municipality_residence.csv,2403040403IND01,Average net earnings,net,70980,Prijepolje,2020,46059,RSD,RSD,A,Normal value,SORS
annual_avg_monthly_net_earnings_municipality_residence.csv,2403040403IND01,Average net earnings,net,70998,Prokuplje,2020,51108,RSD,RSD,A,Normal value,SORS
annual_avg_monthly_net_earnings_municipality_residence.csv,2403040403IND01,Average net earnings,net,71005,Ražanj,2020,43013,RSD,RSD,A,Normal value,SORS
annual_avg_monthly_net_earnings_municipality_residence.csv,2403040403IND01,Average net earnings,net,71013,Rača,2020,48156,RSD,RSD,A,Normal value,SORS
annual_avg_monthly_net_earnings_municipality_residence.csv,2403040403IND01,Average net earnings,net,71021,Raška,2020,47783,RSD,RSD,A,Normal value,SORS
annual_avg_monthly_net_earnings_municipality_residence.csv,2403040403IND01,Average net earnings,net,71030,Rekovac,2020,46207,RSD,RSD,A,Normal value,SORS
annual_avg_monthly_net_earnings_municipality_residence.csv,2403040403IND01,Average net earnings,net,71048,Jagodina,2020,48897,RSD,RSD,A,Normal value,SORS
annual_avg_monthly_net_earnings_municipality_residence.csv,2403040403IND01,Average net earnings,net,71056,Svilajnac,2020,47417,RSD,RSD,A,Normal value,SORS
annual_avg_monthly_net_earnings_municipality_residence.csv,2403040403IND01,Average net earnings,net,71064,Svrljig,2020,42570,RSD,RSD,A,Normal value,SORS
annual_avg_monthly_net_earnings_municipality_residence.csv,2403040403IND01,Average net earnings,net,71072,Sjenica,2020,47391,RSD,RSD,A,Normal value,SORS
annual_avg_monthly_net_earnings_municipality_residence.csv,2403040403IND01,Average net earnings,net,71099,Smederevo,2020,56930,RSD,RSD,A,Normal value,SORS
annual_avg_monthly_net_earnings_municipality_residence.csv,2403040403IND01,Average net earnings,net,71102,Smederevska Palanka,2020,50089,RSD,RSD,A,Normal value,SORS
annual_avg_monthly_net_earnings_municipality_residence.csv,2403040403IND01,Average net earnings,net,71129,Sokobanja,2020,49197,RSD,RSD,A,Normal value,SORS
annual_avg_monthly_net_earnings_municipality_residence.csv,2403040403IND01,Average net earnings,net,71137,Surdulica,2020,49646,RSD,RSD,A,Normal value,SORS
annual_avg_monthly_net_earnings_municipality_residence.csv,2403040403IND01,Average net earnings,net,71145,Užice,2020,56995,RSD,RSD,A,Normal value,SORS
annual_avg_monthly_net_earnings_municipality_residence.csv,2403040403IND01,Average net earnings,net,71153,Topola,2020,46955,RSD,RSD,A,Normal value,SORS
annual_avg_monthly_net_earnings_municipality_residence.csv,2403040403IND01,Average net earnings,net,71161,Trgovište,2020,46988,RSD,RSD,A,Normal value,SORS
annual_avg_monthly_net_earnings_municipality_residence.csv,2403040403IND01,Average net earnings,net,71170,Trstenik,2020,46248,RSD,RSD,A,Normal value,SORS
annual_avg_monthly_net_earnings_municipality_residence.csv,2403040403IND01,Average net earnings,net,71188,Tutin,2020,47163,RSD,RSD,A,Normal value,SORS
annual_avg_monthly_net_earnings_municipality_residence.csv,2403040403IND01,Average net earnings,net,71196,Ćićevac,2020,45731,RSD,RSD,A,Normal value,SORS
annual_avg_monthly_net_earnings_municipality_residence.csv,2403040403IND01,Average net earnings,net,71200,Ćuprija,2020,49119,RSD,RSD,A,Normal value,SORS
annual_avg_monthly_net_earnings_municipality_residence.csv,2403040403IND01,Average net earnings,net,71218,Ub,2020,53743,RSD,RSD,A,Normal value,SORS
annual_avg_monthly_net_earnings_municipality_residence.csv,2403040403IND01,Average net earnings,net,71226,Crna Trava,2020,46773,RSD,RSD,A,Normal value,SORS
annual_avg_monthly_net_earnings_municipality_residence.csv,2403040403IND01,Average net earnings,net,71234,Čajetina,2020,46417,RSD,RSD,A,Normal value,SORS
annual_avg_monthly_net_earnings_municipality_residence.csv,2403040403IND01,Average net earnings,net,71242,Čačak,2020,51415,RSD,RSD,A,Normal value,SORS
annual_avg_monthly_net_earnings_municipality_residence.csv,2403040403IND01,Average net earnings,net,71269,Šabac,2020,53474,RSD,RSD,A,Normal value,SORS
annual_avg_monthly_net_earnings_municipality_residence.csv,2403040403IND01,Average net earnings,net,71277,Lapovo,2020,47627,RSD,RSD,A,Normal value,SORS
annual_avg_monthly_net_earnings_municipality_residence.csv,2403040403IND01,Average net earnings,net,71285,Niška Banja,2020,46916,RSD,RSD,A,Normal value,SORS
annual_avg_monthly_net_earnings_municipality_residence.csv,2403040403IND01,Average net earnings,net,71293,Surčin,2020,53382,RSD,RSD,A,Normal value,SORS
annual_avg_monthly_net_earnings_municipality_residence.csv,2403040403IND01,Average net earnings,net,71307,Pantelej,2020,53609,RSD,RSD,A,Normal value,SORS
annual_avg_monthly_net_earnings_municipality_residence.csv,2403040403IND01,Average net earnings,net,71315,Crveni Krst,2020,50130,RSD,RSD,A,Normal value,SORS
annual_avg_monthly_net_earnings_municipality_residence.csv,2403040403IND01,Average net earnings,net,71323,Palilula (Niš),2020,53675,RSD,RSD,A,Normal value,SORS
annual_avg_monthly_net_earnings_municipality_residence.csv,2403040403IND01,Average net earnings,net,71331,Medijana,2020,62907,RSD,RSD,A,Normal value,SORS
annual_avg_monthly_net_earnings_municipality_residence.csv,2403040403IND01,Average net earnings,net,71340,Kostolac,2020,73269,RSD,RSD,A,Normal value,SORS
annual_avg_monthly_net_earnings_municipality_residence.csv,2403040403IND01,Average net earnings,net,71358,Vranjska Banja,2020,43056,RSD,RSD,A,Normal value,SORS
annual_avg_monthly_net_earnings_municipality_residence.csv,2403040403IND01,Average net earnings,net,71366,Sevojno,2020,50529,RSD,RSD,A,Normal value,SORS
annual_avg_monthly_net_earnings_municipality_residence.csv,2403040403IND01,Average net earnings,net,79022,Grad Niš,2020,57009,RSD,RSD,A,Normal value,SORS
annual_avg_monthly_net_earnings_municipality_residence.csv,2403040403IND01,Average net earnings,net,79049,Grad Požarevac,2020,62276,RSD,RSD,A,Normal value,SORS
annual_avg_monthly_net_earnings_municipality_residence.csv,2403040403IND01,Average net earnings,net,79057,Grad Vranje,2020,49678,RSD,RSD,A,Normal value,SORS
annual_avg_monthly_net_earnings_municipality_residence.csv,2403040403IND01,Average net earnings,net,79065,Grad Užice,2020,56794,RSD,RSD,A,Normal value,SORS
annual_avg_monthly_net_earnings_municipality_residence.csv,2403040403IND01,Average net earnings,net,80012,Ada,2020,49423,RSD,RSD,A,Normal value,SORS
annual_avg_monthly_net_earnings_municipality_residence.csv,2403040403IND01,Average net earnings,net,80039,Alibunar,2020,49877,RSD,RSD,A,Normal value,SORS
annual_avg_monthly_net_earnings_municipality_residence.csv,2403040403IND01,Average net earnings,net,80047,Apatin,2020,50869,RSD,RSD,A,Normal value,SORS
annual_avg_monthly_net_earnings_municipality_residence.csv,2403040403IND01,Average net earnings,net,80055,Bač,2020,45854,RSD,RSD,A,Normal value,SORS
annual_avg_monthly_net_earnings_municipality_residence.csv,2403040403IND01,Average net earnings,net,80063,Bačka Palanka,2020,53069,RSD,RSD,A,Normal value,SORS
annual_avg_monthly_net_earnings_municipality_residence.csv,2403040403IND01,Average net earnings,net,80071,Bačka Topola,2020,51265,RSD,RSD,A,Normal value,SORS
annual_avg_monthly_net_earnings_municipality_residence.csv,2403040403IND01,Average net earnings,net,80080,Bački Petrovac,2020,49556,RSD,RSD,A,Normal value,SORS
annual_avg_monthly_net_earnings_municipality_residence.csv,2403040403IND01,Average net earnings,net,80098,Bela Crkva,2020,48855,RSD,RSD,A,Normal value,SORS
annual_avg_monthly_net_earnings_municipality_residence.csv,2403040403IND01,Average net earnings,net,80101,Beočin,2020,51863,RSD,RSD,A,Normal value,SORS
annual_avg_monthly_net_earnings_municipality_residence.csv,2403040403IND01,Average net earnings,net,80110,Bečej,2020,51390,RSD,RSD,A,Normal value,SORS
annual_avg_monthly_net_earnings_municipality_residence.csv,2403040403IND01,Average net earnings,net,80128,Vršac,2020,61702,RSD,RSD,A,Normal value,SORS
annual_avg_monthly_net_earnings_municipality_residence.csv,2403040403IND01,Average net earnings,net,80136,Žabalj,2020,47655,RSD,RSD,A,Normal value,SORS
annual_avg_monthly_net_earnings_municipality_residence.csv,2403040403IND01,Average net earnings,net,80144,Žitište,2020,50431,RSD,RSD,A,Normal value,SORS
annual_avg_monthly_net_earnings_municipality_residence.csv,2403040403IND01,Average net earnings,net,80152,Zrenjanin,2020,57231,RSD,RSD,A,Normal value,SORS
annual_avg_monthly_net_earnings_municipality_residence.csv,2403040403IND01,Average net earnings,net,80179,Inđija,2020,54980,RSD,RSD,A,Normal value,SORS
annual_avg_monthly_net_earnings_municipality_residence.csv,2403040403IND01,Average net earnings,net,80187,Irig,2020,47982,RSD,RSD,A,Normal value,SORS
annual_avg_monthly_net_earnings_municipality_residence.csv,2403040403IND01,Average net earnings,net,80195,Kanjiža,2020,50257,RSD,RSD,A,Normal value,SORS
annual_avg_monthly_net_earnings_municipality_residence.csv,2403040403IND01,Average net earnings,net,80209,Kikinda,2020,54819,RSD,RSD,A,Normal value,SORS
annual_avg_monthly_net_earnings_municipality_residence.csv,2403040403IND01,Average net earnings,net,80217,Kovačica,2020,47196,RSD,RSD,A,Normal value,SORS
annual_avg_monthly_net_earnings_municipality_residence.csv,2403040403IND01,Average net earnings,net,80225,Kovin,2020,54927,RSD,RSD,A,Normal value,SORS
annual_avg_monthly_net_earnings_municipality_residence.csv,2403040403IND01,Average net earnings,net,80233,Kula,2020,49431,RSD,RSD,A,Normal value,SORS
annual_avg_monthly_net_earnings_municipality_residence.csv,2403040403IND01,Average net earnings,net,80241,Mali Iđoš,2020,46558,RSD,RSD,A,Normal value,SORS
annual_avg_monthly_net_earnings_municipality_residence.csv,2403040403IND01,Average net earnings,net,80250,Nova Crnja,2020,51543,RSD,RSD,A,Normal value,SORS
annual_avg_monthly_net_earnings_municipality_residence.csv,2403040403IND01,Average net earnings,net,80268,Novi Bečej,2020,48951,RSD,RSD,A,Normal value,SORS
annual_avg_monthly_net_earnings_municipality_residence.csv,2403040403IND01,Average net earnings,net,80276,Novi Kneževac,2020,51113,RSD,RSD,A,Normal value,SORS
annual_avg_monthly_net_earnings_municipality_residence.csv,2403040403IND01,Average net earnings,net,80292,Opovo,2020,50270,RSD,RSD,A,Normal value,SORS
annual_avg_monthly_net_earnings_municipality_residence.csv,2403040403IND01,Average net earnings,net,80306,Odžaci,2020,48113,RSD,RSD,A,Normal value,SORS
annual_avg_monthly_net_earnings_municipality_residence.csv,2403040403IND01,Average net earnings,net,80314,Pančevo,2020,59363,RSD,RSD,A,Normal value,SORS
annual_avg_monthly_net_earnings_municipality_residence.csv,2403040403IND01,Average net earnings,net,80322,Pećinci,2020,52945,RSD,RSD,A,Normal value,SORS
annual_avg_monthly_net_earnings_municipality_residence.csv,2403040403IND01,Average net earnings,net,80349,Plandište,2020,49512,RSD,RSD,A,Normal value,SORS
annual_avg_monthly_net_earnings_municipality_residence.csv,2403040403IND01,Average net earnings,net,80357,Ruma,2020,52433,RSD,RSD,A,Normal value,SORS
annual_avg_monthly_net_earnings_municipality_residence.csv,2403040403IND01,Average net earnings,net,80365,Senta,2020,55690,RSD,RSD,A,Normal value,SORS
annual_avg_monthly_net_earnings_municipality_residence.csv,2403040403IND01,Average net earnings,net,80373,Sečanj,2020,50304,RSD,RSD,A,Normal value,SORS
annual_avg_monthly_net_earnings_municipality_residence.csv,2403040403IND01,Average net earnings,net,80381,Sombor,2020,53632,RSD,RSD,A,Normal value,SORS
annual_avg_monthly_net_earnings_municipality_residence.csv,2403040403IND01,Average net earnings,net,80390,Srbobran,2020,46144,RSD,RSD,A,Normal value,SORS
annual_avg_monthly_net_earnings_municipality_residence.csv,2403040403IND01,Average net earnings,net,80403,Sremska Mitrovica,2020,55018,RSD,RSD,A,Normal value,SORS
annual_avg_monthly_net_earnings_municipality_residence.csv,2403040403IND01,Average net earnings,net,80411,Sremski Karlovci,2020,56078,RSD,RSD,A,Normal value,SORS
annual_avg_monthly_net_earnings_municipality_residence.csv,2403040403IND01,Average net earnings,net,80420,Stara Pazova,2020,54028,RSD,RSD,A,Normal value,SORS
annual_avg_monthly_net_earnings_municipality_residence.csv,2403040403IND01,Average net earnings,net,80438,Subotica,2020,55698,RSD,RSD,A,Normal value,SORS
annual_avg_monthly_net_earnings_municipality_residence.csv,2403040403IND01,Average net earnings,net,80446,Temerin,2020,51673,RSD,RSD,A,Normal value,SORS
annual_avg_monthly_net_earnings_municipality_residence.csv,2403040403IND01,Average net earnings,net,80454,Titel,2020,56051,RSD,RSD,A,Normal value,SORS
annual_avg_monthly_net_earnings_municipality_residence.csv,2403040403IND01,Average net earnings,net,80462,Vrbas,2020,50728,RSD,RSD,A,Normal value,SORS
annual_avg_monthly_net_earnings_municipality_residence.csv,2403040403IND01,Average net earnings,net,80489,Čoka,2020,48719,RSD,RSD,A,Normal value,SORS
annual_avg_monthly_net_earnings_municipality_residence.csv,2403040403IND01,Average net earnings,net,80497,Šid,2020,49248,RSD,RSD,A,Normal value,SORS
annual_avg_monthly_net_earnings_municipality_residence.csv,2403040403IND01,Average net earnings,net,89010,Grad Novi Sad,2020,67957,RSD,RSD,A,Normal value,SORS
annual_avg_monthly_net_earnings_municipality_residence.csv,2403040403IND01,Average net earnings,net,RS,REPUBLIC OF SERBIA,2020,60073,RSD,RSD,A,Normal value,SORS
annual_avg_monthly_net_earnings_municipality_residence.csv,2403040403IND01,Average net earnings,net,RS1,SRBIJA – SEVER,2020,66250,RSD,RSD,A,Normal value,SORS
annual_avg_monthly_net_earnings_municipality_residence.csv,2403040403IND01,Average net earnings,net,RS11,Beogradski region,2020,74311,RSD,RSD,A,Normal value,SORS
annual_avg_monthly_net_earnings_municipality_residence.csv,2403040403IND01,Average net earnings,net,RS110,Beogradska oblast,2020,74311,RSD,RSD,A,Normal value,SORS
annual_avg_monthly_net_earnings_municipality_residence.csv,2403040403IND01,Average net earnings,net,RS12,Region Vojvodine,2020,57186,RSD,RSD,A,Normal value,SORS
annual_avg_monthly_net_earnings_municipality_residence.csv,2403040403IND01,Average net earnings,net,RS121,Zapadnobačka oblast,2020,51362,RSD,RSD,A,Normal value,SORS
annual_avg_monthly_net_earnings_municipality_residence.csv,2403040403IND01,Average net earnings,net,RS122,Južnobanatska oblast,2020,57125,RSD,RSD,A,Normal value,SORS
annual_avg_monthly_net_earnings_municipality_residence.csv,2403040403IND01,Average net earnings,net,RS123,Južnobačka oblast,2020,61953,RSD,RSD,A,Normal value,SORS
annual_avg_monthly_net_earnings_municipality_residence.csv,2403040403IND01,Average net earnings,net,RS124,Severnobanatska oblast,2020,53034,RSD,RSD,A,Normal value,SORS
annual_avg_monthly_net_earnings_municipality_residence.csv,2403040403IND01,Average net earnings,net,RS125,Severnobačka oblast,2020,54612,RSD,RSD,A,Normal value,SORS
annual_avg_monthly_net_earnings_municipality_residence.csv,2403040403IND01,Average net earnings,net,RS126,Srednjobanatska oblast,2020,55263,RSD,RSD,A,Normal value,SORS
annual_avg_monthly_net_earnings_municipality_residence.csv,2403040403IND01,Average net earnings,net,RS127,Sremska oblast,2020,53507,RSD,RSD,A,Normal value,SORS
annual_avg_monthly_net_earnings_municipality_residence.csv,2403040403IND01,Average net earnings,net,RS2,SRBIJA – JUG,2020,51864,RSD,RSD,A,Normal value,SORS
annual_avg_monthly_net_earnings_municipality_residence.csv,2403040403IND01,Average net earnings,net,RS21,Region Šumadije i Zapadne Srbije,2020,51068,RSD,RSD,A,Normal value,SORS
annual_avg_monthly_net_earnings_municipality_residence.csv,2403040403IND01,Average net earnings,net,RS211,Zlatiborska oblast,2020,50890,RSD,RSD,A,Normal value,SORS
annual_avg_monthly_net_earnings_municipality_residence.csv,2403040403IND01,Average net earnings,net,RS212,Kolubarska oblast,2020,54277,RSD,RSD,A,Normal value,SORS
annual_avg_monthly_net_earnings_municipality_residence.csv,2403040403IND01,Average net earnings,net,RS213,Mačvanska oblast,2020,50207,RSD,RSD,A,Normal value,SORS
annual_avg_monthly_net_earnings_municipality_residence.csv,2403040403IND01,Average net earnings,net,RS214,Moravička oblast,2020,51329,RSD,RSD,A,Normal value,SORS
annual_avg_monthly_net_earnings_municipality_residence.csv,2403040403IND01,Average net earnings,net,RS215,Pomoravska oblast,2020,48920,RSD,RSD,A,Normal value,SORS
annual_avg_monthly_net_earnings_municipality_residence.csv,2403040403IND01,Average net earnings,net,RS216,Rasinska oblast,2020,48564,RSD,RSD,A,Normal value,SORS
annual_avg_monthly_net_earnings_municipality_residence.csv,2403040403IND01,Average net earnings,net,RS217,Raška oblast,2020,48509,RSD,RSD,A,Normal value,SORS
annual_avg_monthly_net_earnings_municipality_residence.csv,2403040403IND01,Average net earnings,net,RS218,Šumadijska oblast,2020,55042,RSD,RSD,A,Normal value,SORS
annual_avg_monthly_net_earnings_municipality_residence.csv,2403040403IND01,Average net earnings,net,RS22,Region Južne i Istočne Srbije,2020,52875,RSD,RSD,A,Normal value,SORS
annual_avg_monthly_net_earnings_municipality_residence.csv,2403040403IND01,Average net earnings,net,RS221,Borska oblast,2020,61864,RSD,RSD,A,Normal value,SORS
annual_avg_monthly_net_earnings_municipality_residence.csv,2403040403IND01,Average net earnings,net,RS222,Braničevska oblast,2020,55958,RSD,RSD,A,Normal value,SORS
annual_avg_monthly_net_earnings_municipality_residence.csv,2403040403IND01,Average net earnings,net,RS223,Zaječarska oblast,2020,50255,RSD,RSD,A,Normal value,SORS
annual_avg_monthly_net_earnings_municipality_residence.csv,2403040403IND01,Average net earnings,net,RS224,Jablanička oblast,2020,46430,RSD,RSD,A,Normal value,SORS
annual_avg_monthly_net_earnings_municipality_residence.csv,2403040403IND01,Average net earnings,net,RS225,Nišavska oblast,2020,54674,RSD,RSD,A,Normal value,SORS
annual_avg_monthly_net_earnings_municipality_residence.csv,2403040403IND01,Average net earnings,net,RS226,Pirotska oblast,2020,54044,RSD,RSD,A,Normal value,SORS
annual_avg_monthly_net_earnings_municipality_residence.csv,2403040403IND01,Average net earnings,net,RS227,Podunavska oblast,2020,54454,RSD,RSD,A,Normal value,SORS
annual_avg_monthly_net_earnings_municipality_residence.csv,2403040403IND01,Average net earnings,net,RS228,Pčinjska oblast,2020,48272,RSD,RSD,A,Normal value,SORS
annual_avg_monthly_net_earnings_municipality_residence.csv,2403040403IND01,Average net earnings,net,RS229,Toplička oblast,2020,49478,RSD,RSD,A,Normal value,SORS
annual_avg_monthly_net_earnings_municipality_residence.csv,2403040403IND01,Average net earnings,net,70017,Aleksandrovac,2021,50242,RSD,RSD,A,Normal value,SORS
annual_avg_monthly_net_earnings_municipality_residence.csv,2403040403IND01,Average net earnings,net,70025,Aleksinac,2021,52944,RSD,RSD,A,Normal value,SORS
annual_avg_monthly_net_earnings_municipality_residence.csv,2403040403IND01,Average net earnings,net,70033,Aranđelovac,2021,57545,RSD,RSD,A,Normal value,SORS
annual_avg_monthly_net_earnings_municipality_residence.csv,2403040403IND01,Average net earnings,net,70041,Arilje,2021,48942,RSD,RSD,A,Normal value,SORS
annual_avg_monthly_net_earnings_municipality_residence.csv,2403040403IND01,Average net earnings,net,70050,Babušnica,2021,52242,RSD,RSD,A,Normal value,SORS
annual_avg_monthly_net_earnings_municipality_residence.csv,2403040403IND01,Average net earnings,net,70068,Bajina Bašta,2021,51376,RSD,RSD,A,Normal value,SORS
annual_avg_monthly_net_earnings_municipality_residence.csv,2403040403IND01,Average net earnings,net,70076,Batočina,2021,51292,RSD,RSD,A,Normal value,SORS
annual_avg_monthly_net_earnings_municipality_residence.csv,2403040403IND01,Average net earnings,net,70084,Bela Palanka,2021,48708,RSD,RSD,A,Normal value,SORS
annual_avg_monthly_net_earnings_municipality_residence.csv,2403040403IND01,Average net earnings,net,70092,Barajevo,2021,56902,RSD,RSD,A,Normal value,SORS
annual_avg_monthly_net_earnings_municipality_residence.csv,2403040403IND01,Average net earnings,net,70106,Voždovac,2021,86175,RSD,RSD,A,Normal value,SORS
annual_avg_monthly_net_earnings_municipality_residence.csv,2403040403IND01,Average net earnings,net,70114,Vračar,2021,109127,RSD,RSD,A,Normal value,SORS
annual_avg_monthly_net_earnings_municipality_residence.csv,2403040403IND01,Average net earnings,net,70122,Grocka,2021,57350,RSD,RSD,A,Normal value,SORS
annual_avg_monthly_net_earnings_municipality_residence.csv,2403040403IND01,Average net earnings,net,70149,Zvezdara,2021,84339,RSD,RSD,A,Normal value,SORS
annual_avg_monthly_net_earnings_municipality_residence.csv,2403040403IND01,Average net earnings,net,70157,Zemun,2021,75777,RSD,RSD,A,Normal value,SORS
annual_avg_monthly_net_earnings_municipality_residence.csv,2403040403IND01,Average net earnings,net,70165,Lazarevac,2021,76856,RSD,RSD,A,Normal value,SORS
annual_avg_monthly_net_earnings_municipality_residence.csv,2403040403IND01,Average net earnings,net,70173,Mladenovac,2021,55554,RSD,RSD,A,Normal value,SORS
annual_avg_monthly_net_earnings_municipality_residence.csv,2403040403IND01,Average net earnings,net,70181,Novi Beograd,2021,105613,RSD,RSD,A,Normal value,SORS
annual_avg_monthly_net_earnings_municipality_residence.csv,2403040403IND01,Average net earnings,net,70190,Obrenovac,2021,65472,RSD,RSD,A,Normal value,SORS
annual_avg_monthly_net_earnings_municipality_residence.csv,2403040403IND01,Average net earnings,net,70203,Palilula (Beograd),2021,73999,RSD,RSD,A,Normal value,SORS
annual_avg_monthly_net_earnings_municipality_residence.csv,2403040403IND01,Average net earnings,net,70211,Rakovica,2021,74102,RSD,RSD,A,Normal value,SORS
annual_avg_monthly_net_earnings_municipality_residence.csv,2403040403IND01,Average net earnings,net,70220,Savski venac,2021,98646,RSD,RSD,A,Normal value,SORS
annual_avg_monthly_net_earnings_municipality_residence.csv,2403040403IND01,Average net earnings,net,70238,Sopot,2021,54653,RSD,RSD,A,Normal value,SORS
annual_avg_monthly_net_earnings_municipality_residence.csv,2403040403IND01,Average net earnings,net,70246,Stari grad,2021,105104,RSD,RSD,A,Normal value,SORS
annual_avg_monthly_net_earnings_municipality_residence.csv,2403040403IND01,Average net earnings,net,70254,Čukarica,2021,78961,RSD,RSD,A,Normal value,SORS
annual_avg_monthly_net_earnings_municipality_residence.csv,2403040403IND01,Average net earnings,net,70262,Blace,2021,47297,RSD,RSD,A,Normal value,SORS
annual_avg_monthly_net_earnings_municipality_residence.csv,2403040403IND01,Average net earnings,net,70289,Bogatić,2021,49787,RSD,RSD,A,Normal value,SORS
annual_avg_monthly_net_earnings_municipality_residence.csv,2403040403IND01,Average net earnings,net,70297,Bojnik,2021,45019,RSD,RSD,A,Normal value,SORS
annual_avg_monthly_net_earnings_municipality_residence.csv,2403040403IND01,Average net earnings,net,70319,Boljevac,2021,55670,RSD,RSD,A,Normal value,SORS
annual_avg_monthly_net_earnings_municipality_residence.csv,2403040403IND01,Average net earnings,net,70327,Bor,2021,77390,RSD,RSD,A,Normal value,SORS
annual_avg_monthly_net_earnings_municipality_residence.csv,2403040403IND01,Average net earnings,net,70335,Bosilegrad,2021,48556,RSD,RSD,A,Normal value,SORS
annual_avg_monthly_net_earnings_municipality_residence.csv,2403040403IND01,Average net earnings,net,70343,Brus,2021,50670,RSD,RSD,A,Normal value,SORS
annual_avg_monthly_net_earnings_municipality_residence.csv,2403040403IND01,Average net earnings,net,70351,Bujanovac,2021,47328,RSD,RSD,A,Normal value,SORS
annual_avg_monthly_net_earnings_municipality_residence.csv,2403040403IND01,Average net earnings,net,70360,Valjevo,2021,58347,RSD,RSD,A,Normal value,SORS
annual_avg_monthly_net_earnings_municipality_residence.csv,2403040403IND01,Average net earnings,net,70378,Varvarin,2021,48398,RSD,RSD,A,Normal value,SORS
annual_avg_monthly_net_earnings_municipality_residence.csv,2403040403IND01,Average net earnings,net,70386,Velika Plana,2021,56739,RSD,RSD,A,Normal value,SORS
annual_avg_monthly_net_earnings_municipality_residence.csv,2403040403IND01,Average net earnings,net,70394,Veliko Gradište,2021,49546,RSD,RSD,A,Normal value,SORS
annual_avg_monthly_net_earnings_municipality_residence.csv,2403040403IND01,Average net earnings,net,70408,Vladimirci,2021,50409,RSD,RSD,A,Normal value,SORS
annual_avg_monthly_net_earnings_municipality_residence.csv,2403040403IND01,Average net earnings,net,70416,Vladičin Han,2021,53118,RSD,RSD,A,Normal value,SORS
annual_avg_monthly_net_earnings_municipality_residence.csv,2403040403IND01,Average net earnings,net,70424,Vlasotince,2021,45575,RSD,RSD,A,Normal value,SORS
annual_avg_monthly_net_earnings_municipality_residence.csv,2403040403IND01,Average net earnings,net,70432,Vranje,2021,54029,RSD,RSD,A,Normal value,SORS
annual_avg_monthly_net_earnings_municipality_residence.csv,2403040403IND01,Average net earnings,net,70459,Vrnjačka Banja,2021,49619,RSD,RSD,A,Normal value,SORS
annual_avg_monthly_net_earnings_municipality_residence.csv,2403040403IND01,Average net earnings,net,70467,Gadžin Han,2021,46727,RSD,RSD,A,Normal value,SORS
annual_avg_monthly_net_earnings_municipality_residence.csv,2403040403IND01,Average net earnings,net,70475,Golubac,2021,49430,RSD,RSD,A,Normal value,SORS
annual_avg_monthly_net_earnings_municipality_residence.csv,2403040403IND01,Average net earnings,net,70483,Gornji Milanovac,2021,59247,RSD,RSD,A,Normal value,SORS
annual_avg_monthly_net_earnings_municipality_residence.csv,2403040403IND01,Average net earnings,net,70491,Despotovac,2021,52939,RSD,RSD,A,Normal value,SORS
annual_avg_monthly_net_earnings_municipality_residence.csv,2403040403IND01,Average net earnings,net,70505,Dimitrovgrad,2021,50409,RSD,RSD,A,Normal value,SORS
annual_avg_monthly_net_earnings_municipality_residence.csv,2403040403IND01,Average net earnings,net,70513,Doljevac,2021,49584,RSD,RSD,A,Normal value,SORS
annual_avg_monthly_net_earnings_municipality_residence.csv,2403040403IND01,Average net earnings,net,70521,Žabari,2021,49837,RSD,RSD,A,Normal value,SORS
annual_avg_monthly_net_earnings_municipality_residence.csv,2403040403IND01,Average net earnings,net,70530,Žagubica,2021,52827,RSD,RSD,A,Normal value,SORS
annual_avg_monthly_net_earnings_municipality_residence.csv,2403040403IND01,Average net earnings,net,70548,Žitorađa,2021,50509,RSD,RSD,A,Normal value,SORS
annual_avg_monthly_net_earnings_municipality_residence.csv,2403040403IND01,Average net earnings,net,70556,Zaječar,2021,56615,RSD,RSD,A,Normal value,SORS
annual_avg_monthly_net_earnings_municipality_residence.csv,2403040403IND01,Average net earnings,net,70564,Ivanjica,2021,47905,RSD,RSD,A,Normal value,SORS
annual_avg_monthly_net_earnings_municipality_residence.csv,2403040403IND01,Average net earnings,net,70572,Kladovo,2021,57971,RSD,RSD,A,Normal value,SORS
annual_avg_monthly_net_earnings_municipality_residence.csv,2403040403IND01,Average net earnings,net,70599,Knić,2021,52103,RSD,RSD,A,Normal value,SORS
annual_avg_monthly_net_earnings_municipality_residence.csv,2403040403IND01,Average net earnings,net,70602,Knjaževac,2021,49462,RSD,RSD,A,Normal value,SORS
annual_avg_monthly_net_earnings_municipality_residence.csv,2403040403IND01,Average net earnings,net,70629,Kosjerić,2021,55773,RSD,RSD,A,Normal value,SORS
annual_avg_monthly_net_earnings_municipality_residence.csv,2403040403IND01,Average net earnings,net,70637,Koceljeva,2021,48927,RSD,RSD,A,Normal value,SORS
annual_avg_monthly_net_earnings_municipality_residence.csv,2403040403IND01,Average net earnings,net,70645,Kragujevac,2021,63345,RSD,RSD,A,Normal value,SORS
annual_avg_monthly_net_earnings_municipality_residence.csv,2403040403IND01,Average net earnings,net,70653,Kraljevo,2021,55407,RSD,RSD,A,Normal value,SORS
annual_avg_monthly_net_earnings_municipality_residence.csv,2403040403IND01,Average net earnings,net,70661,Krupanj,2021,48303,RSD,RSD,A,Normal value,SORS
annual_avg_monthly_net_earnings_municipality_residence.csv,2403040403IND01,Average net earnings,net,70670,Kruševac,2021,56542,RSD,RSD,A,Normal value,SORS
annual_avg_monthly_net_earnings_municipality_residence.csv,2403040403IND01,Average net earnings,net,70688,Kuršumlija,2021,51667,RSD,RSD,A,Normal value,SORS
annual_avg_monthly_net_earnings_municipality_residence.csv,2403040403IND01,Average net earnings,net,70696,Kučevo,2021,50662,RSD,RSD,A,Normal value,SORS
annual_avg_monthly_net_earnings_municipality_residence.csv,2403040403IND01,Average net earnings,net,70700,Lajkovac,2021,70488,RSD,RSD,A,Normal value,SORS
annual_avg_monthly_net_earnings_municipality_residence.csv,2403040403IND01,Average net earnings,net,70718,Lebane,2021,47769,RSD,RSD,A,Normal value,SORS
annual_avg_monthly_net_earnings_municipality_residence.csv,2403040403IND01,Average net earnings,net,70726,Leskovac,2021,51734,RSD,RSD,A,Normal value,SORS
annual_avg_monthly_net_earnings_municipality_residence.csv,2403040403IND01,Average net earnings,net,70734,Loznica,2021,52252,RSD,RSD,A,Normal value,SORS
annual_avg_monthly_net_earnings_municipality_residence.csv,2403040403IND01,Average net earnings,net,70742,Lučani,2021,63892,RSD,RSD,A,Normal value,SORS
annual_avg_monthly_net_earnings_municipality_residence.csv,2403040403IND01,Average net earnings,net,70769,Ljig,2021,56928,RSD,RSD,A,Normal value,SORS
annual_avg_monthly_net_earnings_municipality_residence.csv,2403040403IND01,Average net earnings,net,70777,Ljubovija,2021,55169,RSD,RSD,A,Normal value,SORS
annual_avg_monthly_net_earnings_municipality_residence.csv,2403040403IND01,Average net earnings,net,70785,Majdanpek,2021,69408,RSD,RSD,A,Normal value,SORS
annual_avg_monthly_net_earnings_municipality_residence.csv,2403040403IND01,Average net earnings,net,70793,Mali Zvornik,2021,52352,RSD,RSD,A,Normal value,SORS
annual_avg_monthly_net_earnings_municipality_residence.csv,2403040403IND01,Average net earnings,net,70807,Malo Crniće,2021,50336,RSD,RSD,A,Normal value,SORS
annual_avg_monthly_net_earnings_municipality_residence.csv,2403040403IND01,Average net earnings,net,70815,Medveđa,2021,55833,RSD,RSD,A,Normal value,SORS
annual_avg_monthly_net_earnings_municipality_residence.csv,2403040403IND01,Average net earnings,net,70823,Merošina,2021,48023,RSD,RSD,A,Normal value,SORS
annual_avg_monthly_net_earnings_municipality_residence.csv,2403040403IND01,Average net earnings,net,70831,Mionica,2021,51019,RSD,RSD,A,Normal value,SORS
annual_avg_monthly_net_earnings_municipality_residence.csv,2403040403IND01,Average net earnings,net,70840,Negotin,2021,55635,RSD,RSD,A,Normal value,SORS
annual_avg_monthly_net_earnings_municipality_residence.csv,2403040403IND01,Average net earnings,net,70866,Nova Varoš,2021,52638,RSD,RSD,A,Normal value,SORS
annual_avg_monthly_net_earnings_municipality_residence.csv,2403040403IND01,Average net earnings,net,70874,Novi Pazar,2021,49720,RSD,RSD,A,Normal value,SORS
annual_avg_monthly_net_earnings_municipality_residence.csv,2403040403IND01,Average net earnings,net,70882,Osečina,2021,50598,RSD,RSD,A,Normal value,SORS
annual_avg_monthly_net_earnings_municipality_residence.csv,2403040403IND01,Average net earnings,net,70904,Paraćin,2021,52421,RSD,RSD,A,Normal value,SORS
annual_avg_monthly_net_earnings_municipality_residence.csv,2403040403IND01,Average net earnings,net,70912,Petrovac na Mlavi,2021,50055,RSD,RSD,A,Normal value,SORS
annual_avg_monthly_net_earnings_municipality_residence.csv,2403040403IND01,Average net earnings,net,70939,Pirot,2021,61372,RSD,RSD,A,Normal value,SORS
annual_avg_monthly_net_earnings_municipality_residence.csv,2403040403IND01,Average net earnings,net,70947,Požarevac,2021,64546,RSD,RSD,A,Normal value,SORS
annual_avg_monthly_net_earnings_municipality_residence.csv,2403040403IND01,Average net earnings,net,70955,Požega,2021,56521,RSD,RSD,A,Normal value,SORS
annual_avg_monthly_net_earnings_municipality_residence.csv,2403040403IND01,Average net earnings,net,70963,Preševo,2021,46176,RSD,RSD,A,Normal value,SORS
annual_avg_monthly_net_earnings_municipality_residence.csv,2403040403IND01,Average net earnings,net,70971,Priboj,2021,53127,RSD,RSD,A,Normal value,SORS
annual_avg_monthly_net_earnings_municipality_residence.csv,2403040403IND01,Average net earnings,net,70980,Prijepolje,2021,49692,RSD,RSD,A,Normal value,SORS
annual_avg_monthly_net_earnings_municipality_residence.csv,2403040403IND01,Average net earnings,net,70998,Prokuplje,2021,55074,RSD,RSD,A,Normal value,SORS
annual_avg_monthly_net_earnings_municipality_residence.csv,2403040403IND01,Average net earnings,net,71005,Ražanj,2021,46718,RSD,RSD,A,Normal value,SORS
annual_avg_monthly_net_earnings_municipality_residence.csv,2403040403IND01,Average net earnings,net,71013,Rača,2021,51580,RSD,RSD,A,Normal value,SORS
annual_avg_monthly_net_earnings_municipality_residence.csv,2403040403IND01,Average net earnings,net,71021,Raška,2021,51274,RSD,RSD,A,Normal value,SORS
annual_avg_monthly_net_earnings_municipality_residence.csv,2403040403IND01,Average net earnings,net,71030,Rekovac,2021,49758,RSD,RSD,A,Normal value,SORS
annual_avg_monthly_net_earnings_municipality_residence.csv,2403040403IND01,Average net earnings,net,71048,Jagodina,2021,53655,RSD,RSD,A,Normal value,SORS
annual_avg_monthly_net_earnings_municipality_residence.csv,2403040403IND01,Average net earnings,net,71056,Svilajnac,2021,51076,RSD,RSD,A,Normal value,SORS
annual_avg_monthly_net_earnings_municipality_residence.csv,2403040403IND01,Average net earnings,net,71064,Svrljig,2021,46726,RSD,RSD,A,Normal value,SORS
annual_avg_monthly_net_earnings_municipality_residence.csv,2403040403IND01,Average net earnings,net,71072,Sjenica,2021,50026,RSD,RSD,A,Normal value,SORS
annual_avg_monthly_net_earnings_municipality_residence.csv,2403040403IND01,Average net earnings,net,71099,Smederevo,2021,61615,RSD,RSD,A,Normal value,SORS
annual_avg_monthly_net_earnings_municipality_residence.csv,2403040403IND01,Average net earnings,net,71102,Smederevska Palanka,2021,53700,RSD,RSD,A,Normal value,SORS
annual_avg_monthly_net_earnings_municipality_residence.csv,2403040403IND01,Average net earnings,net,71129,Sokobanja,2021,52990,RSD,RSD,A,Normal value,SORS
annual_avg_monthly_net_earnings_municipality_residence.csv,2403040403IND01,Average net earnings,net,71137,Surdulica,2021,53772,RSD,RSD,A,Normal value,SORS
annual_avg_monthly_net_earnings_municipality_residence.csv,2403040403IND01,Average net earnings,net,71145,Užice,2021,63217,RSD,RSD,A,Normal value,SORS
annual_avg_monthly_net_earnings_municipality_residence.csv,2403040403IND01,Average net earnings,net,71153,Topola,2021,51710,RSD,RSD,A,Normal value,SORS
annual_avg_monthly_net_earnings_municipality_residence.csv,2403040403IND01,Average net earnings,net,71161,Trgovište,2021,52133,RSD,RSD,A,Normal value,SORS
annual_avg_monthly_net_earnings_municipality_residence.csv,2403040403IND01,Average net earnings,net,71170,Trstenik,2021,49700,RSD,RSD,A,Normal value,SORS
annual_avg_monthly_net_earnings_municipality_residence.csv,2403040403IND01,Average net earnings,net,71188,Tutin,2021,49995,RSD,RSD,A,Normal value,SORS
annual_avg_monthly_net_earnings_municipality_residence.csv,2403040403IND01,Average net earnings,net,71196,Ćićevac,2021,50665,RSD,RSD,A,Normal value,SORS
annual_avg_monthly_net_earnings_municipality_residence.csv,2403040403IND01,Average net earnings,net,71200,Ćuprija,2021,54006,RSD,RSD,A,Normal value,SORS
annual_avg_monthly_net_earnings_municipality_residence.csv,2403040403IND01,Average net earnings,net,71218,Ub,2021,58208,RSD,RSD,A,Normal value,SORS
annual_avg_monthly_net_earnings_municipality_residence.csv,2403040403IND01,Average net earnings,net,71226,Crna Trava,2021,48234,RSD,RSD,A,Normal value,SORS
annual_avg_monthly_net_earnings_municipality_residence.csv,2403040403IND01,Average net earnings,net,71234,Čajetina,2021,51002,RSD,RSD,A,Normal value,SORS
annual_avg_monthly_net_earnings_municipality_residence.csv,2403040403IND01,Average net earnings,net,71242,Čačak,2021,56644,RSD,RSD,A,Normal value,SORS
annual_avg_monthly_net_earnings_municipality_residence.csv,2403040403IND01,Average net earnings,net,71269,Šabac,2021,58190,RSD,RSD,A,Normal value,SORS
annual_avg_monthly_net_earnings_municipality_residence.csv,2403040403IND01,Average net earnings,net,71277,Lapovo,2021,52398,RSD,RSD,A,Normal value,SORS
annual_avg_monthly_net_earnings_municipality_residence.csv,2403040403IND01,Average net earnings,net,71285,Niška Banja,2021,51666,RSD,RSD,A,Normal value,SORS
annual_avg_monthly_net_earnings_municipality_residence.csv,2403040403IND01,Average net earnings,net,71293,Surčin,2021,57754,RSD,RSD,A,Normal value,SORS
annual_avg_monthly_net_earnings_municipality_residence.csv,2403040403IND01,Average net earnings,net,71307,Pantelej,2021,59685,RSD,RSD,A,Normal value,SORS
annual_avg_monthly_net_earnings_municipality_residence.csv,2403040403IND01,Average net earnings,net,71315,Crveni Krst,2021,55212,RSD,RSD,A,Normal value,SORS
annual_avg_monthly_net_earnings_municipality_residence.csv,2403040403IND01,Average net earnings,net,71323,Palilula (Niš),2021,58466,RSD,RSD,A,Normal value,SORS
annual_avg_monthly_net_earnings_municipality_residence.csv,2403040403IND01,Average net earnings,net,71331,Medijana,2021,70978,RSD,RSD,A,Normal value,SORS
annual_avg_monthly_net_earnings_municipality_residence.csv,2403040403IND01,Average net earnings,net,71340,Kostolac,2021,75663,RSD,RSD,A,Normal value,SORS
annual_avg_monthly_net_earnings_municipality_residence.csv,2403040403IND01,Average net earnings,net,71358,Vranjska Banja,2021,46885,RSD,RSD,A,Normal value,SORS
annual_avg_monthly_net_earnings_municipality_residence.csv,2403040403IND01,Average net earnings,net,71366,Sevojno,2021,56147,RSD,RSD,A,Normal value,SORS
annual_avg_monthly_net_earnings_municipality_residence.csv,2403040403IND01,Average net earnings,net,79022,Grad Niš,2021,63239,RSD,RSD,A,Normal value,SORS
annual_avg_monthly_net_earnings_municipality_residence.csv,2403040403IND01,Average net earnings,net,79049,Grad Požarevac,2021,66190,RSD,RSD,A,Normal value,SORS
annual_avg_monthly_net_earnings_municipality_residence.csv,2403040403IND01,Average net earnings,net,79057,Grad Vranje,2021,53862,RSD,RSD,A,Normal value,SORS
annual_avg_monthly_net_earnings_municipality_residence.csv,2403040403IND01,Average net earnings,net,79065,Grad Užice,2021,63003,RSD,RSD,A,Normal value,SORS
annual_avg_monthly_net_earnings_municipality_residence.csv,2403040403IND01,Average net earnings,net,80012,Ada,2021,53850,RSD,RSD,A,Normal value,SORS
annual_avg_monthly_net_earnings_municipality_residence.csv,2403040403IND01,Average net earnings,net,80039,Alibunar,2021,53501,RSD,RSD,A,Normal value,SORS
annual_avg_monthly_net_earnings_municipality_residence.csv,2403040403IND01,Average net earnings,net,80047,Apatin,2021,54763,RSD,RSD,A,Normal value,SORS
annual_avg_monthly_net_earnings_municipality_residence.csv,2403040403IND01,Average net earnings,net,80055,Bač,2021,49294,RSD,RSD,A,Normal value,SORS
annual_avg_monthly_net_earnings_municipality_residence.csv,2403040403IND01,Average net earnings,net,80063,Bačka Palanka,2021,57315,RSD,RSD,A,Normal value,SORS
annual_avg_monthly_net_earnings_municipality_residence.csv,2403040403IND01,Average net earnings,net,80071,Bačka Topola,2021,54617,RSD,RSD,A,Normal value,SORS
annual_avg_monthly_net_earnings_municipality_residence.csv,2403040403IND01,Average net earnings,net,80080,Bački Petrovac,2021,53672,RSD,RSD,A,Normal value,SORS
annual_avg_monthly_net_earnings_municipality_residence.csv,2403040403IND01,Average net earnings,net,80098,Bela Crkva,2021,53473,RSD,RSD,A,Normal value,SORS
annual_avg_monthly_net_earnings_municipality_residence.csv,2403040403IND01,Average net earnings,net,80101,Beočin,2021,56644,RSD,RSD,A,Normal value,SORS
annual_avg_monthly_net_earnings_municipality_residence.csv,2403040403IND01,Average net earnings,net,80110,Bečej,2021,56088,RSD,RSD,A,Normal value,SORS
annual_avg_monthly_net_earnings_municipality_residence.csv,2403040403IND01,Average net earnings,net,80128,Vršac,2021,65374,RSD,RSD,A,Normal value,SORS
annual_avg_monthly_net_earnings_municipality_residence.csv,2403040403IND01,Average net earnings,net,80136,Žabalj,2021,52191,RSD,RSD,A,Normal value,SORS
annual_avg_monthly_net_earnings_municipality_residence.csv,2403040403IND01,Average net earnings,net,80144,Žitište,2021,54746,RSD,RSD,A,Normal value,SORS
annual_avg_monthly_net_earnings_municipality_residence.csv,2403040403IND01,Average net earnings,net,80152,Zrenjanin,2021,61844,RSD,RSD,A,Normal value,SORS
annual_avg_monthly_net_earnings_municipality_residence.csv,2403040403IND01,Average net earnings,net,80179,Inđija,2021,61748,RSD,RSD,A,Normal value,SORS
annual_avg_monthly_net_earnings_municipality_residence.csv,2403040403IND01,Average net earnings,net,80187,Irig,2021,52698,RSD,RSD,A,Normal value,SORS
annual_avg_monthly_net_earnings_municipality_residence.csv,2403040403IND01,Average net earnings,net,80195,Kanjiža,2021,54419,RSD,RSD,A,Normal value,SORS
annual_avg_monthly_net_earnings_municipality_residence.csv,2403040403IND01,Average net earnings,net,80209,Kikinda,2021,59035,RSD,RSD,A,Normal value,SORS
annual_avg_monthly_net_earnings_municipality_residence.csv,2403040403IND01,Average net earnings,net,80217,Kovačica,2021,51349,RSD,RSD,A,Normal value,SORS
annual_avg_monthly_net_earnings_municipality_residence.csv,2403040403IND01,Average net earnings,net,80225,Kovin,2021,56533,RSD,RSD,A,Normal value,SORS
annual_avg_monthly_net_earnings_municipality_residence.csv,2403040403IND01,Average net earnings,net,80233,Kula,2021,53613,RSD,RSD,A,Normal value,SORS
annual_avg_monthly_net_earnings_municipality_residence.csv,2403040403IND01,Average net earnings,net,80241,Mali Iđoš,2021,50420,RSD,RSD,A,Normal value,SORS
annual_avg_monthly_net_earnings_municipality_residence.csv,2403040403IND01,Average net earnings,net,80250,Nova Crnja,2021,55209,RSD,RSD,A,Normal value,SORS
annual_avg_monthly_net_earnings_municipality_residence.csv,2403040403IND01,Average net earnings,net,80268,Novi Bečej,2021,52880,RSD,RSD,A,Normal value,SORS
annual_avg_monthly_net_earnings_municipality_residence.csv,2403040403IND01,Average net earnings,net,80276,Novi Kneževac,2021,55358,RSD,RSD,A,Normal value,SORS
annual_avg_monthly_net_earnings_municipality_residence.csv,2403040403IND01,Average net earnings,net,80292,Opovo,2021,54488,RSD,RSD,A,Normal value,SORS
annual_avg_monthly_net_earnings_municipality_residence.csv,2403040403IND01,Average net earnings,net,80306,Odžaci,2021,52108,RSD,RSD,A,Normal value,SORS
annual_avg_monthly_net_earnings_municipality_residence.csv,2403040403IND01,Average net earnings,net,80314,Pančevo,2021,64678,RSD,RSD,A,Normal value,SORS
annual_avg_monthly_net_earnings_municipality_residence.csv,2403040403IND01,Average net earnings,net,80322,Pećinci,2021,57918,RSD,RSD,A,Normal value,SORS
annual_avg_monthly_net_earnings_municipality_residence.csv,2403040403IND01,Average net earnings,net,80349,Plandište,2021,53791,RSD,RSD,A,Normal value,SORS
annual_avg_monthly_net_earnings_municipality_residence.csv,2403040403IND01,Average net earnings,net,80357,Ruma,2021,57109,RSD,RSD,A,Normal value,SORS
annual_avg_monthly_net_earnings_municipality_residence.csv,2403040403IND01,Average net earnings,net,80365,Senta,2021,59431,RSD,RSD,A,Normal value,SORS
annual_avg_monthly_net_earnings_municipality_residence.csv,2403040403IND01,Average net earnings,net,80373,Sečanj,2021,53773,RSD,RSD,A,Normal value,SORS
annual_avg_monthly_net_earnings_municipality_residence.csv,2403040403IND01,Average net earnings,net,80381,Sombor,2021,57674,RSD,RSD,A,Normal value,SORS
annual_avg_monthly_net_earnings_municipality_residence.csv,2403040403IND01,Average net earnings,net,80390,Srbobran,2021,50339,RSD,RSD,A,Normal value,SORS
annual_avg_monthly_net_earnings_municipality_residence.csv,2403040403IND01,Average net earnings,net,80403,Sremska Mitrovica,2021,60207,RSD,RSD,A,Normal value,SORS
annual_avg_monthly_net_earnings_municipality_residence.csv,2403040403IND01,Average net earnings,net,80411,Sremski Karlovci,2021,62125,RSD,RSD,A,Normal value,SORS
annual_avg_monthly_net_earnings_municipality_residence.csv,2403040403IND01,Average net earnings,net,80420,Stara Pazova,2021,59357,RSD,RSD,A,Normal value,SORS
annual_avg_monthly_net_earnings_municipality_residence.csv,2403040403IND01,Average net earnings,net,80438,Subotica,2021,60224,RSD,RSD,A,Normal value,SORS
annual_avg_monthly_net_earnings_municipality_residence.csv,2403040403IND01,Average net earnings,net,80446,Temerin,2021,56139,RSD,RSD,A,Normal value,SORS
annual_avg_monthly_net_earnings_municipality_residence.csv,2403040403IND01,Average net earnings,net,80454,Titel,2021,53083,RSD,RSD,A,Normal value,SORS
annual_avg_monthly_net_earnings_municipality_residence.csv,2403040403IND01,Average net earnings,net,80462,Vrbas,2021,55623,RSD,RSD,A,Normal value,SORS
annual_avg_monthly_net_earnings_municipality_residence.csv,2403040403IND01,Average net earnings,net,80489,Čoka,2021,52874,RSD,RSD,A,Normal value,SORS
annual_avg_monthly_net_earnings_municipality_residence.csv,2403040403IND01,Average net earnings,net,80497,Šid,2021,53732,RSD,RSD,A,Normal value,SORS
annual_avg_monthly_net_earnings_municipality_residence.csv,2403040403IND01,Average net earnings,net,89010,Grad Novi Sad,2021,75773,RSD,RSD,A,Normal value,SORS
annual_avg_monthly_net_earnings_municipality_residence.csv,2403040403IND01,Average net earnings,net,RS,REPUBLIC OF SERBIA,2021,65864,RSD,RSD,A,Normal value,SORS
annual_avg_monthly_net_earnings_municipality_residence.csv,2403040403IND01,Average net earnings,net,RS1,SRBIJA – SEVER,2021,72923,RSD,RSD,A,Normal value,SORS
annual_avg_monthly_net_earnings_municipality_residence.csv,2403040403IND01,Average net earnings,net,RS11,Beogradski region,2021,82132,RSD,RSD,A,Normal value,SORS
annual_avg_monthly_net_earnings_municipality_residence.csv,2403040403IND01,Average net earnings,net,RS110,Beogradska oblast,2021,82132,RSD,RSD,A,Normal value,SORS
annual_avg_monthly_net_earnings_municipality_residence.csv,2403040403IND01,Average net earnings,net,RS12,Region Vojvodine,2021,62494,RSD,RSD,A,Normal value,SORS
annual_avg_monthly_net_earnings_municipality_residence.csv,2403040403IND01,Average net earnings,net,RS121,Zapadnobačka oblast,2021,55403,RSD,RSD,A,Normal value,SORS
annual_avg_monthly_net_earnings_municipality_residence.csv,2403040403IND01,Average net earnings,net,RS122,Južnobanatska oblast,2021,61501,RSD,RSD,A,Normal value,SORS
annual_avg_monthly_net_earnings_municipality_residence.csv,2403040403IND01,Average net earnings,net,RS123,Južnobačka oblast,2021,68500,RSD,RSD,A,Normal value,SORS
annual_avg_monthly_net_earnings_municipality_residence.csv,2403040403IND01,Average net earnings,net,RS124,Severnobanatska oblast,2021,57208,RSD,RSD,A,Normal value,SORS
annual_avg_monthly_net_earnings_municipality_residence.csv,2403040403IND01,Average net earnings,net,RS125,Severnobačka oblast,2021,58924,RSD,RSD,A,Normal value,SORS
annual_avg_monthly_net_earnings_municipality_residence.csv,2403040403IND01,Average net earnings,net,RS126,Srednjobanatska oblast,2021,59690,RSD,RSD,A,Normal value,SORS
annual_avg_monthly_net_earnings_municipality_residence.csv,2403040403IND01,Average net earnings,net,RS127,Sremska oblast,2021,58809,RSD,RSD,A,Normal value,SORS
annual_avg_monthly_net_earnings_municipality_residence.csv,2403040403IND01,Average net earnings,net,RS2,SRBIJA – JUG,2021,56628,RSD,RSD,A,Normal value,SORS
annual_avg_monthly_net_earnings_municipality_residence.csv,2403040403IND01,Average net earnings,net,RS21,Region Šumadije i Zapadne Srbije,2021,55901,RSD,RSD,A,Normal value,SORS
annual_avg_monthly_net_earnings_municipality_residence.csv,2403040403IND01,Average net earnings,net,RS211,Zlatiborska oblast,2021,55995,RSD,RSD,A,Normal value,SORS
annual_avg_monthly_net_earnings_municipality_residence.csv,2403040403IND01,Average net earnings,net,RS212,Kolubarska oblast,2021,58613,RSD,RSD,A,Normal value,SORS
annual_avg_monthly_net_earnings_municipality_residence.csv,2403040403IND01,Average net earnings,net,RS213,Mačvanska oblast,2021,54582,RSD,RSD,A,Normal value,SORS
annual_avg_monthly_net_earnings_municipality_residence.csv,2403040403IND01,Average net earnings,net,RS214,Moravička oblast,2021,56665,RSD,RSD,A,Normal value,SORS
annual_avg_monthly_net_earnings_municipality_residence.csv,2403040403IND01,Average net earnings,net,RS215,Pomoravska oblast,2021,52970,RSD,RSD,A,Normal value,SORS
annual_avg_monthly_net_earnings_municipality_residence.csv,2403040403IND01,Average net earnings,net,RS216,Rasinska oblast,2021,54001,RSD,RSD,A,Normal value,SORS
annual_avg_monthly_net_earnings_municipality_residence.csv,2403040403IND01,Average net earnings,net,RS217,Raška oblast,2021,52800,RSD,RSD,A,Normal value,SORS
annual_avg_monthly_net_earnings_municipality_residence.csv,2403040403IND01,Average net earnings,net,RS218,Šumadijska oblast,2021,60514,RSD,RSD,A,Normal value,SORS
annual_avg_monthly_net_earnings_municipality_residence.csv,2403040403IND01,Average net earnings,net,RS22,Region Južne i Istočne Srbije,2021,57551,RSD,RSD,A,Normal value,SORS
annual_avg_monthly_net_earnings_municipality_residence.csv,2403040403IND01,Average net earnings,net,RS221,Borska oblast,2021,68284,RSD,RSD,A,Normal value,SORS
annual_avg_monthly_net_earnings_municipality_residence.csv,2403040403IND01,Average net earnings,net,RS222,Braničevska oblast,2021,59836,RSD,RSD,A,Normal value,SORS
annual_avg_monthly_net_earnings_municipality_residence.csv,2403040403IND01,Average net earnings,net,RS223,Zaječarska oblast,2021,54258,RSD,RSD,A,Normal value,SORS
annual_avg_monthly_net_earnings_municipality_residence.csv,2403040403IND01,Average net earnings,net,RS224,Jablanička oblast,2021,50395,RSD,RSD,A,Normal value,SORS
annual_avg_monthly_net_earnings_municipality_residence.csv,2403040403IND01,Average net earnings,net,RS225,Nišavska oblast,2021,60386,RSD,RSD,A,Normal value,SORS
annual_avg_monthly_net_earnings_municipality_residence.csv,2403040403IND01,Average net earnings,net,RS226,Pirotska oblast,2021,58257,RSD,RSD,A,Normal value,SORS
annual_avg_monthly_net_earnings_municipality_residence.csv,2403040403IND01,Average net earnings,net,RS227,Podunavska oblast,2021,59065,RSD,RSD,A,Normal value,SORS
annual_avg_monthly_net_earnings_municipality_residence.csv,2403040403IND01,Average net earnings,net,RS228,Pčinjska oblast,2021,52099,RSD,RSD,A,Normal value,SORS
annual_avg_monthly_net_earnings_municipality_residence.csv,2403040403IND01,Average net earnings,net,RS229,Toplička oblast,2021,52912,RSD,RSD,A,Normal value,SORS
annual_avg_monthly_net_earnings_municipality_residence.csv,2403040403IND01,Average net earnings,net,70017,Aleksandrovac,2022,54879,RSD,RSD,A,Normal value,SORS
annual_avg_monthly_net_earnings_municipality_residence.csv,2403040403IND01,Average net earnings,net,70025,Aleksinac,2022,59048,RSD,RSD,A,Normal value,SORS
annual_avg_monthly_net_earnings_municipality_residence.csv,2403040403IND01,Average net earnings,net,70033,Aranđelovac,2022,64296,RSD,RSD,A,Normal value,SORS
annual_avg_monthly_net_earnings_municipality_residence.csv,2403040403IND01,Average net earnings,net,70041,Arilje,2022,55521,RSD,RSD,A,Normal value,SORS
annual_avg_monthly_net_earnings_municipality_residence.csv,2403040403IND01,Average net earnings,net,70050,Babušnica,2022,58306,RSD,RSD,A,Normal value,SORS
annual_avg_monthly_net_earnings_municipality_residence.csv,2403040403IND01,Average net earnings,net,70068,Bajina Bašta,2022,56914,RSD,RSD,A,Normal value,SORS
annual_avg_monthly_net_earnings_municipality_residence.csv,2403040403IND01,Average net earnings,net,70076,Batočina,2022,57122,RSD,RSD,A,Normal value,SORS
annual_avg_monthly_net_earnings_municipality_residence.csv,2403040403IND01,Average net earnings,net,70084,Bela Palanka,2022,55539,RSD,RSD,A,Normal value,SORS
annual_avg_monthly_net_earnings_municipality_residence.csv,2403040403IND01,Average net earnings,net,70092,Barajevo,2022,63570,RSD,RSD,A,Normal value,SORS
annual_avg_monthly_net_earnings_municipality_residence.csv,2403040403IND01,Average net earnings,net,70106,Voždovac,2022,100032,RSD,RSD,A,Normal value,SORS
annual_avg_monthly_net_earnings_municipality_residence.csv,2403040403IND01,Average net earnings,net,70114,Vračar,2022,127745,RSD,RSD,A,Normal value,SORS
annual_avg_monthly_net_earnings_municipality_residence.csv,2403040403IND01,Average net earnings,net,70122,Grocka,2022,65214,RSD,RSD,A,Normal value,SORS
annual_avg_monthly_net_earnings_municipality_residence.csv,2403040403IND01,Average net earnings,net,70149,Zvezdara,2022,98116,RSD,RSD,A,Normal value,SORS
annual_avg_monthly_net_earnings_municipality_residence.csv,2403040403IND01,Average net earnings,net,70157,Zemun,2022,87698,RSD,RSD,A,Normal value,SORS
annual_avg_monthly_net_earnings_municipality_residence.csv,2403040403IND01,Average net earnings,net,70165,Lazarevac,2022,80854,RSD,RSD,A,Normal value,SORS
annual_avg_monthly_net_earnings_municipality_residence.csv,2403040403IND01,Average net earnings,net,70173,Mladenovac,2022,62631,RSD,RSD,A,Normal value,SORS
annual_avg_monthly_net_earnings_municipality_residence.csv,2403040403IND01,Average net earnings,net,70181,Novi Beograd,2022,123914,RSD,RSD,A,Normal value,SORS
annual_avg_monthly_net_earnings_municipality_residence.csv,2403040403IND01,Average net earnings,net,70190,Obrenovac,2022,71909,RSD,RSD,A,Normal value,SORS
annual_avg_monthly_net_earnings_municipality_residence.csv,2403040403IND01,Average net earnings,net,70203,Palilula (Beograd),2022,85002,RSD,RSD,A,Normal value,SORS
annual_avg_monthly_net_earnings_municipality_residence.csv,2403040403IND01,Average net earnings,net,70211,Rakovica,2022,85003,RSD,RSD,A,Normal value,SORS
annual_avg_monthly_net_earnings_municipality_residence.csv,2403040403IND01,Average net earnings,net,70220,Savski venac,2022,115187,RSD,RSD,A,Normal value,SORS
annual_avg_monthly_net_earnings_municipality_residence.csv,2403040403IND01,Average net earnings,net,70238,Sopot,2022,61551,RSD,RSD,A,Normal value,SORS
annual_avg_monthly_net_earnings_municipality_residence.csv,2403040403IND01,Average net earnings,net,70246,Stari grad,2022,126162,RSD,RSD,A,Normal value,SORS
annual_avg_monthly_net_earnings_municipality_residence.csv,2403040403IND01,Average net earnings,net,70254,Čukarica,2022,90833,RSD,RSD,A,Normal value,SORS
annual_avg_monthly_net_earnings_municipality_residence.csv,2403040403IND01,Average net earnings,net,70262,Blace,2022,52204,RSD,RSD,A,Normal value,SORS
annual_avg_monthly_net_earnings_municipality_residence.csv,2403040403IND01,Average net earnings,net,70289,Bogatić,2022,56324,RSD,RSD,A,Normal value,SORS
annual_avg_monthly_net_earnings_municipality_residence.csv,2403040403IND01,Average net earnings,net,70297,Bojnik,2022,49706,RSD,RSD,A,Normal value,SORS
annual_avg_monthly_net_earnings_municipality_residence.csv,2403040403IND01,Average net earnings,net,70319,Boljevac,2022,63149,RSD,RSD,A,Normal value,SORS
annual_avg_monthly_net_earnings_municipality_residence.csv,2403040403IND01,Average net earnings,net,70327,Bor,2022,86764,RSD,RSD,A,Normal value,SORS
annual_avg_monthly_net_earnings_municipality_residence.csv,2403040403IND01,Average net earnings,net,70335,Bosilegrad,2022,52720,RSD,RSD,A,Normal value,SORS
annual_avg_monthly_net_earnings_municipality_residence.csv,2403040403IND01,Average net earnings,net,70343,Brus,2022,56424,RSD,RSD,A,Normal value,SORS
annual_avg_monthly_net_earnings_municipality_residence.csv,2403040403IND01,Average net earnings,net,70351,Bujanovac,2022,52354,RSD,RSD,A,Normal value,SORS
annual_avg_monthly_net_earnings_municipality_residence.csv,2403040403IND01,Average net earnings,net,70360,Valjevo,2022,65079,RSD,RSD,A,Normal value,SORS
annual_avg_monthly_net_earnings_municipality_residence.csv,2403040403IND01,Average net earnings,net,70378,Varvarin,2022,54928,RSD,RSD,A,Normal value,SORS
annual_avg_monthly_net_earnings_municipality_residence.csv,2403040403IND01,Average net earnings,net,70386,Velika Plana,2022,60021,RSD,RSD,A,Normal value,SORS
annual_avg_monthly_net_earnings_municipality_residence.csv,2403040403IND01,Average net earnings,net,70394,Veliko Gradište,2022,56457,RSD,RSD,A,Normal value,SORS
annual_avg_monthly_net_earnings_municipality_residence.csv,2403040403IND01,Average net earnings,net,70408,Vladimirci,2022,56167,RSD,RSD,A,Normal value,SORS
annual_avg_monthly_net_earnings_municipality_residence.csv,2403040403IND01,Average net earnings,net,70416,Vladičin Han,2022,58962,RSD,RSD,A,Normal value,SORS
annual_avg_monthly_net_earnings_municipality_residence.csv,2403040403IND01,Average net earnings,net,70424,Vlasotince,2022,52009,RSD,RSD,A,Normal value,SORS
annual_avg_monthly_net_earnings_municipality_residence.csv,2403040403IND01,Average net earnings,net,70432,Vranje,2022,59144,RSD,RSD,A,Normal value,SORS
annual_avg_monthly_net_earnings_municipality_residence.csv,2403040403IND01,Average net earnings,net,70459,Vrnjačka Banja,2022,55594,RSD,RSD,A,Normal value,SORS
annual_avg_monthly_net_earnings_municipality_residence.csv,2403040403IND01,Average net earnings,net,70467,Gadžin Han,2022,53271,RSD,RSD,A,Normal value,SORS
annual_avg_monthly_net_earnings_municipality_residence.csv,2403040403IND01,Average net earnings,net,70475,Golubac,2022,54236,RSD,RSD,A,Normal value,SORS
annual_avg_monthly_net_earnings_municipality_residence.csv,2403040403IND01,Average net earnings,net,70483,Gornji Milanovac,2022,66123,RSD,RSD,A,Normal value,SORS
annual_avg_monthly_net_earnings_municipality_residence.csv,2403040403IND01,Average net earnings,net,70491,Despotovac,2022,57623,RSD,RSD,A,Normal value,SORS
annual_avg_monthly_net_earnings_municipality_residence.csv,2403040403IND01,Average net earnings,net,70505,Dimitrovgrad,2022,56563,RSD,RSD,A,Normal value,SORS
annual_avg_monthly_net_earnings_municipality_residence.csv,2403040403IND01,Average net earnings,net,70513,Doljevac,2022,54658,RSD,RSD,A,Normal value,SORS
annual_avg_monthly_net_earnings_municipality_residence.csv,2403040403IND01,Average net earnings,net,70521,Žabari,2022,56388,RSD,RSD,A,Normal value,SORS
annual_avg_monthly_net_earnings_municipality_residence.csv,2403040403IND01,Average net earnings,net,70530,Žagubica,2022,59607,RSD,RSD,A,Normal value,SORS
annual_avg_monthly_net_earnings_municipality_residence.csv,2403040403IND01,Average net earnings,net,70548,Žitorađa,2022,55604,RSD,RSD,A,Normal value,SORS
annual_avg_monthly_net_earnings_municipality_residence.csv,2403040403IND01,Average net earnings,net,70556,Zaječar,2022,63719,RSD,RSD,A,Normal value,SORS
annual_avg_monthly_net_earnings_municipality_residence.csv,2403040403IND01,Average net earnings,net,70564,Ivanjica,2022,54640,RSD,RSD,A,Normal value,SORS
annual_avg_monthly_net_earnings_municipality_residence.csv,2403040403IND01,Average net earnings,net,70572,Kladovo,2022,63574,RSD,RSD,A,Normal value,SORS
annual_avg_monthly_net_earnings_municipality_residence.csv,2403040403IND01,Average net earnings,net,70599,Knić,2022,58893,RSD,RSD,A,Normal value,SORS
annual_avg_monthly_net_earnings_municipality_residence.csv,2403040403IND01,Average net earnings,net,70602,Knjaževac,2022,55093,RSD,RSD,A,Normal value,SORS
annual_avg_monthly_net_earnings_municipality_residence.csv,2403040403IND01,Average net earnings,net,70629,Kosjerić,2022,62539,RSD,RSD,A,Normal value,SORS
annual_avg_monthly_net_earnings_municipality_residence.csv,2403040403IND01,Average net earnings,net,70637,Koceljeva,2022,55472,RSD,RSD,A,Normal value,SORS
annual_avg_monthly_net_earnings_municipality_residence.csv,2403040403IND01,Average net earnings,net,70645,Kragujevac,2022,70999,RSD,RSD,A,Normal value,SORS
annual_avg_monthly_net_earnings_municipality_residence.csv,2403040403IND01,Average net earnings,net,70653,Kraljevo,2022,62043,RSD,RSD,A,Normal value,SORS
annual_avg_monthly_net_earnings_municipality_residence.csv,2403040403IND01,Average net earnings,net,70661,Krupanj,2022,55015,RSD,RSD,A,Normal value,SORS
annual_avg_monthly_net_earnings_municipality_residence.csv,2403040403IND01,Average net earnings,net,70670,Kruševac,2022,64407,RSD,RSD,A,Normal value,SORS
annual_avg_monthly_net_earnings_municipality_residence.csv,2403040403IND01,Average net earnings,net,70688,Kuršumlija,2022,56621,RSD,RSD,A,Normal value,SORS
annual_avg_monthly_net_earnings_municipality_residence.csv,2403040403IND01,Average net earnings,net,70696,Kučevo,2022,59891,RSD,RSD,A,Normal value,SORS
annual_avg_monthly_net_earnings_municipality_residence.csv,2403040403IND01,Average net earnings,net,70700,Lajkovac,2022,74609,RSD,RSD,A,Normal value,SORS
annual_avg_monthly_net_earnings_municipality_residence.csv,2403040403IND01,Average net earnings,net,70718,Lebane,2022,52611,RSD,RSD,A,Normal value,SORS
annual_avg_monthly_net_earnings_municipality_residence.csv,2403040403IND01,Average net earnings,net,70726,Leskovac,2022,57468,RSD,RSD,A,Normal value,SORS
annual_avg_monthly_net_earnings_municipality_residence.csv,2403040403IND01,Average net earnings,net,70734,Loznica,2022,59762,RSD,RSD,A,Normal value,SORS
annual_avg_monthly_net_earnings_municipality_residence.csv,2403040403IND01,Average net earnings,net,70742,Lučani,2022,71652,RSD,RSD,A,Normal value,SORS
annual_avg_monthly_net_earnings_municipality_residence.csv,2403040403IND01,Average net earnings,net,70769,Ljig,2022,63545,RSD,RSD,A,Normal value,SORS
annual_avg_monthly_net_earnings_municipality_residence.csv,2403040403IND01,Average net earnings,net,70777,Ljubovija,2022,61304,RSD,RSD,A,Normal value,SORS
annual_avg_monthly_net_earnings_municipality_residence.csv,2403040403IND01,Average net earnings,net,70785,Majdanpek,2022,77724,RSD,RSD,A,Normal value,SORS
annual_avg_monthly_net_earnings_municipality_residence.csv,2403040403IND01,Average net earnings,net,70793,Mali Zvornik,2022,58246,RSD,RSD,A,Normal value,SORS
annual_avg_monthly_net_earnings_municipality_residence.csv,2403040403IND01,Average net earnings,net,70807,Malo Crniće,2022,56036,RSD,RSD,A,Normal value,SORS
annual_avg_monthly_net_earnings_municipality_residence.csv,2403040403IND01,Average net earnings,net,70815,Medveđa,2022,62230,RSD,RSD,A,Normal value,SORS
annual_avg_monthly_net_earnings_municipality_residence.csv,2403040403IND01,Average net earnings,net,70823,Merošina,2022,53521,RSD,RSD,A,Normal value,SORS
annual_avg_monthly_net_earnings_municipality_residence.csv,2403040403IND01,Average net earnings,net,70831,Mionica,2022,57076,RSD,RSD,A,Normal value,SORS
annual_avg_monthly_net_earnings_municipality_residence.csv,2403040403IND01,Average net earnings,net,70840,Negotin,2022,63543,RSD,RSD,A,Normal value,SORS
annual_avg_monthly_net_earnings_municipality_residence.csv,2403040403IND01,Average net earnings,net,70866,Nova Varoš,2022,57704,RSD,RSD,A,Normal value,SORS
annual_avg_monthly_net_earnings_municipality_residence.csv,2403040403IND01,Average net earnings,net,70874,Novi Pazar,2022,55363,RSD,RSD,A,Normal value,SORS
annual_avg_monthly_net_earnings_municipality_residence.csv,2403040403IND01,Average net earnings,net,70882,Osečina,2022,56944,RSD,RSD,A,Normal value,SORS
annual_avg_monthly_net_earnings_municipality_residence.csv,2403040403IND01,Average net earnings,net,70904,Paraćin,2022,59044,RSD,RSD,A,Normal value,SORS
annual_avg_monthly_net_earnings_municipality_residence.csv,2403040403IND01,Average net earnings,net,70912,Petrovac na Mlavi,2022,55503,RSD,RSD,A,Normal value,SORS
annual_avg_monthly_net_earnings_municipality_residence.csv,2403040403IND01,Average net earnings,net,70939,Pirot,2022,69006,RSD,RSD,A,Normal value,SORS
annual_avg_monthly_net_earnings_municipality_residence.csv,2403040403IND01,Average net earnings,net,70947,Požarevac,2022,70147,RSD,RSD,A,Normal value,SORS
annual_avg_monthly_net_earnings_municipality_residence.csv,2403040403IND01,Average net earnings,net,70955,Požega,2022,63645,RSD,RSD,A,Normal value,SORS
annual_avg_monthly_net_earnings_municipality_residence.csv,2403040403IND01,Average net earnings,net,70963,Preševo,2022,50627,RSD,RSD,A,Normal value,SORS
annual_avg_monthly_net_earnings_municipality_residence.csv,2403040403IND01,Average net earnings,net,70971,Priboj,2022,59040,RSD,RSD,A,Normal value,SORS
annual_avg_monthly_net_earnings_municipality_residence.csv,2403040403IND01,Average net earnings,net,70980,Prijepolje,2022,55532,RSD,RSD,A,Normal value,SORS
annual_avg_monthly_net_earnings_municipality_residence.csv,2403040403IND01,Average net earnings,net,70998,Prokuplje,2022,61230,RSD,RSD,A,Normal value,SORS
annual_avg_monthly_net_earnings_municipality_residence.csv,2403040403IND01,Average net earnings,net,71005,Ražanj,2022,52646,RSD,RSD,A,Normal value,SORS
annual_avg_monthly_net_earnings_municipality_residence.csv,2403040403IND01,Average net earnings,net,71013,Rača,2022,58487,RSD,RSD,A,Normal value,SORS
annual_avg_monthly_net_earnings_municipality_residence.csv,2403040403IND01,Average net earnings,net,71021,Raška,2022,57220,RSD,RSD,A,Normal value,SORS
annual_avg_monthly_net_earnings_municipality_residence.csv,2403040403IND01,Average net earnings,net,71030,Rekovac,2022,55269,RSD,RSD,A,Normal value,SORS
annual_avg_monthly_net_earnings_municipality_residence.csv,2403040403IND01,Average net earnings,net,71048,Jagodina,2022,60363,RSD,RSD,A,Normal value,SORS
annual_avg_monthly_net_earnings_municipality_residence.csv,2403040403IND01,Average net earnings,net,71056,Svilajnac,2022,56704,RSD,RSD,A,Normal value,SORS
annual_avg_monthly_net_earnings_municipality_residence.csv,2403040403IND01,Average net earnings,net,71064,Svrljig,2022,52275,RSD,RSD,A,Normal value,SORS
annual_avg_monthly_net_earnings_municipality_residence.csv,2403040403IND01,Average net earnings,net,71072,Sjenica,2022,55757,RSD,RSD,A,Normal value,SORS
annual_avg_monthly_net_earnings_municipality_residence.csv,2403040403IND01,Average net earnings,net,71099,Smederevo,2022,68862,RSD,RSD,A,Normal value,SORS
annual_avg_monthly_net_earnings_municipality_residence.csv,2403040403IND01,Average net earnings,net,71102,Smederevska Palanka,2022,60359,RSD,RSD,A,Normal value,SORS
annual_avg_monthly_net_earnings_municipality_residence.csv,2403040403IND01,Average net earnings,net,71129,Sokobanja,2022,58148,RSD,RSD,A,Normal value,SORS
annual_avg_monthly_net_earnings_municipality_residence.csv,2403040403IND01,Average net earnings,net,71137,Surdulica,2022,58912,RSD,RSD,A,Normal value,SORS
annual_avg_monthly_net_earnings_municipality_residence.csv,2403040403IND01,Average net earnings,net,71145,Užice,2022,70616,RSD,RSD,A,Normal value,SORS
annual_avg_monthly_net_earnings_municipality_residence.csv,2403040403IND01,Average net earnings,net,71153,Topola,2022,57980,RSD,RSD,A,Normal value,SORS
annual_avg_monthly_net_earnings_municipality_residence.csv,2403040403IND01,Average net earnings,net,71161,Trgovište,2022,56328,RSD,RSD,A,Normal value,SORS
annual_avg_monthly_net_earnings_municipality_residence.csv,2403040403IND01,Average net earnings,net,71170,Trstenik,2022,56100,RSD,RSD,A,Normal value,SORS
annual_avg_monthly_net_earnings_municipality_residence.csv,2403040403IND01,Average net earnings,net,71188,Tutin,2022,55218,RSD,RSD,A,Normal value,SORS
annual_avg_monthly_net_earnings_municipality_residence.csv,2403040403IND01,Average net earnings,net,71196,Ćićevac,2022,56135,RSD,RSD,A,Normal value,SORS
annual_avg_monthly_net_earnings_municipality_residence.csv,2403040403IND01,Average net earnings,net,71200,Ćuprija,2022,59947,RSD,RSD,A,Normal value,SORS
annual_avg_monthly_net_earnings_municipality_residence.csv,2403040403IND01,Average net earnings,net,71218,Ub,2022,63092,RSD,RSD,A,Normal value,SORS
annual_avg_monthly_net_earnings_municipality_residence.csv,2403040403IND01,Average net earnings,net,71226,Crna Trava,2022,52380,RSD,RSD,A,Normal value,SORS
annual_avg_monthly_net_earnings_municipality_residence.csv,2403040403IND01,Average net earnings,net,71234,Čajetina,2022,58105,RSD,RSD,A,Normal value,SORS
annual_avg_monthly_net_earnings_municipality_residence.csv,2403040403IND01,Average net earnings,net,71242,Čačak,2022,63887,RSD,RSD,A,Normal value,SORS
annual_avg_monthly_net_earnings_municipality_residence.csv,2403040403IND01,Average net earnings,net,71269,Šabac,2022,65669,RSD,RSD,A,Normal value,SORS
annual_avg_monthly_net_earnings_municipality_residence.csv,2403040403IND01,Average net earnings,net,71277,Lapovo,2022,59022,RSD,RSD,A,Normal value,SORS
annual_avg_monthly_net_earnings_municipality_residence.csv,2403040403IND01,Average net earnings,net,71285,Niška Banja,2022,57925,RSD,RSD,A,Normal value,SORS
annual_avg_monthly_net_earnings_municipality_residence.csv,2403040403IND01,Average net earnings,net,71293,Surčin,2022,66688,RSD,RSD,A,Normal value,SORS
annual_avg_monthly_net_earnings_municipality_residence.csv,2403040403IND01,Average net earnings,net,71307,Pantelej,2022,68023,RSD,RSD,A,Normal value,SORS
annual_avg_monthly_net_earnings_municipality_residence.csv,2403040403IND01,Average net earnings,net,71315,Crveni Krst,2022,62471,RSD,RSD,A,Normal value,SORS
annual_avg_monthly_net_earnings_municipality_residence.csv,2403040403IND01,Average net earnings,net,71323,Palilula (Niš),2022,66049,RSD,RSD,A,Normal value,SORS
annual_avg_monthly_net_earnings_municipality_residence.csv,2403040403IND01,Average net earnings,net,71331,Medijana,2022,81574,RSD,RSD,A,Normal value,SORS
annual_avg_monthly_net_earnings_municipality_residence.csv,2403040403IND01,Average net earnings,net,71340,Kostolac,2022,77603,RSD,RSD,A,Normal value,SORS
annual_avg_monthly_net_earnings_municipality_residence.csv,2403040403IND01,Average net earnings,net,71358,Vranjska Banja,2022,54076,RSD,RSD,A,Normal value,SORS
annual_avg_monthly_net_earnings_municipality_residence.csv,2403040403IND01,Average net earnings,net,71366,Sevojno,2022,64695,RSD,RSD,A,Normal value,SORS
annual_avg_monthly_net_earnings_municipality_residence.csv,2403040403IND01,Average net earnings,net,79022,Grad Niš,2022,71867,RSD,RSD,A,Normal value,SORS
annual_avg_monthly_net_earnings_municipality_residence.csv,2403040403IND01,Average net earnings,net,79049,Grad Požarevac,2022,71193,RSD,RSD,A,Normal value,SORS
annual_avg_monthly_net_earnings_municipality_residence.csv,2403040403IND01,Average net earnings,net,79057,Grad Vranje,2022,59025,RSD,RSD,A,Normal value,SORS
annual_avg_monthly_net_earnings_municipality_residence.csv,2403040403IND01,Average net earnings,net,79065,Grad Užice,2022,70437,RSD,RSD,A,Normal value,SORS
annual_avg_monthly_net_earnings_municipality_residence.csv,2403040403IND01,Average net earnings,net,80012,Ada,2022,60465,RSD,RSD,A,Normal value,SORS
annual_avg_monthly_net_earnings_municipality_residence.csv,2403040403IND01,Average net earnings,net,80039,Alibunar,2022,59629,RSD,RSD,A,Normal value,SORS
annual_avg_monthly_net_earnings_municipality_residence.csv,2403040403IND01,Average net earnings,net,80047,Apatin,2022,60905,RSD,RSD,A,Normal value,SORS
annual_avg_monthly_net_earnings_municipality_residence.csv,2403040403IND01,Average net earnings,net,80055,Bač,2022,56581,RSD,RSD,A,Normal value,SORS
annual_avg_monthly_net_earnings_municipality_residence.csv,2403040403IND01,Average net earnings,net,80063,Bačka Palanka,2022,63957,RSD,RSD,A,Normal value,SORS
annual_avg_monthly_net_earnings_municipality_residence.csv,2403040403IND01,Average net earnings,net,80071,Bačka Topola,2022,60473,RSD,RSD,A,Normal value,SORS
annual_avg_monthly_net_earnings_municipality_residence.csv,2403040403IND01,Average net earnings,net,80080,Bački Petrovac,2022,60719,RSD,RSD,A,Normal value,SORS
annual_avg_monthly_net_earnings_municipality_residence.csv,2403040403IND01,Average net earnings,net,80098,Bela Crkva,2022,59672,RSD,RSD,A,Normal value,SORS
annual_avg_monthly_net_earnings_municipality_residence.csv,2403040403IND01,Average net earnings,net,80101,Beočin,2022,63423,RSD,RSD,A,Normal value,SORS
annual_avg_monthly_net_earnings_municipality_residence.csv,2403040403IND01,Average net earnings,net,80110,Bečej,2022,62646,RSD,RSD,A,Normal value,SORS
annual_avg_monthly_net_earnings_municipality_residence.csv,2403040403IND01,Average net earnings,net,80128,Vršac,2022,72937,RSD,RSD,A,Normal value,SORS
annual_avg_monthly_net_earnings_municipality_residence.csv,2403040403IND01,Average net earnings,net,80136,Žabalj,2022,59414,RSD,RSD,A,Normal value,SORS
annual_avg_monthly_net_earnings_municipality_residence.csv,2403040403IND01,Average net earnings,net,80144,Žitište,2022,61004,RSD,RSD,A,Normal value,SORS
annual_avg_monthly_net_earnings_municipality_residence.csv,2403040403IND01,Average net earnings,net,80152,Zrenjanin,2022,68833,RSD,RSD,A,Normal value,SORS
annual_avg_monthly_net_earnings_municipality_residence.csv,2403040403IND01,Average net earnings,net,80179,Inđija,2022,70893,RSD,RSD,A,Normal value,SORS
annual_avg_monthly_net_earnings_municipality_residence.csv,2403040403IND01,Average net earnings,net,80187,Irig,2022,60822,RSD,RSD,A,Normal value,SORS
annual_avg_monthly_net_earnings_municipality_residence.csv,2403040403IND01,Average net earnings,net,80195,Kanjiža,2022,60622,RSD,RSD,A,Normal value,SORS
annual_avg_monthly_net_earnings_municipality_residence.csv,2403040403IND01,Average net earnings,net,80209,Kikinda,2022,65312,RSD,RSD,A,Normal value,SORS
annual_avg_monthly_net_earnings_municipality_residence.csv,2403040403IND01,Average net earnings,net,80217,Kovačica,2022,58216,RSD,RSD,A,Normal value,SORS
annual_avg_monthly_net_earnings_municipality_residence.csv,2403040403IND01,Average net earnings,net,80225,Kovin,2022,63184,RSD,RSD,A,Normal value,SORS
annual_avg_monthly_net_earnings_municipality_residence.csv,2403040403IND01,Average net earnings,net,80233,Kula,2022,60539,RSD,RSD,A,Normal value,SORS
annual_avg_monthly_net_earnings_municipality_residence.csv,2403040403IND01,Average net earnings,net,80241,Mali Iđoš,2022,55934,RSD,RSD,A,Normal value,SORS
annual_avg_monthly_net_earnings_municipality_residence.csv,2403040403IND01,Average net earnings,net,80250,Nova Crnja,2022,60793,RSD,RSD,A,Normal value,SORS
annual_avg_monthly_net_earnings_municipality_residence.csv,2403040403IND01,Average net earnings,net,80268,Novi Bečej,2022,58640,RSD,RSD,A,Normal value,SORS
annual_avg_monthly_net_earnings_municipality_residence.csv,2403040403IND01,Average net earnings,net,80276,Novi Kneževac,2022,62233,RSD,RSD,A,Normal value,SORS
annual_avg_monthly_net_earnings_municipality_residence.csv,2403040403IND01,Average net earnings,net,80292,Opovo,2022,61275,RSD,RSD,A,Normal value,SORS
annual_avg_monthly_net_earnings_municipality_residence.csv,2403040403IND01,Average net earnings,net,80306,Odžaci,2022,59426,RSD,RSD,A,Normal value,SORS
annual_avg_monthly_net_earnings_municipality_residence.csv,2403040403IND01,Average net earnings,net,80314,Pančevo,2022,73598,RSD,RSD,A,Normal value,SORS
annual_avg_monthly_net_earnings_municipality_residence.csv,2403040403IND01,Average net earnings,net,80322,Pećinci,2022,66477,RSD,RSD,A,Normal value,SORS
annual_avg_monthly_net_earnings_municipality_residence.csv,2403040403IND01,Average net earnings,net,80349,Plandište,2022,60583,RSD,RSD,A,Normal value,SORS
annual_avg_monthly_net_earnings_municipality_residence.csv,2403040403IND01,Average net earnings,net,80357,Ruma,2022,65765,RSD,RSD,A,Normal value,SORS
annual_avg_monthly_net_earnings_municipality_residence.csv,2403040403IND01,Average net earnings,net,80365,Senta,2022,64921,RSD,RSD,A,Normal value,SORS
annual_avg_monthly_net_earnings_municipality_residence.csv,2403040403IND01,Average net earnings,net,80373,Sečanj,2022,59542,RSD,RSD,A,Normal value,SORS
annual_avg_monthly_net_earnings_municipality_residence.csv,2403040403IND01,Average net earnings,net,80381,Sombor,2022,64273,RSD,RSD,A,Normal value,SORS
annual_avg_monthly_net_earnings_municipality_residence.csv,2403040403IND01,Average net earnings,net,80390,Srbobran,2022,56991,RSD,RSD,A,Normal value,SORS
annual_avg_monthly_net_earnings_municipality_residence.csv,2403040403IND01,Average net earnings,net,80403,Sremska Mitrovica,2022,67212,RSD,RSD,A,Normal value,SORS
annual_avg_monthly_net_earnings_municipality_residence.csv,2403040403IND01,Average net earnings,net,80411,Sremski Karlovci,2022,70939,RSD,RSD,A,Normal value,SORS
annual_avg_monthly_net_earnings_municipality_residence.csv,2403040403IND01,Average net earnings,net,80420,Stara Pazova,2022,67547,RSD,RSD,A,Normal value,SORS
annual_avg_monthly_net_earnings_municipality_residence.csv,2403040403IND01,Average net earnings,net,80438,Subotica,2022,67629,RSD,RSD,A,Normal value,SORS
annual_avg_monthly_net_earnings_municipality_residence.csv,2403040403IND01,Average net earnings,net,80446,Temerin,2022,63752,RSD,RSD,A,Normal value,SORS
annual_avg_monthly_net_earnings_municipality_residence.csv,2403040403IND01,Average net earnings,net,80454,Titel,2022,58384,RSD,RSD,A,Normal value,SORS
annual_avg_monthly_net_earnings_municipality_residence.csv,2403040403IND01,Average net earnings,net,80462,Vrbas,2022,62607,RSD,RSD,A,Normal value,SORS
annual_avg_monthly_net_earnings_municipality_residence.csv,2403040403IND01,Average net earnings,net,80489,Čoka,2022,58088,RSD,RSD,A,Normal value,SORS
annual_avg_monthly_net_earnings_municipality_residence.csv,2403040403IND01,Average net earnings,net,80497,Šid,2022,61350,RSD,RSD,A,Normal value,SORS
annual_avg_monthly_net_earnings_municipality_residence.csv,2403040403IND01,Average net earnings,net,89010,Grad Novi Sad,2022,88932,RSD,RSD,A,Normal value,SORS
annual_avg_monthly_net_earnings_municipality_residence.csv,2403040403IND01,Average net earnings,net,RS,REPUBLIC OF SERBIA,2022,74933,RSD,RSD,A,Normal value,SORS
annual_avg_monthly_net_earnings_municipality_residence.csv,2403040403IND01,Average net earnings,net,RS1,SRBIJA – SEVER,2022,83787,RSD,RSD,A,Normal value,SORS
annual_avg_monthly_net_earnings_municipality_residence.csv,2403040403IND01,Average net earnings,net,RS11,Beogradski region,2022,94808,RSD,RSD,A,Normal value,SORS
annual_avg_monthly_net_earnings_municipality_residence.csv,2403040403IND01,Average net earnings,net,RS110,Beogradska oblast,2022,94808,RSD,RSD,A,Normal value,SORS
annual_avg_monthly_net_earnings_municipality_residence.csv,2403040403IND01,Average net earnings,net,RS12,Region Vojvodine,2022,71236,RSD,RSD,A,Normal value,SORS
annual_avg_monthly_net_earnings_municipality_residence.csv,2403040403IND01,Average net earnings,net,RS121,Zapadnobačka oblast,2022,62155,RSD,RSD,A,Normal value,SORS
annual_avg_monthly_net_earnings_municipality_residence.csv,2403040403IND01,Average net earnings,net,RS122,Južnobanatska oblast,2022,69427,RSD,RSD,A,Normal value,SORS
annual_avg_monthly_net_earnings_municipality_residence.csv,2403040403IND01,Average net earnings,net,RS123,Južnobačka oblast,2022,79560,RSD,RSD,A,Normal value,SORS
annual_avg_monthly_net_earnings_municipality_residence.csv,2403040403IND01,Average net earnings,net,RS124,Severnobanatska oblast,2022,63386,RSD,RSD,A,Normal value,SORS
annual_avg_monthly_net_earnings_municipality_residence.csv,2403040403IND01,Average net earnings,net,RS125,Severnobačka oblast,2022,66012,RSD,RSD,A,Normal value,SORS
annual_avg_monthly_net_earnings_municipality_residence.csv,2403040403IND01,Average net earnings,net,RS126,Srednjobanatska oblast,2022,66396,RSD,RSD,A,Normal value,SORS
annual_avg_monthly_net_earnings_municipality_residence.csv,2403040403IND01,Average net earnings,net,RS127,Sremska oblast,2022,66901,RSD,RSD,A,Normal value,SORS
annual_avg_monthly_net_earnings_municipality_residence.csv,2403040403IND01,Average net earnings,net,RS2,SRBIJA – JUG,2022,63411,RSD,RSD,A,Normal value,SORS
annual_avg_monthly_net_earnings_municipality_residence.csv,2403040403IND01,Average net earnings,net,RS21,Region Šumadije i Zapadne Srbije,2022,62687,RSD,RSD,A,Normal value,SORS
annual_avg_monthly_net_earnings_municipality_residence.csv,2403040403IND01,Average net earnings,net,RS211,Zlatiborska oblast,2022,62637,RSD,RSD,A,Normal value,SORS
annual_avg_monthly_net_earnings_municipality_residence.csv,2403040403IND01,Average net earnings,net,RS212,Kolubarska oblast,2022,64784,RSD,RSD,A,Normal value,SORS
annual_avg_monthly_net_earnings_municipality_residence.csv,2403040403IND01,Average net earnings,net,RS213,Mačvanska oblast,2022,61708,RSD,RSD,A,Normal value,SORS
annual_avg_monthly_net_earnings_municipality_residence.csv,2403040403IND01,Average net earnings,net,RS214,Moravička oblast,2022,63819,RSD,RSD,A,Normal value,SORS
annual_avg_monthly_net_earnings_municipality_residence.csv,2403040403IND01,Average net earnings,net,RS215,Pomoravska oblast,2022,59218,RSD,RSD,A,Normal value,SORS
annual_avg_monthly_net_earnings_municipality_residence.csv,2403040403IND01,Average net earnings,net,RS216,Rasinska oblast,2022,61067,RSD,RSD,A,Normal value,SORS
annual_avg_monthly_net_earnings_municipality_residence.csv,2403040403IND01,Average net earnings,net,RS217,Raška oblast,2022,59019,RSD,RSD,A,Normal value,SORS
annual_avg_monthly_net_earnings_municipality_residence.csv,2403040403IND01,Average net earnings,net,RS218,Šumadijska oblast,2022,67806,RSD,RSD,A,Normal value,SORS
annual_avg_monthly_net_earnings_municipality_residence.csv,2403040403IND01,Average net earnings,net,RS22,Region Južne i Istočne Srbije,2022,64329,RSD,RSD,A,Normal value,SORS
annual_avg_monthly_net_earnings_municipality_residence.csv,2403040403IND01,Average net earnings,net,RS221,Borska oblast,2022,76909,RSD,RSD,A,Normal value,SORS
annual_avg_monthly_net_earnings_municipality_residence.csv,2403040403IND01,Average net earnings,net,RS222,Braničevska oblast,2022,65378,RSD,RSD,A,Normal value,SORS
annual_avg_monthly_net_earnings_municipality_residence.csv,2403040403IND01,Average net earnings,net,RS223,Zaječarska oblast,2022,60834,RSD,RSD,A,Normal value,SORS
annual_avg_monthly_net_earnings_municipality_residence.csv,2403040403IND01,Average net earnings,net,RS224,Jablanička oblast,2022,56137,RSD,RSD,A,Normal value,SORS
annual_avg_monthly_net_earnings_municipality_residence.csv,2403040403IND01,Average net earnings,net,RS225,Nišavska oblast,2022,68390,RSD,RSD,A,Normal value,SORS
annual_avg_monthly_net_earnings_municipality_residence.csv,2403040403IND01,Average net earnings,net,RS226,Pirotska oblast,2022,65531,RSD,RSD,A,Normal value,SORS
annual_avg_monthly_net_earnings_municipality_residence.csv,2403040403IND01,Average net earnings,net,RS227,Podunavska oblast,2022,65443,RSD,RSD,A,Normal value,SORS
annual_avg_monthly_net_earnings_municipality_residence.csv,2403040403IND01,Average net earnings,net,RS228,Pčinjska oblast,2022,57258,RSD,RSD,A,Normal value,SORS
annual_avg_monthly_net_earnings_municipality_residence.csv,2403040403IND01,Average net earnings,net,RS229,Toplička oblast,2022,58502,RSD,RSD,A,Normal value,SORS
annual_avg_monthly_net_earnings_municipality_residence.csv,2403040403IND01,Average net earnings,net,70017,Aleksandrovac,2023,61597,RSD,RSD,A,Normal value,SORS
annual_avg_monthly_net_earnings_municipality_residence.csv,2403040403IND01,Average net earnings,net,70025,Aleksinac,2023,67783,RSD,RSD,A,Normal value,SORS
annual_avg_monthly_net_earnings_municipality_residence.csv,2403040403IND01,Average net earnings,net,70033,Aranđelovac,2023,73256,RSD,RSD,A,Normal value,SORS
annual_avg_monthly_net_earnings_municipality_residence.csv,2403040403IND01,Average net earnings,net,70041,Arilje,2023,62975,RSD,RSD,A,Normal value,SORS
annual_avg_monthly_net_earnings_municipality_residence.csv,2403040403IND01,Average net earnings,net,70050,Babušnica,2023,65098,RSD,RSD,A,Normal value,SORS
annual_avg_monthly_net_earnings_municipality_residence.csv,2403040403IND01,Average net earnings,net,70068,Bajina Bašta,2023,64707,RSD,RSD,A,Normal value,SORS
annual_avg_monthly_net_earnings_municipality_residence.csv,2403040403IND01,Average net earnings,net,70076,Batočina,2023,64974,RSD,RSD,A,Normal value,SORS
annual_avg_monthly_net_earnings_municipality_residence.csv,2403040403IND01,Average net earnings,net,70084,Bela Palanka,2023,62887,RSD,RSD,A,Normal value,SORS
annual_avg_monthly_net_earnings_municipality_residence.csv,2403040403IND01,Average net earnings,net,70092,Barajevo,2023,72756,RSD,RSD,A,Normal value,SORS
annual_avg_monthly_net_earnings_municipality_residence.csv,2403040403IND01,Average net earnings,net,70106,Voždovac,2023,113978,RSD,RSD,A,Normal value,SORS
annual_avg_monthly_net_earnings_municipality_residence.csv,2403040403IND01,Average net earnings,net,70114,Vračar,2023,150205,RSD,RSD,A,Normal value,SORS
annual_avg_monthly_net_earnings_municipality_residence.csv,2403040403IND01,Average net earnings,net,70122,Grocka,2023,74775,RSD,RSD,A,Normal value,SORS
annual_avg_monthly_net_earnings_municipality_residence.csv,2403040403IND01,Average net earnings,net,70149,Zvezdara,2023,112534,RSD,RSD,A,Normal value,SORS
annual_avg_monthly_net_earnings_municipality_residence.csv,2403040403IND01,Average net earnings,net,70157,Zemun,2023,101277,RSD,RSD,A,Normal value,SORS
annual_avg_monthly_net_earnings_municipality_residence.csv,2403040403IND01,Average net earnings,net,70165,Lazarevac,2023,90244,RSD,RSD,A,Normal value,SORS
annual_avg_monthly_net_earnings_municipality_residence.csv,2403040403IND01,Average net earnings,net,70173,Mladenovac,2023,71249,RSD,RSD,A,Normal value,SORS
annual_avg_monthly_net_earnings_municipality_residence.csv,2403040403IND01,Average net earnings,net,70181,Novi Beograd,2023,142355,RSD,RSD,A,Normal value,SORS
annual_avg_monthly_net_earnings_municipality_residence.csv,2403040403IND01,Average net earnings,net,70190,Obrenovac,2023,81350,RSD,RSD,A,Normal value,SORS
annual_avg_monthly_net_earnings_municipality_residence.csv,2403040403IND01,Average net earnings,net,70203,Palilula (Beograd),2023,97578,RSD,RSD,A,Normal value,SORS
annual_avg_monthly_net_earnings_municipality_residence.csv,2403040403IND01,Average net earnings,net,70211,Rakovica,2023,96805,RSD,RSD,A,Normal value,SORS
annual_avg_monthly_net_earnings_municipality_residence.csv,2403040403IND01,Average net earnings,net,70220,Savski venac,2023,140472,RSD,RSD,A,Normal value,SORS
annual_avg_monthly_net_earnings_municipality_residence.csv,2403040403IND01,Average net earnings,net,70238,Sopot,2023,70869,RSD,RSD,A,Normal value,SORS
annual_avg_monthly_net_earnings_municipality_residence.csv,2403040403IND01,Average net earnings,net,70246,Stari grad,2023,154469,RSD,RSD,A,Normal value,SORS
annual_avg_monthly_net_earnings_municipality_residence.csv,2403040403IND01,Average net earnings,net,70254,Čukarica,2023,103537,RSD,RSD,A,Normal value,SORS
annual_avg_monthly_net_earnings_municipality_residence.csv,2403040403IND01,Average net earnings,net,70262,Blace,2023,59284,RSD,RSD,A,Normal value,SORS
annual_avg_monthly_net_earnings_municipality_residence.csv,2403040403IND01,Average net earnings,net,70289,Bogatić,2023,64482,RSD,RSD,A,Normal value,SORS
annual_avg_monthly_net_earnings_municipality_residence.csv,2403040403IND01,Average net earnings,net,70297,Bojnik,2023,57392,RSD,RSD,A,Normal value,SORS
annual_avg_monthly_net_earnings_municipality_residence.csv,2403040403IND01,Average net earnings,net,70319,Boljevac,2023,74143,RSD,RSD,A,Normal value,SORS
annual_avg_monthly_net_earnings_municipality_residence.csv,2403040403IND01,Average net earnings,net,70327,Bor,2023,99197,RSD,RSD,A,Normal value,SORS
annual_avg_monthly_net_earnings_municipality_residence.csv,2403040403IND01,Average net earnings,net,70335,Bosilegrad,2023,62097,RSD,RSD,A,Normal value,SORS
annual_avg_monthly_net_earnings_municipality_residence.csv,2403040403IND01,Average net earnings,net,70343,Brus,2023,64811,RSD,RSD,A,Normal value,SORS
annual_avg_monthly_net_earnings_municipality_residence.csv,2403040403IND01,Average net earnings,net,70351,Bujanovac,2023,60655,RSD,RSD,A,Normal value,SORS
annual_avg_monthly_net_earnings_municipality_residence.csv,2403040403IND01,Average net earnings,net,70360,Valjevo,2023,74440,RSD,RSD,A,Normal value,SORS
annual_avg_monthly_net_earnings_municipality_residence.csv,2403040403IND01,Average net earnings,net,70378,Varvarin,2023,63586,RSD,RSD,A,Normal value,SORS
annual_avg_monthly_net_earnings_municipality_residence.csv,2403040403IND01,Average net earnings,net,70386,Velika Plana,2023,68879,RSD,RSD,A,Normal value,SORS
annual_avg_monthly_net_earnings_municipality_residence.csv,2403040403IND01,Average net earnings,net,70394,Veliko Gradište,2023,64553,RSD,RSD,A,Normal value,SORS
annual_avg_monthly_net_earnings_municipality_residence.csv,2403040403IND01,Average net earnings,net,70408,Vladimirci,2023,64135,RSD,RSD,A,Normal value,SORS
annual_avg_monthly_net_earnings_municipality_residence.csv,2403040403IND01,Average net earnings,net,70416,Vladičin Han,2023,66329,RSD,RSD,A,Normal value,SORS
annual_avg_monthly_net_earnings_municipality_residence.csv,2403040403IND01,Average net earnings,net,70424,Vlasotince,2023,58842,RSD,RSD,A,Normal value,SORS
annual_avg_monthly_net_earnings_municipality_residence.csv,2403040403IND01,Average net earnings,net,70432,Vranje,2023,66865,RSD,RSD,A,Normal value,SORS
annual_avg_monthly_net_earnings_municipality_residence.csv,2403040403IND01,Average net earnings,net,70459,Vrnjačka Banja,2023,63363,RSD,RSD,A,Normal value,SORS
annual_avg_monthly_net_earnings_municipality_residence.csv,2403040403IND01,Average net earnings,net,70467,Gadžin Han,2023,60099,RSD,RSD,A,Normal value,SORS
annual_avg_monthly_net_earnings_municipality_residence.csv,2403040403IND01,Average net earnings,net,70475,Golubac,2023,62640,RSD,RSD,A,Normal value,SORS
annual_avg_monthly_net_earnings_municipality_residence.csv,2403040403IND01,Average net earnings,net,70483,Gornji Milanovac,2023,75262,RSD,RSD,A,Normal value,SORS
annual_avg_monthly_net_earnings_municipality_residence.csv,2403040403IND01,Average net earnings,net,70491,Despotovac,2023,66102,RSD,RSD,A,Normal value,SORS
annual_avg_monthly_net_earnings_municipality_residence.csv,2403040403IND01,Average net earnings,net,70505,Dimitrovgrad,2023,63346,RSD,RSD,A,Normal value,SORS
annual_avg_monthly_net_earnings_municipality_residence.csv,2403040403IND01,Average net earnings,net,70513,Doljevac,2023,63538,RSD,RSD,A,Normal value,SORS
annual_avg_monthly_net_earnings_municipality_residence.csv,2403040403IND01,Average net earnings,net,70521,Žabari,2023,63981,RSD,RSD,A,Normal value,SORS
annual_avg_monthly_net_earnings_municipality_residence.csv,2403040403IND01,Average net earnings,net,70530,Žagubica,2023,68086,RSD,RSD,A,Normal value,SORS
annual_avg_monthly_net_earnings_municipality_residence.csv,2403040403IND01,Average net earnings,net,70548,Žitorađa,2023,63961,RSD,RSD,A,Normal value,SORS
annual_avg_monthly_net_earnings_municipality_residence.csv,2403040403IND01,Average net earnings,net,70556,Zaječar,2023,73322,RSD,RSD,A,Normal value,SORS
annual_avg_monthly_net_earnings_municipality_residence.csv,2403040403IND01,Average net earnings,net,70564,Ivanjica,2023,63073,RSD,RSD,A,Normal value,SORS
annual_avg_monthly_net_earnings_municipality_residence.csv,2403040403IND01,Average net earnings,net,70572,Kladovo,2023,72697,RSD,RSD,A,Normal value,SORS
annual_avg_monthly_net_earnings_municipality_residence.csv,2403040403IND01,Average net earnings,net,70599,Knić,2023,65770,RSD,RSD,A,Normal value,SORS
annual_avg_monthly_net_earnings_municipality_residence.csv,2403040403IND01,Average net earnings,net,70602,Knjaževac,2023,62679,RSD,RSD,A,Normal value,SORS
annual_avg_monthly_net_earnings_municipality_residence.csv,2403040403IND01,Average net earnings,net,70629,Kosjerić,2023,70678,RSD,RSD,A,Normal value,SORS
annual_avg_monthly_net_earnings_municipality_residence.csv,2403040403IND01,Average net earnings,net,70637,Koceljeva,2023,63577,RSD,RSD,A,Normal value,SORS
annual_avg_monthly_net_earnings_municipality_residence.csv,2403040403IND01,Average net earnings,net,70645,Kragujevac,2023,80494,RSD,RSD,A,Normal value,SORS
annual_avg_monthly_net_earnings_municipality_residence.csv,2403040403IND01,Average net earnings,net,70653,Kraljevo,2023,70785,RSD,RSD,A,Normal value,SORS
annual_avg_monthly_net_earnings_municipality_residence.csv,2403040403IND01,Average net earnings,net,70661,Krupanj,2023,63335,RSD,RSD,A,Normal value,SORS
annual_avg_monthly_net_earnings_municipality_residence.csv,2403040403IND01,Average net earnings,net,70670,Kruševac,2023,75440,RSD,RSD,A,Normal value,SORS
annual_avg_monthly_net_earnings_municipality_residence.csv,2403040403IND01,Average net earnings,net,70688,Kuršumlija,2023,67211,RSD,RSD,A,Normal value,SORS
annual_avg_monthly_net_earnings_municipality_residence.csv,2403040403IND01,Average net earnings,net,70696,Kučevo,2023,68774,RSD,RSD,A,Normal value,SORS
annual_avg_monthly_net_earnings_municipality_residence.csv,2403040403IND01,Average net earnings,net,70700,Lajkovac,2023,83473,RSD,RSD,A,Normal value,SORS
annual_avg_monthly_net_earnings_municipality_residence.csv,2403040403IND01,Average net earnings,net,70718,Lebane,2023,60574,RSD,RSD,A,Normal value,SORS
annual_avg_monthly_net_earnings_municipality_residence.csv,2403040403IND01,Average net earnings,net,70726,Leskovac,2023,65108,RSD,RSD,A,Normal value,SORS
annual_avg_monthly_net_earnings_municipality_residence.csv,2403040403IND01,Average net earnings,net,70734,Loznica,2023,68564,RSD,RSD,A,Normal value,SORS
annual_avg_monthly_net_earnings_municipality_residence.csv,2403040403IND01,Average net earnings,net,70742,Lučani,2023,86263,RSD,RSD,A,Normal value,SORS
annual_avg_monthly_net_earnings_municipality_residence.csv,2403040403IND01,Average net earnings,net,70769,Ljig,2023,72121,RSD,RSD,A,Normal value,SORS
annual_avg_monthly_net_earnings_municipality_residence.csv,2403040403IND01,Average net earnings,net,70777,Ljubovija,2023,69636,RSD,RSD,A,Normal value,SORS
annual_avg_monthly_net_earnings_municipality_residence.csv,2403040403IND01,Average net earnings,net,70785,Majdanpek,2023,89219,RSD,RSD,A,Normal value,SORS
annual_avg_monthly_net_earnings_municipality_residence.csv,2403040403IND01,Average net earnings,net,70793,Mali Zvornik,2023,67248,RSD,RSD,A,Normal value,SORS
annual_avg_monthly_net_earnings_municipality_residence.csv,2403040403IND01,Average net earnings,net,70807,Malo Crniće,2023,63361,RSD,RSD,A,Normal value,SORS
annual_avg_monthly_net_earnings_municipality_residence.csv,2403040403IND01,Average net earnings,net,70815,Medveđa,2023,71668,RSD,RSD,A,Normal value,SORS
annual_avg_monthly_net_earnings_municipality_residence.csv,2403040403IND01,Average net earnings,net,70823,Merošina,2023,62022,RSD,RSD,A,Normal value,SORS
annual_avg_monthly_net_earnings_municipality_residence.csv,2403040403IND01,Average net earnings,net,70831,Mionica,2023,65396,RSD,RSD,A,Normal value,SORS
annual_avg_monthly_net_earnings_municipality_residence.csv,2403040403IND01,Average net earnings,net,70840,Negotin,2023,71104,RSD,RSD,A,Normal value,SORS
annual_avg_monthly_net_earnings_municipality_residence.csv,2403040403IND01,Average net earnings,net,70866,Nova Varoš,2023,65790,RSD,RSD,A,Normal value,SORS
annual_avg_monthly_net_earnings_municipality_residence.csv,2403040403IND01,Average net earnings,net,70874,Novi Pazar,2023,62685,RSD,RSD,A,Normal value,SORS
annual_avg_monthly_net_earnings_municipality_residence.csv,2403040403IND01,Average net earnings,net,70882,Osečina,2023,65844,RSD,RSD,A,Normal value,SORS
annual_avg_monthly_net_earnings_municipality_residence.csv,2403040403IND01,Average net earnings,net,70904,Paraćin,2023,67565,RSD,RSD,A,Normal value,SORS
annual_avg_monthly_net_earnings_municipality_residence.csv,2403040403IND01,Average net earnings,net,70912,Petrovac na Mlavi,2023,62738,RSD,RSD,A,Normal value,SORS
annual_avg_monthly_net_earnings_municipality_residence.csv,2403040403IND01,Average net earnings,net,70939,Pirot,2023,78233,RSD,RSD,A,Normal value,SORS
annual_avg_monthly_net_earnings_municipality_residence.csv,2403040403IND01,Average net earnings,net,70947,Požarevac,2023,78980,RSD,RSD,A,Normal value,SORS
annual_avg_monthly_net_earnings_municipality_residence.csv,2403040403IND01,Average net earnings,net,70955,Požega,2023,72785,RSD,RSD,A,Normal value,SORS
annual_avg_monthly_net_earnings_municipality_residence.csv,2403040403IND01,Average net earnings,net,70963,Preševo,2023,57201,RSD,RSD,A,Normal value,SORS
annual_avg_monthly_net_earnings_municipality_residence.csv,2403040403IND01,Average net earnings,net,70971,Priboj,2023,66900,RSD,RSD,A,Normal value,SORS
annual_avg_monthly_net_earnings_municipality_residence.csv,2403040403IND01,Average net earnings,net,70980,Prijepolje,2023,63492,RSD,RSD,A,Normal value,SORS
annual_avg_monthly_net_earnings_municipality_residence.csv,2403040403IND01,Average net earnings,net,70998,Prokuplje,2023,70051,RSD,RSD,A,Normal value,SORS
annual_avg_monthly_net_earnings_municipality_residence.csv,2403040403IND01,Average net earnings,net,71005,Ražanj,2023,60712,RSD,RSD,A,Normal value,SORS
annual_avg_monthly_net_earnings_municipality_residence.csv,2403040403IND01,Average net earnings,net,71013,Rača,2023,66945,RSD,RSD,A,Normal value,SORS
annual_avg_monthly_net_earnings_municipality_residence.csv,2403040403IND01,Average net earnings,net,71021,Raška,2023,65213,RSD,RSD,A,Normal value,SORS
annual_avg_monthly_net_earnings_municipality_residence.csv,2403040403IND01,Average net earnings,net,71030,Rekovac,2023,63067,RSD,RSD,A,Normal value,SORS
annual_avg_monthly_net_earnings_municipality_residence.csv,2403040403IND01,Average net earnings,net,71048,Jagodina,2023,68667,RSD,RSD,A,Normal value,SORS
annual_avg_monthly_net_earnings_municipality_residence.csv,2403040403IND01,Average net earnings,net,71056,Svilajnac,2023,64660,RSD,RSD,A,Normal value,SORS
annual_avg_monthly_net_earnings_municipality_residence.csv,2403040403IND01,Average net earnings,net,71064,Svrljig,2023,59104,RSD,RSD,A,Normal value,SORS
annual_avg_monthly_net_earnings_municipality_residence.csv,2403040403IND01,Average net earnings,net,71072,Sjenica,2023,65815,RSD,RSD,A,Normal value,SORS
annual_avg_monthly_net_earnings_municipality_residence.csv,2403040403IND01,Average net earnings,net,71099,Smederevo,2023,78035,RSD,RSD,A,Normal value,SORS
annual_avg_monthly_net_earnings_municipality_residence.csv,2403040403IND01,Average net earnings,net,71102,Smederevska Palanka,2023,69467,RSD,RSD,A,Normal value,SORS
annual_avg_monthly_net_earnings_municipality_residence.csv,2403040403IND01,Average net earnings,net,71129,Sokobanja,2023,66443,RSD,RSD,A,Normal value,SORS
annual_avg_monthly_net_earnings_municipality_residence.csv,2403040403IND01,Average net earnings,net,71137,Surdulica,2023,66574,RSD,RSD,A,Normal value,SORS
annual_avg_monthly_net_earnings_municipality_residence.csv,2403040403IND01,Average net earnings,net,71145,Užice,2023,80087,RSD,RSD,A,Normal value,SORS
annual_avg_monthly_net_earnings_municipality_residence.csv,2403040403IND01,Average net earnings,net,71153,Topola,2023,66419,RSD,RSD,A,Normal value,SORS
annual_avg_monthly_net_earnings_municipality_residence.csv,2403040403IND01,Average net earnings,net,71161,Trgovište,2023,62012,RSD,RSD,A,Normal value,SORS
annual_avg_monthly_net_earnings_municipality_residence.csv,2403040403IND01,Average net earnings,net,71170,Trstenik,2023,64298,RSD,RSD,A,Normal value,SORS
annual_avg_monthly_net_earnings_municipality_residence.csv,2403040403IND01,Average net earnings,net,71188,Tutin,2023,61558,RSD,RSD,A,Normal value,SORS
annual_avg_monthly_net_earnings_municipality_residence.csv,2403040403IND01,Average net earnings,net,71196,Ćićevac,2023,63846,RSD,RSD,A,Normal value,SORS
annual_avg_monthly_net_earnings_municipality_residence.csv,2403040403IND01,Average net earnings,net,71200,Ćuprija,2023,68919,RSD,RSD,A,Normal value,SORS
annual_avg_monthly_net_earnings_municipality_residence.csv,2403040403IND01,Average net earnings,net,71218,Ub,2023,71870,RSD,RSD,A,Normal value,SORS
annual_avg_monthly_net_earnings_municipality_residence.csv,2403040403IND01,Average net earnings,net,71226,Crna Trava,2023,59667,RSD,RSD,A,Normal value,SORS
annual_avg_monthly_net_earnings_municipality_residence.csv,2403040403IND01,Average net earnings,net,71234,Čajetina,2023,66547,RSD,RSD,A,Normal value,SORS
annual_avg_monthly_net_earnings_municipality_residence.csv,2403040403IND01,Average net earnings,net,71242,Čačak,2023,73252,RSD,RSD,A,Normal value,SORS
annual_avg_monthly_net_earnings_municipality_residence.csv,2403040403IND01,Average net earnings,net,71269,Šabac,2023,74847,RSD,RSD,A,Normal value,SORS
annual_avg_monthly_net_earnings_municipality_residence.csv,2403040403IND01,Average net earnings,net,71277,Lapovo,2023,66599,RSD,RSD,A,Normal value,SORS
annual_avg_monthly_net_earnings_municipality_residence.csv,2403040403IND01,Average net earnings,net,71285,Niška Banja,2023,66209,RSD,RSD,A,Normal value,SORS
annual_avg_monthly_net_earnings_municipality_residence.csv,2403040403IND01,Average net earnings,net,71293,Surčin,2023,77951,RSD,RSD,A,Normal value,SORS
annual_avg_monthly_net_earnings_municipality_residence.csv,2403040403IND01,Average net earnings,net,71307,Pantelej,2023,77870,RSD,RSD,A,Normal value,SORS
annual_avg_monthly_net_earnings_municipality_residence.csv,2403040403IND01,Average net earnings,net,71315,Crveni Krst,2023,70440,RSD,RSD,A,Normal value,SORS
annual_avg_monthly_net_earnings_municipality_residence.csv,2403040403IND01,Average net earnings,net,71323,Palilula (Niš),2023,75353,RSD,RSD,A,Normal value,SORS
annual_avg_monthly_net_earnings_municipality_residence.csv,2403040403IND01,Average net earnings,net,71331,Medijana,2023,93269,RSD,RSD,A,Normal value,SORS
annual_avg_monthly_net_earnings_municipality_residence.csv,2403040403IND01,Average net earnings,net,71340,Kostolac,2023,88192,RSD,RSD,A,Normal value,SORS
annual_avg_monthly_net_earnings_municipality_residence.csv,2403040403IND01,Average net earnings,net,71358,Vranjska Banja,2023,60764,RSD,RSD,A,Normal value,SORS
annual_avg_monthly_net_earnings_municipality_residence.csv,2403040403IND01,Average net earnings,net,71366,Sevojno,2023,72826,RSD,RSD,A,Normal value,SORS
annual_avg_monthly_net_earnings_municipality_residence.csv,2403040403IND01,Average net earnings,net,79022,Grad Niš,2023,82067,RSD,RSD,A,Normal value,SORS
annual_avg_monthly_net_earnings_municipality_residence.csv,2403040403IND01,Average net earnings,net,79049,Grad Požarevac,2023,80235,RSD,RSD,A,Normal value,SORS
annual_avg_monthly_net_earnings_municipality_residence.csv,2403040403IND01,Average net earnings,net,79057,Grad Vranje,2023,66714,RSD,RSD,A,Normal value,SORS
annual_avg_monthly_net_earnings_municipality_residence.csv,2403040403IND01,Average net earnings,net,79065,Grad Užice,2023,79860,RSD,RSD,A,Normal value,SORS
annual_avg_monthly_net_earnings_municipality_residence.csv,2403040403IND01,Average net earnings,net,80012,Ada,2023,68873,RSD,RSD,A,Normal value,SORS
annual_avg_monthly_net_earnings_municipality_residence.csv,2403040403IND01,Average net earnings,net,80039,Alibunar,2023,69053,RSD,RSD,A,Normal value,SORS
annual_avg_monthly_net_earnings_municipality_residence.csv,2403040403IND01,Average net earnings,net,80047,Apatin,2023,69313,RSD,RSD,A,Normal value,SORS
annual_avg_monthly_net_earnings_municipality_residence.csv,2403040403IND01,Average net earnings,net,80055,Bač,2023,64437,RSD,RSD,A,Normal value,SORS
annual_avg_monthly_net_earnings_municipality_residence.csv,2403040403IND01,Average net earnings,net,80063,Bačka Palanka,2023,72725,RSD,RSD,A,Normal value,SORS
annual_avg_monthly_net_earnings_municipality_residence.csv,2403040403IND01,Average net earnings,net,80071,Bačka Topola,2023,69651,RSD,RSD,A,Normal value,SORS
annual_avg_monthly_net_earnings_municipality_residence.csv,2403040403IND01,Average net earnings,net,80080,Bački Petrovac,2023,70396,RSD,RSD,A,Normal value,SORS
annual_avg_monthly_net_earnings_municipality_residence.csv,2403040403IND01,Average net earnings,net,80098,Bela Crkva,2023,67075,RSD,RSD,A,Normal value,SORS
annual_avg_monthly_net_earnings_municipality_residence.csv,2403040403IND01,Average net earnings,net,80101,Beočin,2023,73083,RSD,RSD,A,Normal value,SORS
annual_avg_monthly_net_earnings_municipality_residence.csv,2403040403IND01,Average net earnings,net,80110,Bečej,2023,71235,RSD,RSD,A,Normal value,SORS
annual_avg_monthly_net_earnings_municipality_residence.csv,2403040403IND01,Average net earnings,net,80128,Vršac,2023,82212,RSD,RSD,A,Normal value,SORS
annual_avg_monthly_net_earnings_municipality_residence.csv,2403040403IND01,Average net earnings,net,80136,Žabalj,2023,68216,RSD,RSD,A,Normal value,SORS
annual_avg_monthly_net_earnings_municipality_residence.csv,2403040403IND01,Average net earnings,net,80144,Žitište,2023,70581,RSD,RSD,A,Normal value,SORS
annual_avg_monthly_net_earnings_municipality_residence.csv,2403040403IND01,Average net earnings,net,80152,Zrenjanin,2023,78459,RSD,RSD,A,Normal value,SORS
annual_avg_monthly_net_earnings_municipality_residence.csv,2403040403IND01,Average net earnings,net,80179,Inđija,2023,81518,RSD,RSD,A,Normal value,SORS
annual_avg_monthly_net_earnings_municipality_residence.csv,2403040403IND01,Average net earnings,net,80187,Irig,2023,69696,RSD,RSD,A,Normal value,SORS
annual_avg_monthly_net_earnings_municipality_residence.csv,2403040403IND01,Average net earnings,net,80195,Kanjiža,2023,67732,RSD,RSD,A,Normal value,SORS
annual_avg_monthly_net_earnings_municipality_residence.csv,2403040403IND01,Average net earnings,net,80209,Kikinda,2023,74760,RSD,RSD,A,Normal value,SORS
annual_avg_monthly_net_earnings_municipality_residence.csv,2403040403IND01,Average net earnings,net,80217,Kovačica,2023,66166,RSD,RSD,A,Normal value,SORS
annual_avg_monthly_net_earnings_municipality_residence.csv,2403040403IND01,Average net earnings,net,80225,Kovin,2023,71837,RSD,RSD,A,Normal value,SORS
annual_avg_monthly_net_earnings_municipality_residence.csv,2403040403IND01,Average net earnings,net,80233,Kula,2023,69363,RSD,RSD,A,Normal value,SORS
annual_avg_monthly_net_earnings_municipality_residence.csv,2403040403IND01,Average net earnings,net,80241,Mali Iđoš,2023,64130,RSD,RSD,A,Normal value,SORS
annual_avg_monthly_net_earnings_municipality_residence.csv,2403040403IND01,Average net earnings,net,80250,Nova Crnja,2023,69237,RSD,RSD,A,Normal value,SORS
annual_avg_monthly_net_earnings_municipality_residence.csv,2403040403IND01,Average net earnings,net,80268,Novi Bečej,2023,66389,RSD,RSD,A,Normal value,SORS
annual_avg_monthly_net_earnings_municipality_residence.csv,2403040403IND01,Average net earnings,net,80276,Novi Kneževac,2023,70357,RSD,RSD,A,Normal value,SORS
annual_avg_monthly_net_earnings_municipality_residence.csv,2403040403IND01,Average net earnings,net,80292,Opovo,2023,69968,RSD,RSD,A,Normal value,SORS
annual_avg_monthly_net_earnings_municipality_residence.csv,2403040403IND01,Average net earnings,net,80306,Odžaci,2023,67953,RSD,RSD,A,Normal value,SORS
annual_avg_monthly_net_earnings_municipality_residence.csv,2403040403IND01,Average net earnings,net,80314,Pančevo,2023,85234,RSD,RSD,A,Normal value,SORS
annual_avg_monthly_net_earnings_municipality_residence.csv,2403040403IND01,Average net earnings,net,80322,Pećinci,2023,77029,RSD,RSD,A,Normal value,SORS
annual_avg_monthly_net_earnings_municipality_residence.csv,2403040403IND01,Average net earnings,net,80349,Plandište,2023,70293,RSD,RSD,A,Normal value,SORS
annual_avg_monthly_net_earnings_municipality_residence.csv,2403040403IND01,Average net earnings,net,80357,Ruma,2023,74936,RSD,RSD,A,Normal value,SORS
annual_avg_monthly_net_earnings_municipality_residence.csv,2403040403IND01,Average net earnings,net,80365,Senta,2023,73428,RSD,RSD,A,Normal value,SORS
annual_avg_monthly_net_earnings_municipality_residence.csv,2403040403IND01,Average net earnings,net,80373,Sečanj,2023,69352,RSD,RSD,A,Normal value,SORS
annual_avg_monthly_net_earnings_municipality_residence.csv,2403040403IND01,Average net earnings,net,80381,Sombor,2023,72209,RSD,RSD,A,Normal value,SORS
annual_avg_monthly_net_earnings_municipality_residence.csv,2403040403IND01,Average net earnings,net,80390,Srbobran,2023,65286,RSD,RSD,A,Normal value,SORS
annual_avg_monthly_net_earnings_municipality_residence.csv,2403040403IND01,Average net earnings,net,80403,Sremska Mitrovica,2023,77152,RSD,RSD,A,Normal value,SORS
annual_avg_monthly_net_earnings_municipality_residence.csv,2403040403IND01,Average net earnings,net,80411,Sremski Karlovci,2023,78891,RSD,RSD,A,Normal value,SORS
annual_avg_monthly_net_earnings_municipality_residence.csv,2403040403IND01,Average net earnings,net,80420,Stara Pazova,2023,78099,RSD,RSD,A,Normal value,SORS
annual_avg_monthly_net_earnings_municipality_residence.csv,2403040403IND01,Average net earnings,net,80438,Subotica,2023,76774,RSD,RSD,A,Normal value,SORS
annual_avg_monthly_net_earnings_municipality_residence.csv,2403040403IND01,Average net earnings,net,80446,Temerin,2023,72380,RSD,RSD,A,Normal value,SORS
annual_avg_monthly_net_earnings_municipality_residence.csv,2403040403IND01,Average net earnings,net,80454,Titel,2023,67645,RSD,RSD,A,Normal value,SORS
annual_avg_monthly_net_earnings_municipality_residence.csv,2403040403IND01,Average net earnings,net,80462,Vrbas,2023,71925,RSD,RSD,A,Normal value,SORS
annual_avg_monthly_net_earnings_municipality_residence.csv,2403040403IND01,Average net earnings,net,80489,Čoka,2023,66395,RSD,RSD,A,Normal value,SORS
annual_avg_monthly_net_earnings_municipality_residence.csv,2403040403IND01,Average net earnings,net,80497,Šid,2023,70231,RSD,RSD,A,Normal value,SORS
annual_avg_monthly_net_earnings_municipality_residence.csv,2403040403IND01,Average net earnings,net,89010,Grad Novi Sad,2023,101101,RSD,RSD,A,Normal value,SORS
annual_avg_monthly_net_earnings_municipality_residence.csv,2403040403IND01,Average net earnings,net,RS,REPUBLIC OF SERBIA,2023,86007,RSD,RSD,A,Normal value,SORS
annual_avg_monthly_net_earnings_municipality_residence.csv,2403040403IND01,Average net earnings,net,RS1,SRBIJA – SEVER,2023,96388,RSD,RSD,A,Normal value,SORS
annual_avg_monthly_net_earnings_municipality_residence.csv,2403040403IND01,Average net earnings,net,RS11,Beogradski region,2023,109431,RSD,RSD,A,Normal value,SORS
annual_avg_monthly_net_earnings_municipality_residence.csv,2403040403IND01,Average net earnings,net,RS110,Beogradska oblast,2023,109431,RSD,RSD,A,Normal value,SORS
annual_avg_monthly_net_earnings_municipality_residence.csv,2403040403IND01,Average net earnings,net,RS12,Region Vojvodine,2023,81386,RSD,RSD,A,Normal value,SORS
annual_avg_monthly_net_earnings_municipality_residence.csv,2403040403IND01,Average net earnings,net,RS121,Zapadnobačka oblast,2023,70449,RSD,RSD,A,Normal value,SORS
annual_avg_monthly_net_earnings_municipality_residence.csv,2403040403IND01,Average net earnings,net,RS122,Južnobanatska oblast,2023,79692,RSD,RSD,A,Normal value,SORS
annual_avg_monthly_net_earnings_municipality_residence.csv,2403040403IND01,Average net earnings,net,RS123,Južnobačka oblast,2023,90673,RSD,RSD,A,Normal value,SORS
annual_avg_monthly_net_earnings_municipality_residence.csv,2403040403IND01,Average net earnings,net,RS124,Severnobanatska oblast,2023,72105,RSD,RSD,A,Normal value,SORS
annual_avg_monthly_net_earnings_municipality_residence.csv,2403040403IND01,Average net earnings,net,RS125,Severnobačka oblast,2023,75127,RSD,RSD,A,Normal value,SORS
annual_avg_monthly_net_earnings_municipality_residence.csv,2403040403IND01,Average net earnings,net,RS126,Srednjobanatska oblast,2023,75797,RSD,RSD,A,Normal value,SORS
annual_avg_monthly_net_earnings_municipality_residence.csv,2403040403IND01,Average net earnings,net,RS127,Sremska oblast,2023,76892,RSD,RSD,A,Normal value,SORS
annual_avg_monthly_net_earnings_municipality_residence.csv,2403040403IND01,Average net earnings,net,RS2,SRBIJA – JUG,2023,72401,RSD,RSD,A,Normal value,SORS
annual_avg_monthly_net_earnings_municipality_residence.csv,2403040403IND01,Average net earnings,net,RS21,Region Šumadije i Zapadne Srbije,2023,71642,RSD,RSD,A,Normal value,SORS
annual_avg_monthly_net_earnings_municipality_residence.csv,2403040403IND01,Average net earnings,net,RS211,Zlatiborska oblast,2023,71302,RSD,RSD,A,Normal value,SORS
annual_avg_monthly_net_earnings_municipality_residence.csv,2403040403IND01,Average net earnings,net,RS212,Kolubarska oblast,2023,73895,RSD,RSD,A,Normal value,SORS
annual_avg_monthly_net_earnings_municipality_residence.csv,2403040403IND01,Average net earnings,net,RS213,Mačvanska oblast,2023,70527,RSD,RSD,A,Normal value,SORS
annual_avg_monthly_net_earnings_municipality_residence.csv,2403040403IND01,Average net earnings,net,RS214,Moravička oblast,2023,73431,RSD,RSD,A,Normal value,SORS
annual_avg_monthly_net_earnings_municipality_residence.csv,2403040403IND01,Average net earnings,net,RS215,Pomoravska oblast,2023,67644,RSD,RSD,A,Normal value,SORS
annual_avg_monthly_net_earnings_municipality_residence.csv,2403040403IND01,Average net earnings,net,RS216,Rasinska oblast,2023,70810,RSD,RSD,A,Normal value,SORS
annual_avg_monthly_net_earnings_municipality_residence.csv,2403040403IND01,Average net earnings,net,RS217,Raška oblast,2023,67110,RSD,RSD,A,Normal value,SORS
annual_avg_monthly_net_earnings_municipality_residence.csv,2403040403IND01,Average net earnings,net,RS218,Šumadijska oblast,2023,76976,RSD,RSD,A,Normal value,SORS
annual_avg_monthly_net_earnings_municipality_residence.csv,2403040403IND01,Average net earnings,net,RS22,Region Južne i Istočne Srbije,2023,73373,RSD,RSD,A,Normal value,SORS
annual_avg_monthly_net_earnings_municipality_residence.csv,2403040403IND01,Average net earnings,net,RS221,Borska oblast,2023,87826,RSD,RSD,A,Normal value,SORS
annual_avg_monthly_net_earnings_municipality_residence.csv,2403040403IND01,Average net earnings,net,RS222,Braničevska oblast,2023,73994,RSD,RSD,A,Normal value,SORS
annual_avg_monthly_net_earnings_municipality_residence.csv,2403040403IND01,Average net earnings,net,RS223,Zaječarska oblast,2023,69983,RSD,RSD,A,Normal value,SORS
annual_avg_monthly_net_earnings_municipality_residence.csv,2403040403IND01,Average net earnings,net,RS224,Jablanička oblast,2023,63747,RSD,RSD,A,Normal value,SORS
annual_avg_monthly_net_earnings_municipality_residence.csv,2403040403IND01,Average net earnings,net,RS225,Nišavska oblast,2023,78163,RSD,RSD,A,Normal value,SORS
annual_avg_monthly_net_earnings_municipality_residence.csv,2403040403IND01,Average net earnings,net,RS226,Pirotska oblast,2023,74058,RSD,RSD,A,Normal value,SORS
annual_avg_monthly_net_earnings_municipality_residence.csv,2403040403IND01,Average net earnings,net,RS227,Podunavska oblast,2023,74540,RSD,RSD,A,Normal value,SORS
annual_avg_monthly_net_earnings_municipality_residence.csv,2403040403IND01,Average net earnings,net,RS228,Pčinjska oblast,2023,64946,RSD,RSD,A,Normal value,SORS
annual_avg_monthly_net_earnings_municipality_residence.csv,2403040403IND01,Average net earnings,net,RS229,Toplička oblast,2023,67417,RSD,RSD,A,Normal value,SORS
annual_avg_monthly_net_earnings_municipality_residence.csv,2403040403IND01,Average net earnings,net,70017,Aleksandrovac,2024,71185,RSD,RSD,A,Normal value,SORS
annual_avg_monthly_net_earnings_municipality_residence.csv,2403040403IND01,Average net earnings,net,70025,Aleksinac,2024,77041,RSD,RSD,A,Normal value,SORS
annual_avg_monthly_net_earnings_municipality_residence.csv,2403040403IND01,Average net earnings,net,70033,Aranđelovac,2024,83990,RSD,RSD,A,Normal value,SORS
annual_avg_monthly_net_earnings_municipality_residence.csv,2403040403IND01,Average net earnings,net,70041,Arilje,2024,72771,RSD,RSD,A,Normal value,SORS
annual_avg_monthly_net_earnings_municipality_residence.csv,2403040403IND01,Average net earnings,net,70050,Babušnica,2024,75353,RSD,RSD,A,Normal value,SORS
annual_avg_monthly_net_earnings_municipality_residence.csv,2403040403IND01,Average net earnings,net,70068,Bajina Bašta,2024,74426,RSD,RSD,A,Normal value,SORS
annual_avg_monthly_net_earnings_municipality_residence.csv,2403040403IND01,Average net earnings,net,70076,Batočina,2024,76151,RSD,RSD,A,Normal value,SORS
annual_avg_monthly_net_earnings_municipality_residence.csv,2403040403IND01,Average net earnings,net,70084,Bela Palanka,2024,71831,RSD,RSD,A,Normal value,SORS
annual_avg_monthly_net_earnings_municipality_residence.csv,2403040403IND01,Average net earnings,net,70092,Barajevo,2024,84165,RSD,RSD,A,Normal value,SORS
annual_avg_monthly_net_earnings_municipality_residence.csv,2403040403IND01,Average net earnings,net,70106,Voždovac,2024,128987,RSD,RSD,A,Normal value,SORS
annual_avg_monthly_net_earnings_municipality_residence.csv,2403040403IND01,Average net earnings,net,70114,Vračar,2024,168265,RSD,RSD,A,Normal value,SORS
annual_avg_monthly_net_earnings_municipality_residence.csv,2403040403IND01,Average net earnings,net,70122,Grocka,2024,86322,RSD,RSD,A,Normal value,SORS
annual_avg_monthly_net_earnings_municipality_residence.csv,2403040403IND01,Average net earnings,net,70149,Zvezdara,2024,127484,RSD,RSD,A,Normal value,SORS
annual_avg_monthly_net_earnings_municipality_residence.csv,2403040403IND01,Average net earnings,net,70157,Zemun,2024,115091,RSD,RSD,A,Normal value,SORS
annual_avg_monthly_net_earnings_municipality_residence.csv,2403040403IND01,Average net earnings,net,70165,Lazarevac,2024,100355,RSD,RSD,A,Normal value,SORS
annual_avg_monthly_net_earnings_municipality_residence.csv,2403040403IND01,Average net earnings,net,70173,Mladenovac,2024,81605,RSD,RSD,A,Normal value,SORS
annual_avg_monthly_net_earnings_municipality_residence.csv,2403040403IND01,Average net earnings,net,70181,Novi Beograd,2024,158987,RSD,RSD,A,Normal value,SORS
annual_avg_monthly_net_earnings_municipality_residence.csv,2403040403IND01,Average net earnings,net,70190,Obrenovac,2024,91929,RSD,RSD,A,Normal value,SORS
annual_avg_monthly_net_earnings_municipality_residence.csv,2403040403IND01,Average net earnings,net,70203,Palilula (Beograd),2024,111480,RSD,RSD,A,Normal value,SORS
annual_avg_monthly_net_earnings_municipality_residence.csv,2403040403IND01,Average net earnings,net,70211,Rakovica,2024,110291,RSD,RSD,A,Normal value,SORS
annual_avg_monthly_net_earnings_municipality_residence.csv,2403040403IND01,Average net earnings,net,70220,Savski venac,2024,160731,RSD,RSD,A,Normal value,SORS
annual_avg_monthly_net_earnings_municipality_residence.csv,2403040403IND01,Average net earnings,net,70238,Sopot,2024,82163,RSD,RSD,A,Normal value,SORS
annual_avg_monthly_net_earnings_municipality_residence.csv,2403040403IND01,Average net earnings,net,70246,Stari grad,2024,176214,RSD,RSD,A,Normal value,SORS
annual_avg_monthly_net_earnings_municipality_residence.csv,2403040403IND01,Average net earnings,net,70254,Čukarica,2024,117540,RSD,RSD,A,Normal value,SORS
annual_avg_monthly_net_earnings_municipality_residence.csv,2403040403IND01,Average net earnings,net,70262,Blace,2024,68689,RSD,RSD,A,Normal value,SORS
annual_avg_monthly_net_earnings_municipality_residence.csv,2403040403IND01,Average net earnings,net,70289,Bogatić,2024,73270,RSD,RSD,A,Normal value,SORS
annual_avg_monthly_net_earnings_municipality_residence.csv,2403040403IND01,Average net earnings,net,70297,Bojnik,2024,65698,RSD,RSD,A,Normal value,SORS
annual_avg_monthly_net_earnings_municipality_residence.csv,2403040403IND01,Average net earnings,net,70319,Boljevac,2024,84890,RSD,RSD,A,Normal value,SORS
annual_avg_monthly_net_earnings_municipality_residence.csv,2403040403IND01,Average net earnings,net,70327,Bor,2024,113893,RSD,RSD,A,Normal value,SORS
annual_avg_monthly_net_earnings_municipality_residence.csv,2403040403IND01,Average net earnings,net,70335,Bosilegrad,2024,71159,RSD,RSD,A,Normal value,SORS
annual_avg_monthly_net_earnings_municipality_residence.csv,2403040403IND01,Average net earnings,net,70343,Brus,2024,75039,RSD,RSD,A,Normal value,SORS
annual_avg_monthly_net_earnings_municipality_residence.csv,2403040403IND01,Average net earnings,net,70351,Bujanovac,2024,70162,RSD,RSD,A,Normal value,SORS
annual_avg_monthly_net_earnings_municipality_residence.csv,2403040403IND01,Average net earnings,net,70360,Valjevo,2024,85906,RSD,RSD,A,Normal value,SORS
annual_avg_monthly_net_earnings_municipality_residence.csv,2403040403IND01,Average net earnings,net,70378,Varvarin,2024,73467,RSD,RSD,A,Normal value,SORS
annual_avg_monthly_net_earnings_municipality_residence.csv,2403040403IND01,Average net earnings,net,70386,Velika Plana,2024,78985,RSD,RSD,A,Normal value,SORS
annual_avg_monthly_net_earnings_municipality_residence.csv,2403040403IND01,Average net earnings,net,70394,Veliko Gradište,2024,74626,RSD,RSD,A,Normal value,SORS
annual_avg_monthly_net_earnings_municipality_residence.csv,2403040403IND01,Average net earnings,net,70408,Vladimirci,2024,74312,RSD,RSD,A,Normal value,SORS
annual_avg_monthly_net_earnings_municipality_residence.csv,2403040403IND01,Average net earnings,net,70416,Vladičin Han,2024,77772,RSD,RSD,A,Normal value,SORS
annual_avg_monthly_net_earnings_municipality_residence.csv,2403040403IND01,Average net earnings,net,70424,Vlasotince,2024,67386,RSD,RSD,A,Normal value,SORS
annual_avg_monthly_net_earnings_municipality_residence.csv,2403040403IND01,Average net earnings,net,70432,Vranje,2024,76344,RSD,RSD,A,Normal value,SORS
annual_avg_monthly_net_earnings_municipality_residence.csv,2403040403IND01,Average net earnings,net,70459,Vrnjačka Banja,2024,73454,RSD,RSD,A,Normal value,SORS
annual_avg_monthly_net_earnings_municipality_residence.csv,2403040403IND01,Average net earnings,net,70467,Gadžin Han,2024,69092,RSD,RSD,A,Normal value,SORS
annual_avg_monthly_net_earnings_municipality_residence.csv,2403040403IND01,Average net earnings,net,70475,Golubac,2024,72501,RSD,RSD,A,Normal value,SORS
annual_avg_monthly_net_earnings_municipality_residence.csv,2403040403IND01,Average net earnings,net,70483,Gornji Milanovac,2024,86455,RSD,RSD,A,Normal value,SORS
annual_avg_monthly_net_earnings_municipality_residence.csv,2403040403IND01,Average net earnings,net,70491,Despotovac,2024,75480,RSD,RSD,A,Normal value,SORS
annual_avg_monthly_net_earnings_municipality_residence.csv,2403040403IND01,Average net earnings,net,70505,Dimitrovgrad,2024,73054,RSD,RSD,A,Normal value,SORS
annual_avg_monthly_net_earnings_municipality_residence.csv,2403040403IND01,Average net earnings,net,70513,Doljevac,2024,73053,RSD,RSD,A,Normal value,SORS
annual_avg_monthly_net_earnings_municipality_residence.csv,2403040403IND01,Average net earnings,net,70521,Žabari,2024,73023,RSD,RSD,A,Normal value,SORS
annual_avg_monthly_net_earnings_municipality_residence.csv,2403040403IND01,Average net earnings,net,70530,Žagubica,2024,79258,RSD,RSD,A,Normal value,SORS
annual_avg_monthly_net_earnings_municipality_residence.csv,2403040403IND01,Average net earnings,net,70548,Žitorađa,2024,72222,RSD,RSD,A,Normal value,SORS
annual_avg_monthly_net_earnings_municipality_residence.csv,2403040403IND01,Average net earnings,net,70556,Zaječar,2024,84743,RSD,RSD,A,Normal value,SORS
annual_avg_monthly_net_earnings_municipality_residence.csv,2403040403IND01,Average net earnings,net,70564,Ivanjica,2024,72514,RSD,RSD,A,Normal value,SORS
annual_avg_monthly_net_earnings_municipality_residence.csv,2403040403IND01,Average net earnings,net,70572,Kladovo,2024,81943,RSD,RSD,A,Normal value,SORS
annual_avg_monthly_net_earnings_municipality_residence.csv,2403040403IND01,Average net earnings,net,70599,Knić,2024,76722,RSD,RSD,A,Normal value,SORS
annual_avg_monthly_net_earnings_municipality_residence.csv,2403040403IND01,Average net earnings,net,70602,Knjaževac,2024,72736,RSD,RSD,A,Normal value,SORS
annual_avg_monthly_net_earnings_municipality_residence.csv,2403040403IND01,Average net earnings,net,70629,Kosjerić,2024,80695,RSD,RSD,A,Normal value,SORS
annual_avg_monthly_net_earnings_municipality_residence.csv,2403040403IND01,Average net earnings,net,70637,Koceljeva,2024,74000,RSD,RSD,A,Normal value,SORS
annual_avg_monthly_net_earnings_municipality_residence.csv,2403040403IND01,Average net earnings,net,70645,Kragujevac,2024,92814,RSD,RSD,A,Normal value,SORS
annual_avg_monthly_net_earnings_municipality_residence.csv,2403040403IND01,Average net earnings,net,70653,Kraljevo,2024,81037,RSD,RSD,A,Normal value,SORS
annual_avg_monthly_net_earnings_municipality_residence.csv,2403040403IND01,Average net earnings,net,70661,Krupanj,2024,74325,RSD,RSD,A,Normal value,SORS
annual_avg_monthly_net_earnings_municipality_residence.csv,2403040403IND01,Average net earnings,net,70670,Kruševac,2024,87223,RSD,RSD,A,Normal value,SORS
annual_avg_monthly_net_earnings_municipality_residence.csv,2403040403IND01,Average net earnings,net,70688,Kuršumlija,2024,76896,RSD,RSD,A,Normal value,SORS
annual_avg_monthly_net_earnings_municipality_residence.csv,2403040403IND01,Average net earnings,net,70696,Kučevo,2024,78093,RSD,RSD,A,Normal value,SORS
annual_avg_monthly_net_earnings_municipality_residence.csv,2403040403IND01,Average net earnings,net,70700,Lajkovac,2024,92924,RSD,RSD,A,Normal value,SORS
annual_avg_monthly_net_earnings_municipality_residence.csv,2403040403IND01,Average net earnings,net,70718,Lebane,2024,69292,RSD,RSD,A,Normal value,SORS
annual_avg_monthly_net_earnings_municipality_residence.csv,2403040403IND01,Average net earnings,net,70726,Leskovac,2024,74572,RSD,RSD,A,Normal value,SORS
annual_avg_monthly_net_earnings_municipality_residence.csv,2403040403IND01,Average net earnings,net,70734,Loznica,2024,79008,RSD,RSD,A,Normal value,SORS
annual_avg_monthly_net_earnings_municipality_residence.csv,2403040403IND01,Average net earnings,net,70742,Lučani,2024,100601,RSD,RSD,A,Normal value,SORS
annual_avg_monthly_net_earnings_municipality_residence.csv,2403040403IND01,Average net earnings,net,70769,Ljig,2024,83540,RSD,RSD,A,Normal value,SORS
annual_avg_monthly_net_earnings_municipality_residence.csv,2403040403IND01,Average net earnings,net,70777,Ljubovija,2024,80461,RSD,RSD,A,Normal value,SORS
annual_avg_monthly_net_earnings_municipality_residence.csv,2403040403IND01,Average net earnings,net,70785,Majdanpek,2024,101288,RSD,RSD,A,Normal value,SORS
annual_avg_monthly_net_earnings_municipality_residence.csv,2403040403IND01,Average net earnings,net,70793,Mali Zvornik,2024,77667,RSD,RSD,A,Normal value,SORS
annual_avg_monthly_net_earnings_municipality_residence.csv,2403040403IND01,Average net earnings,net,70807,Malo Crniće,2024,73077,RSD,RSD,A,Normal value,SORS
annual_avg_monthly_net_earnings_municipality_residence.csv,2403040403IND01,Average net earnings,net,70815,Medveđa,2024,79527,RSD,RSD,A,Normal value,SORS
annual_avg_monthly_net_earnings_municipality_residence.csv,2403040403IND01,Average net earnings,net,70823,Merošina,2024,70848,RSD,RSD,A,Normal value,SORS
annual_avg_monthly_net_earnings_municipality_residence.csv,2403040403IND01,Average net earnings,net,70831,Mionica,2024,75757,RSD,RSD,A,Normal value,SORS
annual_avg_monthly_net_earnings_municipality_residence.csv,2403040403IND01,Average net earnings,net,70840,Negotin,2024,81183,RSD,RSD,A,Normal value,SORS
annual_avg_monthly_net_earnings_municipality_residence.csv,2403040403IND01,Average net earnings,net,70866,Nova Varoš,2024,75827,RSD,RSD,A,Normal value,SORS
annual_avg_monthly_net_earnings_municipality_residence.csv,2403040403IND01,Average net earnings,net,70874,Novi Pazar,2024,71804,RSD,RSD,A,Normal value,SORS
annual_avg_monthly_net_earnings_municipality_residence.csv,2403040403IND01,Average net earnings,net,70882,Osečina,2024,75580,RSD,RSD,A,Normal value,SORS
annual_avg_monthly_net_earnings_municipality_residence.csv,2403040403IND01,Average net earnings,net,70904,Paraćin,2024,78431,RSD,RSD,A,Normal value,SORS
annual_avg_monthly_net_earnings_municipality_residence.csv,2403040403IND01,Average net earnings,net,70912,Petrovac na Mlavi,2024,72534,RSD,RSD,A,Normal value,SORS
annual_avg_monthly_net_earnings_municipality_residence.csv,2403040403IND01,Average net earnings,net,70939,Pirot,2024,88608,RSD,RSD,A,Normal value,SORS
annual_avg_monthly_net_earnings_municipality_residence.csv,2403040403IND01,Average net earnings,net,70947,Požarevac,2024,90166,RSD,RSD,A,Normal value,SORS
annual_avg_monthly_net_earnings_municipality_residence.csv,2403040403IND01,Average net earnings,net,70955,Požega,2024,83639,RSD,RSD,A,Normal value,SORS
annual_avg_monthly_net_earnings_municipality_residence.csv,2403040403IND01,Average net earnings,net,70963,Preševo,2024,65985,RSD,RSD,A,Normal value,SORS
annual_avg_monthly_net_earnings_municipality_residence.csv,2403040403IND01,Average net earnings,net,70971,Priboj,2024,76450,RSD,RSD,A,Normal value,SORS
annual_avg_monthly_net_earnings_municipality_residence.csv,2403040403IND01,Average net earnings,net,70980,Prijepolje,2024,71945,RSD,RSD,A,Normal value,SORS
annual_avg_monthly_net_earnings_municipality_residence.csv,2403040403IND01,Average net earnings,net,70998,Prokuplje,2024,78942,RSD,RSD,A,Normal value,SORS
annual_avg_monthly_net_earnings_municipality_residence.csv,2403040403IND01,Average net earnings,net,71005,Ražanj,2024,69814,RSD,RSD,A,Normal value,SORS
annual_avg_monthly_net_earnings_municipality_residence.csv,2403040403IND01,Average net earnings,net,71013,Rača,2024,77123,RSD,RSD,A,Normal value,SORS
annual_avg_monthly_net_earnings_municipality_residence.csv,2403040403IND01,Average net earnings,net,71021,Raška,2024,75112,RSD,RSD,A,Normal value,SORS
annual_avg_monthly_net_earnings_municipality_residence.csv,2403040403IND01,Average net earnings,net,71030,Rekovac,2024,71985,RSD,RSD,A,Normal value,SORS
annual_avg_monthly_net_earnings_municipality_residence.csv,2403040403IND01,Average net earnings,net,71048,Jagodina,2024,78495,RSD,RSD,A,Normal value,SORS
annual_avg_monthly_net_earnings_municipality_residence.csv,2403040403IND01,Average net earnings,net,71056,Svilajnac,2024,73794,RSD,RSD,A,Normal value,SORS
annual_avg_monthly_net_earnings_municipality_residence.csv,2403040403IND01,Average net earnings,net,71064,Svrljig,2024,69958,RSD,RSD,A,Normal value,SORS
annual_avg_monthly_net_earnings_municipality_residence.csv,2403040403IND01,Average net earnings,net,71072,Sjenica,2024,75841,RSD,RSD,A,Normal value,SORS
annual_avg_monthly_net_earnings_municipality_residence.csv,2403040403IND01,Average net earnings,net,71099,Smederevo,2024,89282,RSD,RSD,A,Normal value,SORS
annual_avg_monthly_net_earnings_municipality_residence.csv,2403040403IND01,Average net earnings,net,71102,Smederevska Palanka,2024,80274,RSD,RSD,A,Normal value,SORS
annual_avg_monthly_net_earnings_municipality_residence.csv,2403040403IND01,Average net earnings,net,71129,Sokobanja,2024,76234,RSD,RSD,A,Normal value,SORS
annual_avg_monthly_net_earnings_municipality_residence.csv,2403040403IND01,Average net earnings,net,71137,Surdulica,2024,75390,RSD,RSD,A,Normal value,SORS
annual_avg_monthly_net_earnings_municipality_residence.csv,2403040403IND01,Average net earnings,net,71145,Užice,2024,91261,RSD,RSD,A,Normal value,SORS
annual_avg_monthly_net_earnings_municipality_residence.csv,2403040403IND01,Average net earnings,net,71153,Topola,2024,76853,RSD,RSD,A,Normal value,SORS
annual_avg_monthly_net_earnings_municipality_residence.csv,2403040403IND01,Average net earnings,net,71161,Trgovište,2024,72183,RSD,RSD,A,Normal value,SORS
annual_avg_monthly_net_earnings_municipality_residence.csv,2403040403IND01,Average net earnings,net,71170,Trstenik,2024,74953,RSD,RSD,A,Normal value,SORS
annual_avg_monthly_net_earnings_municipality_residence.csv,2403040403IND01,Average net earnings,net,71188,Tutin,2024,71505,RSD,RSD,A,Normal value,SORS
annual_avg_monthly_net_earnings_municipality_residence.csv,2403040403IND01,Average net earnings,net,71196,Ćićevac,2024,74499,RSD,RSD,A,Normal value,SORS
annual_avg_monthly_net_earnings_municipality_residence.csv,2403040403IND01,Average net earnings,net,71200,Ćuprija,2024,79604,RSD,RSD,A,Normal value,SORS
annual_avg_monthly_net_earnings_municipality_residence.csv,2403040403IND01,Average net earnings,net,71218,Ub,2024,82769,RSD,RSD,A,Normal value,SORS
annual_avg_monthly_net_earnings_municipality_residence.csv,2403040403IND01,Average net earnings,net,71226,Crna Trava,2024,66925,RSD,RSD,A,Normal value,SORS
annual_avg_monthly_net_earnings_municipality_residence.csv,2403040403IND01,Average net earnings,net,71234,Čajetina,2024,76947,RSD,RSD,A,Normal value,SORS
annual_avg_monthly_net_earnings_municipality_residence.csv,2403040403IND01,Average net earnings,net,71242,Čačak,2024,84441,RSD,RSD,A,Normal value,SORS
annual_avg_monthly_net_earnings_municipality_residence.csv,2403040403IND01,Average net earnings,net,71269,Šabac,2024,85566,RSD,RSD,A,Normal value,SORS
annual_avg_monthly_net_earnings_municipality_residence.csv,2403040403IND01,Average net earnings,net,71277,Lapovo,2024,76837,RSD,RSD,A,Normal value,SORS
annual_avg_monthly_net_earnings_municipality_residence.csv,2403040403IND01,Average net earnings,net,71285,Niška Banja,2024,76758,RSD,RSD,A,Normal value,SORS
annual_avg_monthly_net_earnings_municipality_residence.csv,2403040403IND01,Average net earnings,net,71293,Surčin,2024,90055,RSD,RSD,A,Normal value,SORS
annual_avg_monthly_net_earnings_municipality_residence.csv,2403040403IND01,Average net earnings,net,71307,Pantelej,2024,89522,RSD,RSD,A,Normal value,SORS
annual_avg_monthly_net_earnings_municipality_residence.csv,2403040403IND01,Average net earnings,net,71315,Crveni Krst,2024,80972,RSD,RSD,A,Normal value,SORS
annual_avg_monthly_net_earnings_municipality_residence.csv,2403040403IND01,Average net earnings,net,71323,Palilula (Niš),2024,86288,RSD,RSD,A,Normal value,SORS
annual_avg_monthly_net_earnings_municipality_residence.csv,2403040403IND01,Average net earnings,net,71331,Medijana,2024,106728,RSD,RSD,A,Normal value,SORS
annual_avg_monthly_net_earnings_municipality_residence.csv,2403040403IND01,Average net earnings,net,71340,Kostolac,2024,98961,RSD,RSD,A,Normal value,SORS
annual_avg_monthly_net_earnings_municipality_residence.csv,2403040403IND01,Average net earnings,net,71358,Vranjska Banja,2024,67715,RSD,RSD,A,Normal value,SORS
annual_avg_monthly_net_earnings_municipality_residence.csv,2403040403IND01,Average net earnings,net,71366,Sevojno,2024,82957,RSD,RSD,A,Normal value,SORS
annual_avg_monthly_net_earnings_municipality_residence.csv,2403040403IND01,Average net earnings,net,79022,Grad Niš,2024,94046,RSD,RSD,A,Normal value,SORS
annual_avg_monthly_net_earnings_municipality_residence.csv,2403040403IND01,Average net earnings,net,79049,Grad Požarevac,2024,91383,RSD,RSD,A,Normal value,SORS
annual_avg_monthly_net_earnings_municipality_residence.csv,2403040403IND01,Average net earnings,net,79057,Grad Vranje,2024,76127,RSD,RSD,A,Normal value,SORS
annual_avg_monthly_net_earnings_municipality_residence.csv,2403040403IND01,Average net earnings,net,79065,Grad Užice,2024,90991,RSD,RSD,A,Normal value,SORS
annual_avg_monthly_net_earnings_municipality_residence.csv,2403040403IND01,Average net earnings,net,80012,Ada,2024,78060,RSD,RSD,A,Normal value,SORS
annual_avg_monthly_net_earnings_municipality_residence.csv,2403040403IND01,Average net earnings,net,80039,Alibunar,2024,79805,RSD,RSD,A,Normal value,SORS
annual_avg_monthly_net_earnings_municipality_residence.csv,2403040403IND01,Average net earnings,net,80047,Apatin,2024,78627,RSD,RSD,A,Normal value,SORS
annual_avg_monthly_net_earnings_municipality_residence.csv,2403040403IND01,Average net earnings,net,80055,Bač,2024,73508,RSD,RSD,A,Normal value,SORS
annual_avg_monthly_net_earnings_municipality_residence.csv,2403040403IND01,Average net earnings,net,80063,Bačka Palanka,2024,82768,RSD,RSD,A,Normal value,SORS
annual_avg_monthly_net_earnings_municipality_residence.csv,2403040403IND01,Average net earnings,net,80071,Bačka Topola,2024,79618,RSD,RSD,A,Normal value,SORS
annual_avg_monthly_net_earnings_municipality_residence.csv,2403040403IND01,Average net earnings,net,80080,Bački Petrovac,2024,79289,RSD,RSD,A,Normal value,SORS
annual_avg_monthly_net_earnings_municipality_residence.csv,2403040403IND01,Average net earnings,net,80098,Bela Crkva,2024,76919,RSD,RSD,A,Normal value,SORS
annual_avg_monthly_net_earnings_municipality_residence.csv,2403040403IND01,Average net earnings,net,80101,Beočin,2024,85050,RSD,RSD,A,Normal value,SORS
annual_avg_monthly_net_earnings_municipality_residence.csv,2403040403IND01,Average net earnings,net,80110,Bečej,2024,80887,RSD,RSD,A,Normal value,SORS
annual_avg_monthly_net_earnings_municipality_residence.csv,2403040403IND01,Average net earnings,net,80128,Vršac,2024,93742,RSD,RSD,A,Normal value,SORS
annual_avg_monthly_net_earnings_municipality_residence.csv,2403040403IND01,Average net earnings,net,80136,Žabalj,2024,78613,RSD,RSD,A,Normal value,SORS
annual_avg_monthly_net_earnings_municipality_residence.csv,2403040403IND01,Average net earnings,net,80144,Žitište,2024,80881,RSD,RSD,A,Normal value,SORS
annual_avg_monthly_net_earnings_municipality_residence.csv,2403040403IND01,Average net earnings,net,80152,Zrenjanin,2024,88788,RSD,RSD,A,Normal value,SORS
annual_avg_monthly_net_earnings_municipality_residence.csv,2403040403IND01,Average net earnings,net,80179,Inđija,2024,92652,RSD,RSD,A,Normal value,SORS
annual_avg_monthly_net_earnings_municipality_residence.csv,2403040403IND01,Average net earnings,net,80187,Irig,2024,79077,RSD,RSD,A,Normal value,SORS
annual_avg_monthly_net_earnings_municipality_residence.csv,2403040403IND01,Average net earnings,net,80195,Kanjiža,2024,77953,RSD,RSD,A,Normal value,SORS
annual_avg_monthly_net_earnings_municipality_residence.csv,2403040403IND01,Average net earnings,net,80209,Kikinda,2024,84446,RSD,RSD,A,Normal value,SORS
annual_avg_monthly_net_earnings_municipality_residence.csv,2403040403IND01,Average net earnings,net,80217,Kovačica,2024,76639,RSD,RSD,A,Normal value,SORS
annual_avg_monthly_net_earnings_municipality_residence.csv,2403040403IND01,Average net earnings,net,80225,Kovin,2024,82698,RSD,RSD,A,Normal value,SORS
annual_avg_monthly_net_earnings_municipality_residence.csv,2403040403IND01,Average net earnings,net,80233,Kula,2024,79561,RSD,RSD,A,Normal value,SORS
annual_avg_monthly_net_earnings_municipality_residence.csv,2403040403IND01,Average net earnings,net,80241,Mali Iđoš,2024,74541,RSD,RSD,A,Normal value,SORS
annual_avg_monthly_net_earnings_municipality_residence.csv,2403040403IND01,Average net earnings,net,80250,Nova Crnja,2024,78888,RSD,RSD,A,Normal value,SORS
annual_avg_monthly_net_earnings_municipality_residence.csv,2403040403IND01,Average net earnings,net,80268,Novi Bečej,2024,76212,RSD,RSD,A,Normal value,SORS
annual_avg_monthly_net_earnings_municipality_residence.csv,2403040403IND01,Average net earnings,net,80276,Novi Kneževac,2024,80321,RSD,RSD,A,Normal value,SORS
annual_avg_monthly_net_earnings_municipality_residence.csv,2403040403IND01,Average net earnings,net,80292,Opovo,2024,79776,RSD,RSD,A,Normal value,SORS
annual_avg_monthly_net_earnings_municipality_residence.csv,2403040403IND01,Average net earnings,net,80306,Odžaci,2024,78452,RSD,RSD,A,Normal value,SORS
annual_avg_monthly_net_earnings_municipality_residence.csv,2403040403IND01,Average net earnings,net,80314,Pančevo,2024,97689,RSD,RSD,A,Normal value,SORS
annual_avg_monthly_net_earnings_municipality_residence.csv,2403040403IND01,Average net earnings,net,80322,Pećinci,2024,87904,RSD,RSD,A,Normal value,SORS
annual_avg_monthly_net_earnings_municipality_residence.csv,2403040403IND01,Average net earnings,net,80349,Plandište,2024,80382,RSD,RSD,A,Normal value,SORS
annual_avg_monthly_net_earnings_municipality_residence.csv,2403040403IND01,Average net earnings,net,80357,Ruma,2024,85415,RSD,RSD,A,Normal value,SORS
annual_avg_monthly_net_earnings_municipality_residence.csv,2403040403IND01,Average net earnings,net,80365,Senta,2024,82976,RSD,RSD,A,Normal value,SORS
annual_avg_monthly_net_earnings_municipality_residence.csv,2403040403IND01,Average net earnings,net,80373,Sečanj,2024,80505,RSD,RSD,A,Normal value,SORS
annual_avg_monthly_net_earnings_municipality_residence.csv,2403040403IND01,Average net earnings,net,80381,Sombor,2024,81719,RSD,RSD,A,Normal value,SORS
annual_avg_monthly_net_earnings_municipality_residence.csv,2403040403IND01,Average net earnings,net,80390,Srbobran,2024,75817,RSD,RSD,A,Normal value,SORS
annual_avg_monthly_net_earnings_municipality_residence.csv,2403040403IND01,Average net earnings,net,80403,Sremska Mitrovica,2024,87305,RSD,RSD,A,Normal value,SORS
annual_avg_monthly_net_earnings_municipality_residence.csv,2403040403IND01,Average net earnings,net,80411,Sremski Karlovci,2024,90310,RSD,RSD,A,Normal value,SORS
annual_avg_monthly_net_earnings_municipality_residence.csv,2403040403IND01,Average net earnings,net,80420,Stara Pazova,2024,89978,RSD,RSD,A,Normal value,SORS
annual_avg_monthly_net_earnings_municipality_residence.csv,2403040403IND01,Average net earnings,net,80438,Subotica,2024,87337,RSD,RSD,A,Normal value,SORS
annual_avg_monthly_net_earnings_municipality_residence.csv,2403040403IND01,Average net earnings,net,80446,Temerin,2024,82849,RSD,RSD,A,Normal value,SORS
annual_avg_monthly_net_earnings_municipality_residence.csv,2403040403IND01,Average net earnings,net,80454,Titel,2024,77744,RSD,RSD,A,Normal value,SORS
annual_avg_monthly_net_earnings_municipality_residence.csv,2403040403IND01,Average net earnings,net,80462,Vrbas,2024,82164,RSD,RSD,A,Normal value,SORS
annual_avg_monthly_net_earnings_municipality_residence.csv,2403040403IND01,Average net earnings,net,80489,Čoka,2024,76291,RSD,RSD,A,Normal value,SORS
annual_avg_monthly_net_earnings_municipality_residence.csv,2403040403IND01,Average net earnings,net,80497,Šid,2024,81046,RSD,RSD,A,Normal value,SORS
annual_avg_monthly_net_earnings_municipality_residence.csv,2403040403IND01,Average net earnings,net,89010,Grad Novi Sad,2024,114397,RSD,RSD,A,Normal value,SORS
annual_avg_monthly_net_earnings_municipality_residence.csv,2403040403IND01,Average net earnings,net,RS,REPUBLIC OF SERBIA,2024,98143,RSD,RSD,A,Normal value,SORS
annual_avg_monthly_net_earnings_municipality_residence.csv,2403040403IND01,Average net earnings,net,RS1,SRBIJA – SEVER,2024,109504,RSD,RSD,A,Normal value,SORS
annual_avg_monthly_net_earnings_municipality_residence.csv,2403040403IND01,Average net earnings,net,RS11,Beogradski region,2024,124010,RSD,RSD,A,Normal value,SORS
annual_avg_monthly_net_earnings_municipality_residence.csv,2403040403IND01,Average net earnings,net,RS110,Beogradska oblast,2024,124010,RSD,RSD,A,Normal value,SORS
annual_avg_monthly_net_earnings_municipality_residence.csv,2403040403IND01,Average net earnings,net,RS12,Region Vojvodine,2024,92725,RSD,RSD,A,Normal value,SORS
annual_avg_monthly_net_earnings_municipality_residence.csv,2403040403IND01,Average net earnings,net,RS121,Zapadnobačka oblast,2024,80253,RSD,RSD,A,Normal value,SORS
annual_avg_monthly_net_earnings_municipality_residence.csv,2403040403IND01,Average net earnings,net,RS122,Južnobanatska oblast,2024,91352,RSD,RSD,A,Normal value,SORS
annual_avg_monthly_net_earnings_municipality_residence.csv,2403040403IND01,Average net earnings,net,RS123,Južnobačka oblast,2024,103034,RSD,RSD,A,Normal value,SORS
annual_avg_monthly_net_earnings_municipality_residence.csv,2403040403IND01,Average net earnings,net,RS124,Severnobanatska oblast,2024,81839,RSD,RSD,A,Normal value,SORS
annual_avg_monthly_net_earnings_municipality_residence.csv,2403040403IND01,Average net earnings,net,RS125,Severnobačka oblast,2024,85605,RSD,RSD,A,Normal value,SORS
annual_avg_monthly_net_earnings_municipality_residence.csv,2403040403IND01,Average net earnings,net,RS126,Srednjobanatska oblast,2024,86086,RSD,RSD,A,Normal value,SORS
annual_avg_monthly_net_earnings_municipality_residence.csv,2403040403IND01,Average net earnings,net,RS127,Sremska oblast,2024,87758,RSD,RSD,A,Normal value,SORS
annual_avg_monthly_net_earnings_municipality_residence.csv,2403040403IND01,Average net earnings,net,RS2,SRBIJA – JUG,2024,83152,RSD,RSD,A,Normal value,SORS
annual_avg_monthly_net_earnings_municipality_residence.csv,2403040403IND01,Average net earnings,net,RS21,Region Šumadije i Zapadne Srbije,2024,82433,RSD,RSD,A,Normal value,SORS
annual_avg_monthly_net_earnings_municipality_residence.csv,2403040403IND01,Average net earnings,net,RS211,Zlatiborska oblast,2024,81568,RSD,RSD,A,Normal value,SORS
annual_avg_monthly_net_earnings_municipality_residence.csv,2403040403IND01,Average net earnings,net,RS212,Kolubarska oblast,2024,84912,RSD,RSD,A,Normal value,SORS
annual_avg_monthly_net_earnings_municipality_residence.csv,2403040403IND01,Average net earnings,net,RS213,Mačvanska oblast,2024,81036,RSD,RSD,A,Normal value,SORS
annual_avg_monthly_net_earnings_municipality_residence.csv,2403040403IND01,Average net earnings,net,RS214,Moravička oblast,2024,84691,RSD,RSD,A,Normal value,SORS
annual_avg_monthly_net_earnings_municipality_residence.csv,2403040403IND01,Average net earnings,net,RS215,Pomoravska oblast,2024,77729,RSD,RSD,A,Normal value,SORS
annual_avg_monthly_net_earnings_municipality_residence.csv,2403040403IND01,Average net earnings,net,RS216,Rasinska oblast,2024,82048,RSD,RSD,A,Normal value,SORS
annual_avg_monthly_net_earnings_municipality_residence.csv,2403040403IND01,Average net earnings,net,RS217,Raška oblast,2024,76963,RSD,RSD,A,Normal value,SORS
annual_avg_monthly_net_earnings_municipality_residence.csv,2403040403IND01,Average net earnings,net,RS218,Šumadijska oblast,2024,88797,RSD,RSD,A,Normal value,SORS
annual_avg_monthly_net_earnings_municipality_residence.csv,2403040403IND01,Average net earnings,net,RS22,Region Južne i Istočne Srbije,2024,84083,RSD,RSD,A,Normal value,SORS
annual_avg_monthly_net_earnings_municipality_residence.csv,2403040403IND01,Average net earnings,net,RS221,Borska oblast,2024,100654,RSD,RSD,A,Normal value,SORS
annual_avg_monthly_net_earnings_municipality_residence.csv,2403040403IND01,Average net earnings,net,RS222,Braničevska oblast,2024,84557,RSD,RSD,A,Normal value,SORS
annual_avg_monthly_net_earnings_municipality_residence.csv,2403040403IND01,Average net earnings,net,RS223,Zaječarska oblast,2024,80799,RSD,RSD,A,Normal value,SORS
annual_avg_monthly_net_earnings_municipality_residence.csv,2403040403IND01,Average net earnings,net,RS224,Jablanička oblast,2024,72924,RSD,RSD,A,Normal value,SORS
annual_avg_monthly_net_earnings_municipality_residence.csv,2403040403IND01,Average net earnings,net,RS225,Nišavska oblast,2024,89583,RSD,RSD,A,Normal value,SORS
annual_avg_monthly_net_earnings_municipality_residence.csv,2403040403IND01,Average net earnings,net,RS226,Pirotska oblast,2024,84216,RSD,RSD,A,Normal value,SORS
annual_avg_monthly_net_earnings_municipality_residence.csv,2403040403IND01,Average net earnings,net,RS227,Podunavska oblast,2024,85443,RSD,RSD,A,Normal value,SORS
annual_avg_monthly_net_earnings_municipality_residence.csv,2403040403IND01,Average net earnings,net,RS228,Pčinjska oblast,2024,74485,RSD,RSD,A,Normal value,SORS
annual_avg_monthly_net_earnings_municipality_residence.csv,2403040403IND01,Average net earnings,net,RS229,Toplička oblast,2024,76436,RSD,RSD,A,Normal value,SORS
annual_avg_monthly_net_earnings_municipality_residence.csv,2403040403IND01,Average net earnings,net,70017,Aleksandrovac,2025,81403,RSD,RSD,A,Normal value,SORS
annual_avg_monthly_net_earnings_municipality_residence.csv,2403040403IND01,Average net earnings,net,70025,Aleksinac,2025,86408,RSD,RSD,A,Normal value,SORS
annual_avg_monthly_net_earnings_municipality_residence.csv,2403040403IND01,Average net earnings,net,70033,Aranđelovac,2025,93406,RSD,RSD,A,Normal value,SORS
annual_avg_monthly_net_earnings_municipality_residence.csv,2403040403IND01,Average net earnings,net,70041,Arilje,2025,81523,RSD,RSD,A,Normal value,SORS
annual_avg_monthly_net_earnings_municipality_residence.csv,2403040403IND01,Average net earnings,net,70050,Babušnica,2025,85464,RSD,RSD,A,Normal value,SORS
annual_avg_monthly_net_earnings_municipality_residence.csv,2403040403IND01,Average net earnings,net,70068,Bajina Bašta,2025,83884,RSD,RSD,A,Normal value,SORS
annual_avg_monthly_net_earnings_municipality_residence.csv,2403040403IND01,Average net earnings,net,70076,Batočina,2025,86906,RSD,RSD,A,Normal value,SORS
annual_avg_monthly_net_earnings_municipality_residence.csv,2403040403IND01,Average net earnings,net,70084,Bela Palanka,2025,81633,RSD,RSD,A,Normal value,SORS
annual_avg_monthly_net_earnings_municipality_residence.csv,2403040403IND01,Average net earnings,net,70092,Barajevo,2025,95017,RSD,RSD,A,Normal value,SORS
annual_avg_monthly_net_earnings_municipality_residence.csv,2403040403IND01,Average net earnings,net,70106,Voždovac,2025,142554,RSD,RSD,A,Normal value,SORS
annual_avg_monthly_net_earnings_municipality_residence.csv,2403040403IND01,Average net earnings,net,70114,Vračar,2025,181664,RSD,RSD,A,Normal value,SORS
annual_avg_monthly_net_earnings_municipality_residence.csv,2403040403IND01,Average net earnings,net,70122,Grocka,2025,97460,RSD,RSD,A,Normal value,SORS
annual_avg_monthly_net_earnings_municipality_residence.csv,2403040403IND01,Average net earnings,net,70149,Zvezdara,2025,140610,RSD,RSD,A,Normal value,SORS
annual_avg_monthly_net_earnings_municipality_residence.csv,2403040403IND01,Average net earnings,net,70157,Zemun,2025,128136,RSD,RSD,A,Normal value,SORS
annual_avg_monthly_net_earnings_municipality_residence.csv,2403040403IND01,Average net earnings,net,70165,Lazarevac,2025,110208,RSD,RSD,A,Normal value,SORS
annual_avg_monthly_net_earnings_municipality_residence.csv,2403040403IND01,Average net earnings,net,70173,Mladenovac,2025,92374,RSD,RSD,A,Normal value,SORS
annual_avg_monthly_net_earnings_municipality_residence.csv,2403040403IND01,Average net earnings,net,70181,Novi Beograd,2025,174881,RSD,RSD,A,Normal value,SORS
annual_avg_monthly_net_earnings_municipality_residence.csv,2403040403IND01,Average net earnings,net,70190,Obrenovac,2025,103072,RSD,RSD,A,Normal value,SORS
annual_avg_monthly_net_earnings_municipality_residence.csv,2403040403IND01,Average net earnings,net,70203,Palilula (Beograd),2025,123940,RSD,RSD,A,Normal value,SORS
annual_avg_monthly_net_earnings_municipality_residence.csv,2403040403IND01,Average net earnings,net,70211,Rakovica,2025,123175,RSD,RSD,A,Normal value,SORS
annual_avg_monthly_net_earnings_municipality_residence.csv,2403040403IND01,Average net earnings,net,70220,Savski venac,2025,174381,RSD,RSD,A,Normal value,SORS
annual_avg_monthly_net_earnings_municipality_residence.csv,2403040403IND01,Average net earnings,net,70238,Sopot,2025,94299,RSD,RSD,A,Normal value,SORS
annual_avg_monthly_net_earnings_municipality_residence.csv,2403040403IND01,Average net earnings,net,70246,Stari grad,2025,187785,RSD,RSD,A,Normal value,SORS
annual_avg_monthly_net_earnings_municipality_residence.csv,2403040403IND01,Average net earnings,net,70254,Čukarica,2025,130315,RSD,RSD,A,Normal value,SORS
annual_avg_monthly_net_earnings_municipality_residence.csv,2403040403IND01,Average net earnings,net,70262,Blace,2025,79317,RSD,RSD,A,Normal value,SORS
annual_avg_monthly_net_earnings_municipality_residence.csv,2403040403IND01,Average net earnings,net,70289,Bogatić,2025,83259,RSD,RSD,A,Normal value,SORS
annual_avg_monthly_net_earnings_municipality_residence.csv,2403040403IND01,Average net earnings,net,70297,Bojnik,2025,74982,RSD,RSD,A,Normal value,SORS
annual_avg_monthly_net_earnings_municipality_residence.csv,2403040403IND01,Average net earnings,net,70319,Boljevac,2025,95921,RSD,RSD,A,Normal value,SORS
annual_avg_monthly_net_earnings_municipality_residence.csv,2403040403IND01,Average net earnings,net,70327,Bor,2025,126444,RSD,RSD,A,Normal value,SORS
annual_avg_monthly_net_earnings_municipality_residence.csv,2403040403IND01,Average net earnings,net,70335,Bosilegrad,2025,78994,RSD,RSD,A,Normal value,SORS
annual_avg_monthly_net_earnings_municipality_residence.csv,2403040403IND01,Average net earnings,net,70343,Brus,2025,84085,RSD,RSD,A,Normal value,SORS
annual_avg_monthly_net_earnings_municipality_residence.csv,2403040403IND01,Average net earnings,net,70351,Bujanovac,2025,79392,RSD,RSD,A,Normal value,SORS
annual_avg_monthly_net_earnings_municipality_residence.csv,2403040403IND01,Average net earnings,net,70360,Valjevo,2025,97011,RSD,RSD,A,Normal value,SORS
annual_avg_monthly_net_earnings_municipality_residence.csv,2403040403IND01,Average net earnings,net,70378,Varvarin,2025,83158,RSD,RSD,A,Normal value,SORS
annual_avg_monthly_net_earnings_municipality_residence.csv,2403040403IND01,Average net earnings,net,70386,Velika Plana,2025,88550,RSD,RSD,A,Normal value,SORS
annual_avg_monthly_net_earnings_municipality_residence.csv,2403040403IND01,Average net earnings,net,70394,Veliko Gradište,2025,84114,RSD,RSD,A,Normal value,SORS
annual_avg_monthly_net_earnings_municipality_residence.csv,2403040403IND01,Average net earnings,net,70408,Vladimirci,2025,84585,RSD,RSD,A,Normal value,SORS
annual_avg_monthly_net_earnings_municipality_residence.csv,2403040403IND01,Average net earnings,net,70416,Vladičin Han,2025,86927,RSD,RSD,A,Normal value,SORS
annual_avg_monthly_net_earnings_municipality_residence.csv,2403040403IND01,Average net earnings,net,70424,Vlasotince,2025,76469,RSD,RSD,A,Normal value,SORS
annual_avg_monthly_net_earnings_municipality_residence.csv,2403040403IND01,Average net earnings,net,70432,Vranje,2025,86353,RSD,RSD,A,Normal value,SORS
annual_avg_monthly_net_earnings_municipality_residence.csv,2403040403IND01,Average net earnings,net,70459,Vrnjačka Banja,2025,83730,RSD,RSD,A,Normal value,SORS
annual_avg_monthly_net_earnings_municipality_residence.csv,2403040403IND01,Average net earnings,net,70467,Gadžin Han,2025,78586,RSD,RSD,A,Normal value,SORS
annual_avg_monthly_net_earnings_municipality_residence.csv,2403040403IND01,Average net earnings,net,70475,Golubac,2025,82191,RSD,RSD,A,Normal value,SORS
annual_avg_monthly_net_earnings_municipality_residence.csv,2403040403IND01,Average net earnings,net,70483,Gornji Milanovac,2025,96971,RSD,RSD,A,Normal value,SORS
annual_avg_monthly_net_earnings_municipality_residence.csv,2403040403IND01,Average net earnings,net,70491,Despotovac,2025,85298,RSD,RSD,A,Normal value,SORS
annual_avg_monthly_net_earnings_municipality_residence.csv,2403040403IND01,Average net earnings,net,70505,Dimitrovgrad,2025,83458,RSD,RSD,A,Normal value,SORS
annual_avg_monthly_net_earnings_municipality_residence.csv,2403040403IND01,Average net earnings,net,70513,Doljevac,2025,81036,RSD,RSD,A,Normal value,SORS
annual_avg_monthly_net_earnings_municipality_residence.csv,2403040403IND01,Average net earnings,net,70521,Žabari,2025,82049,RSD,RSD,A,Normal value,SORS
annual_avg_monthly_net_earnings_municipality_residence.csv,2403040403IND01,Average net earnings,net,70530,Žagubica,2025,90016,RSD,RSD,A,Normal value,SORS
annual_avg_monthly_net_earnings_municipality_residence.csv,2403040403IND01,Average net earnings,net,70548,Žitorađa,2025,80746,RSD,RSD,A,Normal value,SORS
annual_avg_monthly_net_earnings_municipality_residence.csv,2403040403IND01,Average net earnings,net,70556,Zaječar,2025,96675,RSD,RSD,A,Normal value,SORS
annual_avg_monthly_net_earnings_municipality_residence.csv,2403040403IND01,Average net earnings,net,70564,Ivanjica,2025,82467,RSD,RSD,A,Normal value,SORS
annual_avg_monthly_net_earnings_municipality_residence.csv,2403040403IND01,Average net earnings,net,70572,Kladovo,2025,93355,RSD,RSD,A,Normal value,SORS
annual_avg_monthly_net_earnings_municipality_residence.csv,2403040403IND01,Average net earnings,net,70599,Knić,2025,87345,RSD,RSD,A,Normal value,SORS
annual_avg_monthly_net_earnings_municipality_residence.csv,2403040403IND01,Average net earnings,net,70602,Knjaževac,2025,82165,RSD,RSD,A,Normal value,SORS
annual_avg_monthly_net_earnings_municipality_residence.csv,2403040403IND01,Average net earnings,net,70629,Kosjerić,2025,91323,RSD,RSD,A,Normal value,SORS
annual_avg_monthly_net_earnings_municipality_residence.csv,2403040403IND01,Average net earnings,net,70637,Koceljeva,2025,83754,RSD,RSD,A,Normal value,SORS
annual_avg_monthly_net_earnings_municipality_residence.csv,2403040403IND01,Average net earnings,net,70645,Kragujevac,2025,103636,RSD,RSD,A,Normal value,SORS
annual_avg_monthly_net_earnings_municipality_residence.csv,2403040403IND01,Average net earnings,net,70653,Kraljevo,2025,91579,RSD,RSD,A,Normal value,SORS
annual_avg_monthly_net_earnings_municipality_residence.csv,2403040403IND01,Average net earnings,net,70661,Krupanj,2025,83747,RSD,RSD,A,Normal value,SORS
annual_avg_monthly_net_earnings_municipality_residence.csv,2403040403IND01,Average net earnings,net,70670,Kruševac,2025,96585,RSD,RSD,A,Normal value,SORS
annual_avg_monthly_net_earnings_municipality_residence.csv,2403040403IND01,Average net earnings,net,70688,Kuršumlija,2025,87017,RSD,RSD,A,Normal value,SORS
annual_avg_monthly_net_earnings_municipality_residence.csv,2403040403IND01,Average net earnings,net,70696,Kučevo,2025,89118,RSD,RSD,A,Normal value,SORS
annual_avg_monthly_net_earnings_municipality_residence.csv,2403040403IND01,Average net earnings,net,70700,Lajkovac,2025,102126,RSD,RSD,A,Normal value,SORS
annual_avg_monthly_net_earnings_municipality_residence.csv,2403040403IND01,Average net earnings,net,70718,Lebane,2025,78430,RSD,RSD,A,Normal value,SORS
annual_avg_monthly_net_earnings_municipality_residence.csv,2403040403IND01,Average net earnings,net,70726,Leskovac,2025,84787,RSD,RSD,A,Normal value,SORS
annual_avg_monthly_net_earnings_municipality_residence.csv,2403040403IND01,Average net earnings,net,70734,Loznica,2025,88770,RSD,RSD,A,Normal value,SORS
annual_avg_monthly_net_earnings_municipality_residence.csv,2403040403IND01,Average net earnings,net,70742,Lučani,2025,108105,RSD,RSD,A,Normal value,SORS
annual_avg_monthly_net_earnings_municipality_residence.csv,2403040403IND01,Average net earnings,net,70769,Ljig,2025,94027,RSD,RSD,A,Normal value,SORS
annual_avg_monthly_net_earnings_municipality_residence.csv,2403040403IND01,Average net earnings,net,70777,Ljubovija,2025,92091,RSD,RSD,A,Normal value,SORS
annual_avg_monthly_net_earnings_municipality_residence.csv,2403040403IND01,Average net earnings,net,70785,Majdanpek,2025,114639,RSD,RSD,A,Normal value,SORS
annual_avg_monthly_net_earnings_municipality_residence.csv,2403040403IND01,Average net earnings,net,70793,Mali Zvornik,2025,88069,RSD,RSD,A,Normal value,SORS
annual_avg_monthly_net_earnings_municipality_residence.csv,2403040403IND01,Average net earnings,net,70807,Malo Crniće,2025,82274,RSD,RSD,A,Normal value,SORS
annual_avg_monthly_net_earnings_municipality_residence.csv,2403040403IND01,Average net earnings,net,70815,Medveđa,2025,91290,RSD,RSD,A,Normal value,SORS
annual_avg_monthly_net_earnings_municipality_residence.csv,2403040403IND01,Average net earnings,net,70823,Merošina,2025,79706,RSD,RSD,A,Normal value,SORS
annual_avg_monthly_net_earnings_municipality_residence.csv,2403040403IND01,Average net earnings,net,70831,Mionica,2025,84499,RSD,RSD,A,Normal value,SORS
annual_avg_monthly_net_earnings_municipality_residence.csv,2403040403IND01,Average net earnings,net,70840,Negotin,2025,92076,RSD,RSD,A,Normal value,SORS
annual_avg_monthly_net_earnings_municipality_residence.csv,2403040403IND01,Average net earnings,net,70866,Nova Varoš,2025,85760,RSD,RSD,A,Normal value,SORS
annual_avg_monthly_net_earnings_municipality_residence.csv,2403040403IND01,Average net earnings,net,70874,Novi Pazar,2025,81426,RSD,RSD,A,Normal value,SORS
annual_avg_monthly_net_earnings_municipality_residence.csv,2403040403IND01,Average net earnings,net,70882,Osečina,2025,83801,RSD,RSD,A,Normal value,SORS
annual_avg_monthly_net_earnings_municipality_residence.csv,2403040403IND01,Average net earnings,net,70904,Paraćin,2025,88998,RSD,RSD,A,Normal value,SORS
annual_avg_monthly_net_earnings_municipality_residence.csv,2403040403IND01,Average net earnings,net,70912,Petrovac na Mlavi,2025,82000,RSD,RSD,A,Normal value,SORS
annual_avg_monthly_net_earnings_municipality_residence.csv,2403040403IND01,Average net earnings,net,70939,Pirot,2025,97343,RSD,RSD,A,Normal value,SORS
annual_avg_monthly_net_earnings_municipality_residence.csv,2403040403IND01,Average net earnings,net,70947,Požarevac,2025,101125,RSD,RSD,A,Normal value,SORS
annual_avg_monthly_net_earnings_municipality_residence.csv,2403040403IND01,Average net earnings,net,70955,Požega,2025,93658,RSD,RSD,A,Normal value,SORS
annual_avg_monthly_net_earnings_municipality_residence.csv,2403040403IND01,Average net earnings,net,70963,Preševo,2025,73895,RSD,RSD,A,Normal value,SORS
annual_avg_monthly_net_earnings_municipality_residence.csv,2403040403IND01,Average net earnings,net,70971,Priboj,2025,87336,RSD,RSD,A,Normal value,SORS
annual_avg_monthly_net_earnings_municipality_residence.csv,2403040403IND01,Average net earnings,net,70980,Prijepolje,2025,81878,RSD,RSD,A,Normal value,SORS
annual_avg_monthly_net_earnings_municipality_residence.csv,2403040403IND01,Average net earnings,net,70998,Prokuplje,2025,88461,RSD,RSD,A,Normal value,SORS
annual_avg_monthly_net_earnings_municipality_residence.csv,2403040403IND01,Average net earnings,net,71005,Ražanj,2025,80340,RSD,RSD,A,Normal value,SORS
annual_avg_monthly_net_earnings_municipality_residence.csv,2403040403IND01,Average net earnings,net,71013,Rača,2025,87046,RSD,RSD,A,Normal value,SORS
annual_avg_monthly_net_earnings_municipality_residence.csv,2403040403IND01,Average net earnings,net,71021,Raška,2025,85194,RSD,RSD,A,Normal value,SORS
annual_avg_monthly_net_earnings_municipality_residence.csv,2403040403IND01,Average net earnings,net,71030,Rekovac,2025,80908,RSD,RSD,A,Normal value,SORS
annual_avg_monthly_net_earnings_municipality_residence.csv,2403040403IND01,Average net earnings,net,71048,Jagodina,2025,88073,RSD,RSD,A,Normal value,SORS
annual_avg_monthly_net_earnings_municipality_residence.csv,2403040403IND01,Average net earnings,net,71056,Svilajnac,2025,83432,RSD,RSD,A,Normal value,SORS
annual_avg_monthly_net_earnings_municipality_residence.csv,2403040403IND01,Average net earnings,net,71064,Svrljig,2025,79747,RSD,RSD,A,Normal value,SORS
annual_avg_monthly_net_earnings_municipality_residence.csv,2403040403IND01,Average net earnings,net,71072,Sjenica,2025,84161,RSD,RSD,A,Normal value,SORS
annual_avg_monthly_net_earnings_municipality_residence.csv,2403040403IND01,Average net earnings,net,71099,Smederevo,2025,99718,RSD,RSD,A,Normal value,SORS
annual_avg_monthly_net_earnings_municipality_residence.csv,2403040403IND01,Average net earnings,net,71102,Smederevska Palanka,2025,90525,RSD,RSD,A,Normal value,SORS
annual_avg_monthly_net_earnings_municipality_residence.csv,2403040403IND01,Average net earnings,net,71129,Sokobanja,2025,86218,RSD,RSD,A,Normal value,SORS
annual_avg_monthly_net_earnings_municipality_residence.csv,2403040403IND01,Average net earnings,net,71137,Surdulica,2025,85515,RSD,RSD,A,Normal value,SORS
annual_avg_monthly_net_earnings_municipality_residence.csv,2403040403IND01,Average net earnings,net,71145,Užice,2025,101833,RSD,RSD,A,Normal value,SORS
annual_avg_monthly_net_earnings_municipality_residence.csv,2403040403IND01,Average net earnings,net,71153,Topola,2025,86223,RSD,RSD,A,Normal value,SORS
annual_avg_monthly_net_earnings_municipality_residence.csv,2403040403IND01,Average net earnings,net,71161,Trgovište,2025,81140,RSD,RSD,A,Normal value,SORS
annual_avg_monthly_net_earnings_municipality_residence.csv,2403040403IND01,Average net earnings,net,71170,Trstenik,2025,85165,RSD,RSD,A,Normal value,SORS
annual_avg_monthly_net_earnings_municipality_residence.csv,2403040403IND01,Average net earnings,net,71188,Tutin,2025,80850,RSD,RSD,A,Normal value,SORS
annual_avg_monthly_net_earnings_municipality_residence.csv,2403040403IND01,Average net earnings,net,71196,Ćićevac,2025,86653,RSD,RSD,A,Normal value,SORS
annual_avg_monthly_net_earnings_municipality_residence.csv,2403040403IND01,Average net earnings,net,71200,Ćuprija,2025,89645,RSD,RSD,A,Normal value,SORS
annual_avg_monthly_net_earnings_municipality_residence.csv,2403040403IND01,Average net earnings,net,71218,Ub,2025,93694,RSD,RSD,A,Normal value,SORS
annual_avg_monthly_net_earnings_municipality_residence.csv,2403040403IND01,Average net earnings,net,71226,Crna Trava,2025,78781,RSD,RSD,A,Normal value,SORS
annual_avg_monthly_net_earnings_municipality_residence.csv,2403040403IND01,Average net earnings,net,71234,Čajetina,2025,86753,RSD,RSD,A,Normal value,SORS
annual_avg_monthly_net_earnings_municipality_residence.csv,2403040403IND01,Average net earnings,net,71242,Čačak,2025,94901,RSD,RSD,A,Normal value,SORS
annual_avg_monthly_net_earnings_municipality_residence.csv,2403040403IND01,Average net earnings,net,71269,Šabac,2025,95703,RSD,RSD,A,Normal value,SORS
annual_avg_monthly_net_earnings_municipality_residence.csv,2403040403IND01,Average net earnings,net,71277,Lapovo,2025,87252,RSD,RSD,A,Normal value,SORS
annual_avg_monthly_net_earnings_municipality_residence.csv,2403040403IND01,Average net earnings,net,71285,Niška Banja,2025,86426,RSD,RSD,A,Normal value,SORS
annual_avg_monthly_net_earnings_municipality_residence.csv,2403040403IND01,Average net earnings,net,71293,Surčin,2025,100374,RSD,RSD,A,Normal value,SORS
annual_avg_monthly_net_earnings_municipality_residence.csv,2403040403IND01,Average net earnings,net,71307,Pantelej,2025,101362,RSD,RSD,A,Normal value,SORS
annual_avg_monthly_net_earnings_municipality_residence.csv,2403040403IND01,Average net earnings,net,71315,Crveni Krst,2025,91815,RSD,RSD,A,Normal value,SORS
annual_avg_monthly_net_earnings_municipality_residence.csv,2403040403IND01,Average net earnings,net,71323,Palilula (Niš),2025,97278,RSD,RSD,A,Normal value,SORS
annual_avg_monthly_net_earnings_municipality_residence.csv,2403040403IND01,Average net earnings,net,71331,Medijana,2025,118929,RSD,RSD,A,Normal value,SORS
annual_avg_monthly_net_earnings_municipality_residence.csv,2403040403IND01,Average net earnings,net,71340,Kostolac,2025,108892,RSD,RSD,A,Normal value,SORS
annual_avg_monthly_net_earnings_municipality_residence.csv,2403040403IND01,Average net earnings,net,71358,Vranjska Banja,2025,77192,RSD,RSD,A,Normal value,SORS
annual_avg_monthly_net_earnings_municipality_residence.csv,2403040403IND01,Average net earnings,net,71366,Sevojno,2025,91163,RSD,RSD,A,Normal value,SORS
annual_avg_monthly_net_earnings_municipality_residence.csv,2403040403IND01,Average net earnings,net,79022,Grad Niš,2025,105576,RSD,RSD,A,Normal value,SORS
annual_avg_monthly_net_earnings_municipality_residence.csv,2403040403IND01,Average net earnings,net,79049,Grad Požarevac,2025,102220,RSD,RSD,A,Normal value,SORS
annual_avg_monthly_net_earnings_municipality_residence.csv,2403040403IND01,Average net earnings,net,79057,Grad Vranje,2025,86122,RSD,RSD,A,Normal value,SORS
annual_avg_monthly_net_earnings_municipality_residence.csv,2403040403IND01,Average net earnings,net,79065,Grad Užice,2025,101458,RSD,RSD,A,Normal value,SORS
annual_avg_monthly_net_earnings_municipality_residence.csv,2403040403IND01,Average net earnings,net,80012,Ada,2025,87010,RSD,RSD,A,Normal value,SORS
annual_avg_monthly_net_earnings_municipality_residence.csv,2403040403IND01,Average net earnings,net,80039,Alibunar,2025,89962,RSD,RSD,A,Normal value,SORS
annual_avg_monthly_net_earnings_municipality_residence.csv,2403040403IND01,Average net earnings,net,80047,Apatin,2025,88684,RSD,RSD,A,Normal value,SORS
annual_avg_monthly_net_earnings_municipality_residence.csv,2403040403IND01,Average net earnings,net,80055,Bač,2025,82201,RSD,RSD,A,Normal value,SORS
annual_avg_monthly_net_earnings_municipality_residence.csv,2403040403IND01,Average net earnings,net,80063,Bačka Palanka,2025,92889,RSD,RSD,A,Normal value,SORS
annual_avg_monthly_net_earnings_municipality_residence.csv,2403040403IND01,Average net earnings,net,80071,Bačka Topola,2025,89552,RSD,RSD,A,Normal value,SORS
annual_avg_monthly_net_earnings_municipality_residence.csv,2403040403IND01,Average net earnings,net,80080,Bački Petrovac,2025,88739,RSD,RSD,A,Normal value,SORS
annual_avg_monthly_net_earnings_municipality_residence.csv,2403040403IND01,Average net earnings,net,80098,Bela Crkva,2025,86171,RSD,RSD,A,Normal value,SORS
annual_avg_monthly_net_earnings_municipality_residence.csv,2403040403IND01,Average net earnings,net,80101,Beočin,2025,94845,RSD,RSD,A,Normal value,SORS
annual_avg_monthly_net_earnings_municipality_residence.csv,2403040403IND01,Average net earnings,net,80110,Bečej,2025,91214,RSD,RSD,A,Normal value,SORS
annual_avg_monthly_net_earnings_municipality_residence.csv,2403040403IND01,Average net earnings,net,80128,Vršac,2025,104782,RSD,RSD,A,Normal value,SORS
annual_avg_monthly_net_earnings_municipality_residence.csv,2403040403IND01,Average net earnings,net,80136,Žabalj,2025,89078,RSD,RSD,A,Normal value,SORS
annual_avg_monthly_net_earnings_municipality_residence.csv,2403040403IND01,Average net earnings,net,80144,Žitište,2025,90077,RSD,RSD,A,Normal value,SORS
annual_avg_monthly_net_earnings_municipality_residence.csv,2403040403IND01,Average net earnings,net,80152,Zrenjanin,2025,98995,RSD,RSD,A,Normal value,SORS
annual_avg_monthly_net_earnings_municipality_residence.csv,2403040403IND01,Average net earnings,net,80179,Inđija,2025,104658,RSD,RSD,A,Normal value,SORS
annual_avg_monthly_net_earnings_municipality_residence.csv,2403040403IND01,Average net earnings,net,80187,Irig,2025,88706,RSD,RSD,A,Normal value,SORS
annual_avg_monthly_net_earnings_municipality_residence.csv,2403040403IND01,Average net earnings,net,80195,Kanjiža,2025,87358,RSD,RSD,A,Normal value,SORS
annual_avg_monthly_net_earnings_municipality_residence.csv,2403040403IND01,Average net earnings,net,80209,Kikinda,2025,94578,RSD,RSD,A,Normal value,SORS
annual_avg_monthly_net_earnings_municipality_residence.csv,2403040403IND01,Average net earnings,net,80217,Kovačica,2025,86565,RSD,RSD,A,Normal value,SORS
annual_avg_monthly_net_earnings_municipality_residence.csv,2403040403IND01,Average net earnings,net,80225,Kovin,2025,92436,RSD,RSD,A,Normal value,SORS
annual_avg_monthly_net_earnings_municipality_residence.csv,2403040403IND01,Average net earnings,net,80233,Kula,2025,88801,RSD,RSD,A,Normal value,SORS
annual_avg_monthly_net_earnings_municipality_residence.csv,2403040403IND01,Average net earnings,net,80241,Mali Iđoš,2025,84378,RSD,RSD,A,Normal value,SORS
annual_avg_monthly_net_earnings_municipality_residence.csv,2403040403IND01,Average net earnings,net,80250,Nova Crnja,2025,89155,RSD,RSD,A,Normal value,SORS
annual_avg_monthly_net_earnings_municipality_residence.csv,2403040403IND01,Average net earnings,net,80268,Novi Bečej,2025,85781,RSD,RSD,A,Normal value,SORS
annual_avg_monthly_net_earnings_municipality_residence.csv,2403040403IND01,Average net earnings,net,80276,Novi Kneževac,2025,90082,RSD,RSD,A,Normal value,SORS
annual_avg_monthly_net_earnings_municipality_residence.csv,2403040403IND01,Average net earnings,net,80292,Opovo,2025,90653,RSD,RSD,A,Normal value,SORS
annual_avg_monthly_net_earnings_municipality_residence.csv,2403040403IND01,Average net earnings,net,80306,Odžaci,2025,87109,RSD,RSD,A,Normal value,SORS
annual_avg_monthly_net_earnings_municipality_residence.csv,2403040403IND01,Average net earnings,net,80314,Pančevo,2025,109437,RSD,RSD,A,Normal value,SORS
annual_avg_monthly_net_earnings_municipality_residence.csv,2403040403IND01,Average net earnings,net,80322,Pećinci,2025,97154,RSD,RSD,A,Normal value,SORS
annual_avg_monthly_net_earnings_municipality_residence.csv,2403040403IND01,Average net earnings,net,80349,Plandište,2025,90941,RSD,RSD,A,Normal value,SORS
annual_avg_monthly_net_earnings_municipality_residence.csv,2403040403IND01,Average net earnings,net,80357,Ruma,2025,95850,RSD,RSD,A,Normal value,SORS
annual_avg_monthly_net_earnings_municipality_residence.csv,2403040403IND01,Average net earnings,net,80365,Senta,2025,93435,RSD,RSD,A,Normal value,SORS
annual_avg_monthly_net_earnings_municipality_residence.csv,2403040403IND01,Average net earnings,net,80373,Sečanj,2025,90040,RSD,RSD,A,Normal value,SORS
annual_avg_monthly_net_earnings_municipality_residence.csv,2403040403IND01,Average net earnings,net,80381,Sombor,2025,91245,RSD,RSD,A,Normal value,SORS
annual_avg_monthly_net_earnings_municipality_residence.csv,2403040403IND01,Average net earnings,net,80390,Srbobran,2025,85776,RSD,RSD,A,Normal value,SORS
annual_avg_monthly_net_earnings_municipality_residence.csv,2403040403IND01,Average net earnings,net,80403,Sremska Mitrovica,2025,97421,RSD,RSD,A,Normal value,SORS
annual_avg_monthly_net_earnings_municipality_residence.csv,2403040403IND01,Average net earnings,net,80411,Sremski Karlovci,2025,101812,RSD,RSD,A,Normal value,SORS
annual_avg_monthly_net_earnings_municipality_residence.csv,2403040403IND01,Average net earnings,net,80420,Stara Pazova,2025,101652,RSD,RSD,A,Normal value,SORS
annual_avg_monthly_net_earnings_municipality_residence.csv,2403040403IND01,Average net earnings,net,80438,Subotica,2025,98241,RSD,RSD,A,Normal value,SORS
annual_avg_monthly_net_earnings_municipality_residence.csv,2403040403IND01,Average net earnings,net,80446,Temerin,2025,93722,RSD,RSD,A,Normal value,SORS
annual_avg_monthly_net_earnings_municipality_residence.csv,2403040403IND01,Average net earnings,net,80454,Titel,2025,87510,RSD,RSD,A,Normal value,SORS
annual_avg_monthly_net_earnings_municipality_residence.csv,2403040403IND01,Average net earnings,net,80462,Vrbas,2025,91505,RSD,RSD,A,Normal value,SORS
annual_avg_monthly_net_earnings_municipality_residence.csv,2403040403IND01,Average net earnings,net,80489,Čoka,2025,86419,RSD,RSD,A,Normal value,SORS
annual_avg_monthly_net_earnings_municipality_residence.csv,2403040403IND01,Average net earnings,net,80497,Šid,2025,90141,RSD,RSD,A,Normal value,SORS
annual_avg_monthly_net_earnings_municipality_residence.csv,2403040403IND01,Average net earnings,net,89010,Grad Novi Sad,2025,126469,RSD,RSD,A,Normal value,SORS
annual_avg_monthly_net_earnings_municipality_residence.csv,2403040403IND01,Average net earnings,net,RS,REPUBLIC OF SERBIA,2025,109462,RSD,RSD,A,Normal value,SORS
annual_avg_monthly_net_earnings_municipality_residence.csv,2403040403IND01,Average net earnings,net,RS1,SRBIJA – SEVER,2025,121504,RSD,RSD,A,Normal value,SORS
annual_avg_monthly_net_earnings_municipality_residence.csv,2403040403IND01,Average net earnings,net,RS11,Beogradski region,2025,136911,RSD,RSD,A,Normal value,SORS
annual_avg_monthly_net_earnings_municipality_residence.csv,2403040403IND01,Average net earnings,net,RS110,Beogradska oblast,2025,136911,RSD,RSD,A,Normal value,SORS
annual_avg_monthly_net_earnings_municipality_residence.csv,2403040403IND01,Average net earnings,net,RS12,Region Vojvodine,2025,103566,RSD,RSD,A,Normal value,SORS
annual_avg_monthly_net_earnings_municipality_residence.csv,2403040403IND01,Average net earnings,net,RS121,Zapadnobačka oblast,2025,89641,RSD,RSD,A,Normal value,SORS
annual_avg_monthly_net_earnings_municipality_residence.csv,2403040403IND01,Average net earnings,net,RS122,Južnobanatska oblast,2025,102435,RSD,RSD,A,Normal value,SORS
annual_avg_monthly_net_earnings_municipality_residence.csv,2403040403IND01,Average net earnings,net,RS123,Južnobačka oblast,2025,114433,RSD,RSD,A,Normal value,SORS
annual_avg_monthly_net_earnings_municipality_residence.csv,2403040403IND01,Average net earnings,net,RS124,Severnobanatska oblast,2025,91759,RSD,RSD,A,Normal value,SORS
annual_avg_monthly_net_earnings_municipality_residence.csv,2403040403IND01,Average net earnings,net,RS125,Severnobačka oblast,2025,96323,RSD,RSD,A,Normal value,SORS
annual_avg_monthly_net_earnings_municipality_residence.csv,2403040403IND01,Average net earnings,net,RS126,Srednjobanatska oblast,2025,96105,RSD,RSD,A,Normal value,SORS
annual_avg_monthly_net_earnings_municipality_residence.csv,2403040403IND01,Average net earnings,net,RS127,Sremska oblast,2025,98482,RSD,RSD,A,Normal value,SORS
annual_avg_monthly_net_earnings_municipality_residence.csv,2403040403IND01,Average net earnings,net,RS2,SRBIJA – JUG,2025,93468,RSD,RSD,A,Normal value,SORS
annual_avg_monthly_net_earnings_municipality_residence.csv,2403040403IND01,Average net earnings,net,RS21,Region Šumadije i Zapadne Srbije,2025,92602,RSD,RSD,A,Normal value,SORS
annual_avg_monthly_net_earnings_municipality_residence.csv,2403040403IND01,Average net earnings,net,RS211,Zlatiborska oblast,2025,91564,RSD,RSD,A,Normal value,SORS
annual_avg_monthly_net_earnings_municipality_residence.csv,2403040403IND01,Average net earnings,net,RS212,Kolubarska oblast,2025,95462,RSD,RSD,A,Normal value,SORS
annual_avg_monthly_net_earnings_municipality_residence.csv,2403040403IND01,Average net earnings,net,RS213,Mačvanska oblast,2025,91084,RSD,RSD,A,Normal value,SORS
annual_avg_monthly_net_earnings_municipality_residence.csv,2403040403IND01,Average net earnings,net,RS214,Moravička oblast,2025,94913,RSD,RSD,A,Normal value,SORS
annual_avg_monthly_net_earnings_municipality_residence.csv,2403040403IND01,Average net earnings,net,RS215,Pomoravska oblast,2025,87627,RSD,RSD,A,Normal value,SORS
annual_avg_monthly_net_earnings_municipality_residence.csv,2403040403IND01,Average net earnings,net,RS216,Rasinska oblast,2025,91722,RSD,RSD,A,Normal value,SORS
annual_avg_monthly_net_earnings_municipality_residence.csv,2403040403IND01,Average net earnings,net,RS217,Raška oblast,2025,87094,RSD,RSD,A,Normal value,SORS
annual_avg_monthly_net_earnings_municipality_residence.csv,2403040403IND01,Average net earnings,net,RS218,Šumadijska oblast,2025,99339,RSD,RSD,A,Normal value,SORS
annual_avg_monthly_net_earnings_municipality_residence.csv,2403040403IND01,Average net earnings,net,RS22,Region Južne i Istočne Srbije,2025,94599,RSD,RSD,A,Normal value,SORS
annual_avg_monthly_net_earnings_municipality_residence.csv,2403040403IND01,Average net earnings,net,RS221,Borska oblast,2025,112825,RSD,RSD,A,Normal value,SORS
annual_avg_monthly_net_earnings_municipality_residence.csv,2403040403IND01,Average net earnings,net,RS222,Braničevska oblast,2025,94950,RSD,RSD,A,Normal value,SORS
annual_avg_monthly_net_earnings_municipality_residence.csv,2403040403IND01,Average net earnings,net,RS223,Zaječarska oblast,2025,91898,RSD,RSD,A,Normal value,SORS
annual_avg_monthly_net_earnings_municipality_residence.csv,2403040403IND01,Average net earnings,net,RS224,Jablanička oblast,2025,82932,RSD,RSD,A,Normal value,SORS
annual_avg_monthly_net_earnings_municipality_residence.csv,2403040403IND01,Average net earnings,net,RS225,Nišavska oblast,2025,100624,RSD,RSD,A,Normal value,SORS
annual_avg_monthly_net_earnings_municipality_residence.csv,2403040403IND01,Average net earnings,net,RS226,Pirotska oblast,2025,93388,RSD,RSD,A,Normal value,SORS
annual_avg_monthly_net_earnings_municipality_residence.csv,2403040403IND01,Average net earnings,net,RS227,Podunavska oblast,2025,95669,RSD,RSD,A,Normal value,SORS
annual_avg_monthly_net_earnings_municipality_residence.csv,2403040403IND01,Average net earnings,net,RS228,Pčinjska oblast,2025,84071,RSD,RSD,A,Normal value,SORS
annual_avg_monthly_net_earnings_municipality_residence.csv,2403040403IND01,Average net earnings,net,RS229,Toplička oblast,2025,86059,RSD,RSD,A,Normal value,SORS
annual_avg_monthly_gross_earnings_municipality_residence.csv,2403040403IND02,Average gross earnings,gross,70017,Aleksandrovac,2018,52564,RSD,RSD,A,Normal value,SORS
annual_avg_monthly_gross_earnings_municipality_residence.csv,2403040403IND02,Average gross earnings,gross,70025,Aleksinac,2018,56300,RSD,RSD,A,Normal value,SORS
annual_avg_monthly_gross_earnings_municipality_residence.csv,2403040403IND02,Average gross earnings,gross,70033,Aranđelovac,2018,61717,RSD,RSD,A,Normal value,SORS
annual_avg_monthly_gross_earnings_municipality_residence.csv,2403040403IND02,Average gross earnings,gross,70041,Arilje,2018,51151,RSD,RSD,A,Normal value,SORS
annual_avg_monthly_gross_earnings_municipality_residence.csv,2403040403IND02,Average gross earnings,gross,70050,Babušnica,2018,57308,RSD,RSD,A,Normal value,SORS
annual_avg_monthly_gross_earnings_municipality_residence.csv,2403040403IND02,Average gross earnings,gross,70068,Bajina Bašta,2018,54775,RSD,RSD,A,Normal value,SORS
annual_avg_monthly_gross_earnings_municipality_residence.csv,2403040403IND02,Average gross earnings,gross,70076,Batočina,2018,54179,RSD,RSD,A,Normal value,SORS
annual_avg_monthly_gross_earnings_municipality_residence.csv,2403040403IND02,Average gross earnings,gross,70084,Bela Palanka,2018,52572,RSD,RSD,A,Normal value,SORS
annual_avg_monthly_gross_earnings_municipality_residence.csv,2403040403IND02,Average gross earnings,gross,70092,Barajevo,2018,59653,RSD,RSD,A,Normal value,SORS
annual_avg_monthly_gross_earnings_municipality_residence.csv,2403040403IND02,Average gross earnings,gross,70106,Voždovac,2018,87022,RSD,RSD,A,Normal value,SORS
annual_avg_monthly_gross_earnings_municipality_residence.csv,2403040403IND02,Average gross earnings,gross,70114,Vračar,2018,108485,RSD,RSD,A,Normal value,SORS
annual_avg_monthly_gross_earnings_municipality_residence.csv,2403040403IND02,Average gross earnings,gross,70122,Grocka,2018,59864,RSD,RSD,A,Normal value,SORS
annual_avg_monthly_gross_earnings_municipality_residence.csv,2403040403IND02,Average gross earnings,gross,70149,Zvezdara,2018,86516,RSD,RSD,A,Normal value,SORS
annual_avg_monthly_gross_earnings_municipality_residence.csv,2403040403IND02,Average gross earnings,gross,70157,Zemun,2018,76986,RSD,RSD,A,Normal value,SORS
annual_avg_monthly_gross_earnings_municipality_residence.csv,2403040403IND02,Average gross earnings,gross,70165,Lazarevac,2018,89607,RSD,RSD,A,Normal value,SORS
annual_avg_monthly_gross_earnings_municipality_residence.csv,2403040403IND02,Average gross earnings,gross,70173,Mladenovac,2018,58054,RSD,RSD,A,Normal value,SORS
annual_avg_monthly_gross_earnings_municipality_residence.csv,2403040403IND02,Average gross earnings,gross,70181,Novi Beograd,2018,104079,RSD,RSD,A,Normal value,SORS
annual_avg_monthly_gross_earnings_municipality_residence.csv,2403040403IND02,Average gross earnings,gross,70190,Obrenovac,2018,70944,RSD,RSD,A,Normal value,SORS
annual_avg_monthly_gross_earnings_municipality_residence.csv,2403040403IND02,Average gross earnings,gross,70203,Palilula (Beograd),2018,76299,RSD,RSD,A,Normal value,SORS
annual_avg_monthly_gross_earnings_municipality_residence.csv,2403040403IND02,Average gross earnings,gross,70211,Rakovica,2018,77501,RSD,RSD,A,Normal value,SORS
annual_avg_monthly_gross_earnings_municipality_residence.csv,2403040403IND02,Average gross earnings,gross,70220,Savski venac,2018,92859,RSD,RSD,A,Normal value,SORS
annual_avg_monthly_gross_earnings_municipality_residence.csv,2403040403IND02,Average gross earnings,gross,70238,Sopot,2018,57814,RSD,RSD,A,Normal value,SORS
annual_avg_monthly_gross_earnings_municipality_residence.csv,2403040403IND02,Average gross earnings,gross,70246,Stari grad,2018,102793,RSD,RSD,A,Normal value,SORS
annual_avg_monthly_gross_earnings_municipality_residence.csv,2403040403IND02,Average gross earnings,gross,70254,Čukarica,2018,82053,RSD,RSD,A,Normal value,SORS
annual_avg_monthly_gross_earnings_municipality_residence.csv,2403040403IND02,Average gross earnings,gross,70262,Blace,2018,52142,RSD,RSD,A,Normal value,SORS
annual_avg_monthly_gross_earnings_municipality_residence.csv,2403040403IND02,Average gross earnings,gross,70289,Bogatić,2018,53339,RSD,RSD,A,Normal value,SORS
annual_avg_monthly_gross_earnings_municipality_residence.csv,2403040403IND02,Average gross earnings,gross,70297,Bojnik,2018,49887,RSD,RSD,A,Normal value,SORS
annual_avg_monthly_gross_earnings_municipality_residence.csv,2403040403IND02,Average gross earnings,gross,70319,Boljevac,2018,59721,RSD,RSD,A,Normal value,SORS
annual_avg_monthly_gross_earnings_municipality_residence.csv,2403040403IND02,Average gross earnings,gross,70327,Bor,2018,73589,RSD,RSD,A,Normal value,SORS
annual_avg_monthly_gross_earnings_municipality_residence.csv,2403040403IND02,Average gross earnings,gross,70335,Bosilegrad,2018,54151,RSD,RSD,A,Normal value,SORS
annual_avg_monthly_gross_earnings_municipality_residence.csv,2403040403IND02,Average gross earnings,gross,70343,Brus,2018,52032,RSD,RSD,A,Normal value,SORS
annual_avg_monthly_gross_earnings_municipality_residence.csv,2403040403IND02,Average gross earnings,gross,70351,Bujanovac,2018,52617,RSD,RSD,A,Normal value,SORS
annual_avg_monthly_gross_earnings_municipality_residence.csv,2403040403IND02,Average gross earnings,gross,70360,Valjevo,2018,61524,RSD,RSD,A,Normal value,SORS
annual_avg_monthly_gross_earnings_municipality_residence.csv,2403040403IND02,Average gross earnings,gross,70378,Varvarin,2018,50011,RSD,RSD,A,Normal value,SORS
annual_avg_monthly_gross_earnings_municipality_residence.csv,2403040403IND02,Average gross earnings,gross,70386,Velika Plana,2018,57038,RSD,RSD,A,Normal value,SORS
annual_avg_monthly_gross_earnings_municipality_residence.csv,2403040403IND02,Average gross earnings,gross,70394,Veliko Gradište,2018,53646,RSD,RSD,A,Normal value,SORS
annual_avg_monthly_gross_earnings_municipality_residence.csv,2403040403IND02,Average gross earnings,gross,70408,Vladimirci,2018,52304,RSD,RSD,A,Normal value,SORS
annual_avg_monthly_gross_earnings_municipality_residence.csv,2403040403IND02,Average gross earnings,gross,70416,Vladičin Han,2018,56838,RSD,RSD,A,Normal value,SORS
annual_avg_monthly_gross_earnings_municipality_residence.csv,2403040403IND02,Average gross earnings,gross,70424,Vlasotince,2018,48332,RSD,RSD,A,Normal value,SORS
annual_avg_monthly_gross_earnings_municipality_residence.csv,2403040403IND02,Average gross earnings,gross,70432,Vranje,2018,58450,RSD,RSD,A,Normal value,SORS
annual_avg_monthly_gross_earnings_municipality_residence.csv,2403040403IND02,Average gross earnings,gross,70459,Vrnjačka Banja,2018,53212,RSD,RSD,A,Normal value,SORS
annual_avg_monthly_gross_earnings_municipality_residence.csv,2403040403IND02,Average gross earnings,gross,70467,Gadžin Han,2018,47156,RSD,RSD,A,Normal value,SORS
annual_avg_monthly_gross_earnings_municipality_residence.csv,2403040403IND02,Average gross earnings,gross,70475,Golubac,2018,53235,RSD,RSD,A,Normal value,SORS
annual_avg_monthly_gross_earnings_municipality_residence.csv,2403040403IND02,Average gross earnings,gross,70483,Gornji Milanovac,2018,64031,RSD,RSD,A,Normal value,SORS
annual_avg_monthly_gross_earnings_municipality_residence.csv,2403040403IND02,Average gross earnings,gross,70491,Despotovac,2018,60401,RSD,RSD,A,Normal value,SORS
annual_avg_monthly_gross_earnings_municipality_residence.csv,2403040403IND02,Average gross earnings,gross,70505,Dimitrovgrad,2018,52620,RSD,RSD,A,Normal value,SORS
annual_avg_monthly_gross_earnings_municipality_residence.csv,2403040403IND02,Average gross earnings,gross,70513,Doljevac,2018,50468,RSD,RSD,A,Normal value,SORS
annual_avg_monthly_gross_earnings_municipality_residence.csv,2403040403IND02,Average gross earnings,gross,70521,Žabari,2018,49909,RSD,RSD,A,Normal value,SORS
annual_avg_monthly_gross_earnings_municipality_residence.csv,2403040403IND02,Average gross earnings,gross,70530,Žagubica,2018,58220,RSD,RSD,A,Normal value,SORS
annual_avg_monthly_gross_earnings_municipality_residence.csv,2403040403IND02,Average gross earnings,gross,70548,Žitorađa,2018,53086,RSD,RSD,A,Normal value,SORS
annual_avg_monthly_gross_earnings_municipality_residence.csv,2403040403IND02,Average gross earnings,gross,70556,Zaječar,2018,60466,RSD,RSD,A,Normal value,SORS
annual_avg_monthly_gross_earnings_municipality_residence.csv,2403040403IND02,Average gross earnings,gross,70564,Ivanjica,2018,50481,RSD,RSD,A,Normal value,SORS
annual_avg_monthly_gross_earnings_municipality_residence.csv,2403040403IND02,Average gross earnings,gross,70572,Kladovo,2018,62961,RSD,RSD,A,Normal value,SORS
annual_avg_monthly_gross_earnings_municipality_residence.csv,2403040403IND02,Average gross earnings,gross,70599,Knić,2018,57360,RSD,RSD,A,Normal value,SORS
annual_avg_monthly_gross_earnings_municipality_residence.csv,2403040403IND02,Average gross earnings,gross,70602,Knjaževac,2018,51518,RSD,RSD,A,Normal value,SORS
annual_avg_monthly_gross_earnings_municipality_residence.csv,2403040403IND02,Average gross earnings,gross,70629,Kosjerić,2018,60791,RSD,RSD,A,Normal value,SORS
annual_avg_monthly_gross_earnings_municipality_residence.csv,2403040403IND02,Average gross earnings,gross,70637,Koceljeva,2018,52350,RSD,RSD,A,Normal value,SORS
annual_avg_monthly_gross_earnings_municipality_residence.csv,2403040403IND02,Average gross earnings,gross,70645,Kragujevac,2018,66531,RSD,RSD,A,Normal value,SORS
annual_avg_monthly_gross_earnings_municipality_residence.csv,2403040403IND02,Average gross earnings,gross,70653,Kraljevo,2018,58968,RSD,RSD,A,Normal value,SORS
annual_avg_monthly_gross_earnings_municipality_residence.csv,2403040403IND02,Average gross earnings,gross,70661,Krupanj,2018,50441,RSD,RSD,A,Normal value,SORS
annual_avg_monthly_gross_earnings_municipality_residence.csv,2403040403IND02,Average gross earnings,gross,70670,Kruševac,2018,59341,RSD,RSD,A,Normal value,SORS
annual_avg_monthly_gross_earnings_municipality_residence.csv,2403040403IND02,Average gross earnings,gross,70688,Kuršumlija,2018,56595,RSD,RSD,A,Normal value,SORS
annual_avg_monthly_gross_earnings_municipality_residence.csv,2403040403IND02,Average gross earnings,gross,70696,Kučevo,2018,54024,RSD,RSD,A,Normal value,SORS
annual_avg_monthly_gross_earnings_municipality_residence.csv,2403040403IND02,Average gross earnings,gross,70700,Lajkovac,2018,82262,RSD,RSD,A,Normal value,SORS
annual_avg_monthly_gross_earnings_municipality_residence.csv,2403040403IND02,Average gross earnings,gross,70718,Lebane,2018,51982,RSD,RSD,A,Normal value,SORS
annual_avg_monthly_gross_earnings_municipality_residence.csv,2403040403IND02,Average gross earnings,gross,70726,Leskovac,2018,55098,RSD,RSD,A,Normal value,SORS
annual_avg_monthly_gross_earnings_municipality_residence.csv,2403040403IND02,Average gross earnings,gross,70734,Loznica,2018,54673,RSD,RSD,A,Normal value,SORS
annual_avg_monthly_gross_earnings_municipality_residence.csv,2403040403IND02,Average gross earnings,gross,70742,Lučani,2018,73258,RSD,RSD,A,Normal value,SORS
annual_avg_monthly_gross_earnings_municipality_residence.csv,2403040403IND02,Average gross earnings,gross,70769,Ljig,2018,63532,RSD,RSD,A,Normal value,SORS
annual_avg_monthly_gross_earnings_municipality_residence.csv,2403040403IND02,Average gross earnings,gross,70777,Ljubovija,2018,60553,RSD,RSD,A,Normal value,SORS
annual_avg_monthly_gross_earnings_municipality_residence.csv,2403040403IND02,Average gross earnings,gross,70785,Majdanpek,2018,68165,RSD,RSD,A,Normal value,SORS
annual_avg_monthly_gross_earnings_municipality_residence.csv,2403040403IND02,Average gross earnings,gross,70793,Mali Zvornik,2018,56205,RSD,RSD,A,Normal value,SORS
annual_avg_monthly_gross_earnings_municipality_residence.csv,2403040403IND02,Average gross earnings,gross,70807,Malo Crniće,2018,53957,RSD,RSD,A,Normal value,SORS
annual_avg_monthly_gross_earnings_municipality_residence.csv,2403040403IND02,Average gross earnings,gross,70815,Medveđa,2018,62376,RSD,RSD,A,Normal value,SORS
annual_avg_monthly_gross_earnings_municipality_residence.csv,2403040403IND02,Average gross earnings,gross,70823,Merošina,2018,50477,RSD,RSD,A,Normal value,SORS
annual_avg_monthly_gross_earnings_municipality_residence.csv,2403040403IND02,Average gross earnings,gross,70831,Mionica,2018,55588,RSD,RSD,A,Normal value,SORS
annual_avg_monthly_gross_earnings_municipality_residence.csv,2403040403IND02,Average gross earnings,gross,70840,Negotin,2018,58457,RSD,RSD,A,Normal value,SORS
annual_avg_monthly_gross_earnings_municipality_residence.csv,2403040403IND02,Average gross earnings,gross,70866,Nova Varoš,2018,56082,RSD,RSD,A,Normal value,SORS
annual_avg_monthly_gross_earnings_municipality_residence.csv,2403040403IND02,Average gross earnings,gross,70874,Novi Pazar,2018,51529,RSD,RSD,A,Normal value,SORS
annual_avg_monthly_gross_earnings_municipality_residence.csv,2403040403IND02,Average gross earnings,gross,70882,Osečina,2018,54343,RSD,RSD,A,Normal value,SORS
annual_avg_monthly_gross_earnings_municipality_residence.csv,2403040403IND02,Average gross earnings,gross,70904,Paraćin,2018,55868,RSD,RSD,A,Normal value,SORS
annual_avg_monthly_gross_earnings_municipality_residence.csv,2403040403IND02,Average gross earnings,gross,70912,Petrovac na Mlavi,2018,51700,RSD,RSD,A,Normal value,SORS
annual_avg_monthly_gross_earnings_municipality_residence.csv,2403040403IND02,Average gross earnings,gross,70939,Pirot,2018,72036,RSD,RSD,A,Normal value,SORS
annual_avg_monthly_gross_earnings_municipality_residence.csv,2403040403IND02,Average gross earnings,gross,70947,Požarevac,2018,69990,RSD,RSD,A,Normal value,SORS
annual_avg_monthly_gross_earnings_municipality_residence.csv,2403040403IND02,Average gross earnings,gross,70955,Požega,2018,58679,RSD,RSD,A,Normal value,SORS
annual_avg_monthly_gross_earnings_municipality_residence.csv,2403040403IND02,Average gross earnings,gross,70963,Preševo,2018,52996,RSD,RSD,A,Normal value,SORS
annual_avg_monthly_gross_earnings_municipality_residence.csv,2403040403IND02,Average gross earnings,gross,70971,Priboj,2018,55752,RSD,RSD,A,Normal value,SORS
annual_avg_monthly_gross_earnings_municipality_residence.csv,2403040403IND02,Average gross earnings,gross,70980,Prijepolje,2018,53248,RSD,RSD,A,Normal value,SORS
annual_avg_monthly_gross_earnings_municipality_residence.csv,2403040403IND02,Average gross earnings,gross,70998,Prokuplje,2018,56606,RSD,RSD,A,Normal value,SORS
annual_avg_monthly_gross_earnings_municipality_residence.csv,2403040403IND02,Average gross earnings,gross,71005,Ražanj,2018,49530,RSD,RSD,A,Normal value,SORS
annual_avg_monthly_gross_earnings_municipality_residence.csv,2403040403IND02,Average gross earnings,gross,71013,Rača,2018,54909,RSD,RSD,A,Normal value,SORS
annual_avg_monthly_gross_earnings_municipality_residence.csv,2403040403IND02,Average gross earnings,gross,71021,Raška,2018,56013,RSD,RSD,A,Normal value,SORS
annual_avg_monthly_gross_earnings_municipality_residence.csv,2403040403IND02,Average gross earnings,gross,71030,Rekovac,2018,54650,RSD,RSD,A,Normal value,SORS
annual_avg_monthly_gross_earnings_municipality_residence.csv,2403040403IND02,Average gross earnings,gross,71048,Jagodina,2018,55984,RSD,RSD,A,Normal value,SORS
annual_avg_monthly_gross_earnings_municipality_residence.csv,2403040403IND02,Average gross earnings,gross,71056,Svilajnac,2018,54348,RSD,RSD,A,Normal value,SORS
annual_avg_monthly_gross_earnings_municipality_residence.csv,2403040403IND02,Average gross earnings,gross,71064,Svrljig,2018,44181,RSD,RSD,A,Normal value,SORS
annual_avg_monthly_gross_earnings_municipality_residence.csv,2403040403IND02,Average gross earnings,gross,71072,Sjenica,2018,57075,RSD,RSD,A,Normal value,SORS
annual_avg_monthly_gross_earnings_municipality_residence.csv,2403040403IND02,Average gross earnings,gross,71099,Smederevo,2018,68735,RSD,RSD,A,Normal value,SORS
annual_avg_monthly_gross_earnings_municipality_residence.csv,2403040403IND02,Average gross earnings,gross,71102,Smederevska Palanka,2018,58108,RSD,RSD,A,Normal value,SORS
annual_avg_monthly_gross_earnings_municipality_residence.csv,2403040403IND02,Average gross earnings,gross,71129,Sokobanja,2018,57608,RSD,RSD,A,Normal value,SORS
annual_avg_monthly_gross_earnings_municipality_residence.csv,2403040403IND02,Average gross earnings,gross,71137,Surdulica,2018,57023,RSD,RSD,A,Normal value,SORS
annual_avg_monthly_gross_earnings_municipality_residence.csv,2403040403IND02,Average gross earnings,gross,71145,Užice,2018,66334,RSD,RSD,A,Normal value,SORS
annual_avg_monthly_gross_earnings_municipality_residence.csv,2403040403IND02,Average gross earnings,gross,71153,Topola,2018,55282,RSD,RSD,A,Normal value,SORS
annual_avg_monthly_gross_earnings_municipality_residence.csv,2403040403IND02,Average gross earnings,gross,71161,Trgovište,2018,56570,RSD,RSD,A,Normal value,SORS
annual_avg_monthly_gross_earnings_municipality_residence.csv,2403040403IND02,Average gross earnings,gross,71170,Trstenik,2018,54350,RSD,RSD,A,Normal value,SORS
annual_avg_monthly_gross_earnings_municipality_residence.csv,2403040403IND02,Average gross earnings,gross,71188,Tutin,2018,54433,RSD,RSD,A,Normal value,SORS
annual_avg_monthly_gross_earnings_municipality_residence.csv,2403040403IND02,Average gross earnings,gross,71196,Ćićevac,2018,50499,RSD,RSD,A,Normal value,SORS
annual_avg_monthly_gross_earnings_municipality_residence.csv,2403040403IND02,Average gross earnings,gross,71200,Ćuprija,2018,55243,RSD,RSD,A,Normal value,SORS
annual_avg_monthly_gross_earnings_municipality_residence.csv,2403040403IND02,Average gross earnings,gross,71218,Ub,2018,64335,RSD,RSD,A,Normal value,SORS
annual_avg_monthly_gross_earnings_municipality_residence.csv,2403040403IND02,Average gross earnings,gross,71226,Crna Trava,2018,52916,RSD,RSD,A,Normal value,SORS
annual_avg_monthly_gross_earnings_municipality_residence.csv,2403040403IND02,Average gross earnings,gross,71234,Čajetina,2018,53820,RSD,RSD,A,Normal value,SORS
annual_avg_monthly_gross_earnings_municipality_residence.csv,2403040403IND02,Average gross earnings,gross,71242,Čačak,2018,59791,RSD,RSD,A,Normal value,SORS
annual_avg_monthly_gross_earnings_municipality_residence.csv,2403040403IND02,Average gross earnings,gross,71269,Šabac,2018,60929,RSD,RSD,A,Normal value,SORS
annual_avg_monthly_gross_earnings_municipality_residence.csv,2403040403IND02,Average gross earnings,gross,71277,Lapovo,2018,55805,RSD,RSD,A,Normal value,SORS
annual_avg_monthly_gross_earnings_municipality_residence.csv,2403040403IND02,Average gross earnings,gross,71285,Niška Banja,2018,51957,RSD,RSD,A,Normal value,SORS
annual_avg_monthly_gross_earnings_municipality_residence.csv,2403040403IND02,Average gross earnings,gross,71293,Surčin,2018,61385,RSD,RSD,A,Normal value,SORS
annual_avg_monthly_gross_earnings_municipality_residence.csv,2403040403IND02,Average gross earnings,gross,71307,Pantelej,2018,59932,RSD,RSD,A,Normal value,SORS
annual_avg_monthly_gross_earnings_municipality_residence.csv,2403040403IND02,Average gross earnings,gross,71315,Crveni Krst,2018,56431,RSD,RSD,A,Normal value,SORS
annual_avg_monthly_gross_earnings_municipality_residence.csv,2403040403IND02,Average gross earnings,gross,71323,Palilula (Niš),2018,59620,RSD,RSD,A,Normal value,SORS
annual_avg_monthly_gross_earnings_municipality_residence.csv,2403040403IND02,Average gross earnings,gross,71331,Medijana,2018,71442,RSD,RSD,A,Normal value,SORS
annual_avg_monthly_gross_earnings_municipality_residence.csv,2403040403IND02,Average gross earnings,gross,71340,Kostolac,2018,86412,RSD,RSD,A,Normal value,SORS
annual_avg_monthly_gross_earnings_municipality_residence.csv,2403040403IND02,Average gross earnings,gross,71358,Vranjska Banja,2018,44334,RSD,RSD,A,Normal value,SORS
annual_avg_monthly_gross_earnings_municipality_residence.csv,2403040403IND02,Average gross earnings,gross,71366,Sevojno,2018,67050,RSD,RSD,A,Normal value,SORS
annual_avg_monthly_gross_earnings_municipality_residence.csv,2403040403IND02,Average gross earnings,gross,79022,Grad Niš,2018,64113,RSD,RSD,A,Normal value,SORS
annual_avg_monthly_gross_earnings_municipality_residence.csv,2403040403IND02,Average gross earnings,gross,79049,Grad Požarevac,2018,72711,RSD,RSD,A,Normal value,SORS
annual_avg_monthly_gross_earnings_municipality_residence.csv,2403040403IND02,Average gross earnings,gross,79057,Grad Vranje,2018,58137,RSD,RSD,A,Normal value,SORS
annual_avg_monthly_gross_earnings_municipality_residence.csv,2403040403IND02,Average gross earnings,gross,79065,Grad Užice,2018,66355,RSD,RSD,A,Normal value,SORS
annual_avg_monthly_gross_earnings_municipality_residence.csv,2403040403IND02,Average gross earnings,gross,80012,Ada,2018,59340,RSD,RSD,A,Normal value,SORS
annual_avg_monthly_gross_earnings_municipality_residence.csv,2403040403IND02,Average gross earnings,gross,80039,Alibunar,2018,57687,RSD,RSD,A,Normal value,SORS
annual_avg_monthly_gross_earnings_municipality_residence.csv,2403040403IND02,Average gross earnings,gross,80047,Apatin,2018,58991,RSD,RSD,A,Normal value,SORS
annual_avg_monthly_gross_earnings_municipality_residence.csv,2403040403IND02,Average gross earnings,gross,80055,Bač,2018,52559,RSD,RSD,A,Normal value,SORS
annual_avg_monthly_gross_earnings_municipality_residence.csv,2403040403IND02,Average gross earnings,gross,80063,Bačka Palanka,2018,62661,RSD,RSD,A,Normal value,SORS
annual_avg_monthly_gross_earnings_municipality_residence.csv,2403040403IND02,Average gross earnings,gross,80071,Bačka Topola,2018,60715,RSD,RSD,A,Normal value,SORS
annual_avg_monthly_gross_earnings_municipality_residence.csv,2403040403IND02,Average gross earnings,gross,80080,Bački Petrovac,2018,57249,RSD,RSD,A,Normal value,SORS
annual_avg_monthly_gross_earnings_municipality_residence.csv,2403040403IND02,Average gross earnings,gross,80098,Bela Crkva,2018,55155,RSD,RSD,A,Normal value,SORS
annual_avg_monthly_gross_earnings_municipality_residence.csv,2403040403IND02,Average gross earnings,gross,80101,Beočin,2018,59487,RSD,RSD,A,Normal value,SORS
annual_avg_monthly_gross_earnings_municipality_residence.csv,2403040403IND02,Average gross earnings,gross,80110,Bečej,2018,59741,RSD,RSD,A,Normal value,SORS
annual_avg_monthly_gross_earnings_municipality_residence.csv,2403040403IND02,Average gross earnings,gross,80128,Vršac,2018,71961,RSD,RSD,A,Normal value,SORS
annual_avg_monthly_gross_earnings_municipality_residence.csv,2403040403IND02,Average gross earnings,gross,80136,Žabalj,2018,54991,RSD,RSD,A,Normal value,SORS
annual_avg_monthly_gross_earnings_municipality_residence.csv,2403040403IND02,Average gross earnings,gross,80144,Žitište,2018,59892,RSD,RSD,A,Normal value,SORS
annual_avg_monthly_gross_earnings_municipality_residence.csv,2403040403IND02,Average gross earnings,gross,80152,Zrenjanin,2018,66968,RSD,RSD,A,Normal value,SORS
annual_avg_monthly_gross_earnings_municipality_residence.csv,2403040403IND02,Average gross earnings,gross,80179,Inđija,2018,63230,RSD,RSD,A,Normal value,SORS
annual_avg_monthly_gross_earnings_municipality_residence.csv,2403040403IND02,Average gross earnings,gross,80187,Irig,2018,54541,RSD,RSD,A,Normal value,SORS
annual_avg_monthly_gross_earnings_municipality_residence.csv,2403040403IND02,Average gross earnings,gross,80195,Kanjiža,2018,59738,RSD,RSD,A,Normal value,SORS
annual_avg_monthly_gross_earnings_municipality_residence.csv,2403040403IND02,Average gross earnings,gross,80209,Kikinda,2018,63917,RSD,RSD,A,Normal value,SORS
annual_avg_monthly_gross_earnings_municipality_residence.csv,2403040403IND02,Average gross earnings,gross,80217,Kovačica,2018,54906,RSD,RSD,A,Normal value,SORS
annual_avg_monthly_gross_earnings_municipality_residence.csv,2403040403IND02,Average gross earnings,gross,80225,Kovin,2018,60056,RSD,RSD,A,Normal value,SORS
annual_avg_monthly_gross_earnings_municipality_residence.csv,2403040403IND02,Average gross earnings,gross,80233,Kula,2018,56670,RSD,RSD,A,Normal value,SORS
annual_avg_monthly_gross_earnings_municipality_residence.csv,2403040403IND02,Average gross earnings,gross,80241,Mali Iđoš,2018,53328,RSD,RSD,A,Normal value,SORS
annual_avg_monthly_gross_earnings_municipality_residence.csv,2403040403IND02,Average gross earnings,gross,80250,Nova Crnja,2018,60332,RSD,RSD,A,Normal value,SORS
annual_avg_monthly_gross_earnings_municipality_residence.csv,2403040403IND02,Average gross earnings,gross,80268,Novi Bečej,2018,55339,RSD,RSD,A,Normal value,SORS
annual_avg_monthly_gross_earnings_municipality_residence.csv,2403040403IND02,Average gross earnings,gross,80276,Novi Kneževac,2018,57934,RSD,RSD,A,Normal value,SORS
annual_avg_monthly_gross_earnings_municipality_residence.csv,2403040403IND02,Average gross earnings,gross,80284,Novi Sad,2018,75571,RSD,RSD,A,Normal value,SORS
annual_avg_monthly_gross_earnings_municipality_residence.csv,2403040403IND02,Average gross earnings,gross,80292,Opovo,2018,57554,RSD,RSD,A,Normal value,SORS
annual_avg_monthly_gross_earnings_municipality_residence.csv,2403040403IND02,Average gross earnings,gross,80306,Odžaci,2018,56441,RSD,RSD,A,Normal value,SORS
annual_avg_monthly_gross_earnings_municipality_residence.csv,2403040403IND02,Average gross earnings,gross,80314,Pančevo,2018,68264,RSD,RSD,A,Normal value,SORS
annual_avg_monthly_gross_earnings_municipality_residence.csv,2403040403IND02,Average gross earnings,gross,80322,Pećinci,2018,61215,RSD,RSD,A,Normal value,SORS
annual_avg_monthly_gross_earnings_municipality_residence.csv,2403040403IND02,Average gross earnings,gross,80349,Plandište,2018,57677,RSD,RSD,A,Normal value,SORS
annual_avg_monthly_gross_earnings_municipality_residence.csv,2403040403IND02,Average gross earnings,gross,80357,Ruma,2018,60165,RSD,RSD,A,Normal value,SORS
annual_avg_monthly_gross_earnings_municipality_residence.csv,2403040403IND02,Average gross earnings,gross,80365,Senta,2018,63428,RSD,RSD,A,Normal value,SORS
annual_avg_monthly_gross_earnings_municipality_residence.csv,2403040403IND02,Average gross earnings,gross,80373,Sečanj,2018,59390,RSD,RSD,A,Normal value,SORS
annual_avg_monthly_gross_earnings_municipality_residence.csv,2403040403IND02,Average gross earnings,gross,80381,Sombor,2018,61180,RSD,RSD,A,Normal value,SORS
annual_avg_monthly_gross_earnings_municipality_residence.csv,2403040403IND02,Average gross earnings,gross,80390,Srbobran,2018,53468,RSD,RSD,A,Normal value,SORS
annual_avg_monthly_gross_earnings_municipality_residence.csv,2403040403IND02,Average gross earnings,gross,80403,Sremska Mitrovica,2018,63797,RSD,RSD,A,Normal value,SORS
annual_avg_monthly_gross_earnings_municipality_residence.csv,2403040403IND02,Average gross earnings,gross,80411,Sremski Karlovci,2018,63876,RSD,RSD,A,Normal value,SORS
annual_avg_monthly_gross_earnings_municipality_residence.csv,2403040403IND02,Average gross earnings,gross,80420,Stara Pazova,2018,61868,RSD,RSD,A,Normal value,SORS
annual_avg_monthly_gross_earnings_municipality_residence.csv,2403040403IND02,Average gross earnings,gross,80438,Subotica,2018,64218,RSD,RSD,A,Normal value,SORS
annual_avg_monthly_gross_earnings_municipality_residence.csv,2403040403IND02,Average gross earnings,gross,80446,Temerin,2018,58824,RSD,RSD,A,Normal value,SORS
annual_avg_monthly_gross_earnings_municipality_residence.csv,2403040403IND02,Average gross earnings,gross,80454,Titel,2018,53822,RSD,RSD,A,Normal value,SORS
annual_avg_monthly_gross_earnings_municipality_residence.csv,2403040403IND02,Average gross earnings,gross,80462,Vrbas,2018,58961,RSD,RSD,A,Normal value,SORS
annual_avg_monthly_gross_earnings_municipality_residence.csv,2403040403IND02,Average gross earnings,gross,80489,Čoka,2018,56356,RSD,RSD,A,Normal value,SORS
annual_avg_monthly_gross_earnings_municipality_residence.csv,2403040403IND02,Average gross earnings,gross,80497,Šid,2018,56328,RSD,RSD,A,Normal value,SORS
annual_avg_monthly_gross_earnings_municipality_residence.csv,2403040403IND02,Average gross earnings,gross,80519,Petrovaradin,2018,61824,RSD,RSD,A,Normal value,SORS
annual_avg_monthly_gross_earnings_municipality_residence.csv,2403040403IND02,Average gross earnings,gross,89010,Grad Novi Sad,2018,74846,RSD,RSD,A,Normal value,SORS
annual_avg_monthly_gross_earnings_municipality_residence.csv,2403040403IND02,Average gross earnings,gross,RS,REPUBLIC OF SERBIA,2018,68629,RSD,RSD,A,Normal value,SORS
annual_avg_monthly_gross_earnings_municipality_residence.csv,2403040403IND02,Average gross earnings,gross,RS1,SRBIJA – SEVER,2018,74970,RSD,RSD,A,Normal value,SORS
annual_avg_monthly_gross_earnings_municipality_residence.csv,2403040403IND02,Average gross earnings,gross,RS11,Beogradski region,2018,83941,RSD,RSD,A,Normal value,SORS
annual_avg_monthly_gross_earnings_municipality_residence.csv,2403040403IND02,Average gross earnings,gross,RS110,Beogradska oblast,2018,83941,RSD,RSD,A,Normal value,SORS
annual_avg_monthly_gross_earnings_municipality_residence.csv,2403040403IND02,Average gross earnings,gross,RS12,Region Vojvodine,2018,65103,RSD,RSD,A,Normal value,SORS
annual_avg_monthly_gross_earnings_municipality_residence.csv,2403040403IND02,Average gross earnings,gross,RS121,Zapadnobačka oblast,2018,59067,RSD,RSD,A,Normal value,SORS
annual_avg_monthly_gross_earnings_municipality_residence.csv,2403040403IND02,Average gross earnings,gross,RS122,Južnobanatska oblast,2018,65735,RSD,RSD,A,Normal value,SORS
annual_avg_monthly_gross_earnings_municipality_residence.csv,2403040403IND02,Average gross earnings,gross,RS123,Južnobačka oblast,2018,69040,RSD,RSD,A,Normal value,SORS
annual_avg_monthly_gross_earnings_municipality_residence.csv,2403040403IND02,Average gross earnings,gross,RS124,Severnobanatska oblast,2018,61824,RSD,RSD,A,Normal value,SORS
annual_avg_monthly_gross_earnings_municipality_residence.csv,2403040403IND02,Average gross earnings,gross,RS125,Severnobačka oblast,2018,63160,RSD,RSD,A,Normal value,SORS
annual_avg_monthly_gross_earnings_municipality_residence.csv,2403040403IND02,Average gross earnings,gross,RS126,Srednjobanatska oblast,2018,64616,RSD,RSD,A,Normal value,SORS
annual_avg_monthly_gross_earnings_municipality_residence.csv,2403040403IND02,Average gross earnings,gross,RS127,Sremska oblast,2018,61558,RSD,RSD,A,Normal value,SORS
annual_avg_monthly_gross_earnings_municipality_residence.csv,2403040403IND02,Average gross earnings,gross,RS2,SRBIJA – JUG,2018,60058,RSD,RSD,A,Normal value,SORS
annual_avg_monthly_gross_earnings_municipality_residence.csv,2403040403IND02,Average gross earnings,gross,RS21,Region Šumadije i Zapadne Srbije,2018,59337,RSD,RSD,A,Normal value,SORS
annual_avg_monthly_gross_earnings_municipality_residence.csv,2403040403IND02,Average gross earnings,gross,RS211,Zlatiborska oblast,2018,59451,RSD,RSD,A,Normal value,SORS
annual_avg_monthly_gross_earnings_municipality_residence.csv,2403040403IND02,Average gross earnings,gross,RS212,Kolubarska oblast,2018,63483,RSD,RSD,A,Normal value,SORS
annual_avg_monthly_gross_earnings_municipality_residence.csv,2403040403IND02,Average gross earnings,gross,RS213,Mačvanska oblast,2018,57515,RSD,RSD,A,Normal value,SORS
annual_avg_monthly_gross_earnings_municipality_residence.csv,2403040403IND02,Average gross earnings,gross,RS214,Moravička oblast,2018,60542,RSD,RSD,A,Normal value,SORS
annual_avg_monthly_gross_earnings_municipality_residence.csv,2403040403IND02,Average gross earnings,gross,RS215,Pomoravska oblast,2018,56041,RSD,RSD,A,Normal value,SORS
annual_avg_monthly_gross_earnings_municipality_residence.csv,2403040403IND02,Average gross earnings,gross,RS216,Rasinska oblast,2018,56665,RSD,RSD,A,Normal value,SORS
annual_avg_monthly_gross_earnings_municipality_residence.csv,2403040403IND02,Average gross earnings,gross,RS217,Raška oblast,2018,55953,RSD,RSD,A,Normal value,SORS
annual_avg_monthly_gross_earnings_municipality_residence.csv,2403040403IND02,Average gross earnings,gross,RS218,Šumadijska oblast,2018,63995,RSD,RSD,A,Normal value,SORS
annual_avg_monthly_gross_earnings_municipality_residence.csv,2403040403IND02,Average gross earnings,gross,RS22,Region Južne i Istočne Srbije,2018,60966,RSD,RSD,A,Normal value,SORS
annual_avg_monthly_gross_earnings_municipality_residence.csv,2403040403IND02,Average gross earnings,gross,RS221,Borska oblast,2018,67393,RSD,RSD,A,Normal value,SORS
annual_avg_monthly_gross_earnings_municipality_residence.csv,2403040403IND02,Average gross earnings,gross,RS222,Braničevska oblast,2018,65211,RSD,RSD,A,Normal value,SORS
annual_avg_monthly_gross_earnings_municipality_residence.csv,2403040403IND02,Average gross earnings,gross,RS223,Zaječarska oblast,2018,57754,RSD,RSD,A,Normal value,SORS
annual_avg_monthly_gross_earnings_municipality_residence.csv,2403040403IND02,Average gross earnings,gross,RS224,Jablanička oblast,2018,53957,RSD,RSD,A,Normal value,SORS
annual_avg_monthly_gross_earnings_municipality_residence.csv,2403040403IND02,Average gross earnings,gross,RS225,Nišavska oblast,2018,61579,RSD,RSD,A,Normal value,SORS
annual_avg_monthly_gross_earnings_municipality_residence.csv,2403040403IND02,Average gross earnings,gross,RS226,Pirotska oblast,2018,66704,RSD,RSD,A,Normal value,SORS
annual_avg_monthly_gross_earnings_municipality_residence.csv,2403040403IND02,Average gross earnings,gross,RS227,Podunavska oblast,2018,64417,RSD,RSD,A,Normal value,SORS
annual_avg_monthly_gross_earnings_municipality_residence.csv,2403040403IND02,Average gross earnings,gross,RS228,Pčinjska oblast,2018,56586,RSD,RSD,A,Normal value,SORS
annual_avg_monthly_gross_earnings_municipality_residence.csv,2403040403IND02,Average gross earnings,gross,RS229,Toplička oblast,2018,55699,RSD,RSD,A,Normal value,SORS
annual_avg_monthly_gross_earnings_municipality_residence.csv,2403040403IND02,Average gross earnings,gross,70017,Aleksandrovac,2019,58055,RSD,RSD,A,Normal value,SORS
annual_avg_monthly_gross_earnings_municipality_residence.csv,2403040403IND02,Average gross earnings,gross,70025,Aleksinac,2019,61129,RSD,RSD,A,Normal value,SORS
annual_avg_monthly_gross_earnings_municipality_residence.csv,2403040403IND02,Average gross earnings,gross,70033,Aranđelovac,2019,67050,RSD,RSD,A,Normal value,SORS
annual_avg_monthly_gross_earnings_municipality_residence.csv,2403040403IND02,Average gross earnings,gross,70041,Arilje,2019,55777,RSD,RSD,A,Normal value,SORS
annual_avg_monthly_gross_earnings_municipality_residence.csv,2403040403IND02,Average gross earnings,gross,70050,Babušnica,2019,60874,RSD,RSD,A,Normal value,SORS
annual_avg_monthly_gross_earnings_municipality_residence.csv,2403040403IND02,Average gross earnings,gross,70068,Bajina Bašta,2019,59331,RSD,RSD,A,Normal value,SORS
annual_avg_monthly_gross_earnings_municipality_residence.csv,2403040403IND02,Average gross earnings,gross,70076,Batočina,2019,59305,RSD,RSD,A,Normal value,SORS
annual_avg_monthly_gross_earnings_municipality_residence.csv,2403040403IND02,Average gross earnings,gross,70084,Bela Palanka,2019,56749,RSD,RSD,A,Normal value,SORS
annual_avg_monthly_gross_earnings_municipality_residence.csv,2403040403IND02,Average gross earnings,gross,70092,Barajevo,2019,65678,RSD,RSD,A,Normal value,SORS
annual_avg_monthly_gross_earnings_municipality_residence.csv,2403040403IND02,Average gross earnings,gross,70106,Voždovac,2019,96778,RSD,RSD,A,Normal value,SORS
annual_avg_monthly_gross_earnings_municipality_residence.csv,2403040403IND02,Average gross earnings,gross,70114,Vračar,2019,124412,RSD,RSD,A,Normal value,SORS
annual_avg_monthly_gross_earnings_municipality_residence.csv,2403040403IND02,Average gross earnings,gross,70122,Grocka,2019,65756,RSD,RSD,A,Normal value,SORS
annual_avg_monthly_gross_earnings_municipality_residence.csv,2403040403IND02,Average gross earnings,gross,70149,Zvezdara,2019,96409,RSD,RSD,A,Normal value,SORS
annual_avg_monthly_gross_earnings_municipality_residence.csv,2403040403IND02,Average gross earnings,gross,70157,Zemun,2019,85933,RSD,RSD,A,Normal value,SORS
annual_avg_monthly_gross_earnings_municipality_residence.csv,2403040403IND02,Average gross earnings,gross,70165,Lazarevac,2019,96922,RSD,RSD,A,Normal value,SORS
annual_avg_monthly_gross_earnings_municipality_residence.csv,2403040403IND02,Average gross earnings,gross,70173,Mladenovac,2019,63814,RSD,RSD,A,Normal value,SORS
annual_avg_monthly_gross_earnings_municipality_residence.csv,2403040403IND02,Average gross earnings,gross,70181,Novi Beograd,2019,119111,RSD,RSD,A,Normal value,SORS
annual_avg_monthly_gross_earnings_municipality_residence.csv,2403040403IND02,Average gross earnings,gross,70190,Obrenovac,2019,77296,RSD,RSD,A,Normal value,SORS
annual_avg_monthly_gross_earnings_municipality_residence.csv,2403040403IND02,Average gross earnings,gross,70203,Palilula (Beograd),2019,84194,RSD,RSD,A,Normal value,SORS
annual_avg_monthly_gross_earnings_municipality_residence.csv,2403040403IND02,Average gross earnings,gross,70211,Rakovica,2019,85500,RSD,RSD,A,Normal value,SORS
annual_avg_monthly_gross_earnings_municipality_residence.csv,2403040403IND02,Average gross earnings,gross,70220,Savski venac,2019,109312,RSD,RSD,A,Normal value,SORS
annual_avg_monthly_gross_earnings_municipality_residence.csv,2403040403IND02,Average gross earnings,gross,70238,Sopot,2019,63271,RSD,RSD,A,Normal value,SORS
annual_avg_monthly_gross_earnings_municipality_residence.csv,2403040403IND02,Average gross earnings,gross,70246,Stari grad,2019,118658,RSD,RSD,A,Normal value,SORS
annual_avg_monthly_gross_earnings_municipality_residence.csv,2403040403IND02,Average gross earnings,gross,70254,Čukarica,2019,90713,RSD,RSD,A,Normal value,SORS
annual_avg_monthly_gross_earnings_municipality_residence.csv,2403040403IND02,Average gross earnings,gross,70262,Blace,2019,56597,RSD,RSD,A,Normal value,SORS
annual_avg_monthly_gross_earnings_municipality_residence.csv,2403040403IND02,Average gross earnings,gross,70289,Bogatić,2019,58820,RSD,RSD,A,Normal value,SORS
annual_avg_monthly_gross_earnings_municipality_residence.csv,2403040403IND02,Average gross earnings,gross,70297,Bojnik,2019,52423,RSD,RSD,A,Normal value,SORS
annual_avg_monthly_gross_earnings_municipality_residence.csv,2403040403IND02,Average gross earnings,gross,70319,Boljevac,2019,65051,RSD,RSD,A,Normal value,SORS
annual_avg_monthly_gross_earnings_municipality_residence.csv,2403040403IND02,Average gross earnings,gross,70327,Bor,2019,84934,RSD,RSD,A,Normal value,SORS
annual_avg_monthly_gross_earnings_municipality_residence.csv,2403040403IND02,Average gross earnings,gross,70335,Bosilegrad,2019,58719,RSD,RSD,A,Normal value,SORS
annual_avg_monthly_gross_earnings_municipality_residence.csv,2403040403IND02,Average gross earnings,gross,70343,Brus,2019,57529,RSD,RSD,A,Normal value,SORS
annual_avg_monthly_gross_earnings_municipality_residence.csv,2403040403IND02,Average gross earnings,gross,70351,Bujanovac,2019,56349,RSD,RSD,A,Normal value,SORS
annual_avg_monthly_gross_earnings_municipality_residence.csv,2403040403IND02,Average gross earnings,gross,70360,Valjevo,2019,67371,RSD,RSD,A,Normal value,SORS
annual_avg_monthly_gross_earnings_municipality_residence.csv,2403040403IND02,Average gross earnings,gross,70378,Varvarin,2019,54056,RSD,RSD,A,Normal value,SORS
annual_avg_monthly_gross_earnings_municipality_residence.csv,2403040403IND02,Average gross earnings,gross,70386,Velika Plana,2019,66939,RSD,RSD,A,Normal value,SORS
annual_avg_monthly_gross_earnings_municipality_residence.csv,2403040403IND02,Average gross earnings,gross,70394,Veliko Gradište,2019,58909,RSD,RSD,A,Normal value,SORS
annual_avg_monthly_gross_earnings_municipality_residence.csv,2403040403IND02,Average gross earnings,gross,70408,Vladimirci,2019,57682,RSD,RSD,A,Normal value,SORS
annual_avg_monthly_gross_earnings_municipality_residence.csv,2403040403IND02,Average gross earnings,gross,70416,Vladičin Han,2019,61660,RSD,RSD,A,Normal value,SORS
annual_avg_monthly_gross_earnings_municipality_residence.csv,2403040403IND02,Average gross earnings,gross,70424,Vlasotince,2019,52182,RSD,RSD,A,Normal value,SORS
annual_avg_monthly_gross_earnings_municipality_residence.csv,2403040403IND02,Average gross earnings,gross,70432,Vranje,2019,63739,RSD,RSD,A,Normal value,SORS
annual_avg_monthly_gross_earnings_municipality_residence.csv,2403040403IND02,Average gross earnings,gross,70459,Vrnjačka Banja,2019,57764,RSD,RSD,A,Normal value,SORS
annual_avg_monthly_gross_earnings_municipality_residence.csv,2403040403IND02,Average gross earnings,gross,70467,Gadžin Han,2019,51847,RSD,RSD,A,Normal value,SORS
annual_avg_monthly_gross_earnings_municipality_residence.csv,2403040403IND02,Average gross earnings,gross,70475,Golubac,2019,58962,RSD,RSD,A,Normal value,SORS
annual_avg_monthly_gross_earnings_municipality_residence.csv,2403040403IND02,Average gross earnings,gross,70483,Gornji Milanovac,2019,69190,RSD,RSD,A,Normal value,SORS
annual_avg_monthly_gross_earnings_municipality_residence.csv,2403040403IND02,Average gross earnings,gross,70491,Despotovac,2019,66632,RSD,RSD,A,Normal value,SORS
annual_avg_monthly_gross_earnings_municipality_residence.csv,2403040403IND02,Average gross earnings,gross,70505,Dimitrovgrad,2019,57544,RSD,RSD,A,Normal value,SORS
annual_avg_monthly_gross_earnings_municipality_residence.csv,2403040403IND02,Average gross earnings,gross,70513,Doljevac,2019,55534,RSD,RSD,A,Normal value,SORS
annual_avg_monthly_gross_earnings_municipality_residence.csv,2403040403IND02,Average gross earnings,gross,70521,Žabari,2019,55335,RSD,RSD,A,Normal value,SORS
annual_avg_monthly_gross_earnings_municipality_residence.csv,2403040403IND02,Average gross earnings,gross,70530,Žagubica,2019,62499,RSD,RSD,A,Normal value,SORS
annual_avg_monthly_gross_earnings_municipality_residence.csv,2403040403IND02,Average gross earnings,gross,70548,Žitorađa,2019,58606,RSD,RSD,A,Normal value,SORS
annual_avg_monthly_gross_earnings_municipality_residence.csv,2403040403IND02,Average gross earnings,gross,70556,Zaječar,2019,66699,RSD,RSD,A,Normal value,SORS
annual_avg_monthly_gross_earnings_municipality_residence.csv,2403040403IND02,Average gross earnings,gross,70564,Ivanjica,2019,54925,RSD,RSD,A,Normal value,SORS
annual_avg_monthly_gross_earnings_municipality_residence.csv,2403040403IND02,Average gross earnings,gross,70572,Kladovo,2019,68680,RSD,RSD,A,Normal value,SORS
annual_avg_monthly_gross_earnings_municipality_residence.csv,2403040403IND02,Average gross earnings,gross,70599,Knić,2019,62135,RSD,RSD,A,Normal value,SORS
annual_avg_monthly_gross_earnings_municipality_residence.csv,2403040403IND02,Average gross earnings,gross,70602,Knjaževac,2019,56616,RSD,RSD,A,Normal value,SORS
annual_avg_monthly_gross_earnings_municipality_residence.csv,2403040403IND02,Average gross earnings,gross,70629,Kosjerić,2019,64904,RSD,RSD,A,Normal value,SORS
annual_avg_monthly_gross_earnings_municipality_residence.csv,2403040403IND02,Average gross earnings,gross,70637,Koceljeva,2019,58139,RSD,RSD,A,Normal value,SORS
annual_avg_monthly_gross_earnings_municipality_residence.csv,2403040403IND02,Average gross earnings,gross,70645,Kragujevac,2019,72622,RSD,RSD,A,Normal value,SORS
annual_avg_monthly_gross_earnings_municipality_residence.csv,2403040403IND02,Average gross earnings,gross,70653,Kraljevo,2019,64222,RSD,RSD,A,Normal value,SORS
annual_avg_monthly_gross_earnings_municipality_residence.csv,2403040403IND02,Average gross earnings,gross,70661,Krupanj,2019,55071,RSD,RSD,A,Normal value,SORS
annual_avg_monthly_gross_earnings_municipality_residence.csv,2403040403IND02,Average gross earnings,gross,70670,Kruševac,2019,64413,RSD,RSD,A,Normal value,SORS
annual_avg_monthly_gross_earnings_municipality_residence.csv,2403040403IND02,Average gross earnings,gross,70688,Kuršumlija,2019,61933,RSD,RSD,A,Normal value,SORS
annual_avg_monthly_gross_earnings_municipality_residence.csv,2403040403IND02,Average gross earnings,gross,70696,Kučevo,2019,59099,RSD,RSD,A,Normal value,SORS
annual_avg_monthly_gross_earnings_municipality_residence.csv,2403040403IND02,Average gross earnings,gross,70700,Lajkovac,2019,89693,RSD,RSD,A,Normal value,SORS
annual_avg_monthly_gross_earnings_municipality_residence.csv,2403040403IND02,Average gross earnings,gross,70718,Lebane,2019,55723,RSD,RSD,A,Normal value,SORS
annual_avg_monthly_gross_earnings_municipality_residence.csv,2403040403IND02,Average gross earnings,gross,70726,Leskovac,2019,60140,RSD,RSD,A,Normal value,SORS
annual_avg_monthly_gross_earnings_municipality_residence.csv,2403040403IND02,Average gross earnings,gross,70734,Loznica,2019,60101,RSD,RSD,A,Normal value,SORS
annual_avg_monthly_gross_earnings_municipality_residence.csv,2403040403IND02,Average gross earnings,gross,70742,Lučani,2019,76862,RSD,RSD,A,Normal value,SORS
annual_avg_monthly_gross_earnings_municipality_residence.csv,2403040403IND02,Average gross earnings,gross,70769,Ljig,2019,68721,RSD,RSD,A,Normal value,SORS
annual_avg_monthly_gross_earnings_municipality_residence.csv,2403040403IND02,Average gross earnings,gross,70777,Ljubovija,2019,64320,RSD,RSD,A,Normal value,SORS
annual_avg_monthly_gross_earnings_municipality_residence.csv,2403040403IND02,Average gross earnings,gross,70785,Majdanpek,2019,78906,RSD,RSD,A,Normal value,SORS
annual_avg_monthly_gross_earnings_municipality_residence.csv,2403040403IND02,Average gross earnings,gross,70793,Mali Zvornik,2019,61635,RSD,RSD,A,Normal value,SORS
annual_avg_monthly_gross_earnings_municipality_residence.csv,2403040403IND02,Average gross earnings,gross,70807,Malo Crniće,2019,58854,RSD,RSD,A,Normal value,SORS
annual_avg_monthly_gross_earnings_municipality_residence.csv,2403040403IND02,Average gross earnings,gross,70815,Medveđa,2019,66758,RSD,RSD,A,Normal value,SORS
annual_avg_monthly_gross_earnings_municipality_residence.csv,2403040403IND02,Average gross earnings,gross,70823,Merošina,2019,55128,RSD,RSD,A,Normal value,SORS
annual_avg_monthly_gross_earnings_municipality_residence.csv,2403040403IND02,Average gross earnings,gross,70831,Mionica,2019,59926,RSD,RSD,A,Normal value,SORS
annual_avg_monthly_gross_earnings_municipality_residence.csv,2403040403IND02,Average gross earnings,gross,70840,Negotin,2019,63917,RSD,RSD,A,Normal value,SORS
annual_avg_monthly_gross_earnings_municipality_residence.csv,2403040403IND02,Average gross earnings,gross,70866,Nova Varoš,2019,61350,RSD,RSD,A,Normal value,SORS
annual_avg_monthly_gross_earnings_municipality_residence.csv,2403040403IND02,Average gross earnings,gross,70874,Novi Pazar,2019,57005,RSD,RSD,A,Normal value,SORS
annual_avg_monthly_gross_earnings_municipality_residence.csv,2403040403IND02,Average gross earnings,gross,70882,Osečina,2019,58083,RSD,RSD,A,Normal value,SORS
annual_avg_monthly_gross_earnings_municipality_residence.csv,2403040403IND02,Average gross earnings,gross,70904,Paraćin,2019,62146,RSD,RSD,A,Normal value,SORS
annual_avg_monthly_gross_earnings_municipality_residence.csv,2403040403IND02,Average gross earnings,gross,70912,Petrovac na Mlavi,2019,57114,RSD,RSD,A,Normal value,SORS
annual_avg_monthly_gross_earnings_municipality_residence.csv,2403040403IND02,Average gross earnings,gross,70939,Pirot,2019,75073,RSD,RSD,A,Normal value,SORS
annual_avg_monthly_gross_earnings_municipality_residence.csv,2403040403IND02,Average gross earnings,gross,70947,Požarevac,2019,76671,RSD,RSD,A,Normal value,SORS
annual_avg_monthly_gross_earnings_municipality_residence.csv,2403040403IND02,Average gross earnings,gross,70955,Požega,2019,64220,RSD,RSD,A,Normal value,SORS
annual_avg_monthly_gross_earnings_municipality_residence.csv,2403040403IND02,Average gross earnings,gross,70963,Preševo,2019,56419,RSD,RSD,A,Normal value,SORS
annual_avg_monthly_gross_earnings_municipality_residence.csv,2403040403IND02,Average gross earnings,gross,70971,Priboj,2019,61442,RSD,RSD,A,Normal value,SORS
annual_avg_monthly_gross_earnings_municipality_residence.csv,2403040403IND02,Average gross earnings,gross,70980,Prijepolje,2019,58104,RSD,RSD,A,Normal value,SORS
annual_avg_monthly_gross_earnings_municipality_residence.csv,2403040403IND02,Average gross earnings,gross,70998,Prokuplje,2019,63293,RSD,RSD,A,Normal value,SORS
annual_avg_monthly_gross_earnings_municipality_residence.csv,2403040403IND02,Average gross earnings,gross,71005,Ražanj,2019,54199,RSD,RSD,A,Normal value,SORS
annual_avg_monthly_gross_earnings_municipality_residence.csv,2403040403IND02,Average gross earnings,gross,71013,Rača,2019,61177,RSD,RSD,A,Normal value,SORS
annual_avg_monthly_gross_earnings_municipality_residence.csv,2403040403IND02,Average gross earnings,gross,71021,Raška,2019,61155,RSD,RSD,A,Normal value,SORS
annual_avg_monthly_gross_earnings_municipality_residence.csv,2403040403IND02,Average gross earnings,gross,71030,Rekovac,2019,59319,RSD,RSD,A,Normal value,SORS
annual_avg_monthly_gross_earnings_municipality_residence.csv,2403040403IND02,Average gross earnings,gross,71048,Jagodina,2019,61061,RSD,RSD,A,Normal value,SORS
annual_avg_monthly_gross_earnings_municipality_residence.csv,2403040403IND02,Average gross earnings,gross,71056,Svilajnac,2019,59848,RSD,RSD,A,Normal value,SORS
annual_avg_monthly_gross_earnings_municipality_residence.csv,2403040403IND02,Average gross earnings,gross,71064,Svrljig,2019,50020,RSD,RSD,A,Normal value,SORS
annual_avg_monthly_gross_earnings_municipality_residence.csv,2403040403IND02,Average gross earnings,gross,71072,Sjenica,2019,61497,RSD,RSD,A,Normal value,SORS
annual_avg_monthly_gross_earnings_municipality_residence.csv,2403040403IND02,Average gross earnings,gross,71099,Smederevo,2019,74130,RSD,RSD,A,Normal value,SORS
annual_avg_monthly_gross_earnings_municipality_residence.csv,2403040403IND02,Average gross earnings,gross,71102,Smederevska Palanka,2019,63815,RSD,RSD,A,Normal value,SORS
annual_avg_monthly_gross_earnings_municipality_residence.csv,2403040403IND02,Average gross earnings,gross,71129,Sokobanja,2019,63395,RSD,RSD,A,Normal value,SORS
annual_avg_monthly_gross_earnings_municipality_residence.csv,2403040403IND02,Average gross earnings,gross,71137,Surdulica,2019,62338,RSD,RSD,A,Normal value,SORS
annual_avg_monthly_gross_earnings_municipality_residence.csv,2403040403IND02,Average gross earnings,gross,71145,Užice,2019,72605,RSD,RSD,A,Normal value,SORS
annual_avg_monthly_gross_earnings_municipality_residence.csv,2403040403IND02,Average gross earnings,gross,71153,Topola,2019,59963,RSD,RSD,A,Normal value,SORS
annual_avg_monthly_gross_earnings_municipality_residence.csv,2403040403IND02,Average gross earnings,gross,71161,Trgovište,2019,60027,RSD,RSD,A,Normal value,SORS
annual_avg_monthly_gross_earnings_municipality_residence.csv,2403040403IND02,Average gross earnings,gross,71170,Trstenik,2019,58602,RSD,RSD,A,Normal value,SORS
annual_avg_monthly_gross_earnings_municipality_residence.csv,2403040403IND02,Average gross earnings,gross,71188,Tutin,2019,59409,RSD,RSD,A,Normal value,SORS
annual_avg_monthly_gross_earnings_municipality_residence.csv,2403040403IND02,Average gross earnings,gross,71196,Ćićevac,2019,56875,RSD,RSD,A,Normal value,SORS
annual_avg_monthly_gross_earnings_municipality_residence.csv,2403040403IND02,Average gross earnings,gross,71200,Ćuprija,2019,61266,RSD,RSD,A,Normal value,SORS
annual_avg_monthly_gross_earnings_municipality_residence.csv,2403040403IND02,Average gross earnings,gross,71218,Ub,2019,69981,RSD,RSD,A,Normal value,SORS
annual_avg_monthly_gross_earnings_municipality_residence.csv,2403040403IND02,Average gross earnings,gross,71226,Crna Trava,2019,57209,RSD,RSD,A,Normal value,SORS
annual_avg_monthly_gross_earnings_municipality_residence.csv,2403040403IND02,Average gross earnings,gross,71234,Čajetina,2019,58931,RSD,RSD,A,Normal value,SORS
annual_avg_monthly_gross_earnings_municipality_residence.csv,2403040403IND02,Average gross earnings,gross,71242,Čačak,2019,64743,RSD,RSD,A,Normal value,SORS
annual_avg_monthly_gross_earnings_municipality_residence.csv,2403040403IND02,Average gross earnings,gross,71269,Šabac,2019,67139,RSD,RSD,A,Normal value,SORS
annual_avg_monthly_gross_earnings_municipality_residence.csv,2403040403IND02,Average gross earnings,gross,71277,Lapovo,2019,60668,RSD,RSD,A,Normal value,SORS
annual_avg_monthly_gross_earnings_municipality_residence.csv,2403040403IND02,Average gross earnings,gross,71285,Niška Banja,2019,57641,RSD,RSD,A,Normal value,SORS
annual_avg_monthly_gross_earnings_municipality_residence.csv,2403040403IND02,Average gross earnings,gross,71293,Surčin,2019,67299,RSD,RSD,A,Normal value,SORS
annual_avg_monthly_gross_earnings_municipality_residence.csv,2403040403IND02,Average gross earnings,gross,71307,Pantelej,2019,65823,RSD,RSD,A,Normal value,SORS
annual_avg_monthly_gross_earnings_municipality_residence.csv,2403040403IND02,Average gross earnings,gross,71315,Crveni Krst,2019,62209,RSD,RSD,A,Normal value,SORS
annual_avg_monthly_gross_earnings_municipality_residence.csv,2403040403IND02,Average gross earnings,gross,71323,Palilula (Niš),2019,66064,RSD,RSD,A,Normal value,SORS
annual_avg_monthly_gross_earnings_municipality_residence.csv,2403040403IND02,Average gross earnings,gross,71331,Medijana,2019,78166,RSD,RSD,A,Normal value,SORS
annual_avg_monthly_gross_earnings_municipality_residence.csv,2403040403IND02,Average gross earnings,gross,71340,Kostolac,2019,94358,RSD,RSD,A,Normal value,SORS
annual_avg_monthly_gross_earnings_municipality_residence.csv,2403040403IND02,Average gross earnings,gross,71358,Vranjska Banja,2019,52921,RSD,RSD,A,Normal value,SORS
annual_avg_monthly_gross_earnings_municipality_residence.csv,2403040403IND02,Average gross earnings,gross,71366,Sevojno,2019,67875,RSD,RSD,A,Normal value,SORS
annual_avg_monthly_gross_earnings_municipality_residence.csv,2403040403IND02,Average gross earnings,gross,79022,Grad Niš,2019,70503,RSD,RSD,A,Normal value,SORS
annual_avg_monthly_gross_earnings_municipality_residence.csv,2403040403IND02,Average gross earnings,gross,79049,Grad Požarevac,2019,79484,RSD,RSD,A,Normal value,SORS
annual_avg_monthly_gross_earnings_municipality_residence.csv,2403040403IND02,Average gross earnings,gross,79057,Grad Vranje,2019,63500,RSD,RSD,A,Normal value,SORS
annual_avg_monthly_gross_earnings_municipality_residence.csv,2403040403IND02,Average gross earnings,gross,79065,Grad Užice,2019,72458,RSD,RSD,A,Normal value,SORS
annual_avg_monthly_gross_earnings_municipality_residence.csv,2403040403IND02,Average gross earnings,gross,80012,Ada,2019,65889,RSD,RSD,A,Normal value,SORS
annual_avg_monthly_gross_earnings_municipality_residence.csv,2403040403IND02,Average gross earnings,gross,80039,Alibunar,2019,61872,RSD,RSD,A,Normal value,SORS
annual_avg_monthly_gross_earnings_municipality_residence.csv,2403040403IND02,Average gross earnings,gross,80047,Apatin,2019,65739,RSD,RSD,A,Normal value,SORS
annual_avg_monthly_gross_earnings_municipality_residence.csv,2403040403IND02,Average gross earnings,gross,80055,Bač,2019,57635,RSD,RSD,A,Normal value,SORS
annual_avg_monthly_gross_earnings_municipality_residence.csv,2403040403IND02,Average gross earnings,gross,80063,Bačka Palanka,2019,68038,RSD,RSD,A,Normal value,SORS
annual_avg_monthly_gross_earnings_municipality_residence.csv,2403040403IND02,Average gross earnings,gross,80071,Bačka Topola,2019,66101,RSD,RSD,A,Normal value,SORS
annual_avg_monthly_gross_earnings_municipality_residence.csv,2403040403IND02,Average gross earnings,gross,80080,Bački Petrovac,2019,62352,RSD,RSD,A,Normal value,SORS
annual_avg_monthly_gross_earnings_municipality_residence.csv,2403040403IND02,Average gross earnings,gross,80098,Bela Crkva,2019,60000,RSD,RSD,A,Normal value,SORS
annual_avg_monthly_gross_earnings_municipality_residence.csv,2403040403IND02,Average gross earnings,gross,80101,Beočin,2019,65001,RSD,RSD,A,Normal value,SORS
annual_avg_monthly_gross_earnings_municipality_residence.csv,2403040403IND02,Average gross earnings,gross,80110,Bečej,2019,65159,RSD,RSD,A,Normal value,SORS
annual_avg_monthly_gross_earnings_municipality_residence.csv,2403040403IND02,Average gross earnings,gross,80128,Vršac,2019,78216,RSD,RSD,A,Normal value,SORS
annual_avg_monthly_gross_earnings_municipality_residence.csv,2403040403IND02,Average gross earnings,gross,80136,Žabalj,2019,60194,RSD,RSD,A,Normal value,SORS
annual_avg_monthly_gross_earnings_municipality_residence.csv,2403040403IND02,Average gross earnings,gross,80144,Žitište,2019,64363,RSD,RSD,A,Normal value,SORS
annual_avg_monthly_gross_earnings_municipality_residence.csv,2403040403IND02,Average gross earnings,gross,80152,Zrenjanin,2019,72957,RSD,RSD,A,Normal value,SORS
annual_avg_monthly_gross_earnings_municipality_residence.csv,2403040403IND02,Average gross earnings,gross,80179,Inđija,2019,69075,RSD,RSD,A,Normal value,SORS
annual_avg_monthly_gross_earnings_municipality_residence.csv,2403040403IND02,Average gross earnings,gross,80187,Irig,2019,60133,RSD,RSD,A,Normal value,SORS
annual_avg_monthly_gross_earnings_municipality_residence.csv,2403040403IND02,Average gross earnings,gross,80195,Kanjiža,2019,64322,RSD,RSD,A,Normal value,SORS
annual_avg_monthly_gross_earnings_municipality_residence.csv,2403040403IND02,Average gross earnings,gross,80209,Kikinda,2019,70129,RSD,RSD,A,Normal value,SORS
annual_avg_monthly_gross_earnings_municipality_residence.csv,2403040403IND02,Average gross earnings,gross,80217,Kovačica,2019,59063,RSD,RSD,A,Normal value,SORS
annual_avg_monthly_gross_earnings_municipality_residence.csv,2403040403IND02,Average gross earnings,gross,80225,Kovin,2019,71894,RSD,RSD,A,Normal value,SORS
annual_avg_monthly_gross_earnings_municipality_residence.csv,2403040403IND02,Average gross earnings,gross,80233,Kula,2019,61747,RSD,RSD,A,Normal value,SORS
annual_avg_monthly_gross_earnings_municipality_residence.csv,2403040403IND02,Average gross earnings,gross,80241,Mali Iđoš,2019,58085,RSD,RSD,A,Normal value,SORS
annual_avg_monthly_gross_earnings_municipality_residence.csv,2403040403IND02,Average gross earnings,gross,80250,Nova Crnja,2019,65941,RSD,RSD,A,Normal value,SORS
annual_avg_monthly_gross_earnings_municipality_residence.csv,2403040403IND02,Average gross earnings,gross,80268,Novi Bečej,2019,61442,RSD,RSD,A,Normal value,SORS
annual_avg_monthly_gross_earnings_municipality_residence.csv,2403040403IND02,Average gross earnings,gross,80276,Novi Kneževac,2019,64172,RSD,RSD,A,Normal value,SORS
annual_avg_monthly_gross_earnings_municipality_residence.csv,2403040403IND02,Average gross earnings,gross,80292,Opovo,2019,62507,RSD,RSD,A,Normal value,SORS
annual_avg_monthly_gross_earnings_municipality_residence.csv,2403040403IND02,Average gross earnings,gross,80306,Odžaci,2019,61956,RSD,RSD,A,Normal value,SORS
annual_avg_monthly_gross_earnings_municipality_residence.csv,2403040403IND02,Average gross earnings,gross,80314,Pančevo,2019,74960,RSD,RSD,A,Normal value,SORS
annual_avg_monthly_gross_earnings_municipality_residence.csv,2403040403IND02,Average gross earnings,gross,80322,Pećinci,2019,67151,RSD,RSD,A,Normal value,SORS
annual_avg_monthly_gross_earnings_municipality_residence.csv,2403040403IND02,Average gross earnings,gross,80349,Plandište,2019,63070,RSD,RSD,A,Normal value,SORS
annual_avg_monthly_gross_earnings_municipality_residence.csv,2403040403IND02,Average gross earnings,gross,80357,Ruma,2019,66441,RSD,RSD,A,Normal value,SORS
annual_avg_monthly_gross_earnings_municipality_residence.csv,2403040403IND02,Average gross earnings,gross,80365,Senta,2019,71053,RSD,RSD,A,Normal value,SORS
annual_avg_monthly_gross_earnings_municipality_residence.csv,2403040403IND02,Average gross earnings,gross,80373,Sečanj,2019,64107,RSD,RSD,A,Normal value,SORS
annual_avg_monthly_gross_earnings_municipality_residence.csv,2403040403IND02,Average gross earnings,gross,80381,Sombor,2019,67188,RSD,RSD,A,Normal value,SORS
annual_avg_monthly_gross_earnings_municipality_residence.csv,2403040403IND02,Average gross earnings,gross,80390,Srbobran,2019,58434,RSD,RSD,A,Normal value,SORS
annual_avg_monthly_gross_earnings_municipality_residence.csv,2403040403IND02,Average gross earnings,gross,80403,Sremska Mitrovica,2019,69530,RSD,RSD,A,Normal value,SORS
annual_avg_monthly_gross_earnings_municipality_residence.csv,2403040403IND02,Average gross earnings,gross,80411,Sremski Karlovci,2019,70204,RSD,RSD,A,Normal value,SORS
annual_avg_monthly_gross_earnings_municipality_residence.csv,2403040403IND02,Average gross earnings,gross,80420,Stara Pazova,2019,67821,RSD,RSD,A,Normal value,SORS
annual_avg_monthly_gross_earnings_municipality_residence.csv,2403040403IND02,Average gross earnings,gross,80438,Subotica,2019,70890,RSD,RSD,A,Normal value,SORS
annual_avg_monthly_gross_earnings_municipality_residence.csv,2403040403IND02,Average gross earnings,gross,80446,Temerin,2019,64985,RSD,RSD,A,Normal value,SORS
annual_avg_monthly_gross_earnings_municipality_residence.csv,2403040403IND02,Average gross earnings,gross,80454,Titel,2019,72675,RSD,RSD,A,Normal value,SORS
annual_avg_monthly_gross_earnings_municipality_residence.csv,2403040403IND02,Average gross earnings,gross,80462,Vrbas,2019,64537,RSD,RSD,A,Normal value,SORS
annual_avg_monthly_gross_earnings_municipality_residence.csv,2403040403IND02,Average gross earnings,gross,80489,Čoka,2019,61910,RSD,RSD,A,Normal value,SORS
annual_avg_monthly_gross_earnings_municipality_residence.csv,2403040403IND02,Average gross earnings,gross,80497,Šid,2019,61360,RSD,RSD,A,Normal value,SORS
annual_avg_monthly_gross_earnings_municipality_residence.csv,2403040403IND02,Average gross earnings,gross,89010,Grad Novi Sad,2019,83433,RSD,RSD,A,Normal value,SORS
annual_avg_monthly_gross_earnings_municipality_residence.csv,2403040403IND02,Average gross earnings,gross,RS,REPUBLIC OF SERBIA,2019,75814,RSD,RSD,A,Normal value,SORS
annual_avg_monthly_gross_earnings_municipality_residence.csv,2403040403IND02,Average gross earnings,gross,RS1,SRBIJA – SEVER,2019,83402,RSD,RSD,A,Normal value,SORS
annual_avg_monthly_gross_earnings_municipality_residence.csv,2403040403IND02,Average gross earnings,gross,RS11,Beogradski region,2019,93837,RSD,RSD,A,Normal value,SORS
annual_avg_monthly_gross_earnings_municipality_residence.csv,2403040403IND02,Average gross earnings,gross,RS110,Beogradska oblast,2019,93837,RSD,RSD,A,Normal value,SORS
annual_avg_monthly_gross_earnings_municipality_residence.csv,2403040403IND02,Average gross earnings,gross,RS12,Region Vojvodine,2019,71818,RSD,RSD,A,Normal value,SORS
annual_avg_monthly_gross_earnings_municipality_residence.csv,2403040403IND02,Average gross earnings,gross,RS121,Zapadnobačka oblast,2019,64880,RSD,RSD,A,Normal value,SORS
annual_avg_monthly_gross_earnings_municipality_residence.csv,2403040403IND02,Average gross earnings,gross,RS122,Južnobanatska oblast,2019,72331,RSD,RSD,A,Normal value,SORS
annual_avg_monthly_gross_earnings_municipality_residence.csv,2403040403IND02,Average gross earnings,gross,RS123,Južnobačka oblast,2019,76765,RSD,RSD,A,Normal value,SORS
annual_avg_monthly_gross_earnings_municipality_residence.csv,2403040403IND02,Average gross earnings,gross,RS124,Severnobanatska oblast,2019,68024,RSD,RSD,A,Normal value,SORS
annual_avg_monthly_gross_earnings_municipality_residence.csv,2403040403IND02,Average gross earnings,gross,RS125,Severnobačka oblast,2019,69564,RSD,RSD,A,Normal value,SORS
annual_avg_monthly_gross_earnings_municipality_residence.csv,2403040403IND02,Average gross earnings,gross,RS126,Srednjobanatska oblast,2019,70369,RSD,RSD,A,Normal value,SORS
annual_avg_monthly_gross_earnings_municipality_residence.csv,2403040403IND02,Average gross earnings,gross,RS127,Sremska oblast,2019,67414,RSD,RSD,A,Normal value,SORS
annual_avg_monthly_gross_earnings_municipality_residence.csv,2403040403IND02,Average gross earnings,gross,RS2,SRBIJA – JUG,2019,65624,RSD,RSD,A,Normal value,SORS
annual_avg_monthly_gross_earnings_municipality_residence.csv,2403040403IND02,Average gross earnings,gross,RS21,Region Šumadije i Zapadne Srbije,2019,64746,RSD,RSD,A,Normal value,SORS
annual_avg_monthly_gross_earnings_municipality_residence.csv,2403040403IND02,Average gross earnings,gross,RS211,Zlatiborska oblast,2019,64796,RSD,RSD,A,Normal value,SORS
annual_avg_monthly_gross_earnings_municipality_residence.csv,2403040403IND02,Average gross earnings,gross,RS212,Kolubarska oblast,2019,69198,RSD,RSD,A,Normal value,SORS
annual_avg_monthly_gross_earnings_municipality_residence.csv,2403040403IND02,Average gross earnings,gross,RS213,Mačvanska oblast,2019,63184,RSD,RSD,A,Normal value,SORS
annual_avg_monthly_gross_earnings_municipality_residence.csv,2403040403IND02,Average gross earnings,gross,RS214,Moravička oblast,2019,65374,RSD,RSD,A,Normal value,SORS
annual_avg_monthly_gross_earnings_municipality_residence.csv,2403040403IND02,Average gross earnings,gross,RS215,Pomoravska oblast,2019,61679,RSD,RSD,A,Normal value,SORS
annual_avg_monthly_gross_earnings_municipality_residence.csv,2403040403IND02,Average gross earnings,gross,RS216,Rasinska oblast,2019,61734,RSD,RSD,A,Normal value,SORS
annual_avg_monthly_gross_earnings_municipality_residence.csv,2403040403IND02,Average gross earnings,gross,RS217,Raška oblast,2019,61202,RSD,RSD,A,Normal value,SORS
annual_avg_monthly_gross_earnings_municipality_residence.csv,2403040403IND02,Average gross earnings,gross,RS218,Šumadijska oblast,2019,69778,RSD,RSD,A,Normal value,SORS
annual_avg_monthly_gross_earnings_municipality_residence.csv,2403040403IND02,Average gross earnings,gross,RS22,Region Južne i Istočne Srbije,2019,66732,RSD,RSD,A,Normal value,SORS
annual_avg_monthly_gross_earnings_municipality_residence.csv,2403040403IND02,Average gross earnings,gross,RS221,Borska oblast,2019,76369,RSD,RSD,A,Normal value,SORS
annual_avg_monthly_gross_earnings_municipality_residence.csv,2403040403IND02,Average gross earnings,gross,RS222,Braničevska oblast,2019,71289,RSD,RSD,A,Normal value,SORS
annual_avg_monthly_gross_earnings_municipality_residence.csv,2403040403IND02,Average gross earnings,gross,RS223,Zaječarska oblast,2019,63571,RSD,RSD,A,Normal value,SORS
annual_avg_monthly_gross_earnings_municipality_residence.csv,2403040403IND02,Average gross earnings,gross,RS224,Jablanička oblast,2019,58597,RSD,RSD,A,Normal value,SORS
annual_avg_monthly_gross_earnings_municipality_residence.csv,2403040403IND02,Average gross earnings,gross,RS225,Nišavska oblast,2019,67630,RSD,RSD,A,Normal value,SORS
annual_avg_monthly_gross_earnings_municipality_residence.csv,2403040403IND02,Average gross earnings,gross,RS226,Pirotska oblast,2019,70093,RSD,RSD,A,Normal value,SORS
annual_avg_monthly_gross_earnings_municipality_residence.csv,2403040403IND02,Average gross earnings,gross,RS227,Podunavska oblast,2019,70690,RSD,RSD,A,Normal value,SORS
annual_avg_monthly_gross_earnings_municipality_residence.csv,2403040403IND02,Average gross earnings,gross,RS228,Pčinjska oblast,2019,61416,RSD,RSD,A,Normal value,SORS
annual_avg_monthly_gross_earnings_municipality_residence.csv,2403040403IND02,Average gross earnings,gross,RS229,Toplička oblast,2019,61694,RSD,RSD,A,Normal value,SORS
annual_avg_monthly_gross_earnings_municipality_residence.csv,2403040403IND02,Average gross earnings,gross,70017,Aleksandrovac,2020,63254,RSD,RSD,A,Normal value,SORS
annual_avg_monthly_gross_earnings_municipality_residence.csv,2403040403IND02,Average gross earnings,gross,70025,Aleksinac,2020,66958,RSD,RSD,A,Normal value,SORS
annual_avg_monthly_gross_earnings_municipality_residence.csv,2403040403IND02,Average gross earnings,gross,70033,Aranđelovac,2020,72860,RSD,RSD,A,Normal value,SORS
annual_avg_monthly_gross_earnings_municipality_residence.csv,2403040403IND02,Average gross earnings,gross,70041,Arilje,2020,61003,RSD,RSD,A,Normal value,SORS
annual_avg_monthly_gross_earnings_municipality_residence.csv,2403040403IND02,Average gross earnings,gross,70050,Babušnica,2020,65238,RSD,RSD,A,Normal value,SORS
annual_avg_monthly_gross_earnings_municipality_residence.csv,2403040403IND02,Average gross earnings,gross,70068,Bajina Bašta,2020,65141,RSD,RSD,A,Normal value,SORS
annual_avg_monthly_gross_earnings_municipality_residence.csv,2403040403IND02,Average gross earnings,gross,70076,Batočina,2020,65464,RSD,RSD,A,Normal value,SORS
annual_avg_monthly_gross_earnings_municipality_residence.csv,2403040403IND02,Average gross earnings,gross,70084,Bela Palanka,2020,61974,RSD,RSD,A,Normal value,SORS
annual_avg_monthly_gross_earnings_municipality_residence.csv,2403040403IND02,Average gross earnings,gross,70092,Barajevo,2020,72376,RSD,RSD,A,Normal value,SORS
annual_avg_monthly_gross_earnings_municipality_residence.csv,2403040403IND02,Average gross earnings,gross,70106,Voždovac,2020,106525,RSD,RSD,A,Normal value,SORS
annual_avg_monthly_gross_earnings_municipality_residence.csv,2403040403IND02,Average gross earnings,gross,70114,Vračar,2020,133787,RSD,RSD,A,Normal value,SORS
annual_avg_monthly_gross_earnings_municipality_residence.csv,2403040403IND02,Average gross earnings,gross,70122,Grocka,2020,72613,RSD,RSD,A,Normal value,SORS
annual_avg_monthly_gross_earnings_municipality_residence.csv,2403040403IND02,Average gross earnings,gross,70149,Zvezdara,2020,105475,RSD,RSD,A,Normal value,SORS
annual_avg_monthly_gross_earnings_municipality_residence.csv,2403040403IND02,Average gross earnings,gross,70157,Zemun,2020,94615,RSD,RSD,A,Normal value,SORS
annual_avg_monthly_gross_earnings_municipality_residence.csv,2403040403IND02,Average gross earnings,gross,70165,Lazarevac,2020,102891,RSD,RSD,A,Normal value,SORS
annual_avg_monthly_gross_earnings_municipality_residence.csv,2403040403IND02,Average gross earnings,gross,70173,Mladenovac,2020,70355,RSD,RSD,A,Normal value,SORS
annual_avg_monthly_gross_earnings_municipality_residence.csv,2403040403IND02,Average gross earnings,gross,70181,Novi Beograd,2020,129806,RSD,RSD,A,Normal value,SORS
annual_avg_monthly_gross_earnings_municipality_residence.csv,2403040403IND02,Average gross earnings,gross,70190,Obrenovac,2020,83604,RSD,RSD,A,Normal value,SORS
annual_avg_monthly_gross_earnings_municipality_residence.csv,2403040403IND02,Average gross earnings,gross,70203,Palilula (Beograd),2020,92714,RSD,RSD,A,Normal value,SORS
annual_avg_monthly_gross_earnings_municipality_residence.csv,2403040403IND02,Average gross earnings,gross,70211,Rakovica,2020,93132,RSD,RSD,A,Normal value,SORS
annual_avg_monthly_gross_earnings_municipality_residence.csv,2403040403IND02,Average gross earnings,gross,70220,Savski venac,2020,118697,RSD,RSD,A,Normal value,SORS
annual_avg_monthly_gross_earnings_municipality_residence.csv,2403040403IND02,Average gross earnings,gross,70238,Sopot,2020,69385,RSD,RSD,A,Normal value,SORS
annual_avg_monthly_gross_earnings_municipality_residence.csv,2403040403IND02,Average gross earnings,gross,70246,Stari grad,2020,128127,RSD,RSD,A,Normal value,SORS
annual_avg_monthly_gross_earnings_municipality_residence.csv,2403040403IND02,Average gross earnings,gross,70254,Čukarica,2020,98652,RSD,RSD,A,Normal value,SORS
annual_avg_monthly_gross_earnings_municipality_residence.csv,2403040403IND02,Average gross earnings,gross,70262,Blace,2020,62203,RSD,RSD,A,Normal value,SORS
annual_avg_monthly_gross_earnings_municipality_residence.csv,2403040403IND02,Average gross earnings,gross,70289,Bogatić,2020,63838,RSD,RSD,A,Normal value,SORS
annual_avg_monthly_gross_earnings_municipality_residence.csv,2403040403IND02,Average gross earnings,gross,70297,Bojnik,2020,57583,RSD,RSD,A,Normal value,SORS
annual_avg_monthly_gross_earnings_municipality_residence.csv,2403040403IND02,Average gross earnings,gross,70319,Boljevac,2020,69793,RSD,RSD,A,Normal value,SORS
annual_avg_monthly_gross_earnings_municipality_residence.csv,2403040403IND02,Average gross earnings,gross,70327,Bor,2020,96648,RSD,RSD,A,Normal value,SORS
annual_avg_monthly_gross_earnings_municipality_residence.csv,2403040403IND02,Average gross earnings,gross,70335,Bosilegrad,2020,64477,RSD,RSD,A,Normal value,SORS
annual_avg_monthly_gross_earnings_municipality_residence.csv,2403040403IND02,Average gross earnings,gross,70343,Brus,2020,63063,RSD,RSD,A,Normal value,SORS
annual_avg_monthly_gross_earnings_municipality_residence.csv,2403040403IND02,Average gross earnings,gross,70351,Bujanovac,2020,60655,RSD,RSD,A,Normal value,SORS
annual_avg_monthly_gross_earnings_municipality_residence.csv,2403040403IND02,Average gross earnings,gross,70360,Valjevo,2020,74191,RSD,RSD,A,Normal value,SORS
annual_avg_monthly_gross_earnings_municipality_residence.csv,2403040403IND02,Average gross earnings,gross,70378,Varvarin,2020,59404,RSD,RSD,A,Normal value,SORS
annual_avg_monthly_gross_earnings_municipality_residence.csv,2403040403IND02,Average gross earnings,gross,70386,Velika Plana,2020,70613,RSD,RSD,A,Normal value,SORS
annual_avg_monthly_gross_earnings_municipality_residence.csv,2403040403IND02,Average gross earnings,gross,70394,Veliko Gradište,2020,63968,RSD,RSD,A,Normal value,SORS
annual_avg_monthly_gross_earnings_municipality_residence.csv,2403040403IND02,Average gross earnings,gross,70408,Vladimirci,2020,63838,RSD,RSD,A,Normal value,SORS
annual_avg_monthly_gross_earnings_municipality_residence.csv,2403040403IND02,Average gross earnings,gross,70416,Vladičin Han,2020,68048,RSD,RSD,A,Normal value,SORS
annual_avg_monthly_gross_earnings_municipality_residence.csv,2403040403IND02,Average gross earnings,gross,70424,Vlasotince,2020,58012,RSD,RSD,A,Normal value,SORS
annual_avg_monthly_gross_earnings_municipality_residence.csv,2403040403IND02,Average gross earnings,gross,70432,Vranje,2020,68854,RSD,RSD,A,Normal value,SORS
annual_avg_monthly_gross_earnings_municipality_residence.csv,2403040403IND02,Average gross earnings,gross,70459,Vrnjačka Banja,2020,62825,RSD,RSD,A,Normal value,SORS
annual_avg_monthly_gross_earnings_municipality_residence.csv,2403040403IND02,Average gross earnings,gross,70467,Gadžin Han,2020,58752,RSD,RSD,A,Normal value,SORS
annual_avg_monthly_gross_earnings_municipality_residence.csv,2403040403IND02,Average gross earnings,gross,70475,Golubac,2020,63370,RSD,RSD,A,Normal value,SORS
annual_avg_monthly_gross_earnings_municipality_residence.csv,2403040403IND02,Average gross earnings,gross,70483,Gornji Milanovac,2020,74713,RSD,RSD,A,Normal value,SORS
annual_avg_monthly_gross_earnings_municipality_residence.csv,2403040403IND02,Average gross earnings,gross,70491,Despotovac,2020,70091,RSD,RSD,A,Normal value,SORS
annual_avg_monthly_gross_earnings_municipality_residence.csv,2403040403IND02,Average gross earnings,gross,70505,Dimitrovgrad,2020,64325,RSD,RSD,A,Normal value,SORS
annual_avg_monthly_gross_earnings_municipality_residence.csv,2403040403IND02,Average gross earnings,gross,70513,Doljevac,2020,63826,RSD,RSD,A,Normal value,SORS
annual_avg_monthly_gross_earnings_municipality_residence.csv,2403040403IND02,Average gross earnings,gross,70521,Žabari,2020,62836,RSD,RSD,A,Normal value,SORS
annual_avg_monthly_gross_earnings_municipality_residence.csv,2403040403IND02,Average gross earnings,gross,70530,Žagubica,2020,67697,RSD,RSD,A,Normal value,SORS
annual_avg_monthly_gross_earnings_municipality_residence.csv,2403040403IND02,Average gross earnings,gross,70548,Žitorađa,2020,65902,RSD,RSD,A,Normal value,SORS
annual_avg_monthly_gross_earnings_municipality_residence.csv,2403040403IND02,Average gross earnings,gross,70556,Zaječar,2020,73417,RSD,RSD,A,Normal value,SORS
annual_avg_monthly_gross_earnings_municipality_residence.csv,2403040403IND02,Average gross earnings,gross,70564,Ivanjica,2020,60158,RSD,RSD,A,Normal value,SORS
annual_avg_monthly_gross_earnings_municipality_residence.csv,2403040403IND02,Average gross earnings,gross,70572,Kladovo,2020,75189,RSD,RSD,A,Normal value,SORS
annual_avg_monthly_gross_earnings_municipality_residence.csv,2403040403IND02,Average gross earnings,gross,70599,Knić,2020,67402,RSD,RSD,A,Normal value,SORS
annual_avg_monthly_gross_earnings_municipality_residence.csv,2403040403IND02,Average gross earnings,gross,70602,Knjaževac,2020,62405,RSD,RSD,A,Normal value,SORS
annual_avg_monthly_gross_earnings_municipality_residence.csv,2403040403IND02,Average gross earnings,gross,70629,Kosjerić,2020,70854,RSD,RSD,A,Normal value,SORS
annual_avg_monthly_gross_earnings_municipality_residence.csv,2403040403IND02,Average gross earnings,gross,70637,Koceljeva,2020,63007,RSD,RSD,A,Normal value,SORS
annual_avg_monthly_gross_earnings_municipality_residence.csv,2403040403IND02,Average gross earnings,gross,70645,Kragujevac,2020,79513,RSD,RSD,A,Normal value,SORS
annual_avg_monthly_gross_earnings_municipality_residence.csv,2403040403IND02,Average gross earnings,gross,70653,Kraljevo,2020,70458,RSD,RSD,A,Normal value,SORS
annual_avg_monthly_gross_earnings_municipality_residence.csv,2403040403IND02,Average gross earnings,gross,70661,Krupanj,2020,60829,RSD,RSD,A,Normal value,SORS
annual_avg_monthly_gross_earnings_municipality_residence.csv,2403040403IND02,Average gross earnings,gross,70670,Kruševac,2020,69796,RSD,RSD,A,Normal value,SORS
annual_avg_monthly_gross_earnings_municipality_residence.csv,2403040403IND02,Average gross earnings,gross,70688,Kuršumlija,2020,67034,RSD,RSD,A,Normal value,SORS
annual_avg_monthly_gross_earnings_municipality_residence.csv,2403040403IND02,Average gross earnings,gross,70696,Kučevo,2020,64781,RSD,RSD,A,Normal value,SORS
annual_avg_monthly_gross_earnings_municipality_residence.csv,2403040403IND02,Average gross earnings,gross,70700,Lajkovac,2020,94448,RSD,RSD,A,Normal value,SORS
annual_avg_monthly_gross_earnings_municipality_residence.csv,2403040403IND02,Average gross earnings,gross,70718,Lebane,2020,61125,RSD,RSD,A,Normal value,SORS
annual_avg_monthly_gross_earnings_municipality_residence.csv,2403040403IND02,Average gross earnings,gross,70726,Leskovac,2020,65582,RSD,RSD,A,Normal value,SORS
annual_avg_monthly_gross_earnings_municipality_residence.csv,2403040403IND02,Average gross earnings,gross,70734,Loznica,2020,66352,RSD,RSD,A,Normal value,SORS
annual_avg_monthly_gross_earnings_municipality_residence.csv,2403040403IND02,Average gross earnings,gross,70742,Lučani,2020,77837,RSD,RSD,A,Normal value,SORS
annual_avg_monthly_gross_earnings_municipality_residence.csv,2403040403IND02,Average gross earnings,gross,70769,Ljig,2020,75064,RSD,RSD,A,Normal value,SORS
annual_avg_monthly_gross_earnings_municipality_residence.csv,2403040403IND02,Average gross earnings,gross,70777,Ljubovija,2020,69480,RSD,RSD,A,Normal value,SORS
annual_avg_monthly_gross_earnings_municipality_residence.csv,2403040403IND02,Average gross earnings,gross,70785,Majdanpek,2020,88964,RSD,RSD,A,Normal value,SORS
annual_avg_monthly_gross_earnings_municipality_residence.csv,2403040403IND02,Average gross earnings,gross,70793,Mali Zvornik,2020,67342,RSD,RSD,A,Normal value,SORS
annual_avg_monthly_gross_earnings_municipality_residence.csv,2403040403IND02,Average gross earnings,gross,70807,Malo Crniće,2020,63824,RSD,RSD,A,Normal value,SORS
annual_avg_monthly_gross_earnings_municipality_residence.csv,2403040403IND02,Average gross earnings,gross,70815,Medveđa,2020,72489,RSD,RSD,A,Normal value,SORS
annual_avg_monthly_gross_earnings_municipality_residence.csv,2403040403IND02,Average gross earnings,gross,70823,Merošina,2020,61414,RSD,RSD,A,Normal value,SORS
annual_avg_monthly_gross_earnings_municipality_residence.csv,2403040403IND02,Average gross earnings,gross,70831,Mionica,2020,65507,RSD,RSD,A,Normal value,SORS
annual_avg_monthly_gross_earnings_municipality_residence.csv,2403040403IND02,Average gross earnings,gross,70840,Negotin,2020,70795,RSD,RSD,A,Normal value,SORS
annual_avg_monthly_gross_earnings_municipality_residence.csv,2403040403IND02,Average gross earnings,gross,70866,Nova Varoš,2020,66462,RSD,RSD,A,Normal value,SORS
annual_avg_monthly_gross_earnings_municipality_residence.csv,2403040403IND02,Average gross earnings,gross,70874,Novi Pazar,2020,62852,RSD,RSD,A,Normal value,SORS
annual_avg_monthly_gross_earnings_municipality_residence.csv,2403040403IND02,Average gross earnings,gross,70882,Osečina,2020,63670,RSD,RSD,A,Normal value,SORS
annual_avg_monthly_gross_earnings_municipality_residence.csv,2403040403IND02,Average gross earnings,gross,70904,Paraćin,2020,67965,RSD,RSD,A,Normal value,SORS
annual_avg_monthly_gross_earnings_municipality_residence.csv,2403040403IND02,Average gross earnings,gross,70912,Petrovac na Mlavi,2020,63346,RSD,RSD,A,Normal value,SORS
annual_avg_monthly_gross_earnings_municipality_residence.csv,2403040403IND02,Average gross earnings,gross,70939,Pirot,2020,79382,RSD,RSD,A,Normal value,SORS
annual_avg_monthly_gross_earnings_municipality_residence.csv,2403040403IND02,Average gross earnings,gross,70947,Požarevac,2020,83878,RSD,RSD,A,Normal value,SORS
annual_avg_monthly_gross_earnings_municipality_residence.csv,2403040403IND02,Average gross earnings,gross,70955,Požega,2020,69749,RSD,RSD,A,Normal value,SORS
annual_avg_monthly_gross_earnings_municipality_residence.csv,2403040403IND02,Average gross earnings,gross,70963,Preševo,2020,61275,RSD,RSD,A,Normal value,SORS
annual_avg_monthly_gross_earnings_municipality_residence.csv,2403040403IND02,Average gross earnings,gross,70971,Priboj,2020,67509,RSD,RSD,A,Normal value,SORS
annual_avg_monthly_gross_earnings_municipality_residence.csv,2403040403IND02,Average gross earnings,gross,70980,Prijepolje,2020,63688,RSD,RSD,A,Normal value,SORS
annual_avg_monthly_gross_earnings_municipality_residence.csv,2403040403IND02,Average gross earnings,gross,70998,Prokuplje,2020,70599,RSD,RSD,A,Normal value,SORS
annual_avg_monthly_gross_earnings_municipality_residence.csv,2403040403IND02,Average gross earnings,gross,71005,Ražanj,2020,59256,RSD,RSD,A,Normal value,SORS
annual_avg_monthly_gross_earnings_municipality_residence.csv,2403040403IND02,Average gross earnings,gross,71013,Rača,2020,66216,RSD,RSD,A,Normal value,SORS
annual_avg_monthly_gross_earnings_municipality_residence.csv,2403040403IND02,Average gross earnings,gross,71021,Raška,2020,65938,RSD,RSD,A,Normal value,SORS
annual_avg_monthly_gross_earnings_municipality_residence.csv,2403040403IND02,Average gross earnings,gross,71030,Rekovac,2020,63980,RSD,RSD,A,Normal value,SORS
annual_avg_monthly_gross_earnings_municipality_residence.csv,2403040403IND02,Average gross earnings,gross,71048,Jagodina,2020,67592,RSD,RSD,A,Normal value,SORS
annual_avg_monthly_gross_earnings_municipality_residence.csv,2403040403IND02,Average gross earnings,gross,71056,Svilajnac,2020,65669,RSD,RSD,A,Normal value,SORS
annual_avg_monthly_gross_earnings_municipality_residence.csv,2403040403IND02,Average gross earnings,gross,71064,Svrljig,2020,58556,RSD,RSD,A,Normal value,SORS
annual_avg_monthly_gross_earnings_municipality_residence.csv,2403040403IND02,Average gross earnings,gross,71072,Sjenica,2020,65642,RSD,RSD,A,Normal value,SORS
annual_avg_monthly_gross_earnings_municipality_residence.csv,2403040403IND02,Average gross earnings,gross,71099,Smederevo,2020,78866,RSD,RSD,A,Normal value,SORS
annual_avg_monthly_gross_earnings_municipality_residence.csv,2403040403IND02,Average gross earnings,gross,71102,Smederevska Palanka,2020,69149,RSD,RSD,A,Normal value,SORS
annual_avg_monthly_gross_earnings_municipality_residence.csv,2403040403IND02,Average gross earnings,gross,71129,Sokobanja,2020,68285,RSD,RSD,A,Normal value,SORS
annual_avg_monthly_gross_earnings_municipality_residence.csv,2403040403IND02,Average gross earnings,gross,71137,Surdulica,2020,68779,RSD,RSD,A,Normal value,SORS
annual_avg_monthly_gross_earnings_municipality_residence.csv,2403040403IND02,Average gross earnings,gross,71145,Užice,2020,79153,RSD,RSD,A,Normal value,SORS
annual_avg_monthly_gross_earnings_municipality_residence.csv,2403040403IND02,Average gross earnings,gross,71153,Topola,2020,64881,RSD,RSD,A,Normal value,SORS
annual_avg_monthly_gross_earnings_municipality_residence.csv,2403040403IND02,Average gross earnings,gross,71161,Trgovište,2020,65059,RSD,RSD,A,Normal value,SORS
annual_avg_monthly_gross_earnings_municipality_residence.csv,2403040403IND02,Average gross earnings,gross,71170,Trstenik,2020,63806,RSD,RSD,A,Normal value,SORS
annual_avg_monthly_gross_earnings_municipality_residence.csv,2403040403IND02,Average gross earnings,gross,71188,Tutin,2020,65090,RSD,RSD,A,Normal value,SORS
annual_avg_monthly_gross_earnings_municipality_residence.csv,2403040403IND02,Average gross earnings,gross,71196,Ćićevac,2020,62999,RSD,RSD,A,Normal value,SORS
annual_avg_monthly_gross_earnings_municipality_residence.csv,2403040403IND02,Average gross earnings,gross,71200,Ćuprija,2020,67970,RSD,RSD,A,Normal value,SORS
annual_avg_monthly_gross_earnings_municipality_residence.csv,2403040403IND02,Average gross earnings,gross,71218,Ub,2020,74472,RSD,RSD,A,Normal value,SORS
annual_avg_monthly_gross_earnings_municipality_residence.csv,2403040403IND02,Average gross earnings,gross,71226,Crna Trava,2020,64349,RSD,RSD,A,Normal value,SORS
annual_avg_monthly_gross_earnings_municipality_residence.csv,2403040403IND02,Average gross earnings,gross,71234,Čajetina,2020,64234,RSD,RSD,A,Normal value,SORS
annual_avg_monthly_gross_earnings_municipality_residence.csv,2403040403IND02,Average gross earnings,gross,71242,Čačak,2020,71154,RSD,RSD,A,Normal value,SORS
annual_avg_monthly_gross_earnings_municipality_residence.csv,2403040403IND02,Average gross earnings,gross,71269,Šabac,2020,73950,RSD,RSD,A,Normal value,SORS
annual_avg_monthly_gross_earnings_municipality_residence.csv,2403040403IND02,Average gross earnings,gross,71277,Lapovo,2020,65914,RSD,RSD,A,Normal value,SORS
annual_avg_monthly_gross_earnings_municipality_residence.csv,2403040403IND02,Average gross earnings,gross,71285,Niška Banja,2020,64717,RSD,RSD,A,Normal value,SORS
annual_avg_monthly_gross_earnings_municipality_residence.csv,2403040403IND02,Average gross earnings,gross,71293,Surčin,2020,73745,RSD,RSD,A,Normal value,SORS
annual_avg_monthly_gross_earnings_municipality_residence.csv,2403040403IND02,Average gross earnings,gross,71307,Pantelej,2020,74101,RSD,RSD,A,Normal value,SORS
annual_avg_monthly_gross_earnings_municipality_residence.csv,2403040403IND02,Average gross earnings,gross,71315,Crveni Krst,2020,69200,RSD,RSD,A,Normal value,SORS
annual_avg_monthly_gross_earnings_municipality_residence.csv,2403040403IND02,Average gross earnings,gross,71323,Palilula (Niš),2020,74067,RSD,RSD,A,Normal value,SORS
annual_avg_monthly_gross_earnings_municipality_residence.csv,2403040403IND02,Average gross earnings,gross,71331,Medijana,2020,87178,RSD,RSD,A,Normal value,SORS
annual_avg_monthly_gross_earnings_municipality_residence.csv,2403040403IND02,Average gross earnings,gross,71340,Kostolac,2020,102339,RSD,RSD,A,Normal value,SORS
annual_avg_monthly_gross_earnings_municipality_residence.csv,2403040403IND02,Average gross earnings,gross,71358,Vranjska Banja,2020,59103,RSD,RSD,A,Normal value,SORS
annual_avg_monthly_gross_earnings_municipality_residence.csv,2403040403IND02,Average gross earnings,gross,71366,Sevojno,2020,70276,RSD,RSD,A,Normal value,SORS
annual_avg_monthly_gross_earnings_municipality_residence.csv,2403040403IND02,Average gross earnings,gross,79022,Grad Niš,2020,78854,RSD,RSD,A,Normal value,SORS
annual_avg_monthly_gross_earnings_municipality_residence.csv,2403040403IND02,Average gross earnings,gross,79049,Grad Požarevac,2020,86678,RSD,RSD,A,Normal value,SORS
annual_avg_monthly_gross_earnings_municipality_residence.csv,2403040403IND02,Average gross earnings,gross,79057,Grad Vranje,2020,68623,RSD,RSD,A,Normal value,SORS
annual_avg_monthly_gross_earnings_municipality_residence.csv,2403040403IND02,Average gross earnings,gross,79065,Grad Užice,2020,78878,RSD,RSD,A,Normal value,SORS
annual_avg_monthly_gross_earnings_municipality_residence.csv,2403040403IND02,Average gross earnings,gross,80012,Ada,2020,68582,RSD,RSD,A,Normal value,SORS
annual_avg_monthly_gross_earnings_municipality_residence.csv,2403040403IND02,Average gross earnings,gross,80039,Alibunar,2020,68899,RSD,RSD,A,Normal value,SORS
annual_avg_monthly_gross_earnings_municipality_residence.csv,2403040403IND02,Average gross earnings,gross,80047,Apatin,2020,70492,RSD,RSD,A,Normal value,SORS
annual_avg_monthly_gross_earnings_municipality_residence.csv,2403040403IND02,Average gross earnings,gross,80055,Bač,2020,63286,RSD,RSD,A,Normal value,SORS
annual_avg_monthly_gross_earnings_municipality_residence.csv,2403040403IND02,Average gross earnings,gross,80063,Bačka Palanka,2020,73330,RSD,RSD,A,Normal value,SORS
annual_avg_monthly_gross_earnings_municipality_residence.csv,2403040403IND02,Average gross earnings,gross,80071,Bačka Topola,2020,70916,RSD,RSD,A,Normal value,SORS
annual_avg_monthly_gross_earnings_municipality_residence.csv,2403040403IND02,Average gross earnings,gross,80080,Bački Petrovac,2020,68363,RSD,RSD,A,Normal value,SORS
annual_avg_monthly_gross_earnings_municipality_residence.csv,2403040403IND02,Average gross earnings,gross,80098,Bela Crkva,2020,67478,RSD,RSD,A,Normal value,SORS
annual_avg_monthly_gross_earnings_municipality_residence.csv,2403040403IND02,Average gross earnings,gross,80101,Beočin,2020,71622,RSD,RSD,A,Normal value,SORS
annual_avg_monthly_gross_earnings_municipality_residence.csv,2403040403IND02,Average gross earnings,gross,80110,Bečej,2020,71196,RSD,RSD,A,Normal value,SORS
annual_avg_monthly_gross_earnings_municipality_residence.csv,2403040403IND02,Average gross earnings,gross,80128,Vršac,2020,85524,RSD,RSD,A,Normal value,SORS
annual_avg_monthly_gross_earnings_municipality_residence.csv,2403040403IND02,Average gross earnings,gross,80136,Žabalj,2020,65701,RSD,RSD,A,Normal value,SORS
annual_avg_monthly_gross_earnings_municipality_residence.csv,2403040403IND02,Average gross earnings,gross,80144,Žitište,2020,69684,RSD,RSD,A,Normal value,SORS
annual_avg_monthly_gross_earnings_municipality_residence.csv,2403040403IND02,Average gross earnings,gross,80152,Zrenjanin,2020,79228,RSD,RSD,A,Normal value,SORS
annual_avg_monthly_gross_earnings_municipality_residence.csv,2403040403IND02,Average gross earnings,gross,80179,Inđija,2020,76037,RSD,RSD,A,Normal value,SORS
annual_avg_monthly_gross_earnings_municipality_residence.csv,2403040403IND02,Average gross earnings,gross,80187,Irig,2020,66142,RSD,RSD,A,Normal value,SORS
annual_avg_monthly_gross_earnings_municipality_residence.csv,2403040403IND02,Average gross earnings,gross,80195,Kanjiža,2020,69538,RSD,RSD,A,Normal value,SORS
annual_avg_monthly_gross_earnings_municipality_residence.csv,2403040403IND02,Average gross earnings,gross,80209,Kikinda,2020,75943,RSD,RSD,A,Normal value,SORS
annual_avg_monthly_gross_earnings_municipality_residence.csv,2403040403IND02,Average gross earnings,gross,80217,Kovačica,2020,65357,RSD,RSD,A,Normal value,SORS
annual_avg_monthly_gross_earnings_municipality_residence.csv,2403040403IND02,Average gross earnings,gross,80225,Kovin,2020,75931,RSD,RSD,A,Normal value,SORS
annual_avg_monthly_gross_earnings_municipality_residence.csv,2403040403IND02,Average gross earnings,gross,80233,Kula,2020,68427,RSD,RSD,A,Normal value,SORS
annual_avg_monthly_gross_earnings_municipality_residence.csv,2403040403IND02,Average gross earnings,gross,80241,Mali Iđoš,2020,64229,RSD,RSD,A,Normal value,SORS
annual_avg_monthly_gross_earnings_municipality_residence.csv,2403040403IND02,Average gross earnings,gross,80250,Nova Crnja,2020,71402,RSD,RSD,A,Normal value,SORS
annual_avg_monthly_gross_earnings_municipality_residence.csv,2403040403IND02,Average gross earnings,gross,80268,Novi Bečej,2020,67586,RSD,RSD,A,Normal value,SORS
annual_avg_monthly_gross_earnings_municipality_residence.csv,2403040403IND02,Average gross earnings,gross,80276,Novi Kneževac,2020,70724,RSD,RSD,A,Normal value,SORS
annual_avg_monthly_gross_earnings_municipality_residence.csv,2403040403IND02,Average gross earnings,gross,80292,Opovo,2020,69529,RSD,RSD,A,Normal value,SORS
annual_avg_monthly_gross_earnings_municipality_residence.csv,2403040403IND02,Average gross earnings,gross,80306,Odžaci,2020,66533,RSD,RSD,A,Normal value,SORS
annual_avg_monthly_gross_earnings_municipality_residence.csv,2403040403IND02,Average gross earnings,gross,80314,Pančevo,2020,82229,RSD,RSD,A,Normal value,SORS
annual_avg_monthly_gross_earnings_municipality_residence.csv,2403040403IND02,Average gross earnings,gross,80322,Pećinci,2020,73235,RSD,RSD,A,Normal value,SORS
annual_avg_monthly_gross_earnings_municipality_residence.csv,2403040403IND02,Average gross earnings,gross,80349,Plandište,2020,68340,RSD,RSD,A,Normal value,SORS
annual_avg_monthly_gross_earnings_municipality_residence.csv,2403040403IND02,Average gross earnings,gross,80357,Ruma,2020,72601,RSD,RSD,A,Normal value,SORS
annual_avg_monthly_gross_earnings_municipality_residence.csv,2403040403IND02,Average gross earnings,gross,80365,Senta,2020,77155,RSD,RSD,A,Normal value,SORS
annual_avg_monthly_gross_earnings_municipality_residence.csv,2403040403IND02,Average gross earnings,gross,80373,Sečanj,2020,69527,RSD,RSD,A,Normal value,SORS
annual_avg_monthly_gross_earnings_municipality_residence.csv,2403040403IND02,Average gross earnings,gross,80381,Sombor,2020,74304,RSD,RSD,A,Normal value,SORS
annual_avg_monthly_gross_earnings_municipality_residence.csv,2403040403IND02,Average gross earnings,gross,80390,Srbobran,2020,63753,RSD,RSD,A,Normal value,SORS
annual_avg_monthly_gross_earnings_municipality_residence.csv,2403040403IND02,Average gross earnings,gross,80403,Sremska Mitrovica,2020,76244,RSD,RSD,A,Normal value,SORS
annual_avg_monthly_gross_earnings_municipality_residence.csv,2403040403IND02,Average gross earnings,gross,80411,Sremski Karlovci,2020,77554,RSD,RSD,A,Normal value,SORS
annual_avg_monthly_gross_earnings_municipality_residence.csv,2403040403IND02,Average gross earnings,gross,80420,Stara Pazova,2020,74717,RSD,RSD,A,Normal value,SORS
annual_avg_monthly_gross_earnings_municipality_residence.csv,2403040403IND02,Average gross earnings,gross,80438,Subotica,2020,77100,RSD,RSD,A,Normal value,SORS
annual_avg_monthly_gross_earnings_municipality_residence.csv,2403040403IND02,Average gross earnings,gross,80446,Temerin,2020,71445,RSD,RSD,A,Normal value,SORS
annual_avg_monthly_gross_earnings_municipality_residence.csv,2403040403IND02,Average gross earnings,gross,80454,Titel,2020,76983,RSD,RSD,A,Normal value,SORS
annual_avg_monthly_gross_earnings_municipality_residence.csv,2403040403IND02,Average gross earnings,gross,80462,Vrbas,2020,70141,RSD,RSD,A,Normal value,SORS
annual_avg_monthly_gross_earnings_municipality_residence.csv,2403040403IND02,Average gross earnings,gross,80489,Čoka,2020,67226,RSD,RSD,A,Normal value,SORS
annual_avg_monthly_gross_earnings_municipality_residence.csv,2403040403IND02,Average gross earnings,gross,80497,Šid,2020,68164,RSD,RSD,A,Normal value,SORS
annual_avg_monthly_gross_earnings_municipality_residence.csv,2403040403IND02,Average gross earnings,gross,89010,Grad Novi Sad,2020,93766,RSD,RSD,A,Normal value,SORS
annual_avg_monthly_gross_earnings_municipality_residence.csv,2403040403IND02,Average gross earnings,gross,RS,REPUBLIC OF SERBIA,2020,82984,RSD,RSD,A,Normal value,SORS
annual_avg_monthly_gross_earnings_municipality_residence.csv,2403040403IND02,Average gross earnings,gross,RS1,SRBIJA – SEVER,2020,91418,RSD,RSD,A,Normal value,SORS
annual_avg_monthly_gross_earnings_municipality_residence.csv,2403040403IND02,Average gross earnings,gross,RS11,Beogradski region,2020,102400,RSD,RSD,A,Normal value,SORS
annual_avg_monthly_gross_earnings_municipality_residence.csv,2403040403IND02,Average gross earnings,gross,RS110,Beogradska oblast,2020,102400,RSD,RSD,A,Normal value,SORS
annual_avg_monthly_gross_earnings_municipality_residence.csv,2403040403IND02,Average gross earnings,gross,RS12,Region Vojvodine,2020,79070,RSD,RSD,A,Normal value,SORS
annual_avg_monthly_gross_earnings_municipality_residence.csv,2403040403IND02,Average gross earnings,gross,RS121,Zapadnobačka oblast,2020,71127,RSD,RSD,A,Normal value,SORS
annual_avg_monthly_gross_earnings_municipality_residence.csv,2403040403IND02,Average gross earnings,gross,RS122,Južnobanatska oblast,2020,79094,RSD,RSD,A,Normal value,SORS
annual_avg_monthly_gross_earnings_municipality_residence.csv,2403040403IND02,Average gross earnings,gross,RS123,Južnobačka oblast,2020,85514,RSD,RSD,A,Normal value,SORS
annual_avg_monthly_gross_earnings_municipality_residence.csv,2403040403IND02,Average gross earnings,gross,RS124,Severnobanatska oblast,2020,73448,RSD,RSD,A,Normal value,SORS
annual_avg_monthly_gross_earnings_municipality_residence.csv,2403040403IND02,Average gross earnings,gross,RS125,Severnobačka oblast,2020,75580,RSD,RSD,A,Normal value,SORS
annual_avg_monthly_gross_earnings_municipality_residence.csv,2403040403IND02,Average gross earnings,gross,RS126,Srednjobanatska oblast,2020,76471,RSD,RSD,A,Normal value,SORS
annual_avg_monthly_gross_earnings_municipality_residence.csv,2403040403IND02,Average gross earnings,gross,RS127,Sremska oblast,2020,74053,RSD,RSD,A,Normal value,SORS
annual_avg_monthly_gross_earnings_municipality_residence.csv,2403040403IND02,Average gross earnings,gross,RS2,SRBIJA – JUG,2020,71776,RSD,RSD,A,Normal value,SORS
annual_avg_monthly_gross_earnings_municipality_residence.csv,2403040403IND02,Average gross earnings,gross,RS21,Region Šumadije i Zapadne Srbije,2020,70676,RSD,RSD,A,Normal value,SORS
annual_avg_monthly_gross_earnings_municipality_residence.csv,2403040403IND02,Average gross earnings,gross,RS211,Zlatiborska oblast,2020,70533,RSD,RSD,A,Normal value,SORS
annual_avg_monthly_gross_earnings_municipality_residence.csv,2403040403IND02,Average gross earnings,gross,RS212,Kolubarska oblast,2020,75247,RSD,RSD,A,Normal value,SORS
annual_avg_monthly_gross_earnings_municipality_residence.csv,2403040403IND02,Average gross earnings,gross,RS213,Mačvanska oblast,2020,69417,RSD,RSD,A,Normal value,SORS
annual_avg_monthly_gross_earnings_municipality_residence.csv,2403040403IND02,Average gross earnings,gross,RS214,Moravička oblast,2020,71039,RSD,RSD,A,Normal value,SORS
annual_avg_monthly_gross_earnings_municipality_residence.csv,2403040403IND02,Average gross earnings,gross,RS215,Pomoravska oblast,2020,67660,RSD,RSD,A,Normal value,SORS
annual_avg_monthly_gross_earnings_municipality_residence.csv,2403040403IND02,Average gross earnings,gross,RS216,Rasinska oblast,2020,67114,RSD,RSD,A,Normal value,SORS
annual_avg_monthly_gross_earnings_municipality_residence.csv,2403040403IND02,Average gross earnings,gross,RS217,Raška oblast,2020,67081,RSD,RSD,A,Normal value,SORS
annual_avg_monthly_gross_earnings_municipality_residence.csv,2403040403IND02,Average gross earnings,gross,RS218,Šumadijska oblast,2020,76208,RSD,RSD,A,Normal value,SORS
annual_avg_monthly_gross_earnings_municipality_residence.csv,2403040403IND02,Average gross earnings,gross,RS22,Region Južne i Istočne Srbije,2020,73172,RSD,RSD,A,Normal value,SORS
annual_avg_monthly_gross_earnings_municipality_residence.csv,2403040403IND02,Average gross earnings,gross,RS221,Borska oblast,2020,85999,RSD,RSD,A,Normal value,SORS
annual_avg_monthly_gross_earnings_municipality_residence.csv,2403040403IND02,Average gross earnings,gross,RS222,Braničevska oblast,2020,77735,RSD,RSD,A,Normal value,SORS
annual_avg_monthly_gross_earnings_municipality_residence.csv,2403040403IND02,Average gross earnings,gross,RS223,Zaječarska oblast,2020,69612,RSD,RSD,A,Normal value,SORS
annual_avg_monthly_gross_earnings_municipality_residence.csv,2403040403IND02,Average gross earnings,gross,RS224,Jablanička oblast,2020,64082,RSD,RSD,A,Normal value,SORS
annual_avg_monthly_gross_earnings_municipality_residence.csv,2403040403IND02,Average gross earnings,gross,RS225,Nišavska oblast,2020,75581,RSD,RSD,A,Normal value,SORS
annual_avg_monthly_gross_earnings_municipality_residence.csv,2403040403IND02,Average gross earnings,gross,RS226,Pirotska oblast,2020,74878,RSD,RSD,A,Normal value,SORS
annual_avg_monthly_gross_earnings_municipality_residence.csv,2403040403IND02,Average gross earnings,gross,RS227,Podunavska oblast,2020,75320,RSD,RSD,A,Normal value,SORS
annual_avg_monthly_gross_earnings_municipality_residence.csv,2403040403IND02,Average gross earnings,gross,RS228,Pčinjska oblast,2020,66718,RSD,RSD,A,Normal value,SORS
annual_avg_monthly_gross_earnings_municipality_residence.csv,2403040403IND02,Average gross earnings,gross,RS229,Toplička oblast,2020,68335,RSD,RSD,A,Normal value,SORS
annual_avg_monthly_gross_earnings_municipality_residence.csv,2403040403IND02,Average gross earnings,gross,70017,Aleksandrovac,2021,69265,RSD,RSD,A,Normal value,SORS
annual_avg_monthly_gross_earnings_municipality_residence.csv,2403040403IND02,Average gross earnings,gross,70025,Aleksinac,2021,73026,RSD,RSD,A,Normal value,SORS
annual_avg_monthly_gross_earnings_municipality_residence.csv,2403040403IND02,Average gross earnings,gross,70033,Aranđelovac,2021,79496,RSD,RSD,A,Normal value,SORS
annual_avg_monthly_gross_earnings_municipality_residence.csv,2403040403IND02,Average gross earnings,gross,70041,Arilje,2021,67323,RSD,RSD,A,Normal value,SORS
annual_avg_monthly_gross_earnings_municipality_residence.csv,2403040403IND02,Average gross earnings,gross,70050,Babušnica,2021,72092,RSD,RSD,A,Normal value,SORS
annual_avg_monthly_gross_earnings_municipality_residence.csv,2403040403IND02,Average gross earnings,gross,70068,Bajina Bašta,2021,70916,RSD,RSD,A,Normal value,SORS
annual_avg_monthly_gross_earnings_municipality_residence.csv,2403040403IND02,Average gross earnings,gross,70076,Batočina,2021,70762,RSD,RSD,A,Normal value,SORS
annual_avg_monthly_gross_earnings_municipality_residence.csv,2403040403IND02,Average gross earnings,gross,70084,Bela Palanka,2021,66974,RSD,RSD,A,Normal value,SORS
annual_avg_monthly_gross_earnings_municipality_residence.csv,2403040403IND02,Average gross earnings,gross,70092,Barajevo,2021,78455,RSD,RSD,A,Normal value,SORS
annual_avg_monthly_gross_earnings_municipality_residence.csv,2403040403IND02,Average gross earnings,gross,70106,Voždovac,2021,118545,RSD,RSD,A,Normal value,SORS
annual_avg_monthly_gross_earnings_municipality_residence.csv,2403040403IND02,Average gross earnings,gross,70114,Vračar,2021,148735,RSD,RSD,A,Normal value,SORS
annual_avg_monthly_gross_earnings_municipality_residence.csv,2403040403IND02,Average gross earnings,gross,70122,Grocka,2021,79168,RSD,RSD,A,Normal value,SORS
annual_avg_monthly_gross_earnings_municipality_residence.csv,2403040403IND02,Average gross earnings,gross,70149,Zvezdara,2021,116180,RSD,RSD,A,Normal value,SORS
annual_avg_monthly_gross_earnings_municipality_residence.csv,2403040403IND02,Average gross earnings,gross,70157,Zemun,2021,104392,RSD,RSD,A,Normal value,SORS
annual_avg_monthly_gross_earnings_municipality_residence.csv,2403040403IND02,Average gross earnings,gross,70165,Lazarevac,2021,107068,RSD,RSD,A,Normal value,SORS
annual_avg_monthly_gross_earnings_municipality_residence.csv,2403040403IND02,Average gross earnings,gross,70173,Mladenovac,2021,76637,RSD,RSD,A,Normal value,SORS
annual_avg_monthly_gross_earnings_municipality_residence.csv,2403040403IND02,Average gross earnings,gross,70181,Novi Beograd,2021,144226,RSD,RSD,A,Normal value,SORS
annual_avg_monthly_gross_earnings_municipality_residence.csv,2403040403IND02,Average gross earnings,gross,70190,Obrenovac,2021,90709,RSD,RSD,A,Normal value,SORS
annual_avg_monthly_gross_earnings_municipality_residence.csv,2403040403IND02,Average gross earnings,gross,70203,Palilula (Beograd),2021,102038,RSD,RSD,A,Normal value,SORS
annual_avg_monthly_gross_earnings_municipality_residence.csv,2403040403IND02,Average gross earnings,gross,70211,Rakovica,2021,102284,RSD,RSD,A,Normal value,SORS
annual_avg_monthly_gross_earnings_municipality_residence.csv,2403040403IND02,Average gross earnings,gross,70220,Savski venac,2021,134592,RSD,RSD,A,Normal value,SORS
annual_avg_monthly_gross_earnings_municipality_residence.csv,2403040403IND02,Average gross earnings,gross,70238,Sopot,2021,75470,RSD,RSD,A,Normal value,SORS
annual_avg_monthly_gross_earnings_municipality_residence.csv,2403040403IND02,Average gross earnings,gross,70246,Stari grad,2021,143434,RSD,RSD,A,Normal value,SORS
annual_avg_monthly_gross_earnings_municipality_residence.csv,2403040403IND02,Average gross earnings,gross,70254,Čukarica,2021,108814,RSD,RSD,A,Normal value,SORS
annual_avg_monthly_gross_earnings_municipality_residence.csv,2403040403IND02,Average gross earnings,gross,70262,Blace,2021,65123,RSD,RSD,A,Normal value,SORS
annual_avg_monthly_gross_earnings_municipality_residence.csv,2403040403IND02,Average gross earnings,gross,70289,Bogatić,2021,68614,RSD,RSD,A,Normal value,SORS
annual_avg_monthly_gross_earnings_municipality_residence.csv,2403040403IND02,Average gross earnings,gross,70297,Bojnik,2021,61946,RSD,RSD,A,Normal value,SORS
annual_avg_monthly_gross_earnings_municipality_residence.csv,2403040403IND02,Average gross earnings,gross,70319,Boljevac,2021,77071,RSD,RSD,A,Normal value,SORS
annual_avg_monthly_gross_earnings_municipality_residence.csv,2403040403IND02,Average gross earnings,gross,70327,Bor,2021,107417,RSD,RSD,A,Normal value,SORS
annual_avg_monthly_gross_earnings_municipality_residence.csv,2403040403IND02,Average gross earnings,gross,70335,Bosilegrad,2021,67127,RSD,RSD,A,Normal value,SORS
annual_avg_monthly_gross_earnings_municipality_residence.csv,2403040403IND02,Average gross earnings,gross,70343,Brus,2021,69654,RSD,RSD,A,Normal value,SORS
annual_avg_monthly_gross_earnings_municipality_residence.csv,2403040403IND02,Average gross earnings,gross,70351,Bujanovac,2021,65119,RSD,RSD,A,Normal value,SORS
annual_avg_monthly_gross_earnings_municipality_residence.csv,2403040403IND02,Average gross earnings,gross,70360,Valjevo,2021,80701,RSD,RSD,A,Normal value,SORS
annual_avg_monthly_gross_earnings_municipality_residence.csv,2403040403IND02,Average gross earnings,gross,70378,Varvarin,2021,66732,RSD,RSD,A,Normal value,SORS
annual_avg_monthly_gross_earnings_municipality_residence.csv,2403040403IND02,Average gross earnings,gross,70386,Velika Plana,2021,77956,RSD,RSD,A,Normal value,SORS
annual_avg_monthly_gross_earnings_municipality_residence.csv,2403040403IND02,Average gross earnings,gross,70394,Veliko Gradište,2021,68683,RSD,RSD,A,Normal value,SORS
annual_avg_monthly_gross_earnings_municipality_residence.csv,2403040403IND02,Average gross earnings,gross,70408,Vladimirci,2021,69394,RSD,RSD,A,Normal value,SORS
annual_avg_monthly_gross_earnings_municipality_residence.csv,2403040403IND02,Average gross earnings,gross,70416,Vladičin Han,2021,73265,RSD,RSD,A,Normal value,SORS
annual_avg_monthly_gross_earnings_municipality_residence.csv,2403040403IND02,Average gross earnings,gross,70424,Vlasotince,2021,62707,RSD,RSD,A,Normal value,SORS
annual_avg_monthly_gross_earnings_municipality_residence.csv,2403040403IND02,Average gross earnings,gross,70432,Vranje,2021,74495,RSD,RSD,A,Normal value,SORS
annual_avg_monthly_gross_earnings_municipality_residence.csv,2403040403IND02,Average gross earnings,gross,70459,Vrnjačka Banja,2021,68460,RSD,RSD,A,Normal value,SORS
annual_avg_monthly_gross_earnings_municipality_residence.csv,2403040403IND02,Average gross earnings,gross,70467,Gadžin Han,2021,64218,RSD,RSD,A,Normal value,SORS
annual_avg_monthly_gross_earnings_municipality_residence.csv,2403040403IND02,Average gross earnings,gross,70475,Golubac,2021,68194,RSD,RSD,A,Normal value,SORS
annual_avg_monthly_gross_earnings_municipality_residence.csv,2403040403IND02,Average gross earnings,gross,70483,Gornji Milanovac,2021,81891,RSD,RSD,A,Normal value,SORS
annual_avg_monthly_gross_earnings_municipality_residence.csv,2403040403IND02,Average gross earnings,gross,70491,Despotovac,2021,73234,RSD,RSD,A,Normal value,SORS
annual_avg_monthly_gross_earnings_municipality_residence.csv,2403040403IND02,Average gross earnings,gross,70505,Dimitrovgrad,2021,69525,RSD,RSD,A,Normal value,SORS
annual_avg_monthly_gross_earnings_municipality_residence.csv,2403040403IND02,Average gross earnings,gross,70513,Doljevac,2021,68217,RSD,RSD,A,Normal value,SORS
annual_avg_monthly_gross_earnings_municipality_residence.csv,2403040403IND02,Average gross earnings,gross,70521,Žabari,2021,68662,RSD,RSD,A,Normal value,SORS
annual_avg_monthly_gross_earnings_municipality_residence.csv,2403040403IND02,Average gross earnings,gross,70530,Žagubica,2021,73097,RSD,RSD,A,Normal value,SORS
annual_avg_monthly_gross_earnings_municipality_residence.csv,2403040403IND02,Average gross earnings,gross,70548,Žitorađa,2021,69534,RSD,RSD,A,Normal value,SORS
annual_avg_monthly_gross_earnings_municipality_residence.csv,2403040403IND02,Average gross earnings,gross,70556,Zaječar,2021,78369,RSD,RSD,A,Normal value,SORS
annual_avg_monthly_gross_earnings_municipality_residence.csv,2403040403IND02,Average gross earnings,gross,70564,Ivanjica,2021,65887,RSD,RSD,A,Normal value,SORS
annual_avg_monthly_gross_earnings_municipality_residence.csv,2403040403IND02,Average gross earnings,gross,70572,Kladovo,2021,80304,RSD,RSD,A,Normal value,SORS
annual_avg_monthly_gross_earnings_municipality_residence.csv,2403040403IND02,Average gross earnings,gross,70599,Knić,2021,71831,RSD,RSD,A,Normal value,SORS
annual_avg_monthly_gross_earnings_municipality_residence.csv,2403040403IND02,Average gross earnings,gross,70602,Knjaževac,2021,68042,RSD,RSD,A,Normal value,SORS
annual_avg_monthly_gross_earnings_municipality_residence.csv,2403040403IND02,Average gross earnings,gross,70629,Kosjerić,2021,77163,RSD,RSD,A,Normal value,SORS
annual_avg_monthly_gross_earnings_municipality_residence.csv,2403040403IND02,Average gross earnings,gross,70637,Koceljeva,2021,67450,RSD,RSD,A,Normal value,SORS
annual_avg_monthly_gross_earnings_municipality_residence.csv,2403040403IND02,Average gross earnings,gross,70645,Kragujevac,2021,87575,RSD,RSD,A,Normal value,SORS
annual_avg_monthly_gross_earnings_municipality_residence.csv,2403040403IND02,Average gross earnings,gross,70653,Kraljevo,2021,76532,RSD,RSD,A,Normal value,SORS
annual_avg_monthly_gross_earnings_municipality_residence.csv,2403040403IND02,Average gross earnings,gross,70661,Krupanj,2021,66510,RSD,RSD,A,Normal value,SORS
annual_avg_monthly_gross_earnings_municipality_residence.csv,2403040403IND02,Average gross earnings,gross,70670,Kruševac,2021,77951,RSD,RSD,A,Normal value,SORS
annual_avg_monthly_gross_earnings_municipality_residence.csv,2403040403IND02,Average gross earnings,gross,70688,Kuršumlija,2021,71279,RSD,RSD,A,Normal value,SORS
annual_avg_monthly_gross_earnings_municipality_residence.csv,2403040403IND02,Average gross earnings,gross,70696,Kučevo,2021,70101,RSD,RSD,A,Normal value,SORS
annual_avg_monthly_gross_earnings_municipality_residence.csv,2403040403IND02,Average gross earnings,gross,70700,Lajkovac,2021,98037,RSD,RSD,A,Normal value,SORS
annual_avg_monthly_gross_earnings_municipality_residence.csv,2403040403IND02,Average gross earnings,gross,70718,Lebane,2021,65881,RSD,RSD,A,Normal value,SORS
annual_avg_monthly_gross_earnings_municipality_residence.csv,2403040403IND02,Average gross earnings,gross,70726,Leskovac,2021,71237,RSD,RSD,A,Normal value,SORS
annual_avg_monthly_gross_earnings_municipality_residence.csv,2403040403IND02,Average gross earnings,gross,70734,Loznica,2021,72156,RSD,RSD,A,Normal value,SORS
annual_avg_monthly_gross_earnings_municipality_residence.csv,2403040403IND02,Average gross earnings,gross,70742,Lučani,2021,88711,RSD,RSD,A,Normal value,SORS
annual_avg_monthly_gross_earnings_municipality_residence.csv,2403040403IND02,Average gross earnings,gross,70769,Ljig,2021,78908,RSD,RSD,A,Normal value,SORS
annual_avg_monthly_gross_earnings_municipality_residence.csv,2403040403IND02,Average gross earnings,gross,70777,Ljubovija,2021,76202,RSD,RSD,A,Normal value,SORS
annual_avg_monthly_gross_earnings_municipality_residence.csv,2403040403IND02,Average gross earnings,gross,70785,Majdanpek,2021,96442,RSD,RSD,A,Normal value,SORS
annual_avg_monthly_gross_earnings_municipality_residence.csv,2403040403IND02,Average gross earnings,gross,70793,Mali Zvornik,2021,72242,RSD,RSD,A,Normal value,SORS
annual_avg_monthly_gross_earnings_municipality_residence.csv,2403040403IND02,Average gross earnings,gross,70807,Malo Crniće,2021,69181,RSD,RSD,A,Normal value,SORS
annual_avg_monthly_gross_earnings_municipality_residence.csv,2403040403IND02,Average gross earnings,gross,70815,Medveđa,2021,77218,RSD,RSD,A,Normal value,SORS
annual_avg_monthly_gross_earnings_municipality_residence.csv,2403040403IND02,Average gross earnings,gross,70823,Merošina,2021,66020,RSD,RSD,A,Normal value,SORS
annual_avg_monthly_gross_earnings_municipality_residence.csv,2403040403IND02,Average gross earnings,gross,70831,Mionica,2021,70361,RSD,RSD,A,Normal value,SORS
annual_avg_monthly_gross_earnings_municipality_residence.csv,2403040403IND02,Average gross earnings,gross,70840,Negotin,2021,76969,RSD,RSD,A,Normal value,SORS
annual_avg_monthly_gross_earnings_municipality_residence.csv,2403040403IND02,Average gross earnings,gross,70866,Nova Varoš,2021,72845,RSD,RSD,A,Normal value,SORS
annual_avg_monthly_gross_earnings_municipality_residence.csv,2403040403IND02,Average gross earnings,gross,70874,Novi Pazar,2021,68556,RSD,RSD,A,Normal value,SORS
annual_avg_monthly_gross_earnings_municipality_residence.csv,2403040403IND02,Average gross earnings,gross,70882,Osečina,2021,69643,RSD,RSD,A,Normal value,SORS
annual_avg_monthly_gross_earnings_municipality_residence.csv,2403040403IND02,Average gross earnings,gross,70904,Paraćin,2021,72239,RSD,RSD,A,Normal value,SORS
annual_avg_monthly_gross_earnings_municipality_residence.csv,2403040403IND02,Average gross earnings,gross,70912,Petrovac na Mlavi,2021,68910,RSD,RSD,A,Normal value,SORS
annual_avg_monthly_gross_earnings_municipality_residence.csv,2403040403IND02,Average gross earnings,gross,70939,Pirot,2021,85059,RSD,RSD,A,Normal value,SORS
annual_avg_monthly_gross_earnings_municipality_residence.csv,2403040403IND02,Average gross earnings,gross,70947,Požarevac,2021,89593,RSD,RSD,A,Normal value,SORS
annual_avg_monthly_gross_earnings_municipality_residence.csv,2403040403IND02,Average gross earnings,gross,70955,Požega,2021,77887,RSD,RSD,A,Normal value,SORS
annual_avg_monthly_gross_earnings_municipality_residence.csv,2403040403IND02,Average gross earnings,gross,70963,Preševo,2021,63941,RSD,RSD,A,Normal value,SORS
annual_avg_monthly_gross_earnings_municipality_residence.csv,2403040403IND02,Average gross earnings,gross,70971,Priboj,2021,73447,RSD,RSD,A,Normal value,SORS
annual_avg_monthly_gross_earnings_municipality_residence.csv,2403040403IND02,Average gross earnings,gross,70980,Prijepolje,2021,68556,RSD,RSD,A,Normal value,SORS
annual_avg_monthly_gross_earnings_municipality_residence.csv,2403040403IND02,Average gross earnings,gross,70998,Prokuplje,2021,75931,RSD,RSD,A,Normal value,SORS
annual_avg_monthly_gross_earnings_municipality_residence.csv,2403040403IND02,Average gross earnings,gross,71005,Ražanj,2021,64372,RSD,RSD,A,Normal value,SORS
annual_avg_monthly_gross_earnings_municipality_residence.csv,2403040403IND02,Average gross earnings,gross,71013,Rača,2021,70962,RSD,RSD,A,Normal value,SORS
annual_avg_monthly_gross_earnings_municipality_residence.csv,2403040403IND02,Average gross earnings,gross,71021,Raška,2021,70665,RSD,RSD,A,Normal value,SORS
annual_avg_monthly_gross_earnings_municipality_residence.csv,2403040403IND02,Average gross earnings,gross,71030,Rekovac,2021,68732,RSD,RSD,A,Normal value,SORS
annual_avg_monthly_gross_earnings_municipality_residence.csv,2403040403IND02,Average gross earnings,gross,71048,Jagodina,2021,73982,RSD,RSD,A,Normal value,SORS
annual_avg_monthly_gross_earnings_municipality_residence.csv,2403040403IND02,Average gross earnings,gross,71056,Svilajnac,2021,70556,RSD,RSD,A,Normal value,SORS
annual_avg_monthly_gross_earnings_municipality_residence.csv,2403040403IND02,Average gross earnings,gross,71064,Svrljig,2021,64120,RSD,RSD,A,Normal value,SORS
annual_avg_monthly_gross_earnings_municipality_residence.csv,2403040403IND02,Average gross earnings,gross,71072,Sjenica,2021,69162,RSD,RSD,A,Normal value,SORS
annual_avg_monthly_gross_earnings_municipality_residence.csv,2403040403IND02,Average gross earnings,gross,71099,Smederevo,2021,85200,RSD,RSD,A,Normal value,SORS
annual_avg_monthly_gross_earnings_municipality_residence.csv,2403040403IND02,Average gross earnings,gross,71102,Smederevska Palanka,2021,73896,RSD,RSD,A,Normal value,SORS
annual_avg_monthly_gross_earnings_municipality_residence.csv,2403040403IND02,Average gross earnings,gross,71129,Sokobanja,2021,73365,RSD,RSD,A,Normal value,SORS
annual_avg_monthly_gross_earnings_municipality_residence.csv,2403040403IND02,Average gross earnings,gross,71137,Surdulica,2021,74322,RSD,RSD,A,Normal value,SORS
annual_avg_monthly_gross_earnings_municipality_residence.csv,2403040403IND02,Average gross earnings,gross,71145,Užice,2021,87610,RSD,RSD,A,Normal value,SORS
annual_avg_monthly_gross_earnings_municipality_residence.csv,2403040403IND02,Average gross earnings,gross,71153,Topola,2021,71312,RSD,RSD,A,Normal value,SORS
annual_avg_monthly_gross_earnings_municipality_residence.csv,2403040403IND02,Average gross earnings,gross,71161,Trgovište,2021,72042,RSD,RSD,A,Normal value,SORS
annual_avg_monthly_gross_earnings_municipality_residence.csv,2403040403IND02,Average gross earnings,gross,71170,Trstenik,2021,68444,RSD,RSD,A,Normal value,SORS
annual_avg_monthly_gross_earnings_municipality_residence.csv,2403040403IND02,Average gross earnings,gross,71188,Tutin,2021,68902,RSD,RSD,A,Normal value,SORS
annual_avg_monthly_gross_earnings_municipality_residence.csv,2403040403IND02,Average gross earnings,gross,71196,Ćićevac,2021,69818,RSD,RSD,A,Normal value,SORS
annual_avg_monthly_gross_earnings_municipality_residence.csv,2403040403IND02,Average gross earnings,gross,71200,Ćuprija,2021,74536,RSD,RSD,A,Normal value,SORS
annual_avg_monthly_gross_earnings_municipality_residence.csv,2403040403IND02,Average gross earnings,gross,71218,Ub,2021,80467,RSD,RSD,A,Normal value,SORS
annual_avg_monthly_gross_earnings_municipality_residence.csv,2403040403IND02,Average gross earnings,gross,71226,Crna Trava,2021,66516,RSD,RSD,A,Normal value,SORS
annual_avg_monthly_gross_earnings_municipality_residence.csv,2403040403IND02,Average gross earnings,gross,71234,Čajetina,2021,70498,RSD,RSD,A,Normal value,SORS
annual_avg_monthly_gross_earnings_municipality_residence.csv,2403040403IND02,Average gross earnings,gross,71242,Čačak,2021,78173,RSD,RSD,A,Normal value,SORS
annual_avg_monthly_gross_earnings_municipality_residence.csv,2403040403IND02,Average gross earnings,gross,71269,Šabac,2021,80311,RSD,RSD,A,Normal value,SORS
annual_avg_monthly_gross_earnings_municipality_residence.csv,2403040403IND02,Average gross earnings,gross,71277,Lapovo,2021,72432,RSD,RSD,A,Normal value,SORS
annual_avg_monthly_gross_earnings_municipality_residence.csv,2403040403IND02,Average gross earnings,gross,71285,Niška Banja,2021,70948,RSD,RSD,A,Normal value,SORS
annual_avg_monthly_gross_earnings_municipality_residence.csv,2403040403IND02,Average gross earnings,gross,71293,Surčin,2021,79643,RSD,RSD,A,Normal value,SORS
annual_avg_monthly_gross_earnings_municipality_residence.csv,2403040403IND02,Average gross earnings,gross,71307,Pantelej,2021,82292,RSD,RSD,A,Normal value,SORS
annual_avg_monthly_gross_earnings_municipality_residence.csv,2403040403IND02,Average gross earnings,gross,71315,Crveni Krst,2021,76039,RSD,RSD,A,Normal value,SORS
annual_avg_monthly_gross_earnings_municipality_residence.csv,2403040403IND02,Average gross earnings,gross,71323,Palilula (Niš),2021,80553,RSD,RSD,A,Normal value,SORS
annual_avg_monthly_gross_earnings_municipality_residence.csv,2403040403IND02,Average gross earnings,gross,71331,Medijana,2021,98130,RSD,RSD,A,Normal value,SORS
annual_avg_monthly_gross_earnings_municipality_residence.csv,2403040403IND02,Average gross earnings,gross,71340,Kostolac,2021,105488,RSD,RSD,A,Normal value,SORS
annual_avg_monthly_gross_earnings_municipality_residence.csv,2403040403IND02,Average gross earnings,gross,71358,Vranjska Banja,2021,64001,RSD,RSD,A,Normal value,SORS
annual_avg_monthly_gross_earnings_municipality_residence.csv,2403040403IND02,Average gross earnings,gross,71366,Sevojno,2021,77982,RSD,RSD,A,Normal value,SORS
annual_avg_monthly_gross_earnings_municipality_residence.csv,2403040403IND02,Average gross earnings,gross,79022,Grad Niš,2021,87267,RSD,RSD,A,Normal value,SORS
annual_avg_monthly_gross_earnings_municipality_residence.csv,2403040403IND02,Average gross earnings,gross,79049,Grad Požarevac,2021,91943,RSD,RSD,A,Normal value,SORS
annual_avg_monthly_gross_earnings_municipality_residence.csv,2403040403IND02,Average gross earnings,gross,79057,Grad Vranje,2021,74250,RSD,RSD,A,Normal value,SORS
annual_avg_monthly_gross_earnings_municipality_residence.csv,2403040403IND02,Average gross earnings,gross,79065,Grad Užice,2021,87318,RSD,RSD,A,Normal value,SORS
annual_avg_monthly_gross_earnings_municipality_residence.csv,2403040403IND02,Average gross earnings,gross,80012,Ada,2021,74625,RSD,RSD,A,Normal value,SORS
annual_avg_monthly_gross_earnings_municipality_residence.csv,2403040403IND02,Average gross earnings,gross,80039,Alibunar,2021,73792,RSD,RSD,A,Normal value,SORS
annual_avg_monthly_gross_earnings_municipality_residence.csv,2403040403IND02,Average gross earnings,gross,80047,Apatin,2021,75760,RSD,RSD,A,Normal value,SORS
annual_avg_monthly_gross_earnings_municipality_residence.csv,2403040403IND02,Average gross earnings,gross,80055,Bač,2021,67931,RSD,RSD,A,Normal value,SORS
annual_avg_monthly_gross_earnings_municipality_residence.csv,2403040403IND02,Average gross earnings,gross,80063,Bačka Palanka,2021,79036,RSD,RSD,A,Normal value,SORS
annual_avg_monthly_gross_earnings_municipality_residence.csv,2403040403IND02,Average gross earnings,gross,80071,Bačka Topola,2021,75442,RSD,RSD,A,Normal value,SORS
annual_avg_monthly_gross_earnings_municipality_residence.csv,2403040403IND02,Average gross earnings,gross,80080,Bački Petrovac,2021,73932,RSD,RSD,A,Normal value,SORS
annual_avg_monthly_gross_earnings_municipality_residence.csv,2403040403IND02,Average gross earnings,gross,80098,Bela Crkva,2021,73716,RSD,RSD,A,Normal value,SORS
annual_avg_monthly_gross_earnings_municipality_residence.csv,2403040403IND02,Average gross earnings,gross,80101,Beočin,2021,78019,RSD,RSD,A,Normal value,SORS
annual_avg_monthly_gross_earnings_municipality_residence.csv,2403040403IND02,Average gross earnings,gross,80110,Bečej,2021,77455,RSD,RSD,A,Normal value,SORS
annual_avg_monthly_gross_earnings_municipality_residence.csv,2403040403IND02,Average gross earnings,gross,80128,Vršac,2021,90399,RSD,RSD,A,Normal value,SORS
annual_avg_monthly_gross_earnings_municipality_residence.csv,2403040403IND02,Average gross earnings,gross,80136,Žabalj,2021,71795,RSD,RSD,A,Normal value,SORS
annual_avg_monthly_gross_earnings_municipality_residence.csv,2403040403IND02,Average gross earnings,gross,80144,Žitište,2021,75543,RSD,RSD,A,Normal value,SORS
annual_avg_monthly_gross_earnings_municipality_residence.csv,2403040403IND02,Average gross earnings,gross,80152,Zrenjanin,2021,85474,RSD,RSD,A,Normal value,SORS
annual_avg_monthly_gross_earnings_municipality_residence.csv,2403040403IND02,Average gross earnings,gross,80179,Inđija,2021,85284,RSD,RSD,A,Normal value,SORS
annual_avg_monthly_gross_earnings_municipality_residence.csv,2403040403IND02,Average gross earnings,gross,80187,Irig,2021,72489,RSD,RSD,A,Normal value,SORS
annual_avg_monthly_gross_earnings_municipality_residence.csv,2403040403IND02,Average gross earnings,gross,80195,Kanjiža,2021,75070,RSD,RSD,A,Normal value,SORS
annual_avg_monthly_gross_earnings_municipality_residence.csv,2403040403IND02,Average gross earnings,gross,80209,Kikinda,2021,81605,RSD,RSD,A,Normal value,SORS
annual_avg_monthly_gross_earnings_municipality_residence.csv,2403040403IND02,Average gross earnings,gross,80217,Kovačica,2021,70924,RSD,RSD,A,Normal value,SORS
annual_avg_monthly_gross_earnings_municipality_residence.csv,2403040403IND02,Average gross earnings,gross,80225,Kovin,2021,78144,RSD,RSD,A,Normal value,SORS
annual_avg_monthly_gross_earnings_municipality_residence.csv,2403040403IND02,Average gross earnings,gross,80233,Kula,2021,74052,RSD,RSD,A,Normal value,SORS
annual_avg_monthly_gross_earnings_municipality_residence.csv,2403040403IND02,Average gross earnings,gross,80241,Mali Iđoš,2021,69414,RSD,RSD,A,Normal value,SORS
annual_avg_monthly_gross_earnings_municipality_residence.csv,2403040403IND02,Average gross earnings,gross,80250,Nova Crnja,2021,76358,RSD,RSD,A,Normal value,SORS
annual_avg_monthly_gross_earnings_municipality_residence.csv,2403040403IND02,Average gross earnings,gross,80268,Novi Bečej,2021,72916,RSD,RSD,A,Normal value,SORS
annual_avg_monthly_gross_earnings_municipality_residence.csv,2403040403IND02,Average gross earnings,gross,80276,Novi Kneževac,2021,76497,RSD,RSD,A,Normal value,SORS
annual_avg_monthly_gross_earnings_municipality_residence.csv,2403040403IND02,Average gross earnings,gross,80292,Opovo,2021,75280,RSD,RSD,A,Normal value,SORS
annual_avg_monthly_gross_earnings_municipality_residence.csv,2403040403IND02,Average gross earnings,gross,80306,Odžaci,2021,71948,RSD,RSD,A,Normal value,SORS
annual_avg_monthly_gross_earnings_municipality_residence.csv,2403040403IND02,Average gross earnings,gross,80314,Pančevo,2021,89450,RSD,RSD,A,Normal value,SORS
annual_avg_monthly_gross_earnings_municipality_residence.csv,2403040403IND02,Average gross earnings,gross,80322,Pećinci,2021,80062,RSD,RSD,A,Normal value,SORS
annual_avg_monthly_gross_earnings_municipality_residence.csv,2403040403IND02,Average gross earnings,gross,80349,Plandište,2021,74080,RSD,RSD,A,Normal value,SORS
annual_avg_monthly_gross_earnings_municipality_residence.csv,2403040403IND02,Average gross earnings,gross,80357,Ruma,2021,78928,RSD,RSD,A,Normal value,SORS
annual_avg_monthly_gross_earnings_municipality_residence.csv,2403040403IND02,Average gross earnings,gross,80365,Senta,2021,82161,RSD,RSD,A,Normal value,SORS
annual_avg_monthly_gross_earnings_municipality_residence.csv,2403040403IND02,Average gross earnings,gross,80373,Sečanj,2021,74184,RSD,RSD,A,Normal value,SORS
annual_avg_monthly_gross_earnings_municipality_residence.csv,2403040403IND02,Average gross earnings,gross,80381,Sombor,2021,79773,RSD,RSD,A,Normal value,SORS
annual_avg_monthly_gross_earnings_municipality_residence.csv,2403040403IND02,Average gross earnings,gross,80390,Srbobran,2021,69417,RSD,RSD,A,Normal value,SORS
annual_avg_monthly_gross_earnings_municipality_residence.csv,2403040403IND02,Average gross earnings,gross,80403,Sremska Mitrovica,2021,83256,RSD,RSD,A,Normal value,SORS
annual_avg_monthly_gross_earnings_municipality_residence.csv,2403040403IND02,Average gross earnings,gross,80411,Sremski Karlovci,2021,85664,RSD,RSD,A,Normal value,SORS
annual_avg_monthly_gross_earnings_municipality_residence.csv,2403040403IND02,Average gross earnings,gross,80420,Stara Pazova,2021,81955,RSD,RSD,A,Normal value,SORS
annual_avg_monthly_gross_earnings_municipality_residence.csv,2403040403IND02,Average gross earnings,gross,80438,Subotica,2021,83176,RSD,RSD,A,Normal value,SORS
annual_avg_monthly_gross_earnings_municipality_residence.csv,2403040403IND02,Average gross earnings,gross,80446,Temerin,2021,77418,RSD,RSD,A,Normal value,SORS
annual_avg_monthly_gross_earnings_municipality_residence.csv,2403040403IND02,Average gross earnings,gross,80454,Titel,2021,73017,RSD,RSD,A,Normal value,SORS
annual_avg_monthly_gross_earnings_municipality_residence.csv,2403040403IND02,Average gross earnings,gross,80462,Vrbas,2021,76736,RSD,RSD,A,Normal value,SORS
annual_avg_monthly_gross_earnings_municipality_residence.csv,2403040403IND02,Average gross earnings,gross,80489,Čoka,2021,72889,RSD,RSD,A,Normal value,SORS
annual_avg_monthly_gross_earnings_municipality_residence.csv,2403040403IND02,Average gross earnings,gross,80497,Šid,2021,74205,RSD,RSD,A,Normal value,SORS
annual_avg_monthly_gross_earnings_municipality_residence.csv,2403040403IND02,Average gross earnings,gross,89010,Grad Novi Sad,2021,104290,RSD,RSD,A,Normal value,SORS
annual_avg_monthly_gross_earnings_municipality_residence.csv,2403040403IND02,Average gross earnings,gross,RS,REPUBLIC OF SERBIA,2021,90784,RSD,RSD,A,Normal value,SORS
annual_avg_monthly_gross_earnings_municipality_residence.csv,2403040403IND02,Average gross earnings,gross,RS1,SRBIJA – SEVER,2021,100402,RSD,RSD,A,Normal value,SORS
annual_avg_monthly_gross_earnings_municipality_residence.csv,2403040403IND02,Average gross earnings,gross,RS11,Beogradski region,2021,112913,RSD,RSD,A,Normal value,SORS
annual_avg_monthly_gross_earnings_municipality_residence.csv,2403040403IND02,Average gross earnings,gross,RS110,Beogradska oblast,2021,112913,RSD,RSD,A,Normal value,SORS
annual_avg_monthly_gross_earnings_municipality_residence.csv,2403040403IND02,Average gross earnings,gross,RS12,Region Vojvodine,2021,86232,RSD,RSD,A,Normal value,SORS
annual_avg_monthly_gross_earnings_municipality_residence.csv,2403040403IND02,Average gross earnings,gross,RS121,Zapadnobačka oblast,2021,76589,RSD,RSD,A,Normal value,SORS
annual_avg_monthly_gross_earnings_municipality_residence.csv,2403040403IND02,Average gross earnings,gross,RS122,Južnobanatska oblast,2021,85012,RSD,RSD,A,Normal value,SORS
annual_avg_monthly_gross_earnings_municipality_residence.csv,2403040403IND02,Average gross earnings,gross,RS123,Južnobačka oblast,2021,94325,RSD,RSD,A,Normal value,SORS
annual_avg_monthly_gross_earnings_municipality_residence.csv,2403040403IND02,Average gross earnings,gross,RS124,Severnobanatska oblast,2021,79065,RSD,RSD,A,Normal value,SORS
annual_avg_monthly_gross_earnings_municipality_residence.csv,2403040403IND02,Average gross earnings,gross,RS125,Severnobačka oblast,2021,81372,RSD,RSD,A,Normal value,SORS
annual_avg_monthly_gross_earnings_municipality_residence.csv,2403040403IND02,Average gross earnings,gross,RS126,Srednjobanatska oblast,2021,82465,RSD,RSD,A,Normal value,SORS
annual_avg_monthly_gross_earnings_municipality_residence.csv,2403040403IND02,Average gross earnings,gross,RS127,Sremska oblast,2021,81248,RSD,RSD,A,Normal value,SORS
annual_avg_monthly_gross_earnings_municipality_residence.csv,2403040403IND02,Average gross earnings,gross,RS2,SRBIJA – JUG,2021,78199,RSD,RSD,A,Normal value,SORS
annual_avg_monthly_gross_earnings_municipality_residence.csv,2403040403IND02,Average gross earnings,gross,RS21,Region Šumadije i Zapadne Srbije,2021,77194,RSD,RSD,A,Normal value,SORS
annual_avg_monthly_gross_earnings_municipality_residence.csv,2403040403IND02,Average gross earnings,gross,RS211,Zlatiborska oblast,2021,77416,RSD,RSD,A,Normal value,SORS
annual_avg_monthly_gross_earnings_municipality_residence.csv,2403040403IND02,Average gross earnings,gross,RS212,Kolubarska oblast,2021,81097,RSD,RSD,A,Normal value,SORS
annual_avg_monthly_gross_earnings_municipality_residence.csv,2403040403IND02,Average gross earnings,gross,RS213,Mačvanska oblast,2021,75320,RSD,RSD,A,Normal value,SORS
annual_avg_monthly_gross_earnings_municipality_residence.csv,2403040403IND02,Average gross earnings,gross,RS214,Moravička oblast,2021,78243,RSD,RSD,A,Normal value,SORS
annual_avg_monthly_gross_earnings_municipality_residence.csv,2403040403IND02,Average gross earnings,gross,RS215,Pomoravska oblast,2021,73074,RSD,RSD,A,Normal value,SORS
annual_avg_monthly_gross_earnings_municipality_residence.csv,2403040403IND02,Average gross earnings,gross,RS216,Rasinska oblast,2021,74423,RSD,RSD,A,Normal value,SORS
annual_avg_monthly_gross_earnings_municipality_residence.csv,2403040403IND02,Average gross earnings,gross,RS217,Raška oblast,2021,72871,RSD,RSD,A,Normal value,SORS
annual_avg_monthly_gross_earnings_municipality_residence.csv,2403040403IND02,Average gross earnings,gross,RS218,Šumadijska oblast,2021,83622,RSD,RSD,A,Normal value,SORS
annual_avg_monthly_gross_earnings_municipality_residence.csv,2403040403IND02,Average gross earnings,gross,RS22,Region Južne i Istočne Srbije,2021,79475,RSD,RSD,A,Normal value,SORS
annual_avg_monthly_gross_earnings_municipality_residence.csv,2403040403IND02,Average gross earnings,gross,RS221,Borska oblast,2021,94712,RSD,RSD,A,Normal value,SORS
annual_avg_monthly_gross_earnings_municipality_residence.csv,2403040403IND02,Average gross earnings,gross,RS222,Braničevska oblast,2021,82942,RSD,RSD,A,Normal value,SORS
annual_avg_monthly_gross_earnings_municipality_residence.csv,2403040403IND02,Average gross earnings,gross,RS223,Zaječarska oblast,2021,75002,RSD,RSD,A,Normal value,SORS
annual_avg_monthly_gross_earnings_municipality_residence.csv,2403040403IND02,Average gross earnings,gross,RS224,Jablanička oblast,2021,69403,RSD,RSD,A,Normal value,SORS
annual_avg_monthly_gross_earnings_municipality_residence.csv,2403040403IND02,Average gross earnings,gross,RS225,Nišavska oblast,2021,83298,RSD,RSD,A,Normal value,SORS
annual_avg_monthly_gross_earnings_municipality_residence.csv,2403040403IND02,Average gross earnings,gross,RS226,Pirotska oblast,2021,80628,RSD,RSD,A,Normal value,SORS
annual_avg_monthly_gross_earnings_municipality_residence.csv,2403040403IND02,Average gross earnings,gross,RS227,Podunavska oblast,2021,81507,RSD,RSD,A,Normal value,SORS
annual_avg_monthly_gross_earnings_municipality_residence.csv,2403040403IND02,Average gross earnings,gross,RS228,Pčinjska oblast,2021,71863,RSD,RSD,A,Normal value,SORS
annual_avg_monthly_gross_earnings_municipality_residence.csv,2403040403IND02,Average gross earnings,gross,RS229,Toplička oblast,2021,72936,RSD,RSD,A,Normal value,SORS
annual_avg_monthly_gross_earnings_municipality_residence.csv,2403040403IND02,Average gross earnings,gross,70017,Aleksandrovac,2022,75738,RSD,RSD,A,Normal value,SORS
annual_avg_monthly_gross_earnings_municipality_residence.csv,2403040403IND02,Average gross earnings,gross,70025,Aleksinac,2022,81575,RSD,RSD,A,Normal value,SORS
annual_avg_monthly_gross_earnings_municipality_residence.csv,2403040403IND02,Average gross earnings,gross,70033,Aranđelovac,2022,88953,RSD,RSD,A,Normal value,SORS
annual_avg_monthly_gross_earnings_municipality_residence.csv,2403040403IND02,Average gross earnings,gross,70041,Arilje,2022,76502,RSD,RSD,A,Normal value,SORS
annual_avg_monthly_gross_earnings_municipality_residence.csv,2403040403IND02,Average gross earnings,gross,70050,Babušnica,2022,80516,RSD,RSD,A,Normal value,SORS
annual_avg_monthly_gross_earnings_municipality_residence.csv,2403040403IND02,Average gross earnings,gross,70068,Bajina Bašta,2022,78692,RSD,RSD,A,Normal value,SORS
annual_avg_monthly_gross_earnings_municipality_residence.csv,2403040403IND02,Average gross earnings,gross,70076,Batočina,2022,78969,RSD,RSD,A,Normal value,SORS
annual_avg_monthly_gross_earnings_municipality_residence.csv,2403040403IND02,Average gross earnings,gross,70084,Bela Palanka,2022,76496,RSD,RSD,A,Normal value,SORS
annual_avg_monthly_gross_earnings_municipality_residence.csv,2403040403IND02,Average gross earnings,gross,70092,Barajevo,2022,87853,RSD,RSD,A,Normal value,SORS
annual_avg_monthly_gross_earnings_municipality_residence.csv,2403040403IND02,Average gross earnings,gross,70106,Voždovac,2022,137542,RSD,RSD,A,Normal value,SORS
annual_avg_monthly_gross_earnings_municipality_residence.csv,2403040403IND02,Average gross earnings,gross,70114,Vračar,2022,173893,RSD,RSD,A,Normal value,SORS
annual_avg_monthly_gross_earnings_municipality_residence.csv,2403040403IND02,Average gross earnings,gross,70122,Grocka,2022,90074,RSD,RSD,A,Normal value,SORS
annual_avg_monthly_gross_earnings_municipality_residence.csv,2403040403IND02,Average gross earnings,gross,70149,Zvezdara,2022,135055,RSD,RSD,A,Normal value,SORS
annual_avg_monthly_gross_earnings_municipality_residence.csv,2403040403IND02,Average gross earnings,gross,70157,Zemun,2022,120800,RSD,RSD,A,Normal value,SORS
annual_avg_monthly_gross_earnings_municipality_residence.csv,2403040403IND02,Average gross earnings,gross,70165,Lazarevac,2022,112512,RSD,RSD,A,Normal value,SORS
annual_avg_monthly_gross_earnings_municipality_residence.csv,2403040403IND02,Average gross earnings,gross,70173,Mladenovac,2022,86534,RSD,RSD,A,Normal value,SORS
annual_avg_monthly_gross_earnings_municipality_residence.csv,2403040403IND02,Average gross earnings,gross,70181,Novi Beograd,2022,169018,RSD,RSD,A,Normal value,SORS
annual_avg_monthly_gross_earnings_municipality_residence.csv,2403040403IND02,Average gross earnings,gross,70190,Obrenovac,2022,99620,RSD,RSD,A,Normal value,SORS
annual_avg_monthly_gross_earnings_municipality_residence.csv,2403040403IND02,Average gross earnings,gross,70203,Palilula (Beograd),2022,117248,RSD,RSD,A,Normal value,SORS
annual_avg_monthly_gross_earnings_municipality_residence.csv,2403040403IND02,Average gross earnings,gross,70211,Rakovica,2022,117387,RSD,RSD,A,Normal value,SORS
annual_avg_monthly_gross_earnings_municipality_residence.csv,2403040403IND02,Average gross earnings,gross,70220,Savski venac,2022,156797,RSD,RSD,A,Normal value,SORS
annual_avg_monthly_gross_earnings_municipality_residence.csv,2403040403IND02,Average gross earnings,gross,70238,Sopot,2022,85071,RSD,RSD,A,Normal value,SORS
annual_avg_monthly_gross_earnings_municipality_residence.csv,2403040403IND02,Average gross earnings,gross,70246,Stari grad,2022,171492,RSD,RSD,A,Normal value,SORS
annual_avg_monthly_gross_earnings_municipality_residence.csv,2403040403IND02,Average gross earnings,gross,70254,Čukarica,2022,125152,RSD,RSD,A,Normal value,SORS
annual_avg_monthly_gross_earnings_municipality_residence.csv,2403040403IND02,Average gross earnings,gross,70262,Blace,2022,71994,RSD,RSD,A,Normal value,SORS
annual_avg_monthly_gross_earnings_municipality_residence.csv,2403040403IND02,Average gross earnings,gross,70289,Bogatić,2022,77745,RSD,RSD,A,Normal value,SORS
annual_avg_monthly_gross_earnings_municipality_residence.csv,2403040403IND02,Average gross earnings,gross,70297,Bojnik,2022,68428,RSD,RSD,A,Normal value,SORS
annual_avg_monthly_gross_earnings_municipality_residence.csv,2403040403IND02,Average gross earnings,gross,70319,Boljevac,2022,87582,RSD,RSD,A,Normal value,SORS
annual_avg_monthly_gross_earnings_municipality_residence.csv,2403040403IND02,Average gross earnings,gross,70327,Bor,2022,120389,RSD,RSD,A,Normal value,SORS
annual_avg_monthly_gross_earnings_municipality_residence.csv,2403040403IND02,Average gross earnings,gross,70335,Bosilegrad,2022,73029,RSD,RSD,A,Normal value,SORS
annual_avg_monthly_gross_earnings_municipality_residence.csv,2403040403IND02,Average gross earnings,gross,70343,Brus,2022,77714,RSD,RSD,A,Normal value,SORS
annual_avg_monthly_gross_earnings_municipality_residence.csv,2403040403IND02,Average gross earnings,gross,70351,Bujanovac,2022,72158,RSD,RSD,A,Normal value,SORS
annual_avg_monthly_gross_earnings_municipality_residence.csv,2403040403IND02,Average gross earnings,gross,70360,Valjevo,2022,90075,RSD,RSD,A,Normal value,SORS
annual_avg_monthly_gross_earnings_municipality_residence.csv,2403040403IND02,Average gross earnings,gross,70378,Varvarin,2022,75959,RSD,RSD,A,Normal value,SORS
annual_avg_monthly_gross_earnings_municipality_residence.csv,2403040403IND02,Average gross earnings,gross,70386,Velika Plana,2022,82740,RSD,RSD,A,Normal value,SORS
annual_avg_monthly_gross_earnings_municipality_residence.csv,2403040403IND02,Average gross earnings,gross,70394,Veliko Gradište,2022,78299,RSD,RSD,A,Normal value,SORS
annual_avg_monthly_gross_earnings_municipality_residence.csv,2403040403IND02,Average gross earnings,gross,70408,Vladimirci,2022,77411,RSD,RSD,A,Normal value,SORS
annual_avg_monthly_gross_earnings_municipality_residence.csv,2403040403IND02,Average gross earnings,gross,70416,Vladičin Han,2022,81463,RSD,RSD,A,Normal value,SORS
annual_avg_monthly_gross_earnings_municipality_residence.csv,2403040403IND02,Average gross earnings,gross,70424,Vlasotince,2022,71622,RSD,RSD,A,Normal value,SORS
annual_avg_monthly_gross_earnings_municipality_residence.csv,2403040403IND02,Average gross earnings,gross,70432,Vranje,2022,81649,RSD,RSD,A,Normal value,SORS
annual_avg_monthly_gross_earnings_municipality_residence.csv,2403040403IND02,Average gross earnings,gross,70459,Vrnjačka Banja,2022,76782,RSD,RSD,A,Normal value,SORS
annual_avg_monthly_gross_earnings_municipality_residence.csv,2403040403IND02,Average gross earnings,gross,70467,Gadžin Han,2022,73355,RSD,RSD,A,Normal value,SORS
annual_avg_monthly_gross_earnings_municipality_residence.csv,2403040403IND02,Average gross earnings,gross,70475,Golubac,2022,75014,RSD,RSD,A,Normal value,SORS
annual_avg_monthly_gross_earnings_municipality_residence.csv,2403040403IND02,Average gross earnings,gross,70483,Gornji Milanovac,2022,91525,RSD,RSD,A,Normal value,SORS
annual_avg_monthly_gross_earnings_municipality_residence.csv,2403040403IND02,Average gross earnings,gross,70491,Despotovac,2022,79776,RSD,RSD,A,Normal value,SORS
annual_avg_monthly_gross_earnings_municipality_residence.csv,2403040403IND02,Average gross earnings,gross,70505,Dimitrovgrad,2022,78074,RSD,RSD,A,Normal value,SORS
annual_avg_monthly_gross_earnings_municipality_residence.csv,2403040403IND02,Average gross earnings,gross,70513,Doljevac,2022,75257,RSD,RSD,A,Normal value,SORS
annual_avg_monthly_gross_earnings_municipality_residence.csv,2403040403IND02,Average gross earnings,gross,70521,Žabari,2022,77782,RSD,RSD,A,Normal value,SORS
annual_avg_monthly_gross_earnings_municipality_residence.csv,2403040403IND02,Average gross earnings,gross,70530,Žagubica,2022,82438,RSD,RSD,A,Normal value,SORS
annual_avg_monthly_gross_earnings_municipality_residence.csv,2403040403IND02,Average gross earnings,gross,70548,Žitorađa,2022,76678,RSD,RSD,A,Normal value,SORS
annual_avg_monthly_gross_earnings_municipality_residence.csv,2403040403IND02,Average gross earnings,gross,70556,Zaječar,2022,88268,RSD,RSD,A,Normal value,SORS
annual_avg_monthly_gross_earnings_municipality_residence.csv,2403040403IND02,Average gross earnings,gross,70564,Ivanjica,2022,75312,RSD,RSD,A,Normal value,SORS
annual_avg_monthly_gross_earnings_municipality_residence.csv,2403040403IND02,Average gross earnings,gross,70572,Kladovo,2022,88150,RSD,RSD,A,Normal value,SORS
annual_avg_monthly_gross_earnings_municipality_residence.csv,2403040403IND02,Average gross earnings,gross,70599,Knić,2022,81271,RSD,RSD,A,Normal value,SORS
annual_avg_monthly_gross_earnings_municipality_residence.csv,2403040403IND02,Average gross earnings,gross,70602,Knjaževac,2022,75916,RSD,RSD,A,Normal value,SORS
annual_avg_monthly_gross_earnings_municipality_residence.csv,2403040403IND02,Average gross earnings,gross,70629,Kosjerić,2022,86723,RSD,RSD,A,Normal value,SORS
annual_avg_monthly_gross_earnings_municipality_residence.csv,2403040403IND02,Average gross earnings,gross,70637,Koceljeva,2022,76556,RSD,RSD,A,Normal value,SORS
annual_avg_monthly_gross_earnings_municipality_residence.csv,2403040403IND02,Average gross earnings,gross,70645,Kragujevac,2022,98246,RSD,RSD,A,Normal value,SORS
annual_avg_monthly_gross_earnings_municipality_residence.csv,2403040403IND02,Average gross earnings,gross,70653,Kraljevo,2022,85783,RSD,RSD,A,Normal value,SORS
annual_avg_monthly_gross_earnings_municipality_residence.csv,2403040403IND02,Average gross earnings,gross,70661,Krupanj,2022,75852,RSD,RSD,A,Normal value,SORS
annual_avg_monthly_gross_earnings_municipality_residence.csv,2403040403IND02,Average gross earnings,gross,70670,Kruševac,2022,89035,RSD,RSD,A,Normal value,SORS
annual_avg_monthly_gross_earnings_municipality_residence.csv,2403040403IND02,Average gross earnings,gross,70688,Kuršumlija,2022,78247,RSD,RSD,A,Normal value,SORS
annual_avg_monthly_gross_earnings_municipality_residence.csv,2403040403IND02,Average gross earnings,gross,70696,Kučevo,2022,82976,RSD,RSD,A,Normal value,SORS
annual_avg_monthly_gross_earnings_municipality_residence.csv,2403040403IND02,Average gross earnings,gross,70700,Lajkovac,2022,103714,RSD,RSD,A,Normal value,SORS
annual_avg_monthly_gross_earnings_municipality_residence.csv,2403040403IND02,Average gross earnings,gross,70718,Lebane,2022,72593,RSD,RSD,A,Normal value,SORS
annual_avg_monthly_gross_earnings_municipality_residence.csv,2403040403IND02,Average gross earnings,gross,70726,Leskovac,2022,79228,RSD,RSD,A,Normal value,SORS
annual_avg_monthly_gross_earnings_municipality_residence.csv,2403040403IND02,Average gross earnings,gross,70734,Loznica,2022,82639,RSD,RSD,A,Normal value,SORS
annual_avg_monthly_gross_earnings_municipality_residence.csv,2403040403IND02,Average gross earnings,gross,70742,Lučani,2022,99641,RSD,RSD,A,Normal value,SORS
annual_avg_monthly_gross_earnings_municipality_residence.csv,2403040403IND02,Average gross earnings,gross,70769,Ljig,2022,88058,RSD,RSD,A,Normal value,SORS
annual_avg_monthly_gross_earnings_municipality_residence.csv,2403040403IND02,Average gross earnings,gross,70777,Ljubovija,2022,84771,RSD,RSD,A,Normal value,SORS
annual_avg_monthly_gross_earnings_municipality_residence.csv,2403040403IND02,Average gross earnings,gross,70785,Majdanpek,2022,108018,RSD,RSD,A,Normal value,SORS
annual_avg_monthly_gross_earnings_municipality_residence.csv,2403040403IND02,Average gross earnings,gross,70793,Mali Zvornik,2022,80445,RSD,RSD,A,Normal value,SORS
annual_avg_monthly_gross_earnings_municipality_residence.csv,2403040403IND02,Average gross earnings,gross,70807,Malo Crniće,2022,77210,RSD,RSD,A,Normal value,SORS
annual_avg_monthly_gross_earnings_municipality_residence.csv,2403040403IND02,Average gross earnings,gross,70815,Medveđa,2022,86164,RSD,RSD,A,Normal value,SORS
annual_avg_monthly_gross_earnings_municipality_residence.csv,2403040403IND02,Average gross earnings,gross,70823,Merošina,2022,73743,RSD,RSD,A,Normal value,SORS
annual_avg_monthly_gross_earnings_municipality_residence.csv,2403040403IND02,Average gross earnings,gross,70831,Mionica,2022,78721,RSD,RSD,A,Normal value,SORS
annual_avg_monthly_gross_earnings_municipality_residence.csv,2403040403IND02,Average gross earnings,gross,70840,Negotin,2022,88064,RSD,RSD,A,Normal value,SORS
annual_avg_monthly_gross_earnings_municipality_residence.csv,2403040403IND02,Average gross earnings,gross,70866,Nova Varoš,2022,79915,RSD,RSD,A,Normal value,SORS
annual_avg_monthly_gross_earnings_municipality_residence.csv,2403040403IND02,Average gross earnings,gross,70874,Novi Pazar,2022,76401,RSD,RSD,A,Normal value,SORS
annual_avg_monthly_gross_earnings_municipality_residence.csv,2403040403IND02,Average gross earnings,gross,70882,Osečina,2022,78384,RSD,RSD,A,Normal value,SORS
annual_avg_monthly_gross_earnings_municipality_residence.csv,2403040403IND02,Average gross earnings,gross,70904,Paraćin,2022,81471,RSD,RSD,A,Normal value,SORS
annual_avg_monthly_gross_earnings_municipality_residence.csv,2403040403IND02,Average gross earnings,gross,70912,Petrovac na Mlavi,2022,76497,RSD,RSD,A,Normal value,SORS
annual_avg_monthly_gross_earnings_municipality_residence.csv,2403040403IND02,Average gross earnings,gross,70939,Pirot,2022,95664,RSD,RSD,A,Normal value,SORS
annual_avg_monthly_gross_earnings_municipality_residence.csv,2403040403IND02,Average gross earnings,gross,70947,Požarevac,2022,97390,RSD,RSD,A,Normal value,SORS
annual_avg_monthly_gross_earnings_municipality_residence.csv,2403040403IND02,Average gross earnings,gross,70955,Požega,2022,88003,RSD,RSD,A,Normal value,SORS
annual_avg_monthly_gross_earnings_municipality_residence.csv,2403040403IND02,Average gross earnings,gross,70963,Preševo,2022,70123,RSD,RSD,A,Normal value,SORS
annual_avg_monthly_gross_earnings_municipality_residence.csv,2403040403IND02,Average gross earnings,gross,70971,Priboj,2022,81695,RSD,RSD,A,Normal value,SORS
annual_avg_monthly_gross_earnings_municipality_residence.csv,2403040403IND02,Average gross earnings,gross,70980,Prijepolje,2022,76596,RSD,RSD,A,Normal value,SORS
annual_avg_monthly_gross_earnings_municipality_residence.csv,2403040403IND02,Average gross earnings,gross,70998,Prokuplje,2022,84564,RSD,RSD,A,Normal value,SORS
annual_avg_monthly_gross_earnings_municipality_residence.csv,2403040403IND02,Average gross earnings,gross,71005,Ražanj,2022,72596,RSD,RSD,A,Normal value,SORS
annual_avg_monthly_gross_earnings_municipality_residence.csv,2403040403IND02,Average gross earnings,gross,71013,Rača,2022,80762,RSD,RSD,A,Normal value,SORS
annual_avg_monthly_gross_earnings_municipality_residence.csv,2403040403IND02,Average gross earnings,gross,71021,Raška,2022,79009,RSD,RSD,A,Normal value,SORS
annual_avg_monthly_gross_earnings_municipality_residence.csv,2403040403IND02,Average gross earnings,gross,71030,Rekovac,2022,76462,RSD,RSD,A,Normal value,SORS
annual_avg_monthly_gross_earnings_municipality_residence.csv,2403040403IND02,Average gross earnings,gross,71048,Jagodina,2022,83227,RSD,RSD,A,Normal value,SORS
annual_avg_monthly_gross_earnings_municipality_residence.csv,2403040403IND02,Average gross earnings,gross,71056,Svilajnac,2022,78415,RSD,RSD,A,Normal value,SORS
annual_avg_monthly_gross_earnings_municipality_residence.csv,2403040403IND02,Average gross earnings,gross,71064,Svrljig,2022,71866,RSD,RSD,A,Normal value,SORS
annual_avg_monthly_gross_earnings_municipality_residence.csv,2403040403IND02,Average gross earnings,gross,71072,Sjenica,2022,77278,RSD,RSD,A,Normal value,SORS
annual_avg_monthly_gross_earnings_municipality_residence.csv,2403040403IND02,Average gross earnings,gross,71099,Smederevo,2022,95355,RSD,RSD,A,Normal value,SORS
annual_avg_monthly_gross_earnings_municipality_residence.csv,2403040403IND02,Average gross earnings,gross,71102,Smederevska Palanka,2022,83181,RSD,RSD,A,Normal value,SORS
annual_avg_monthly_gross_earnings_municipality_residence.csv,2403040403IND02,Average gross earnings,gross,71129,Sokobanja,2022,80535,RSD,RSD,A,Normal value,SORS
annual_avg_monthly_gross_earnings_municipality_residence.csv,2403040403IND02,Average gross earnings,gross,71137,Surdulica,2022,81486,RSD,RSD,A,Normal value,SORS
annual_avg_monthly_gross_earnings_municipality_residence.csv,2403040403IND02,Average gross earnings,gross,71145,Užice,2022,97942,RSD,RSD,A,Normal value,SORS
annual_avg_monthly_gross_earnings_municipality_residence.csv,2403040403IND02,Average gross earnings,gross,71153,Topola,2022,80124,RSD,RSD,A,Normal value,SORS
annual_avg_monthly_gross_earnings_municipality_residence.csv,2403040403IND02,Average gross earnings,gross,71161,Trgovište,2022,77888,RSD,RSD,A,Normal value,SORS
annual_avg_monthly_gross_earnings_municipality_residence.csv,2403040403IND02,Average gross earnings,gross,71170,Trstenik,2022,77357,RSD,RSD,A,Normal value,SORS
annual_avg_monthly_gross_earnings_municipality_residence.csv,2403040403IND02,Average gross earnings,gross,71188,Tutin,2022,76192,RSD,RSD,A,Normal value,SORS
annual_avg_monthly_gross_earnings_municipality_residence.csv,2403040403IND02,Average gross earnings,gross,71196,Ćićevac,2022,77480,RSD,RSD,A,Normal value,SORS
annual_avg_monthly_gross_earnings_municipality_residence.csv,2403040403IND02,Average gross earnings,gross,71200,Ćuprija,2022,82854,RSD,RSD,A,Normal value,SORS
annual_avg_monthly_gross_earnings_municipality_residence.csv,2403040403IND02,Average gross earnings,gross,71218,Ub,2022,87311,RSD,RSD,A,Normal value,SORS
annual_avg_monthly_gross_earnings_municipality_residence.csv,2403040403IND02,Average gross earnings,gross,71226,Crna Trava,2022,72316,RSD,RSD,A,Normal value,SORS
annual_avg_monthly_gross_earnings_municipality_residence.csv,2403040403IND02,Average gross earnings,gross,71234,Čajetina,2022,80416,RSD,RSD,A,Normal value,SORS
annual_avg_monthly_gross_earnings_municipality_residence.csv,2403040403IND02,Average gross earnings,gross,71242,Čačak,2022,88271,RSD,RSD,A,Normal value,SORS
annual_avg_monthly_gross_earnings_municipality_residence.csv,2403040403IND02,Average gross earnings,gross,71269,Šabac,2022,90786,RSD,RSD,A,Normal value,SORS
annual_avg_monthly_gross_earnings_municipality_residence.csv,2403040403IND02,Average gross earnings,gross,71277,Lapovo,2022,81721,RSD,RSD,A,Normal value,SORS
annual_avg_monthly_gross_earnings_municipality_residence.csv,2403040403IND02,Average gross earnings,gross,71285,Niška Banja,2022,79757,RSD,RSD,A,Normal value,SORS
annual_avg_monthly_gross_earnings_municipality_residence.csv,2403040403IND02,Average gross earnings,gross,71293,Surčin,2022,92094,RSD,RSD,A,Normal value,SORS
annual_avg_monthly_gross_earnings_municipality_residence.csv,2403040403IND02,Average gross earnings,gross,71307,Pantelej,2022,93940,RSD,RSD,A,Normal value,SORS
annual_avg_monthly_gross_earnings_municipality_residence.csv,2403040403IND02,Average gross earnings,gross,71315,Crveni Krst,2022,86030,RSD,RSD,A,Normal value,SORS
annual_avg_monthly_gross_earnings_municipality_residence.csv,2403040403IND02,Average gross earnings,gross,71323,Palilula (Niš),2022,91070,RSD,RSD,A,Normal value,SORS
annual_avg_monthly_gross_earnings_municipality_residence.csv,2403040403IND02,Average gross earnings,gross,71331,Medijana,2022,112908,RSD,RSD,A,Normal value,SORS
annual_avg_monthly_gross_earnings_municipality_residence.csv,2403040403IND02,Average gross earnings,gross,71340,Kostolac,2022,108132,RSD,RSD,A,Normal value,SORS
annual_avg_monthly_gross_earnings_municipality_residence.csv,2403040403IND02,Average gross earnings,gross,71358,Vranjska Banja,2022,74272,RSD,RSD,A,Normal value,SORS
annual_avg_monthly_gross_earnings_municipality_residence.csv,2403040403IND02,Average gross earnings,gross,71366,Sevojno,2022,90053,RSD,RSD,A,Normal value,SORS
annual_avg_monthly_gross_earnings_municipality_residence.csv,2403040403IND02,Average gross earnings,gross,79022,Grad Niš,2022,99274,RSD,RSD,A,Normal value,SORS
annual_avg_monthly_gross_earnings_municipality_residence.csv,2403040403IND02,Average gross earnings,gross,79049,Grad Požarevac,2022,98898,RSD,RSD,A,Normal value,SORS
annual_avg_monthly_gross_earnings_municipality_residence.csv,2403040403IND02,Average gross earnings,gross,79057,Grad Vranje,2022,81475,RSD,RSD,A,Normal value,SORS
annual_avg_monthly_gross_earnings_municipality_residence.csv,2403040403IND02,Average gross earnings,gross,79065,Grad Užice,2022,97704,RSD,RSD,A,Normal value,SORS
annual_avg_monthly_gross_earnings_municipality_residence.csv,2403040403IND02,Average gross earnings,gross,80012,Ada,2022,83749,RSD,RSD,A,Normal value,SORS
annual_avg_monthly_gross_earnings_municipality_residence.csv,2403040403IND02,Average gross earnings,gross,80039,Alibunar,2022,82341,RSD,RSD,A,Normal value,SORS
annual_avg_monthly_gross_earnings_municipality_residence.csv,2403040403IND02,Average gross earnings,gross,80047,Apatin,2022,84299,RSD,RSD,A,Normal value,SORS
annual_avg_monthly_gross_earnings_municipality_residence.csv,2403040403IND02,Average gross earnings,gross,80055,Bač,2022,77960,RSD,RSD,A,Normal value,SORS
annual_avg_monthly_gross_earnings_municipality_residence.csv,2403040403IND02,Average gross earnings,gross,80063,Bačka Palanka,2022,88310,RSD,RSD,A,Normal value,SORS
annual_avg_monthly_gross_earnings_municipality_residence.csv,2403040403IND02,Average gross earnings,gross,80071,Bačka Topola,2022,83587,RSD,RSD,A,Normal value,SORS
annual_avg_monthly_gross_earnings_municipality_residence.csv,2403040403IND02,Average gross earnings,gross,80080,Bački Petrovac,2022,83686,RSD,RSD,A,Normal value,SORS
annual_avg_monthly_gross_earnings_municipality_residence.csv,2403040403IND02,Average gross earnings,gross,80098,Bela Crkva,2022,82396,RSD,RSD,A,Normal value,SORS
annual_avg_monthly_gross_earnings_municipality_residence.csv,2403040403IND02,Average gross earnings,gross,80101,Beočin,2022,87586,RSD,RSD,A,Normal value,SORS
annual_avg_monthly_gross_earnings_municipality_residence.csv,2403040403IND02,Average gross earnings,gross,80110,Bečej,2022,86589,RSD,RSD,A,Normal value,SORS
annual_avg_monthly_gross_earnings_municipality_residence.csv,2403040403IND02,Average gross earnings,gross,80128,Vršac,2022,100962,RSD,RSD,A,Normal value,SORS
annual_avg_monthly_gross_earnings_municipality_residence.csv,2403040403IND02,Average gross earnings,gross,80136,Žabalj,2022,81883,RSD,RSD,A,Normal value,SORS
annual_avg_monthly_gross_earnings_municipality_residence.csv,2403040403IND02,Average gross earnings,gross,80144,Žitište,2022,84392,RSD,RSD,A,Normal value,SORS
annual_avg_monthly_gross_earnings_municipality_residence.csv,2403040403IND02,Average gross earnings,gross,80152,Zrenjanin,2022,95240,RSD,RSD,A,Normal value,SORS
annual_avg_monthly_gross_earnings_municipality_residence.csv,2403040403IND02,Average gross earnings,gross,80179,Inđija,2022,98109,RSD,RSD,A,Normal value,SORS
annual_avg_monthly_gross_earnings_municipality_residence.csv,2403040403IND02,Average gross earnings,gross,80187,Irig,2022,83904,RSD,RSD,A,Normal value,SORS
annual_avg_monthly_gross_earnings_municipality_residence.csv,2403040403IND02,Average gross earnings,gross,80195,Kanjiža,2022,83793,RSD,RSD,A,Normal value,SORS
annual_avg_monthly_gross_earnings_municipality_residence.csv,2403040403IND02,Average gross earnings,gross,80209,Kikinda,2022,90396,RSD,RSD,A,Normal value,SORS
annual_avg_monthly_gross_earnings_municipality_residence.csv,2403040403IND02,Average gross earnings,gross,80217,Kovačica,2022,80511,RSD,RSD,A,Normal value,SORS
annual_avg_monthly_gross_earnings_municipality_residence.csv,2403040403IND02,Average gross earnings,gross,80225,Kovin,2022,87435,RSD,RSD,A,Normal value,SORS
annual_avg_monthly_gross_earnings_municipality_residence.csv,2403040403IND02,Average gross earnings,gross,80233,Kula,2022,83691,RSD,RSD,A,Normal value,SORS
annual_avg_monthly_gross_earnings_municipality_residence.csv,2403040403IND02,Average gross earnings,gross,80241,Mali Iđoš,2022,77171,RSD,RSD,A,Normal value,SORS
annual_avg_monthly_gross_earnings_municipality_residence.csv,2403040403IND02,Average gross earnings,gross,80250,Nova Crnja,2022,84104,RSD,RSD,A,Normal value,SORS
annual_avg_monthly_gross_earnings_municipality_residence.csv,2403040403IND02,Average gross earnings,gross,80268,Novi Bečej,2022,81029,RSD,RSD,A,Normal value,SORS
annual_avg_monthly_gross_earnings_municipality_residence.csv,2403040403IND02,Average gross earnings,gross,80276,Novi Kneževac,2022,86074,RSD,RSD,A,Normal value,SORS
annual_avg_monthly_gross_earnings_municipality_residence.csv,2403040403IND02,Average gross earnings,gross,80292,Opovo,2022,84735,RSD,RSD,A,Normal value,SORS
annual_avg_monthly_gross_earnings_municipality_residence.csv,2403040403IND02,Average gross earnings,gross,80306,Odžaci,2022,82232,RSD,RSD,A,Normal value,SORS
annual_avg_monthly_gross_earnings_municipality_residence.csv,2403040403IND02,Average gross earnings,gross,80314,Pančevo,2022,101783,RSD,RSD,A,Normal value,SORS
annual_avg_monthly_gross_earnings_municipality_residence.csv,2403040403IND02,Average gross earnings,gross,80322,Pećinci,2022,92109,RSD,RSD,A,Normal value,SORS
annual_avg_monthly_gross_earnings_municipality_residence.csv,2403040403IND02,Average gross earnings,gross,80349,Plandište,2022,83458,RSD,RSD,A,Normal value,SORS
annual_avg_monthly_gross_earnings_municipality_residence.csv,2403040403IND02,Average gross earnings,gross,80357,Ruma,2022,90978,RSD,RSD,A,Normal value,SORS
annual_avg_monthly_gross_earnings_municipality_residence.csv,2403040403IND02,Average gross earnings,gross,80365,Senta,2022,89821,RSD,RSD,A,Normal value,SORS
annual_avg_monthly_gross_earnings_municipality_residence.csv,2403040403IND02,Average gross earnings,gross,80373,Sečanj,2022,82283,RSD,RSD,A,Normal value,SORS
annual_avg_monthly_gross_earnings_municipality_residence.csv,2403040403IND02,Average gross earnings,gross,80381,Sombor,2022,88903,RSD,RSD,A,Normal value,SORS
annual_avg_monthly_gross_earnings_municipality_residence.csv,2403040403IND02,Average gross earnings,gross,80390,Srbobran,2022,78631,RSD,RSD,A,Normal value,SORS
annual_avg_monthly_gross_earnings_municipality_residence.csv,2403040403IND02,Average gross earnings,gross,80403,Sremska Mitrovica,2022,93057,RSD,RSD,A,Normal value,SORS
annual_avg_monthly_gross_earnings_municipality_residence.csv,2403040403IND02,Average gross earnings,gross,80411,Sremski Karlovci,2022,97765,RSD,RSD,A,Normal value,SORS
annual_avg_monthly_gross_earnings_municipality_residence.csv,2403040403IND02,Average gross earnings,gross,80420,Stara Pazova,2022,93414,RSD,RSD,A,Normal value,SORS
annual_avg_monthly_gross_earnings_municipality_residence.csv,2403040403IND02,Average gross earnings,gross,80438,Subotica,2022,93463,RSD,RSD,A,Normal value,SORS
annual_avg_monthly_gross_earnings_municipality_residence.csv,2403040403IND02,Average gross earnings,gross,80446,Temerin,2022,88005,RSD,RSD,A,Normal value,SORS
annual_avg_monthly_gross_earnings_municipality_residence.csv,2403040403IND02,Average gross earnings,gross,80454,Titel,2022,80556,RSD,RSD,A,Normal value,SORS
annual_avg_monthly_gross_earnings_municipality_residence.csv,2403040403IND02,Average gross earnings,gross,80462,Vrbas,2022,86385,RSD,RSD,A,Normal value,SORS
annual_avg_monthly_gross_earnings_municipality_residence.csv,2403040403IND02,Average gross earnings,gross,80489,Čoka,2022,80176,RSD,RSD,A,Normal value,SORS
annual_avg_monthly_gross_earnings_municipality_residence.csv,2403040403IND02,Average gross earnings,gross,80497,Šid,2022,84800,RSD,RSD,A,Normal value,SORS
annual_avg_monthly_gross_earnings_municipality_residence.csv,2403040403IND02,Average gross earnings,gross,89010,Grad Novi Sad,2022,122396,RSD,RSD,A,Normal value,SORS
annual_avg_monthly_gross_earnings_municipality_residence.csv,2403040403IND02,Average gross earnings,gross,RS,REPUBLIC OF SERBIA,2022,103316,RSD,RSD,A,Normal value,SORS
annual_avg_monthly_gross_earnings_municipality_residence.csv,2403040403IND02,Average gross earnings,gross,RS1,SRBIJA – SEVER,2022,115340,RSD,RSD,A,Normal value,SORS
annual_avg_monthly_gross_earnings_municipality_residence.csv,2403040403IND02,Average gross earnings,gross,RS11,Beogradski region,2022,130252,RSD,RSD,A,Normal value,SORS
annual_avg_monthly_gross_earnings_municipality_residence.csv,2403040403IND02,Average gross earnings,gross,RS110,Beogradska oblast,2022,130252,RSD,RSD,A,Normal value,SORS
annual_avg_monthly_gross_earnings_municipality_residence.csv,2403040403IND02,Average gross earnings,gross,RS12,Region Vojvodine,2022,98356,RSD,RSD,A,Normal value,SORS
annual_avg_monthly_gross_earnings_municipality_residence.csv,2403040403IND02,Average gross earnings,gross,RS121,Zapadnobačka oblast,2022,85976,RSD,RSD,A,Normal value,SORS
annual_avg_monthly_gross_earnings_municipality_residence.csv,2403040403IND02,Average gross earnings,gross,RS122,Južnobanatska oblast,2022,96014,RSD,RSD,A,Normal value,SORS
annual_avg_monthly_gross_earnings_municipality_residence.csv,2403040403IND02,Average gross earnings,gross,RS123,Južnobačka oblast,2022,109580,RSD,RSD,A,Normal value,SORS
annual_avg_monthly_gross_earnings_municipality_residence.csv,2403040403IND02,Average gross earnings,gross,RS124,Severnobanatska oblast,2022,87696,RSD,RSD,A,Normal value,SORS
annual_avg_monthly_gross_earnings_municipality_residence.csv,2403040403IND02,Average gross earnings,gross,RS125,Severnobačka oblast,2022,91225,RSD,RSD,A,Normal value,SORS
annual_avg_monthly_gross_earnings_municipality_residence.csv,2403040403IND02,Average gross earnings,gross,RS126,Srednjobanatska oblast,2022,91850,RSD,RSD,A,Normal value,SORS
annual_avg_monthly_gross_earnings_municipality_residence.csv,2403040403IND02,Average gross earnings,gross,RS127,Sremska oblast,2022,92567,RSD,RSD,A,Normal value,SORS
annual_avg_monthly_gross_earnings_municipality_residence.csv,2403040403IND02,Average gross earnings,gross,RS2,SRBIJA – JUG,2022,87668,RSD,RSD,A,Normal value,SORS
annual_avg_monthly_gross_earnings_municipality_residence.csv,2403040403IND02,Average gross earnings,gross,RS21,Region Šumadije i Zapadne Srbije,2022,86674,RSD,RSD,A,Normal value,SORS
annual_avg_monthly_gross_earnings_municipality_residence.csv,2403040403IND02,Average gross earnings,gross,RS211,Zlatiborska oblast,2022,86712,RSD,RSD,A,Normal value,SORS
annual_avg_monthly_gross_earnings_municipality_residence.csv,2403040403IND02,Average gross earnings,gross,RS212,Kolubarska oblast,2022,89678,RSD,RSD,A,Normal value,SORS
annual_avg_monthly_gross_earnings_municipality_residence.csv,2403040403IND02,Average gross earnings,gross,RS213,Mačvanska oblast,2022,85281,RSD,RSD,A,Normal value,SORS
annual_avg_monthly_gross_earnings_municipality_residence.csv,2403040403IND02,Average gross earnings,gross,RS214,Moravička oblast,2022,88241,RSD,RSD,A,Normal value,SORS
annual_avg_monthly_gross_earnings_municipality_residence.csv,2403040403IND02,Average gross earnings,gross,RS215,Pomoravska oblast,2022,81752,RSD,RSD,A,Normal value,SORS
annual_avg_monthly_gross_earnings_municipality_residence.csv,2403040403IND02,Average gross earnings,gross,RS216,Rasinska oblast,2022,84354,RSD,RSD,A,Normal value,SORS
annual_avg_monthly_gross_earnings_municipality_residence.csv,2403040403IND02,Average gross earnings,gross,RS217,Raška oblast,2022,81542,RSD,RSD,A,Normal value,SORS
annual_avg_monthly_gross_earnings_municipality_residence.csv,2403040403IND02,Average gross earnings,gross,RS218,Šumadijska oblast,2022,93806,RSD,RSD,A,Normal value,SORS
annual_avg_monthly_gross_earnings_municipality_residence.csv,2403040403IND02,Average gross earnings,gross,RS22,Region Južne i Istočne Srbije,2022,88931,RSD,RSD,A,Normal value,SORS
annual_avg_monthly_gross_earnings_municipality_residence.csv,2403040403IND02,Average gross earnings,gross,RS221,Borska oblast,2022,106708,RSD,RSD,A,Normal value,SORS
annual_avg_monthly_gross_earnings_municipality_residence.csv,2403040403IND02,Average gross earnings,gross,RS222,Braničevska oblast,2022,90655,RSD,RSD,A,Normal value,SORS
annual_avg_monthly_gross_earnings_municipality_residence.csv,2403040403IND02,Average gross earnings,gross,RS223,Zaječarska oblast,2022,84180,RSD,RSD,A,Normal value,SORS
annual_avg_monthly_gross_earnings_municipality_residence.csv,2403040403IND02,Average gross earnings,gross,RS224,Jablanička oblast,2022,77394,RSD,RSD,A,Normal value,SORS
annual_avg_monthly_gross_earnings_municipality_residence.csv,2403040403IND02,Average gross earnings,gross,RS225,Nišavska oblast,2022,94444,RSD,RSD,A,Normal value,SORS
annual_avg_monthly_gross_earnings_municipality_residence.csv,2403040403IND02,Average gross earnings,gross,RS226,Pirotska oblast,2022,90737,RSD,RSD,A,Normal value,SORS
annual_avg_monthly_gross_earnings_municipality_residence.csv,2403040403IND02,Average gross earnings,gross,RS227,Podunavska oblast,2022,90468,RSD,RSD,A,Normal value,SORS
annual_avg_monthly_gross_earnings_municipality_residence.csv,2403040403IND02,Average gross earnings,gross,RS228,Pčinjska oblast,2022,79078,RSD,RSD,A,Normal value,SORS
annual_avg_monthly_gross_earnings_municipality_residence.csv,2403040403IND02,Average gross earnings,gross,RS229,Toplička oblast,2022,80779,RSD,RSD,A,Normal value,SORS
annual_avg_monthly_gross_earnings_municipality_residence.csv,2403040403IND02,Average gross earnings,gross,70017,Aleksandrovac,2023,85019,RSD,RSD,A,Normal value,SORS
annual_avg_monthly_gross_earnings_municipality_residence.csv,2403040403IND02,Average gross earnings,gross,70025,Aleksinac,2023,93689,RSD,RSD,A,Normal value,SORS
annual_avg_monthly_gross_earnings_municipality_residence.csv,2403040403IND02,Average gross earnings,gross,70033,Aranđelovac,2023,101234,RSD,RSD,A,Normal value,SORS
annual_avg_monthly_gross_earnings_municipality_residence.csv,2403040403IND02,Average gross earnings,gross,70041,Arilje,2023,86925,RSD,RSD,A,Normal value,SORS
annual_avg_monthly_gross_earnings_municipality_residence.csv,2403040403IND02,Average gross earnings,gross,70050,Babušnica,2023,89872,RSD,RSD,A,Normal value,SORS
annual_avg_monthly_gross_earnings_municipality_residence.csv,2403040403IND02,Average gross earnings,gross,70068,Bajina Bašta,2023,89469,RSD,RSD,A,Normal value,SORS
annual_avg_monthly_gross_earnings_municipality_residence.csv,2403040403IND02,Average gross earnings,gross,70076,Batočina,2023,89830,RSD,RSD,A,Normal value,SORS
annual_avg_monthly_gross_earnings_municipality_residence.csv,2403040403IND02,Average gross earnings,gross,70084,Bela Palanka,2023,86643,RSD,RSD,A,Normal value,SORS
annual_avg_monthly_gross_earnings_municipality_residence.csv,2403040403IND02,Average gross earnings,gross,70092,Barajevo,2023,100652,RSD,RSD,A,Normal value,SORS
annual_avg_monthly_gross_earnings_municipality_residence.csv,2403040403IND02,Average gross earnings,gross,70106,Voždovac,2023,156773,RSD,RSD,A,Normal value,SORS
annual_avg_monthly_gross_earnings_municipality_residence.csv,2403040403IND02,Average gross earnings,gross,70114,Vračar,2023,203649,RSD,RSD,A,Normal value,SORS
annual_avg_monthly_gross_earnings_municipality_residence.csv,2403040403IND02,Average gross earnings,gross,70122,Grocka,2023,103377,RSD,RSD,A,Normal value,SORS
annual_avg_monthly_gross_earnings_municipality_residence.csv,2403040403IND02,Average gross earnings,gross,70149,Zvezdara,2023,154842,RSD,RSD,A,Normal value,SORS
annual_avg_monthly_gross_earnings_municipality_residence.csv,2403040403IND02,Average gross earnings,gross,70157,Zemun,2023,139576,RSD,RSD,A,Normal value,SORS
annual_avg_monthly_gross_earnings_municipality_residence.csv,2403040403IND02,Average gross earnings,gross,70165,Lazarevac,2023,125542,RSD,RSD,A,Normal value,SORS
annual_avg_monthly_gross_earnings_municipality_residence.csv,2403040403IND02,Average gross earnings,gross,70173,Mladenovac,2023,98505,RSD,RSD,A,Normal value,SORS
annual_avg_monthly_gross_earnings_municipality_residence.csv,2403040403IND02,Average gross earnings,gross,70181,Novi Beograd,2023,194183,RSD,RSD,A,Normal value,SORS
annual_avg_monthly_gross_earnings_municipality_residence.csv,2403040403IND02,Average gross earnings,gross,70190,Obrenovac,2023,112697,RSD,RSD,A,Normal value,SORS
annual_avg_monthly_gross_earnings_municipality_residence.csv,2403040403IND02,Average gross earnings,gross,70203,Palilula (Beograd),2023,134595,RSD,RSD,A,Normal value,SORS
annual_avg_monthly_gross_earnings_municipality_residence.csv,2403040403IND02,Average gross earnings,gross,70211,Rakovica,2023,133798,RSD,RSD,A,Normal value,SORS
annual_avg_monthly_gross_earnings_municipality_residence.csv,2403040403IND02,Average gross earnings,gross,70220,Savski venac,2023,190431,RSD,RSD,A,Normal value,SORS
annual_avg_monthly_gross_earnings_municipality_residence.csv,2403040403IND02,Average gross earnings,gross,70238,Sopot,2023,98032,RSD,RSD,A,Normal value,SORS
annual_avg_monthly_gross_earnings_municipality_residence.csv,2403040403IND02,Average gross earnings,gross,70246,Stari grad,2023,209046,RSD,RSD,A,Normal value,SORS
annual_avg_monthly_gross_earnings_municipality_residence.csv,2403040403IND02,Average gross earnings,gross,70254,Čukarica,2023,142721,RSD,RSD,A,Normal value,SORS
annual_avg_monthly_gross_earnings_municipality_residence.csv,2403040403IND02,Average gross earnings,gross,70262,Blace,2023,81737,RSD,RSD,A,Normal value,SORS
annual_avg_monthly_gross_earnings_municipality_residence.csv,2403040403IND02,Average gross earnings,gross,70289,Bogatić,2023,89025,RSD,RSD,A,Normal value,SORS
annual_avg_monthly_gross_earnings_municipality_residence.csv,2403040403IND02,Average gross earnings,gross,70297,Bojnik,2023,79026,RSD,RSD,A,Normal value,SORS
annual_avg_monthly_gross_earnings_municipality_residence.csv,2403040403IND02,Average gross earnings,gross,70319,Boljevac,2023,102898,RSD,RSD,A,Normal value,SORS
annual_avg_monthly_gross_earnings_municipality_residence.csv,2403040403IND02,Average gross earnings,gross,70327,Bor,2023,137886,RSD,RSD,A,Normal value,SORS
annual_avg_monthly_gross_earnings_municipality_residence.csv,2403040403IND02,Average gross earnings,gross,70335,Bosilegrad,2023,86077,RSD,RSD,A,Normal value,SORS
annual_avg_monthly_gross_earnings_municipality_residence.csv,2403040403IND02,Average gross earnings,gross,70343,Brus,2023,89156,RSD,RSD,A,Normal value,SORS
annual_avg_monthly_gross_earnings_municipality_residence.csv,2403040403IND02,Average gross earnings,gross,70351,Bujanovac,2023,83669,RSD,RSD,A,Normal value,SORS
annual_avg_monthly_gross_earnings_municipality_residence.csv,2403040403IND02,Average gross earnings,gross,70360,Valjevo,2023,103085,RSD,RSD,A,Normal value,SORS
annual_avg_monthly_gross_earnings_municipality_residence.csv,2403040403IND02,Average gross earnings,gross,70378,Varvarin,2023,87807,RSD,RSD,A,Normal value,SORS
annual_avg_monthly_gross_earnings_municipality_residence.csv,2403040403IND02,Average gross earnings,gross,70386,Velika Plana,2023,95082,RSD,RSD,A,Normal value,SORS
annual_avg_monthly_gross_earnings_municipality_residence.csv,2403040403IND02,Average gross earnings,gross,70394,Veliko Gradište,2023,89576,RSD,RSD,A,Normal value,SORS
annual_avg_monthly_gross_earnings_municipality_residence.csv,2403040403IND02,Average gross earnings,gross,70408,Vladimirci,2023,88426,RSD,RSD,A,Normal value,SORS
annual_avg_monthly_gross_earnings_municipality_residence.csv,2403040403IND02,Average gross earnings,gross,70416,Vladičin Han,2023,91627,RSD,RSD,A,Normal value,SORS
annual_avg_monthly_gross_earnings_municipality_residence.csv,2403040403IND02,Average gross earnings,gross,70424,Vlasotince,2023,81067,RSD,RSD,A,Normal value,SORS
annual_avg_monthly_gross_earnings_municipality_residence.csv,2403040403IND02,Average gross earnings,gross,70432,Vranje,2023,92319,RSD,RSD,A,Normal value,SORS
annual_avg_monthly_gross_earnings_municipality_residence.csv,2403040403IND02,Average gross earnings,gross,70459,Vrnjačka Banja,2023,87572,RSD,RSD,A,Normal value,SORS
annual_avg_monthly_gross_earnings_municipality_residence.csv,2403040403IND02,Average gross earnings,gross,70467,Gadžin Han,2023,82720,RSD,RSD,A,Normal value,SORS
annual_avg_monthly_gross_earnings_municipality_residence.csv,2403040403IND02,Average gross earnings,gross,70475,Golubac,2023,86642,RSD,RSD,A,Normal value,SORS
annual_avg_monthly_gross_earnings_municipality_residence.csv,2403040403IND02,Average gross earnings,gross,70483,Gornji Milanovac,2023,104152,RSD,RSD,A,Normal value,SORS
annual_avg_monthly_gross_earnings_municipality_residence.csv,2403040403IND02,Average gross earnings,gross,70491,Despotovac,2023,91562,RSD,RSD,A,Normal value,SORS
annual_avg_monthly_gross_earnings_municipality_residence.csv,2403040403IND02,Average gross earnings,gross,70505,Dimitrovgrad,2023,87380,RSD,RSD,A,Normal value,SORS
annual_avg_monthly_gross_earnings_municipality_residence.csv,2403040403IND02,Average gross earnings,gross,70513,Doljevac,2023,87494,RSD,RSD,A,Normal value,SORS
annual_avg_monthly_gross_earnings_municipality_residence.csv,2403040403IND02,Average gross earnings,gross,70521,Žabari,2023,88302,RSD,RSD,A,Normal value,SORS
annual_avg_monthly_gross_earnings_municipality_residence.csv,2403040403IND02,Average gross earnings,gross,70530,Žagubica,2023,94189,RSD,RSD,A,Normal value,SORS
annual_avg_monthly_gross_earnings_municipality_residence.csv,2403040403IND02,Average gross earnings,gross,70548,Žitorađa,2023,88282,RSD,RSD,A,Normal value,SORS
annual_avg_monthly_gross_earnings_municipality_residence.csv,2403040403IND02,Average gross earnings,gross,70556,Zaječar,2023,101660,RSD,RSD,A,Normal value,SORS
annual_avg_monthly_gross_earnings_municipality_residence.csv,2403040403IND02,Average gross earnings,gross,70564,Ivanjica,2023,86985,RSD,RSD,A,Normal value,SORS
annual_avg_monthly_gross_earnings_municipality_residence.csv,2403040403IND02,Average gross earnings,gross,70572,Kladovo,2023,100862,RSD,RSD,A,Normal value,SORS
annual_avg_monthly_gross_earnings_municipality_residence.csv,2403040403IND02,Average gross earnings,gross,70599,Knić,2023,90864,RSD,RSD,A,Normal value,SORS
annual_avg_monthly_gross_earnings_municipality_residence.csv,2403040403IND02,Average gross earnings,gross,70602,Knjaževac,2023,86424,RSD,RSD,A,Normal value,SORS
annual_avg_monthly_gross_earnings_municipality_residence.csv,2403040403IND02,Average gross earnings,gross,70629,Kosjerić,2023,98083,RSD,RSD,A,Normal value,SORS
annual_avg_monthly_gross_earnings_municipality_residence.csv,2403040403IND02,Average gross earnings,gross,70637,Koceljeva,2023,87738,RSD,RSD,A,Normal value,SORS
annual_avg_monthly_gross_earnings_municipality_residence.csv,2403040403IND02,Average gross earnings,gross,70645,Kragujevac,2023,111447,RSD,RSD,A,Normal value,SORS
annual_avg_monthly_gross_earnings_municipality_residence.csv,2403040403IND02,Average gross earnings,gross,70653,Kraljevo,2023,97906,RSD,RSD,A,Normal value,SORS
annual_avg_monthly_gross_earnings_municipality_residence.csv,2403040403IND02,Average gross earnings,gross,70661,Krupanj,2023,87355,RSD,RSD,A,Normal value,SORS
annual_avg_monthly_gross_earnings_municipality_residence.csv,2403040403IND02,Average gross earnings,gross,70670,Kruševac,2023,104284,RSD,RSD,A,Normal value,SORS
annual_avg_monthly_gross_earnings_municipality_residence.csv,2403040403IND02,Average gross earnings,gross,70688,Kuršumlija,2023,92834,RSD,RSD,A,Normal value,SORS
annual_avg_monthly_gross_earnings_municipality_residence.csv,2403040403IND02,Average gross earnings,gross,70696,Kučevo,2023,95313,RSD,RSD,A,Normal value,SORS
annual_avg_monthly_gross_earnings_municipality_residence.csv,2403040403IND02,Average gross earnings,gross,70700,Lajkovac,2023,115996,RSD,RSD,A,Normal value,SORS
annual_avg_monthly_gross_earnings_municipality_residence.csv,2403040403IND02,Average gross earnings,gross,70718,Lebane,2023,83626,RSD,RSD,A,Normal value,SORS
annual_avg_monthly_gross_earnings_municipality_residence.csv,2403040403IND02,Average gross earnings,gross,70726,Leskovac,2023,89867,RSD,RSD,A,Normal value,SORS
annual_avg_monthly_gross_earnings_municipality_residence.csv,2403040403IND02,Average gross earnings,gross,70734,Loznica,2023,94867,RSD,RSD,A,Normal value,SORS
annual_avg_monthly_gross_earnings_municipality_residence.csv,2403040403IND02,Average gross earnings,gross,70742,Lučani,2023,120114,RSD,RSD,A,Normal value,SORS
annual_avg_monthly_gross_earnings_municipality_residence.csv,2403040403IND02,Average gross earnings,gross,70769,Ljig,2023,99826,RSD,RSD,A,Normal value,SORS
annual_avg_monthly_gross_earnings_municipality_residence.csv,2403040403IND02,Average gross earnings,gross,70777,Ljubovija,2023,96403,RSD,RSD,A,Normal value,SORS
annual_avg_monthly_gross_earnings_municipality_residence.csv,2403040403IND02,Average gross earnings,gross,70785,Majdanpek,2023,124029,RSD,RSD,A,Normal value,SORS
annual_avg_monthly_gross_earnings_municipality_residence.csv,2403040403IND02,Average gross earnings,gross,70793,Mali Zvornik,2023,92894,RSD,RSD,A,Normal value,SORS
annual_avg_monthly_gross_earnings_municipality_residence.csv,2403040403IND02,Average gross earnings,gross,70807,Malo Crniće,2023,87448,RSD,RSD,A,Normal value,SORS
annual_avg_monthly_gross_earnings_municipality_residence.csv,2403040403IND02,Average gross earnings,gross,70815,Medveđa,2023,99205,RSD,RSD,A,Normal value,SORS
annual_avg_monthly_gross_earnings_municipality_residence.csv,2403040403IND02,Average gross earnings,gross,70823,Merošina,2023,85569,RSD,RSD,A,Normal value,SORS
annual_avg_monthly_gross_earnings_municipality_residence.csv,2403040403IND02,Average gross earnings,gross,70831,Mionica,2023,90344,RSD,RSD,A,Normal value,SORS
annual_avg_monthly_gross_earnings_municipality_residence.csv,2403040403IND02,Average gross earnings,gross,70840,Negotin,2023,98516,RSD,RSD,A,Normal value,SORS
annual_avg_monthly_gross_earnings_municipality_residence.csv,2403040403IND02,Average gross earnings,gross,70866,Nova Varoš,2023,91038,RSD,RSD,A,Normal value,SORS
annual_avg_monthly_gross_earnings_municipality_residence.csv,2403040403IND02,Average gross earnings,gross,70874,Novi Pazar,2023,86686,RSD,RSD,A,Normal value,SORS
annual_avg_monthly_gross_earnings_municipality_residence.csv,2403040403IND02,Average gross earnings,gross,70882,Osečina,2023,90727,RSD,RSD,A,Normal value,SORS
annual_avg_monthly_gross_earnings_municipality_residence.csv,2403040403IND02,Average gross earnings,gross,70904,Paraćin,2023,93139,RSD,RSD,A,Normal value,SORS
annual_avg_monthly_gross_earnings_municipality_residence.csv,2403040403IND02,Average gross earnings,gross,70912,Petrovac na Mlavi,2023,86599,RSD,RSD,A,Normal value,SORS
annual_avg_monthly_gross_earnings_municipality_residence.csv,2403040403IND02,Average gross earnings,gross,70939,Pirot,2023,108502,RSD,RSD,A,Normal value,SORS
annual_avg_monthly_gross_earnings_municipality_residence.csv,2403040403IND02,Average gross earnings,gross,70947,Požarevac,2023,109658,RSD,RSD,A,Normal value,SORS
annual_avg_monthly_gross_earnings_municipality_residence.csv,2403040403IND02,Average gross earnings,gross,70955,Požega,2023,100727,RSD,RSD,A,Normal value,SORS
annual_avg_monthly_gross_earnings_municipality_residence.csv,2403040403IND02,Average gross earnings,gross,70963,Preševo,2023,79229,RSD,RSD,A,Normal value,SORS
annual_avg_monthly_gross_earnings_municipality_residence.csv,2403040403IND02,Average gross earnings,gross,70971,Priboj,2023,92499,RSD,RSD,A,Normal value,SORS
annual_avg_monthly_gross_earnings_municipality_residence.csv,2403040403IND02,Average gross earnings,gross,70980,Prijepolje,2023,87639,RSD,RSD,A,Normal value,SORS
annual_avg_monthly_gross_earnings_municipality_residence.csv,2403040403IND02,Average gross earnings,gross,70998,Prokuplje,2023,96879,RSD,RSD,A,Normal value,SORS
annual_avg_monthly_gross_earnings_municipality_residence.csv,2403040403IND02,Average gross earnings,gross,71005,Ražanj,2023,83760,RSD,RSD,A,Normal value,SORS
annual_avg_monthly_gross_earnings_municipality_residence.csv,2403040403IND02,Average gross earnings,gross,71013,Rača,2023,92503,RSD,RSD,A,Normal value,SORS
annual_avg_monthly_gross_earnings_municipality_residence.csv,2403040403IND02,Average gross earnings,gross,71021,Raška,2023,90075,RSD,RSD,A,Normal value,SORS
annual_avg_monthly_gross_earnings_municipality_residence.csv,2403040403IND02,Average gross earnings,gross,71030,Rekovac,2023,87197,RSD,RSD,A,Normal value,SORS
annual_avg_monthly_gross_earnings_municipality_residence.csv,2403040403IND02,Average gross earnings,gross,71048,Jagodina,2023,94763,RSD,RSD,A,Normal value,SORS
annual_avg_monthly_gross_earnings_municipality_residence.csv,2403040403IND02,Average gross earnings,gross,71056,Svilajnac,2023,89414,RSD,RSD,A,Normal value,SORS
annual_avg_monthly_gross_earnings_municipality_residence.csv,2403040403IND02,Average gross earnings,gross,71064,Svrljig,2023,81295,RSD,RSD,A,Normal value,SORS
annual_avg_monthly_gross_earnings_municipality_residence.csv,2403040403IND02,Average gross earnings,gross,71072,Sjenica,2023,91288,RSD,RSD,A,Normal value,SORS
annual_avg_monthly_gross_earnings_municipality_residence.csv,2403040403IND02,Average gross earnings,gross,71099,Smederevo,2023,108137,RSD,RSD,A,Normal value,SORS
annual_avg_monthly_gross_earnings_municipality_residence.csv,2403040403IND02,Average gross earnings,gross,71102,Smederevska Palanka,2023,95806,RSD,RSD,A,Normal value,SORS
annual_avg_monthly_gross_earnings_municipality_residence.csv,2403040403IND02,Average gross earnings,gross,71129,Sokobanja,2023,92059,RSD,RSD,A,Normal value,SORS
annual_avg_monthly_gross_earnings_municipality_residence.csv,2403040403IND02,Average gross earnings,gross,71137,Surdulica,2023,92115,RSD,RSD,A,Normal value,SORS
annual_avg_monthly_gross_earnings_municipality_residence.csv,2403040403IND02,Average gross earnings,gross,71145,Užice,2023,111116,RSD,RSD,A,Normal value,SORS
annual_avg_monthly_gross_earnings_municipality_residence.csv,2403040403IND02,Average gross earnings,gross,71153,Topola,2023,91798,RSD,RSD,A,Normal value,SORS
annual_avg_monthly_gross_earnings_municipality_residence.csv,2403040403IND02,Average gross earnings,gross,71161,Trgovište,2023,85708,RSD,RSD,A,Normal value,SORS
annual_avg_monthly_gross_earnings_municipality_residence.csv,2403040403IND02,Average gross earnings,gross,71170,Trstenik,2023,88656,RSD,RSD,A,Normal value,SORS
annual_avg_monthly_gross_earnings_municipality_residence.csv,2403040403IND02,Average gross earnings,gross,71188,Tutin,2023,85013,RSD,RSD,A,Normal value,SORS
annual_avg_monthly_gross_earnings_municipality_residence.csv,2403040403IND02,Average gross earnings,gross,71196,Ćićevac,2023,88104,RSD,RSD,A,Normal value,SORS
annual_avg_monthly_gross_earnings_municipality_residence.csv,2403040403IND02,Average gross earnings,gross,71200,Ćuprija,2023,95220,RSD,RSD,A,Normal value,SORS
annual_avg_monthly_gross_earnings_municipality_residence.csv,2403040403IND02,Average gross earnings,gross,71218,Ub,2023,99517,RSD,RSD,A,Normal value,SORS
annual_avg_monthly_gross_earnings_municipality_residence.csv,2403040403IND02,Average gross earnings,gross,71226,Crna Trava,2023,82432,RSD,RSD,A,Normal value,SORS
annual_avg_monthly_gross_earnings_municipality_residence.csv,2403040403IND02,Average gross earnings,gross,71234,Čajetina,2023,92181,RSD,RSD,A,Normal value,SORS
annual_avg_monthly_gross_earnings_municipality_residence.csv,2403040403IND02,Average gross earnings,gross,71242,Čačak,2023,101310,RSD,RSD,A,Normal value,SORS
annual_avg_monthly_gross_earnings_municipality_residence.csv,2403040403IND02,Average gross earnings,gross,71269,Šabac,2023,103499,RSD,RSD,A,Normal value,SORS
annual_avg_monthly_gross_earnings_municipality_residence.csv,2403040403IND02,Average gross earnings,gross,71277,Lapovo,2023,92249,RSD,RSD,A,Normal value,SORS
annual_avg_monthly_gross_earnings_municipality_residence.csv,2403040403IND02,Average gross earnings,gross,71285,Niška Banja,2023,91187,RSD,RSD,A,Normal value,SORS
annual_avg_monthly_gross_earnings_municipality_residence.csv,2403040403IND02,Average gross earnings,gross,71293,Surčin,2023,107782,RSD,RSD,A,Normal value,SORS
annual_avg_monthly_gross_earnings_municipality_residence.csv,2403040403IND02,Average gross earnings,gross,71307,Pantelej,2023,107572,RSD,RSD,A,Normal value,SORS
annual_avg_monthly_gross_earnings_municipality_residence.csv,2403040403IND02,Average gross earnings,gross,71315,Crveni Krst,2023,97140,RSD,RSD,A,Normal value,SORS
annual_avg_monthly_gross_earnings_municipality_residence.csv,2403040403IND02,Average gross earnings,gross,71323,Palilula (Niš),2023,104018,RSD,RSD,A,Normal value,SORS
annual_avg_monthly_gross_earnings_municipality_residence.csv,2403040403IND02,Average gross earnings,gross,71331,Medijana,2023,129179,RSD,RSD,A,Normal value,SORS
annual_avg_monthly_gross_earnings_municipality_residence.csv,2403040403IND02,Average gross earnings,gross,71340,Kostolac,2023,122898,RSD,RSD,A,Normal value,SORS
annual_avg_monthly_gross_earnings_municipality_residence.csv,2403040403IND02,Average gross earnings,gross,71358,Vranjska Banja,2023,83559,RSD,RSD,A,Normal value,SORS
annual_avg_monthly_gross_earnings_municipality_residence.csv,2403040403IND02,Average gross earnings,gross,71366,Sevojno,2023,101442,RSD,RSD,A,Normal value,SORS
annual_avg_monthly_gross_earnings_municipality_residence.csv,2403040403IND02,Average gross earnings,gross,79022,Grad Niš,2023,113453,RSD,RSD,A,Normal value,SORS
annual_avg_monthly_gross_earnings_municipality_residence.csv,2403040403IND02,Average gross earnings,gross,79049,Grad Požarevac,2023,111462,RSD,RSD,A,Normal value,SORS
annual_avg_monthly_gross_earnings_municipality_residence.csv,2403040403IND02,Average gross earnings,gross,79057,Grad Vranje,2023,92103,RSD,RSD,A,Normal value,SORS
annual_avg_monthly_gross_earnings_municipality_residence.csv,2403040403IND02,Average gross earnings,gross,79065,Grad Užice,2023,110813,RSD,RSD,A,Normal value,SORS
annual_avg_monthly_gross_earnings_municipality_residence.csv,2403040403IND02,Average gross earnings,gross,80012,Ada,2023,95274,RSD,RSD,A,Normal value,SORS
annual_avg_monthly_gross_earnings_municipality_residence.csv,2403040403IND02,Average gross earnings,gross,80039,Alibunar,2023,95444,RSD,RSD,A,Normal value,SORS
annual_avg_monthly_gross_earnings_municipality_residence.csv,2403040403IND02,Average gross earnings,gross,80047,Apatin,2023,95966,RSD,RSD,A,Normal value,SORS
annual_avg_monthly_gross_earnings_municipality_residence.csv,2403040403IND02,Average gross earnings,gross,80055,Bač,2023,88806,RSD,RSD,A,Normal value,SORS
annual_avg_monthly_gross_earnings_municipality_residence.csv,2403040403IND02,Average gross earnings,gross,80063,Bačka Palanka,2023,100471,RSD,RSD,A,Normal value,SORS
annual_avg_monthly_gross_earnings_municipality_residence.csv,2403040403IND02,Average gross earnings,gross,80071,Bačka Topola,2023,96273,RSD,RSD,A,Normal value,SORS
annual_avg_monthly_gross_earnings_municipality_residence.csv,2403040403IND02,Average gross earnings,gross,80080,Bački Petrovac,2023,96970,RSD,RSD,A,Normal value,SORS
annual_avg_monthly_gross_earnings_municipality_residence.csv,2403040403IND02,Average gross earnings,gross,80098,Bela Crkva,2023,92730,RSD,RSD,A,Normal value,SORS
annual_avg_monthly_gross_earnings_municipality_residence.csv,2403040403IND02,Average gross earnings,gross,80101,Beočin,2023,100967,RSD,RSD,A,Normal value,SORS
annual_avg_monthly_gross_earnings_municipality_residence.csv,2403040403IND02,Average gross earnings,gross,80110,Bečej,2023,98459,RSD,RSD,A,Normal value,SORS
annual_avg_monthly_gross_earnings_municipality_residence.csv,2403040403IND02,Average gross earnings,gross,80128,Vršac,2023,113727,RSD,RSD,A,Normal value,SORS
annual_avg_monthly_gross_earnings_municipality_residence.csv,2403040403IND02,Average gross earnings,gross,80136,Žabalj,2023,94219,RSD,RSD,A,Normal value,SORS
annual_avg_monthly_gross_earnings_municipality_residence.csv,2403040403IND02,Average gross earnings,gross,80144,Žitište,2023,97672,RSD,RSD,A,Normal value,SORS
annual_avg_monthly_gross_earnings_municipality_residence.csv,2403040403IND02,Average gross earnings,gross,80152,Zrenjanin,2023,108602,RSD,RSD,A,Normal value,SORS
annual_avg_monthly_gross_earnings_municipality_residence.csv,2403040403IND02,Average gross earnings,gross,80179,Inđija,2023,112975,RSD,RSD,A,Normal value,SORS
annual_avg_monthly_gross_earnings_municipality_residence.csv,2403040403IND02,Average gross earnings,gross,80187,Irig,2023,96209,RSD,RSD,A,Normal value,SORS
annual_avg_monthly_gross_earnings_municipality_residence.csv,2403040403IND02,Average gross earnings,gross,80195,Kanjiža,2023,93761,RSD,RSD,A,Normal value,SORS
annual_avg_monthly_gross_earnings_municipality_residence.csv,2403040403IND02,Average gross earnings,gross,80209,Kikinda,2023,103446,RSD,RSD,A,Normal value,SORS
annual_avg_monthly_gross_earnings_municipality_residence.csv,2403040403IND02,Average gross earnings,gross,80217,Kovačica,2023,91548,RSD,RSD,A,Normal value,SORS
annual_avg_monthly_gross_earnings_municipality_residence.csv,2403040403IND02,Average gross earnings,gross,80225,Kovin,2023,99498,RSD,RSD,A,Normal value,SORS
annual_avg_monthly_gross_earnings_municipality_residence.csv,2403040403IND02,Average gross earnings,gross,80233,Kula,2023,95958,RSD,RSD,A,Normal value,SORS
annual_avg_monthly_gross_earnings_municipality_residence.csv,2403040403IND02,Average gross earnings,gross,80241,Mali Iđoš,2023,88517,RSD,RSD,A,Normal value,SORS
annual_avg_monthly_gross_earnings_municipality_residence.csv,2403040403IND02,Average gross earnings,gross,80250,Nova Crnja,2023,95814,RSD,RSD,A,Normal value,SORS
annual_avg_monthly_gross_earnings_municipality_residence.csv,2403040403IND02,Average gross earnings,gross,80268,Novi Bečej,2023,91787,RSD,RSD,A,Normal value,SORS
annual_avg_monthly_gross_earnings_municipality_residence.csv,2403040403IND02,Average gross earnings,gross,80276,Novi Kneževac,2023,97405,RSD,RSD,A,Normal value,SORS
annual_avg_monthly_gross_earnings_municipality_residence.csv,2403040403IND02,Average gross earnings,gross,80292,Opovo,2023,96731,RSD,RSD,A,Normal value,SORS
annual_avg_monthly_gross_earnings_municipality_residence.csv,2403040403IND02,Average gross earnings,gross,80306,Odžaci,2023,94095,RSD,RSD,A,Normal value,SORS
annual_avg_monthly_gross_earnings_municipality_residence.csv,2403040403IND02,Average gross earnings,gross,80314,Pančevo,2023,118051,RSD,RSD,A,Normal value,SORS
annual_avg_monthly_gross_earnings_municipality_residence.csv,2403040403IND02,Average gross earnings,gross,80322,Pećinci,2023,106764,RSD,RSD,A,Normal value,SORS
annual_avg_monthly_gross_earnings_municipality_residence.csv,2403040403IND02,Average gross earnings,gross,80349,Plandište,2023,96906,RSD,RSD,A,Normal value,SORS
annual_avg_monthly_gross_earnings_municipality_residence.csv,2403040403IND02,Average gross earnings,gross,80357,Ruma,2023,103819,RSD,RSD,A,Normal value,SORS
annual_avg_monthly_gross_earnings_municipality_residence.csv,2403040403IND02,Average gross earnings,gross,80365,Senta,2023,101658,RSD,RSD,A,Normal value,SORS
annual_avg_monthly_gross_earnings_municipality_residence.csv,2403040403IND02,Average gross earnings,gross,80373,Sečanj,2023,95900,RSD,RSD,A,Normal value,SORS
annual_avg_monthly_gross_earnings_municipality_residence.csv,2403040403IND02,Average gross earnings,gross,80381,Sombor,2023,99945,RSD,RSD,A,Normal value,SORS
annual_avg_monthly_gross_earnings_municipality_residence.csv,2403040403IND02,Average gross earnings,gross,80390,Srbobran,2023,90174,RSD,RSD,A,Normal value,SORS
annual_avg_monthly_gross_earnings_municipality_residence.csv,2403040403IND02,Average gross earnings,gross,80403,Sremska Mitrovica,2023,106871,RSD,RSD,A,Normal value,SORS
annual_avg_monthly_gross_earnings_municipality_residence.csv,2403040403IND02,Average gross earnings,gross,80411,Sremski Karlovci,2023,109038,RSD,RSD,A,Normal value,SORS
annual_avg_monthly_gross_earnings_municipality_residence.csv,2403040403IND02,Average gross earnings,gross,80420,Stara Pazova,2023,108114,RSD,RSD,A,Normal value,SORS
annual_avg_monthly_gross_earnings_municipality_residence.csv,2403040403IND02,Average gross earnings,gross,80438,Subotica,2023,106114,RSD,RSD,A,Normal value,SORS
annual_avg_monthly_gross_earnings_municipality_residence.csv,2403040403IND02,Average gross earnings,gross,80446,Temerin,2023,100127,RSD,RSD,A,Normal value,SORS
annual_avg_monthly_gross_earnings_municipality_residence.csv,2403040403IND02,Average gross earnings,gross,80454,Titel,2023,93554,RSD,RSD,A,Normal value,SORS
annual_avg_monthly_gross_earnings_municipality_residence.csv,2403040403IND02,Average gross earnings,gross,80462,Vrbas,2023,99190,RSD,RSD,A,Normal value,SORS
annual_avg_monthly_gross_earnings_municipality_residence.csv,2403040403IND02,Average gross earnings,gross,80489,Čoka,2023,91659,RSD,RSD,A,Normal value,SORS
annual_avg_monthly_gross_earnings_municipality_residence.csv,2403040403IND02,Average gross earnings,gross,80497,Šid,2023,97202,RSD,RSD,A,Normal value,SORS
annual_avg_monthly_gross_earnings_municipality_residence.csv,2403040403IND02,Average gross earnings,gross,89010,Grad Novi Sad,2023,139226,RSD,RSD,A,Normal value,SORS
annual_avg_monthly_gross_earnings_municipality_residence.csv,2403040403IND02,Average gross earnings,gross,RS,REPUBLIC OF SERBIA,2023,118599,RSD,RSD,A,Normal value,SORS
annual_avg_monthly_gross_earnings_municipality_residence.csv,2403040403IND02,Average gross earnings,gross,RS1,SRBIJA – SEVER,2023,132674,RSD,RSD,A,Normal value,SORS
annual_avg_monthly_gross_earnings_municipality_residence.csv,2403040403IND02,Average gross earnings,gross,RS11,Beogradski region,2023,150266,RSD,RSD,A,Normal value,SORS
annual_avg_monthly_gross_earnings_municipality_residence.csv,2403040403IND02,Average gross earnings,gross,RS110,Beogradska oblast,2023,150266,RSD,RSD,A,Normal value,SORS
annual_avg_monthly_gross_earnings_municipality_residence.csv,2403040403IND02,Average gross earnings,gross,RS12,Region Vojvodine,2023,112441,RSD,RSD,A,Normal value,SORS
annual_avg_monthly_gross_earnings_municipality_residence.csv,2403040403IND02,Average gross earnings,gross,RS121,Zapadnobačka oblast,2023,97508,RSD,RSD,A,Normal value,SORS
annual_avg_monthly_gross_earnings_municipality_residence.csv,2403040403IND02,Average gross earnings,gross,RS122,Južnobanatska oblast,2023,110308,RSD,RSD,A,Normal value,SORS
annual_avg_monthly_gross_earnings_municipality_residence.csv,2403040403IND02,Average gross earnings,gross,RS123,Južnobačka oblast,2023,124966,RSD,RSD,A,Normal value,SORS
annual_avg_monthly_gross_earnings_municipality_residence.csv,2403040403IND02,Average gross earnings,gross,RS124,Severnobanatska oblast,2023,99771,RSD,RSD,A,Normal value,SORS
annual_avg_monthly_gross_earnings_municipality_residence.csv,2403040403IND02,Average gross earnings,gross,RS125,Severnobačka oblast,2023,103832,RSD,RSD,A,Normal value,SORS
annual_avg_monthly_gross_earnings_municipality_residence.csv,2403040403IND02,Average gross earnings,gross,RS126,Srednjobanatska oblast,2023,104897,RSD,RSD,A,Normal value,SORS
annual_avg_monthly_gross_earnings_municipality_residence.csv,2403040403IND02,Average gross earnings,gross,RS127,Sremska oblast,2023,106495,RSD,RSD,A,Normal value,SORS
annual_avg_monthly_gross_earnings_municipality_residence.csv,2403040403IND02,Average gross earnings,gross,RS2,SRBIJA – JUG,2023,100150,RSD,RSD,A,Normal value,SORS
annual_avg_monthly_gross_earnings_municipality_residence.csv,2403040403IND02,Average gross earnings,gross,RS21,Region Šumadije i Zapadne Srbije,2023,99093,RSD,RSD,A,Normal value,SORS
annual_avg_monthly_gross_earnings_municipality_residence.csv,2403040403IND02,Average gross earnings,gross,RS211,Zlatiborska oblast,2023,98750,RSD,RSD,A,Normal value,SORS
annual_avg_monthly_gross_earnings_municipality_residence.csv,2403040403IND02,Average gross earnings,gross,RS212,Kolubarska oblast,2023,102332,RSD,RSD,A,Normal value,SORS
annual_avg_monthly_gross_earnings_municipality_residence.csv,2403040403IND02,Average gross earnings,gross,RS213,Mačvanska oblast,2023,97505,RSD,RSD,A,Normal value,SORS
annual_avg_monthly_gross_earnings_municipality_residence.csv,2403040403IND02,Average gross earnings,gross,RS214,Moravička oblast,2023,101604,RSD,RSD,A,Normal value,SORS
annual_avg_monthly_gross_earnings_municipality_residence.csv,2403040403IND02,Average gross earnings,gross,RS215,Pomoravska oblast,2023,93394,RSD,RSD,A,Normal value,SORS
annual_avg_monthly_gross_earnings_municipality_residence.csv,2403040403IND02,Average gross earnings,gross,RS216,Rasinska oblast,2023,97800,RSD,RSD,A,Normal value,SORS
annual_avg_monthly_gross_earnings_municipality_residence.csv,2403040403IND02,Average gross earnings,gross,RS217,Raška oblast,2023,92794,RSD,RSD,A,Normal value,SORS
annual_avg_monthly_gross_earnings_municipality_residence.csv,2403040403IND02,Average gross earnings,gross,RS218,Šumadijska oblast,2023,106524,RSD,RSD,A,Normal value,SORS
annual_avg_monthly_gross_earnings_municipality_residence.csv,2403040403IND02,Average gross earnings,gross,RS22,Region Južne i Istočne Srbije,2023,101504,RSD,RSD,A,Normal value,SORS
annual_avg_monthly_gross_earnings_municipality_residence.csv,2403040403IND02,Average gross earnings,gross,RS221,Borska oblast,2023,121985,RSD,RSD,A,Normal value,SORS
annual_avg_monthly_gross_earnings_municipality_residence.csv,2403040403IND02,Average gross earnings,gross,RS222,Braničevska oblast,2023,102633,RSD,RSD,A,Normal value,SORS
annual_avg_monthly_gross_earnings_municipality_residence.csv,2403040403IND02,Average gross earnings,gross,RS223,Zaječarska oblast,2023,96919,RSD,RSD,A,Normal value,SORS
annual_avg_monthly_gross_earnings_municipality_residence.csv,2403040403IND02,Average gross earnings,gross,RS224,Jablanička oblast,2023,87970,RSD,RSD,A,Normal value,SORS
annual_avg_monthly_gross_earnings_municipality_residence.csv,2403040403IND02,Average gross earnings,gross,RS225,Nišavska oblast,2023,108018,RSD,RSD,A,Normal value,SORS
annual_avg_monthly_gross_earnings_municipality_residence.csv,2403040403IND02,Average gross earnings,gross,RS226,Pirotska oblast,2023,102570,RSD,RSD,A,Normal value,SORS
annual_avg_monthly_gross_earnings_municipality_residence.csv,2403040403IND02,Average gross earnings,gross,RS227,Podunavska oblast,2023,103130,RSD,RSD,A,Normal value,SORS
annual_avg_monthly_gross_earnings_municipality_residence.csv,2403040403IND02,Average gross earnings,gross,RS228,Pčinjska oblast,2023,89715,RSD,RSD,A,Normal value,SORS
annual_avg_monthly_gross_earnings_municipality_residence.csv,2403040403IND02,Average gross earnings,gross,RS229,Toplička oblast,2023,93160,RSD,RSD,A,Normal value,SORS
annual_avg_monthly_gross_earnings_municipality_residence.csv,2403040403IND02,Average gross earnings,gross,70017,Aleksandrovac,2024,98286,RSD,RSD,A,Normal value,SORS
annual_avg_monthly_gross_earnings_municipality_residence.csv,2403040403IND02,Average gross earnings,gross,70025,Aleksinac,2024,106464,RSD,RSD,A,Normal value,SORS
annual_avg_monthly_gross_earnings_municipality_residence.csv,2403040403IND02,Average gross earnings,gross,70033,Aranđelovac,2024,116079,RSD,RSD,A,Normal value,SORS
annual_avg_monthly_gross_earnings_municipality_residence.csv,2403040403IND02,Average gross earnings,gross,70041,Arilje,2024,100412,RSD,RSD,A,Normal value,SORS
annual_avg_monthly_gross_earnings_municipality_residence.csv,2403040403IND02,Average gross earnings,gross,70050,Babušnica,2024,104051,RSD,RSD,A,Normal value,SORS
annual_avg_monthly_gross_earnings_municipality_residence.csv,2403040403IND02,Average gross earnings,gross,70068,Bajina Bašta,2024,102969,RSD,RSD,A,Normal value,SORS
annual_avg_monthly_gross_earnings_municipality_residence.csv,2403040403IND02,Average gross earnings,gross,70076,Batočina,2024,105055,RSD,RSD,A,Normal value,SORS
annual_avg_monthly_gross_earnings_municipality_residence.csv,2403040403IND02,Average gross earnings,gross,70084,Bela Palanka,2024,98977,RSD,RSD,A,Normal value,SORS
annual_avg_monthly_gross_earnings_municipality_residence.csv,2403040403IND02,Average gross earnings,gross,70092,Barajevo,2024,116406,RSD,RSD,A,Normal value,SORS
annual_avg_monthly_gross_earnings_municipality_residence.csv,2403040403IND02,Average gross earnings,gross,70106,Voždovac,2024,177597,RSD,RSD,A,Normal value,SORS
annual_avg_monthly_gross_earnings_municipality_residence.csv,2403040403IND02,Average gross earnings,gross,70114,Vračar,2024,228678,RSD,RSD,A,Normal value,SORS
annual_avg_monthly_gross_earnings_municipality_residence.csv,2403040403IND02,Average gross earnings,gross,70122,Grocka,2024,119373,RSD,RSD,A,Normal value,SORS
annual_avg_monthly_gross_earnings_municipality_residence.csv,2403040403IND02,Average gross earnings,gross,70149,Zvezdara,2024,175574,RSD,RSD,A,Normal value,SORS
annual_avg_monthly_gross_earnings_municipality_residence.csv,2403040403IND02,Average gross earnings,gross,70157,Zemun,2024,158765,RSD,RSD,A,Normal value,SORS
annual_avg_monthly_gross_earnings_municipality_residence.csv,2403040403IND02,Average gross earnings,gross,70165,Lazarevac,2024,139497,RSD,RSD,A,Normal value,SORS
annual_avg_monthly_gross_earnings_municipality_residence.csv,2403040403IND02,Average gross earnings,gross,70173,Mladenovac,2024,112901,RSD,RSD,A,Normal value,SORS
annual_avg_monthly_gross_earnings_municipality_residence.csv,2403040403IND02,Average gross earnings,gross,70181,Novi Beograd,2024,217368,RSD,RSD,A,Normal value,SORS
annual_avg_monthly_gross_earnings_municipality_residence.csv,2403040403IND02,Average gross earnings,gross,70190,Obrenovac,2024,127330,RSD,RSD,A,Normal value,SORS
annual_avg_monthly_gross_earnings_municipality_residence.csv,2403040403IND02,Average gross earnings,gross,70203,Palilula (Beograd),2024,153865,RSD,RSD,A,Normal value,SORS
annual_avg_monthly_gross_earnings_municipality_residence.csv,2403040403IND02,Average gross earnings,gross,70211,Rakovica,2024,152528,RSD,RSD,A,Normal value,SORS
annual_avg_monthly_gross_earnings_municipality_residence.csv,2403040403IND02,Average gross earnings,gross,70220,Savski venac,2024,217917,RSD,RSD,A,Normal value,SORS
annual_avg_monthly_gross_earnings_municipality_residence.csv,2403040403IND02,Average gross earnings,gross,70238,Sopot,2024,113626,RSD,RSD,A,Normal value,SORS
annual_avg_monthly_gross_earnings_municipality_residence.csv,2403040403IND02,Average gross earnings,gross,70246,Stari grad,2024,238746,RSD,RSD,A,Normal value,SORS
annual_avg_monthly_gross_earnings_municipality_residence.csv,2403040403IND02,Average gross earnings,gross,70254,Čukarica,2024,162097,RSD,RSD,A,Normal value,SORS
annual_avg_monthly_gross_earnings_municipality_residence.csv,2403040403IND02,Average gross earnings,gross,70262,Blace,2024,94685,RSD,RSD,A,Normal value,SORS
annual_avg_monthly_gross_earnings_municipality_residence.csv,2403040403IND02,Average gross earnings,gross,70289,Bogatić,2024,101071,RSD,RSD,A,Normal value,SORS
annual_avg_monthly_gross_earnings_municipality_residence.csv,2403040403IND02,Average gross earnings,gross,70297,Bojnik,2024,90431,RSD,RSD,A,Normal value,SORS
annual_avg_monthly_gross_earnings_municipality_residence.csv,2403040403IND02,Average gross earnings,gross,70319,Boljevac,2024,117782,RSD,RSD,A,Normal value,SORS
annual_avg_monthly_gross_earnings_municipality_residence.csv,2403040403IND02,Average gross earnings,gross,70327,Bor,2024,158118,RSD,RSD,A,Normal value,SORS
annual_avg_monthly_gross_earnings_municipality_residence.csv,2403040403IND02,Average gross earnings,gross,70335,Bosilegrad,2024,98738,RSD,RSD,A,Normal value,SORS
annual_avg_monthly_gross_earnings_municipality_residence.csv,2403040403IND02,Average gross earnings,gross,70343,Brus,2024,103217,RSD,RSD,A,Normal value,SORS
annual_avg_monthly_gross_earnings_municipality_residence.csv,2403040403IND02,Average gross earnings,gross,70351,Bujanovac,2024,96774,RSD,RSD,A,Normal value,SORS
annual_avg_monthly_gross_earnings_municipality_residence.csv,2403040403IND02,Average gross earnings,gross,70360,Valjevo,2024,119040,RSD,RSD,A,Normal value,SORS
annual_avg_monthly_gross_earnings_municipality_residence.csv,2403040403IND02,Average gross earnings,gross,70378,Varvarin,2024,101480,RSD,RSD,A,Normal value,SORS
annual_avg_monthly_gross_earnings_municipality_residence.csv,2403040403IND02,Average gross earnings,gross,70386,Velika Plana,2024,109074,RSD,RSD,A,Normal value,SORS
annual_avg_monthly_gross_earnings_municipality_residence.csv,2403040403IND02,Average gross earnings,gross,70394,Veliko Gradište,2024,103601,RSD,RSD,A,Normal value,SORS
annual_avg_monthly_gross_earnings_municipality_residence.csv,2403040403IND02,Average gross earnings,gross,70408,Vladimirci,2024,102495,RSD,RSD,A,Normal value,SORS
annual_avg_monthly_gross_earnings_municipality_residence.csv,2403040403IND02,Average gross earnings,gross,70416,Vladičin Han,2024,107465,RSD,RSD,A,Normal value,SORS
annual_avg_monthly_gross_earnings_municipality_residence.csv,2403040403IND02,Average gross earnings,gross,70424,Vlasotince,2024,92849,RSD,RSD,A,Normal value,SORS
annual_avg_monthly_gross_earnings_municipality_residence.csv,2403040403IND02,Average gross earnings,gross,70432,Vranje,2024,105414,RSD,RSD,A,Normal value,SORS
annual_avg_monthly_gross_earnings_municipality_residence.csv,2403040403IND02,Average gross earnings,gross,70459,Vrnjačka Banja,2024,101529,RSD,RSD,A,Normal value,SORS
annual_avg_monthly_gross_earnings_municipality_residence.csv,2403040403IND02,Average gross earnings,gross,70467,Gadžin Han,2024,95089,RSD,RSD,A,Normal value,SORS
annual_avg_monthly_gross_earnings_municipality_residence.csv,2403040403IND02,Average gross earnings,gross,70475,Golubac,2024,100353,RSD,RSD,A,Normal value,SORS
annual_avg_monthly_gross_earnings_municipality_residence.csv,2403040403IND02,Average gross earnings,gross,70483,Gornji Milanovac,2024,119590,RSD,RSD,A,Normal value,SORS
annual_avg_monthly_gross_earnings_municipality_residence.csv,2403040403IND02,Average gross earnings,gross,70491,Despotovac,2024,104533,RSD,RSD,A,Normal value,SORS
annual_avg_monthly_gross_earnings_municipality_residence.csv,2403040403IND02,Average gross earnings,gross,70505,Dimitrovgrad,2024,100812,RSD,RSD,A,Normal value,SORS
annual_avg_monthly_gross_earnings_municipality_residence.csv,2403040403IND02,Average gross earnings,gross,70513,Doljevac,2024,100414,RSD,RSD,A,Normal value,SORS
annual_avg_monthly_gross_earnings_municipality_residence.csv,2403040403IND02,Average gross earnings,gross,70521,Žabari,2024,100640,RSD,RSD,A,Normal value,SORS
annual_avg_monthly_gross_earnings_municipality_residence.csv,2403040403IND02,Average gross earnings,gross,70530,Žagubica,2024,109718,RSD,RSD,A,Normal value,SORS
annual_avg_monthly_gross_earnings_municipality_residence.csv,2403040403IND02,Average gross earnings,gross,70548,Žitorađa,2024,99613,RSD,RSD,A,Normal value,SORS
annual_avg_monthly_gross_earnings_municipality_residence.csv,2403040403IND02,Average gross earnings,gross,70556,Zaječar,2024,117444,RSD,RSD,A,Normal value,SORS
annual_avg_monthly_gross_earnings_municipality_residence.csv,2403040403IND02,Average gross earnings,gross,70564,Ivanjica,2024,99921,RSD,RSD,A,Normal value,SORS
annual_avg_monthly_gross_earnings_municipality_residence.csv,2403040403IND02,Average gross earnings,gross,70572,Kladovo,2024,113541,RSD,RSD,A,Normal value,SORS
annual_avg_monthly_gross_earnings_municipality_residence.csv,2403040403IND02,Average gross earnings,gross,70599,Knić,2024,106004,RSD,RSD,A,Normal value,SORS
annual_avg_monthly_gross_earnings_municipality_residence.csv,2403040403IND02,Average gross earnings,gross,70602,Knjaževac,2024,100386,RSD,RSD,A,Normal value,SORS
annual_avg_monthly_gross_earnings_municipality_residence.csv,2403040403IND02,Average gross earnings,gross,70629,Kosjerić,2024,111986,RSD,RSD,A,Normal value,SORS
annual_avg_monthly_gross_earnings_municipality_residence.csv,2403040403IND02,Average gross earnings,gross,70637,Koceljeva,2024,102106,RSD,RSD,A,Normal value,SORS
annual_avg_monthly_gross_earnings_municipality_residence.csv,2403040403IND02,Average gross earnings,gross,70645,Kragujevac,2024,128497,RSD,RSD,A,Normal value,SORS
annual_avg_monthly_gross_earnings_municipality_residence.csv,2403040403IND02,Average gross earnings,gross,70653,Kraljevo,2024,112090,RSD,RSD,A,Normal value,SORS
annual_avg_monthly_gross_earnings_municipality_residence.csv,2403040403IND02,Average gross earnings,gross,70661,Krupanj,2024,102619,RSD,RSD,A,Normal value,SORS
annual_avg_monthly_gross_earnings_municipality_residence.csv,2403040403IND02,Average gross earnings,gross,70670,Kruševac,2024,120663,RSD,RSD,A,Normal value,SORS
annual_avg_monthly_gross_earnings_municipality_residence.csv,2403040403IND02,Average gross earnings,gross,70688,Kuršumlija,2024,106242,RSD,RSD,A,Normal value,SORS
annual_avg_monthly_gross_earnings_municipality_residence.csv,2403040403IND02,Average gross earnings,gross,70696,Kučevo,2024,108313,RSD,RSD,A,Normal value,SORS
annual_avg_monthly_gross_earnings_municipality_residence.csv,2403040403IND02,Average gross earnings,gross,70700,Lajkovac,2024,129069,RSD,RSD,A,Normal value,SORS
annual_avg_monthly_gross_earnings_municipality_residence.csv,2403040403IND02,Average gross earnings,gross,70718,Lebane,2024,95660,RSD,RSD,A,Normal value,SORS
annual_avg_monthly_gross_earnings_municipality_residence.csv,2403040403IND02,Average gross earnings,gross,70726,Leskovac,2024,102937,RSD,RSD,A,Normal value,SORS
annual_avg_monthly_gross_earnings_municipality_residence.csv,2403040403IND02,Average gross earnings,gross,70734,Loznica,2024,109364,RSD,RSD,A,Normal value,SORS
annual_avg_monthly_gross_earnings_municipality_residence.csv,2403040403IND02,Average gross earnings,gross,70742,Lučani,2024,140044,RSD,RSD,A,Normal value,SORS
annual_avg_monthly_gross_earnings_municipality_residence.csv,2403040403IND02,Average gross earnings,gross,70769,Ljig,2024,115720,RSD,RSD,A,Normal value,SORS
annual_avg_monthly_gross_earnings_municipality_residence.csv,2403040403IND02,Average gross earnings,gross,70777,Ljubovija,2024,111310,RSD,RSD,A,Normal value,SORS
annual_avg_monthly_gross_earnings_municipality_residence.csv,2403040403IND02,Average gross earnings,gross,70785,Majdanpek,2024,140981,RSD,RSD,A,Normal value,SORS
annual_avg_monthly_gross_earnings_municipality_residence.csv,2403040403IND02,Average gross earnings,gross,70793,Mali Zvornik,2024,107307,RSD,RSD,A,Normal value,SORS
annual_avg_monthly_gross_earnings_municipality_residence.csv,2403040403IND02,Average gross earnings,gross,70807,Malo Crniće,2024,101113,RSD,RSD,A,Normal value,SORS
annual_avg_monthly_gross_earnings_municipality_residence.csv,2403040403IND02,Average gross earnings,gross,70815,Medveđa,2024,109902,RSD,RSD,A,Normal value,SORS
annual_avg_monthly_gross_earnings_municipality_residence.csv,2403040403IND02,Average gross earnings,gross,70823,Merošina,2024,97661,RSD,RSD,A,Normal value,SORS
annual_avg_monthly_gross_earnings_municipality_residence.csv,2403040403IND02,Average gross earnings,gross,70831,Mionica,2024,104615,RSD,RSD,A,Normal value,SORS
annual_avg_monthly_gross_earnings_municipality_residence.csv,2403040403IND02,Average gross earnings,gross,70840,Negotin,2024,112471,RSD,RSD,A,Normal value,SORS
annual_avg_monthly_gross_earnings_municipality_residence.csv,2403040403IND02,Average gross earnings,gross,70866,Nova Varoš,2024,105006,RSD,RSD,A,Normal value,SORS
annual_avg_monthly_gross_earnings_municipality_residence.csv,2403040403IND02,Average gross earnings,gross,70874,Novi Pazar,2024,99296,RSD,RSD,A,Normal value,SORS
annual_avg_monthly_gross_earnings_municipality_residence.csv,2403040403IND02,Average gross earnings,gross,70882,Osečina,2024,104099,RSD,RSD,A,Normal value,SORS
annual_avg_monthly_gross_earnings_municipality_residence.csv,2403040403IND02,Average gross earnings,gross,70904,Paraćin,2024,108216,RSD,RSD,A,Normal value,SORS
annual_avg_monthly_gross_earnings_municipality_residence.csv,2403040403IND02,Average gross earnings,gross,70912,Petrovac na Mlavi,2024,100176,RSD,RSD,A,Normal value,SORS
annual_avg_monthly_gross_earnings_municipality_residence.csv,2403040403IND02,Average gross earnings,gross,70939,Pirot,2024,122822,RSD,RSD,A,Normal value,SORS
annual_avg_monthly_gross_earnings_municipality_residence.csv,2403040403IND02,Average gross earnings,gross,70947,Požarevac,2024,125212,RSD,RSD,A,Normal value,SORS
annual_avg_monthly_gross_earnings_municipality_residence.csv,2403040403IND02,Average gross earnings,gross,70955,Požega,2024,115726,RSD,RSD,A,Normal value,SORS
annual_avg_monthly_gross_earnings_municipality_residence.csv,2403040403IND02,Average gross earnings,gross,70963,Preševo,2024,91385,RSD,RSD,A,Normal value,SORS
annual_avg_monthly_gross_earnings_municipality_residence.csv,2403040403IND02,Average gross earnings,gross,70971,Priboj,2024,105728,RSD,RSD,A,Normal value,SORS
annual_avg_monthly_gross_earnings_municipality_residence.csv,2403040403IND02,Average gross earnings,gross,70980,Prijepolje,2024,99486,RSD,RSD,A,Normal value,SORS
annual_avg_monthly_gross_earnings_municipality_residence.csv,2403040403IND02,Average gross earnings,gross,70998,Prokuplje,2024,109098,RSD,RSD,A,Normal value,SORS
annual_avg_monthly_gross_earnings_municipality_residence.csv,2403040403IND02,Average gross earnings,gross,71005,Ražanj,2024,96258,RSD,RSD,A,Normal value,SORS
annual_avg_monthly_gross_earnings_municipality_residence.csv,2403040403IND02,Average gross earnings,gross,71013,Rača,2024,106454,RSD,RSD,A,Normal value,SORS
annual_avg_monthly_gross_earnings_municipality_residence.csv,2403040403IND02,Average gross earnings,gross,71021,Raška,2024,103790,RSD,RSD,A,Normal value,SORS
annual_avg_monthly_gross_earnings_municipality_residence.csv,2403040403IND02,Average gross earnings,gross,71030,Rekovac,2024,99421,RSD,RSD,A,Normal value,SORS
annual_avg_monthly_gross_earnings_municipality_residence.csv,2403040403IND02,Average gross earnings,gross,71048,Jagodina,2024,108315,RSD,RSD,A,Normal value,SORS
annual_avg_monthly_gross_earnings_municipality_residence.csv,2403040403IND02,Average gross earnings,gross,71056,Svilajnac,2024,102015,RSD,RSD,A,Normal value,SORS
annual_avg_monthly_gross_earnings_municipality_residence.csv,2403040403IND02,Average gross earnings,gross,71064,Svrljig,2024,96083,RSD,RSD,A,Normal value,SORS
annual_avg_monthly_gross_earnings_municipality_residence.csv,2403040403IND02,Average gross earnings,gross,71072,Sjenica,2024,105101,RSD,RSD,A,Normal value,SORS
annual_avg_monthly_gross_earnings_municipality_residence.csv,2403040403IND02,Average gross earnings,gross,71099,Smederevo,2024,123730,RSD,RSD,A,Normal value,SORS
annual_avg_monthly_gross_earnings_municipality_residence.csv,2403040403IND02,Average gross earnings,gross,71102,Smederevska Palanka,2024,110788,RSD,RSD,A,Normal value,SORS
annual_avg_monthly_gross_earnings_municipality_residence.csv,2403040403IND02,Average gross earnings,gross,71129,Sokobanja,2024,105631,RSD,RSD,A,Normal value,SORS
annual_avg_monthly_gross_earnings_municipality_residence.csv,2403040403IND02,Average gross earnings,gross,71137,Surdulica,2024,104283,RSD,RSD,A,Normal value,SORS
annual_avg_monthly_gross_earnings_municipality_residence.csv,2403040403IND02,Average gross earnings,gross,71145,Užice,2024,126687,RSD,RSD,A,Normal value,SORS
annual_avg_monthly_gross_earnings_municipality_residence.csv,2403040403IND02,Average gross earnings,gross,71153,Topola,2024,106201,RSD,RSD,A,Normal value,SORS
annual_avg_monthly_gross_earnings_municipality_residence.csv,2403040403IND02,Average gross earnings,gross,71161,Trgovište,2024,99719,RSD,RSD,A,Normal value,SORS
annual_avg_monthly_gross_earnings_municipality_residence.csv,2403040403IND02,Average gross earnings,gross,71170,Trstenik,2024,103443,RSD,RSD,A,Normal value,SORS
annual_avg_monthly_gross_earnings_municipality_residence.csv,2403040403IND02,Average gross earnings,gross,71188,Tutin,2024,98723,RSD,RSD,A,Normal value,SORS
annual_avg_monthly_gross_earnings_municipality_residence.csv,2403040403IND02,Average gross earnings,gross,71196,Ćićevac,2024,102817,RSD,RSD,A,Normal value,SORS
annual_avg_monthly_gross_earnings_municipality_residence.csv,2403040403IND02,Average gross earnings,gross,71200,Ćuprija,2024,110076,RSD,RSD,A,Normal value,SORS
annual_avg_monthly_gross_earnings_municipality_residence.csv,2403040403IND02,Average gross earnings,gross,71218,Ub,2024,114518,RSD,RSD,A,Normal value,SORS
annual_avg_monthly_gross_earnings_municipality_residence.csv,2403040403IND02,Average gross earnings,gross,71226,Crna Trava,2024,92446,RSD,RSD,A,Normal value,SORS
annual_avg_monthly_gross_earnings_municipality_residence.csv,2403040403IND02,Average gross earnings,gross,71234,Čajetina,2024,106670,RSD,RSD,A,Normal value,SORS
annual_avg_monthly_gross_earnings_municipality_residence.csv,2403040403IND02,Average gross earnings,gross,71242,Čačak,2024,116784,RSD,RSD,A,Normal value,SORS
annual_avg_monthly_gross_earnings_municipality_residence.csv,2403040403IND02,Average gross earnings,gross,71269,Šabac,2024,118225,RSD,RSD,A,Normal value,SORS
annual_avg_monthly_gross_earnings_municipality_residence.csv,2403040403IND02,Average gross earnings,gross,71277,Lapovo,2024,106379,RSD,RSD,A,Normal value,SORS
annual_avg_monthly_gross_earnings_municipality_residence.csv,2403040403IND02,Average gross earnings,gross,71285,Niška Banja,2024,105813,RSD,RSD,A,Normal value,SORS
annual_avg_monthly_gross_earnings_municipality_residence.csv,2403040403IND02,Average gross earnings,gross,71293,Surčin,2024,124504,RSD,RSD,A,Normal value,SORS
annual_avg_monthly_gross_earnings_municipality_residence.csv,2403040403IND02,Average gross earnings,gross,71307,Pantelej,2024,123721,RSD,RSD,A,Normal value,SORS
annual_avg_monthly_gross_earnings_municipality_residence.csv,2403040403IND02,Average gross earnings,gross,71315,Crveni Krst,2024,111803,RSD,RSD,A,Normal value,SORS
annual_avg_monthly_gross_earnings_municipality_residence.csv,2403040403IND02,Average gross earnings,gross,71323,Palilula (Niš),2024,119142,RSD,RSD,A,Normal value,SORS
annual_avg_monthly_gross_earnings_municipality_residence.csv,2403040403IND02,Average gross earnings,gross,71331,Medijana,2024,147973,RSD,RSD,A,Normal value,SORS
annual_avg_monthly_gross_earnings_municipality_residence.csv,2403040403IND02,Average gross earnings,gross,71340,Kostolac,2024,137759,RSD,RSD,A,Normal value,SORS
annual_avg_monthly_gross_earnings_municipality_residence.csv,2403040403IND02,Average gross earnings,gross,71358,Vranjska Banja,2024,93169,RSD,RSD,A,Normal value,SORS
annual_avg_monthly_gross_earnings_municipality_residence.csv,2403040403IND02,Average gross earnings,gross,71366,Sevojno,2024,115614,RSD,RSD,A,Normal value,SORS
annual_avg_monthly_gross_earnings_municipality_residence.csv,2403040403IND02,Average gross earnings,gross,79022,Grad Niš,2024,130110,RSD,RSD,A,Normal value,SORS
annual_avg_monthly_gross_earnings_municipality_residence.csv,2403040403IND02,Average gross earnings,gross,79049,Grad Požarevac,2024,126949,RSD,RSD,A,Normal value,SORS
annual_avg_monthly_gross_earnings_municipality_residence.csv,2403040403IND02,Average gross earnings,gross,79057,Grad Vranje,2024,105106,RSD,RSD,A,Normal value,SORS
annual_avg_monthly_gross_earnings_municipality_residence.csv,2403040403IND02,Average gross earnings,gross,79065,Grad Užice,2024,126326,RSD,RSD,A,Normal value,SORS
annual_avg_monthly_gross_earnings_municipality_residence.csv,2403040403IND02,Average gross earnings,gross,80012,Ada,2024,107946,RSD,RSD,A,Normal value,SORS
annual_avg_monthly_gross_earnings_municipality_residence.csv,2403040403IND02,Average gross earnings,gross,80039,Alibunar,2024,110200,RSD,RSD,A,Normal value,SORS
annual_avg_monthly_gross_earnings_municipality_residence.csv,2403040403IND02,Average gross earnings,gross,80047,Apatin,2024,108833,RSD,RSD,A,Normal value,SORS
annual_avg_monthly_gross_earnings_municipality_residence.csv,2403040403IND02,Average gross earnings,gross,80055,Bač,2024,101429,RSD,RSD,A,Normal value,SORS
annual_avg_monthly_gross_earnings_municipality_residence.csv,2403040403IND02,Average gross earnings,gross,80063,Bačka Palanka,2024,114354,RSD,RSD,A,Normal value,SORS
annual_avg_monthly_gross_earnings_municipality_residence.csv,2403040403IND02,Average gross earnings,gross,80071,Bačka Topola,2024,110080,RSD,RSD,A,Normal value,SORS
annual_avg_monthly_gross_earnings_municipality_residence.csv,2403040403IND02,Average gross earnings,gross,80080,Bački Petrovac,2024,109322,RSD,RSD,A,Normal value,SORS
annual_avg_monthly_gross_earnings_municipality_residence.csv,2403040403IND02,Average gross earnings,gross,80098,Bela Crkva,2024,106376,RSD,RSD,A,Normal value,SORS
annual_avg_monthly_gross_earnings_municipality_residence.csv,2403040403IND02,Average gross earnings,gross,80101,Beočin,2024,117507,RSD,RSD,A,Normal value,SORS
annual_avg_monthly_gross_earnings_municipality_residence.csv,2403040403IND02,Average gross earnings,gross,80110,Bečej,2024,111882,RSD,RSD,A,Normal value,SORS
annual_avg_monthly_gross_earnings_municipality_residence.csv,2403040403IND02,Average gross earnings,gross,80128,Vršac,2024,129687,RSD,RSD,A,Normal value,SORS
annual_avg_monthly_gross_earnings_municipality_residence.csv,2403040403IND02,Average gross earnings,gross,80136,Žabalj,2024,108608,RSD,RSD,A,Normal value,SORS
annual_avg_monthly_gross_earnings_municipality_residence.csv,2403040403IND02,Average gross earnings,gross,80144,Žitište,2024,111837,RSD,RSD,A,Normal value,SORS
annual_avg_monthly_gross_earnings_municipality_residence.csv,2403040403IND02,Average gross earnings,gross,80152,Zrenjanin,2024,122910,RSD,RSD,A,Normal value,SORS
annual_avg_monthly_gross_earnings_municipality_residence.csv,2403040403IND02,Average gross earnings,gross,80179,Inđija,2024,128349,RSD,RSD,A,Normal value,SORS
annual_avg_monthly_gross_earnings_municipality_residence.csv,2403040403IND02,Average gross earnings,gross,80187,Irig,2024,109086,RSD,RSD,A,Normal value,SORS
annual_avg_monthly_gross_earnings_municipality_residence.csv,2403040403IND02,Average gross earnings,gross,80195,Kanjiža,2024,107748,RSD,RSD,A,Normal value,SORS
annual_avg_monthly_gross_earnings_municipality_residence.csv,2403040403IND02,Average gross earnings,gross,80209,Kikinda,2024,116862,RSD,RSD,A,Normal value,SORS
annual_avg_monthly_gross_earnings_municipality_residence.csv,2403040403IND02,Average gross earnings,gross,80217,Kovačica,2024,106018,RSD,RSD,A,Normal value,SORS
annual_avg_monthly_gross_earnings_municipality_residence.csv,2403040403IND02,Average gross earnings,gross,80225,Kovin,2024,114454,RSD,RSD,A,Normal value,SORS
annual_avg_monthly_gross_earnings_municipality_residence.csv,2403040403IND02,Average gross earnings,gross,80233,Kula,2024,110029,RSD,RSD,A,Normal value,SORS
annual_avg_monthly_gross_earnings_municipality_residence.csv,2403040403IND02,Average gross earnings,gross,80241,Mali Iđoš,2024,102879,RSD,RSD,A,Normal value,SORS
annual_avg_monthly_gross_earnings_municipality_residence.csv,2403040403IND02,Average gross earnings,gross,80250,Nova Crnja,2024,109079,RSD,RSD,A,Normal value,SORS
annual_avg_monthly_gross_earnings_municipality_residence.csv,2403040403IND02,Average gross earnings,gross,80268,Novi Bečej,2024,105344,RSD,RSD,A,Normal value,SORS
annual_avg_monthly_gross_earnings_municipality_residence.csv,2403040403IND02,Average gross earnings,gross,80276,Novi Kneževac,2024,111190,RSD,RSD,A,Normal value,SORS
annual_avg_monthly_gross_earnings_municipality_residence.csv,2403040403IND02,Average gross earnings,gross,80292,Opovo,2024,110391,RSD,RSD,A,Normal value,SORS
annual_avg_monthly_gross_earnings_municipality_residence.csv,2403040403IND02,Average gross earnings,gross,80306,Odžaci,2024,108571,RSD,RSD,A,Normal value,SORS
annual_avg_monthly_gross_earnings_municipality_residence.csv,2403040403IND02,Average gross earnings,gross,80314,Pančevo,2024,135349,RSD,RSD,A,Normal value,SORS
annual_avg_monthly_gross_earnings_municipality_residence.csv,2403040403IND02,Average gross earnings,gross,80322,Pećinci,2024,121883,RSD,RSD,A,Normal value,SORS
annual_avg_monthly_gross_earnings_municipality_residence.csv,2403040403IND02,Average gross earnings,gross,80349,Plandište,2024,110898,RSD,RSD,A,Normal value,SORS
annual_avg_monthly_gross_earnings_municipality_residence.csv,2403040403IND02,Average gross earnings,gross,80357,Ruma,2024,118315,RSD,RSD,A,Normal value,SORS
annual_avg_monthly_gross_earnings_municipality_residence.csv,2403040403IND02,Average gross earnings,gross,80365,Senta,2024,114856,RSD,RSD,A,Normal value,SORS
annual_avg_monthly_gross_earnings_municipality_residence.csv,2403040403IND02,Average gross earnings,gross,80373,Sečanj,2024,111301,RSD,RSD,A,Normal value,SORS
annual_avg_monthly_gross_earnings_municipality_residence.csv,2403040403IND02,Average gross earnings,gross,80381,Sombor,2024,113046,RSD,RSD,A,Normal value,SORS
annual_avg_monthly_gross_earnings_municipality_residence.csv,2403040403IND02,Average gross earnings,gross,80390,Srbobran,2024,104669,RSD,RSD,A,Normal value,SORS
annual_avg_monthly_gross_earnings_municipality_residence.csv,2403040403IND02,Average gross earnings,gross,80403,Sremska Mitrovica,2024,120973,RSD,RSD,A,Normal value,SORS
annual_avg_monthly_gross_earnings_municipality_residence.csv,2403040403IND02,Average gross earnings,gross,80411,Sremski Karlovci,2024,124832,RSD,RSD,A,Normal value,SORS
annual_avg_monthly_gross_earnings_municipality_residence.csv,2403040403IND02,Average gross earnings,gross,80420,Stara Pazova,2024,124532,RSD,RSD,A,Normal value,SORS
annual_avg_monthly_gross_earnings_municipality_residence.csv,2403040403IND02,Average gross earnings,gross,80438,Subotica,2024,120671,RSD,RSD,A,Normal value,SORS
annual_avg_monthly_gross_earnings_municipality_residence.csv,2403040403IND02,Average gross earnings,gross,80446,Temerin,2024,114562,RSD,RSD,A,Normal value,SORS
annual_avg_monthly_gross_earnings_municipality_residence.csv,2403040403IND02,Average gross earnings,gross,80454,Titel,2024,107567,RSD,RSD,A,Normal value,SORS
annual_avg_monthly_gross_earnings_municipality_residence.csv,2403040403IND02,Average gross earnings,gross,80462,Vrbas,2024,113441,RSD,RSD,A,Normal value,SORS
annual_avg_monthly_gross_earnings_municipality_residence.csv,2403040403IND02,Average gross earnings,gross,80489,Čoka,2024,105301,RSD,RSD,A,Normal value,SORS
annual_avg_monthly_gross_earnings_municipality_residence.csv,2403040403IND02,Average gross earnings,gross,80497,Šid,2024,112125,RSD,RSD,A,Normal value,SORS
annual_avg_monthly_gross_earnings_municipality_residence.csv,2403040403IND02,Average gross earnings,gross,89010,Grad Novi Sad,2024,157742,RSD,RSD,A,Normal value,SORS
annual_avg_monthly_gross_earnings_municipality_residence.csv,2403040403IND02,Average gross earnings,gross,RS,REPUBLIC OF SERBIA,2024,135403,RSD,RSD,A,Normal value,SORS
annual_avg_monthly_gross_earnings_municipality_residence.csv,2403040403IND02,Average gross earnings,gross,RS1,SRBIJA – SEVER,2024,150839,RSD,RSD,A,Normal value,SORS
annual_avg_monthly_gross_earnings_municipality_residence.csv,2403040403IND02,Average gross earnings,gross,RS11,Beogradski region,2024,170452,RSD,RSD,A,Normal value,SORS
annual_avg_monthly_gross_earnings_municipality_residence.csv,2403040403IND02,Average gross earnings,gross,RS110,Beogradska oblast,2024,170452,RSD,RSD,A,Normal value,SORS
annual_avg_monthly_gross_earnings_municipality_residence.csv,2403040403IND02,Average gross earnings,gross,RS12,Region Vojvodine,2024,128154,RSD,RSD,A,Normal value,SORS
annual_avg_monthly_gross_earnings_municipality_residence.csv,2403040403IND02,Average gross earnings,gross,RS121,Zapadnobačka oblast,2024,111027,RSD,RSD,A,Normal value,SORS
annual_avg_monthly_gross_earnings_municipality_residence.csv,2403040403IND02,Average gross earnings,gross,RS122,Južnobanatska oblast,2024,126466,RSD,RSD,A,Normal value,SORS
annual_avg_monthly_gross_earnings_municipality_residence.csv,2403040403IND02,Average gross earnings,gross,RS123,Južnobačka oblast,2024,142150,RSD,RSD,A,Normal value,SORS
annual_avg_monthly_gross_earnings_municipality_residence.csv,2403040403IND02,Average gross earnings,gross,RS124,Severnobanatska oblast,2024,113216,RSD,RSD,A,Normal value,SORS
annual_avg_monthly_gross_earnings_municipality_residence.csv,2403040403IND02,Average gross earnings,gross,RS125,Severnobačka oblast,2024,118284,RSD,RSD,A,Normal value,SORS
annual_avg_monthly_gross_earnings_municipality_residence.csv,2403040403IND02,Average gross earnings,gross,RS126,Srednjobanatska oblast,2024,119132,RSD,RSD,A,Normal value,SORS
annual_avg_monthly_gross_earnings_municipality_residence.csv,2403040403IND02,Average gross earnings,gross,RS127,Sremska oblast,2024,121531,RSD,RSD,A,Normal value,SORS
annual_avg_monthly_gross_earnings_municipality_residence.csv,2403040403IND02,Average gross earnings,gross,RS2,SRBIJA – JUG,2024,115033,RSD,RSD,A,Normal value,SORS
annual_avg_monthly_gross_earnings_municipality_residence.csv,2403040403IND02,Average gross earnings,gross,RS21,Region Šumadije i Zapadne Srbije,2024,114030,RSD,RSD,A,Normal value,SORS
annual_avg_monthly_gross_earnings_municipality_residence.csv,2403040403IND02,Average gross earnings,gross,RS211,Zlatiborska oblast,2024,113018,RSD,RSD,A,Normal value,SORS
annual_avg_monthly_gross_earnings_municipality_residence.csv,2403040403IND02,Average gross earnings,gross,RS212,Kolubarska oblast,2024,117615,RSD,RSD,A,Normal value,SORS
annual_avg_monthly_gross_earnings_municipality_residence.csv,2403040403IND02,Average gross earnings,gross,RS213,Mačvanska oblast,2024,111999,RSD,RSD,A,Normal value,SORS
annual_avg_monthly_gross_earnings_municipality_residence.csv,2403040403IND02,Average gross earnings,gross,RS214,Moravička oblast,2024,117162,RSD,RSD,A,Normal value,SORS
annual_avg_monthly_gross_earnings_municipality_residence.csv,2403040403IND02,Average gross earnings,gross,RS215,Pomoravska oblast,2024,107343,RSD,RSD,A,Normal value,SORS
annual_avg_monthly_gross_earnings_municipality_residence.csv,2403040403IND02,Average gross earnings,gross,RS216,Rasinska oblast,2024,113397,RSD,RSD,A,Normal value,SORS
annual_avg_monthly_gross_earnings_municipality_residence.csv,2403040403IND02,Average gross earnings,gross,RS217,Raška oblast,2024,106423,RSD,RSD,A,Normal value,SORS
annual_avg_monthly_gross_earnings_municipality_residence.csv,2403040403IND02,Average gross earnings,gross,RS218,Šumadijska oblast,2024,122867,RSD,RSD,A,Normal value,SORS
annual_avg_monthly_gross_earnings_municipality_residence.csv,2403040403IND02,Average gross earnings,gross,RS22,Region Južne i Istočne Srbije,2024,116330,RSD,RSD,A,Normal value,SORS
annual_avg_monthly_gross_earnings_municipality_residence.csv,2403040403IND02,Average gross earnings,gross,RS221,Borska oblast,2024,139709,RSD,RSD,A,Normal value,SORS
annual_avg_monthly_gross_earnings_municipality_residence.csv,2403040403IND02,Average gross earnings,gross,RS222,Braničevska oblast,2024,117306,RSD,RSD,A,Normal value,SORS
annual_avg_monthly_gross_earnings_municipality_residence.csv,2403040403IND02,Average gross earnings,gross,RS223,Zaječarska oblast,2024,111890,RSD,RSD,A,Normal value,SORS
annual_avg_monthly_gross_earnings_municipality_residence.csv,2403040403IND02,Average gross earnings,gross,RS224,Jablanička oblast,2024,100633,RSD,RSD,A,Normal value,SORS
annual_avg_monthly_gross_earnings_municipality_residence.csv,2403040403IND02,Average gross earnings,gross,RS225,Nišavska oblast,2024,123859,RSD,RSD,A,Normal value,SORS
annual_avg_monthly_gross_earnings_municipality_residence.csv,2403040403IND02,Average gross earnings,gross,RS226,Pirotska oblast,2024,116595,RSD,RSD,A,Normal value,SORS
annual_avg_monthly_gross_earnings_municipality_residence.csv,2403040403IND02,Average gross earnings,gross,RS227,Podunavska oblast,2024,118240,RSD,RSD,A,Normal value,SORS
annual_avg_monthly_gross_earnings_municipality_residence.csv,2403040403IND02,Average gross earnings,gross,RS228,Pčinjska oblast,2024,102895,RSD,RSD,A,Normal value,SORS
annual_avg_monthly_gross_earnings_municipality_residence.csv,2403040403IND02,Average gross earnings,gross,RS229,Toplička oblast,2024,105574,RSD,RSD,A,Normal value,SORS
annual_avg_monthly_gross_earnings_municipality_residence.csv,2403040403IND02,Average gross earnings,gross,70017,Aleksandrovac,2025,112396,RSD,RSD,A,Normal value,SORS
annual_avg_monthly_gross_earnings_municipality_residence.csv,2403040403IND02,Average gross earnings,gross,70025,Aleksinac,2025,119381,RSD,RSD,A,Normal value,SORS
annual_avg_monthly_gross_earnings_municipality_residence.csv,2403040403IND02,Average gross earnings,gross,70033,Aranđelovac,2025,129123,RSD,RSD,A,Normal value,SORS
annual_avg_monthly_gross_earnings_municipality_residence.csv,2403040403IND02,Average gross earnings,gross,70041,Arilje,2025,112473,RSD,RSD,A,Normal value,SORS
annual_avg_monthly_gross_earnings_municipality_residence.csv,2403040403IND02,Average gross earnings,gross,70050,Babušnica,2025,117978,RSD,RSD,A,Normal value,SORS
annual_avg_monthly_gross_earnings_municipality_residence.csv,2403040403IND02,Average gross earnings,gross,70068,Bajina Bašta,2025,116000,RSD,RSD,A,Normal value,SORS
annual_avg_monthly_gross_earnings_municipality_residence.csv,2403040403IND02,Average gross earnings,gross,70076,Batočina,2025,119994,RSD,RSD,A,Normal value,SORS
annual_avg_monthly_gross_earnings_municipality_residence.csv,2403040403IND02,Average gross earnings,gross,70084,Bela Palanka,2025,112474,RSD,RSD,A,Normal value,SORS
annual_avg_monthly_gross_earnings_municipality_residence.csv,2403040403IND02,Average gross earnings,gross,70092,Barajevo,2025,131453,RSD,RSD,A,Normal value,SORS
annual_avg_monthly_gross_earnings_municipality_residence.csv,2403040403IND02,Average gross earnings,gross,70106,Voždovac,2025,196547,RSD,RSD,A,Normal value,SORS
annual_avg_monthly_gross_earnings_municipality_residence.csv,2403040403IND02,Average gross earnings,gross,70114,Vračar,2025,247679,RSD,RSD,A,Normal value,SORS
annual_avg_monthly_gross_earnings_municipality_residence.csv,2403040403IND02,Average gross earnings,gross,70122,Grocka,2025,134810,RSD,RSD,A,Normal value,SORS
annual_avg_monthly_gross_earnings_municipality_residence.csv,2403040403IND02,Average gross earnings,gross,70149,Zvezdara,2025,193909,RSD,RSD,A,Normal value,SORS
annual_avg_monthly_gross_earnings_municipality_residence.csv,2403040403IND02,Average gross earnings,gross,70157,Zemun,2025,176912,RSD,RSD,A,Normal value,SORS
annual_avg_monthly_gross_earnings_municipality_residence.csv,2403040403IND02,Average gross earnings,gross,70165,Lazarevac,2025,153137,RSD,RSD,A,Normal value,SORS
annual_avg_monthly_gross_earnings_municipality_residence.csv,2403040403IND02,Average gross earnings,gross,70173,Mladenovac,2025,127809,RSD,RSD,A,Normal value,SORS
annual_avg_monthly_gross_earnings_municipality_residence.csv,2403040403IND02,Average gross earnings,gross,70181,Novi Beograd,2025,239519,RSD,RSD,A,Normal value,SORS
annual_avg_monthly_gross_earnings_municipality_residence.csv,2403040403IND02,Average gross earnings,gross,70190,Obrenovac,2025,142555,RSD,RSD,A,Normal value,SORS
annual_avg_monthly_gross_earnings_municipality_residence.csv,2403040403IND02,Average gross earnings,gross,70203,Palilula (Beograd),2025,171190,RSD,RSD,A,Normal value,SORS
annual_avg_monthly_gross_earnings_municipality_residence.csv,2403040403IND02,Average gross earnings,gross,70211,Rakovica,2025,170449,RSD,RSD,A,Normal value,SORS
annual_avg_monthly_gross_earnings_municipality_residence.csv,2403040403IND02,Average gross earnings,gross,70220,Savski venac,2025,237093,RSD,RSD,A,Normal value,SORS
annual_avg_monthly_gross_earnings_municipality_residence.csv,2403040403IND02,Average gross earnings,gross,70238,Sopot,2025,130389,RSD,RSD,A,Normal value,SORS
annual_avg_monthly_gross_earnings_municipality_residence.csv,2403040403IND02,Average gross earnings,gross,70246,Stari grad,2025,255495,RSD,RSD,A,Normal value,SORS
annual_avg_monthly_gross_earnings_municipality_residence.csv,2403040403IND02,Average gross earnings,gross,70254,Čukarica,2025,179883,RSD,RSD,A,Normal value,SORS
annual_avg_monthly_gross_earnings_municipality_residence.csv,2403040403IND02,Average gross earnings,gross,70262,Blace,2025,109361,RSD,RSD,A,Normal value,SORS
annual_avg_monthly_gross_earnings_municipality_residence.csv,2403040403IND02,Average gross earnings,gross,70289,Bogatić,2025,114774,RSD,RSD,A,Normal value,SORS
annual_avg_monthly_gross_earnings_municipality_residence.csv,2403040403IND02,Average gross earnings,gross,70297,Bojnik,2025,103243,RSD,RSD,A,Normal value,SORS
annual_avg_monthly_gross_earnings_municipality_residence.csv,2403040403IND02,Average gross earnings,gross,70319,Boljevac,2025,132940,RSD,RSD,A,Normal value,SORS
annual_avg_monthly_gross_earnings_municipality_residence.csv,2403040403IND02,Average gross earnings,gross,70327,Bor,2025,175793,RSD,RSD,A,Normal value,SORS
annual_avg_monthly_gross_earnings_municipality_residence.csv,2403040403IND02,Average gross earnings,gross,70335,Bosilegrad,2025,109406,RSD,RSD,A,Normal value,SORS
annual_avg_monthly_gross_earnings_municipality_residence.csv,2403040403IND02,Average gross earnings,gross,70343,Brus,2025,115947,RSD,RSD,A,Normal value,SORS
annual_avg_monthly_gross_earnings_municipality_residence.csv,2403040403IND02,Average gross earnings,gross,70351,Bujanovac,2025,109503,RSD,RSD,A,Normal value,SORS
annual_avg_monthly_gross_earnings_municipality_residence.csv,2403040403IND02,Average gross earnings,gross,70360,Valjevo,2025,134345,RSD,RSD,A,Normal value,SORS
annual_avg_monthly_gross_earnings_municipality_residence.csv,2403040403IND02,Average gross earnings,gross,70378,Varvarin,2025,114972,RSD,RSD,A,Normal value,SORS
annual_avg_monthly_gross_earnings_municipality_residence.csv,2403040403IND02,Average gross earnings,gross,70386,Velika Plana,2025,122301,RSD,RSD,A,Normal value,SORS
annual_avg_monthly_gross_earnings_municipality_residence.csv,2403040403IND02,Average gross earnings,gross,70394,Veliko Gradište,2025,116681,RSD,RSD,A,Normal value,SORS
annual_avg_monthly_gross_earnings_municipality_residence.csv,2403040403IND02,Average gross earnings,gross,70408,Vladimirci,2025,116352,RSD,RSD,A,Normal value,SORS
annual_avg_monthly_gross_earnings_municipality_residence.csv,2403040403IND02,Average gross earnings,gross,70416,Vladičin Han,2025,120104,RSD,RSD,A,Normal value,SORS
annual_avg_monthly_gross_earnings_municipality_residence.csv,2403040403IND02,Average gross earnings,gross,70424,Vlasotince,2025,105413,RSD,RSD,A,Normal value,SORS
annual_avg_monthly_gross_earnings_municipality_residence.csv,2403040403IND02,Average gross earnings,gross,70432,Vranje,2025,119243,RSD,RSD,A,Normal value,SORS
annual_avg_monthly_gross_earnings_municipality_residence.csv,2403040403IND02,Average gross earnings,gross,70459,Vrnjačka Banja,2025,115765,RSD,RSD,A,Normal value,SORS
annual_avg_monthly_gross_earnings_municipality_residence.csv,2403040403IND02,Average gross earnings,gross,70467,Gadžin Han,2025,108273,RSD,RSD,A,Normal value,SORS
annual_avg_monthly_gross_earnings_municipality_residence.csv,2403040403IND02,Average gross earnings,gross,70475,Golubac,2025,113712,RSD,RSD,A,Normal value,SORS
annual_avg_monthly_gross_earnings_municipality_residence.csv,2403040403IND02,Average gross earnings,gross,70483,Gornji Milanovac,2025,134241,RSD,RSD,A,Normal value,SORS
annual_avg_monthly_gross_earnings_municipality_residence.csv,2403040403IND02,Average gross earnings,gross,70491,Despotovac,2025,118054,RSD,RSD,A,Normal value,SORS
annual_avg_monthly_gross_earnings_municipality_residence.csv,2403040403IND02,Average gross earnings,gross,70505,Dimitrovgrad,2025,114928,RSD,RSD,A,Normal value,SORS
annual_avg_monthly_gross_earnings_municipality_residence.csv,2403040403IND02,Average gross earnings,gross,70513,Doljevac,2025,111597,RSD,RSD,A,Normal value,SORS
annual_avg_monthly_gross_earnings_municipality_residence.csv,2403040403IND02,Average gross earnings,gross,70521,Žabari,2025,112956,RSD,RSD,A,Normal value,SORS
annual_avg_monthly_gross_earnings_municipality_residence.csv,2403040403IND02,Average gross earnings,gross,70530,Žagubica,2025,124385,RSD,RSD,A,Normal value,SORS
annual_avg_monthly_gross_earnings_municipality_residence.csv,2403040403IND02,Average gross earnings,gross,70548,Žitorađa,2025,111279,RSD,RSD,A,Normal value,SORS
annual_avg_monthly_gross_earnings_municipality_residence.csv,2403040403IND02,Average gross earnings,gross,70556,Zaječar,2025,133755,RSD,RSD,A,Normal value,SORS
annual_avg_monthly_gross_earnings_municipality_residence.csv,2403040403IND02,Average gross earnings,gross,70564,Ivanjica,2025,113600,RSD,RSD,A,Normal value,SORS
annual_avg_monthly_gross_earnings_municipality_residence.csv,2403040403IND02,Average gross earnings,gross,70572,Kladovo,2025,129342,RSD,RSD,A,Normal value,SORS
annual_avg_monthly_gross_earnings_municipality_residence.csv,2403040403IND02,Average gross earnings,gross,70599,Knić,2025,120697,RSD,RSD,A,Normal value,SORS
annual_avg_monthly_gross_earnings_municipality_residence.csv,2403040403IND02,Average gross earnings,gross,70602,Knjaževac,2025,113421,RSD,RSD,A,Normal value,SORS
annual_avg_monthly_gross_earnings_municipality_residence.csv,2403040403IND02,Average gross earnings,gross,70629,Kosjerić,2025,126699,RSD,RSD,A,Normal value,SORS
annual_avg_monthly_gross_earnings_municipality_residence.csv,2403040403IND02,Average gross earnings,gross,70637,Koceljeva,2025,115624,RSD,RSD,A,Normal value,SORS
annual_avg_monthly_gross_earnings_municipality_residence.csv,2403040403IND02,Average gross earnings,gross,70645,Kragujevac,2025,143461,RSD,RSD,A,Normal value,SORS
annual_avg_monthly_gross_earnings_municipality_residence.csv,2403040403IND02,Average gross earnings,gross,70653,Kraljevo,2025,126617,RSD,RSD,A,Normal value,SORS
annual_avg_monthly_gross_earnings_municipality_residence.csv,2403040403IND02,Average gross earnings,gross,70661,Krupanj,2025,115622,RSD,RSD,A,Normal value,SORS
annual_avg_monthly_gross_earnings_municipality_residence.csv,2403040403IND02,Average gross earnings,gross,70670,Kruševac,2025,133598,RSD,RSD,A,Normal value,SORS
annual_avg_monthly_gross_earnings_municipality_residence.csv,2403040403IND02,Average gross earnings,gross,70688,Kuršumlija,2025,120246,RSD,RSD,A,Normal value,SORS
annual_avg_monthly_gross_earnings_municipality_residence.csv,2403040403IND02,Average gross earnings,gross,70696,Kučevo,2025,123581,RSD,RSD,A,Normal value,SORS
annual_avg_monthly_gross_earnings_municipality_residence.csv,2403040403IND02,Average gross earnings,gross,70700,Lajkovac,2025,141746,RSD,RSD,A,Normal value,SORS
annual_avg_monthly_gross_earnings_municipality_residence.csv,2403040403IND02,Average gross earnings,gross,70718,Lebane,2025,108234,RSD,RSD,A,Normal value,SORS
annual_avg_monthly_gross_earnings_municipality_residence.csv,2403040403IND02,Average gross earnings,gross,70726,Leskovac,2025,117059,RSD,RSD,A,Normal value,SORS
annual_avg_monthly_gross_earnings_municipality_residence.csv,2403040403IND02,Average gross earnings,gross,70734,Loznica,2025,122741,RSD,RSD,A,Normal value,SORS
annual_avg_monthly_gross_earnings_municipality_residence.csv,2403040403IND02,Average gross earnings,gross,70742,Lučani,2025,150314,RSD,RSD,A,Normal value,SORS
annual_avg_monthly_gross_earnings_municipality_residence.csv,2403040403IND02,Average gross earnings,gross,70769,Ljig,2025,130070,RSD,RSD,A,Normal value,SORS
annual_avg_monthly_gross_earnings_municipality_residence.csv,2403040403IND02,Average gross earnings,gross,70777,Ljubovija,2025,126990,RSD,RSD,A,Normal value,SORS
annual_avg_monthly_gross_earnings_municipality_residence.csv,2403040403IND02,Average gross earnings,gross,70785,Majdanpek,2025,159459,RSD,RSD,A,Normal value,SORS
annual_avg_monthly_gross_earnings_municipality_residence.csv,2403040403IND02,Average gross earnings,gross,70793,Mali Zvornik,2025,121521,RSD,RSD,A,Normal value,SORS
annual_avg_monthly_gross_earnings_municipality_residence.csv,2403040403IND02,Average gross earnings,gross,70807,Malo Crniće,2025,113837,RSD,RSD,A,Normal value,SORS
annual_avg_monthly_gross_earnings_municipality_residence.csv,2403040403IND02,Average gross earnings,gross,70815,Medveđa,2025,126335,RSD,RSD,A,Normal value,SORS
annual_avg_monthly_gross_earnings_municipality_residence.csv,2403040403IND02,Average gross earnings,gross,70823,Merošina,2025,109843,RSD,RSD,A,Normal value,SORS
annual_avg_monthly_gross_earnings_municipality_residence.csv,2403040403IND02,Average gross earnings,gross,70831,Mionica,2025,116634,RSD,RSD,A,Normal value,SORS
annual_avg_monthly_gross_earnings_municipality_residence.csv,2403040403IND02,Average gross earnings,gross,70840,Negotin,2025,127576,RSD,RSD,A,Normal value,SORS
annual_avg_monthly_gross_earnings_municipality_residence.csv,2403040403IND02,Average gross earnings,gross,70866,Nova Varoš,2025,118811,RSD,RSD,A,Normal value,SORS
annual_avg_monthly_gross_earnings_municipality_residence.csv,2403040403IND02,Average gross earnings,gross,70874,Novi Pazar,2025,112529,RSD,RSD,A,Normal value,SORS
annual_avg_monthly_gross_earnings_municipality_residence.csv,2403040403IND02,Average gross earnings,gross,70882,Osečina,2025,115665,RSD,RSD,A,Normal value,SORS
annual_avg_monthly_gross_earnings_municipality_residence.csv,2403040403IND02,Average gross earnings,gross,70904,Paraćin,2025,122949,RSD,RSD,A,Normal value,SORS
annual_avg_monthly_gross_earnings_municipality_residence.csv,2403040403IND02,Average gross earnings,gross,70912,Petrovac na Mlavi,2025,113305,RSD,RSD,A,Normal value,SORS
annual_avg_monthly_gross_earnings_municipality_residence.csv,2403040403IND02,Average gross earnings,gross,70939,Pirot,2025,134890,RSD,RSD,A,Normal value,SORS
annual_avg_monthly_gross_earnings_municipality_residence.csv,2403040403IND02,Average gross earnings,gross,70947,Požarevac,2025,140381,RSD,RSD,A,Normal value,SORS
annual_avg_monthly_gross_earnings_municipality_residence.csv,2403040403IND02,Average gross earnings,gross,70955,Požega,2025,129595,RSD,RSD,A,Normal value,SORS
annual_avg_monthly_gross_earnings_municipality_residence.csv,2403040403IND02,Average gross earnings,gross,70963,Preševo,2025,102234,RSD,RSD,A,Normal value,SORS
annual_avg_monthly_gross_earnings_municipality_residence.csv,2403040403IND02,Average gross earnings,gross,70971,Priboj,2025,120810,RSD,RSD,A,Normal value,SORS
annual_avg_monthly_gross_earnings_municipality_residence.csv,2403040403IND02,Average gross earnings,gross,70980,Prijepolje,2025,113198,RSD,RSD,A,Normal value,SORS
annual_avg_monthly_gross_earnings_municipality_residence.csv,2403040403IND02,Average gross earnings,gross,70998,Prokuplje,2025,122238,RSD,RSD,A,Normal value,SORS
annual_avg_monthly_gross_earnings_municipality_residence.csv,2403040403IND02,Average gross earnings,gross,71005,Ražanj,2025,110818,RSD,RSD,A,Normal value,SORS
annual_avg_monthly_gross_earnings_municipality_residence.csv,2403040403IND02,Average gross earnings,gross,71013,Rača,2025,120130,RSD,RSD,A,Normal value,SORS
annual_avg_monthly_gross_earnings_municipality_residence.csv,2403040403IND02,Average gross earnings,gross,71021,Raška,2025,117746,RSD,RSD,A,Normal value,SORS
annual_avg_monthly_gross_earnings_municipality_residence.csv,2403040403IND02,Average gross earnings,gross,71030,Rekovac,2025,111737,RSD,RSD,A,Normal value,SORS
annual_avg_monthly_gross_earnings_municipality_residence.csv,2403040403IND02,Average gross earnings,gross,71048,Jagodina,2025,121594,RSD,RSD,A,Normal value,SORS
annual_avg_monthly_gross_earnings_municipality_residence.csv,2403040403IND02,Average gross earnings,gross,71056,Svilajnac,2025,115390,RSD,RSD,A,Normal value,SORS
annual_avg_monthly_gross_earnings_municipality_residence.csv,2403040403IND02,Average gross earnings,gross,71064,Svrljig,2025,109396,RSD,RSD,A,Normal value,SORS
annual_avg_monthly_gross_earnings_municipality_residence.csv,2403040403IND02,Average gross earnings,gross,71072,Sjenica,2025,116614,RSD,RSD,A,Normal value,SORS
annual_avg_monthly_gross_earnings_municipality_residence.csv,2403040403IND02,Average gross earnings,gross,71099,Smederevo,2025,138150,RSD,RSD,A,Normal value,SORS
annual_avg_monthly_gross_earnings_municipality_residence.csv,2403040403IND02,Average gross earnings,gross,71102,Smederevska Palanka,2025,125109,RSD,RSD,A,Normal value,SORS
annual_avg_monthly_gross_earnings_municipality_residence.csv,2403040403IND02,Average gross earnings,gross,71129,Sokobanja,2025,119377,RSD,RSD,A,Normal value,SORS
annual_avg_monthly_gross_earnings_municipality_residence.csv,2403040403IND02,Average gross earnings,gross,71137,Surdulica,2025,118242,RSD,RSD,A,Normal value,SORS
annual_avg_monthly_gross_earnings_municipality_residence.csv,2403040403IND02,Average gross earnings,gross,71145,Užice,2025,141272,RSD,RSD,A,Normal value,SORS
annual_avg_monthly_gross_earnings_municipality_residence.csv,2403040403IND02,Average gross earnings,gross,71153,Topola,2025,119155,RSD,RSD,A,Normal value,SORS
annual_avg_monthly_gross_earnings_municipality_residence.csv,2403040403IND02,Average gross earnings,gross,71161,Trgovište,2025,112003,RSD,RSD,A,Normal value,SORS
annual_avg_monthly_gross_earnings_municipality_residence.csv,2403040403IND02,Average gross earnings,gross,71170,Trstenik,2025,117579,RSD,RSD,A,Normal value,SORS
annual_avg_monthly_gross_earnings_municipality_residence.csv,2403040403IND02,Average gross earnings,gross,71188,Tutin,2025,111651,RSD,RSD,A,Normal value,SORS
annual_avg_monthly_gross_earnings_municipality_residence.csv,2403040403IND02,Average gross earnings,gross,71196,Ćićevac,2025,119578,RSD,RSD,A,Normal value,SORS
annual_avg_monthly_gross_earnings_municipality_residence.csv,2403040403IND02,Average gross earnings,gross,71200,Ćuprija,2025,123988,RSD,RSD,A,Normal value,SORS
annual_avg_monthly_gross_earnings_municipality_residence.csv,2403040403IND02,Average gross earnings,gross,71218,Ub,2025,129446,RSD,RSD,A,Normal value,SORS
annual_avg_monthly_gross_earnings_municipality_residence.csv,2403040403IND02,Average gross earnings,gross,71226,Crna Trava,2025,108859,RSD,RSD,A,Normal value,SORS
annual_avg_monthly_gross_earnings_municipality_residence.csv,2403040403IND02,Average gross earnings,gross,71234,Čajetina,2025,120142,RSD,RSD,A,Normal value,SORS
annual_avg_monthly_gross_earnings_municipality_residence.csv,2403040403IND02,Average gross earnings,gross,71242,Čačak,2025,131203,RSD,RSD,A,Normal value,SORS
annual_avg_monthly_gross_earnings_municipality_residence.csv,2403040403IND02,Average gross earnings,gross,71269,Šabac,2025,132234,RSD,RSD,A,Normal value,SORS
annual_avg_monthly_gross_earnings_municipality_residence.csv,2403040403IND02,Average gross earnings,gross,71277,Lapovo,2025,120678,RSD,RSD,A,Normal value,SORS
annual_avg_monthly_gross_earnings_municipality_residence.csv,2403040403IND02,Average gross earnings,gross,71285,Niška Banja,2025,119209,RSD,RSD,A,Normal value,SORS
annual_avg_monthly_gross_earnings_municipality_residence.csv,2403040403IND02,Average gross earnings,gross,71293,Surčin,2025,138673,RSD,RSD,A,Normal value,SORS
annual_avg_monthly_gross_earnings_municipality_residence.csv,2403040403IND02,Average gross earnings,gross,71307,Pantelej,2025,140104,RSD,RSD,A,Normal value,SORS
annual_avg_monthly_gross_earnings_municipality_residence.csv,2403040403IND02,Average gross earnings,gross,71315,Crveni Krst,2025,126764,RSD,RSD,A,Normal value,SORS
annual_avg_monthly_gross_earnings_municipality_residence.csv,2403040403IND02,Average gross earnings,gross,71323,Palilula (Niš),2025,134319,RSD,RSD,A,Normal value,SORS
annual_avg_monthly_gross_earnings_municipality_residence.csv,2403040403IND02,Average gross earnings,gross,71331,Medijana,2025,164794,RSD,RSD,A,Normal value,SORS
annual_avg_monthly_gross_earnings_municipality_residence.csv,2403040403IND02,Average gross earnings,gross,71340,Kostolac,2025,151448,RSD,RSD,A,Normal value,SORS
annual_avg_monthly_gross_earnings_municipality_residence.csv,2403040403IND02,Average gross earnings,gross,71358,Vranjska Banja,2025,106405,RSD,RSD,A,Normal value,SORS
annual_avg_monthly_gross_earnings_municipality_residence.csv,2403040403IND02,Average gross earnings,gross,71366,Sevojno,2025,126796,RSD,RSD,A,Normal value,SORS
annual_avg_monthly_gross_earnings_municipality_residence.csv,2403040403IND02,Average gross earnings,gross,79022,Grad Niš,2025,146029,RSD,RSD,A,Normal value,SORS
annual_avg_monthly_gross_earnings_municipality_residence.csv,2403040403IND02,Average gross earnings,gross,79049,Grad Požarevac,2025,141940,RSD,RSD,A,Normal value,SORS
annual_avg_monthly_gross_earnings_municipality_residence.csv,2403040403IND02,Average gross earnings,gross,79057,Grad Vranje,2025,118918,RSD,RSD,A,Normal value,SORS
annual_avg_monthly_gross_earnings_municipality_residence.csv,2403040403IND02,Average gross earnings,gross,79065,Grad Užice,2025,140763,RSD,RSD,A,Normal value,SORS
annual_avg_monthly_gross_earnings_municipality_residence.csv,2403040403IND02,Average gross earnings,gross,80012,Ada,2025,120250,RSD,RSD,A,Normal value,SORS
annual_avg_monthly_gross_earnings_municipality_residence.csv,2403040403IND02,Average gross earnings,gross,80039,Alibunar,2025,124255,RSD,RSD,A,Normal value,SORS
annual_avg_monthly_gross_earnings_municipality_residence.csv,2403040403IND02,Average gross earnings,gross,80047,Apatin,2025,122711,RSD,RSD,A,Normal value,SORS
annual_avg_monthly_gross_earnings_municipality_residence.csv,2403040403IND02,Average gross earnings,gross,80055,Bač,2025,113269,RSD,RSD,A,Normal value,SORS
annual_avg_monthly_gross_earnings_municipality_residence.csv,2403040403IND02,Average gross earnings,gross,80063,Bačka Palanka,2025,128316,RSD,RSD,A,Normal value,SORS
annual_avg_monthly_gross_earnings_municipality_residence.csv,2403040403IND02,Average gross earnings,gross,80071,Bačka Topola,2025,123810,RSD,RSD,A,Normal value,SORS
annual_avg_monthly_gross_earnings_municipality_residence.csv,2403040403IND02,Average gross earnings,gross,80080,Bački Petrovac,2025,122367,RSD,RSD,A,Normal value,SORS
annual_avg_monthly_gross_earnings_municipality_residence.csv,2403040403IND02,Average gross earnings,gross,80098,Bela Crkva,2025,119201,RSD,RSD,A,Normal value,SORS
annual_avg_monthly_gross_earnings_municipality_residence.csv,2403040403IND02,Average gross earnings,gross,80101,Beočin,2025,131203,RSD,RSD,A,Normal value,SORS
annual_avg_monthly_gross_earnings_municipality_residence.csv,2403040403IND02,Average gross earnings,gross,80110,Bečej,2025,126033,RSD,RSD,A,Normal value,SORS
annual_avg_monthly_gross_earnings_municipality_residence.csv,2403040403IND02,Average gross earnings,gross,80128,Vršac,2025,144779,RSD,RSD,A,Normal value,SORS
annual_avg_monthly_gross_earnings_municipality_residence.csv,2403040403IND02,Average gross earnings,gross,80136,Žabalj,2025,123044,RSD,RSD,A,Normal value,SORS
annual_avg_monthly_gross_earnings_municipality_residence.csv,2403040403IND02,Average gross earnings,gross,80144,Žitište,2025,124464,RSD,RSD,A,Normal value,SORS
annual_avg_monthly_gross_earnings_municipality_residence.csv,2403040403IND02,Average gross earnings,gross,80152,Zrenjanin,2025,137027,RSD,RSD,A,Normal value,SORS
annual_avg_monthly_gross_earnings_municipality_residence.csv,2403040403IND02,Average gross earnings,gross,80179,Inđija,2025,144997,RSD,RSD,A,Normal value,SORS
annual_avg_monthly_gross_earnings_municipality_residence.csv,2403040403IND02,Average gross earnings,gross,80187,Irig,2025,122339,RSD,RSD,A,Normal value,SORS
annual_avg_monthly_gross_earnings_municipality_residence.csv,2403040403IND02,Average gross earnings,gross,80195,Kanjiža,2025,120614,RSD,RSD,A,Normal value,SORS
annual_avg_monthly_gross_earnings_municipality_residence.csv,2403040403IND02,Average gross earnings,gross,80209,Kikinda,2025,130757,RSD,RSD,A,Normal value,SORS
annual_avg_monthly_gross_earnings_municipality_residence.csv,2403040403IND02,Average gross earnings,gross,80217,Kovačica,2025,119604,RSD,RSD,A,Normal value,SORS
annual_avg_monthly_gross_earnings_municipality_residence.csv,2403040403IND02,Average gross earnings,gross,80225,Kovin,2025,127849,RSD,RSD,A,Normal value,SORS
annual_avg_monthly_gross_earnings_municipality_residence.csv,2403040403IND02,Average gross earnings,gross,80233,Kula,2025,122822,RSD,RSD,A,Normal value,SORS
annual_avg_monthly_gross_earnings_municipality_residence.csv,2403040403IND02,Average gross earnings,gross,80241,Mali Iđoš,2025,116358,RSD,RSD,A,Normal value,SORS
annual_avg_monthly_gross_earnings_municipality_residence.csv,2403040403IND02,Average gross earnings,gross,80250,Nova Crnja,2025,123327,RSD,RSD,A,Normal value,SORS
annual_avg_monthly_gross_earnings_municipality_residence.csv,2403040403IND02,Average gross earnings,gross,80268,Novi Bečej,2025,118461,RSD,RSD,A,Normal value,SORS
annual_avg_monthly_gross_earnings_municipality_residence.csv,2403040403IND02,Average gross earnings,gross,80276,Novi Kneževac,2025,124653,RSD,RSD,A,Normal value,SORS
annual_avg_monthly_gross_earnings_municipality_residence.csv,2403040403IND02,Average gross earnings,gross,80292,Opovo,2025,125425,RSD,RSD,A,Normal value,SORS
annual_avg_monthly_gross_earnings_municipality_residence.csv,2403040403IND02,Average gross earnings,gross,80306,Odžaci,2025,120539,RSD,RSD,A,Normal value,SORS
annual_avg_monthly_gross_earnings_municipality_residence.csv,2403040403IND02,Average gross earnings,gross,80314,Pančevo,2025,151637,RSD,RSD,A,Normal value,SORS
annual_avg_monthly_gross_earnings_municipality_residence.csv,2403040403IND02,Average gross earnings,gross,80322,Pećinci,2025,134572,RSD,RSD,A,Normal value,SORS
annual_avg_monthly_gross_earnings_municipality_residence.csv,2403040403IND02,Average gross earnings,gross,80349,Plandište,2025,125640,RSD,RSD,A,Normal value,SORS
annual_avg_monthly_gross_earnings_municipality_residence.csv,2403040403IND02,Average gross earnings,gross,80357,Ruma,2025,132725,RSD,RSD,A,Normal value,SORS
annual_avg_monthly_gross_earnings_municipality_residence.csv,2403040403IND02,Average gross earnings,gross,80365,Senta,2025,129192,RSD,RSD,A,Normal value,SORS
annual_avg_monthly_gross_earnings_municipality_residence.csv,2403040403IND02,Average gross earnings,gross,80373,Sečanj,2025,124455,RSD,RSD,A,Normal value,SORS
annual_avg_monthly_gross_earnings_municipality_residence.csv,2403040403IND02,Average gross earnings,gross,80381,Sombor,2025,126247,RSD,RSD,A,Normal value,SORS
annual_avg_monthly_gross_earnings_municipality_residence.csv,2403040403IND02,Average gross earnings,gross,80390,Srbobran,2025,118512,RSD,RSD,A,Normal value,SORS
annual_avg_monthly_gross_earnings_municipality_residence.csv,2403040403IND02,Average gross earnings,gross,80403,Sremska Mitrovica,2025,134957,RSD,RSD,A,Normal value,SORS
annual_avg_monthly_gross_earnings_municipality_residence.csv,2403040403IND02,Average gross earnings,gross,80411,Sremski Karlovci,2025,140771,RSD,RSD,A,Normal value,SORS
annual_avg_monthly_gross_earnings_municipality_residence.csv,2403040403IND02,Average gross earnings,gross,80420,Stara Pazova,2025,140607,RSD,RSD,A,Normal value,SORS
annual_avg_monthly_gross_earnings_municipality_residence.csv,2403040403IND02,Average gross earnings,gross,80438,Subotica,2025,135572,RSD,RSD,A,Normal value,SORS
annual_avg_monthly_gross_earnings_municipality_residence.csv,2403040403IND02,Average gross earnings,gross,80446,Temerin,2025,129537,RSD,RSD,A,Normal value,SORS
annual_avg_monthly_gross_earnings_municipality_residence.csv,2403040403IND02,Average gross earnings,gross,80454,Titel,2025,121038,RSD,RSD,A,Normal value,SORS
annual_avg_monthly_gross_earnings_municipality_residence.csv,2403040403IND02,Average gross earnings,gross,80462,Vrbas,2025,126414,RSD,RSD,A,Normal value,SORS
annual_avg_monthly_gross_earnings_municipality_residence.csv,2403040403IND02,Average gross earnings,gross,80489,Čoka,2025,119057,RSD,RSD,A,Normal value,SORS
annual_avg_monthly_gross_earnings_municipality_residence.csv,2403040403IND02,Average gross earnings,gross,80497,Šid,2025,124749,RSD,RSD,A,Normal value,SORS
annual_avg_monthly_gross_earnings_municipality_residence.csv,2403040403IND02,Average gross earnings,gross,89010,Grad Novi Sad,2025,174469,RSD,RSD,A,Normal value,SORS
annual_avg_monthly_gross_earnings_municipality_residence.csv,2403040403IND02,Average gross earnings,gross,RS,REPUBLIC OF SERBIA,2025,151086,RSD,RSD,A,Normal value,SORS
annual_avg_monthly_gross_earnings_municipality_residence.csv,2403040403IND02,Average gross earnings,gross,RS1,SRBIJA – SEVER,2025,167502,RSD,RSD,A,Normal value,SORS
annual_avg_monthly_gross_earnings_municipality_residence.csv,2403040403IND02,Average gross earnings,gross,RS11,Beogradski region,2025,188439,RSD,RSD,A,Normal value,SORS
annual_avg_monthly_gross_earnings_municipality_residence.csv,2403040403IND02,Average gross earnings,gross,RS110,Beogradska oblast,2025,188439,RSD,RSD,A,Normal value,SORS
annual_avg_monthly_gross_earnings_municipality_residence.csv,2403040403IND02,Average gross earnings,gross,RS12,Region Vojvodine,2025,143125,RSD,RSD,A,Normal value,SORS
annual_avg_monthly_gross_earnings_municipality_residence.csv,2403040403IND02,Average gross earnings,gross,RS121,Zapadnobačka oblast,2025,124021,RSD,RSD,A,Normal value,SORS
annual_avg_monthly_gross_earnings_municipality_residence.csv,2403040403IND02,Average gross earnings,gross,RS122,Južnobanatska oblast,2025,141775,RSD,RSD,A,Normal value,SORS
annual_avg_monthly_gross_earnings_municipality_residence.csv,2403040403IND02,Average gross earnings,gross,RS123,Južnobačka oblast,2025,157928,RSD,RSD,A,Normal value,SORS
annual_avg_monthly_gross_earnings_municipality_residence.csv,2403040403IND02,Average gross earnings,gross,RS124,Severnobanatska oblast,2025,126813,RSD,RSD,A,Normal value,SORS
annual_avg_monthly_gross_earnings_municipality_residence.csv,2403040403IND02,Average gross earnings,gross,RS125,Severnobačka oblast,2025,132955,RSD,RSD,A,Normal value,SORS
annual_avg_monthly_gross_earnings_municipality_residence.csv,2403040403IND02,Average gross earnings,gross,RS126,Srednjobanatska oblast,2025,132970,RSD,RSD,A,Normal value,SORS
annual_avg_monthly_gross_earnings_municipality_residence.csv,2403040403IND02,Average gross earnings,gross,RS127,Sremska oblast,2025,136342,RSD,RSD,A,Normal value,SORS
annual_avg_monthly_gross_earnings_municipality_residence.csv,2403040403IND02,Average gross earnings,gross,RS2,SRBIJA – JUG,2025,129283,RSD,RSD,A,Normal value,SORS
annual_avg_monthly_gross_earnings_municipality_residence.csv,2403040403IND02,Average gross earnings,gross,RS21,Region Šumadije i Zapadne Srbije,2025,128068,RSD,RSD,A,Normal value,SORS
annual_avg_monthly_gross_earnings_municipality_residence.csv,2403040403IND02,Average gross earnings,gross,RS211,Zlatiborska oblast,2025,126820,RSD,RSD,A,Normal value,SORS
annual_avg_monthly_gross_earnings_municipality_residence.csv,2403040403IND02,Average gross earnings,gross,RS212,Kolubarska oblast,2025,132138,RSD,RSD,A,Normal value,SORS
annual_avg_monthly_gross_earnings_municipality_residence.csv,2403040403IND02,Average gross earnings,gross,RS213,Mačvanska oblast,2025,125812,RSD,RSD,A,Normal value,SORS
annual_avg_monthly_gross_earnings_municipality_residence.csv,2403040403IND02,Average gross earnings,gross,RS214,Moravička oblast,2025,131276,RSD,RSD,A,Normal value,SORS
annual_avg_monthly_gross_earnings_municipality_residence.csv,2403040403IND02,Average gross earnings,gross,RS215,Pomoravska oblast,2025,121075,RSD,RSD,A,Normal value,SORS
annual_avg_monthly_gross_earnings_municipality_residence.csv,2403040403IND02,Average gross earnings,gross,RS216,Rasinska oblast,2025,126784,RSD,RSD,A,Normal value,SORS
annual_avg_monthly_gross_earnings_municipality_residence.csv,2403040403IND02,Average gross earnings,gross,RS217,Raška oblast,2025,120392,RSD,RSD,A,Normal value,SORS
annual_avg_monthly_gross_earnings_municipality_residence.csv,2403040403IND02,Average gross earnings,gross,RS218,Šumadijska oblast,2025,137446,RSD,RSD,A,Normal value,SORS
annual_avg_monthly_gross_earnings_municipality_residence.csv,2403040403IND02,Average gross earnings,gross,RS22,Region Južne i Istočne Srbije,2025,130869,RSD,RSD,A,Normal value,SORS
annual_avg_monthly_gross_earnings_municipality_residence.csv,2403040403IND02,Average gross earnings,gross,RS221,Borska oblast,2025,156716,RSD,RSD,A,Normal value,SORS
annual_avg_monthly_gross_earnings_municipality_residence.csv,2403040403IND02,Average gross earnings,gross,RS222,Braničevska oblast,2025,131667,RSD,RSD,A,Normal value,SORS
annual_avg_monthly_gross_earnings_municipality_residence.csv,2403040403IND02,Average gross earnings,gross,RS223,Zaječarska oblast,2025,127122,RSD,RSD,A,Normal value,SORS
annual_avg_monthly_gross_earnings_municipality_residence.csv,2403040403IND02,Average gross earnings,gross,RS224,Jablanička oblast,2025,114470,RSD,RSD,A,Normal value,SORS
annual_avg_monthly_gross_earnings_municipality_residence.csv,2403040403IND02,Average gross earnings,gross,RS225,Nišavska oblast,2025,139104,RSD,RSD,A,Normal value,SORS
annual_avg_monthly_gross_earnings_municipality_residence.csv,2403040403IND02,Average gross earnings,gross,RS226,Pirotska oblast,2025,129236,RSD,RSD,A,Normal value,SORS
annual_avg_monthly_gross_earnings_municipality_residence.csv,2403040403IND02,Average gross earnings,gross,RS227,Podunavska oblast,2025,132406,RSD,RSD,A,Normal value,SORS
annual_avg_monthly_gross_earnings_municipality_residence.csv,2403040403IND02,Average gross earnings,gross,RS228,Pčinjska oblast,2025,116121,RSD,RSD,A,Normal value,SORS
annual_avg_monthly_gross_earnings_municipality_residence.csv,2403040403IND02,Average gross earnings,gross,RS229,Toplička oblast,2025,118851,RSD,RSD,A,Normal value,SORS
