idindikator;mes;god;IDTer;nTer;vrednost;idJedinicaMere;nJedinicaMere;nIzvorI;Indikator;IDStatusPodatka;nStatusPodatka
2403040403IND01;00;2018;70017;Aleksandrovac;38151;RSD;RSD;SORS;Average net earnings;A;Normal value
2403040403IND01;00;2018;70025;Aleksinac;40856;RSD;RSD;SORS;Average net earnings;A;Normal value
2403040403IND01;00;2018;70033;Aranđelovac;44672;RSD;RSD;SORS;Average net earnings;A;Normal value
2403040403IND01;00;2018;70041;Arilje;37100;RSD;RSD;SORS;Average net earnings;A;Normal value
2403040403IND01;00;2018;70050;Babušnica;41540;RSD;RSD;SORS;Average net earnings;A;Normal value
2403040403IND01;00;2018;70068;Bajina Bašta;39709;RSD;RSD;SORS;Average net earnings;A;Normal value
2403040403IND01;00;2018;70076;Batočina;39248;RSD;RSD;SORS;Average net earnings;A;Normal value
2403040403IND01;00;2018;70084;Bela Palanka;38293;RSD;RSD;SORS;Average net earnings;A;Normal value
2403040403IND01;00;2018;70092;Barajevo;43223;RSD;RSD;SORS;Average net earnings;A;Normal value
2403040403IND01;00;2018;70106;Voždovac;62898;RSD;RSD;SORS;Average net earnings;A;Normal value
2403040403IND01;00;2018;70114;Vračar;78619;RSD;RSD;SORS;Average net earnings;A;Normal value
2403040403IND01;00;2018;70122;Grocka;43336;RSD;RSD;SORS;Average net earnings;A;Normal value
2403040403IND01;00;2018;70149;Zvezdara;62515;RSD;RSD;SORS;Average net earnings;A;Normal value
2403040403IND01;00;2018;70157;Zemun;55668;RSD;RSD;SORS;Average net earnings;A;Normal value
2403040403IND01;00;2018;70165;Lazarevac;64243;RSD;RSD;SORS;Average net earnings;A;Normal value
2403040403IND01;00;2018;70173;Mladenovac;42055;RSD;RSD;SORS;Average net earnings;A;Normal value
2403040403IND01;00;2018;70181;Novi Beograd;75469;RSD;RSD;SORS;Average net earnings;A;Normal value
2403040403IND01;00;2018;70190;Obrenovac;51135;RSD;RSD;SORS;Average net earnings;A;Normal value
2403040403IND01;00;2018;70203;Palilula (Beograd);55125;RSD;RSD;SORS;Average net earnings;A;Normal value
2403040403IND01;00;2018;70211;Rakovica;55977;RSD;RSD;SORS;Average net earnings;A;Normal value
2403040403IND01;00;2018;70220;Savski venac;67111;RSD;RSD;SORS;Average net earnings;A;Normal value
2403040403IND01;00;2018;70238;Sopot;41867;RSD;RSD;SORS;Average net earnings;A;Normal value
2403040403IND01;00;2018;70246;Stari grad;74332;RSD;RSD;SORS;Average net earnings;A;Normal value
2403040403IND01;00;2018;70254;Čukarica;59273;RSD;RSD;SORS;Average net earnings;A;Normal value
2403040403IND01;00;2018;70262;Blace;37919;RSD;RSD;SORS;Average net earnings;A;Normal value
2403040403IND01;00;2018;70289;Bogatić;38712;RSD;RSD;SORS;Average net earnings;A;Normal value
2403040403IND01;00;2018;70297;Bojnik;36290;RSD;RSD;SORS;Average net earnings;A;Normal value
2403040403IND01;00;2018;70319;Boljevac;43260;RSD;RSD;SORS;Average net earnings;A;Normal value
2403040403IND01;00;2018;70327;Bor;53023;RSD;RSD;SORS;Average net earnings;A;Normal value
2403040403IND01;00;2018;70335;Bosilegrad;39340;RSD;RSD;SORS;Average net earnings;A;Normal value
2403040403IND01;00;2018;70343;Brus;37810;RSD;RSD;SORS;Average net earnings;A;Normal value
2403040403IND01;00;2018;70351;Bujanovac;38286;RSD;RSD;SORS;Average net earnings;A;Normal value
2403040403IND01;00;2018;70360;Valjevo;44508;RSD;RSD;SORS;Average net earnings;A;Normal value
2403040403IND01;00;2018;70378;Varvarin;36260;RSD;RSD;SORS;Average net earnings;A;Normal value
2403040403IND01;00;2018;70386;Velika Plana;41362;RSD;RSD;SORS;Average net earnings;A;Normal value
2403040403IND01;00;2018;70394;Veliko Gradište;38708;RSD;RSD;SORS;Average net earnings;A;Normal value
2403040403IND01;00;2018;70408;Vladimirci;38068;RSD;RSD;SORS;Average net earnings;A;Normal value
2403040403IND01;00;2018;70416;Vladičin Han;41240;RSD;RSD;SORS;Average net earnings;A;Normal value
2403040403IND01;00;2018;70424;Vlasotince;35243;RSD;RSD;SORS;Average net earnings;A;Normal value
2403040403IND01;00;2018;70432;Vranje;42356;RSD;RSD;SORS;Average net earnings;A;Normal value
2403040403IND01;00;2018;70459;Vrnjačka Banja;38544;RSD;RSD;SORS;Average net earnings;A;Normal value
2403040403IND01;00;2018;70467;Gadžin Han;34391;RSD;RSD;SORS;Average net earnings;A;Normal value
2403040403IND01;00;2018;70475;Golubac;38636;RSD;RSD;SORS;Average net earnings;A;Normal value
2403040403IND01;00;2018;70483;Gornji Milanovac;46307;RSD;RSD;SORS;Average net earnings;A;Normal value
2403040403IND01;00;2018;70491;Despotovac;43753;RSD;RSD;SORS;Average net earnings;A;Normal value
2403040403IND01;00;2018;70505;Dimitrovgrad;38230;RSD;RSD;SORS;Average net earnings;A;Normal value
2403040403IND01;00;2018;70513;Doljevac;36834;RSD;RSD;SORS;Average net earnings;A;Normal value
2403040403IND01;00;2018;70521;Žabari;36275;RSD;RSD;SORS;Average net earnings;A;Normal value
2403040403IND01;00;2018;70530;Žagubica;42161;RSD;RSD;SORS;Average net earnings;A;Normal value
2403040403IND01;00;2018;70548;Žitorađa;38611;RSD;RSD;SORS;Average net earnings;A;Normal value
2403040403IND01;00;2018;70556;Zaječar;43695;RSD;RSD;SORS;Average net earnings;A;Normal value
2403040403IND01;00;2018;70564;Ivanjica;36863;RSD;RSD;SORS;Average net earnings;A;Normal value
2403040403IND01;00;2018;70572;Kladovo;45458;RSD;RSD;SORS;Average net earnings;A;Normal value
2403040403IND01;00;2018;70599;Knić;41627;RSD;RSD;SORS;Average net earnings;A;Normal value
2403040403IND01;00;2018;70602;Knjaževac;37490;RSD;RSD;SORS;Average net earnings;A;Normal value
2403040403IND01;00;2018;70629;Kosjerić;43974;RSD;RSD;SORS;Average net earnings;A;Normal value
2403040403IND01;00;2018;70637;Koceljeva;38036;RSD;RSD;SORS;Average net earnings;A;Normal value
2403040403IND01;00;2018;70645;Kragujevac;48079;RSD;RSD;SORS;Average net earnings;A;Normal value
2403040403IND01;00;2018;70653;Kraljevo;42708;RSD;RSD;SORS;Average net earnings;A;Normal value
2403040403IND01;00;2018;70661;Krupanj;36703;RSD;RSD;SORS;Average net earnings;A;Normal value
2403040403IND01;00;2018;70670;Kruševac;42981;RSD;RSD;SORS;Average net earnings;A;Normal value
2403040403IND01;00;2018;70688;Kuršumlija;41000;RSD;RSD;SORS;Average net earnings;A;Normal value
2403040403IND01;00;2018;70696;Kučevo;39125;RSD;RSD;SORS;Average net earnings;A;Normal value
2403040403IND01;00;2018;70700;Lajkovac;59080;RSD;RSD;SORS;Average net earnings;A;Normal value
2403040403IND01;00;2018;70718;Lebane;37711;RSD;RSD;SORS;Average net earnings;A;Normal value
2403040403IND01;00;2018;70726;Leskovac;39999;RSD;RSD;SORS;Average net earnings;A;Normal value
2403040403IND01;00;2018;70734;Loznica;39641;RSD;RSD;SORS;Average net earnings;A;Normal value
2403040403IND01;00;2018;70742;Lučani;52659;RSD;RSD;SORS;Average net earnings;A;Normal value
2403040403IND01;00;2018;70769;Ljig;45834;RSD;RSD;SORS;Average net earnings;A;Normal value
2403040403IND01;00;2018;70777;Ljubovija;43717;RSD;RSD;SORS;Average net earnings;A;Normal value
2403040403IND01;00;2018;70785;Majdanpek;49202;RSD;RSD;SORS;Average net earnings;A;Normal value
2403040403IND01;00;2018;70793;Mali Zvornik;40757;RSD;RSD;SORS;Average net earnings;A;Normal value
2403040403IND01;00;2018;70807;Malo Crniće;39156;RSD;RSD;SORS;Average net earnings;A;Normal value
2403040403IND01;00;2018;70815;Medveđa;45143;RSD;RSD;SORS;Average net earnings;A;Normal value
2403040403IND01;00;2018;70823;Merošina;36776;RSD;RSD;SORS;Average net earnings;A;Normal value
2403040403IND01;00;2018;70831;Mionica;40340;RSD;RSD;SORS;Average net earnings;A;Normal value
2403040403IND01;00;2018;70840;Negotin;42331;RSD;RSD;SORS;Average net earnings;A;Normal value
2403040403IND01;00;2018;70866;Nova Varoš;40590;RSD;RSD;SORS;Average net earnings;A;Normal value
2403040403IND01;00;2018;70874;Novi Pazar;37440;RSD;RSD;SORS;Average net earnings;A;Normal value
2403040403IND01;00;2018;70882;Osečina;39402;RSD;RSD;SORS;Average net earnings;A;Normal value
2403040403IND01;00;2018;70904;Paraćin;40506;RSD;RSD;SORS;Average net earnings;A;Normal value
2403040403IND01;00;2018;70912;Petrovac na Mlavi;37585;RSD;RSD;SORS;Average net earnings;A;Normal value
2403040403IND01;00;2018;70939;Pirot;51968;RSD;RSD;SORS;Average net earnings;A;Normal value
2403040403IND01;00;2018;70947;Požarevac;50440;RSD;RSD;SORS;Average net earnings;A;Normal value
2403040403IND01;00;2018;70955;Požega;42438;RSD;RSD;SORS;Average net earnings;A;Normal value
2403040403IND01;00;2018;70963;Preševo;38280;RSD;RSD;SORS;Average net earnings;A;Normal value
2403040403IND01;00;2018;70971;Priboj;40306;RSD;RSD;SORS;Average net earnings;A;Normal value
2403040403IND01;00;2018;70980;Prijepolje;38684;RSD;RSD;SORS;Average net earnings;A;Normal value
2403040403IND01;00;2018;70998;Prokuplje;41068;RSD;RSD;SORS;Average net earnings;A;Normal value
2403040403IND01;00;2018;71005;Ražanj;36110;RSD;RSD;SORS;Average net earnings;A;Normal value
2403040403IND01;00;2018;71013;Rača;39917;RSD;RSD;SORS;Average net earnings;A;Normal value
2403040403IND01;00;2018;71021;Raška;40635;RSD;RSD;SORS;Average net earnings;A;Normal value
2403040403IND01;00;2018;71030;Rekovac;39554;RSD;RSD;SORS;Average net earnings;A;Normal value
2403040403IND01;00;2018;71048;Jagodina;40589;RSD;RSD;SORS;Average net earnings;A;Normal value
2403040403IND01;00;2018;71056;Svilajnac;39390;RSD;RSD;SORS;Average net earnings;A;Normal value
2403040403IND01;00;2018;71064;Svrljig;32152;RSD;RSD;SORS;Average net earnings;A;Normal value
2403040403IND01;00;2018;71072;Sjenica;41404;RSD;RSD;SORS;Average net earnings;A;Normal value
2403040403IND01;00;2018;71099;Smederevo;49611;RSD;RSD;SORS;Average net earnings;A;Normal value
2403040403IND01;00;2018;71102;Smederevska Palanka;42272;RSD;RSD;SORS;Average net earnings;A;Normal value
2403040403IND01;00;2018;71129;Sokobanja;41610;RSD;RSD;SORS;Average net earnings;A;Normal value
2403040403IND01;00;2018;71137;Surdulica;41276;RSD;RSD;SORS;Average net earnings;A;Normal value
2403040403IND01;00;2018;71145;Užice;47881;RSD;RSD;SORS;Average net earnings;A;Normal value
2403040403IND01;00;2018;71153;Topola;40056;RSD;RSD;SORS;Average net earnings;A;Normal value
2403040403IND01;00;2018;71161;Trgovište;40986;RSD;RSD;SORS;Average net earnings;A;Normal value
2403040403IND01;00;2018;71170;Trstenik;39466;RSD;RSD;SORS;Average net earnings;A;Normal value
2403040403IND01;00;2018;71188;Tutin;39574;RSD;RSD;SORS;Average net earnings;A;Normal value
2403040403IND01;00;2018;71196;Ćićevac;36751;RSD;RSD;SORS;Average net earnings;A;Normal value
2403040403IND01;00;2018;71200;Ćuprija;40024;RSD;RSD;SORS;Average net earnings;A;Normal value
2403040403IND01;00;2018;71218;Ub;46507;RSD;RSD;SORS;Average net earnings;A;Normal value
2403040403IND01;00;2018;71226;Crna Trava;38610;RSD;RSD;SORS;Average net earnings;A;Normal value
2403040403IND01;00;2018;71234;Čajetina;39020;RSD;RSD;SORS;Average net earnings;A;Normal value
2403040403IND01;00;2018;71242;Čačak;43260;RSD;RSD;SORS;Average net earnings;A;Normal value
2403040403IND01;00;2018;71269;Šabac;44150;RSD;RSD;SORS;Average net earnings;A;Normal value
2403040403IND01;00;2018;71277;Lapovo;40392;RSD;RSD;SORS;Average net earnings;A;Normal value
2403040403IND01;00;2018;71285;Niška Banja;37790;RSD;RSD;SORS;Average net earnings;A;Normal value
2403040403IND01;00;2018;71293;Surčin;44440;RSD;RSD;SORS;Average net earnings;A;Normal value
2403040403IND01;00;2018;71307;Pantelej;43416;RSD;RSD;SORS;Average net earnings;A;Normal value
2403040403IND01;00;2018;71315;Crveni Krst;40985;RSD;RSD;SORS;Average net earnings;A;Normal value
2403040403IND01;00;2018;71323;Palilula (Niš);43223;RSD;RSD;SORS;Average net earnings;A;Normal value
2403040403IND01;00;2018;71331;Medijana;51552;RSD;RSD;SORS;Average net earnings;A;Normal value
2403040403IND01;00;2018;71340;Kostolac;61956;RSD;RSD;SORS;Average net earnings;A;Normal value
2403040403IND01;00;2018;71358;Vranjska Banja;32135;RSD;RSD;SORS;Average net earnings;A;Normal value
2403040403IND01;00;2018;71366;Sevojno;48282;RSD;RSD;SORS;Average net earnings;A;Normal value
2403040403IND01;00;2018;79022;Grad Niš;46383;RSD;RSD;SORS;Average net earnings;A;Normal value
2403040403IND01;00;2018;79049;Grad Požarevac;52348;RSD;RSD;SORS;Average net earnings;A;Normal value
2403040403IND01;00;2018;79057;Grad Vranje;42130;RSD;RSD;SORS;Average net earnings;A;Normal value
2403040403IND01;00;2018;79065;Grad Užice;47892;RSD;RSD;SORS;Average net earnings;A;Normal value
2403040403IND01;00;2018;80012;Ada;42788;RSD;RSD;SORS;Average net earnings;A;Normal value
2403040403IND01;00;2018;80039;Alibunar;41884;RSD;RSD;SORS;Average net earnings;A;Normal value
2403040403IND01;00;2018;80047;Apatin;42627;RSD;RSD;SORS;Average net earnings;A;Normal value
2403040403IND01;00;2018;80055;Bač;38236;RSD;RSD;SORS;Average net earnings;A;Normal value
2403040403IND01;00;2018;80063;Bačka Palanka;45376;RSD;RSD;SORS;Average net earnings;A;Normal value
2403040403IND01;00;2018;80071;Bačka Topola;43978;RSD;RSD;SORS;Average net earnings;A;Normal value
2403040403IND01;00;2018;80080;Bački Petrovac;41527;RSD;RSD;SORS;Average net earnings;A;Normal value
2403040403IND01;00;2018;80098;Bela Crkva;40015;RSD;RSD;SORS;Average net earnings;A;Normal value
2403040403IND01;00;2018;80101;Beočin;43166;RSD;RSD;SORS;Average net earnings;A;Normal value
2403040403IND01;00;2018;80110;Bečej;43213;RSD;RSD;SORS;Average net earnings;A;Normal value
2403040403IND01;00;2018;80128;Vršac;51943;RSD;RSD;SORS;Average net earnings;A;Normal value
2403040403IND01;00;2018;80136;Žabalj;39989;RSD;RSD;SORS;Average net earnings;A;Normal value
2403040403IND01;00;2018;80144;Žitište;43415;RSD;RSD;SORS;Average net earnings;A;Normal value
2403040403IND01;00;2018;80152;Zrenjanin;48415;RSD;RSD;SORS;Average net earnings;A;Normal value
2403040403IND01;00;2018;80179;Inđija;45784;RSD;RSD;SORS;Average net earnings;A;Normal value
2403040403IND01;00;2018;80187;Irig;39714;RSD;RSD;SORS;Average net earnings;A;Normal value
2403040403IND01;00;2018;80195;Kanjiža;43149;RSD;RSD;SORS;Average net earnings;A;Normal value
2403040403IND01;00;2018;80209;Kikinda;46208;RSD;RSD;SORS;Average net earnings;A;Normal value
2403040403IND01;00;2018;80217;Kovačica;39727;RSD;RSD;SORS;Average net earnings;A;Normal value
2403040403IND01;00;2018;80225;Kovin;43489;RSD;RSD;SORS;Average net earnings;A;Normal value
2403040403IND01;00;2018;80233;Kula;41039;RSD;RSD;SORS;Average net earnings;A;Normal value
2403040403IND01;00;2018;80241;Mali Iđoš;38781;RSD;RSD;SORS;Average net earnings;A;Normal value
2403040403IND01;00;2018;80250;Nova Crnja;43645;RSD;RSD;SORS;Average net earnings;A;Normal value
2403040403IND01;00;2018;80268;Novi Bečej;40217;RSD;RSD;SORS;Average net earnings;A;Normal value
2403040403IND01;00;2018;80276;Novi Kneževac;41966;RSD;RSD;SORS;Average net earnings;A;Normal value
2403040403IND01;00;2018;80284;Novi Sad;54591;RSD;RSD;SORS;Average net earnings;A;Normal value
2403040403IND01;00;2018;80292;Opovo;41688;RSD;RSD;SORS;Average net earnings;A;Normal value
2403040403IND01;00;2018;80306;Odžaci;40925;RSD;RSD;SORS;Average net earnings;A;Normal value
2403040403IND01;00;2018;80314;Pančevo;49291;RSD;RSD;SORS;Average net earnings;A;Normal value
2403040403IND01;00;2018;80322;Pećinci;44336;RSD;RSD;SORS;Average net earnings;A;Normal value
2403040403IND01;00;2018;80349;Plandište;41913;RSD;RSD;SORS;Average net earnings;A;Normal value
2403040403IND01;00;2018;80357;Ruma;43589;RSD;RSD;SORS;Average net earnings;A;Normal value
2403040403IND01;00;2018;80365;Senta;45868;RSD;RSD;SORS;Average net earnings;A;Normal value
2403040403IND01;00;2018;80373;Sečanj;43073;RSD;RSD;SORS;Average net earnings;A;Normal value
2403040403IND01;00;2018;80381;Sombor;44273;RSD;RSD;SORS;Average net earnings;A;Normal value
2403040403IND01;00;2018;80390;Srbobran;38794;RSD;RSD;SORS;Average net earnings;A;Normal value
2403040403IND01;00;2018;80403;Sremska Mitrovica;46130;RSD;RSD;SORS;Average net earnings;A;Normal value
2403040403IND01;00;2018;80411;Sremski Karlovci;46238;RSD;RSD;SORS;Average net earnings;A;Normal value
2403040403IND01;00;2018;80420;Stara Pazova;44785;RSD;RSD;SORS;Average net earnings;A;Normal value
2403040403IND01;00;2018;80438;Subotica;46474;RSD;RSD;SORS;Average net earnings;A;Normal value
2403040403IND01;00;2018;80446;Temerin;42634;RSD;RSD;SORS;Average net earnings;A;Normal value
2403040403IND01;00;2018;80454;Titel;39123;RSD;RSD;SORS;Average net earnings;A;Normal value
2403040403IND01;00;2018;80462;Vrbas;42704;RSD;RSD;SORS;Average net earnings;A;Normal value
2403040403IND01;00;2018;80489;Čoka;40903;RSD;RSD;SORS;Average net earnings;A;Normal value
2403040403IND01;00;2018;80497;Šid;40783;RSD;RSD;SORS;Average net earnings;A;Normal value
2403040403IND01;00;2018;80519;Petrovaradin;44811;RSD;RSD;SORS;Average net earnings;A;Normal value
2403040403IND01;00;2018;89010;Grad Novi Sad;54075;RSD;RSD;SORS;Average net earnings;A;Normal value
2403040403IND01;00;2018;RS;REPUBLIC OF SERBIA;49650;RSD;RSD;SORS;Average net earnings;A;Normal value
2403040403IND01;00;2018;RS1;SRBIJA – SEVER;54215;RSD;RSD;SORS;Average net earnings;A;Normal value
2403040403IND01;00;2018;RS11;Beogradski region;60689;RSD;RSD;SORS;Average net earnings;A;Normal value
2403040403IND01;00;2018;RS110;Beogradska oblast;60689;RSD;RSD;SORS;Average net earnings;A;Normal value
2403040403IND01;00;2018;RS12;Region Vojvodine;47095;RSD;RSD;SORS;Average net earnings;A;Normal value
2403040403IND01;00;2018;RS121;Zapadnobačka oblast;42756;RSD;RSD;SORS;Average net earnings;A;Normal value
2403040403IND01;00;2018;RS122;Južnobanatska oblast;47510;RSD;RSD;SORS;Average net earnings;A;Normal value
2403040403IND01;00;2018;RS123;Južnobačka oblast;49930;RSD;RSD;SORS;Average net earnings;A;Normal value
2403040403IND01;00;2018;RS124;Severnobanatska oblast;44696;RSD;RSD;SORS;Average net earnings;A;Normal value
2403040403IND01;00;2018;RS125;Severnobačka oblast;45723;RSD;RSD;SORS;Average net earnings;A;Normal value
2403040403IND01;00;2018;RS126;Srednjobanatska oblast;46753;RSD;RSD;SORS;Average net earnings;A;Normal value
2403040403IND01;00;2018;RS127;Sremska oblast;44565;RSD;RSD;SORS;Average net earnings;A;Normal value
2403040403IND01;00;2018;RS2;SRBIJA – JUG;43479;RSD;RSD;SORS;Average net earnings;A;Normal value
2403040403IND01;00;2018;RS21;Region Šumadije i Zapadne Srbije;42963;RSD;RSD;SORS;Average net earnings;A;Normal value
2403040403IND01;00;2018;RS211;Zlatiborska oblast;43006;RSD;RSD;SORS;Average net earnings;A;Normal value
2403040403IND01;00;2018;RS212;Kolubarska oblast;45881;RSD;RSD;SORS;Average net earnings;A;Normal value
2403040403IND01;00;2018;RS213;Mačvanska oblast;41697;RSD;RSD;SORS;Average net earnings;A;Normal value
2403040403IND01;00;2018;RS214;Moravička oblast;43817;RSD;RSD;SORS;Average net earnings;A;Normal value
2403040403IND01;00;2018;RS215;Pomoravska oblast;40620;RSD;RSD;SORS;Average net earnings;A;Normal value
2403040403IND01;00;2018;RS216;Rasinska oblast;41083;RSD;RSD;SORS;Average net earnings;A;Normal value
2403040403IND01;00;2018;RS217;Raška oblast;40569;RSD;RSD;SORS;Average net earnings;A;Normal value
2403040403IND01;00;2018;RS218;Šumadijska oblast;46279;RSD;RSD;SORS;Average net earnings;A;Normal value
2403040403IND01;00;2018;RS22;Region Južne i Istočne Srbije;44130;RSD;RSD;SORS;Average net earnings;A;Normal value
2403040403IND01;00;2018;RS221;Borska oblast;48637;RSD;RSD;SORS;Average net earnings;A;Normal value
2403040403IND01;00;2018;RS222;Braničevska oblast;47053;RSD;RSD;SORS;Average net earnings;A;Normal value
2403040403IND01;00;2018;RS223;Zaječarska oblast;41809;RSD;RSD;SORS;Average net earnings;A;Normal value
2403040403IND01;00;2018;RS224;Jablanička oblast;39191;RSD;RSD;SORS;Average net earnings;A;Normal value
2403040403IND01;00;2018;RS225;Nišavska oblast;44593;RSD;RSD;SORS;Average net earnings;A;Normal value
2403040403IND01;00;2018;RS226;Pirotska oblast;48204;RSD;RSD;SORS;Average net earnings;A;Normal value
2403040403IND01;00;2018;RS227;Podunavska oblast;46598;RSD;RSD;SORS;Average net earnings;A;Normal value
2403040403IND01;00;2018;RS228;Pčinjska oblast;41020;RSD;RSD;SORS;Average net earnings;A;Normal value
2403040403IND01;00;2018;RS229;Toplička oblast;40418;RSD;RSD;SORS;Average net earnings;A;Normal value
2403040403IND01;00;2019;70017;Aleksandrovac;42030;RSD;RSD;SORS;Average net earnings;A;Normal value
2403040403IND01;00;2019;70025;Aleksinac;44304;RSD;RSD;SORS;Average net earnings;A;Normal value
2403040403IND01;00;2019;70033;Aranđelovac;48469;RSD;RSD;SORS;Average net earnings;A;Normal value
2403040403IND01;00;2019;70041;Arilje;40443;RSD;RSD;SORS;Average net earnings;A;Normal value
2403040403IND01;00;2019;70050;Babušnica;44055;RSD;RSD;SORS;Average net earnings;A;Normal value
2403040403IND01;00;2019;70068;Bajina Bašta;42973;RSD;RSD;SORS;Average net earnings;A;Normal value
2403040403IND01;00;2019;70076;Batočina;42890;RSD;RSD;SORS;Average net earnings;A;Normal value
2403040403IND01;00;2019;70084;Bela Palanka;41255;RSD;RSD;SORS;Average net earnings;A;Normal value
2403040403IND01;00;2019;70092;Barajevo;47561;RSD;RSD;SORS;Average net earnings;A;Normal value
2403040403IND01;00;2019;70106;Voždovac;70177;RSD;RSD;SORS;Average net earnings;A;Normal value
2403040403IND01;00;2019;70114;Vračar;91171;RSD;RSD;SORS;Average net earnings;A;Normal value
2403040403IND01;00;2019;70122;Grocka;47557;RSD;RSD;SORS;Average net earnings;A;Normal value
2403040403IND01;00;2019;70149;Zvezdara;69900;RSD;RSD;SORS;Average net earnings;A;Normal value
2403040403IND01;00;2019;70157;Zemun;62276;RSD;RSD;SORS;Average net earnings;A;Normal value
2403040403IND01;00;2019;70165;Lazarevac;69489;RSD;RSD;SORS;Average net earnings;A;Normal value
2403040403IND01;00;2019;70173;Mladenovac;46172;RSD;RSD;SORS;Average net earnings;A;Normal value
2403040403IND01;00;2019;70181;Novi Beograd;87141;RSD;RSD;SORS;Average net earnings;A;Normal value
2403040403IND01;00;2019;70190;Obrenovac;55680;RSD;RSD;SORS;Average net earnings;A;Normal value
2403040403IND01;00;2019;70203;Palilula (Beograd);60948;RSD;RSD;SORS;Average net earnings;A;Normal value
2403040403IND01;00;2019;70211;Rakovica;61876;RSD;RSD;SORS;Average net earnings;A;Normal value
2403040403IND01;00;2019;70220;Savski venac;79803;RSD;RSD;SORS;Average net earnings;A;Normal value
2403040403IND01;00;2019;70238;Sopot;45772;RSD;RSD;SORS;Average net earnings;A;Normal value
2403040403IND01;00;2019;70246;Stari grad;86741;RSD;RSD;SORS;Average net earnings;A;Normal value
2403040403IND01;00;2019;70254;Čukarica;65722;RSD;RSD;SORS;Average net earnings;A;Normal value
2403040403IND01;00;2019;70262;Blace;41076;RSD;RSD;SORS;Average net earnings;A;Normal value
2403040403IND01;00;2019;70289;Bogatić;42610;RSD;RSD;SORS;Average net earnings;A;Normal value
2403040403IND01;00;2019;70297;Bojnik;38095;RSD;RSD;SORS;Average net earnings;A;Normal value
2403040403IND01;00;2019;70319;Boljevac;47070;RSD;RSD;SORS;Average net earnings;A;Normal value
2403040403IND01;00;2019;70327;Bor;61031;RSD;RSD;SORS;Average net earnings;A;Normal value
2403040403IND01;00;2019;70335;Bosilegrad;42638;RSD;RSD;SORS;Average net earnings;A;Normal value
2403040403IND01;00;2019;70343;Brus;41739;RSD;RSD;SORS;Average net earnings;A;Normal value
2403040403IND01;00;2019;70351;Bujanovac;40916;RSD;RSD;SORS;Average net earnings;A;Normal value
2403040403IND01;00;2019;70360;Valjevo;48673;RSD;RSD;SORS;Average net earnings;A;Normal value
2403040403IND01;00;2019;70378;Varvarin;39155;RSD;RSD;SORS;Average net earnings;A;Normal value
2403040403IND01;00;2019;70386;Velika Plana;48562;RSD;RSD;SORS;Average net earnings;A;Normal value
2403040403IND01;00;2019;70394;Veliko Gradište;42448;RSD;RSD;SORS;Average net earnings;A;Normal value
2403040403IND01;00;2019;70408;Vladimirci;41889;RSD;RSD;SORS;Average net earnings;A;Normal value
2403040403IND01;00;2019;70416;Vladičin Han;44686;RSD;RSD;SORS;Average net earnings;A;Normal value
2403040403IND01;00;2019;70424;Vlasotince;38004;RSD;RSD;SORS;Average net earnings;A;Normal value
2403040403IND01;00;2019;70432;Vranje;46133;RSD;RSD;SORS;Average net earnings;A;Normal value
2403040403IND01;00;2019;70459;Vrnjačka Banja;41802;RSD;RSD;SORS;Average net earnings;A;Normal value
2403040403IND01;00;2019;70467;Gadžin Han;37734;RSD;RSD;SORS;Average net earnings;A;Normal value
2403040403IND01;00;2019;70475;Golubac;42694;RSD;RSD;SORS;Average net earnings;A;Normal value
2403040403IND01;00;2019;70483;Gornji Milanovac;50012;RSD;RSD;SORS;Average net earnings;A;Normal value
2403040403IND01;00;2019;70491;Despotovac;48288;RSD;RSD;SORS;Average net earnings;A;Normal value
2403040403IND01;00;2019;70505;Dimitrovgrad;41716;RSD;RSD;SORS;Average net earnings;A;Normal value
2403040403IND01;00;2019;70513;Doljevac;40416;RSD;RSD;SORS;Average net earnings;A;Normal value
2403040403IND01;00;2019;70521;Žabari;40189;RSD;RSD;SORS;Average net earnings;A;Normal value
2403040403IND01;00;2019;70530;Žagubica;45121;RSD;RSD;SORS;Average net earnings;A;Normal value
2403040403IND01;00;2019;70548;Žitorađa;42543;RSD;RSD;SORS;Average net earnings;A;Normal value
2403040403IND01;00;2019;70556;Zaječar;48144;RSD;RSD;SORS;Average net earnings;A;Normal value
2403040403IND01;00;2019;70564;Ivanjica;40027;RSD;RSD;SORS;Average net earnings;A;Normal value
2403040403IND01;00;2019;70572;Kladovo;49529;RSD;RSD;SORS;Average net earnings;A;Normal value
2403040403IND01;00;2019;70599;Knić;44963;RSD;RSD;SORS;Average net earnings;A;Normal value
2403040403IND01;00;2019;70602;Knjaževac;41141;RSD;RSD;SORS;Average net earnings;A;Normal value
2403040403IND01;00;2019;70629;Kosjerić;46909;RSD;RSD;SORS;Average net earnings;A;Normal value
2403040403IND01;00;2019;70637;Koceljeva;42194;RSD;RSD;SORS;Average net earnings;A;Normal value
2403040403IND01;00;2019;70645;Kragujevac;52453;RSD;RSD;SORS;Average net earnings;A;Normal value
2403040403IND01;00;2019;70653;Kraljevo;46449;RSD;RSD;SORS;Average net earnings;A;Normal value
2403040403IND01;00;2019;70661;Krupanj;39984;RSD;RSD;SORS;Average net earnings;A;Normal value
2403040403IND01;00;2019;70670;Kruševac;46616;RSD;RSD;SORS;Average net earnings;A;Normal value
2403040403IND01;00;2019;70688;Kuršumlija;44867;RSD;RSD;SORS;Average net earnings;A;Normal value
2403040403IND01;00;2019;70696;Kučevo;42690;RSD;RSD;SORS;Average net earnings;A;Normal value
2403040403IND01;00;2019;70700;Lajkovac;64369;RSD;RSD;SORS;Average net earnings;A;Normal value
2403040403IND01;00;2019;70718;Lebane;40377;RSD;RSD;SORS;Average net earnings;A;Normal value
2403040403IND01;00;2019;70726;Leskovac;43619;RSD;RSD;SORS;Average net earnings;A;Normal value
2403040403IND01;00;2019;70734;Loznica;43526;RSD;RSD;SORS;Average net earnings;A;Normal value
2403040403IND01;00;2019;70742;Lučani;55256;RSD;RSD;SORS;Average net earnings;A;Normal value
2403040403IND01;00;2019;70769;Ljig;49497;RSD;RSD;SORS;Average net earnings;A;Normal value
2403040403IND01;00;2019;70777;Ljubovija;46440;RSD;RSD;SORS;Average net earnings;A;Normal value
2403040403IND01;00;2019;70785;Majdanpek;56716;RSD;RSD;SORS;Average net earnings;A;Normal value
2403040403IND01;00;2019;70793;Mali Zvornik;44622;RSD;RSD;SORS;Average net earnings;A;Normal value
2403040403IND01;00;2019;70807;Malo Crniće;42647;RSD;RSD;SORS;Average net earnings;A;Normal value
2403040403IND01;00;2019;70815;Medveđa;48238;RSD;RSD;SORS;Average net earnings;A;Normal value
2403040403IND01;00;2019;70823;Merošina;40109;RSD;RSD;SORS;Average net earnings;A;Normal value
2403040403IND01;00;2019;70831;Mionica;43449;RSD;RSD;SORS;Average net earnings;A;Normal value
2403040403IND01;00;2019;70840;Negotin;46221;RSD;RSD;SORS;Average net earnings;A;Normal value
2403040403IND01;00;2019;70866;Nova Varoš;44300;RSD;RSD;SORS;Average net earnings;A;Normal value
2403040403IND01;00;2019;70874;Novi Pazar;41302;RSD;RSD;SORS;Average net earnings;A;Normal value
2403040403IND01;00;2019;70882;Osečina;42053;RSD;RSD;SORS;Average net earnings;A;Normal value
2403040403IND01;00;2019;70904;Paraćin;45065;RSD;RSD;SORS;Average net earnings;A;Normal value
2403040403IND01;00;2019;70912;Petrovac na Mlavi;41442;RSD;RSD;SORS;Average net earnings;A;Normal value
2403040403IND01;00;2019;70939;Pirot;54134;RSD;RSD;SORS;Average net earnings;A;Normal value
2403040403IND01;00;2019;70947;Požarevac;55174;RSD;RSD;SORS;Average net earnings;A;Normal value
2403040403IND01;00;2019;70955;Požega;46414;RSD;RSD;SORS;Average net earnings;A;Normal value
2403040403IND01;00;2019;70963;Preševo;40687;RSD;RSD;SORS;Average net earnings;A;Normal value
2403040403IND01;00;2019;70971;Priboj;44395;RSD;RSD;SORS;Average net earnings;A;Normal value
2403040403IND01;00;2019;70980;Prijepolje;42067;RSD;RSD;SORS;Average net earnings;A;Normal value
2403040403IND01;00;2019;70998;Prokuplje;45805;RSD;RSD;SORS;Average net earnings;A;Normal value
2403040403IND01;00;2019;71005;Ražanj;39351;RSD;RSD;SORS;Average net earnings;A;Normal value
2403040403IND01;00;2019;71013;Rača;44522;RSD;RSD;SORS;Average net earnings;A;Normal value
2403040403IND01;00;2019;71021;Raška;44363;RSD;RSD;SORS;Average net earnings;A;Normal value
2403040403IND01;00;2019;71030;Rekovac;42858;RSD;RSD;SORS;Average net earnings;A;Normal value
2403040403IND01;00;2019;71048;Jagodina;44225;RSD;RSD;SORS;Average net earnings;A;Normal value
2403040403IND01;00;2019;71056;Svilajnac;43283;RSD;RSD;SORS;Average net earnings;A;Normal value
2403040403IND01;00;2019;71064;Svrljig;36359;RSD;RSD;SORS;Average net earnings;A;Normal value
2403040403IND01;00;2019;71072;Sjenica;44511;RSD;RSD;SORS;Average net earnings;A;Normal value
2403040403IND01;00;2019;71099;Smederevo;53511;RSD;RSD;SORS;Average net earnings;A;Normal value
2403040403IND01;00;2019;71102;Smederevska Palanka;46319;RSD;RSD;SORS;Average net earnings;A;Normal value
2403040403IND01;00;2019;71129;Sokobanja;45794;RSD;RSD;SORS;Average net earnings;A;Normal value
2403040403IND01;00;2019;71137;Surdulica;45087;RSD;RSD;SORS;Average net earnings;A;Normal value
2403040403IND01;00;2019;71145;Užice;52320;RSD;RSD;SORS;Average net earnings;A;Normal value
2403040403IND01;00;2019;71153;Topola;43414;RSD;RSD;SORS;Average net earnings;A;Normal value
2403040403IND01;00;2019;71161;Trgovište;43405;RSD;RSD;SORS;Average net earnings;A;Normal value
2403040403IND01;00;2019;71170;Trstenik;42501;RSD;RSD;SORS;Average net earnings;A;Normal value
2403040403IND01;00;2019;71188;Tutin;43082;RSD;RSD;SORS;Average net earnings;A;Normal value
2403040403IND01;00;2019;71196;Ćićevac;41304;RSD;RSD;SORS;Average net earnings;A;Normal value
2403040403IND01;00;2019;71200;Ćuprija;44359;RSD;RSD;SORS;Average net earnings;A;Normal value
2403040403IND01;00;2019;71218;Ub;50527;RSD;RSD;SORS;Average net earnings;A;Normal value
2403040403IND01;00;2019;71226;Crna Trava;41700;RSD;RSD;SORS;Average net earnings;A;Normal value
2403040403IND01;00;2019;71234;Čajetina;42620;RSD;RSD;SORS;Average net earnings;A;Normal value
2403040403IND01;00;2019;71242;Čačak;46794;RSD;RSD;SORS;Average net earnings;A;Normal value
2403040403IND01;00;2019;71269;Šabac;48586;RSD;RSD;SORS;Average net earnings;A;Normal value
2403040403IND01;00;2019;71277;Lapovo;43868;RSD;RSD;SORS;Average net earnings;A;Normal value
2403040403IND01;00;2019;71285;Niška Banja;41898;RSD;RSD;SORS;Average net earnings;A;Normal value
2403040403IND01;00;2019;71293;Surčin;48691;RSD;RSD;SORS;Average net earnings;A;Normal value
2403040403IND01;00;2019;71307;Pantelej;47659;RSD;RSD;SORS;Average net earnings;A;Normal value
2403040403IND01;00;2019;71315;Crveni Krst;45111;RSD;RSD;SORS;Average net earnings;A;Normal value
2403040403IND01;00;2019;71323;Palilula (Niš);47922;RSD;RSD;SORS;Average net earnings;A;Normal value
2403040403IND01;00;2019;71331;Medijana;56426;RSD;RSD;SORS;Average net earnings;A;Normal value
2403040403IND01;00;2019;71340;Kostolac;67599;RSD;RSD;SORS;Average net earnings;A;Normal value
2403040403IND01;00;2019;71358;Vranjska Banja;38709;RSD;RSD;SORS;Average net earnings;A;Normal value
2403040403IND01;00;2019;71366;Sevojno;48786;RSD;RSD;SORS;Average net earnings;A;Normal value
2403040403IND01;00;2019;79022;Grad Niš;51009;RSD;RSD;SORS;Average net earnings;A;Normal value
2403040403IND01;00;2019;79049;Grad Požarevac;57150;RSD;RSD;SORS;Average net earnings;A;Normal value
2403040403IND01;00;2019;79057;Grad Vranje;45969;RSD;RSD;SORS;Average net earnings;A;Normal value
2403040403IND01;00;2019;79065;Grad Užice;52211;RSD;RSD;SORS;Average net earnings;A;Normal value
2403040403IND01;00;2019;80012;Ada;47466;RSD;RSD;SORS;Average net earnings;A;Normal value
2403040403IND01;00;2019;80039;Alibunar;44870;RSD;RSD;SORS;Average net earnings;A;Normal value
2403040403IND01;00;2019;80047;Apatin;47593;RSD;RSD;SORS;Average net earnings;A;Normal value
2403040403IND01;00;2019;80055;Bač;41795;RSD;RSD;SORS;Average net earnings;A;Normal value
2403040403IND01;00;2019;80063;Bačka Palanka;49233;RSD;RSD;SORS;Average net earnings;A;Normal value
2403040403IND01;00;2019;80071;Bačka Topola;47807;RSD;RSD;SORS;Average net earnings;A;Normal value
2403040403IND01;00;2019;80080;Bački Petrovac;45208;RSD;RSD;SORS;Average net earnings;A;Normal value
2403040403IND01;00;2019;80098;Bela Crkva;43471;RSD;RSD;SORS;Average net earnings;A;Normal value
2403040403IND01;00;2019;80101;Beočin;47089;RSD;RSD;SORS;Average net earnings;A;Normal value
2403040403IND01;00;2019;80110;Bečej;47062;RSD;RSD;SORS;Average net earnings;A;Normal value
2403040403IND01;00;2019;80128;Vršac;56456;RSD;RSD;SORS;Average net earnings;A;Normal value
2403040403IND01;00;2019;80136;Žabalj;43688;RSD;RSD;SORS;Average net earnings;A;Normal value
2403040403IND01;00;2019;80144;Žitište;46632;RSD;RSD;SORS;Average net earnings;A;Normal value
2403040403IND01;00;2019;80152;Zrenjanin;52719;RSD;RSD;SORS;Average net earnings;A;Normal value
2403040403IND01;00;2019;80179;Inđija;49953;RSD;RSD;SORS;Average net earnings;A;Normal value
2403040403IND01;00;2019;80187;Irig;43688;RSD;RSD;SORS;Average net earnings;A;Normal value
2403040403IND01;00;2019;80195;Kanjiža;46464;RSD;RSD;SORS;Average net earnings;A;Normal value
2403040403IND01;00;2019;80209;Kikinda;50648;RSD;RSD;SORS;Average net earnings;A;Normal value
2403040403IND01;00;2019;80217;Kovačica;42716;RSD;RSD;SORS;Average net earnings;A;Normal value
2403040403IND01;00;2019;80225;Kovin;52129;RSD;RSD;SORS;Average net earnings;A;Normal value
2403040403IND01;00;2019;80233;Kula;44662;RSD;RSD;SORS;Average net earnings;A;Normal value
2403040403IND01;00;2019;80241;Mali Iđoš;42151;RSD;RSD;SORS;Average net earnings;A;Normal value
2403040403IND01;00;2019;80250;Nova Crnja;47640;RSD;RSD;SORS;Average net earnings;A;Normal value
2403040403IND01;00;2019;80268;Novi Bečej;44563;RSD;RSD;SORS;Average net earnings;A;Normal value
2403040403IND01;00;2019;80276;Novi Kneževac;46460;RSD;RSD;SORS;Average net earnings;A;Normal value
2403040403IND01;00;2019;80292;Opovo;45226;RSD;RSD;SORS;Average net earnings;A;Normal value
2403040403IND01;00;2019;80306;Odžaci;44848;RSD;RSD;SORS;Average net earnings;A;Normal value
2403040403IND01;00;2019;80314;Pančevo;54134;RSD;RSD;SORS;Average net earnings;A;Normal value
2403040403IND01;00;2019;80322;Pećinci;48559;RSD;RSD;SORS;Average net earnings;A;Normal value
2403040403IND01;00;2019;80349;Plandište;45741;RSD;RSD;SORS;Average net earnings;A;Normal value
2403040403IND01;00;2019;80357;Ruma;48074;RSD;RSD;SORS;Average net earnings;A;Normal value
2403040403IND01;00;2019;80365;Senta;51327;RSD;RSD;SORS;Average net earnings;A;Normal value
2403040403IND01;00;2019;80373;Sečanj;46396;RSD;RSD;SORS;Average net earnings;A;Normal value
2403040403IND01;00;2019;80381;Sombor;48562;RSD;RSD;SORS;Average net earnings;A;Normal value
2403040403IND01;00;2019;80390;Srbobran;42308;RSD;RSD;SORS;Average net earnings;A;Normal value
2403040403IND01;00;2019;80403;Sremska Mitrovica;50247;RSD;RSD;SORS;Average net earnings;A;Normal value
2403040403IND01;00;2019;80411;Sremski Karlovci;50781;RSD;RSD;SORS;Average net earnings;A;Normal value
2403040403IND01;00;2019;80420;Stara Pazova;49044;RSD;RSD;SORS;Average net earnings;A;Normal value
2403040403IND01;00;2019;80438;Subotica;51236;RSD;RSD;SORS;Average net earnings;A;Normal value
2403040403IND01;00;2019;80446;Temerin;47027;RSD;RSD;SORS;Average net earnings;A;Normal value
2403040403IND01;00;2019;80454;Titel;52926;RSD;RSD;SORS;Average net earnings;A;Normal value
2403040403IND01;00;2019;80462;Vrbas;46701;RSD;RSD;SORS;Average net earnings;A;Normal value
2403040403IND01;00;2019;80489;Čoka;44886;RSD;RSD;SORS;Average net earnings;A;Normal value
2403040403IND01;00;2019;80497;Šid;44369;RSD;RSD;SORS;Average net earnings;A;Normal value
2403040403IND01;00;2019;89010;Grad Novi Sad;60466;RSD;RSD;SORS;Average net earnings;A;Normal value
2403040403IND01;00;2019;RS;REPUBLIC OF SERBIA;54919;RSD;RSD;SORS;Average net earnings;A;Normal value
2403040403IND01;00;2019;RS1;SRBIJA – SEVER;60474;RSD;RSD;SORS;Average net earnings;A;Normal value
2403040403IND01;00;2019;RS11;Beogradski region;68140;RSD;RSD;SORS;Average net earnings;A;Normal value
2403040403IND01;00;2019;RS110;Beogradska oblast;68140;RSD;RSD;SORS;Average net earnings;A;Normal value
2403040403IND01;00;2019;RS12;Region Vojvodine;51965;RSD;RSD;SORS;Average net earnings;A;Normal value
2403040403IND01;00;2019;RS121;Zapadnobačka oblast;46924;RSD;RSD;SORS;Average net earnings;A;Normal value
2403040403IND01;00;2019;RS122;Južnobanatska oblast;52278;RSD;RSD;SORS;Average net earnings;A;Normal value
2403040403IND01;00;2019;RS123;Južnobačka oblast;55618;RSD;RSD;SORS;Average net earnings;A;Normal value
2403040403IND01;00;2019;RS124;Severnobanatska oblast;49138;RSD;RSD;SORS;Average net earnings;A;Normal value
2403040403IND01;00;2019;RS125;Severnobačka oblast;50291;RSD;RSD;SORS;Average net earnings;A;Normal value
2403040403IND01;00;2019;RS126;Srednjobanatska oblast;50879;RSD;RSD;SORS;Average net earnings;A;Normal value
2403040403IND01;00;2019;RS127;Sremska oblast;48752;RSD;RSD;SORS;Average net earnings;A;Normal value
2403040403IND01;00;2019;RS2;SRBIJA – JUG;47460;RSD;RSD;SORS;Average net earnings;A;Normal value
2403040403IND01;00;2019;RS21;Region Šumadije i Zapadne Srbije;46826;RSD;RSD;SORS;Average net earnings;A;Normal value
2403040403IND01;00;2019;RS211;Zlatiborska oblast;46800;RSD;RSD;SORS;Average net earnings;A;Normal value
2403040403IND01;00;2019;RS212;Kolubarska oblast;49951;RSD;RSD;SORS;Average net earnings;A;Normal value
2403040403IND01;00;2019;RS213;Mačvanska oblast;45748;RSD;RSD;SORS;Average net earnings;A;Normal value
2403040403IND01;00;2019;RS214;Moravička oblast;47271;RSD;RSD;SORS;Average net earnings;A;Normal value
2403040403IND01;00;2019;RS215;Pomoravska oblast;44676;RSD;RSD;SORS;Average net earnings;A;Normal value
2403040403IND01;00;2019;RS216;Rasinska oblast;44707;RSD;RSD;SORS;Average net earnings;A;Normal value
2403040403IND01;00;2019;RS217;Raška oblast;44304;RSD;RSD;SORS;Average net earnings;A;Normal value
2403040403IND01;00;2019;RS218;Šumadijska oblast;50425;RSD;RSD;SORS;Average net earnings;A;Normal value
2403040403IND01;00;2019;RS22;Region Južne i Istočne Srbije;48260;RSD;RSD;SORS;Average net earnings;A;Normal value
2403040403IND01;00;2019;RS221;Borska oblast;54977;RSD;RSD;SORS;Average net earnings;A;Normal value
2403040403IND01;00;2019;RS222;Braničevska oblast;51362;RSD;RSD;SORS;Average net earnings;A;Normal value
2403040403IND01;00;2019;RS223;Zaječarska oblast;45971;RSD;RSD;SORS;Average net earnings;A;Normal value
2403040403IND01;00;2019;RS224;Jablanička oblast;42518;RSD;RSD;SORS;Average net earnings;A;Normal value
2403040403IND01;00;2019;RS225;Nišavska oblast;48963;RSD;RSD;SORS;Average net earnings;A;Normal value
2403040403IND01;00;2019;RS226;Pirotska oblast;50614;RSD;RSD;SORS;Average net earnings;A;Normal value
2403040403IND01;00;2019;RS227;Podunavska oblast;51125;RSD;RSD;SORS;Average net earnings;A;Normal value
2403040403IND01;00;2019;RS228;Pčinjska oblast;44468;RSD;RSD;SORS;Average net earnings;A;Normal value
2403040403IND01;00;2019;RS229;Toplička oblast;44688;RSD;RSD;SORS;Average net earnings;A;Normal value
2403040403IND01;00;2020;70017;Aleksandrovac;45760;RSD;RSD;SORS;Average net earnings;A;Normal value
2403040403IND01;00;2020;70025;Aleksinac;48465;RSD;RSD;SORS;Average net earnings;A;Normal value
2403040403IND01;00;2020;70033;Aranđelovac;52641;RSD;RSD;SORS;Average net earnings;A;Normal value
2403040403IND01;00;2020;70041;Arilje;44145;RSD;RSD;SORS;Average net earnings;A;Normal value
2403040403IND01;00;2020;70050;Babušnica;47209;RSD;RSD;SORS;Average net earnings;A;Normal value
2403040403IND01;00;2020;70068;Bajina Bašta;47119;RSD;RSD;SORS;Average net earnings;A;Normal value
2403040403IND01;00;2020;70076;Batočina;47318;RSD;RSD;SORS;Average net earnings;A;Normal value
2403040403IND01;00;2020;70084;Bela Palanka;45047;RSD;RSD;SORS;Average net earnings;A;Normal value
2403040403IND01;00;2020;70092;Barajevo;52383;RSD;RSD;SORS;Average net earnings;A;Normal value
2403040403IND01;00;2020;70106;Voždovac;77230;RSD;RSD;SORS;Average net earnings;A;Normal value
2403040403IND01;00;2020;70114;Vračar;97917;RSD;RSD;SORS;Average net earnings;A;Normal value
2403040403IND01;00;2020;70122;Grocka;52487;RSD;RSD;SORS;Average net earnings;A;Normal value
2403040403IND01;00;2020;70149;Zvezdara;76423;RSD;RSD;SORS;Average net earnings;A;Normal value
2403040403IND01;00;2020;70157;Zemun;68557;RSD;RSD;SORS;Average net earnings;A;Normal value
2403040403IND01;00;2020;70165;Lazarevac;73717;RSD;RSD;SORS;Average net earnings;A;Normal value
2403040403IND01;00;2020;70173;Mladenovac;50882;RSD;RSD;SORS;Average net earnings;A;Normal value
2403040403IND01;00;2020;70181;Novi Beograd;94858;RSD;RSD;SORS;Average net earnings;A;Normal value
2403040403IND01;00;2020;70190;Obrenovac;60197;RSD;RSD;SORS;Average net earnings;A;Normal value
2403040403IND01;00;2020;70203;Palilula (Beograd);67107;RSD;RSD;SORS;Average net earnings;A;Normal value
2403040403IND01;00;2020;70211;Rakovica;67327;RSD;RSD;SORS;Average net earnings;A;Normal value
2403040403IND01;00;2020;70220;Savski venac;86637;RSD;RSD;SORS;Average net earnings;A;Normal value
2403040403IND01;00;2020;70238;Sopot;50184;RSD;RSD;SORS;Average net earnings;A;Normal value
2403040403IND01;00;2020;70246;Stari grad;93549;RSD;RSD;SORS;Average net earnings;A;Normal value
2403040403IND01;00;2020;70254;Čukarica;71415;RSD;RSD;SORS;Average net earnings;A;Normal value
2403040403IND01;00;2020;70262;Blace;45103;RSD;RSD;SORS;Average net earnings;A;Normal value
2403040403IND01;00;2020;70289;Bogatić;46231;RSD;RSD;SORS;Average net earnings;A;Normal value
2403040403IND01;00;2020;70297;Bojnik;41818;RSD;RSD;SORS;Average net earnings;A;Normal value
2403040403IND01;00;2020;70319;Boljevac;50331;RSD;RSD;SORS;Average net earnings;A;Normal value
2403040403IND01;00;2020;70327;Bor;69468;RSD;RSD;SORS;Average net earnings;A;Normal value
2403040403IND01;00;2020;70335;Bosilegrad;46717;RSD;RSD;SORS;Average net earnings;A;Normal value
2403040403IND01;00;2020;70343;Brus;45706;RSD;RSD;SORS;Average net earnings;A;Normal value
2403040403IND01;00;2020;70351;Bujanovac;44024;RSD;RSD;SORS;Average net earnings;A;Normal value
2403040403IND01;00;2020;70360;Valjevo;53546;RSD;RSD;SORS;Average net earnings;A;Normal value
2403040403IND01;00;2020;70378;Varvarin;42963;RSD;RSD;SORS;Average net earnings;A;Normal value
2403040403IND01;00;2020;70386;Velika Plana;51227;RSD;RSD;SORS;Average net earnings;A;Normal value
2403040403IND01;00;2020;70394;Veliko Gradište;46009;RSD;RSD;SORS;Average net earnings;A;Normal value
2403040403IND01;00;2020;70408;Vladimirci;46314;RSD;RSD;SORS;Average net earnings;A;Normal value
2403040403IND01;00;2020;70416;Vladičin Han;49238;RSD;RSD;SORS;Average net earnings;A;Normal value
2403040403IND01;00;2020;70424;Vlasotince;42114;RSD;RSD;SORS;Average net earnings;A;Normal value
2403040403IND01;00;2020;70432;Vranje;49838;RSD;RSD;SORS;Average net earnings;A;Normal value
2403040403IND01;00;2020;70459;Vrnjačka Banja;45442;RSD;RSD;SORS;Average net earnings;A;Normal value
2403040403IND01;00;2020;70467;Gadžin Han;42648;RSD;RSD;SORS;Average net earnings;A;Normal value
2403040403IND01;00;2020;70475;Golubac;45936;RSD;RSD;SORS;Average net earnings;A;Normal value
2403040403IND01;00;2020;70483;Gornji Milanovac;53953;RSD;RSD;SORS;Average net earnings;A;Normal value
2403040403IND01;00;2020;70491;Despotovac;50517;RSD;RSD;SORS;Average net earnings;A;Normal value
2403040403IND01;00;2020;70505;Dimitrovgrad;46543;RSD;RSD;SORS;Average net earnings;A;Normal value
2403040403IND01;00;2020;70513;Doljevac;46368;RSD;RSD;SORS;Average net earnings;A;Normal value
2403040403IND01;00;2020;70521;Žabari;45531;RSD;RSD;SORS;Average net earnings;A;Normal value
2403040403IND01;00;2020;70530;Žagubica;48807;RSD;RSD;SORS;Average net earnings;A;Normal value
2403040403IND01;00;2020;70548;Žitorađa;47799;RSD;RSD;SORS;Average net earnings;A;Normal value
2403040403IND01;00;2020;70556;Zaječar;52912;RSD;RSD;SORS;Average net earnings;A;Normal value
2403040403IND01;00;2020;70564;Ivanjica;43665;RSD;RSD;SORS;Average net earnings;A;Normal value
2403040403IND01;00;2020;70572;Kladovo;54135;RSD;RSD;SORS;Average net earnings;A;Normal value
2403040403IND01;00;2020;70599;Knić;48741;RSD;RSD;SORS;Average net earnings;A;Normal value
2403040403IND01;00;2020;70602;Knjaževac;45303;RSD;RSD;SORS;Average net earnings;A;Normal value
2403040403IND01;00;2020;70629;Kosjerić;51108;RSD;RSD;SORS;Average net earnings;A;Normal value
2403040403IND01;00;2020;70637;Koceljeva;45642;RSD;RSD;SORS;Average net earnings;A;Normal value
2403040403IND01;00;2020;70645;Kragujevac;57400;RSD;RSD;SORS;Average net earnings;A;Normal value
2403040403IND01;00;2020;70653;Kraljevo;50907;RSD;RSD;SORS;Average net earnings;A;Normal value
2403040403IND01;00;2020;70661;Krupanj;44101;RSD;RSD;SORS;Average net earnings;A;Normal value
2403040403IND01;00;2020;70670;Kruševac;50471;RSD;RSD;SORS;Average net earnings;A;Normal value
2403040403IND01;00;2020;70688;Kuršumlija;48470;RSD;RSD;SORS;Average net earnings;A;Normal value
2403040403IND01;00;2020;70696;Kučevo;46751;RSD;RSD;SORS;Average net earnings;A;Normal value
2403040403IND01;00;2020;70700;Lajkovac;67763;RSD;RSD;SORS;Average net earnings;A;Normal value
2403040403IND01;00;2020;70718;Lebane;44213;RSD;RSD;SORS;Average net earnings;A;Normal value
2403040403IND01;00;2020;70726;Leskovac;47509;RSD;RSD;SORS;Average net earnings;A;Normal value
2403040403IND01;00;2020;70734;Loznica;47956;RSD;RSD;SORS;Average net earnings;A;Normal value
2403040403IND01;00;2020;70742;Lučani;55986;RSD;RSD;SORS;Average net earnings;A;Normal value
2403040403IND01;00;2020;70769;Ljig;54002;RSD;RSD;SORS;Average net earnings;A;Normal value
2403040403IND01;00;2020;70777;Ljubovija;50154;RSD;RSD;SORS;Average net earnings;A;Normal value
2403040403IND01;00;2020;70785;Majdanpek;63910;RSD;RSD;SORS;Average net earnings;A;Normal value
2403040403IND01;00;2020;70793;Mali Zvornik;48737;RSD;RSD;SORS;Average net earnings;A;Normal value
2403040403IND01;00;2020;70807;Malo Crniće;46232;RSD;RSD;SORS;Average net earnings;A;Normal value
2403040403IND01;00;2020;70815;Medveđa;52345;RSD;RSD;SORS;Average net earnings;A;Normal value
2403040403IND01;00;2020;70823;Merošina;44604;RSD;RSD;SORS;Average net earnings;A;Normal value
2403040403IND01;00;2020;70831;Mionica;47440;RSD;RSD;SORS;Average net earnings;A;Normal value
2403040403IND01;00;2020;70840;Negotin;51060;RSD;RSD;SORS;Average net earnings;A;Normal value
2403040403IND01;00;2020;70866;Nova Varoš;47958;RSD;RSD;SORS;Average net earnings;A;Normal value
2403040403IND01;00;2020;70874;Novi Pazar;45475;RSD;RSD;SORS;Average net earnings;A;Normal value
2403040403IND01;00;2020;70882;Osečina;46133;RSD;RSD;SORS;Average net earnings;A;Normal value
2403040403IND01;00;2020;70904;Paraćin;49204;RSD;RSD;SORS;Average net earnings;A;Normal value
2403040403IND01;00;2020;70912;Petrovac na Mlavi;45884;RSD;RSD;SORS;Average net earnings;A;Normal value
2403040403IND01;00;2020;70939;Pirot;57220;RSD;RSD;SORS;Average net earnings;A;Normal value
2403040403IND01;00;2020;70947;Požarevac;60311;RSD;RSD;SORS;Average net earnings;A;Normal value
2403040403IND01;00;2020;70955;Požega;50372;RSD;RSD;SORS;Average net earnings;A;Normal value
2403040403IND01;00;2020;70963;Preševo;44091;RSD;RSD;SORS;Average net earnings;A;Normal value
2403040403IND01;00;2020;70971;Priboj;48709;RSD;RSD;SORS;Average net earnings;A;Normal value
2403040403IND01;00;2020;70980;Prijepolje;46059;RSD;RSD;SORS;Average net earnings;A;Normal value
2403040403IND01;00;2020;70998;Prokuplje;51108;RSD;RSD;SORS;Average net earnings;A;Normal value
2403040403IND01;00;2020;71005;Ražanj;43013;RSD;RSD;SORS;Average net earnings;A;Normal value
2403040403IND01;00;2020;71013;Rača;48156;RSD;RSD;SORS;Average net earnings;A;Normal value
2403040403IND01;00;2020;71021;Raška;47783;RSD;RSD;SORS;Average net earnings;A;Normal value
2403040403IND01;00;2020;71030;Rekovac;46207;RSD;RSD;SORS;Average net earnings;A;Normal value
2403040403IND01;00;2020;71048;Jagodina;48897;RSD;RSD;SORS;Average net earnings;A;Normal value
2403040403IND01;00;2020;71056;Svilajnac;47417;RSD;RSD;SORS;Average net earnings;A;Normal value
2403040403IND01;00;2020;71064;Svrljig;42570;RSD;RSD;SORS;Average net earnings;A;Normal value
2403040403IND01;00;2020;71072;Sjenica;47391;RSD;RSD;SORS;Average net earnings;A;Normal value
2403040403IND01;00;2020;71099;Smederevo;56930;RSD;RSD;SORS;Average net earnings;A;Normal value
2403040403IND01;00;2020;71102;Smederevska Palanka;50089;RSD;RSD;SORS;Average net earnings;A;Normal value
2403040403IND01;00;2020;71129;Sokobanja;49197;RSD;RSD;SORS;Average net earnings;A;Normal value
2403040403IND01;00;2020;71137;Surdulica;49646;RSD;RSD;SORS;Average net earnings;A;Normal value
2403040403IND01;00;2020;71145;Užice;56995;RSD;RSD;SORS;Average net earnings;A;Normal value
2403040403IND01;00;2020;71153;Topola;46955;RSD;RSD;SORS;Average net earnings;A;Normal value
2403040403IND01;00;2020;71161;Trgovište;46988;RSD;RSD;SORS;Average net earnings;A;Normal value
2403040403IND01;00;2020;71170;Trstenik;46248;RSD;RSD;SORS;Average net earnings;A;Normal value
2403040403IND01;00;2020;71188;Tutin;47163;RSD;RSD;SORS;Average net earnings;A;Normal value
2403040403IND01;00;2020;71196;Ćićevac;45731;RSD;RSD;SORS;Average net earnings;A;Normal value
2403040403IND01;00;2020;71200;Ćuprija;49119;RSD;RSD;SORS;Average net earnings;A;Normal value
2403040403IND01;00;2020;71218;Ub;53743;RSD;RSD;SORS;Average net earnings;A;Normal value
2403040403IND01;00;2020;71226;Crna Trava;46773;RSD;RSD;SORS;Average net earnings;A;Normal value
2403040403IND01;00;2020;71234;Čajetina;46417;RSD;RSD;SORS;Average net earnings;A;Normal value
2403040403IND01;00;2020;71242;Čačak;51415;RSD;RSD;SORS;Average net earnings;A;Normal value
2403040403IND01;00;2020;71269;Šabac;53474;RSD;RSD;SORS;Average net earnings;A;Normal value
2403040403IND01;00;2020;71277;Lapovo;47627;RSD;RSD;SORS;Average net earnings;A;Normal value
2403040403IND01;00;2020;71285;Niška Banja;46916;RSD;RSD;SORS;Average net earnings;A;Normal value
2403040403IND01;00;2020;71293;Surčin;53382;RSD;RSD;SORS;Average net earnings;A;Normal value
2403040403IND01;00;2020;71307;Pantelej;53609;RSD;RSD;SORS;Average net earnings;A;Normal value
2403040403IND01;00;2020;71315;Crveni Krst;50130;RSD;RSD;SORS;Average net earnings;A;Normal value
2403040403IND01;00;2020;71323;Palilula (Niš);53675;RSD;RSD;SORS;Average net earnings;A;Normal value
2403040403IND01;00;2020;71331;Medijana;62907;RSD;RSD;SORS;Average net earnings;A;Normal value
2403040403IND01;00;2020;71340;Kostolac;73269;RSD;RSD;SORS;Average net earnings;A;Normal value
2403040403IND01;00;2020;71358;Vranjska Banja;43056;RSD;RSD;SORS;Average net earnings;A;Normal value
2403040403IND01;00;2020;71366;Sevojno;50529;RSD;RSD;SORS;Average net earnings;A;Normal value
2403040403IND01;00;2020;79022;Grad Niš;57009;RSD;RSD;SORS;Average net earnings;A;Normal value
2403040403IND01;00;2020;79049;Grad Požarevac;62276;RSD;RSD;SORS;Average net earnings;A;Normal value
2403040403IND01;00;2020;79057;Grad Vranje;49678;RSD;RSD;SORS;Average net earnings;A;Normal value
2403040403IND01;00;2020;79065;Grad Užice;56794;RSD;RSD;SORS;Average net earnings;A;Normal value
2403040403IND01;00;2020;80012;Ada;49423;RSD;RSD;SORS;Average net earnings;A;Normal value
2403040403IND01;00;2020;80039;Alibunar;49877;RSD;RSD;SORS;Average net earnings;A;Normal value
2403040403IND01;00;2020;80047;Apatin;50869;RSD;RSD;SORS;Average net earnings;A;Normal value
2403040403IND01;00;2020;80055;Bač;45854;RSD;RSD;SORS;Average net earnings;A;Normal value
2403040403IND01;00;2020;80063;Bačka Palanka;53069;RSD;RSD;SORS;Average net earnings;A;Normal value
2403040403IND01;00;2020;80071;Bačka Topola;51265;RSD;RSD;SORS;Average net earnings;A;Normal value
2403040403IND01;00;2020;80080;Bački Petrovac;49556;RSD;RSD;SORS;Average net earnings;A;Normal value
2403040403IND01;00;2020;80098;Bela Crkva;48855;RSD;RSD;SORS;Average net earnings;A;Normal value
2403040403IND01;00;2020;80101;Beočin;51863;RSD;RSD;SORS;Average net earnings;A;Normal value
2403040403IND01;00;2020;80110;Bečej;51390;RSD;RSD;SORS;Average net earnings;A;Normal value
2403040403IND01;00;2020;80128;Vršac;61702;RSD;RSD;SORS;Average net earnings;A;Normal value
2403040403IND01;00;2020;80136;Žabalj;47655;RSD;RSD;SORS;Average net earnings;A;Normal value
2403040403IND01;00;2020;80144;Žitište;50431;RSD;RSD;SORS;Average net earnings;A;Normal value
2403040403IND01;00;2020;80152;Zrenjanin;57231;RSD;RSD;SORS;Average net earnings;A;Normal value
2403040403IND01;00;2020;80179;Inđija;54980;RSD;RSD;SORS;Average net earnings;A;Normal value
2403040403IND01;00;2020;80187;Irig;47982;RSD;RSD;SORS;Average net earnings;A;Normal value
2403040403IND01;00;2020;80195;Kanjiža;50257;RSD;RSD;SORS;Average net earnings;A;Normal value
2403040403IND01;00;2020;80209;Kikinda;54819;RSD;RSD;SORS;Average net earnings;A;Normal value
2403040403IND01;00;2020;80217;Kovačica;47196;RSD;RSD;SORS;Average net earnings;A;Normal value
2403040403IND01;00;2020;80225;Kovin;54927;RSD;RSD;SORS;Average net earnings;A;Normal value
2403040403IND01;00;2020;80233;Kula;49431;RSD;RSD;SORS;Average net earnings;A;Normal value
2403040403IND01;00;2020;80241;Mali Iđoš;46558;RSD;RSD;SORS;Average net earnings;A;Normal value
2403040403IND01;00;2020;80250;Nova Crnja;51543;RSD;RSD;SORS;Average net earnings;A;Normal value
2403040403IND01;00;2020;80268;Novi Bečej;48951;RSD;RSD;SORS;Average net earnings;A;Normal value
2403040403IND01;00;2020;80276;Novi Kneževac;51113;RSD;RSD;SORS;Average net earnings;A;Normal value
2403040403IND01;00;2020;80292;Opovo;50270;RSD;RSD;SORS;Average net earnings;A;Normal value
2403040403IND01;00;2020;80306;Odžaci;48113;RSD;RSD;SORS;Average net earnings;A;Normal value
2403040403IND01;00;2020;80314;Pančevo;59363;RSD;RSD;SORS;Average net earnings;A;Normal value
2403040403IND01;00;2020;80322;Pećinci;52945;RSD;RSD;SORS;Average net earnings;A;Normal value
2403040403IND01;00;2020;80349;Plandište;49512;RSD;RSD;SORS;Average net earnings;A;Normal value
2403040403IND01;00;2020;80357;Ruma;52433;RSD;RSD;SORS;Average net earnings;A;Normal value
2403040403IND01;00;2020;80365;Senta;55690;RSD;RSD;SORS;Average net earnings;A;Normal value
2403040403IND01;00;2020;80373;Sečanj;50304;RSD;RSD;SORS;Average net earnings;A;Normal value
2403040403IND01;00;2020;80381;Sombor;53632;RSD;RSD;SORS;Average net earnings;A;Normal value
2403040403IND01;00;2020;80390;Srbobran;46144;RSD;RSD;SORS;Average net earnings;A;Normal value
2403040403IND01;00;2020;80403;Sremska Mitrovica;55018;RSD;RSD;SORS;Average net earnings;A;Normal value
2403040403IND01;00;2020;80411;Sremski Karlovci;56078;RSD;RSD;SORS;Average net earnings;A;Normal value
2403040403IND01;00;2020;80420;Stara Pazova;54028;RSD;RSD;SORS;Average net earnings;A;Normal value
2403040403IND01;00;2020;80438;Subotica;55698;RSD;RSD;SORS;Average net earnings;A;Normal value
2403040403IND01;00;2020;80446;Temerin;51673;RSD;RSD;SORS;Average net earnings;A;Normal value
2403040403IND01;00;2020;80454;Titel;56051;RSD;RSD;SORS;Average net earnings;A;Normal value
2403040403IND01;00;2020;80462;Vrbas;50728;RSD;RSD;SORS;Average net earnings;A;Normal value
2403040403IND01;00;2020;80489;Čoka;48719;RSD;RSD;SORS;Average net earnings;A;Normal value
2403040403IND01;00;2020;80497;Šid;49248;RSD;RSD;SORS;Average net earnings;A;Normal value
2403040403IND01;00;2020;89010;Grad Novi Sad;67957;RSD;RSD;SORS;Average net earnings;A;Normal value
2403040403IND01;00;2020;RS;REPUBLIC OF SERBIA;60073;RSD;RSD;SORS;Average net earnings;A;Normal value
2403040403IND01;00;2020;RS1;SRBIJA – SEVER;66250;RSD;RSD;SORS;Average net earnings;A;Normal value
2403040403IND01;00;2020;RS11;Beogradski region;74311;RSD;RSD;SORS;Average net earnings;A;Normal value
2403040403IND01;00;2020;RS110;Beogradska oblast;74311;RSD;RSD;SORS;Average net earnings;A;Normal value
2403040403IND01;00;2020;RS12;Region Vojvodine;57186;RSD;RSD;SORS;Average net earnings;A;Normal value
2403040403IND01;00;2020;RS121;Zapadnobačka oblast;51362;RSD;RSD;SORS;Average net earnings;A;Normal value
2403040403IND01;00;2020;RS122;Južnobanatska oblast;57125;RSD;RSD;SORS;Average net earnings;A;Normal value
2403040403IND01;00;2020;RS123;Južnobačka oblast;61953;RSD;RSD;SORS;Average net earnings;A;Normal value
2403040403IND01;00;2020;RS124;Severnobanatska oblast;53034;RSD;RSD;SORS;Average net earnings;A;Normal value
2403040403IND01;00;2020;RS125;Severnobačka oblast;54612;RSD;RSD;SORS;Average net earnings;A;Normal value
2403040403IND01;00;2020;RS126;Srednjobanatska oblast;55263;RSD;RSD;SORS;Average net earnings;A;Normal value
2403040403IND01;00;2020;RS127;Sremska oblast;53507;RSD;RSD;SORS;Average net earnings;A;Normal value
2403040403IND01;00;2020;RS2;SRBIJA – JUG;51864;RSD;RSD;SORS;Average net earnings;A;Normal value
2403040403IND01;00;2020;RS21;Region Šumadije i Zapadne Srbije;51068;RSD;RSD;SORS;Average net earnings;A;Normal value
2403040403IND01;00;2020;RS211;Zlatiborska oblast;50890;RSD;RSD;SORS;Average net earnings;A;Normal value
2403040403IND01;00;2020;RS212;Kolubarska oblast;54277;RSD;RSD;SORS;Average net earnings;A;Normal value
2403040403IND01;00;2020;RS213;Mačvanska oblast;50207;RSD;RSD;SORS;Average net earnings;A;Normal value
2403040403IND01;00;2020;RS214;Moravička oblast;51329;RSD;RSD;SORS;Average net earnings;A;Normal value
2403040403IND01;00;2020;RS215;Pomoravska oblast;48920;RSD;RSD;SORS;Average net earnings;A;Normal value
2403040403IND01;00;2020;RS216;Rasinska oblast;48564;RSD;RSD;SORS;Average net earnings;A;Normal value
2403040403IND01;00;2020;RS217;Raška oblast;48509;RSD;RSD;SORS;Average net earnings;A;Normal value
2403040403IND01;00;2020;RS218;Šumadijska oblast;55042;RSD;RSD;SORS;Average net earnings;A;Normal value
2403040403IND01;00;2020;RS22;Region Južne i Istočne Srbije;52875;RSD;RSD;SORS;Average net earnings;A;Normal value
2403040403IND01;00;2020;RS221;Borska oblast;61864;RSD;RSD;SORS;Average net earnings;A;Normal value
2403040403IND01;00;2020;RS222;Braničevska oblast;55958;RSD;RSD;SORS;Average net earnings;A;Normal value
2403040403IND01;00;2020;RS223;Zaječarska oblast;50255;RSD;RSD;SORS;Average net earnings;A;Normal value
2403040403IND01;00;2020;RS224;Jablanička oblast;46430;RSD;RSD;SORS;Average net earnings;A;Normal value
2403040403IND01;00;2020;RS225;Nišavska oblast;54674;RSD;RSD;SORS;Average net earnings;A;Normal value
2403040403IND01;00;2020;RS226;Pirotska oblast;54044;RSD;RSD;SORS;Average net earnings;A;Normal value
2403040403IND01;00;2020;RS227;Podunavska oblast;54454;RSD;RSD;SORS;Average net earnings;A;Normal value
2403040403IND01;00;2020;RS228;Pčinjska oblast;48272;RSD;RSD;SORS;Average net earnings;A;Normal value
2403040403IND01;00;2020;RS229;Toplička oblast;49478;RSD;RSD;SORS;Average net earnings;A;Normal value
2403040403IND01;00;2021;70017;Aleksandrovac;50242;RSD;RSD;SORS;Average net earnings;A;Normal value
2403040403IND01;00;2021;70025;Aleksinac;52944;RSD;RSD;SORS;Average net earnings;A;Normal value
2403040403IND01;00;2021;70033;Aranđelovac;57545;RSD;RSD;SORS;Average net earnings;A;Normal value
2403040403IND01;00;2021;70041;Arilje;48942;RSD;RSD;SORS;Average net earnings;A;Normal value
2403040403IND01;00;2021;70050;Babušnica;52242;RSD;RSD;SORS;Average net earnings;A;Normal value
2403040403IND01;00;2021;70068;Bajina Bašta;51376;RSD;RSD;SORS;Average net earnings;A;Normal value
2403040403IND01;00;2021;70076;Batočina;51292;RSD;RSD;SORS;Average net earnings;A;Normal value
2403040403IND01;00;2021;70084;Bela Palanka;48708;RSD;RSD;SORS;Average net earnings;A;Normal value
2403040403IND01;00;2021;70092;Barajevo;56902;RSD;RSD;SORS;Average net earnings;A;Normal value
2403040403IND01;00;2021;70106;Voždovac;86175;RSD;RSD;SORS;Average net earnings;A;Normal value
2403040403IND01;00;2021;70114;Vračar;109127;RSD;RSD;SORS;Average net earnings;A;Normal value
2403040403IND01;00;2021;70122;Grocka;57350;RSD;RSD;SORS;Average net earnings;A;Normal value
2403040403IND01;00;2021;70149;Zvezdara;84339;RSD;RSD;SORS;Average net earnings;A;Normal value
2403040403IND01;00;2021;70157;Zemun;75777;RSD;RSD;SORS;Average net earnings;A;Normal value
2403040403IND01;00;2021;70165;Lazarevac;76856;RSD;RSD;SORS;Average net earnings;A;Normal value
2403040403IND01;00;2021;70173;Mladenovac;55554;RSD;RSD;SORS;Average net earnings;A;Normal value
2403040403IND01;00;2021;70181;Novi Beograd;105613;RSD;RSD;SORS;Average net earnings;A;Normal value
2403040403IND01;00;2021;70190;Obrenovac;65472;RSD;RSD;SORS;Average net earnings;A;Normal value
2403040403IND01;00;2021;70203;Palilula (Beograd);73999;RSD;RSD;SORS;Average net earnings;A;Normal value
2403040403IND01;00;2021;70211;Rakovica;74102;RSD;RSD;SORS;Average net earnings;A;Normal value
2403040403IND01;00;2021;70220;Savski venac;98646;RSD;RSD;SORS;Average net earnings;A;Normal value
2403040403IND01;00;2021;70238;Sopot;54653;RSD;RSD;SORS;Average net earnings;A;Normal value
2403040403IND01;00;2021;70246;Stari grad;105104;RSD;RSD;SORS;Average net earnings;A;Normal value
2403040403IND01;00;2021;70254;Čukarica;78961;RSD;RSD;SORS;Average net earnings;A;Normal value
2403040403IND01;00;2021;70262;Blace;47297;RSD;RSD;SORS;Average net earnings;A;Normal value
2403040403IND01;00;2021;70289;Bogatić;49787;RSD;RSD;SORS;Average net earnings;A;Normal value
2403040403IND01;00;2021;70297;Bojnik;45019;RSD;RSD;SORS;Average net earnings;A;Normal value
2403040403IND01;00;2021;70319;Boljevac;55670;RSD;RSD;SORS;Average net earnings;A;Normal value
2403040403IND01;00;2021;70327;Bor;77390;RSD;RSD;SORS;Average net earnings;A;Normal value
2403040403IND01;00;2021;70335;Bosilegrad;48556;RSD;RSD;SORS;Average net earnings;A;Normal value
2403040403IND01;00;2021;70343;Brus;50670;RSD;RSD;SORS;Average net earnings;A;Normal value
2403040403IND01;00;2021;70351;Bujanovac;47328;RSD;RSD;SORS;Average net earnings;A;Normal value
2403040403IND01;00;2021;70360;Valjevo;58347;RSD;RSD;SORS;Average net earnings;A;Normal value
2403040403IND01;00;2021;70378;Varvarin;48398;RSD;RSD;SORS;Average net earnings;A;Normal value
2403040403IND01;00;2021;70386;Velika Plana;56739;RSD;RSD;SORS;Average net earnings;A;Normal value
2403040403IND01;00;2021;70394;Veliko Gradište;49546;RSD;RSD;SORS;Average net earnings;A;Normal value
2403040403IND01;00;2021;70408;Vladimirci;50409;RSD;RSD;SORS;Average net earnings;A;Normal value
2403040403IND01;00;2021;70416;Vladičin Han;53118;RSD;RSD;SORS;Average net earnings;A;Normal value
2403040403IND01;00;2021;70424;Vlasotince;45575;RSD;RSD;SORS;Average net earnings;A;Normal value
2403040403IND01;00;2021;70432;Vranje;54029;RSD;RSD;SORS;Average net earnings;A;Normal value
2403040403IND01;00;2021;70459;Vrnjačka Banja;49619;RSD;RSD;SORS;Average net earnings;A;Normal value
2403040403IND01;00;2021;70467;Gadžin Han;46727;RSD;RSD;SORS;Average net earnings;A;Normal value
2403040403IND01;00;2021;70475;Golubac;49430;RSD;RSD;SORS;Average net earnings;A;Normal value
2403040403IND01;00;2021;70483;Gornji Milanovac;59247;RSD;RSD;SORS;Average net earnings;A;Normal value
2403040403IND01;00;2021;70491;Despotovac;52939;RSD;RSD;SORS;Average net earnings;A;Normal value
2403040403IND01;00;2021;70505;Dimitrovgrad;50409;RSD;RSD;SORS;Average net earnings;A;Normal value
2403040403IND01;00;2021;70513;Doljevac;49584;RSD;RSD;SORS;Average net earnings;A;Normal value
2403040403IND01;00;2021;70521;Žabari;49837;RSD;RSD;SORS;Average net earnings;A;Normal value
2403040403IND01;00;2021;70530;Žagubica;52827;RSD;RSD;SORS;Average net earnings;A;Normal value
2403040403IND01;00;2021;70548;Žitorađa;50509;RSD;RSD;SORS;Average net earnings;A;Normal value
2403040403IND01;00;2021;70556;Zaječar;56615;RSD;RSD;SORS;Average net earnings;A;Normal value
2403040403IND01;00;2021;70564;Ivanjica;47905;RSD;RSD;SORS;Average net earnings;A;Normal value
2403040403IND01;00;2021;70572;Kladovo;57971;RSD;RSD;SORS;Average net earnings;A;Normal value
2403040403IND01;00;2021;70599;Knić;52103;RSD;RSD;SORS;Average net earnings;A;Normal value
2403040403IND01;00;2021;70602;Knjaževac;49462;RSD;RSD;SORS;Average net earnings;A;Normal value
2403040403IND01;00;2021;70629;Kosjerić;55773;RSD;RSD;SORS;Average net earnings;A;Normal value
2403040403IND01;00;2021;70637;Koceljeva;48927;RSD;RSD;SORS;Average net earnings;A;Normal value
2403040403IND01;00;2021;70645;Kragujevac;63345;RSD;RSD;SORS;Average net earnings;A;Normal value
2403040403IND01;00;2021;70653;Kraljevo;55407;RSD;RSD;SORS;Average net earnings;A;Normal value
2403040403IND01;00;2021;70661;Krupanj;48303;RSD;RSD;SORS;Average net earnings;A;Normal value
2403040403IND01;00;2021;70670;Kruševac;56542;RSD;RSD;SORS;Average net earnings;A;Normal value
2403040403IND01;00;2021;70688;Kuršumlija;51667;RSD;RSD;SORS;Average net earnings;A;Normal value
2403040403IND01;00;2021;70696;Kučevo;50662;RSD;RSD;SORS;Average net earnings;A;Normal value
2403040403IND01;00;2021;70700;Lajkovac;70488;RSD;RSD;SORS;Average net earnings;A;Normal value
2403040403IND01;00;2021;70718;Lebane;47769;RSD;RSD;SORS;Average net earnings;A;Normal value
2403040403IND01;00;2021;70726;Leskovac;51734;RSD;RSD;SORS;Average net earnings;A;Normal value
2403040403IND01;00;2021;70734;Loznica;52252;RSD;RSD;SORS;Average net earnings;A;Normal value
2403040403IND01;00;2021;70742;Lučani;63892;RSD;RSD;SORS;Average net earnings;A;Normal value
2403040403IND01;00;2021;70769;Ljig;56928;RSD;RSD;SORS;Average net earnings;A;Normal value
2403040403IND01;00;2021;70777;Ljubovija;55169;RSD;RSD;SORS;Average net earnings;A;Normal value
2403040403IND01;00;2021;70785;Majdanpek;69408;RSD;RSD;SORS;Average net earnings;A;Normal value
2403040403IND01;00;2021;70793;Mali Zvornik;52352;RSD;RSD;SORS;Average net earnings;A;Normal value
2403040403IND01;00;2021;70807;Malo Crniće;50336;RSD;RSD;SORS;Average net earnings;A;Normal value
2403040403IND01;00;2021;70815;Medveđa;55833;RSD;RSD;SORS;Average net earnings;A;Normal value
2403040403IND01;00;2021;70823;Merošina;48023;RSD;RSD;SORS;Average net earnings;A;Normal value
2403040403IND01;00;2021;70831;Mionica;51019;RSD;RSD;SORS;Average net earnings;A;Normal value
2403040403IND01;00;2021;70840;Negotin;55635;RSD;RSD;SORS;Average net earnings;A;Normal value
2403040403IND01;00;2021;70866;Nova Varoš;52638;RSD;RSD;SORS;Average net earnings;A;Normal value
2403040403IND01;00;2021;70874;Novi Pazar;49720;RSD;RSD;SORS;Average net earnings;A;Normal value
2403040403IND01;00;2021;70882;Osečina;50598;RSD;RSD;SORS;Average net earnings;A;Normal value
2403040403IND01;00;2021;70904;Paraćin;52421;RSD;RSD;SORS;Average net earnings;A;Normal value
2403040403IND01;00;2021;70912;Petrovac na Mlavi;50055;RSD;RSD;SORS;Average net earnings;A;Normal value
2403040403IND01;00;2021;70939;Pirot;61372;RSD;RSD;SORS;Average net earnings;A;Normal value
2403040403IND01;00;2021;70947;Požarevac;64546;RSD;RSD;SORS;Average net earnings;A;Normal value
2403040403IND01;00;2021;70955;Požega;56521;RSD;RSD;SORS;Average net earnings;A;Normal value
2403040403IND01;00;2021;70963;Preševo;46176;RSD;RSD;SORS;Average net earnings;A;Normal value
2403040403IND01;00;2021;70971;Priboj;53127;RSD;RSD;SORS;Average net earnings;A;Normal value
2403040403IND01;00;2021;70980;Prijepolje;49692;RSD;RSD;SORS;Average net earnings;A;Normal value
2403040403IND01;00;2021;70998;Prokuplje;55074;RSD;RSD;SORS;Average net earnings;A;Normal value
2403040403IND01;00;2021;71005;Ražanj;46718;RSD;RSD;SORS;Average net earnings;A;Normal value
2403040403IND01;00;2021;71013;Rača;51580;RSD;RSD;SORS;Average net earnings;A;Normal value
2403040403IND01;00;2021;71021;Raška;51274;RSD;RSD;SORS;Average net earnings;A;Normal value
2403040403IND01;00;2021;71030;Rekovac;49758;RSD;RSD;SORS;Average net earnings;A;Normal value
2403040403IND01;00;2021;71048;Jagodina;53655;RSD;RSD;SORS;Average net earnings;A;Normal value
2403040403IND01;00;2021;71056;Svilajnac;51076;RSD;RSD;SORS;Average net earnings;A;Normal value
2403040403IND01;00;2021;71064;Svrljig;46726;RSD;RSD;SORS;Average net earnings;A;Normal value
2403040403IND01;00;2021;71072;Sjenica;50026;RSD;RSD;SORS;Average net earnings;A;Normal value
2403040403IND01;00;2021;71099;Smederevo;61615;RSD;RSD;SORS;Average net earnings;A;Normal value
2403040403IND01;00;2021;71102;Smederevska Palanka;53700;RSD;RSD;SORS;Average net earnings;A;Normal value
2403040403IND01;00;2021;71129;Sokobanja;52990;RSD;RSD;SORS;Average net earnings;A;Normal value
2403040403IND01;00;2021;71137;Surdulica;53772;RSD;RSD;SORS;Average net earnings;A;Normal value
2403040403IND01;00;2021;71145;Užice;63217;RSD;RSD;SORS;Average net earnings;A;Normal value
2403040403IND01;00;2021;71153;Topola;51710;RSD;RSD;SORS;Average net earnings;A;Normal value
2403040403IND01;00;2021;71161;Trgovište;52133;RSD;RSD;SORS;Average net earnings;A;Normal value
2403040403IND01;00;2021;71170;Trstenik;49700;RSD;RSD;SORS;Average net earnings;A;Normal value
2403040403IND01;00;2021;71188;Tutin;49995;RSD;RSD;SORS;Average net earnings;A;Normal value
2403040403IND01;00;2021;71196;Ćićevac;50665;RSD;RSD;SORS;Average net earnings;A;Normal value
2403040403IND01;00;2021;71200;Ćuprija;54006;RSD;RSD;SORS;Average net earnings;A;Normal value
2403040403IND01;00;2021;71218;Ub;58208;RSD;RSD;SORS;Average net earnings;A;Normal value
2403040403IND01;00;2021;71226;Crna Trava;48234;RSD;RSD;SORS;Average net earnings;A;Normal value
2403040403IND01;00;2021;71234;Čajetina;51002;RSD;RSD;SORS;Average net earnings;A;Normal value
2403040403IND01;00;2021;71242;Čačak;56644;RSD;RSD;SORS;Average net earnings;A;Normal value
2403040403IND01;00;2021;71269;Šabac;58190;RSD;RSD;SORS;Average net earnings;A;Normal value
2403040403IND01;00;2021;71277;Lapovo;52398;RSD;RSD;SORS;Average net earnings;A;Normal value
2403040403IND01;00;2021;71285;Niška Banja;51666;RSD;RSD;SORS;Average net earnings;A;Normal value
2403040403IND01;00;2021;71293;Surčin;57754;RSD;RSD;SORS;Average net earnings;A;Normal value
2403040403IND01;00;2021;71307;Pantelej;59685;RSD;RSD;SORS;Average net earnings;A;Normal value
2403040403IND01;00;2021;71315;Crveni Krst;55212;RSD;RSD;SORS;Average net earnings;A;Normal value
2403040403IND01;00;2021;71323;Palilula (Niš);58466;RSD;RSD;SORS;Average net earnings;A;Normal value
2403040403IND01;00;2021;71331;Medijana;70978;RSD;RSD;SORS;Average net earnings;A;Normal value
2403040403IND01;00;2021;71340;Kostolac;75663;RSD;RSD;SORS;Average net earnings;A;Normal value
2403040403IND01;00;2021;71358;Vranjska Banja;46885;RSD;RSD;SORS;Average net earnings;A;Normal value
2403040403IND01;00;2021;71366;Sevojno;56147;RSD;RSD;SORS;Average net earnings;A;Normal value
2403040403IND01;00;2021;79022;Grad Niš;63239;RSD;RSD;SORS;Average net earnings;A;Normal value
2403040403IND01;00;2021;79049;Grad Požarevac;66190;RSD;RSD;SORS;Average net earnings;A;Normal value
2403040403IND01;00;2021;79057;Grad Vranje;53862;RSD;RSD;SORS;Average net earnings;A;Normal value
2403040403IND01;00;2021;79065;Grad Užice;63003;RSD;RSD;SORS;Average net earnings;A;Normal value
2403040403IND01;00;2021;80012;Ada;53850;RSD;RSD;SORS;Average net earnings;A;Normal value
2403040403IND01;00;2021;80039;Alibunar;53501;RSD;RSD;SORS;Average net earnings;A;Normal value
2403040403IND01;00;2021;80047;Apatin;54763;RSD;RSD;SORS;Average net earnings;A;Normal value
2403040403IND01;00;2021;80055;Bač;49294;RSD;RSD;SORS;Average net earnings;A;Normal value
2403040403IND01;00;2021;80063;Bačka Palanka;57315;RSD;RSD;SORS;Average net earnings;A;Normal value
2403040403IND01;00;2021;80071;Bačka Topola;54617;RSD;RSD;SORS;Average net earnings;A;Normal value
2403040403IND01;00;2021;80080;Bački Petrovac;53672;RSD;RSD;SORS;Average net earnings;A;Normal value
2403040403IND01;00;2021;80098;Bela Crkva;53473;RSD;RSD;SORS;Average net earnings;A;Normal value
2403040403IND01;00;2021;80101;Beočin;56644;RSD;RSD;SORS;Average net earnings;A;Normal value
2403040403IND01;00;2021;80110;Bečej;56088;RSD;RSD;SORS;Average net earnings;A;Normal value
2403040403IND01;00;2021;80128;Vršac;65374;RSD;RSD;SORS;Average net earnings;A;Normal value
2403040403IND01;00;2021;80136;Žabalj;52191;RSD;RSD;SORS;Average net earnings;A;Normal value
2403040403IND01;00;2021;80144;Žitište;54746;RSD;RSD;SORS;Average net earnings;A;Normal value
2403040403IND01;00;2021;80152;Zrenjanin;61844;RSD;RSD;SORS;Average net earnings;A;Normal value
2403040403IND01;00;2021;80179;Inđija;61748;RSD;RSD;SORS;Average net earnings;A;Normal value
2403040403IND01;00;2021;80187;Irig;52698;RSD;RSD;SORS;Average net earnings;A;Normal value
2403040403IND01;00;2021;80195;Kanjiža;54419;RSD;RSD;SORS;Average net earnings;A;Normal value
2403040403IND01;00;2021;80209;Kikinda;59035;RSD;RSD;SORS;Average net earnings;A;Normal value
2403040403IND01;00;2021;80217;Kovačica;51349;RSD;RSD;SORS;Average net earnings;A;Normal value
2403040403IND01;00;2021;80225;Kovin;56533;RSD;RSD;SORS;Average net earnings;A;Normal value
2403040403IND01;00;2021;80233;Kula;53613;RSD;RSD;SORS;Average net earnings;A;Normal value
2403040403IND01;00;2021;80241;Mali Iđoš;50420;RSD;RSD;SORS;Average net earnings;A;Normal value
2403040403IND01;00;2021;80250;Nova Crnja;55209;RSD;RSD;SORS;Average net earnings;A;Normal value
2403040403IND01;00;2021;80268;Novi Bečej;52880;RSD;RSD;SORS;Average net earnings;A;Normal value
2403040403IND01;00;2021;80276;Novi Kneževac;55358;RSD;RSD;SORS;Average net earnings;A;Normal value
2403040403IND01;00;2021;80292;Opovo;54488;RSD;RSD;SORS;Average net earnings;A;Normal value
2403040403IND01;00;2021;80306;Odžaci;52108;RSD;RSD;SORS;Average net earnings;A;Normal value
2403040403IND01;00;2021;80314;Pančevo;64678;RSD;RSD;SORS;Average net earnings;A;Normal value
2403040403IND01;00;2021;80322;Pećinci;57918;RSD;RSD;SORS;Average net earnings;A;Normal value
2403040403IND01;00;2021;80349;Plandište;53791;RSD;RSD;SORS;Average net earnings;A;Normal value
2403040403IND01;00;2021;80357;Ruma;57109;RSD;RSD;SORS;Average net earnings;A;Normal value
2403040403IND01;00;2021;80365;Senta;59431;RSD;RSD;SORS;Average net earnings;A;Normal value
2403040403IND01;00;2021;80373;Sečanj;53773;RSD;RSD;SORS;Average net earnings;A;Normal value
2403040403IND01;00;2021;80381;Sombor;57674;RSD;RSD;SORS;Average net earnings;A;Normal value
2403040403IND01;00;2021;80390;Srbobran;50339;RSD;RSD;SORS;Average net earnings;A;Normal value
2403040403IND01;00;2021;80403;Sremska Mitrovica;60207;RSD;RSD;SORS;Average net earnings;A;Normal value
2403040403IND01;00;2021;80411;Sremski Karlovci;62125;RSD;RSD;SORS;Average net earnings;A;Normal value
2403040403IND01;00;2021;80420;Stara Pazova;59357;RSD;RSD;SORS;Average net earnings;A;Normal value
2403040403IND01;00;2021;80438;Subotica;60224;RSD;RSD;SORS;Average net earnings;A;Normal value
2403040403IND01;00;2021;80446;Temerin;56139;RSD;RSD;SORS;Average net earnings;A;Normal value
2403040403IND01;00;2021;80454;Titel;53083;RSD;RSD;SORS;Average net earnings;A;Normal value
2403040403IND01;00;2021;80462;Vrbas;55623;RSD;RSD;SORS;Average net earnings;A;Normal value
2403040403IND01;00;2021;80489;Čoka;52874;RSD;RSD;SORS;Average net earnings;A;Normal value
2403040403IND01;00;2021;80497;Šid;53732;RSD;RSD;SORS;Average net earnings;A;Normal value
2403040403IND01;00;2021;89010;Grad Novi Sad;75773;RSD;RSD;SORS;Average net earnings;A;Normal value
2403040403IND01;00;2021;RS;REPUBLIC OF SERBIA;65864;RSD;RSD;SORS;Average net earnings;A;Normal value
2403040403IND01;00;2021;RS1;SRBIJA – SEVER;72923;RSD;RSD;SORS;Average net earnings;A;Normal value
2403040403IND01;00;2021;RS11;Beogradski region;82132;RSD;RSD;SORS;Average net earnings;A;Normal value
2403040403IND01;00;2021;RS110;Beogradska oblast;82132;RSD;RSD;SORS;Average net earnings;A;Normal value
2403040403IND01;00;2021;RS12;Region Vojvodine;62494;RSD;RSD;SORS;Average net earnings;A;Normal value
2403040403IND01;00;2021;RS121;Zapadnobačka oblast;55403;RSD;RSD;SORS;Average net earnings;A;Normal value
2403040403IND01;00;2021;RS122;Južnobanatska oblast;61501;RSD;RSD;SORS;Average net earnings;A;Normal value
2403040403IND01;00;2021;RS123;Južnobačka oblast;68500;RSD;RSD;SORS;Average net earnings;A;Normal value
2403040403IND01;00;2021;RS124;Severnobanatska oblast;57208;RSD;RSD;SORS;Average net earnings;A;Normal value
2403040403IND01;00;2021;RS125;Severnobačka oblast;58924;RSD;RSD;SORS;Average net earnings;A;Normal value
2403040403IND01;00;2021;RS126;Srednjobanatska oblast;59690;RSD;RSD;SORS;Average net earnings;A;Normal value
2403040403IND01;00;2021;RS127;Sremska oblast;58809;RSD;RSD;SORS;Average net earnings;A;Normal value
2403040403IND01;00;2021;RS2;SRBIJA – JUG;56628;RSD;RSD;SORS;Average net earnings;A;Normal value
2403040403IND01;00;2021;RS21;Region Šumadije i Zapadne Srbije;55901;RSD;RSD;SORS;Average net earnings;A;Normal value
2403040403IND01;00;2021;RS211;Zlatiborska oblast;55995;RSD;RSD;SORS;Average net earnings;A;Normal value
2403040403IND01;00;2021;RS212;Kolubarska oblast;58613;RSD;RSD;SORS;Average net earnings;A;Normal value
2403040403IND01;00;2021;RS213;Mačvanska oblast;54582;RSD;RSD;SORS;Average net earnings;A;Normal value
2403040403IND01;00;2021;RS214;Moravička oblast;56665;RSD;RSD;SORS;Average net earnings;A;Normal value
2403040403IND01;00;2021;RS215;Pomoravska oblast;52970;RSD;RSD;SORS;Average net earnings;A;Normal value
2403040403IND01;00;2021;RS216;Rasinska oblast;54001;RSD;RSD;SORS;Average net earnings;A;Normal value
2403040403IND01;00;2021;RS217;Raška oblast;52800;RSD;RSD;SORS;Average net earnings;A;Normal value
2403040403IND01;00;2021;RS218;Šumadijska oblast;60514;RSD;RSD;SORS;Average net earnings;A;Normal value
2403040403IND01;00;2021;RS22;Region Južne i Istočne Srbije;57551;RSD;RSD;SORS;Average net earnings;A;Normal value
2403040403IND01;00;2021;RS221;Borska oblast;68284;RSD;RSD;SORS;Average net earnings;A;Normal value
2403040403IND01;00;2021;RS222;Braničevska oblast;59836;RSD;RSD;SORS;Average net earnings;A;Normal value
2403040403IND01;00;2021;RS223;Zaječarska oblast;54258;RSD;RSD;SORS;Average net earnings;A;Normal value
2403040403IND01;00;2021;RS224;Jablanička oblast;50395;RSD;RSD;SORS;Average net earnings;A;Normal value
2403040403IND01;00;2021;RS225;Nišavska oblast;60386;RSD;RSD;SORS;Average net earnings;A;Normal value
2403040403IND01;00;2021;RS226;Pirotska oblast;58257;RSD;RSD;SORS;Average net earnings;A;Normal value
2403040403IND01;00;2021;RS227;Podunavska oblast;59065;RSD;RSD;SORS;Average net earnings;A;Normal value
2403040403IND01;00;2021;RS228;Pčinjska oblast;52099;RSD;RSD;SORS;Average net earnings;A;Normal value
2403040403IND01;00;2021;RS229;Toplička oblast;52912;RSD;RSD;SORS;Average net earnings;A;Normal value
2403040403IND01;00;2022;70017;Aleksandrovac;54879;RSD;RSD;SORS;Average net earnings;A;Normal value
2403040403IND01;00;2022;70025;Aleksinac;59048;RSD;RSD;SORS;Average net earnings;A;Normal value
2403040403IND01;00;2022;70033;Aranđelovac;64296;RSD;RSD;SORS;Average net earnings;A;Normal value
2403040403IND01;00;2022;70041;Arilje;55521;RSD;RSD;SORS;Average net earnings;A;Normal value
2403040403IND01;00;2022;70050;Babušnica;58306;RSD;RSD;SORS;Average net earnings;A;Normal value
2403040403IND01;00;2022;70068;Bajina Bašta;56914;RSD;RSD;SORS;Average net earnings;A;Normal value
2403040403IND01;00;2022;70076;Batočina;57122;RSD;RSD;SORS;Average net earnings;A;Normal value
2403040403IND01;00;2022;70084;Bela Palanka;55539;RSD;RSD;SORS;Average net earnings;A;Normal value
2403040403IND01;00;2022;70092;Barajevo;63570;RSD;RSD;SORS;Average net earnings;A;Normal value
2403040403IND01;00;2022;70106;Voždovac;100032;RSD;RSD;SORS;Average net earnings;A;Normal value
2403040403IND01;00;2022;70114;Vračar;127745;RSD;RSD;SORS;Average net earnings;A;Normal value
2403040403IND01;00;2022;70122;Grocka;65214;RSD;RSD;SORS;Average net earnings;A;Normal value
2403040403IND01;00;2022;70149;Zvezdara;98116;RSD;RSD;SORS;Average net earnings;A;Normal value
2403040403IND01;00;2022;70157;Zemun;87698;RSD;RSD;SORS;Average net earnings;A;Normal value
2403040403IND01;00;2022;70165;Lazarevac;80854;RSD;RSD;SORS;Average net earnings;A;Normal value
2403040403IND01;00;2022;70173;Mladenovac;62631;RSD;RSD;SORS;Average net earnings;A;Normal value
2403040403IND01;00;2022;70181;Novi Beograd;123914;RSD;RSD;SORS;Average net earnings;A;Normal value
2403040403IND01;00;2022;70190;Obrenovac;71909;RSD;RSD;SORS;Average net earnings;A;Normal value
2403040403IND01;00;2022;70203;Palilula (Beograd);85002;RSD;RSD;SORS;Average net earnings;A;Normal value
2403040403IND01;00;2022;70211;Rakovica;85003;RSD;RSD;SORS;Average net earnings;A;Normal value
2403040403IND01;00;2022;70220;Savski venac;115187;RSD;RSD;SORS;Average net earnings;A;Normal value
2403040403IND01;00;2022;70238;Sopot;61551;RSD;RSD;SORS;Average net earnings;A;Normal value
2403040403IND01;00;2022;70246;Stari grad;126162;RSD;RSD;SORS;Average net earnings;A;Normal value
2403040403IND01;00;2022;70254;Čukarica;90833;RSD;RSD;SORS;Average net earnings;A;Normal value
2403040403IND01;00;2022;70262;Blace;52204;RSD;RSD;SORS;Average net earnings;A;Normal value
2403040403IND01;00;2022;70289;Bogatić;56324;RSD;RSD;SORS;Average net earnings;A;Normal value
2403040403IND01;00;2022;70297;Bojnik;49706;RSD;RSD;SORS;Average net earnings;A;Normal value
2403040403IND01;00;2022;70319;Boljevac;63149;RSD;RSD;SORS;Average net earnings;A;Normal value
2403040403IND01;00;2022;70327;Bor;86764;RSD;RSD;SORS;Average net earnings;A;Normal value
2403040403IND01;00;2022;70335;Bosilegrad;52720;RSD;RSD;SORS;Average net earnings;A;Normal value
2403040403IND01;00;2022;70343;Brus;56424;RSD;RSD;SORS;Average net earnings;A;Normal value
2403040403IND01;00;2022;70351;Bujanovac;52354;RSD;RSD;SORS;Average net earnings;A;Normal value
2403040403IND01;00;2022;70360;Valjevo;65079;RSD;RSD;SORS;Average net earnings;A;Normal value
2403040403IND01;00;2022;70378;Varvarin;54928;RSD;RSD;SORS;Average net earnings;A;Normal value
2403040403IND01;00;2022;70386;Velika Plana;60021;RSD;RSD;SORS;Average net earnings;A;Normal value
2403040403IND01;00;2022;70394;Veliko Gradište;56457;RSD;RSD;SORS;Average net earnings;A;Normal value
2403040403IND01;00;2022;70408;Vladimirci;56167;RSD;RSD;SORS;Average net earnings;A;Normal value
2403040403IND01;00;2022;70416;Vladičin Han;58962;RSD;RSD;SORS;Average net earnings;A;Normal value
2403040403IND01;00;2022;70424;Vlasotince;52009;RSD;RSD;SORS;Average net earnings;A;Normal value
2403040403IND01;00;2022;70432;Vranje;59144;RSD;RSD;SORS;Average net earnings;A;Normal value
2403040403IND01;00;2022;70459;Vrnjačka Banja;55594;RSD;RSD;SORS;Average net earnings;A;Normal value
2403040403IND01;00;2022;70467;Gadžin Han;53271;RSD;RSD;SORS;Average net earnings;A;Normal value
2403040403IND01;00;2022;70475;Golubac;54236;RSD;RSD;SORS;Average net earnings;A;Normal value
2403040403IND01;00;2022;70483;Gornji Milanovac;66123;RSD;RSD;SORS;Average net earnings;A;Normal value
2403040403IND01;00;2022;70491;Despotovac;57623;RSD;RSD;SORS;Average net earnings;A;Normal value
2403040403IND01;00;2022;70505;Dimitrovgrad;56563;RSD;RSD;SORS;Average net earnings;A;Normal value
2403040403IND01;00;2022;70513;Doljevac;54658;RSD;RSD;SORS;Average net earnings;A;Normal value
2403040403IND01;00;2022;70521;Žabari;56388;RSD;RSD;SORS;Average net earnings;A;Normal value
2403040403IND01;00;2022;70530;Žagubica;59607;RSD;RSD;SORS;Average net earnings;A;Normal value
2403040403IND01;00;2022;70548;Žitorađa;55604;RSD;RSD;SORS;Average net earnings;A;Normal value
2403040403IND01;00;2022;70556;Zaječar;63719;RSD;RSD;SORS;Average net earnings;A;Normal value
2403040403IND01;00;2022;70564;Ivanjica;54640;RSD;RSD;SORS;Average net earnings;A;Normal value
2403040403IND01;00;2022;70572;Kladovo;63574;RSD;RSD;SORS;Average net earnings;A;Normal value
2403040403IND01;00;2022;70599;Knić;58893;RSD;RSD;SORS;Average net earnings;A;Normal value
2403040403IND01;00;2022;70602;Knjaževac;55093;RSD;RSD;SORS;Average net earnings;A;Normal value
2403040403IND01;00;2022;70629;Kosjerić;62539;RSD;RSD;SORS;Average net earnings;A;Normal value
2403040403IND01;00;2022;70637;Koceljeva;55472;RSD;RSD;SORS;Average net earnings;A;Normal value
2403040403IND01;00;2022;70645;Kragujevac;70999;RSD;RSD;SORS;Average net earnings;A;Normal value
2403040403IND01;00;2022;70653;Kraljevo;62043;RSD;RSD;SORS;Average net earnings;A;Normal value
2403040403IND01;00;2022;70661;Krupanj;55015;RSD;RSD;SORS;Average net earnings;A;Normal value
2403040403IND01;00;2022;70670;Kruševac;64407;RSD;RSD;SORS;Average net earnings;A;Normal value
2403040403IND01;00;2022;70688;Kuršumlija;56621;RSD;RSD;SORS;Average net earnings;A;Normal value
2403040403IND01;00;2022;70696;Kučevo;59891;RSD;RSD;SORS;Average net earnings;A;Normal value
2403040403IND01;00;2022;70700;Lajkovac;74609;RSD;RSD;SORS;Average net earnings;A;Normal value
2403040403IND01;00;2022;70718;Lebane;52611;RSD;RSD;SORS;Average net earnings;A;Normal value
2403040403IND01;00;2022;70726;Leskovac;57468;RSD;RSD;SORS;Average net earnings;A;Normal value
2403040403IND01;00;2022;70734;Loznica;59762;RSD;RSD;SORS;Average net earnings;A;Normal value
2403040403IND01;00;2022;70742;Lučani;71652;RSD;RSD;SORS;Average net earnings;A;Normal value
2403040403IND01;00;2022;70769;Ljig;63545;RSD;RSD;SORS;Average net earnings;A;Normal value
2403040403IND01;00;2022;70777;Ljubovija;61304;RSD;RSD;SORS;Average net earnings;A;Normal value
2403040403IND01;00;2022;70785;Majdanpek;77724;RSD;RSD;SORS;Average net earnings;A;Normal value
2403040403IND01;00;2022;70793;Mali Zvornik;58246;RSD;RSD;SORS;Average net earnings;A;Normal value
2403040403IND01;00;2022;70807;Malo Crniće;56036;RSD;RSD;SORS;Average net earnings;A;Normal value
2403040403IND01;00;2022;70815;Medveđa;62230;RSD;RSD;SORS;Average net earnings;A;Normal value
2403040403IND01;00;2022;70823;Merošina;53521;RSD;RSD;SORS;Average net earnings;A;Normal value
2403040403IND01;00;2022;70831;Mionica;57076;RSD;RSD;SORS;Average net earnings;A;Normal value
2403040403IND01;00;2022;70840;Negotin;63543;RSD;RSD;SORS;Average net earnings;A;Normal value
2403040403IND01;00;2022;70866;Nova Varoš;57704;RSD;RSD;SORS;Average net earnings;A;Normal value
2403040403IND01;00;2022;70874;Novi Pazar;55363;RSD;RSD;SORS;Average net earnings;A;Normal value
2403040403IND01;00;2022;70882;Osečina;56944;RSD;RSD;SORS;Average net earnings;A;Normal value
2403040403IND01;00;2022;70904;Paraćin;59044;RSD;RSD;SORS;Average net earnings;A;Normal value
2403040403IND01;00;2022;70912;Petrovac na Mlavi;55503;RSD;RSD;SORS;Average net earnings;A;Normal value
2403040403IND01;00;2022;70939;Pirot;69006;RSD;RSD;SORS;Average net earnings;A;Normal value
2403040403IND01;00;2022;70947;Požarevac;70147;RSD;RSD;SORS;Average net earnings;A;Normal value
2403040403IND01;00;2022;70955;Požega;63645;RSD;RSD;SORS;Average net earnings;A;Normal value
2403040403IND01;00;2022;70963;Preševo;50627;RSD;RSD;SORS;Average net earnings;A;Normal value
2403040403IND01;00;2022;70971;Priboj;59040;RSD;RSD;SORS;Average net earnings;A;Normal value
2403040403IND01;00;2022;70980;Prijepolje;55532;RSD;RSD;SORS;Average net earnings;A;Normal value
2403040403IND01;00;2022;70998;Prokuplje;61230;RSD;RSD;SORS;Average net earnings;A;Normal value
2403040403IND01;00;2022;71005;Ražanj;52646;RSD;RSD;SORS;Average net earnings;A;Normal value
2403040403IND01;00;2022;71013;Rača;58487;RSD;RSD;SORS;Average net earnings;A;Normal value
2403040403IND01;00;2022;71021;Raška;57220;RSD;RSD;SORS;Average net earnings;A;Normal value
2403040403IND01;00;2022;71030;Rekovac;55269;RSD;RSD;SORS;Average net earnings;A;Normal value
2403040403IND01;00;2022;71048;Jagodina;60363;RSD;RSD;SORS;Average net earnings;A;Normal value
2403040403IND01;00;2022;71056;Svilajnac;56704;RSD;RSD;SORS;Average net earnings;A;Normal value
2403040403IND01;00;2022;71064;Svrljig;52275;RSD;RSD;SORS;Average net earnings;A;Normal value
2403040403IND01;00;2022;71072;Sjenica;55757;RSD;RSD;SORS;Average net earnings;A;Normal value
2403040403IND01;00;2022;71099;Smederevo;68862;RSD;RSD;SORS;Average net earnings;A;Normal value
2403040403IND01;00;2022;71102;Smederevska Palanka;60359;RSD;RSD;SORS;Average net earnings;A;Normal value
2403040403IND01;00;2022;71129;Sokobanja;58148;RSD;RSD;SORS;Average net earnings;A;Normal value
2403040403IND01;00;2022;71137;Surdulica;58912;RSD;RSD;SORS;Average net earnings;A;Normal value
2403040403IND01;00;2022;71145;Užice;70616;RSD;RSD;SORS;Average net earnings;A;Normal value
2403040403IND01;00;2022;71153;Topola;57980;RSD;RSD;SORS;Average net earnings;A;Normal value
2403040403IND01;00;2022;71161;Trgovište;56328;RSD;RSD;SORS;Average net earnings;A;Normal value
2403040403IND01;00;2022;71170;Trstenik;56100;RSD;RSD;SORS;Average net earnings;A;Normal value
2403040403IND01;00;2022;71188;Tutin;55218;RSD;RSD;SORS;Average net earnings;A;Normal value
2403040403IND01;00;2022;71196;Ćićevac;56135;RSD;RSD;SORS;Average net earnings;A;Normal value
2403040403IND01;00;2022;71200;Ćuprija;59947;RSD;RSD;SORS;Average net earnings;A;Normal value
2403040403IND01;00;2022;71218;Ub;63092;RSD;RSD;SORS;Average net earnings;A;Normal value
2403040403IND01;00;2022;71226;Crna Trava;52380;RSD;RSD;SORS;Average net earnings;A;Normal value
2403040403IND01;00;2022;71234;Čajetina;58105;RSD;RSD;SORS;Average net earnings;A;Normal value
2403040403IND01;00;2022;71242;Čačak;63887;RSD;RSD;SORS;Average net earnings;A;Normal value
2403040403IND01;00;2022;71269;Šabac;65669;RSD;RSD;SORS;Average net earnings;A;Normal value
2403040403IND01;00;2022;71277;Lapovo;59022;RSD;RSD;SORS;Average net earnings;A;Normal value
2403040403IND01;00;2022;71285;Niška Banja;57925;RSD;RSD;SORS;Average net earnings;A;Normal value
2403040403IND01;00;2022;71293;Surčin;66688;RSD;RSD;SORS;Average net earnings;A;Normal value
2403040403IND01;00;2022;71307;Pantelej;68023;RSD;RSD;SORS;Average net earnings;A;Normal value
2403040403IND01;00;2022;71315;Crveni Krst;62471;RSD;RSD;SORS;Average net earnings;A;Normal value
2403040403IND01;00;2022;71323;Palilula (Niš);66049;RSD;RSD;SORS;Average net earnings;A;Normal value
2403040403IND01;00;2022;71331;Medijana;81574;RSD;RSD;SORS;Average net earnings;A;Normal value
2403040403IND01;00;2022;71340;Kostolac;77603;RSD;RSD;SORS;Average net earnings;A;Normal value
2403040403IND01;00;2022;71358;Vranjska Banja;54076;RSD;RSD;SORS;Average net earnings;A;Normal value
2403040403IND01;00;2022;71366;Sevojno;64695;RSD;RSD;SORS;Average net earnings;A;Normal value
2403040403IND01;00;2022;79022;Grad Niš;71867;RSD;RSD;SORS;Average net earnings;A;Normal value
2403040403IND01;00;2022;79049;Grad Požarevac;71193;RSD;RSD;SORS;Average net earnings;A;Normal value
2403040403IND01;00;2022;79057;Grad Vranje;59025;RSD;RSD;SORS;Average net earnings;A;Normal value
2403040403IND01;00;2022;79065;Grad Užice;70437;RSD;RSD;SORS;Average net earnings;A;Normal value
2403040403IND01;00;2022;80012;Ada;60465;RSD;RSD;SORS;Average net earnings;A;Normal value
2403040403IND01;00;2022;80039;Alibunar;59629;RSD;RSD;SORS;Average net earnings;A;Normal value
2403040403IND01;00;2022;80047;Apatin;60905;RSD;RSD;SORS;Average net earnings;A;Normal value
2403040403IND01;00;2022;80055;Bač;56581;RSD;RSD;SORS;Average net earnings;A;Normal value
2403040403IND01;00;2022;80063;Bačka Palanka;63957;RSD;RSD;SORS;Average net earnings;A;Normal value
2403040403IND01;00;2022;80071;Bačka Topola;60473;RSD;RSD;SORS;Average net earnings;A;Normal value
2403040403IND01;00;2022;80080;Bački Petrovac;60719;RSD;RSD;SORS;Average net earnings;A;Normal value
2403040403IND01;00;2022;80098;Bela Crkva;59672;RSD;RSD;SORS;Average net earnings;A;Normal value
2403040403IND01;00;2022;80101;Beočin;63423;RSD;RSD;SORS;Average net earnings;A;Normal value
2403040403IND01;00;2022;80110;Bečej;62646;RSD;RSD;SORS;Average net earnings;A;Normal value
2403040403IND01;00;2022;80128;Vršac;72937;RSD;RSD;SORS;Average net earnings;A;Normal value
2403040403IND01;00;2022;80136;Žabalj;59414;RSD;RSD;SORS;Average net earnings;A;Normal value
2403040403IND01;00;2022;80144;Žitište;61004;RSD;RSD;SORS;Average net earnings;A;Normal value
2403040403IND01;00;2022;80152;Zrenjanin;68833;RSD;RSD;SORS;Average net earnings;A;Normal value
2403040403IND01;00;2022;80179;Inđija;70893;RSD;RSD;SORS;Average net earnings;A;Normal value
2403040403IND01;00;2022;80187;Irig;60822;RSD;RSD;SORS;Average net earnings;A;Normal value
2403040403IND01;00;2022;80195;Kanjiža;60622;RSD;RSD;SORS;Average net earnings;A;Normal value
2403040403IND01;00;2022;80209;Kikinda;65312;RSD;RSD;SORS;Average net earnings;A;Normal value
2403040403IND01;00;2022;80217;Kovačica;58216;RSD;RSD;SORS;Average net earnings;A;Normal value
2403040403IND01;00;2022;80225;Kovin;63184;RSD;RSD;SORS;Average net earnings;A;Normal value
2403040403IND01;00;2022;80233;Kula;60539;RSD;RSD;SORS;Average net earnings;A;Normal value
2403040403IND01;00;2022;80241;Mali Iđoš;55934;RSD;RSD;SORS;Average net earnings;A;Normal value
2403040403IND01;00;2022;80250;Nova Crnja;60793;RSD;RSD;SORS;Average net earnings;A;Normal value
2403040403IND01;00;2022;80268;Novi Bečej;58640;RSD;RSD;SORS;Average net earnings;A;Normal value
2403040403IND01;00;2022;80276;Novi Kneževac;62233;RSD;RSD;SORS;Average net earnings;A;Normal value
2403040403IND01;00;2022;80292;Opovo;61275;RSD;RSD;SORS;Average net earnings;A;Normal value
2403040403IND01;00;2022;80306;Odžaci;59426;RSD;RSD;SORS;Average net earnings;A;Normal value
2403040403IND01;00;2022;80314;Pančevo;73598;RSD;RSD;SORS;Average net earnings;A;Normal value
2403040403IND01;00;2022;80322;Pećinci;66477;RSD;RSD;SORS;Average net earnings;A;Normal value
2403040403IND01;00;2022;80349;Plandište;60583;RSD;RSD;SORS;Average net earnings;A;Normal value
2403040403IND01;00;2022;80357;Ruma;65765;RSD;RSD;SORS;Average net earnings;A;Normal value
2403040403IND01;00;2022;80365;Senta;64921;RSD;RSD;SORS;Average net earnings;A;Normal value
2403040403IND01;00;2022;80373;Sečanj;59542;RSD;RSD;SORS;Average net earnings;A;Normal value
2403040403IND01;00;2022;80381;Sombor;64273;RSD;RSD;SORS;Average net earnings;A;Normal value
2403040403IND01;00;2022;80390;Srbobran;56991;RSD;RSD;SORS;Average net earnings;A;Normal value
2403040403IND01;00;2022;80403;Sremska Mitrovica;67212;RSD;RSD;SORS;Average net earnings;A;Normal value
2403040403IND01;00;2022;80411;Sremski Karlovci;70939;RSD;RSD;SORS;Average net earnings;A;Normal value
2403040403IND01;00;2022;80420;Stara Pazova;67547;RSD;RSD;SORS;Average net earnings;A;Normal value
2403040403IND01;00;2022;80438;Subotica;67629;RSD;RSD;SORS;Average net earnings;A;Normal value
2403040403IND01;00;2022;80446;Temerin;63752;RSD;RSD;SORS;Average net earnings;A;Normal value
2403040403IND01;00;2022;80454;Titel;58384;RSD;RSD;SORS;Average net earnings;A;Normal value
2403040403IND01;00;2022;80462;Vrbas;62607;RSD;RSD;SORS;Average net earnings;A;Normal value
2403040403IND01;00;2022;80489;Čoka;58088;RSD;RSD;SORS;Average net earnings;A;Normal value
2403040403IND01;00;2022;80497;Šid;61350;RSD;RSD;SORS;Average net earnings;A;Normal value
2403040403IND01;00;2022;89010;Grad Novi Sad;88932;RSD;RSD;SORS;Average net earnings;A;Normal value
2403040403IND01;00;2022;RS;REPUBLIC OF SERBIA;74933;RSD;RSD;SORS;Average net earnings;A;Normal value
2403040403IND01;00;2022;RS1;SRBIJA – SEVER;83787;RSD;RSD;SORS;Average net earnings;A;Normal value
2403040403IND01;00;2022;RS11;Beogradski region;94808;RSD;RSD;SORS;Average net earnings;A;Normal value
2403040403IND01;00;2022;RS110;Beogradska oblast;94808;RSD;RSD;SORS;Average net earnings;A;Normal value
2403040403IND01;00;2022;RS12;Region Vojvodine;71236;RSD;RSD;SORS;Average net earnings;A;Normal value
2403040403IND01;00;2022;RS121;Zapadnobačka oblast;62155;RSD;RSD;SORS;Average net earnings;A;Normal value
2403040403IND01;00;2022;RS122;Južnobanatska oblast;69427;RSD;RSD;SORS;Average net earnings;A;Normal value
2403040403IND01;00;2022;RS123;Južnobačka oblast;79560;RSD;RSD;SORS;Average net earnings;A;Normal value
2403040403IND01;00;2022;RS124;Severnobanatska oblast;63386;RSD;RSD;SORS;Average net earnings;A;Normal value
2403040403IND01;00;2022;RS125;Severnobačka oblast;66012;RSD;RSD;SORS;Average net earnings;A;Normal value
2403040403IND01;00;2022;RS126;Srednjobanatska oblast;66396;RSD;RSD;SORS;Average net earnings;A;Normal value
2403040403IND01;00;2022;RS127;Sremska oblast;66901;RSD;RSD;SORS;Average net earnings;A;Normal value
2403040403IND01;00;2022;RS2;SRBIJA – JUG;63411;RSD;RSD;SORS;Average net earnings;A;Normal value
2403040403IND01;00;2022;RS21;Region Šumadije i Zapadne Srbije;62687;RSD;RSD;SORS;Average net earnings;A;Normal value
2403040403IND01;00;2022;RS211;Zlatiborska oblast;62637;RSD;RSD;SORS;Average net earnings;A;Normal value
2403040403IND01;00;2022;RS212;Kolubarska oblast;64784;RSD;RSD;SORS;Average net earnings;A;Normal value
2403040403IND01;00;2022;RS213;Mačvanska oblast;61708;RSD;RSD;SORS;Average net earnings;A;Normal value
2403040403IND01;00;2022;RS214;Moravička oblast;63819;RSD;RSD;SORS;Average net earnings;A;Normal value
2403040403IND01;00;2022;RS215;Pomoravska oblast;59218;RSD;RSD;SORS;Average net earnings;A;Normal value
2403040403IND01;00;2022;RS216;Rasinska oblast;61067;RSD;RSD;SORS;Average net earnings;A;Normal value
2403040403IND01;00;2022;RS217;Raška oblast;59019;RSD;RSD;SORS;Average net earnings;A;Normal value
2403040403IND01;00;2022;RS218;Šumadijska oblast;67806;RSD;RSD;SORS;Average net earnings;A;Normal value
2403040403IND01;00;2022;RS22;Region Južne i Istočne Srbije;64329;RSD;RSD;SORS;Average net earnings;A;Normal value
2403040403IND01;00;2022;RS221;Borska oblast;76909;RSD;RSD;SORS;Average net earnings;A;Normal value
2403040403IND01;00;2022;RS222;Braničevska oblast;65378;RSD;RSD;SORS;Average net earnings;A;Normal value
2403040403IND01;00;2022;RS223;Zaječarska oblast;60834;RSD;RSD;SORS;Average net earnings;A;Normal value
2403040403IND01;00;2022;RS224;Jablanička oblast;56137;RSD;RSD;SORS;Average net earnings;A;Normal value
2403040403IND01;00;2022;RS225;Nišavska oblast;68390;RSD;RSD;SORS;Average net earnings;A;Normal value
2403040403IND01;00;2022;RS226;Pirotska oblast;65531;RSD;RSD;SORS;Average net earnings;A;Normal value
2403040403IND01;00;2022;RS227;Podunavska oblast;65443;RSD;RSD;SORS;Average net earnings;A;Normal value
2403040403IND01;00;2022;RS228;Pčinjska oblast;57258;RSD;RSD;SORS;Average net earnings;A;Normal value
2403040403IND01;00;2022;RS229;Toplička oblast;58502;RSD;RSD;SORS;Average net earnings;A;Normal value
2403040403IND01;00;2023;70017;Aleksandrovac;61597;RSD;RSD;SORS;Average net earnings;A;Normal value
2403040403IND01;00;2023;70025;Aleksinac;67783;RSD;RSD;SORS;Average net earnings;A;Normal value
2403040403IND01;00;2023;70033;Aranđelovac;73256;RSD;RSD;SORS;Average net earnings;A;Normal value
2403040403IND01;00;2023;70041;Arilje;62975;RSD;RSD;SORS;Average net earnings;A;Normal value
2403040403IND01;00;2023;70050;Babušnica;65098;RSD;RSD;SORS;Average net earnings;A;Normal value
2403040403IND01;00;2023;70068;Bajina Bašta;64707;RSD;RSD;SORS;Average net earnings;A;Normal value
2403040403IND01;00;2023;70076;Batočina;64974;RSD;RSD;SORS;Average net earnings;A;Normal value
2403040403IND01;00;2023;70084;Bela Palanka;62887;RSD;RSD;SORS;Average net earnings;A;Normal value
2403040403IND01;00;2023;70092;Barajevo;72756;RSD;RSD;SORS;Average net earnings;A;Normal value
2403040403IND01;00;2023;70106;Voždovac;113978;RSD;RSD;SORS;Average net earnings;A;Normal value
2403040403IND01;00;2023;70114;Vračar;150205;RSD;RSD;SORS;Average net earnings;A;Normal value
2403040403IND01;00;2023;70122;Grocka;74775;RSD;RSD;SORS;Average net earnings;A;Normal value
2403040403IND01;00;2023;70149;Zvezdara;112534;RSD;RSD;SORS;Average net earnings;A;Normal value
2403040403IND01;00;2023;70157;Zemun;101277;RSD;RSD;SORS;Average net earnings;A;Normal value
2403040403IND01;00;2023;70165;Lazarevac;90244;RSD;RSD;SORS;Average net earnings;A;Normal value
2403040403IND01;00;2023;70173;Mladenovac;71249;RSD;RSD;SORS;Average net earnings;A;Normal value
2403040403IND01;00;2023;70181;Novi Beograd;142355;RSD;RSD;SORS;Average net earnings;A;Normal value
2403040403IND01;00;2023;70190;Obrenovac;81350;RSD;RSD;SORS;Average net earnings;A;Normal value
2403040403IND01;00;2023;70203;Palilula (Beograd);97578;RSD;RSD;SORS;Average net earnings;A;Normal value
2403040403IND01;00;2023;70211;Rakovica;96805;RSD;RSD;SORS;Average net earnings;A;Normal value
2403040403IND01;00;2023;70220;Savski venac;140472;RSD;RSD;SORS;Average net earnings;A;Normal value
2403040403IND01;00;2023;70238;Sopot;70869;RSD;RSD;SORS;Average net earnings;A;Normal value
2403040403IND01;00;2023;70246;Stari grad;154469;RSD;RSD;SORS;Average net earnings;A;Normal value
2403040403IND01;00;2023;70254;Čukarica;103537;RSD;RSD;SORS;Average net earnings;A;Normal value
2403040403IND01;00;2023;70262;Blace;59284;RSD;RSD;SORS;Average net earnings;A;Normal value
2403040403IND01;00;2023;70289;Bogatić;64482;RSD;RSD;SORS;Average net earnings;A;Normal value
2403040403IND01;00;2023;70297;Bojnik;57392;RSD;RSD;SORS;Average net earnings;A;Normal value
2403040403IND01;00;2023;70319;Boljevac;74143;RSD;RSD;SORS;Average net earnings;A;Normal value
2403040403IND01;00;2023;70327;Bor;99197;RSD;RSD;SORS;Average net earnings;A;Normal value
2403040403IND01;00;2023;70335;Bosilegrad;62097;RSD;RSD;SORS;Average net earnings;A;Normal value
2403040403IND01;00;2023;70343;Brus;64811;RSD;RSD;SORS;Average net earnings;A;Normal value
2403040403IND01;00;2023;70351;Bujanovac;60655;RSD;RSD;SORS;Average net earnings;A;Normal value
2403040403IND01;00;2023;70360;Valjevo;74440;RSD;RSD;SORS;Average net earnings;A;Normal value
2403040403IND01;00;2023;70378;Varvarin;63586;RSD;RSD;SORS;Average net earnings;A;Normal value
2403040403IND01;00;2023;70386;Velika Plana;68879;RSD;RSD;SORS;Average net earnings;A;Normal value
2403040403IND01;00;2023;70394;Veliko Gradište;64553;RSD;RSD;SORS;Average net earnings;A;Normal value
2403040403IND01;00;2023;70408;Vladimirci;64135;RSD;RSD;SORS;Average net earnings;A;Normal value
2403040403IND01;00;2023;70416;Vladičin Han;66329;RSD;RSD;SORS;Average net earnings;A;Normal value
2403040403IND01;00;2023;70424;Vlasotince;58842;RSD;RSD;SORS;Average net earnings;A;Normal value
2403040403IND01;00;2023;70432;Vranje;66865;RSD;RSD;SORS;Average net earnings;A;Normal value
2403040403IND01;00;2023;70459;Vrnjačka Banja;63363;RSD;RSD;SORS;Average net earnings;A;Normal value
2403040403IND01;00;2023;70467;Gadžin Han;60099;RSD;RSD;SORS;Average net earnings;A;Normal value
2403040403IND01;00;2023;70475;Golubac;62640;RSD;RSD;SORS;Average net earnings;A;Normal value
2403040403IND01;00;2023;70483;Gornji Milanovac;75262;RSD;RSD;SORS;Average net earnings;A;Normal value
2403040403IND01;00;2023;70491;Despotovac;66102;RSD;RSD;SORS;Average net earnings;A;Normal value
2403040403IND01;00;2023;70505;Dimitrovgrad;63346;RSD;RSD;SORS;Average net earnings;A;Normal value
2403040403IND01;00;2023;70513;Doljevac;63538;RSD;RSD;SORS;Average net earnings;A;Normal value
2403040403IND01;00;2023;70521;Žabari;63981;RSD;RSD;SORS;Average net earnings;A;Normal value
2403040403IND01;00;2023;70530;Žagubica;68086;RSD;RSD;SORS;Average net earnings;A;Normal value
2403040403IND01;00;2023;70548;Žitorađa;63961;RSD;RSD;SORS;Average net earnings;A;Normal value
2403040403IND01;00;2023;70556;Zaječar;73322;RSD;RSD;SORS;Average net earnings;A;Normal value
2403040403IND01;00;2023;70564;Ivanjica;63073;RSD;RSD;SORS;Average net earnings;A;Normal value
2403040403IND01;00;2023;70572;Kladovo;72697;RSD;RSD;SORS;Average net earnings;A;Normal value
2403040403IND01;00;2023;70599;Knić;65770;RSD;RSD;SORS;Average net earnings;A;Normal value
2403040403IND01;00;2023;70602;Knjaževac;62679;RSD;RSD;SORS;Average net earnings;A;Normal value
2403040403IND01;00;2023;70629;Kosjerić;70678;RSD;RSD;SORS;Average net earnings;A;Normal value
2403040403IND01;00;2023;70637;Koceljeva;63577;RSD;RSD;SORS;Average net earnings;A;Normal value
2403040403IND01;00;2023;70645;Kragujevac;80494;RSD;RSD;SORS;Average net earnings;A;Normal value
2403040403IND01;00;2023;70653;Kraljevo;70785;RSD;RSD;SORS;Average net earnings;A;Normal value
2403040403IND01;00;2023;70661;Krupanj;63335;RSD;RSD;SORS;Average net earnings;A;Normal value
2403040403IND01;00;2023;70670;Kruševac;75440;RSD;RSD;SORS;Average net earnings;A;Normal value
2403040403IND01;00;2023;70688;Kuršumlija;67211;RSD;RSD;SORS;Average net earnings;A;Normal value
2403040403IND01;00;2023;70696;Kučevo;68774;RSD;RSD;SORS;Average net earnings;A;Normal value
2403040403IND01;00;2023;70700;Lajkovac;83473;RSD;RSD;SORS;Average net earnings;A;Normal value
2403040403IND01;00;2023;70718;Lebane;60574;RSD;RSD;SORS;Average net earnings;A;Normal value
2403040403IND01;00;2023;70726;Leskovac;65108;RSD;RSD;SORS;Average net earnings;A;Normal value
2403040403IND01;00;2023;70734;Loznica;68564;RSD;RSD;SORS;Average net earnings;A;Normal value
2403040403IND01;00;2023;70742;Lučani;86263;RSD;RSD;SORS;Average net earnings;A;Normal value
2403040403IND01;00;2023;70769;Ljig;72121;RSD;RSD;SORS;Average net earnings;A;Normal value
2403040403IND01;00;2023;70777;Ljubovija;69636;RSD;RSD;SORS;Average net earnings;A;Normal value
2403040403IND01;00;2023;70785;Majdanpek;89219;RSD;RSD;SORS;Average net earnings;A;Normal value
2403040403IND01;00;2023;70793;Mali Zvornik;67248;RSD;RSD;SORS;Average net earnings;A;Normal value
2403040403IND01;00;2023;70807;Malo Crniće;63361;RSD;RSD;SORS;Average net earnings;A;Normal value
2403040403IND01;00;2023;70815;Medveđa;71668;RSD;RSD;SORS;Average net earnings;A;Normal value
2403040403IND01;00;2023;70823;Merošina;62022;RSD;RSD;SORS;Average net earnings;A;Normal value
2403040403IND01;00;2023;70831;Mionica;65396;RSD;RSD;SORS;Average net earnings;A;Normal value
2403040403IND01;00;2023;70840;Negotin;71104;RSD;RSD;SORS;Average net earnings;A;Normal value
2403040403IND01;00;2023;70866;Nova Varoš;65790;RSD;RSD;SORS;Average net earnings;A;Normal value
2403040403IND01;00;2023;70874;Novi Pazar;62685;RSD;RSD;SORS;Average net earnings;A;Normal value
2403040403IND01;00;2023;70882;Osečina;65844;RSD;RSD;SORS;Average net earnings;A;Normal value
2403040403IND01;00;2023;70904;Paraćin;67565;RSD;RSD;SORS;Average net earnings;A;Normal value
2403040403IND01;00;2023;70912;Petrovac na Mlavi;62738;RSD;RSD;SORS;Average net earnings;A;Normal value
2403040403IND01;00;2023;70939;Pirot;78233;RSD;RSD;SORS;Average net earnings;A;Normal value
2403040403IND01;00;2023;70947;Požarevac;78980;RSD;RSD;SORS;Average net earnings;A;Normal value
2403040403IND01;00;2023;70955;Požega;72785;RSD;RSD;SORS;Average net earnings;A;Normal value
2403040403IND01;00;2023;70963;Preševo;57201;RSD;RSD;SORS;Average net earnings;A;Normal value
2403040403IND01;00;2023;70971;Priboj;66900;RSD;RSD;SORS;Average net earnings;A;Normal value
2403040403IND01;00;2023;70980;Prijepolje;63492;RSD;RSD;SORS;Average net earnings;A;Normal value
2403040403IND01;00;2023;70998;Prokuplje;70051;RSD;RSD;SORS;Average net earnings;A;Normal value
2403040403IND01;00;2023;71005;Ražanj;60712;RSD;RSD;SORS;Average net earnings;A;Normal value
2403040403IND01;00;2023;71013;Rača;66945;RSD;RSD;SORS;Average net earnings;A;Normal value
2403040403IND01;00;2023;71021;Raška;65213;RSD;RSD;SORS;Average net earnings;A;Normal value
2403040403IND01;00;2023;71030;Rekovac;63067;RSD;RSD;SORS;Average net earnings;A;Normal value
2403040403IND01;00;2023;71048;Jagodina;68667;RSD;RSD;SORS;Average net earnings;A;Normal value
2403040403IND01;00;2023;71056;Svilajnac;64660;RSD;RSD;SORS;Average net earnings;A;Normal value
2403040403IND01;00;2023;71064;Svrljig;59104;RSD;RSD;SORS;Average net earnings;A;Normal value
2403040403IND01;00;2023;71072;Sjenica;65815;RSD;RSD;SORS;Average net earnings;A;Normal value
2403040403IND01;00;2023;71099;Smederevo;78035;RSD;RSD;SORS;Average net earnings;A;Normal value
2403040403IND01;00;2023;71102;Smederevska Palanka;69467;RSD;RSD;SORS;Average net earnings;A;Normal value
2403040403IND01;00;2023;71129;Sokobanja;66443;RSD;RSD;SORS;Average net earnings;A;Normal value
2403040403IND01;00;2023;71137;Surdulica;66574;RSD;RSD;SORS;Average net earnings;A;Normal value
2403040403IND01;00;2023;71145;Užice;80087;RSD;RSD;SORS;Average net earnings;A;Normal value
2403040403IND01;00;2023;71153;Topola;66419;RSD;RSD;SORS;Average net earnings;A;Normal value
2403040403IND01;00;2023;71161;Trgovište;62012;RSD;RSD;SORS;Average net earnings;A;Normal value
2403040403IND01;00;2023;71170;Trstenik;64298;RSD;RSD;SORS;Average net earnings;A;Normal value
2403040403IND01;00;2023;71188;Tutin;61558;RSD;RSD;SORS;Average net earnings;A;Normal value
2403040403IND01;00;2023;71196;Ćićevac;63846;RSD;RSD;SORS;Average net earnings;A;Normal value
2403040403IND01;00;2023;71200;Ćuprija;68919;RSD;RSD;SORS;Average net earnings;A;Normal value
2403040403IND01;00;2023;71218;Ub;71870;RSD;RSD;SORS;Average net earnings;A;Normal value
2403040403IND01;00;2023;71226;Crna Trava;59667;RSD;RSD;SORS;Average net earnings;A;Normal value
2403040403IND01;00;2023;71234;Čajetina;66547;RSD;RSD;SORS;Average net earnings;A;Normal value
2403040403IND01;00;2023;71242;Čačak;73252;RSD;RSD;SORS;Average net earnings;A;Normal value
2403040403IND01;00;2023;71269;Šabac;74847;RSD;RSD;SORS;Average net earnings;A;Normal value
2403040403IND01;00;2023;71277;Lapovo;66599;RSD;RSD;SORS;Average net earnings;A;Normal value
2403040403IND01;00;2023;71285;Niška Banja;66209;RSD;RSD;SORS;Average net earnings;A;Normal value
2403040403IND01;00;2023;71293;Surčin;77951;RSD;RSD;SORS;Average net earnings;A;Normal value
2403040403IND01;00;2023;71307;Pantelej;77870;RSD;RSD;SORS;Average net earnings;A;Normal value
2403040403IND01;00;2023;71315;Crveni Krst;70440;RSD;RSD;SORS;Average net earnings;A;Normal value
2403040403IND01;00;2023;71323;Palilula (Niš);75353;RSD;RSD;SORS;Average net earnings;A;Normal value
2403040403IND01;00;2023;71331;Medijana;93269;RSD;RSD;SORS;Average net earnings;A;Normal value
2403040403IND01;00;2023;71340;Kostolac;88192;RSD;RSD;SORS;Average net earnings;A;Normal value
2403040403IND01;00;2023;71358;Vranjska Banja;60764;RSD;RSD;SORS;Average net earnings;A;Normal value
2403040403IND01;00;2023;71366;Sevojno;72826;RSD;RSD;SORS;Average net earnings;A;Normal value
2403040403IND01;00;2023;79022;Grad Niš;82067;RSD;RSD;SORS;Average net earnings;A;Normal value
2403040403IND01;00;2023;79049;Grad Požarevac;80235;RSD;RSD;SORS;Average net earnings;A;Normal value
2403040403IND01;00;2023;79057;Grad Vranje;66714;RSD;RSD;SORS;Average net earnings;A;Normal value
2403040403IND01;00;2023;79065;Grad Užice;79860;RSD;RSD;SORS;Average net earnings;A;Normal value
2403040403IND01;00;2023;80012;Ada;68873;RSD;RSD;SORS;Average net earnings;A;Normal value
2403040403IND01;00;2023;80039;Alibunar;69053;RSD;RSD;SORS;Average net earnings;A;Normal value
2403040403IND01;00;2023;80047;Apatin;69313;RSD;RSD;SORS;Average net earnings;A;Normal value
2403040403IND01;00;2023;80055;Bač;64437;RSD;RSD;SORS;Average net earnings;A;Normal value
2403040403IND01;00;2023;80063;Bačka Palanka;72725;RSD;RSD;SORS;Average net earnings;A;Normal value
2403040403IND01;00;2023;80071;Bačka Topola;69651;RSD;RSD;SORS;Average net earnings;A;Normal value
2403040403IND01;00;2023;80080;Bački Petrovac;70396;RSD;RSD;SORS;Average net earnings;A;Normal value
2403040403IND01;00;2023;80098;Bela Crkva;67075;RSD;RSD;SORS;Average net earnings;A;Normal value
2403040403IND01;00;2023;80101;Beočin;73083;RSD;RSD;SORS;Average net earnings;A;Normal value
2403040403IND01;00;2023;80110;Bečej;71235;RSD;RSD;SORS;Average net earnings;A;Normal value
2403040403IND01;00;2023;80128;Vršac;82212;RSD;RSD;SORS;Average net earnings;A;Normal value
2403040403IND01;00;2023;80136;Žabalj;68216;RSD;RSD;SORS;Average net earnings;A;Normal value
2403040403IND01;00;2023;80144;Žitište;70581;RSD;RSD;SORS;Average net earnings;A;Normal value
2403040403IND01;00;2023;80152;Zrenjanin;78459;RSD;RSD;SORS;Average net earnings;A;Normal value
2403040403IND01;00;2023;80179;Inđija;81518;RSD;RSD;SORS;Average net earnings;A;Normal value
2403040403IND01;00;2023;80187;Irig;69696;RSD;RSD;SORS;Average net earnings;A;Normal value
2403040403IND01;00;2023;80195;Kanjiža;67732;RSD;RSD;SORS;Average net earnings;A;Normal value
2403040403IND01;00;2023;80209;Kikinda;74760;RSD;RSD;SORS;Average net earnings;A;Normal value
2403040403IND01;00;2023;80217;Kovačica;66166;RSD;RSD;SORS;Average net earnings;A;Normal value
2403040403IND01;00;2023;80225;Kovin;71837;RSD;RSD;SORS;Average net earnings;A;Normal value
2403040403IND01;00;2023;80233;Kula;69363;RSD;RSD;SORS;Average net earnings;A;Normal value
2403040403IND01;00;2023;80241;Mali Iđoš;64130;RSD;RSD;SORS;Average net earnings;A;Normal value
2403040403IND01;00;2023;80250;Nova Crnja;69237;RSD;RSD;SORS;Average net earnings;A;Normal value
2403040403IND01;00;2023;80268;Novi Bečej;66389;RSD;RSD;SORS;Average net earnings;A;Normal value
2403040403IND01;00;2023;80276;Novi Kneževac;70357;RSD;RSD;SORS;Average net earnings;A;Normal value
2403040403IND01;00;2023;80292;Opovo;69968;RSD;RSD;SORS;Average net earnings;A;Normal value
2403040403IND01;00;2023;80306;Odžaci;67953;RSD;RSD;SORS;Average net earnings;A;Normal value
2403040403IND01;00;2023;80314;Pančevo;85234;RSD;RSD;SORS;Average net earnings;A;Normal value
2403040403IND01;00;2023;80322;Pećinci;77029;RSD;RSD;SORS;Average net earnings;A;Normal value
2403040403IND01;00;2023;80349;Plandište;70293;RSD;RSD;SORS;Average net earnings;A;Normal value
2403040403IND01;00;2023;80357;Ruma;74936;RSD;RSD;SORS;Average net earnings;A;Normal value
2403040403IND01;00;2023;80365;Senta;73428;RSD;RSD;SORS;Average net earnings;A;Normal value
2403040403IND01;00;2023;80373;Sečanj;69352;RSD;RSD;SORS;Average net earnings;A;Normal value
2403040403IND01;00;2023;80381;Sombor;72209;RSD;RSD;SORS;Average net earnings;A;Normal value
2403040403IND01;00;2023;80390;Srbobran;65286;RSD;RSD;SORS;Average net earnings;A;Normal value
2403040403IND01;00;2023;80403;Sremska Mitrovica;77152;RSD;RSD;SORS;Average net earnings;A;Normal value
2403040403IND01;00;2023;80411;Sremski Karlovci;78891;RSD;RSD;SORS;Average net earnings;A;Normal value
2403040403IND01;00;2023;80420;Stara Pazova;78099;RSD;RSD;SORS;Average net earnings;A;Normal value
2403040403IND01;00;2023;80438;Subotica;76774;RSD;RSD;SORS;Average net earnings;A;Normal value
2403040403IND01;00;2023;80446;Temerin;72380;RSD;RSD;SORS;Average net earnings;A;Normal value
2403040403IND01;00;2023;80454;Titel;67645;RSD;RSD;SORS;Average net earnings;A;Normal value
2403040403IND01;00;2023;80462;Vrbas;71925;RSD;RSD;SORS;Average net earnings;A;Normal value
2403040403IND01;00;2023;80489;Čoka;66395;RSD;RSD;SORS;Average net earnings;A;Normal value
2403040403IND01;00;2023;80497;Šid;70231;RSD;RSD;SORS;Average net earnings;A;Normal value
2403040403IND01;00;2023;89010;Grad Novi Sad;101101;RSD;RSD;SORS;Average net earnings;A;Normal value
2403040403IND01;00;2023;RS;REPUBLIC OF SERBIA;86007;RSD;RSD;SORS;Average net earnings;A;Normal value
2403040403IND01;00;2023;RS1;SRBIJA – SEVER;96388;RSD;RSD;SORS;Average net earnings;A;Normal value
2403040403IND01;00;2023;RS11;Beogradski region;109431;RSD;RSD;SORS;Average net earnings;A;Normal value
2403040403IND01;00;2023;RS110;Beogradska oblast;109431;RSD;RSD;SORS;Average net earnings;A;Normal value
2403040403IND01;00;2023;RS12;Region Vojvodine;81386;RSD;RSD;SORS;Average net earnings;A;Normal value
2403040403IND01;00;2023;RS121;Zapadnobačka oblast;70449;RSD;RSD;SORS;Average net earnings;A;Normal value
2403040403IND01;00;2023;RS122;Južnobanatska oblast;79692;RSD;RSD;SORS;Average net earnings;A;Normal value
2403040403IND01;00;2023;RS123;Južnobačka oblast;90673;RSD;RSD;SORS;Average net earnings;A;Normal value
2403040403IND01;00;2023;RS124;Severnobanatska oblast;72105;RSD;RSD;SORS;Average net earnings;A;Normal value
2403040403IND01;00;2023;RS125;Severnobačka oblast;75127;RSD;RSD;SORS;Average net earnings;A;Normal value
2403040403IND01;00;2023;RS126;Srednjobanatska oblast;75797;RSD;RSD;SORS;Average net earnings;A;Normal value
2403040403IND01;00;2023;RS127;Sremska oblast;76892;RSD;RSD;SORS;Average net earnings;A;Normal value
2403040403IND01;00;2023;RS2;SRBIJA – JUG;72401;RSD;RSD;SORS;Average net earnings;A;Normal value
2403040403IND01;00;2023;RS21;Region Šumadije i Zapadne Srbije;71642;RSD;RSD;SORS;Average net earnings;A;Normal value
2403040403IND01;00;2023;RS211;Zlatiborska oblast;71302;RSD;RSD;SORS;Average net earnings;A;Normal value
2403040403IND01;00;2023;RS212;Kolubarska oblast;73895;RSD;RSD;SORS;Average net earnings;A;Normal value
2403040403IND01;00;2023;RS213;Mačvanska oblast;70527;RSD;RSD;SORS;Average net earnings;A;Normal value
2403040403IND01;00;2023;RS214;Moravička oblast;73431;RSD;RSD;SORS;Average net earnings;A;Normal value
2403040403IND01;00;2023;RS215;Pomoravska oblast;67644;RSD;RSD;SORS;Average net earnings;A;Normal value
2403040403IND01;00;2023;RS216;Rasinska oblast;70810;RSD;RSD;SORS;Average net earnings;A;Normal value
2403040403IND01;00;2023;RS217;Raška oblast;67110;RSD;RSD;SORS;Average net earnings;A;Normal value
2403040403IND01;00;2023;RS218;Šumadijska oblast;76976;RSD;RSD;SORS;Average net earnings;A;Normal value
2403040403IND01;00;2023;RS22;Region Južne i Istočne Srbije;73373;RSD;RSD;SORS;Average net earnings;A;Normal value
2403040403IND01;00;2023;RS221;Borska oblast;87826;RSD;RSD;SORS;Average net earnings;A;Normal value
2403040403IND01;00;2023;RS222;Braničevska oblast;73994;RSD;RSD;SORS;Average net earnings;A;Normal value
2403040403IND01;00;2023;RS223;Zaječarska oblast;69983;RSD;RSD;SORS;Average net earnings;A;Normal value
2403040403IND01;00;2023;RS224;Jablanička oblast;63747;RSD;RSD;SORS;Average net earnings;A;Normal value
2403040403IND01;00;2023;RS225;Nišavska oblast;78163;RSD;RSD;SORS;Average net earnings;A;Normal value
2403040403IND01;00;2023;RS226;Pirotska oblast;74058;RSD;RSD;SORS;Average net earnings;A;Normal value
2403040403IND01;00;2023;RS227;Podunavska oblast;74540;RSD;RSD;SORS;Average net earnings;A;Normal value
2403040403IND01;00;2023;RS228;Pčinjska oblast;64946;RSD;RSD;SORS;Average net earnings;A;Normal value
2403040403IND01;00;2023;RS229;Toplička oblast;67417;RSD;RSD;SORS;Average net earnings;A;Normal value
2403040403IND01;00;2024;70017;Aleksandrovac;71185;RSD;RSD;SORS;Average net earnings;A;Normal value
2403040403IND01;00;2024;70025;Aleksinac;77041;RSD;RSD;SORS;Average net earnings;A;Normal value
2403040403IND01;00;2024;70033;Aranđelovac;83990;RSD;RSD;SORS;Average net earnings;A;Normal value
2403040403IND01;00;2024;70041;Arilje;72771;RSD;RSD;SORS;Average net earnings;A;Normal value
2403040403IND01;00;2024;70050;Babušnica;75353;RSD;RSD;SORS;Average net earnings;A;Normal value
2403040403IND01;00;2024;70068;Bajina Bašta;74426;RSD;RSD;SORS;Average net earnings;A;Normal value
2403040403IND01;00;2024;70076;Batočina;76151;RSD;RSD;SORS;Average net earnings;A;Normal value
2403040403IND01;00;2024;70084;Bela Palanka;71831;RSD;RSD;SORS;Average net earnings;A;Normal value
2403040403IND01;00;2024;70092;Barajevo;84165;RSD;RSD;SORS;Average net earnings;A;Normal value
2403040403IND01;00;2024;70106;Voždovac;128987;RSD;RSD;SORS;Average net earnings;A;Normal value
2403040403IND01;00;2024;70114;Vračar;168265;RSD;RSD;SORS;Average net earnings;A;Normal value
2403040403IND01;00;2024;70122;Grocka;86322;RSD;RSD;SORS;Average net earnings;A;Normal value
2403040403IND01;00;2024;70149;Zvezdara;127484;RSD;RSD;SORS;Average net earnings;A;Normal value
2403040403IND01;00;2024;70157;Zemun;115091;RSD;RSD;SORS;Average net earnings;A;Normal value
2403040403IND01;00;2024;70165;Lazarevac;100355;RSD;RSD;SORS;Average net earnings;A;Normal value
2403040403IND01;00;2024;70173;Mladenovac;81605;RSD;RSD;SORS;Average net earnings;A;Normal value
2403040403IND01;00;2024;70181;Novi Beograd;158987;RSD;RSD;SORS;Average net earnings;A;Normal value
2403040403IND01;00;2024;70190;Obrenovac;91929;RSD;RSD;SORS;Average net earnings;A;Normal value
2403040403IND01;00;2024;70203;Palilula (Beograd);111480;RSD;RSD;SORS;Average net earnings;A;Normal value
2403040403IND01;00;2024;70211;Rakovica;110291;RSD;RSD;SORS;Average net earnings;A;Normal value
2403040403IND01;00;2024;70220;Savski venac;160731;RSD;RSD;SORS;Average net earnings;A;Normal value
2403040403IND01;00;2024;70238;Sopot;82163;RSD;RSD;SORS;Average net earnings;A;Normal value
2403040403IND01;00;2024;70246;Stari grad;176214;RSD;RSD;SORS;Average net earnings;A;Normal value
2403040403IND01;00;2024;70254;Čukarica;117540;RSD;RSD;SORS;Average net earnings;A;Normal value
2403040403IND01;00;2024;70262;Blace;68689;RSD;RSD;SORS;Average net earnings;A;Normal value
2403040403IND01;00;2024;70289;Bogatić;73270;RSD;RSD;SORS;Average net earnings;A;Normal value
2403040403IND01;00;2024;70297;Bojnik;65698;RSD;RSD;SORS;Average net earnings;A;Normal value
2403040403IND01;00;2024;70319;Boljevac;84890;RSD;RSD;SORS;Average net earnings;A;Normal value
2403040403IND01;00;2024;70327;Bor;113893;RSD;RSD;SORS;Average net earnings;A;Normal value
2403040403IND01;00;2024;70335;Bosilegrad;71159;RSD;RSD;SORS;Average net earnings;A;Normal value
2403040403IND01;00;2024;70343;Brus;75039;RSD;RSD;SORS;Average net earnings;A;Normal value
2403040403IND01;00;2024;70351;Bujanovac;70162;RSD;RSD;SORS;Average net earnings;A;Normal value
2403040403IND01;00;2024;70360;Valjevo;85906;RSD;RSD;SORS;Average net earnings;A;Normal value
2403040403IND01;00;2024;70378;Varvarin;73467;RSD;RSD;SORS;Average net earnings;A;Normal value
2403040403IND01;00;2024;70386;Velika Plana;78985;RSD;RSD;SORS;Average net earnings;A;Normal value
2403040403IND01;00;2024;70394;Veliko Gradište;74626;RSD;RSD;SORS;Average net earnings;A;Normal value
2403040403IND01;00;2024;70408;Vladimirci;74312;RSD;RSD;SORS;Average net earnings;A;Normal value
2403040403IND01;00;2024;70416;Vladičin Han;77772;RSD;RSD;SORS;Average net earnings;A;Normal value
2403040403IND01;00;2024;70424;Vlasotince;67386;RSD;RSD;SORS;Average net earnings;A;Normal value
2403040403IND01;00;2024;70432;Vranje;76344;RSD;RSD;SORS;Average net earnings;A;Normal value
2403040403IND01;00;2024;70459;Vrnjačka Banja;73454;RSD;RSD;SORS;Average net earnings;A;Normal value
2403040403IND01;00;2024;70467;Gadžin Han;69092;RSD;RSD;SORS;Average net earnings;A;Normal value
2403040403IND01;00;2024;70475;Golubac;72501;RSD;RSD;SORS;Average net earnings;A;Normal value
2403040403IND01;00;2024;70483;Gornji Milanovac;86455;RSD;RSD;SORS;Average net earnings;A;Normal value
2403040403IND01;00;2024;70491;Despotovac;75480;RSD;RSD;SORS;Average net earnings;A;Normal value
2403040403IND01;00;2024;70505;Dimitrovgrad;73054;RSD;RSD;SORS;Average net earnings;A;Normal value
2403040403IND01;00;2024;70513;Doljevac;73053;RSD;RSD;SORS;Average net earnings;A;Normal value
2403040403IND01;00;2024;70521;Žabari;73023;RSD;RSD;SORS;Average net earnings;A;Normal value
2403040403IND01;00;2024;70530;Žagubica;79258;RSD;RSD;SORS;Average net earnings;A;Normal value
2403040403IND01;00;2024;70548;Žitorađa;72222;RSD;RSD;SORS;Average net earnings;A;Normal value
2403040403IND01;00;2024;70556;Zaječar;84743;RSD;RSD;SORS;Average net earnings;A;Normal value
2403040403IND01;00;2024;70564;Ivanjica;72514;RSD;RSD;SORS;Average net earnings;A;Normal value
2403040403IND01;00;2024;70572;Kladovo;81943;RSD;RSD;SORS;Average net earnings;A;Normal value
2403040403IND01;00;2024;70599;Knić;76722;RSD;RSD;SORS;Average net earnings;A;Normal value
2403040403IND01;00;2024;70602;Knjaževac;72736;RSD;RSD;SORS;Average net earnings;A;Normal value
2403040403IND01;00;2024;70629;Kosjerić;80695;RSD;RSD;SORS;Average net earnings;A;Normal value
2403040403IND01;00;2024;70637;Koceljeva;74000;RSD;RSD;SORS;Average net earnings;A;Normal value
2403040403IND01;00;2024;70645;Kragujevac;92814;RSD;RSD;SORS;Average net earnings;A;Normal value
2403040403IND01;00;2024;70653;Kraljevo;81037;RSD;RSD;SORS;Average net earnings;A;Normal value
2403040403IND01;00;2024;70661;Krupanj;74325;RSD;RSD;SORS;Average net earnings;A;Normal value
2403040403IND01;00;2024;70670;Kruševac;87223;RSD;RSD;SORS;Average net earnings;A;Normal value
2403040403IND01;00;2024;70688;Kuršumlija;76896;RSD;RSD;SORS;Average net earnings;A;Normal value
2403040403IND01;00;2024;70696;Kučevo;78093;RSD;RSD;SORS;Average net earnings;A;Normal value
2403040403IND01;00;2024;70700;Lajkovac;92924;RSD;RSD;SORS;Average net earnings;A;Normal value
2403040403IND01;00;2024;70718;Lebane;69292;RSD;RSD;SORS;Average net earnings;A;Normal value
2403040403IND01;00;2024;70726;Leskovac;74572;RSD;RSD;SORS;Average net earnings;A;Normal value
2403040403IND01;00;2024;70734;Loznica;79008;RSD;RSD;SORS;Average net earnings;A;Normal value
2403040403IND01;00;2024;70742;Lučani;100601;RSD;RSD;SORS;Average net earnings;A;Normal value
2403040403IND01;00;2024;70769;Ljig;83540;RSD;RSD;SORS;Average net earnings;A;Normal value
2403040403IND01;00;2024;70777;Ljubovija;80461;RSD;RSD;SORS;Average net earnings;A;Normal value
2403040403IND01;00;2024;70785;Majdanpek;101288;RSD;RSD;SORS;Average net earnings;A;Normal value
2403040403IND01;00;2024;70793;Mali Zvornik;77667;RSD;RSD;SORS;Average net earnings;A;Normal value
2403040403IND01;00;2024;70807;Malo Crniće;73077;RSD;RSD;SORS;Average net earnings;A;Normal value
2403040403IND01;00;2024;70815;Medveđa;79527;RSD;RSD;SORS;Average net earnings;A;Normal value
2403040403IND01;00;2024;70823;Merošina;70848;RSD;RSD;SORS;Average net earnings;A;Normal value
2403040403IND01;00;2024;70831;Mionica;75757;RSD;RSD;SORS;Average net earnings;A;Normal value
2403040403IND01;00;2024;70840;Negotin;81183;RSD;RSD;SORS;Average net earnings;A;Normal value
2403040403IND01;00;2024;70866;Nova Varoš;75827;RSD;RSD;SORS;Average net earnings;A;Normal value
2403040403IND01;00;2024;70874;Novi Pazar;71804;RSD;RSD;SORS;Average net earnings;A;Normal value
2403040403IND01;00;2024;70882;Osečina;75580;RSD;RSD;SORS;Average net earnings;A;Normal value
2403040403IND01;00;2024;70904;Paraćin;78431;RSD;RSD;SORS;Average net earnings;A;Normal value
2403040403IND01;00;2024;70912;Petrovac na Mlavi;72534;RSD;RSD;SORS;Average net earnings;A;Normal value
2403040403IND01;00;2024;70939;Pirot;88608;RSD;RSD;SORS;Average net earnings;A;Normal value
2403040403IND01;00;2024;70947;Požarevac;90166;RSD;RSD;SORS;Average net earnings;A;Normal value
2403040403IND01;00;2024;70955;Požega;83639;RSD;RSD;SORS;Average net earnings;A;Normal value
2403040403IND01;00;2024;70963;Preševo;65985;RSD;RSD;SORS;Average net earnings;A;Normal value
2403040403IND01;00;2024;70971;Priboj;76450;RSD;RSD;SORS;Average net earnings;A;Normal value
2403040403IND01;00;2024;70980;Prijepolje;71945;RSD;RSD;SORS;Average net earnings;A;Normal value
2403040403IND01;00;2024;70998;Prokuplje;78942;RSD;RSD;SORS;Average net earnings;A;Normal value
2403040403IND01;00;2024;71005;Ražanj;69814;RSD;RSD;SORS;Average net earnings;A;Normal value
2403040403IND01;00;2024;71013;Rača;77123;RSD;RSD;SORS;Average net earnings;A;Normal value
2403040403IND01;00;2024;71021;Raška;75112;RSD;RSD;SORS;Average net earnings;A;Normal value
2403040403IND01;00;2024;71030;Rekovac;71985;RSD;RSD;SORS;Average net earnings;A;Normal value
2403040403IND01;00;2024;71048;Jagodina;78495;RSD;RSD;SORS;Average net earnings;A;Normal value
2403040403IND01;00;2024;71056;Svilajnac;73794;RSD;RSD;SORS;Average net earnings;A;Normal value
2403040403IND01;00;2024;71064;Svrljig;69958;RSD;RSD;SORS;Average net earnings;A;Normal value
2403040403IND01;00;2024;71072;Sjenica;75841;RSD;RSD;SORS;Average net earnings;A;Normal value
2403040403IND01;00;2024;71099;Smederevo;89282;RSD;RSD;SORS;Average net earnings;A;Normal value
2403040403IND01;00;2024;71102;Smederevska Palanka;80274;RSD;RSD;SORS;Average net earnings;A;Normal value
2403040403IND01;00;2024;71129;Sokobanja;76234;RSD;RSD;SORS;Average net earnings;A;Normal value
2403040403IND01;00;2024;71137;Surdulica;75390;RSD;RSD;SORS;Average net earnings;A;Normal value
2403040403IND01;00;2024;71145;Užice;91261;RSD;RSD;SORS;Average net earnings;A;Normal value
2403040403IND01;00;2024;71153;Topola;76853;RSD;RSD;SORS;Average net earnings;A;Normal value
2403040403IND01;00;2024;71161;Trgovište;72183;RSD;RSD;SORS;Average net earnings;A;Normal value
2403040403IND01;00;2024;71170;Trstenik;74953;RSD;RSD;SORS;Average net earnings;A;Normal value
2403040403IND01;00;2024;71188;Tutin;71505;RSD;RSD;SORS;Average net earnings;A;Normal value
2403040403IND01;00;2024;71196;Ćićevac;74499;RSD;RSD;SORS;Average net earnings;A;Normal value
2403040403IND01;00;2024;71200;Ćuprija;79604;RSD;RSD;SORS;Average net earnings;A;Normal value
2403040403IND01;00;2024;71218;Ub;82769;RSD;RSD;SORS;Average net earnings;A;Normal value
2403040403IND01;00;2024;71226;Crna Trava;66925;RSD;RSD;SORS;Average net earnings;A;Normal value
2403040403IND01;00;2024;71234;Čajetina;76947;RSD;RSD;SORS;Average net earnings;A;Normal value
2403040403IND01;00;2024;71242;Čačak;84441;RSD;RSD;SORS;Average net earnings;A;Normal value
2403040403IND01;00;2024;71269;Šabac;85566;RSD;RSD;SORS;Average net earnings;A;Normal value
2403040403IND01;00;2024;71277;Lapovo;76837;RSD;RSD;SORS;Average net earnings;A;Normal value
2403040403IND01;00;2024;71285;Niška Banja;76758;RSD;RSD;SORS;Average net earnings;A;Normal value
2403040403IND01;00;2024;71293;Surčin;90055;RSD;RSD;SORS;Average net earnings;A;Normal value
2403040403IND01;00;2024;71307;Pantelej;89522;RSD;RSD;SORS;Average net earnings;A;Normal value
2403040403IND01;00;2024;71315;Crveni Krst;80972;RSD;RSD;SORS;Average net earnings;A;Normal value
2403040403IND01;00;2024;71323;Palilula (Niš);86288;RSD;RSD;SORS;Average net earnings;A;Normal value
2403040403IND01;00;2024;71331;Medijana;106728;RSD;RSD;SORS;Average net earnings;A;Normal value
2403040403IND01;00;2024;71340;Kostolac;98961;RSD;RSD;SORS;Average net earnings;A;Normal value
2403040403IND01;00;2024;71358;Vranjska Banja;67715;RSD;RSD;SORS;Average net earnings;A;Normal value
2403040403IND01;00;2024;71366;Sevojno;82957;RSD;RSD;SORS;Average net earnings;A;Normal value
2403040403IND01;00;2024;79022;Grad Niš;94046;RSD;RSD;SORS;Average net earnings;A;Normal value
2403040403IND01;00;2024;79049;Grad Požarevac;91383;RSD;RSD;SORS;Average net earnings;A;Normal value
2403040403IND01;00;2024;79057;Grad Vranje;76127;RSD;RSD;SORS;Average net earnings;A;Normal value
2403040403IND01;00;2024;79065;Grad Užice;90991;RSD;RSD;SORS;Average net earnings;A;Normal value
2403040403IND01;00;2024;80012;Ada;78060;RSD;RSD;SORS;Average net earnings;A;Normal value
2403040403IND01;00;2024;80039;Alibunar;79805;RSD;RSD;SORS;Average net earnings;A;Normal value
2403040403IND01;00;2024;80047;Apatin;78627;RSD;RSD;SORS;Average net earnings;A;Normal value
2403040403IND01;00;2024;80055;Bač;73508;RSD;RSD;SORS;Average net earnings;A;Normal value
2403040403IND01;00;2024;80063;Bačka Palanka;82768;RSD;RSD;SORS;Average net earnings;A;Normal value
2403040403IND01;00;2024;80071;Bačka Topola;79618;RSD;RSD;SORS;Average net earnings;A;Normal value
2403040403IND01;00;2024;80080;Bački Petrovac;79289;RSD;RSD;SORS;Average net earnings;A;Normal value
2403040403IND01;00;2024;80098;Bela Crkva;76919;RSD;RSD;SORS;Average net earnings;A;Normal value
2403040403IND01;00;2024;80101;Beočin;85050;RSD;RSD;SORS;Average net earnings;A;Normal value
2403040403IND01;00;2024;80110;Bečej;80887;RSD;RSD;SORS;Average net earnings;A;Normal value
2403040403IND01;00;2024;80128;Vršac;93742;RSD;RSD;SORS;Average net earnings;A;Normal value
2403040403IND01;00;2024;80136;Žabalj;78613;RSD;RSD;SORS;Average net earnings;A;Normal value
2403040403IND01;00;2024;80144;Žitište;80881;RSD;RSD;SORS;Average net earnings;A;Normal value
2403040403IND01;00;2024;80152;Zrenjanin;88788;RSD;RSD;SORS;Average net earnings;A;Normal value
2403040403IND01;00;2024;80179;Inđija;92652;RSD;RSD;SORS;Average net earnings;A;Normal value
2403040403IND01;00;2024;80187;Irig;79077;RSD;RSD;SORS;Average net earnings;A;Normal value
2403040403IND01;00;2024;80195;Kanjiža;77953;RSD;RSD;SORS;Average net earnings;A;Normal value
2403040403IND01;00;2024;80209;Kikinda;84446;RSD;RSD;SORS;Average net earnings;A;Normal value
2403040403IND01;00;2024;80217;Kovačica;76639;RSD;RSD;SORS;Average net earnings;A;Normal value
2403040403IND01;00;2024;80225;Kovin;82698;RSD;RSD;SORS;Average net earnings;A;Normal value
2403040403IND01;00;2024;80233;Kula;79561;RSD;RSD;SORS;Average net earnings;A;Normal value
2403040403IND01;00;2024;80241;Mali Iđoš;74541;RSD;RSD;SORS;Average net earnings;A;Normal value
2403040403IND01;00;2024;80250;Nova Crnja;78888;RSD;RSD;SORS;Average net earnings;A;Normal value
2403040403IND01;00;2024;80268;Novi Bečej;76212;RSD;RSD;SORS;Average net earnings;A;Normal value
2403040403IND01;00;2024;80276;Novi Kneževac;80321;RSD;RSD;SORS;Average net earnings;A;Normal value
2403040403IND01;00;2024;80292;Opovo;79776;RSD;RSD;SORS;Average net earnings;A;Normal value
2403040403IND01;00;2024;80306;Odžaci;78452;RSD;RSD;SORS;Average net earnings;A;Normal value
2403040403IND01;00;2024;80314;Pančevo;97689;RSD;RSD;SORS;Average net earnings;A;Normal value
2403040403IND01;00;2024;80322;Pećinci;87904;RSD;RSD;SORS;Average net earnings;A;Normal value
2403040403IND01;00;2024;80349;Plandište;80382;RSD;RSD;SORS;Average net earnings;A;Normal value
2403040403IND01;00;2024;80357;Ruma;85415;RSD;RSD;SORS;Average net earnings;A;Normal value
2403040403IND01;00;2024;80365;Senta;82976;RSD;RSD;SORS;Average net earnings;A;Normal value
2403040403IND01;00;2024;80373;Sečanj;80505;RSD;RSD;SORS;Average net earnings;A;Normal value
2403040403IND01;00;2024;80381;Sombor;81719;RSD;RSD;SORS;Average net earnings;A;Normal value
2403040403IND01;00;2024;80390;Srbobran;75817;RSD;RSD;SORS;Average net earnings;A;Normal value
2403040403IND01;00;2024;80403;Sremska Mitrovica;87305;RSD;RSD;SORS;Average net earnings;A;Normal value
2403040403IND01;00;2024;80411;Sremski Karlovci;90310;RSD;RSD;SORS;Average net earnings;A;Normal value
2403040403IND01;00;2024;80420;Stara Pazova;89978;RSD;RSD;SORS;Average net earnings;A;Normal value
2403040403IND01;00;2024;80438;Subotica;87337;RSD;RSD;SORS;Average net earnings;A;Normal value
2403040403IND01;00;2024;80446;Temerin;82849;RSD;RSD;SORS;Average net earnings;A;Normal value
2403040403IND01;00;2024;80454;Titel;77744;RSD;RSD;SORS;Average net earnings;A;Normal value
2403040403IND01;00;2024;80462;Vrbas;82164;RSD;RSD;SORS;Average net earnings;A;Normal value
2403040403IND01;00;2024;80489;Čoka;76291;RSD;RSD;SORS;Average net earnings;A;Normal value
2403040403IND01;00;2024;80497;Šid;81046;RSD;RSD;SORS;Average net earnings;A;Normal value
2403040403IND01;00;2024;89010;Grad Novi Sad;114397;RSD;RSD;SORS;Average net earnings;A;Normal value
2403040403IND01;00;2024;RS;REPUBLIC OF SERBIA;98143;RSD;RSD;SORS;Average net earnings;A;Normal value
2403040403IND01;00;2024;RS1;SRBIJA – SEVER;109504;RSD;RSD;SORS;Average net earnings;A;Normal value
2403040403IND01;00;2024;RS11;Beogradski region;124010;RSD;RSD;SORS;Average net earnings;A;Normal value
2403040403IND01;00;2024;RS110;Beogradska oblast;124010;RSD;RSD;SORS;Average net earnings;A;Normal value
2403040403IND01;00;2024;RS12;Region Vojvodine;92725;RSD;RSD;SORS;Average net earnings;A;Normal value
2403040403IND01;00;2024;RS121;Zapadnobačka oblast;80253;RSD;RSD;SORS;Average net earnings;A;Normal value
2403040403IND01;00;2024;RS122;Južnobanatska oblast;91352;RSD;RSD;SORS;Average net earnings;A;Normal value
2403040403IND01;00;2024;RS123;Južnobačka oblast;103034;RSD;RSD;SORS;Average net earnings;A;Normal value
2403040403IND01;00;2024;RS124;Severnobanatska oblast;81839;RSD;RSD;SORS;Average net earnings;A;Normal value
2403040403IND01;00;2024;RS125;Severnobačka oblast;85605;RSD;RSD;SORS;Average net earnings;A;Normal value
2403040403IND01;00;2024;RS126;Srednjobanatska oblast;86086;RSD;RSD;SORS;Average net earnings;A;Normal value
2403040403IND01;00;2024;RS127;Sremska oblast;87758;RSD;RSD;SORS;Average net earnings;A;Normal value
2403040403IND01;00;2024;RS2;SRBIJA – JUG;83152;RSD;RSD;SORS;Average net earnings;A;Normal value
2403040403IND01;00;2024;RS21;Region Šumadije i Zapadne Srbije;82433;RSD;RSD;SORS;Average net earnings;A;Normal value
2403040403IND01;00;2024;RS211;Zlatiborska oblast;81568;RSD;RSD;SORS;Average net earnings;A;Normal value
2403040403IND01;00;2024;RS212;Kolubarska oblast;84912;RSD;RSD;SORS;Average net earnings;A;Normal value
2403040403IND01;00;2024;RS213;Mačvanska oblast;81036;RSD;RSD;SORS;Average net earnings;A;Normal value
2403040403IND01;00;2024;RS214;Moravička oblast;84691;RSD;RSD;SORS;Average net earnings;A;Normal value
2403040403IND01;00;2024;RS215;Pomoravska oblast;77729;RSD;RSD;SORS;Average net earnings;A;Normal value
2403040403IND01;00;2024;RS216;Rasinska oblast;82048;RSD;RSD;SORS;Average net earnings;A;Normal value
2403040403IND01;00;2024;RS217;Raška oblast;76963;RSD;RSD;SORS;Average net earnings;A;Normal value
2403040403IND01;00;2024;RS218;Šumadijska oblast;88797;RSD;RSD;SORS;Average net earnings;A;Normal value
2403040403IND01;00;2024;RS22;Region Južne i Istočne Srbije;84083;RSD;RSD;SORS;Average net earnings;A;Normal value
2403040403IND01;00;2024;RS221;Borska oblast;100654;RSD;RSD;SORS;Average net earnings;A;Normal value
2403040403IND01;00;2024;RS222;Braničevska oblast;84557;RSD;RSD;SORS;Average net earnings;A;Normal value
2403040403IND01;00;2024;RS223;Zaječarska oblast;80799;RSD;RSD;SORS;Average net earnings;A;Normal value
2403040403IND01;00;2024;RS224;Jablanička oblast;72924;RSD;RSD;SORS;Average net earnings;A;Normal value
2403040403IND01;00;2024;RS225;Nišavska oblast;89583;RSD;RSD;SORS;Average net earnings;A;Normal value
2403040403IND01;00;2024;RS226;Pirotska oblast;84216;RSD;RSD;SORS;Average net earnings;A;Normal value
2403040403IND01;00;2024;RS227;Podunavska oblast;85443;RSD;RSD;SORS;Average net earnings;A;Normal value
2403040403IND01;00;2024;RS228;Pčinjska oblast;74485;RSD;RSD;SORS;Average net earnings;A;Normal value
2403040403IND01;00;2024;RS229;Toplička oblast;76436;RSD;RSD;SORS;Average net earnings;A;Normal value
2403040403IND01;00;2025;70017;Aleksandrovac;81403;RSD;RSD;SORS;Average net earnings;A;Normal value
2403040403IND01;00;2025;70025;Aleksinac;86408;RSD;RSD;SORS;Average net earnings;A;Normal value
2403040403IND01;00;2025;70033;Aranđelovac;93406;RSD;RSD;SORS;Average net earnings;A;Normal value
2403040403IND01;00;2025;70041;Arilje;81523;RSD;RSD;SORS;Average net earnings;A;Normal value
2403040403IND01;00;2025;70050;Babušnica;85464;RSD;RSD;SORS;Average net earnings;A;Normal value
2403040403IND01;00;2025;70068;Bajina Bašta;83884;RSD;RSD;SORS;Average net earnings;A;Normal value
2403040403IND01;00;2025;70076;Batočina;86906;RSD;RSD;SORS;Average net earnings;A;Normal value
2403040403IND01;00;2025;70084;Bela Palanka;81633;RSD;RSD;SORS;Average net earnings;A;Normal value
2403040403IND01;00;2025;70092;Barajevo;95017;RSD;RSD;SORS;Average net earnings;A;Normal value
2403040403IND01;00;2025;70106;Voždovac;142554;RSD;RSD;SORS;Average net earnings;A;Normal value
2403040403IND01;00;2025;70114;Vračar;181664;RSD;RSD;SORS;Average net earnings;A;Normal value
2403040403IND01;00;2025;70122;Grocka;97460;RSD;RSD;SORS;Average net earnings;A;Normal value
2403040403IND01;00;2025;70149;Zvezdara;140610;RSD;RSD;SORS;Average net earnings;A;Normal value
2403040403IND01;00;2025;70157;Zemun;128136;RSD;RSD;SORS;Average net earnings;A;Normal value
2403040403IND01;00;2025;70165;Lazarevac;110208;RSD;RSD;SORS;Average net earnings;A;Normal value
2403040403IND01;00;2025;70173;Mladenovac;92374;RSD;RSD;SORS;Average net earnings;A;Normal value
2403040403IND01;00;2025;70181;Novi Beograd;174881;RSD;RSD;SORS;Average net earnings;A;Normal value
2403040403IND01;00;2025;70190;Obrenovac;103072;RSD;RSD;SORS;Average net earnings;A;Normal value
2403040403IND01;00;2025;70203;Palilula (Beograd);123940;RSD;RSD;SORS;Average net earnings;A;Normal value
2403040403IND01;00;2025;70211;Rakovica;123175;RSD;RSD;SORS;Average net earnings;A;Normal value
2403040403IND01;00;2025;70220;Savski venac;174381;RSD;RSD;SORS;Average net earnings;A;Normal value
2403040403IND01;00;2025;70238;Sopot;94299;RSD;RSD;SORS;Average net earnings;A;Normal value
2403040403IND01;00;2025;70246;Stari grad;187785;RSD;RSD;SORS;Average net earnings;A;Normal value
2403040403IND01;00;2025;70254;Čukarica;130315;RSD;RSD;SORS;Average net earnings;A;Normal value
2403040403IND01;00;2025;70262;Blace;79317;RSD;RSD;SORS;Average net earnings;A;Normal value
2403040403IND01;00;2025;70289;Bogatić;83259;RSD;RSD;SORS;Average net earnings;A;Normal value
2403040403IND01;00;2025;70297;Bojnik;74982;RSD;RSD;SORS;Average net earnings;A;Normal value
2403040403IND01;00;2025;70319;Boljevac;95921;RSD;RSD;SORS;Average net earnings;A;Normal value
2403040403IND01;00;2025;70327;Bor;126444;RSD;RSD;SORS;Average net earnings;A;Normal value
2403040403IND01;00;2025;70335;Bosilegrad;78994;RSD;RSD;SORS;Average net earnings;A;Normal value
2403040403IND01;00;2025;70343;Brus;84085;RSD;RSD;SORS;Average net earnings;A;Normal value
2403040403IND01;00;2025;70351;Bujanovac;79392;RSD;RSD;SORS;Average net earnings;A;Normal value
2403040403IND01;00;2025;70360;Valjevo;97011;RSD;RSD;SORS;Average net earnings;A;Normal value
2403040403IND01;00;2025;70378;Varvarin;83158;RSD;RSD;SORS;Average net earnings;A;Normal value
2403040403IND01;00;2025;70386;Velika Plana;88550;RSD;RSD;SORS;Average net earnings;A;Normal value
2403040403IND01;00;2025;70394;Veliko Gradište;84114;RSD;RSD;SORS;Average net earnings;A;Normal value
2403040403IND01;00;2025;70408;Vladimirci;84585;RSD;RSD;SORS;Average net earnings;A;Normal value
2403040403IND01;00;2025;70416;Vladičin Han;86927;RSD;RSD;SORS;Average net earnings;A;Normal value
2403040403IND01;00;2025;70424;Vlasotince;76469;RSD;RSD;SORS;Average net earnings;A;Normal value
2403040403IND01;00;2025;70432;Vranje;86353;RSD;RSD;SORS;Average net earnings;A;Normal value
2403040403IND01;00;2025;70459;Vrnjačka Banja;83730;RSD;RSD;SORS;Average net earnings;A;Normal value
2403040403IND01;00;2025;70467;Gadžin Han;78586;RSD;RSD;SORS;Average net earnings;A;Normal value
2403040403IND01;00;2025;70475;Golubac;82191;RSD;RSD;SORS;Average net earnings;A;Normal value
2403040403IND01;00;2025;70483;Gornji Milanovac;96971;RSD;RSD;SORS;Average net earnings;A;Normal value
2403040403IND01;00;2025;70491;Despotovac;85298;RSD;RSD;SORS;Average net earnings;A;Normal value
2403040403IND01;00;2025;70505;Dimitrovgrad;83458;RSD;RSD;SORS;Average net earnings;A;Normal value
2403040403IND01;00;2025;70513;Doljevac;81036;RSD;RSD;SORS;Average net earnings;A;Normal value
2403040403IND01;00;2025;70521;Žabari;82049;RSD;RSD;SORS;Average net earnings;A;Normal value
2403040403IND01;00;2025;70530;Žagubica;90016;RSD;RSD;SORS;Average net earnings;A;Normal value
2403040403IND01;00;2025;70548;Žitorađa;80746;RSD;RSD;SORS;Average net earnings;A;Normal value
2403040403IND01;00;2025;70556;Zaječar;96675;RSD;RSD;SORS;Average net earnings;A;Normal value
2403040403IND01;00;2025;70564;Ivanjica;82467;RSD;RSD;SORS;Average net earnings;A;Normal value
2403040403IND01;00;2025;70572;Kladovo;93355;RSD;RSD;SORS;Average net earnings;A;Normal value
2403040403IND01;00;2025;70599;Knić;87345;RSD;RSD;SORS;Average net earnings;A;Normal value
2403040403IND01;00;2025;70602;Knjaževac;82165;RSD;RSD;SORS;Average net earnings;A;Normal value
2403040403IND01;00;2025;70629;Kosjerić;91323;RSD;RSD;SORS;Average net earnings;A;Normal value
2403040403IND01;00;2025;70637;Koceljeva;83754;RSD;RSD;SORS;Average net earnings;A;Normal value
2403040403IND01;00;2025;70645;Kragujevac;103636;RSD;RSD;SORS;Average net earnings;A;Normal value
2403040403IND01;00;2025;70653;Kraljevo;91579;RSD;RSD;SORS;Average net earnings;A;Normal value
2403040403IND01;00;2025;70661;Krupanj;83747;RSD;RSD;SORS;Average net earnings;A;Normal value
2403040403IND01;00;2025;70670;Kruševac;96585;RSD;RSD;SORS;Average net earnings;A;Normal value
2403040403IND01;00;2025;70688;Kuršumlija;87017;RSD;RSD;SORS;Average net earnings;A;Normal value
2403040403IND01;00;2025;70696;Kučevo;89118;RSD;RSD;SORS;Average net earnings;A;Normal value
2403040403IND01;00;2025;70700;Lajkovac;102126;RSD;RSD;SORS;Average net earnings;A;Normal value
2403040403IND01;00;2025;70718;Lebane;78430;RSD;RSD;SORS;Average net earnings;A;Normal value
2403040403IND01;00;2025;70726;Leskovac;84787;RSD;RSD;SORS;Average net earnings;A;Normal value
2403040403IND01;00;2025;70734;Loznica;88770;RSD;RSD;SORS;Average net earnings;A;Normal value
2403040403IND01;00;2025;70742;Lučani;108105;RSD;RSD;SORS;Average net earnings;A;Normal value
2403040403IND01;00;2025;70769;Ljig;94027;RSD;RSD;SORS;Average net earnings;A;Normal value
2403040403IND01;00;2025;70777;Ljubovija;92091;RSD;RSD;SORS;Average net earnings;A;Normal value
2403040403IND01;00;2025;70785;Majdanpek;114639;RSD;RSD;SORS;Average net earnings;A;Normal value
2403040403IND01;00;2025;70793;Mali Zvornik;88069;RSD;RSD;SORS;Average net earnings;A;Normal value
2403040403IND01;00;2025;70807;Malo Crniće;82274;RSD;RSD;SORS;Average net earnings;A;Normal value
2403040403IND01;00;2025;70815;Medveđa;91290;RSD;RSD;SORS;Average net earnings;A;Normal value
2403040403IND01;00;2025;70823;Merošina;79706;RSD;RSD;SORS;Average net earnings;A;Normal value
2403040403IND01;00;2025;70831;Mionica;84499;RSD;RSD;SORS;Average net earnings;A;Normal value
2403040403IND01;00;2025;70840;Negotin;92076;RSD;RSD;SORS;Average net earnings;A;Normal value
2403040403IND01;00;2025;70866;Nova Varoš;85760;RSD;RSD;SORS;Average net earnings;A;Normal value
2403040403IND01;00;2025;70874;Novi Pazar;81426;RSD;RSD;SORS;Average net earnings;A;Normal value
2403040403IND01;00;2025;70882;Osečina;83801;RSD;RSD;SORS;Average net earnings;A;Normal value
2403040403IND01;00;2025;70904;Paraćin;88998;RSD;RSD;SORS;Average net earnings;A;Normal value
2403040403IND01;00;2025;70912;Petrovac na Mlavi;82000;RSD;RSD;SORS;Average net earnings;A;Normal value
2403040403IND01;00;2025;70939;Pirot;97343;RSD;RSD;SORS;Average net earnings;A;Normal value
2403040403IND01;00;2025;70947;Požarevac;101125;RSD;RSD;SORS;Average net earnings;A;Normal value
2403040403IND01;00;2025;70955;Požega;93658;RSD;RSD;SORS;Average net earnings;A;Normal value
2403040403IND01;00;2025;70963;Preševo;73895;RSD;RSD;SORS;Average net earnings;A;Normal value
2403040403IND01;00;2025;70971;Priboj;87336;RSD;RSD;SORS;Average net earnings;A;Normal value
2403040403IND01;00;2025;70980;Prijepolje;81878;RSD;RSD;SORS;Average net earnings;A;Normal value
2403040403IND01;00;2025;70998;Prokuplje;88461;RSD;RSD;SORS;Average net earnings;A;Normal value
2403040403IND01;00;2025;71005;Ražanj;80340;RSD;RSD;SORS;Average net earnings;A;Normal value
2403040403IND01;00;2025;71013;Rača;87046;RSD;RSD;SORS;Average net earnings;A;Normal value
2403040403IND01;00;2025;71021;Raška;85194;RSD;RSD;SORS;Average net earnings;A;Normal value
2403040403IND01;00;2025;71030;Rekovac;80908;RSD;RSD;SORS;Average net earnings;A;Normal value
2403040403IND01;00;2025;71048;Jagodina;88073;RSD;RSD;SORS;Average net earnings;A;Normal value
2403040403IND01;00;2025;71056;Svilajnac;83432;RSD;RSD;SORS;Average net earnings;A;Normal value
2403040403IND01;00;2025;71064;Svrljig;79747;RSD;RSD;SORS;Average net earnings;A;Normal value
2403040403IND01;00;2025;71072;Sjenica;84161;RSD;RSD;SORS;Average net earnings;A;Normal value
2403040403IND01;00;2025;71099;Smederevo;99718;RSD;RSD;SORS;Average net earnings;A;Normal value
2403040403IND01;00;2025;71102;Smederevska Palanka;90525;RSD;RSD;SORS;Average net earnings;A;Normal value
2403040403IND01;00;2025;71129;Sokobanja;86218;RSD;RSD;SORS;Average net earnings;A;Normal value
2403040403IND01;00;2025;71137;Surdulica;85515;RSD;RSD;SORS;Average net earnings;A;Normal value
2403040403IND01;00;2025;71145;Užice;101833;RSD;RSD;SORS;Average net earnings;A;Normal value
2403040403IND01;00;2025;71153;Topola;86223;RSD;RSD;SORS;Average net earnings;A;Normal value
2403040403IND01;00;2025;71161;Trgovište;81140;RSD;RSD;SORS;Average net earnings;A;Normal value
2403040403IND01;00;2025;71170;Trstenik;85165;RSD;RSD;SORS;Average net earnings;A;Normal value
2403040403IND01;00;2025;71188;Tutin;80850;RSD;RSD;SORS;Average net earnings;A;Normal value
2403040403IND01;00;2025;71196;Ćićevac;86653;RSD;RSD;SORS;Average net earnings;A;Normal value
2403040403IND01;00;2025;71200;Ćuprija;89645;RSD;RSD;SORS;Average net earnings;A;Normal value
2403040403IND01;00;2025;71218;Ub;93694;RSD;RSD;SORS;Average net earnings;A;Normal value
2403040403IND01;00;2025;71226;Crna Trava;78781;RSD;RSD;SORS;Average net earnings;A;Normal value
2403040403IND01;00;2025;71234;Čajetina;86753;RSD;RSD;SORS;Average net earnings;A;Normal value
2403040403IND01;00;2025;71242;Čačak;94901;RSD;RSD;SORS;Average net earnings;A;Normal value
2403040403IND01;00;2025;71269;Šabac;95703;RSD;RSD;SORS;Average net earnings;A;Normal value
2403040403IND01;00;2025;71277;Lapovo;87252;RSD;RSD;SORS;Average net earnings;A;Normal value
2403040403IND01;00;2025;71285;Niška Banja;86426;RSD;RSD;SORS;Average net earnings;A;Normal value
2403040403IND01;00;2025;71293;Surčin;100374;RSD;RSD;SORS;Average net earnings;A;Normal value
2403040403IND01;00;2025;71307;Pantelej;101362;RSD;RSD;SORS;Average net earnings;A;Normal value
2403040403IND01;00;2025;71315;Crveni Krst;91815;RSD;RSD;SORS;Average net earnings;A;Normal value
2403040403IND01;00;2025;71323;Palilula (Niš);97278;RSD;RSD;SORS;Average net earnings;A;Normal value
2403040403IND01;00;2025;71331;Medijana;118929;RSD;RSD;SORS;Average net earnings;A;Normal value
2403040403IND01;00;2025;71340;Kostolac;108892;RSD;RSD;SORS;Average net earnings;A;Normal value
2403040403IND01;00;2025;71358;Vranjska Banja;77192;RSD;RSD;SORS;Average net earnings;A;Normal value
2403040403IND01;00;2025;71366;Sevojno;91163;RSD;RSD;SORS;Average net earnings;A;Normal value
2403040403IND01;00;2025;79022;Grad Niš;105576;RSD;RSD;SORS;Average net earnings;A;Normal value
2403040403IND01;00;2025;79049;Grad Požarevac;102220;RSD;RSD;SORS;Average net earnings;A;Normal value
2403040403IND01;00;2025;79057;Grad Vranje;86122;RSD;RSD;SORS;Average net earnings;A;Normal value
2403040403IND01;00;2025;79065;Grad Užice;101458;RSD;RSD;SORS;Average net earnings;A;Normal value
2403040403IND01;00;2025;80012;Ada;87010;RSD;RSD;SORS;Average net earnings;A;Normal value
2403040403IND01;00;2025;80039;Alibunar;89962;RSD;RSD;SORS;Average net earnings;A;Normal value
2403040403IND01;00;2025;80047;Apatin;88684;RSD;RSD;SORS;Average net earnings;A;Normal value
2403040403IND01;00;2025;80055;Bač;82201;RSD;RSD;SORS;Average net earnings;A;Normal value
2403040403IND01;00;2025;80063;Bačka Palanka;92889;RSD;RSD;SORS;Average net earnings;A;Normal value
2403040403IND01;00;2025;80071;Bačka Topola;89552;RSD;RSD;SORS;Average net earnings;A;Normal value
2403040403IND01;00;2025;80080;Bački Petrovac;88739;RSD;RSD;SORS;Average net earnings;A;Normal value
2403040403IND01;00;2025;80098;Bela Crkva;86171;RSD;RSD;SORS;Average net earnings;A;Normal value
2403040403IND01;00;2025;80101;Beočin;94845;RSD;RSD;SORS;Average net earnings;A;Normal value
2403040403IND01;00;2025;80110;Bečej;91214;RSD;RSD;SORS;Average net earnings;A;Normal value
2403040403IND01;00;2025;80128;Vršac;104782;RSD;RSD;SORS;Average net earnings;A;Normal value
2403040403IND01;00;2025;80136;Žabalj;89078;RSD;RSD;SORS;Average net earnings;A;Normal value
2403040403IND01;00;2025;80144;Žitište;90077;RSD;RSD;SORS;Average net earnings;A;Normal value
2403040403IND01;00;2025;80152;Zrenjanin;98995;RSD;RSD;SORS;Average net earnings;A;Normal value
2403040403IND01;00;2025;80179;Inđija;104658;RSD;RSD;SORS;Average net earnings;A;Normal value
2403040403IND01;00;2025;80187;Irig;88706;RSD;RSD;SORS;Average net earnings;A;Normal value
2403040403IND01;00;2025;80195;Kanjiža;87358;RSD;RSD;SORS;Average net earnings;A;Normal value
2403040403IND01;00;2025;80209;Kikinda;94578;RSD;RSD;SORS;Average net earnings;A;Normal value
2403040403IND01;00;2025;80217;Kovačica;86565;RSD;RSD;SORS;Average net earnings;A;Normal value
2403040403IND01;00;2025;80225;Kovin;92436;RSD;RSD;SORS;Average net earnings;A;Normal value
2403040403IND01;00;2025;80233;Kula;88801;RSD;RSD;SORS;Average net earnings;A;Normal value
2403040403IND01;00;2025;80241;Mali Iđoš;84378;RSD;RSD;SORS;Average net earnings;A;Normal value
2403040403IND01;00;2025;80250;Nova Crnja;89155;RSD;RSD;SORS;Average net earnings;A;Normal value
2403040403IND01;00;2025;80268;Novi Bečej;85781;RSD;RSD;SORS;Average net earnings;A;Normal value
2403040403IND01;00;2025;80276;Novi Kneževac;90082;RSD;RSD;SORS;Average net earnings;A;Normal value
2403040403IND01;00;2025;80292;Opovo;90653;RSD;RSD;SORS;Average net earnings;A;Normal value
2403040403IND01;00;2025;80306;Odžaci;87109;RSD;RSD;SORS;Average net earnings;A;Normal value
2403040403IND01;00;2025;80314;Pančevo;109437;RSD;RSD;SORS;Average net earnings;A;Normal value
2403040403IND01;00;2025;80322;Pećinci;97154;RSD;RSD;SORS;Average net earnings;A;Normal value
2403040403IND01;00;2025;80349;Plandište;90941;RSD;RSD;SORS;Average net earnings;A;Normal value
2403040403IND01;00;2025;80357;Ruma;95850;RSD;RSD;SORS;Average net earnings;A;Normal value
2403040403IND01;00;2025;80365;Senta;93435;RSD;RSD;SORS;Average net earnings;A;Normal value
2403040403IND01;00;2025;80373;Sečanj;90040;RSD;RSD;SORS;Average net earnings;A;Normal value
2403040403IND01;00;2025;80381;Sombor;91245;RSD;RSD;SORS;Average net earnings;A;Normal value
2403040403IND01;00;2025;80390;Srbobran;85776;RSD;RSD;SORS;Average net earnings;A;Normal value
2403040403IND01;00;2025;80403;Sremska Mitrovica;97421;RSD;RSD;SORS;Average net earnings;A;Normal value
2403040403IND01;00;2025;80411;Sremski Karlovci;101812;RSD;RSD;SORS;Average net earnings;A;Normal value
2403040403IND01;00;2025;80420;Stara Pazova;101652;RSD;RSD;SORS;Average net earnings;A;Normal value
2403040403IND01;00;2025;80438;Subotica;98241;RSD;RSD;SORS;Average net earnings;A;Normal value
2403040403IND01;00;2025;80446;Temerin;93722;RSD;RSD;SORS;Average net earnings;A;Normal value
2403040403IND01;00;2025;80454;Titel;87510;RSD;RSD;SORS;Average net earnings;A;Normal value
2403040403IND01;00;2025;80462;Vrbas;91505;RSD;RSD;SORS;Average net earnings;A;Normal value
2403040403IND01;00;2025;80489;Čoka;86419;RSD;RSD;SORS;Average net earnings;A;Normal value
2403040403IND01;00;2025;80497;Šid;90141;RSD;RSD;SORS;Average net earnings;A;Normal value
2403040403IND01;00;2025;89010;Grad Novi Sad;126469;RSD;RSD;SORS;Average net earnings;A;Normal value
2403040403IND01;00;2025;RS;REPUBLIC OF SERBIA;109462;RSD;RSD;SORS;Average net earnings;A;Normal value
2403040403IND01;00;2025;RS1;SRBIJA – SEVER;121504;RSD;RSD;SORS;Average net earnings;A;Normal value
2403040403IND01;00;2025;RS11;Beogradski region;136911;RSD;RSD;SORS;Average net earnings;A;Normal value
2403040403IND01;00;2025;RS110;Beogradska oblast;136911;RSD;RSD;SORS;Average net earnings;A;Normal value
2403040403IND01;00;2025;RS12;Region Vojvodine;103566;RSD;RSD;SORS;Average net earnings;A;Normal value
2403040403IND01;00;2025;RS121;Zapadnobačka oblast;89641;RSD;RSD;SORS;Average net earnings;A;Normal value
2403040403IND01;00;2025;RS122;Južnobanatska oblast;102435;RSD;RSD;SORS;Average net earnings;A;Normal value
2403040403IND01;00;2025;RS123;Južnobačka oblast;114433;RSD;RSD;SORS;Average net earnings;A;Normal value
2403040403IND01;00;2025;RS124;Severnobanatska oblast;91759;RSD;RSD;SORS;Average net earnings;A;Normal value
2403040403IND01;00;2025;RS125;Severnobačka oblast;96323;RSD;RSD;SORS;Average net earnings;A;Normal value
2403040403IND01;00;2025;RS126;Srednjobanatska oblast;96105;RSD;RSD;SORS;Average net earnings;A;Normal value
2403040403IND01;00;2025;RS127;Sremska oblast;98482;RSD;RSD;SORS;Average net earnings;A;Normal value
2403040403IND01;00;2025;RS2;SRBIJA – JUG;93468;RSD;RSD;SORS;Average net earnings;A;Normal value
2403040403IND01;00;2025;RS21;Region Šumadije i Zapadne Srbije;92602;RSD;RSD;SORS;Average net earnings;A;Normal value
2403040403IND01;00;2025;RS211;Zlatiborska oblast;91564;RSD;RSD;SORS;Average net earnings;A;Normal value
2403040403IND01;00;2025;RS212;Kolubarska oblast;95462;RSD;RSD;SORS;Average net earnings;A;Normal value
2403040403IND01;00;2025;RS213;Mačvanska oblast;91084;RSD;RSD;SORS;Average net earnings;A;Normal value
2403040403IND01;00;2025;RS214;Moravička oblast;94913;RSD;RSD;SORS;Average net earnings;A;Normal value
2403040403IND01;00;2025;RS215;Pomoravska oblast;87627;RSD;RSD;SORS;Average net earnings;A;Normal value
2403040403IND01;00;2025;RS216;Rasinska oblast;91722;RSD;RSD;SORS;Average net earnings;A;Normal value
2403040403IND01;00;2025;RS217;Raška oblast;87094;RSD;RSD;SORS;Average net earnings;A;Normal value
2403040403IND01;00;2025;RS218;Šumadijska oblast;99339;RSD;RSD;SORS;Average net earnings;A;Normal value
2403040403IND01;00;2025;RS22;Region Južne i Istočne Srbije;94599;RSD;RSD;SORS;Average net earnings;A;Normal value
2403040403IND01;00;2025;RS221;Borska oblast;112825;RSD;RSD;SORS;Average net earnings;A;Normal value
2403040403IND01;00;2025;RS222;Braničevska oblast;94950;RSD;RSD;SORS;Average net earnings;A;Normal value
2403040403IND01;00;2025;RS223;Zaječarska oblast;91898;RSD;RSD;SORS;Average net earnings;A;Normal value
2403040403IND01;00;2025;RS224;Jablanička oblast;82932;RSD;RSD;SORS;Average net earnings;A;Normal value
2403040403IND01;00;2025;RS225;Nišavska oblast;100624;RSD;RSD;SORS;Average net earnings;A;Normal value
2403040403IND01;00;2025;RS226;Pirotska oblast;93388;RSD;RSD;SORS;Average net earnings;A;Normal value
2403040403IND01;00;2025;RS227;Podunavska oblast;95669;RSD;RSD;SORS;Average net earnings;A;Normal value
2403040403IND01;00;2025;RS228;Pčinjska oblast;84071;RSD;RSD;SORS;Average net earnings;A;Normal value
2403040403IND01;00;2025;RS229;Toplička oblast;86059;RSD;RSD;SORS;Average net earnings;A;Normal value
