idindikator;mes;god;IDKD08;nkd08;IDTer;nTer;vrednost;idJedinicaMere;nJedinicaMere;nIzvorI;Indikator;IDStatusPodatka;nStatusPodatka
2403040402IND02;00;2018;0;Total;RS;REPUBLIC OF SERBIA;68629;RSD;RSD;SORS;Average gross earnings;A;Normal value
2403040402IND02;00;2019;0;Total;RS;REPUBLIC OF SERBIA;75814;RSD;RSD;SORS;Average gross earnings;A;Normal value
2403040402IND02;00;2020;0;Total;RS;REPUBLIC OF SERBIA;82984;RSD;RSD;SORS;Average gross earnings;A;Normal value
2403040402IND02;00;2021;0;Total;RS;REPUBLIC OF SERBIA;90784;RSD;RSD;SORS;Average gross earnings;A;Normal value
2403040402IND02;00;2022;0;Total;RS;REPUBLIC OF SERBIA;103316;RSD;RSD;SORS;Average gross earnings;A;Normal value
2403040402IND02;00;2023;0;Total;RS;REPUBLIC OF SERBIA;118599;RSD;RSD;SORS;Average gross earnings;A;Normal value
2403040402IND02;00;2024;0;Total;RS;REPUBLIC OF SERBIA;135403;RSD;RSD;SORS;Average gross earnings;A;Normal value
2403040402IND02;00;2025;0;Total;RS;REPUBLIC OF SERBIA;151086;RSD;RSD;SORS;Average gross earnings;A;Normal value
2403040402IND02;00;2025;01;Crop and animal production, hunting and related service activities;RS;REPUBLIC OF SERBIA;121353;RSD;RSD;SORS;Average gross earnings;A;Normal value
2403040402IND02;00;2024;01;Crop and animal production, hunting and related service activities;RS;REPUBLIC OF SERBIA;108980;RSD;RSD;SORS;Average gross earnings;A;Normal value
2403040402IND02;00;2023;01;Crop and animal production, hunting and related service activities;RS;REPUBLIC OF SERBIA;97321;RSD;RSD;SORS;Average gross earnings;A;Normal value
2403040402IND02;00;2022;01;Crop and animal production, hunting and related service activities;RS;REPUBLIC OF SERBIA;85860;RSD;RSD;SORS;Average gross earnings;A;Normal value
2403040402IND02;00;2021;01;Crop and animal production, hunting and related service activities;RS;REPUBLIC OF SERBIA;77567;RSD;RSD;SORS;Average gross earnings;A;Normal value
2403040402IND02;00;2020;01;Crop and animal production, hunting and related service activities;RS;REPUBLIC OF SERBIA;71398;RSD;RSD;SORS;Average gross earnings;A;Normal value
2403040402IND02;00;2019;01;Crop and animal production, hunting and related service activities;RS;REPUBLIC OF SERBIA;65202;RSD;RSD;SORS;Average gross earnings;A;Normal value
2403040402IND02;00;2018;01;Crop and animal production, hunting and related service activities;RS;REPUBLIC OF SERBIA;58966;RSD;RSD;SORS;Average gross earnings;A;Normal value
2403040402IND02;00;2018;02;Forestry and logging;RS;REPUBLIC OF SERBIA;60178;RSD;RSD;SORS;Average gross earnings;A;Normal value
2403040402IND02;00;2019;02;Forestry and logging;RS;REPUBLIC OF SERBIA;67908;RSD;RSD;SORS;Average gross earnings;A;Normal value
2403040402IND02;00;2020;02;Forestry and logging;RS;REPUBLIC OF SERBIA;76869;RSD;RSD;SORS;Average gross earnings;A;Normal value
2403040402IND02;00;2021;02;Forestry and logging;RS;REPUBLIC OF SERBIA;78190;RSD;RSD;SORS;Average gross earnings;A;Normal value
2403040402IND02;00;2022;02;Forestry and logging;RS;REPUBLIC OF SERBIA;85420;RSD;RSD;SORS;Average gross earnings;A;Normal value
2403040402IND02;00;2023;02;Forestry and logging;RS;REPUBLIC OF SERBIA;95137;RSD;RSD;SORS;Average gross earnings;A;Normal value
2403040402IND02;00;2024;02;Forestry and logging;RS;REPUBLIC OF SERBIA;106135;RSD;RSD;SORS;Average gross earnings;A;Normal value
2403040402IND02;00;2025;02;Forestry and logging;RS;REPUBLIC OF SERBIA;118409;RSD;RSD;SORS;Average gross earnings;A;Normal value
2403040402IND02;00;2025;03;Fishing and aquaculture;RS;REPUBLIC OF SERBIA;101690;RSD;RSD;SORS;Average gross earnings;A;Normal value
2403040402IND02;00;2024;03;Fishing and aquaculture;RS;REPUBLIC OF SERBIA;89087;RSD;RSD;SORS;Average gross earnings;A;Normal value
2403040402IND02;00;2023;03;Fishing and aquaculture;RS;REPUBLIC OF SERBIA;75287;RSD;RSD;SORS;Average gross earnings;A;Normal value
2403040402IND02;00;2022;03;Fishing and aquaculture;RS;REPUBLIC OF SERBIA;66357;RSD;RSD;SORS;Average gross earnings;A;Normal value
2403040402IND02;00;2021;03;Fishing and aquaculture;RS;REPUBLIC OF SERBIA;58457;RSD;RSD;SORS;Average gross earnings;A;Normal value
2403040402IND02;00;2020;03;Fishing and aquaculture;RS;REPUBLIC OF SERBIA;59516;RSD;RSD;SORS;Average gross earnings;A;Normal value
2403040402IND02;00;2019;03;Fishing and aquaculture;RS;REPUBLIC OF SERBIA;53428;RSD;RSD;SORS;Average gross earnings;A;Normal value
2403040402IND02;00;2018;03;Fishing and aquaculture;RS;REPUBLIC OF SERBIA;56551;RSD;RSD;SORS;Average gross earnings;A;Normal value
2403040402IND02;00;2018;05;Mining of coal and lignite;RS;REPUBLIC OF SERBIA;111128;RSD;RSD;SORS;Average gross earnings;A;Normal value
2403040402IND02;00;2019;05;Mining of coal and lignite;RS;REPUBLIC OF SERBIA;122641;RSD;RSD;SORS;Average gross earnings;A;Normal value
2403040402IND02;00;2020;05;Mining of coal and lignite;RS;REPUBLIC OF SERBIA;126169;RSD;RSD;SORS;Average gross earnings;A;Normal value
2403040402IND02;00;2021;05;Mining of coal and lignite;RS;REPUBLIC OF SERBIA;134375;RSD;RSD;SORS;Average gross earnings;A;Normal value
2403040402IND02;00;2022;05;Mining of coal and lignite;RS;REPUBLIC OF SERBIA;138535;RSD;RSD;SORS;Average gross earnings;A;Normal value
2403040402IND02;00;2023;05;Mining of coal and lignite;RS;REPUBLIC OF SERBIA;154612;RSD;RSD;SORS;Average gross earnings;A;Normal value
2403040402IND02;00;2024;05;Mining of coal and lignite;RS;REPUBLIC OF SERBIA;170311;RSD;RSD;SORS;Average gross earnings;A;Normal value
2403040402IND02;00;2025;05;Mining of coal and lignite;RS;REPUBLIC OF SERBIA;187581;RSD;RSD;SORS;Average gross earnings;A;Normal value
2403040402IND02;00;2025;06;Extraction of crude petroleum and natural gas;RS;REPUBLIC OF SERBIA;262931;RSD;RSD;SORS;Average gross earnings;A;Normal value
2403040402IND02;00;2024;06;Extraction of crude petroleum and natural gas;RS;REPUBLIC OF SERBIA;218042;RSD;RSD;SORS;Average gross earnings;A;Normal value
2403040402IND02;00;2023;06;Extraction of crude petroleum and natural gas;RS;REPUBLIC OF SERBIA;210824;RSD;RSD;SORS;Average gross earnings;A;Normal value
2403040402IND02;00;2022;06;Extraction of crude petroleum and natural gas;RS;REPUBLIC OF SERBIA;181794;RSD;RSD;SORS;Average gross earnings;A;Normal value
2403040402IND02;00;2021;06;Extraction of crude petroleum and natural gas;RS;REPUBLIC OF SERBIA;167461;RSD;RSD;SORS;Average gross earnings;A;Normal value
2403040402IND02;00;2020;06;Extraction of crude petroleum and natural gas;RS;REPUBLIC OF SERBIA;163404;RSD;RSD;SORS;Average gross earnings;A;Normal value
2403040402IND02;00;2019;06;Extraction of crude petroleum and natural gas;RS;REPUBLIC OF SERBIA;177802;RSD;RSD;SORS;Average gross earnings;A;Normal value
2403040402IND02;00;2018;06;Extraction of crude petroleum and natural gas;RS;REPUBLIC OF SERBIA;150457;RSD;RSD;SORS;Average gross earnings;A;Normal value
2403040402IND02;00;2018;07;Mining of metal ores;RS;REPUBLIC OF SERBIA;93499;RSD;RSD;SORS;Average gross earnings;A;Normal value
2403040402IND02;00;2019;07;Mining of metal ores;RS;REPUBLIC OF SERBIA;109576;RSD;RSD;SORS;Average gross earnings;A;Normal value
2403040402IND02;00;2020;07;Mining of metal ores;RS;REPUBLIC OF SERBIA;125684;RSD;RSD;SORS;Average gross earnings;A;Normal value
2403040402IND02;00;2021;07;Mining of metal ores;RS;REPUBLIC OF SERBIA;138324;RSD;RSD;SORS;Average gross earnings;A;Normal value
2403040402IND02;00;2022;07;Mining of metal ores;RS;REPUBLIC OF SERBIA;151723;RSD;RSD;SORS;Average gross earnings;A;Normal value
2403040402IND02;00;2023;07;Mining of metal ores;RS;REPUBLIC OF SERBIA;174285;RSD;RSD;SORS;Average gross earnings;A;Normal value
2403040402IND02;00;2024;07;Mining of metal ores;RS;REPUBLIC OF SERBIA;200367;RSD;RSD;SORS;Average gross earnings;A;Normal value
2403040402IND02;00;2025;07;Mining of metal ores;RS;REPUBLIC OF SERBIA;224324;RSD;RSD;SORS;Average gross earnings;A;Normal value
2403040402IND02;00;2025;08;Other mining and quarrying;RS;REPUBLIC OF SERBIA;149488;RSD;RSD;SORS;Average gross earnings;A;Normal value
2403040402IND02;00;2024;08;Other mining and quarrying;RS;REPUBLIC OF SERBIA;137712;RSD;RSD;SORS;Average gross earnings;A;Normal value
2403040402IND02;00;2023;08;Other mining and quarrying;RS;REPUBLIC OF SERBIA;121418;RSD;RSD;SORS;Average gross earnings;A;Normal value
2403040402IND02;00;2022;08;Other mining and quarrying;RS;REPUBLIC OF SERBIA;113682;RSD;RSD;SORS;Average gross earnings;A;Normal value
2403040402IND02;00;2021;08;Other mining and quarrying;RS;REPUBLIC OF SERBIA;98792;RSD;RSD;SORS;Average gross earnings;A;Normal value
2403040402IND02;00;2020;08;Other mining and quarrying;RS;REPUBLIC OF SERBIA;87243;RSD;RSD;SORS;Average gross earnings;A;Normal value
2403040402IND02;00;2019;08;Other mining and quarrying;RS;REPUBLIC OF SERBIA;80658;RSD;RSD;SORS;Average gross earnings;A;Normal value
2403040402IND02;00;2018;08;Other mining and quarrying;RS;REPUBLIC OF SERBIA;67640;RSD;RSD;SORS;Average gross earnings;A;Normal value
2403040402IND02;00;2018;09;Mining support service activities;RS;REPUBLIC OF SERBIA;162460;RSD;RSD;SORS;Average gross earnings;A;Normal value
2403040402IND02;00;2019;09;Mining support service activities;RS;REPUBLIC OF SERBIA;186190;RSD;RSD;SORS;Average gross earnings;A;Normal value
2403040402IND02;00;2020;09;Mining support service activities;RS;REPUBLIC OF SERBIA;150580;RSD;RSD;SORS;Average gross earnings;A;Normal value
2403040402IND02;00;2021;09;Mining support service activities;RS;REPUBLIC OF SERBIA;155293;RSD;RSD;SORS;Average gross earnings;A;Normal value
2403040402IND02;00;2022;09;Mining support service activities;RS;REPUBLIC OF SERBIA;165353;RSD;RSD;SORS;Average gross earnings;A;Normal value
2403040402IND02;00;2023;09;Mining support service activities;RS;REPUBLIC OF SERBIA;188353;RSD;RSD;SORS;Average gross earnings;A;Normal value
2403040402IND02;00;2024;09;Mining support service activities;RS;REPUBLIC OF SERBIA;192380;RSD;RSD;SORS;Average gross earnings;A;Normal value
2403040402IND02;00;2025;09;Mining support service activities;RS;REPUBLIC OF SERBIA;202654;RSD;RSD;SORS;Average gross earnings;A;Normal value
2403040402IND02;00;2025;10;Manufacture of food products;RS;REPUBLIC OF SERBIA;119571;RSD;RSD;SORS;Average gross earnings;A;Normal value
2403040402IND02;00;2024;10;Manufacture of food products;RS;REPUBLIC OF SERBIA;105237;RSD;RSD;SORS;Average gross earnings;A;Normal value
2403040402IND02;00;2023;10;Manufacture of food products;RS;REPUBLIC OF SERBIA;90495;RSD;RSD;SORS;Average gross earnings;A;Normal value
2403040402IND02;00;2022;10;Manufacture of food products;RS;REPUBLIC OF SERBIA;78334;RSD;RSD;SORS;Average gross earnings;A;Normal value
2403040402IND02;00;2021;10;Manufacture of food products;RS;REPUBLIC OF SERBIA;69331;RSD;RSD;SORS;Average gross earnings;A;Normal value
2403040402IND02;00;2020;10;Manufacture of food products;RS;REPUBLIC OF SERBIA;63483;RSD;RSD;SORS;Average gross earnings;A;Normal value
2403040402IND02;00;2019;10;Manufacture of food products;RS;REPUBLIC OF SERBIA;58581;RSD;RSD;SORS;Average gross earnings;A;Normal value
2403040402IND02;00;2018;10;Manufacture of food products;RS;REPUBLIC OF SERBIA;55128;RSD;RSD;SORS;Average gross earnings;A;Normal value
2403040402IND02;00;2018;11;Manufacture of beverages;RS;REPUBLIC OF SERBIA;94578;RSD;RSD;SORS;Average gross earnings;A;Normal value
2403040402IND02;00;2019;11;Manufacture of beverages;RS;REPUBLIC OF SERBIA;95911;RSD;RSD;SORS;Average gross earnings;A;Normal value
2403040402IND02;00;2020;11;Manufacture of beverages;RS;REPUBLIC OF SERBIA;98499;RSD;RSD;SORS;Average gross earnings;A;Normal value
2403040402IND02;00;2021;11;Manufacture of beverages;RS;REPUBLIC OF SERBIA;104247;RSD;RSD;SORS;Average gross earnings;A;Normal value
2403040402IND02;00;2022;11;Manufacture of beverages;RS;REPUBLIC OF SERBIA;112783;RSD;RSD;SORS;Average gross earnings;A;Normal value
2403040402IND02;00;2023;11;Manufacture of beverages;RS;REPUBLIC OF SERBIA;125576;RSD;RSD;SORS;Average gross earnings;A;Normal value
2403040402IND02;00;2024;11;Manufacture of beverages;RS;REPUBLIC OF SERBIA;140137;RSD;RSD;SORS;Average gross earnings;A;Normal value
2403040402IND02;00;2025;11;Manufacture of beverages;RS;REPUBLIC OF SERBIA;157407;RSD;RSD;SORS;Average gross earnings;A;Normal value
2403040402IND02;00;2025;12;Manufacture of tobacco products;RS;REPUBLIC OF SERBIA;256251;RSD;RSD;SORS;Average gross earnings;A;Normal value
2403040402IND02;00;2024;12;Manufacture of tobacco products;RS;REPUBLIC OF SERBIA;245633;RSD;RSD;SORS;Average gross earnings;A;Normal value
2403040402IND02;00;2023;12;Manufacture of tobacco products;RS;REPUBLIC OF SERBIA;194289;RSD;RSD;SORS;Average gross earnings;A;Normal value
2403040402IND02;00;2022;12;Manufacture of tobacco products;RS;REPUBLIC OF SERBIA;175076;RSD;RSD;SORS;Average gross earnings;A;Normal value
2403040402IND02;00;2021;12;Manufacture of tobacco products;RS;REPUBLIC OF SERBIA;165875;RSD;RSD;SORS;Average gross earnings;A;Normal value
2403040402IND02;00;2020;12;Manufacture of tobacco products;RS;REPUBLIC OF SERBIA;175576;RSD;RSD;SORS;Average gross earnings;A;Normal value
2403040402IND02;00;2019;12;Manufacture of tobacco products;RS;REPUBLIC OF SERBIA;150504;RSD;RSD;SORS;Average gross earnings;A;Normal value
2403040402IND02;00;2018;12;Manufacture of tobacco products;RS;REPUBLIC OF SERBIA;140635;RSD;RSD;SORS;Average gross earnings;A;Normal value
2403040402IND02;00;2018;13;Manufacture of textiles;RS;REPUBLIC OF SERBIA;53999;RSD;RSD;SORS;Average gross earnings;A;Normal value
2403040402IND02;00;2019;13;Manufacture of textiles;RS;REPUBLIC OF SERBIA;59331;RSD;RSD;SORS;Average gross earnings;A;Normal value
2403040402IND02;00;2020;13;Manufacture of textiles;RS;REPUBLIC OF SERBIA;64082;RSD;RSD;SORS;Average gross earnings;A;Normal value
2403040402IND02;00;2021;13;Manufacture of textiles;RS;REPUBLIC OF SERBIA;69987;RSD;RSD;SORS;Average gross earnings;A;Normal value
2403040402IND02;00;2022;13;Manufacture of textiles;RS;REPUBLIC OF SERBIA;78896;RSD;RSD;SORS;Average gross earnings;A;Normal value
2403040402IND02;00;2023;13;Manufacture of textiles;RS;REPUBLIC OF SERBIA;93763;RSD;RSD;SORS;Average gross earnings;A;Normal value
2403040402IND02;00;2024;13;Manufacture of textiles;RS;REPUBLIC OF SERBIA;107745;RSD;RSD;SORS;Average gross earnings;A;Normal value
2403040402IND02;00;2025;13;Manufacture of textiles;RS;REPUBLIC OF SERBIA;120058;RSD;RSD;SORS;Average gross earnings;A;Normal value
2403040402IND02;00;2025;14;Manufacture of wearing apparel;RS;REPUBLIC OF SERBIA;96214;RSD;RSD;SORS;Average gross earnings;A;Normal value
2403040402IND02;00;2024;14;Manufacture of wearing apparel;RS;REPUBLIC OF SERBIA;84697;RSD;RSD;SORS;Average gross earnings;A;Normal value
2403040402IND02;00;2023;14;Manufacture of wearing apparel;RS;REPUBLIC OF SERBIA;73813;RSD;RSD;SORS;Average gross earnings;A;Normal value
2403040402IND02;00;2022;14;Manufacture of wearing apparel;RS;REPUBLIC OF SERBIA;63601;RSD;RSD;SORS;Average gross earnings;A;Normal value
2403040402IND02;00;2021;14;Manufacture of wearing apparel;RS;REPUBLIC OF SERBIA;56878;RSD;RSD;SORS;Average gross earnings;A;Normal value
2403040402IND02;00;2020;14;Manufacture of wearing apparel;RS;REPUBLIC OF SERBIA;53102;RSD;RSD;SORS;Average gross earnings;A;Normal value
2403040402IND02;00;2019;14;Manufacture of wearing apparel;RS;REPUBLIC OF SERBIA;48271;RSD;RSD;SORS;Average gross earnings;A;Normal value
2403040402IND02;00;2018;14;Manufacture of wearing apparel;RS;REPUBLIC OF SERBIA;44495;RSD;RSD;SORS;Average gross earnings;A;Normal value
2403040402IND02;00;2018;15;Manufacture of leather and related products;RS;REPUBLIC OF SERBIA;46910;RSD;RSD;SORS;Average gross earnings;A;Normal value
2403040402IND02;00;2019;15;Manufacture of leather and related products;RS;REPUBLIC OF SERBIA;52234;RSD;RSD;SORS;Average gross earnings;A;Normal value
2403040402IND02;00;2020;15;Manufacture of leather and related products;RS;REPUBLIC OF SERBIA;55346;RSD;RSD;SORS;Average gross earnings;A;Normal value
2403040402IND02;00;2021;15;Manufacture of leather and related products;RS;REPUBLIC OF SERBIA;62831;RSD;RSD;SORS;Average gross earnings;A;Normal value
2403040402IND02;00;2022;15;Manufacture of leather and related products;RS;REPUBLIC OF SERBIA;70624;RSD;RSD;SORS;Average gross earnings;A;Normal value
2403040402IND02;00;2023;15;Manufacture of leather and related products;RS;REPUBLIC OF SERBIA;79369;RSD;RSD;SORS;Average gross earnings;A;Normal value
2403040402IND02;00;2024;15;Manufacture of leather and related products;RS;REPUBLIC OF SERBIA;91935;RSD;RSD;SORS;Average gross earnings;A;Normal value
2403040402IND02;00;2025;15;Manufacture of leather and related products;RS;REPUBLIC OF SERBIA;104422;RSD;RSD;SORS;Average gross earnings;A;Normal value
2403040402IND02;00;2025;16;"Manufacture of wood and of products of wood and cork, except furniture; manufacture of articles of straw and plaiting materials";RS;REPUBLIC OF SERBIA;92447;RSD;RSD;SORS;Average gross earnings;A;Normal value
2403040402IND02;00;2024;16;"Manufacture of wood and of products of wood and cork, except furniture; manufacture of articles of straw and plaiting materials";RS;REPUBLIC OF SERBIA;80386;RSD;RSD;SORS;Average gross earnings;A;Normal value
2403040402IND02;00;2023;16;"Manufacture of wood and of products of wood and cork, except furniture; manufacture of articles of straw and plaiting materials";RS;REPUBLIC OF SERBIA;69245;RSD;RSD;SORS;Average gross earnings;A;Normal value
2403040402IND02;00;2022;16;"Manufacture of wood and of products of wood and cork, except furniture; manufacture of articles of straw and plaiting materials";RS;REPUBLIC OF SERBIA;60622;RSD;RSD;SORS;Average gross earnings;A;Normal value
2403040402IND02;00;2021;16;"Manufacture of wood and of products of wood and cork, except furniture; manufacture of articles of straw and plaiting materials";RS;REPUBLIC OF SERBIA;53474;RSD;RSD;SORS;Average gross earnings;A;Normal value
2403040402IND02;00;2020;16;"Manufacture of wood and of products of wood and cork, except furniture; manufacture of articles of straw and plaiting materials";RS;REPUBLIC OF SERBIA;49443;RSD;RSD;SORS;Average gross earnings;A;Normal value
2403040402IND02;00;2019;16;"Manufacture of wood and of products of wood and cork, except furniture; manufacture of articles of straw and plaiting materials";RS;REPUBLIC OF SERBIA;45874;RSD;RSD;SORS;Average gross earnings;A;Normal value
2403040402IND02;00;2018;16;"Manufacture of wood and of products of wood and cork, except furniture; manufacture of articles of straw and plaiting materials";RS;REPUBLIC OF SERBIA;42273;RSD;RSD;SORS;Average gross earnings;A;Normal value
2403040402IND02;00;2018;17;Manufacture of paper and paper products;RS;REPUBLIC OF SERBIA;67408;RSD;RSD;SORS;Average gross earnings;A;Normal value
2403040402IND02;00;2019;17;Manufacture of paper and paper products;RS;REPUBLIC OF SERBIA;71832;RSD;RSD;SORS;Average gross earnings;A;Normal value
2403040402IND02;00;2020;17;Manufacture of paper and paper products;RS;REPUBLIC OF SERBIA;79531;RSD;RSD;SORS;Average gross earnings;A;Normal value
2403040402IND02;00;2021;17;Manufacture of paper and paper products;RS;REPUBLIC OF SERBIA;84698;RSD;RSD;SORS;Average gross earnings;A;Normal value
2403040402IND02;00;2022;17;Manufacture of paper and paper products;RS;REPUBLIC OF SERBIA;95393;RSD;RSD;SORS;Average gross earnings;A;Normal value
2403040402IND02;00;2023;17;Manufacture of paper and paper products;RS;REPUBLIC OF SERBIA;108680;RSD;RSD;SORS;Average gross earnings;A;Normal value
2403040402IND02;00;2024;17;Manufacture of paper and paper products;RS;REPUBLIC OF SERBIA;126774;RSD;RSD;SORS;Average gross earnings;A;Normal value
2403040402IND02;00;2025;17;Manufacture of paper and paper products;RS;REPUBLIC OF SERBIA;142069;RSD;RSD;SORS;Average gross earnings;A;Normal value
2403040402IND02;00;2025;18;Printing and reproduction of recorded media;RS;REPUBLIC OF SERBIA;115105;RSD;RSD;SORS;Average gross earnings;A;Normal value
2403040402IND02;00;2024;18;Printing and reproduction of recorded media;RS;REPUBLIC OF SERBIA;102268;RSD;RSD;SORS;Average gross earnings;A;Normal value
2403040402IND02;00;2023;18;Printing and reproduction of recorded media;RS;REPUBLIC OF SERBIA;89801;RSD;RSD;SORS;Average gross earnings;A;Normal value
2403040402IND02;00;2022;18;Printing and reproduction of recorded media;RS;REPUBLIC OF SERBIA;78797;RSD;RSD;SORS;Average gross earnings;A;Normal value
2403040402IND02;00;2021;18;Printing and reproduction of recorded media;RS;REPUBLIC OF SERBIA;70087;RSD;RSD;SORS;Average gross earnings;A;Normal value
2403040402IND02;00;2020;18;Printing and reproduction of recorded media;RS;REPUBLIC OF SERBIA;63583;RSD;RSD;SORS;Average gross earnings;A;Normal value
2403040402IND02;00;2019;18;Printing and reproduction of recorded media;RS;REPUBLIC OF SERBIA;59194;RSD;RSD;SORS;Average gross earnings;A;Normal value
2403040402IND02;00;2018;18;Printing and reproduction of recorded media;RS;REPUBLIC OF SERBIA;54652;RSD;RSD;SORS;Average gross earnings;A;Normal value
2403040402IND02;00;2018;19;Manufacture of coke and refined petroleum products;RS;REPUBLIC OF SERBIA;117495;RSD;RSD;SORS;Average gross earnings;A;Normal value
2403040402IND02;00;2019;19;Manufacture of coke and refined petroleum products;RS;REPUBLIC OF SERBIA;139462;RSD;RSD;SORS;Average gross earnings;A;Normal value
2403040402IND02;00;2020;19;Manufacture of coke and refined petroleum products;RS;REPUBLIC OF SERBIA;143840;RSD;RSD;SORS;Average gross earnings;A;Normal value
2403040402IND02;00;2021;19;Manufacture of coke and refined petroleum products;RS;REPUBLIC OF SERBIA;149799;RSD;RSD;SORS;Average gross earnings;A;Normal value
2403040402IND02;00;2022;19;Manufacture of coke and refined petroleum products;RS;REPUBLIC OF SERBIA;163887;RSD;RSD;SORS;Average gross earnings;A;Normal value
2403040402IND02;00;2023;19;Manufacture of coke and refined petroleum products;RS;REPUBLIC OF SERBIA;190100;RSD;RSD;SORS;Average gross earnings;A;Normal value
2403040402IND02;00;2024;19;Manufacture of coke and refined petroleum products;RS;REPUBLIC OF SERBIA;207711;RSD;RSD;SORS;Average gross earnings;A;Normal value
2403040402IND02;00;2025;19;Manufacture of coke and refined petroleum products;RS;REPUBLIC OF SERBIA;301018;RSD;RSD;SORS;Average gross earnings;A;Normal value
2403040402IND02;00;2025;20;Manufacture of chemicals and chemical products;RS;REPUBLIC OF SERBIA;172645;RSD;RSD;SORS;Average gross earnings;A;Normal value
2403040402IND02;00;2024;20;Manufacture of chemicals and chemical products;RS;REPUBLIC OF SERBIA;154492;RSD;RSD;SORS;Average gross earnings;A;Normal value
2403040402IND02;00;2023;20;Manufacture of chemicals and chemical products;RS;REPUBLIC OF SERBIA;132429;RSD;RSD;SORS;Average gross earnings;A;Normal value
2403040402IND02;00;2022;20;Manufacture of chemicals and chemical products;RS;REPUBLIC OF SERBIA;114241;RSD;RSD;SORS;Average gross earnings;A;Normal value
2403040402IND02;00;2021;20;Manufacture of chemicals and chemical products;RS;REPUBLIC OF SERBIA;99611;RSD;RSD;SORS;Average gross earnings;A;Normal value
2403040402IND02;00;2020;20;Manufacture of chemicals and chemical products;RS;REPUBLIC OF SERBIA;87676;RSD;RSD;SORS;Average gross earnings;A;Normal value
2403040402IND02;00;2019;20;Manufacture of chemicals and chemical products;RS;REPUBLIC OF SERBIA;84502;RSD;RSD;SORS;Average gross earnings;A;Normal value
2403040402IND02;00;2018;20;Manufacture of chemicals and chemical products;RS;REPUBLIC OF SERBIA;85719;RSD;RSD;SORS;Average gross earnings;A;Normal value
2403040402IND02;00;2018;21;Manufacture of basic pharmaceutical products and pharmaceutical preparations;RS;REPUBLIC OF SERBIA;122386;RSD;RSD;SORS;Average gross earnings;A;Normal value
2403040402IND02;00;2019;21;Manufacture of basic pharmaceutical products and pharmaceutical preparations;RS;REPUBLIC OF SERBIA;137064;RSD;RSD;SORS;Average gross earnings;A;Normal value
2403040402IND02;00;2020;21;Manufacture of basic pharmaceutical products and pharmaceutical preparations;RS;REPUBLIC OF SERBIA;142573;RSD;RSD;SORS;Average gross earnings;A;Normal value
2403040402IND02;00;2021;21;Manufacture of basic pharmaceutical products and pharmaceutical preparations;RS;REPUBLIC OF SERBIA;150295;RSD;RSD;SORS;Average gross earnings;A;Normal value
2403040402IND02;00;2022;21;Manufacture of basic pharmaceutical products and pharmaceutical preparations;RS;REPUBLIC OF SERBIA;166321;RSD;RSD;SORS;Average gross earnings;A;Normal value
2403040402IND02;00;2023;21;Manufacture of basic pharmaceutical products and pharmaceutical preparations;RS;REPUBLIC OF SERBIA;172092;RSD;RSD;SORS;Average gross earnings;A;Normal value
2403040402IND02;00;2024;21;Manufacture of basic pharmaceutical products and pharmaceutical preparations;RS;REPUBLIC OF SERBIA;195774;RSD;RSD;SORS;Average gross earnings;A;Normal value
2403040402IND02;00;2025;21;Manufacture of basic pharmaceutical products and pharmaceutical preparations;RS;REPUBLIC OF SERBIA;211703;RSD;RSD;SORS;Average gross earnings;A;Normal value
2403040402IND02;00;2025;22;Manufacture of rubber and plastic products;RS;REPUBLIC OF SERBIA;148387;RSD;RSD;SORS;Average gross earnings;A;Normal value
2403040402IND02;00;2024;22;Manufacture of rubber and plastic products;RS;REPUBLIC OF SERBIA;133564;RSD;RSD;SORS;Average gross earnings;A;Normal value
2403040402IND02;00;2023;22;Manufacture of rubber and plastic products;RS;REPUBLIC OF SERBIA;116910;RSD;RSD;SORS;Average gross earnings;A;Normal value
2403040402IND02;00;2022;22;Manufacture of rubber and plastic products;RS;REPUBLIC OF SERBIA;101772;RSD;RSD;SORS;Average gross earnings;A;Normal value
2403040402IND02;00;2021;22;Manufacture of rubber and plastic products;RS;REPUBLIC OF SERBIA;89626;RSD;RSD;SORS;Average gross earnings;A;Normal value
2403040402IND02;00;2020;22;Manufacture of rubber and plastic products;RS;REPUBLIC OF SERBIA;82857;RSD;RSD;SORS;Average gross earnings;A;Normal value
2403040402IND02;00;2019;22;Manufacture of rubber and plastic products;RS;REPUBLIC OF SERBIA;78495;RSD;RSD;SORS;Average gross earnings;A;Normal value
2403040402IND02;00;2018;22;Manufacture of rubber and plastic products;RS;REPUBLIC OF SERBIA;73476;RSD;RSD;SORS;Average gross earnings;A;Normal value
2403040402IND02;00;2018;23;Manufacture of other non-metallic mineral products;RS;REPUBLIC OF SERBIA;66998;RSD;RSD;SORS;Average gross earnings;A;Normal value
2403040402IND02;00;2019;23;Manufacture of other non-metallic mineral products;RS;REPUBLIC OF SERBIA;72842;RSD;RSD;SORS;Average gross earnings;A;Normal value
2403040402IND02;00;2020;23;Manufacture of other non-metallic mineral products;RS;REPUBLIC OF SERBIA;77578;RSD;RSD;SORS;Average gross earnings;A;Normal value
2403040402IND02;00;2021;23;Manufacture of other non-metallic mineral products;RS;REPUBLIC OF SERBIA;82930;RSD;RSD;SORS;Average gross earnings;A;Normal value
2403040402IND02;00;2022;23;Manufacture of other non-metallic mineral products;RS;REPUBLIC OF SERBIA;93122;RSD;RSD;SORS;Average gross earnings;A;Normal value
2403040402IND02;00;2023;23;Manufacture of other non-metallic mineral products;RS;REPUBLIC OF SERBIA;106833;RSD;RSD;SORS;Average gross earnings;A;Normal value
2403040402IND02;00;2024;23;Manufacture of other non-metallic mineral products;RS;REPUBLIC OF SERBIA;125096;RSD;RSD;SORS;Average gross earnings;A;Normal value
2403040402IND02;00;2025;23;Manufacture of other non-metallic mineral products;RS;REPUBLIC OF SERBIA;141098;RSD;RSD;SORS;Average gross earnings;A;Normal value
2403040402IND02;00;2025;24;Manufacture of basic metals;RS;REPUBLIC OF SERBIA;176356;RSD;RSD;SORS;Average gross earnings;A;Normal value
2403040402IND02;00;2024;24;Manufacture of basic metals;RS;REPUBLIC OF SERBIA;155145;RSD;RSD;SORS;Average gross earnings;A;Normal value
2403040402IND02;00;2023;24;Manufacture of basic metals;RS;REPUBLIC OF SERBIA;136194;RSD;RSD;SORS;Average gross earnings;A;Normal value
2403040402IND02;00;2022;24;Manufacture of basic metals;RS;REPUBLIC OF SERBIA;122669;RSD;RSD;SORS;Average gross earnings;A;Normal value
2403040402IND02;00;2021;24;Manufacture of basic metals;RS;REPUBLIC OF SERBIA;107935;RSD;RSD;SORS;Average gross earnings;A;Normal value
2403040402IND02;00;2020;24;Manufacture of basic metals;RS;REPUBLIC OF SERBIA;98351;RSD;RSD;SORS;Average gross earnings;A;Normal value
2403040402IND02;00;2019;24;Manufacture of basic metals;RS;REPUBLIC OF SERBIA;98389;RSD;RSD;SORS;Average gross earnings;A;Normal value
2403040402IND02;00;2018;24;Manufacture of basic metals;RS;REPUBLIC OF SERBIA;91599;RSD;RSD;SORS;Average gross earnings;A;Normal value
2403040402IND02;00;2018;25;Manufacture of fabricated metal products, except machinery and equipment;RS;REPUBLIC OF SERBIA;62126;RSD;RSD;SORS;Average gross earnings;A;Normal value
2403040402IND02;00;2019;25;Manufacture of fabricated metal products, except machinery and equipment;RS;REPUBLIC OF SERBIA;67968;RSD;RSD;SORS;Average gross earnings;A;Normal value
2403040402IND02;00;2020;25;Manufacture of fabricated metal products, except machinery and equipment;RS;REPUBLIC OF SERBIA;72861;RSD;RSD;SORS;Average gross earnings;A;Normal value
2403040402IND02;00;2021;25;Manufacture of fabricated metal products, except machinery and equipment;RS;REPUBLIC OF SERBIA;80147;RSD;RSD;SORS;Average gross earnings;A;Normal value
2403040402IND02;00;2022;25;Manufacture of fabricated metal products, except machinery and equipment;RS;REPUBLIC OF SERBIA;88909;RSD;RSD;SORS;Average gross earnings;A;Normal value
2403040402IND02;00;2023;25;Manufacture of fabricated metal products, except machinery and equipment;RS;REPUBLIC OF SERBIA;102251;RSD;RSD;SORS;Average gross earnings;A;Normal value
2403040402IND02;00;2024;25;Manufacture of fabricated metal products, except machinery and equipment;RS;REPUBLIC OF SERBIA;119640;RSD;RSD;SORS;Average gross earnings;A;Normal value
2403040402IND02;00;2025;25;Manufacture of fabricated metal products, except machinery and equipment;RS;REPUBLIC OF SERBIA;132660;RSD;RSD;SORS;Average gross earnings;A;Normal value
2403040402IND02;00;2025;26;Manufacture of computer, electronic and optical products;RS;REPUBLIC OF SERBIA;165897;RSD;RSD;SORS;Average gross earnings;A;Normal value
2403040402IND02;00;2024;26;Manufacture of computer, electronic and optical products;RS;REPUBLIC OF SERBIA;146026;RSD;RSD;SORS;Average gross earnings;A;Normal value
2403040402IND02;00;2023;26;Manufacture of computer, electronic and optical products;RS;REPUBLIC OF SERBIA;134740;RSD;RSD;SORS;Average gross earnings;A;Normal value
2403040402IND02;00;2022;26;Manufacture of computer, electronic and optical products;RS;REPUBLIC OF SERBIA;120611;RSD;RSD;SORS;Average gross earnings;A;Normal value
2403040402IND02;00;2021;26;Manufacture of computer, electronic and optical products;RS;REPUBLIC OF SERBIA;106952;RSD;RSD;SORS;Average gross earnings;A;Normal value
2403040402IND02;00;2020;26;Manufacture of computer, electronic and optical products;RS;REPUBLIC OF SERBIA;94836;RSD;RSD;SORS;Average gross earnings;A;Normal value
2403040402IND02;00;2019;26;Manufacture of computer, electronic and optical products;RS;REPUBLIC OF SERBIA;84015;RSD;RSD;SORS;Average gross earnings;A;Normal value
2403040402IND02;00;2018;26;Manufacture of computer, electronic and optical products;RS;REPUBLIC OF SERBIA;82664;RSD;RSD;SORS;Average gross earnings;A;Normal value
2403040402IND02;00;2018;27;Manufacture of electrical equipment;RS;REPUBLIC OF SERBIA;64090;RSD;RSD;SORS;Average gross earnings;A;Normal value
2403040402IND02;00;2019;27;Manufacture of electrical equipment;RS;REPUBLIC OF SERBIA;73413;RSD;RSD;SORS;Average gross earnings;A;Normal value
2403040402IND02;00;2020;27;Manufacture of electrical equipment;RS;REPUBLIC OF SERBIA;78370;RSD;RSD;SORS;Average gross earnings;A;Normal value
2403040402IND02;00;2021;27;Manufacture of electrical equipment;RS;REPUBLIC OF SERBIA;83067;RSD;RSD;SORS;Average gross earnings;A;Normal value
2403040402IND02;00;2022;27;Manufacture of electrical equipment;RS;REPUBLIC OF SERBIA;92709;RSD;RSD;SORS;Average gross earnings;A;Normal value
2403040402IND02;00;2023;27;Manufacture of electrical equipment;RS;REPUBLIC OF SERBIA;106944;RSD;RSD;SORS;Average gross earnings;A;Normal value
2403040402IND02;00;2024;27;Manufacture of electrical equipment;RS;REPUBLIC OF SERBIA;124155;RSD;RSD;SORS;Average gross earnings;A;Normal value
2403040402IND02;00;2025;27;Manufacture of electrical equipment;RS;REPUBLIC OF SERBIA;142864;RSD;RSD;SORS;Average gross earnings;A;Normal value
2403040402IND02;00;2025;28;Manufacture of machinery and equipment n.e.c.;RS;REPUBLIC OF SERBIA;155180;RSD;RSD;SORS;Average gross earnings;A;Normal value
2403040402IND02;00;2024;28;Manufacture of machinery and equipment n.e.c.;RS;REPUBLIC OF SERBIA;139359;RSD;RSD;SORS;Average gross earnings;A;Normal value
2403040402IND02;00;2023;28;Manufacture of machinery and equipment n.e.c.;RS;REPUBLIC OF SERBIA;120795;RSD;RSD;SORS;Average gross earnings;A;Normal value
2403040402IND02;00;2022;28;Manufacture of machinery and equipment n.e.c.;RS;REPUBLIC OF SERBIA;101937;RSD;RSD;SORS;Average gross earnings;A;Normal value
2403040402IND02;00;2021;28;Manufacture of machinery and equipment n.e.c.;RS;REPUBLIC OF SERBIA;90402;RSD;RSD;SORS;Average gross earnings;A;Normal value
2403040402IND02;00;2020;28;Manufacture of machinery and equipment n.e.c.;RS;REPUBLIC OF SERBIA;84891;RSD;RSD;SORS;Average gross earnings;A;Normal value
2403040402IND02;00;2019;28;Manufacture of machinery and equipment n.e.c.;RS;REPUBLIC OF SERBIA;81972;RSD;RSD;SORS;Average gross earnings;A;Normal value
2403040402IND02;00;2018;28;Manufacture of machinery and equipment n.e.c.;RS;REPUBLIC OF SERBIA;68735;RSD;RSD;SORS;Average gross earnings;A;Normal value
2403040402IND02;00;2018;29;Manufacture of motor vehicles, trailers and semi-trailers;RS;REPUBLIC OF SERBIA;62724;RSD;RSD;SORS;Average gross earnings;A;Normal value
2403040402IND02;00;2019;29;Manufacture of motor vehicles, trailers and semi-trailers;RS;REPUBLIC OF SERBIA;71742;RSD;RSD;SORS;Average gross earnings;A;Normal value
2403040402IND02;00;2020;29;Manufacture of motor vehicles, trailers and semi-trailers;RS;REPUBLIC OF SERBIA;75524;RSD;RSD;SORS;Average gross earnings;A;Normal value
2403040402IND02;00;2021;29;Manufacture of motor vehicles, trailers and semi-trailers;RS;REPUBLIC OF SERBIA;80851;RSD;RSD;SORS;Average gross earnings;A;Normal value
2403040402IND02;00;2022;29;Manufacture of motor vehicles, trailers and semi-trailers;RS;REPUBLIC OF SERBIA;92100;RSD;RSD;SORS;Average gross earnings;A;Normal value
2403040402IND02;00;2023;29;Manufacture of motor vehicles, trailers and semi-trailers;RS;REPUBLIC OF SERBIA;108789;RSD;RSD;SORS;Average gross earnings;A;Normal value
2403040402IND02;00;2024;29;Manufacture of motor vehicles, trailers and semi-trailers;RS;REPUBLIC OF SERBIA;125870;RSD;RSD;SORS;Average gross earnings;A;Normal value
2403040402IND02;00;2025;29;Manufacture of motor vehicles, trailers and semi-trailers;RS;REPUBLIC OF SERBIA;141390;RSD;RSD;SORS;Average gross earnings;A;Normal value
2403040402IND02;00;2025;30;Manufacture of other transport equipment;RS;REPUBLIC OF SERBIA;136056;RSD;RSD;SORS;Average gross earnings;A;Normal value
2403040402IND02;00;2024;30;Manufacture of other transport equipment;RS;REPUBLIC OF SERBIA;122667;RSD;RSD;SORS;Average gross earnings;A;Normal value
2403040402IND02;00;2023;30;Manufacture of other transport equipment;RS;REPUBLIC OF SERBIA;104601;RSD;RSD;SORS;Average gross earnings;A;Normal value
2403040402IND02;00;2022;30;Manufacture of other transport equipment;RS;REPUBLIC OF SERBIA;89527;RSD;RSD;SORS;Average gross earnings;A;Normal value
2403040402IND02;00;2021;30;Manufacture of other transport equipment;RS;REPUBLIC OF SERBIA;80679;RSD;RSD;SORS;Average gross earnings;A;Normal value
2403040402IND02;00;2020;30;Manufacture of other transport equipment;RS;REPUBLIC OF SERBIA;78994;RSD;RSD;SORS;Average gross earnings;A;Normal value
2403040402IND02;00;2019;30;Manufacture of other transport equipment;RS;REPUBLIC OF SERBIA;77458;RSD;RSD;SORS;Average gross earnings;A;Normal value
2403040402IND02;00;2018;30;Manufacture of other transport equipment;RS;REPUBLIC OF SERBIA;71472;RSD;RSD;SORS;Average gross earnings;A;Normal value
2403040402IND02;00;2018;31;Manufacture of furniture;RS;REPUBLIC OF SERBIA;49691;RSD;RSD;SORS;Average gross earnings;A;Normal value
2403040402IND02;00;2019;31;Manufacture of furniture;RS;REPUBLIC OF SERBIA;54442;RSD;RSD;SORS;Average gross earnings;A;Normal value
2403040402IND02;00;2020;31;Manufacture of furniture;RS;REPUBLIC OF SERBIA;58799;RSD;RSD;SORS;Average gross earnings;A;Normal value
2403040402IND02;00;2021;31;Manufacture of furniture;RS;REPUBLIC OF SERBIA;62872;RSD;RSD;SORS;Average gross earnings;A;Normal value
2403040402IND02;00;2022;31;Manufacture of furniture;RS;REPUBLIC OF SERBIA;70315;RSD;RSD;SORS;Average gross earnings;A;Normal value
2403040402IND02;00;2023;31;Manufacture of furniture;RS;REPUBLIC OF SERBIA;80612;RSD;RSD;SORS;Average gross earnings;A;Normal value
2403040402IND02;00;2024;31;Manufacture of furniture;RS;REPUBLIC OF SERBIA;93113;RSD;RSD;SORS;Average gross earnings;A;Normal value
2403040402IND02;00;2025;31;Manufacture of furniture;RS;REPUBLIC OF SERBIA;105829;RSD;RSD;SORS;Average gross earnings;A;Normal value
2403040402IND02;00;2025;32;Other manufacturing;RS;REPUBLIC OF SERBIA;108678;RSD;RSD;SORS;Average gross earnings;A;Normal value
2403040402IND02;00;2024;32;Other manufacturing;RS;REPUBLIC OF SERBIA;97499;RSD;RSD;SORS;Average gross earnings;A;Normal value
2403040402IND02;00;2023;32;Other manufacturing;RS;REPUBLIC OF SERBIA;84931;RSD;RSD;SORS;Average gross earnings;A;Normal value
2403040402IND02;00;2022;32;Other manufacturing;RS;REPUBLIC OF SERBIA;74619;RSD;RSD;SORS;Average gross earnings;A;Normal value
2403040402IND02;00;2021;32;Other manufacturing;RS;REPUBLIC OF SERBIA;67383;RSD;RSD;SORS;Average gross earnings;A;Normal value
2403040402IND02;00;2020;32;Other manufacturing;RS;REPUBLIC OF SERBIA;63337;RSD;RSD;SORS;Average gross earnings;A;Normal value
2403040402IND02;00;2019;32;Other manufacturing;RS;REPUBLIC OF SERBIA;57454;RSD;RSD;SORS;Average gross earnings;A;Normal value
2403040402IND02;00;2018;32;Other manufacturing;RS;REPUBLIC OF SERBIA;56812;RSD;RSD;SORS;Average gross earnings;A;Normal value
2403040402IND02;00;2018;33;Repair and installation of machinery and equipment;RS;REPUBLIC OF SERBIA;68555;RSD;RSD;SORS;Average gross earnings;A;Normal value
2403040402IND02;00;2019;33;Repair and installation of machinery and equipment;RS;REPUBLIC OF SERBIA;71585;RSD;RSD;SORS;Average gross earnings;A;Normal value
2403040402IND02;00;2020;33;Repair and installation of machinery and equipment;RS;REPUBLIC OF SERBIA;75929;RSD;RSD;SORS;Average gross earnings;A;Normal value
2403040402IND02;00;2021;33;Repair and installation of machinery and equipment;RS;REPUBLIC OF SERBIA;83835;RSD;RSD;SORS;Average gross earnings;A;Normal value
2403040402IND02;00;2022;33;Repair and installation of machinery and equipment;RS;REPUBLIC OF SERBIA;95072;RSD;RSD;SORS;Average gross earnings;A;Normal value
2403040402IND02;00;2023;33;Repair and installation of machinery and equipment;RS;REPUBLIC OF SERBIA;109974;RSD;RSD;SORS;Average gross earnings;A;Normal value
2403040402IND02;00;2024;33;Repair and installation of machinery and equipment;RS;REPUBLIC OF SERBIA;130281;RSD;RSD;SORS;Average gross earnings;A;Normal value
2403040402IND02;00;2025;33;Repair and installation of machinery and equipment;RS;REPUBLIC OF SERBIA;150057;RSD;RSD;SORS;Average gross earnings;A;Normal value
2403040402IND02;00;2025;35;Electricity, gas, steam and air conditioning supply;RS;REPUBLIC OF SERBIA;184837;RSD;RSD;SORS;Average gross earnings;A;Normal value
2403040402IND02;00;2024;35;Electricity, gas, steam and air conditioning supply;RS;REPUBLIC OF SERBIA;167460;RSD;RSD;SORS;Average gross earnings;A;Normal value
2403040402IND02;00;2023;35;Electricity, gas, steam and air conditioning supply;RS;REPUBLIC OF SERBIA;153451;RSD;RSD;SORS;Average gross earnings;A;Normal value
2403040402IND02;00;2022;35;Electricity, gas, steam and air conditioning supply;RS;REPUBLIC OF SERBIA;140673;RSD;RSD;SORS;Average gross earnings;A;Normal value
2403040402IND02;00;2021;35;Electricity, gas, steam and air conditioning supply;RS;REPUBLIC OF SERBIA;136112;RSD;RSD;SORS;Average gross earnings;A;Normal value
2403040402IND02;00;2020;35;Electricity, gas, steam and air conditioning supply;RS;REPUBLIC OF SERBIA;136680;RSD;RSD;SORS;Average gross earnings;A;Normal value
2403040402IND02;00;2019;35;Electricity, gas, steam and air conditioning supply;RS;REPUBLIC OF SERBIA;126206;RSD;RSD;SORS;Average gross earnings;A;Normal value
2403040402IND02;00;2018;35;Electricity, gas, steam and air conditioning supply;RS;REPUBLIC OF SERBIA;112862;RSD;RSD;SORS;Average gross earnings;A;Normal value
2403040402IND02;00;2018;36;Water collection, treatment and supply;RS;REPUBLIC OF SERBIA;61494;RSD;RSD;SORS;Average gross earnings;A;Normal value
2403040402IND02;00;2019;36;Water collection, treatment and supply;RS;REPUBLIC OF SERBIA;65281;RSD;RSD;SORS;Average gross earnings;A;Normal value
2403040402IND02;00;2020;36;Water collection, treatment and supply;RS;REPUBLIC OF SERBIA;74700;RSD;RSD;SORS;Average gross earnings;A;Normal value
2403040402IND02;00;2021;36;Water collection, treatment and supply;RS;REPUBLIC OF SERBIA;79332;RSD;RSD;SORS;Average gross earnings;A;Normal value
2403040402IND02;00;2022;36;Water collection, treatment and supply;RS;REPUBLIC OF SERBIA;86703;RSD;RSD;SORS;Average gross earnings;A;Normal value
2403040402IND02;00;2023;36;Water collection, treatment and supply;RS;REPUBLIC OF SERBIA;99470;RSD;RSD;SORS;Average gross earnings;A;Normal value
2403040402IND02;00;2024;36;Water collection, treatment and supply;RS;REPUBLIC OF SERBIA;114225;RSD;RSD;SORS;Average gross earnings;A;Normal value
2403040402IND02;00;2025;36;Water collection, treatment and supply;RS;REPUBLIC OF SERBIA;130716;RSD;RSD;SORS;Average gross earnings;A;Normal value
2403040402IND02;00;2025;37;Sewerage;RS;REPUBLIC OF SERBIA;136835;RSD;RSD;SORS;Average gross earnings;A;Normal value
2403040402IND02;00;2024;37;Sewerage;RS;REPUBLIC OF SERBIA;120332;RSD;RSD;SORS;Average gross earnings;A;Normal value
2403040402IND02;00;2023;37;Sewerage;RS;REPUBLIC OF SERBIA;104752;RSD;RSD;SORS;Average gross earnings;A;Normal value
2403040402IND02;00;2022;37;Sewerage;RS;REPUBLIC OF SERBIA;106120;RSD;RSD;SORS;Average gross earnings;A;Normal value
2403040402IND02;00;2021;37;Sewerage;RS;REPUBLIC OF SERBIA;96797;RSD;RSD;SORS;Average gross earnings;A;Normal value
2403040402IND02;00;2020;37;Sewerage;RS;REPUBLIC OF SERBIA;80859;RSD;RSD;SORS;Average gross earnings;A;Normal value
2403040402IND02;00;2019;37;Sewerage;RS;REPUBLIC OF SERBIA;74262;RSD;RSD;SORS;Average gross earnings;A;Normal value
2403040402IND02;00;2018;37;Sewerage;RS;REPUBLIC OF SERBIA;55631;RSD;RSD;SORS;Average gross earnings;A;Normal value
2403040402IND02;00;2018;38;"Waste collection, treatment and disposal activities; materials recovery";RS;REPUBLIC OF SERBIA;59607;RSD;RSD;SORS;Average gross earnings;A;Normal value
2403040402IND02;00;2019;38;"Waste collection, treatment and disposal activities; materials recovery";RS;REPUBLIC OF SERBIA;65004;RSD;RSD;SORS;Average gross earnings;A;Normal value
2403040402IND02;00;2020;38;"Waste collection, treatment and disposal activities; materials recovery";RS;REPUBLIC OF SERBIA;75747;RSD;RSD;SORS;Average gross earnings;A;Normal value
2403040402IND02;00;2021;38;"Waste collection, treatment and disposal activities; materials recovery";RS;REPUBLIC OF SERBIA;82728;RSD;RSD;SORS;Average gross earnings;A;Normal value
2403040402IND02;00;2022;38;"Waste collection, treatment and disposal activities; materials recovery";RS;REPUBLIC OF SERBIA;91183;RSD;RSD;SORS;Average gross earnings;A;Normal value
2403040402IND02;00;2023;38;"Waste collection, treatment and disposal activities; materials recovery";RS;REPUBLIC OF SERBIA;103532;RSD;RSD;SORS;Average gross earnings;A;Normal value
2403040402IND02;00;2024;38;"Waste collection, treatment and disposal activities; materials recovery";RS;REPUBLIC OF SERBIA;119626;RSD;RSD;SORS;Average gross earnings;A;Normal value
2403040402IND02;00;2025;38;"Waste collection, treatment and disposal activities; materials recovery";RS;REPUBLIC OF SERBIA;135445;RSD;RSD;SORS;Average gross earnings;A;Normal value
2403040402IND02;00;2025;39;Remediation activities and other waste management services;RS;REPUBLIC OF SERBIA;119294;RSD;RSD;SORS;Average gross earnings;A;Normal value
2403040402IND02;00;2024;39;Remediation activities and other waste management services;RS;REPUBLIC OF SERBIA;105864;RSD;RSD;SORS;Average gross earnings;A;Normal value
2403040402IND02;00;2023;39;Remediation activities and other waste management services;RS;REPUBLIC OF SERBIA;108085;RSD;RSD;SORS;Average gross earnings;A;Normal value
2403040402IND02;00;2022;39;Remediation activities and other waste management services;RS;REPUBLIC OF SERBIA;89327;RSD;RSD;SORS;Average gross earnings;A;Normal value
2403040402IND02;00;2021;39;Remediation activities and other waste management services;RS;REPUBLIC OF SERBIA;72048;RSD;RSD;SORS;Average gross earnings;A;Normal value
2403040402IND02;00;2020;39;Remediation activities and other waste management services;RS;REPUBLIC OF SERBIA;74137;RSD;RSD;SORS;Average gross earnings;A;Normal value
2403040402IND02;00;2019;39;Remediation activities and other waste management services;RS;REPUBLIC OF SERBIA;59355;RSD;RSD;SORS;Average gross earnings;A;Normal value
2403040402IND02;00;2018;39;Remediation activities and other waste management services;RS;REPUBLIC OF SERBIA;61100;RSD;RSD;SORS;Average gross earnings;A;Normal value
2403040402IND02;00;2018;41;Construction of buildings;RS;REPUBLIC OF SERBIA;55217;RSD;RSD;SORS;Average gross earnings;A;Normal value
2403040402IND02;00;2019;41;Construction of buildings;RS;REPUBLIC OF SERBIA;61773;RSD;RSD;SORS;Average gross earnings;A;Normal value
2403040402IND02;00;2020;41;Construction of buildings;RS;REPUBLIC OF SERBIA;68251;RSD;RSD;SORS;Average gross earnings;A;Normal value
2403040402IND02;00;2021;41;Construction of buildings;RS;REPUBLIC OF SERBIA;76302;RSD;RSD;SORS;Average gross earnings;A;Normal value
2403040402IND02;00;2022;41;Construction of buildings;RS;REPUBLIC OF SERBIA;86418;RSD;RSD;SORS;Average gross earnings;A;Normal value
2403040402IND02;00;2023;41;Construction of buildings;RS;REPUBLIC OF SERBIA;97834;RSD;RSD;SORS;Average gross earnings;A;Normal value
2403040402IND02;00;2024;41;Construction of buildings;RS;REPUBLIC OF SERBIA;112008;RSD;RSD;SORS;Average gross earnings;A;Normal value
2403040402IND02;00;2025;41;Construction of buildings;RS;REPUBLIC OF SERBIA;127803;RSD;RSD;SORS;Average gross earnings;A;Normal value
2403040402IND02;00;2025;42;Civil engineering;RS;REPUBLIC OF SERBIA;162249;RSD;RSD;SORS;Average gross earnings;A;Normal value
2403040402IND02;00;2024;42;Civil engineering;RS;REPUBLIC OF SERBIA;150184;RSD;RSD;SORS;Average gross earnings;A;Normal value
2403040402IND02;00;2023;42;Civil engineering;RS;REPUBLIC OF SERBIA;130791;RSD;RSD;SORS;Average gross earnings;A;Normal value
2403040402IND02;00;2022;42;Civil engineering;RS;REPUBLIC OF SERBIA;113968;RSD;RSD;SORS;Average gross earnings;A;Normal value
2403040402IND02;00;2021;42;Civil engineering;RS;REPUBLIC OF SERBIA;103574;RSD;RSD;SORS;Average gross earnings;A;Normal value
2403040402IND02;00;2020;42;Civil engineering;RS;REPUBLIC OF SERBIA;97810;RSD;RSD;SORS;Average gross earnings;A;Normal value
2403040402IND02;00;2019;42;Civil engineering;RS;REPUBLIC OF SERBIA;93943;RSD;RSD;SORS;Average gross earnings;A;Normal value
2403040402IND02;00;2018;42;Civil engineering;RS;REPUBLIC OF SERBIA;78234;RSD;RSD;SORS;Average gross earnings;A;Normal value
2403040402IND02;00;2018;43;Specialised construction activities;RS;REPUBLIC OF SERBIA;51973;RSD;RSD;SORS;Average gross earnings;A;Normal value
2403040402IND02;00;2019;43;Specialised construction activities;RS;REPUBLIC OF SERBIA;56691;RSD;RSD;SORS;Average gross earnings;A;Normal value
2403040402IND02;00;2020;43;Specialised construction activities;RS;REPUBLIC OF SERBIA;60052;RSD;RSD;SORS;Average gross earnings;A;Normal value
2403040402IND02;00;2021;43;Specialised construction activities;RS;REPUBLIC OF SERBIA;65208;RSD;RSD;SORS;Average gross earnings;A;Normal value
2403040402IND02;00;2022;43;Specialised construction activities;RS;REPUBLIC OF SERBIA;72993;RSD;RSD;SORS;Average gross earnings;A;Normal value
2403040402IND02;00;2023;43;Specialised construction activities;RS;REPUBLIC OF SERBIA;83660;RSD;RSD;SORS;Average gross earnings;A;Normal value
2403040402IND02;00;2024;43;Specialised construction activities;RS;REPUBLIC OF SERBIA;96587;RSD;RSD;SORS;Average gross earnings;A;Normal value
2403040402IND02;00;2025;43;Specialised construction activities;RS;REPUBLIC OF SERBIA;110200;RSD;RSD;SORS;Average gross earnings;A;Normal value
2403040402IND02;00;2025;45;Wholesale and retail trade and repair of motor vehicles and motorcycles;RS;REPUBLIC OF SERBIA;119152;RSD;RSD;SORS;Average gross earnings;A;Normal value
2403040402IND02;00;2024;45;Wholesale and retail trade and repair of motor vehicles and motorcycles;RS;REPUBLIC OF SERBIA;107354;RSD;RSD;SORS;Average gross earnings;A;Normal value
2403040402IND02;00;2023;45;Wholesale and retail trade and repair of motor vehicles and motorcycles;RS;REPUBLIC OF SERBIA;92579;RSD;RSD;SORS;Average gross earnings;A;Normal value
2403040402IND02;00;2022;45;Wholesale and retail trade and repair of motor vehicles and motorcycles;RS;REPUBLIC OF SERBIA;81242;RSD;RSD;SORS;Average gross earnings;A;Normal value
2403040402IND02;00;2021;45;Wholesale and retail trade and repair of motor vehicles and motorcycles;RS;REPUBLIC OF SERBIA;70781;RSD;RSD;SORS;Average gross earnings;A;Normal value
2403040402IND02;00;2020;45;Wholesale and retail trade and repair of motor vehicles and motorcycles;RS;REPUBLIC OF SERBIA;64869;RSD;RSD;SORS;Average gross earnings;A;Normal value
2403040402IND02;00;2019;45;Wholesale and retail trade and repair of motor vehicles and motorcycles;RS;REPUBLIC OF SERBIA;60526;RSD;RSD;SORS;Average gross earnings;A;Normal value
2403040402IND02;00;2018;45;Wholesale and retail trade and repair of motor vehicles and motorcycles;RS;REPUBLIC OF SERBIA;58034;RSD;RSD;SORS;Average gross earnings;A;Normal value
2403040402IND02;00;2018;46;Wholesale trade, except of motor vehicles and motorcycles;RS;REPUBLIC OF SERBIA;68439;RSD;RSD;SORS;Average gross earnings;A;Normal value
2403040402IND02;00;2019;46;Wholesale trade, except of motor vehicles and motorcycles;RS;REPUBLIC OF SERBIA;80007;RSD;RSD;SORS;Average gross earnings;A;Normal value
2403040402IND02;00;2020;46;Wholesale trade, except of motor vehicles and motorcycles;RS;REPUBLIC OF SERBIA;86578;RSD;RSD;SORS;Average gross earnings;A;Normal value
2403040402IND02;00;2021;46;Wholesale trade, except of motor vehicles and motorcycles;RS;REPUBLIC OF SERBIA;96064;RSD;RSD;SORS;Average gross earnings;A;Normal value
2403040402IND02;00;2022;46;Wholesale trade, except of motor vehicles and motorcycles;RS;REPUBLIC OF SERBIA;109486;RSD;RSD;SORS;Average gross earnings;A;Normal value
2403040402IND02;00;2023;46;Wholesale trade, except of motor vehicles and motorcycles;RS;REPUBLIC OF SERBIA;126545;RSD;RSD;SORS;Average gross earnings;A;Normal value
2403040402IND02;00;2024;46;Wholesale trade, except of motor vehicles and motorcycles;RS;REPUBLIC OF SERBIA;142760;RSD;RSD;SORS;Average gross earnings;A;Normal value
2403040402IND02;00;2025;46;Wholesale trade, except of motor vehicles and motorcycles;RS;REPUBLIC OF SERBIA;159466;RSD;RSD;SORS;Average gross earnings;A;Normal value
2403040402IND02;00;2025;47;Retail trade, except of motor vehicles and motorcycles;RS;REPUBLIC OF SERBIA;106909;RSD;RSD;SORS;Average gross earnings;A;Normal value
2403040402IND02;00;2024;47;Retail trade, except of motor vehicles and motorcycles;RS;REPUBLIC OF SERBIA;95466;RSD;RSD;SORS;Average gross earnings;A;Normal value
2403040402IND02;00;2023;47;Retail trade, except of motor vehicles and motorcycles;RS;REPUBLIC OF SERBIA;83246;RSD;RSD;SORS;Average gross earnings;A;Normal value
2403040402IND02;00;2022;47;Retail trade, except of motor vehicles and motorcycles;RS;REPUBLIC OF SERBIA;71273;RSD;RSD;SORS;Average gross earnings;A;Normal value
2403040402IND02;00;2021;47;Retail trade, except of motor vehicles and motorcycles;RS;REPUBLIC OF SERBIA;62527;RSD;RSD;SORS;Average gross earnings;A;Normal value
2403040402IND02;00;2020;47;Retail trade, except of motor vehicles and motorcycles;RS;REPUBLIC OF SERBIA;57046;RSD;RSD;SORS;Average gross earnings;A;Normal value
2403040402IND02;00;2019;47;Retail trade, except of motor vehicles and motorcycles;RS;REPUBLIC OF SERBIA;52353;RSD;RSD;SORS;Average gross earnings;A;Normal value
2403040402IND02;00;2018;47;Retail trade, except of motor vehicles and motorcycles;RS;REPUBLIC OF SERBIA;48987;RSD;RSD;SORS;Average gross earnings;A;Normal value
2403040402IND02;00;2018;49;Land transport and transport via pipelines;RS;REPUBLIC OF SERBIA;52119;RSD;RSD;SORS;Average gross earnings;A;Normal value
2403040402IND02;00;2019;49;Land transport and transport via pipelines;RS;REPUBLIC OF SERBIA;56330;RSD;RSD;SORS;Average gross earnings;A;Normal value
2403040402IND02;00;2020;49;Land transport and transport via pipelines;RS;REPUBLIC OF SERBIA;60690;RSD;RSD;SORS;Average gross earnings;A;Normal value
2403040402IND02;00;2021;49;Land transport and transport via pipelines;RS;REPUBLIC OF SERBIA;64700;RSD;RSD;SORS;Average gross earnings;A;Normal value
2403040402IND02;00;2022;49;Land transport and transport via pipelines;RS;REPUBLIC OF SERBIA;72140;RSD;RSD;SORS;Average gross earnings;A;Normal value
2403040402IND02;00;2023;49;Land transport and transport via pipelines;RS;REPUBLIC OF SERBIA;82835;RSD;RSD;SORS;Average gross earnings;A;Normal value
2403040402IND02;00;2024;49;Land transport and transport via pipelines;RS;REPUBLIC OF SERBIA;96136;RSD;RSD;SORS;Average gross earnings;A;Normal value
2403040402IND02;00;2025;49;Land transport and transport via pipelines;RS;REPUBLIC OF SERBIA;109449;RSD;RSD;SORS;Average gross earnings;A;Normal value
2403040402IND02;00;2025;50;Water transport;RS;REPUBLIC OF SERBIA;178005;RSD;RSD;SORS;Average gross earnings;A;Normal value
2403040402IND02;00;2024;50;Water transport;RS;REPUBLIC OF SERBIA;152155;RSD;RSD;SORS;Average gross earnings;A;Normal value
2403040402IND02;00;2023;50;Water transport;RS;REPUBLIC OF SERBIA;130671;RSD;RSD;SORS;Average gross earnings;A;Normal value
2403040402IND02;00;2022;50;Water transport;RS;REPUBLIC OF SERBIA;107689;RSD;RSD;SORS;Average gross earnings;A;Normal value
2403040402IND02;00;2021;50;Water transport;RS;REPUBLIC OF SERBIA;89313;RSD;RSD;SORS;Average gross earnings;A;Normal value
2403040402IND02;00;2020;50;Water transport;RS;REPUBLIC OF SERBIA;79647;RSD;RSD;SORS;Average gross earnings;A;Normal value
2403040402IND02;00;2019;50;Water transport;RS;REPUBLIC OF SERBIA;72640;RSD;RSD;SORS;Average gross earnings;A;Normal value
2403040402IND02;00;2018;50;Water transport;RS;REPUBLIC OF SERBIA;66042;RSD;RSD;SORS;Average gross earnings;A;Normal value
2403040402IND02;00;2018;51;Air transport;RS;REPUBLIC OF SERBIA;176151;RSD;RSD;SORS;Average gross earnings;A;Normal value
2403040402IND02;00;2019;51;Air transport;RS;REPUBLIC OF SERBIA;231808;RSD;RSD;SORS;Average gross earnings;A;Normal value
2403040402IND02;00;2020;51;Air transport;RS;REPUBLIC OF SERBIA;206111;RSD;RSD;SORS;Average gross earnings;A;Normal value
2403040402IND02;00;2021;51;Air transport;RS;REPUBLIC OF SERBIA;205688;RSD;RSD;SORS;Average gross earnings;A;Normal value
2403040402IND02;00;2022;51;Air transport;RS;REPUBLIC OF SERBIA;236825;RSD;RSD;SORS;Average gross earnings;A;Normal value
2403040402IND02;00;2023;51;Air transport;RS;REPUBLIC OF SERBIA;259784;RSD;RSD;SORS;Average gross earnings;A;Normal value
2403040402IND02;00;2024;51;Air transport;RS;REPUBLIC OF SERBIA;279963;RSD;RSD;SORS;Average gross earnings;A;Normal value
2403040402IND02;00;2025;51;Air transport;RS;REPUBLIC OF SERBIA;322963;RSD;RSD;SORS;Average gross earnings;A;Normal value
2403040402IND02;00;2025;52;Warehousing and support activities for transportation;RS;REPUBLIC OF SERBIA;164167;RSD;RSD;SORS;Average gross earnings;A;Normal value
2403040402IND02;00;2024;52;Warehousing and support activities for transportation;RS;REPUBLIC OF SERBIA;148566;RSD;RSD;SORS;Average gross earnings;A;Normal value
2403040402IND02;00;2023;52;Warehousing and support activities for transportation;RS;REPUBLIC OF SERBIA;130475;RSD;RSD;SORS;Average gross earnings;A;Normal value
2403040402IND02;00;2022;52;Warehousing and support activities for transportation;RS;REPUBLIC OF SERBIA;112429;RSD;RSD;SORS;Average gross earnings;A;Normal value
2403040402IND02;00;2021;52;Warehousing and support activities for transportation;RS;REPUBLIC OF SERBIA;97717;RSD;RSD;SORS;Average gross earnings;A;Normal value
2403040402IND02;00;2020;52;Warehousing and support activities for transportation;RS;REPUBLIC OF SERBIA;92187;RSD;RSD;SORS;Average gross earnings;A;Normal value
2403040402IND02;00;2019;52;Warehousing and support activities for transportation;RS;REPUBLIC OF SERBIA;88919;RSD;RSD;SORS;Average gross earnings;A;Normal value
2403040402IND02;00;2018;52;Warehousing and support activities for transportation;RS;REPUBLIC OF SERBIA;80959;RSD;RSD;SORS;Average gross earnings;A;Normal value
2403040402IND02;00;2018;53;Postal and courier activities;RS;REPUBLIC OF SERBIA;58724;RSD;RSD;SORS;Average gross earnings;A;Normal value
2403040402IND02;00;2019;53;Postal and courier activities;RS;REPUBLIC OF SERBIA;63874;RSD;RSD;SORS;Average gross earnings;A;Normal value
2403040402IND02;00;2020;53;Postal and courier activities;RS;REPUBLIC OF SERBIA;71188;RSD;RSD;SORS;Average gross earnings;A;Normal value
2403040402IND02;00;2021;53;Postal and courier activities;RS;REPUBLIC OF SERBIA;73119;RSD;RSD;SORS;Average gross earnings;A;Normal value
2403040402IND02;00;2022;53;Postal and courier activities;RS;REPUBLIC OF SERBIA;81516;RSD;RSD;SORS;Average gross earnings;A;Normal value
2403040402IND02;00;2023;53;Postal and courier activities;RS;REPUBLIC OF SERBIA;92552;RSD;RSD;SORS;Average gross earnings;A;Normal value
2403040402IND02;00;2024;53;Postal and courier activities;RS;REPUBLIC OF SERBIA;108890;RSD;RSD;SORS;Average gross earnings;A;Normal value
2403040402IND02;00;2025;53;Postal and courier activities;RS;REPUBLIC OF SERBIA;119724;RSD;RSD;SORS;Average gross earnings;A;Normal value
2403040402IND02;00;2025;55;Accommodation;RS;REPUBLIC OF SERBIA;116202;RSD;RSD;SORS;Average gross earnings;A;Normal value
2403040402IND02;00;2024;55;Accommodation;RS;REPUBLIC OF SERBIA;104094;RSD;RSD;SORS;Average gross earnings;A;Normal value
2403040402IND02;00;2023;55;Accommodation;RS;REPUBLIC OF SERBIA;90277;RSD;RSD;SORS;Average gross earnings;A;Normal value
2403040402IND02;00;2022;55;Accommodation;RS;REPUBLIC OF SERBIA;79168;RSD;RSD;SORS;Average gross earnings;A;Normal value
2403040402IND02;00;2021;55;Accommodation;RS;REPUBLIC OF SERBIA;68160;RSD;RSD;SORS;Average gross earnings;A;Normal value
2403040402IND02;00;2020;55;Accommodation;RS;REPUBLIC OF SERBIA;61580;RSD;RSD;SORS;Average gross earnings;A;Normal value
2403040402IND02;00;2019;55;Accommodation;RS;REPUBLIC OF SERBIA;61331;RSD;RSD;SORS;Average gross earnings;A;Normal value
2403040402IND02;00;2018;55;Accommodation;RS;REPUBLIC OF SERBIA;55766;RSD;RSD;SORS;Average gross earnings;A;Normal value
2403040402IND02;00;2018;56;Food and beverage service activities;RS;REPUBLIC OF SERBIA;40386;RSD;RSD;SORS;Average gross earnings;A;Normal value
2403040402IND02;00;2019;56;Food and beverage service activities;RS;REPUBLIC OF SERBIA;43284;RSD;RSD;SORS;Average gross earnings;A;Normal value
2403040402IND02;00;2020;56;Food and beverage service activities;RS;REPUBLIC OF SERBIA;47934;RSD;RSD;SORS;Average gross earnings;A;Normal value
2403040402IND02;00;2021;56;Food and beverage service activities;RS;REPUBLIC OF SERBIA;50883;RSD;RSD;SORS;Average gross earnings;A;Normal value
2403040402IND02;00;2022;56;Food and beverage service activities;RS;REPUBLIC OF SERBIA;58601;RSD;RSD;SORS;Average gross earnings;A;Normal value
2403040402IND02;00;2023;56;Food and beverage service activities;RS;REPUBLIC OF SERBIA;65276;RSD;RSD;SORS;Average gross earnings;A;Normal value
2403040402IND02;00;2024;56;Food and beverage service activities;RS;REPUBLIC OF SERBIA;76431;RSD;RSD;SORS;Average gross earnings;A;Normal value
2403040402IND02;00;2025;56;Food and beverage service activities;RS;REPUBLIC OF SERBIA;87387;RSD;RSD;SORS;Average gross earnings;A;Normal value
2403040402IND02;00;2025;58;Publishing activities;RS;REPUBLIC OF SERBIA;169205;RSD;RSD;SORS;Average gross earnings;A;Normal value
2403040402IND02;00;2024;58;Publishing activities;RS;REPUBLIC OF SERBIA;149735;RSD;RSD;SORS;Average gross earnings;A;Normal value
2403040402IND02;00;2023;58;Publishing activities;RS;REPUBLIC OF SERBIA;133146;RSD;RSD;SORS;Average gross earnings;A;Normal value
2403040402IND02;00;2022;58;Publishing activities;RS;REPUBLIC OF SERBIA;119512;RSD;RSD;SORS;Average gross earnings;A;Normal value
2403040402IND02;00;2021;58;Publishing activities;RS;REPUBLIC OF SERBIA;104645;RSD;RSD;SORS;Average gross earnings;A;Normal value
2403040402IND02;00;2020;58;Publishing activities;RS;REPUBLIC OF SERBIA;91614;RSD;RSD;SORS;Average gross earnings;A;Normal value
2403040402IND02;00;2019;58;Publishing activities;RS;REPUBLIC OF SERBIA;85171;RSD;RSD;SORS;Average gross earnings;A;Normal value
2403040402IND02;00;2018;58;Publishing activities;RS;REPUBLIC OF SERBIA;76536;RSD;RSD;SORS;Average gross earnings;A;Normal value
2403040402IND02;00;2018;59;Motion picture, video and television programme production, sound recording and music publishing activities;RS;REPUBLIC OF SERBIA;63981;RSD;RSD;SORS;Average gross earnings;A;Normal value
2403040402IND02;00;2019;59;Motion picture, video and television programme production, sound recording and music publishing activities;RS;REPUBLIC OF SERBIA;101316;RSD;RSD;SORS;Average gross earnings;A;Normal value
2403040402IND02;00;2020;59;Motion picture, video and television programme production, sound recording and music publishing activities;RS;REPUBLIC OF SERBIA;109884;RSD;RSD;SORS;Average gross earnings;A;Normal value
2403040402IND02;00;2021;59;Motion picture, video and television programme production, sound recording and music publishing activities;RS;REPUBLIC OF SERBIA;137736;RSD;RSD;SORS;Average gross earnings;A;Normal value
2403040402IND02;00;2022;59;Motion picture, video and television programme production, sound recording and music publishing activities;RS;REPUBLIC OF SERBIA;162751;RSD;RSD;SORS;Average gross earnings;A;Normal value
2403040402IND02;00;2023;59;Motion picture, video and television programme production, sound recording and music publishing activities;RS;REPUBLIC OF SERBIA;169788;RSD;RSD;SORS;Average gross earnings;A;Normal value
2403040402IND02;00;2024;59;Motion picture, video and television programme production, sound recording and music publishing activities;RS;REPUBLIC OF SERBIA;177606;RSD;RSD;SORS;Average gross earnings;A;Normal value
2403040402IND02;00;2025;59;Motion picture, video and television programme production, sound recording and music publishing activities;RS;REPUBLIC OF SERBIA;197000;RSD;RSD;SORS;Average gross earnings;A;Normal value
2403040402IND02;00;2025;60;Programming and broadcasting activities;RS;REPUBLIC OF SERBIA;171571;RSD;RSD;SORS;Average gross earnings;A;Normal value
2403040402IND02;00;2024;60;Programming and broadcasting activities;RS;REPUBLIC OF SERBIA;152569;RSD;RSD;SORS;Average gross earnings;A;Normal value
2403040402IND02;00;2023;60;Programming and broadcasting activities;RS;REPUBLIC OF SERBIA;133493;RSD;RSD;SORS;Average gross earnings;A;Normal value
2403040402IND02;00;2022;60;Programming and broadcasting activities;RS;REPUBLIC OF SERBIA;121822;RSD;RSD;SORS;Average gross earnings;A;Normal value
2403040402IND02;00;2021;60;Programming and broadcasting activities;RS;REPUBLIC OF SERBIA;107197;RSD;RSD;SORS;Average gross earnings;A;Normal value
2403040402IND02;00;2020;60;Programming and broadcasting activities;RS;REPUBLIC OF SERBIA;95312;RSD;RSD;SORS;Average gross earnings;A;Normal value
2403040402IND02;00;2019;60;Programming and broadcasting activities;RS;REPUBLIC OF SERBIA;81126;RSD;RSD;SORS;Average gross earnings;A;Normal value
2403040402IND02;00;2018;60;Programming and broadcasting activities;RS;REPUBLIC OF SERBIA;71471;RSD;RSD;SORS;Average gross earnings;A;Normal value
2403040402IND02;00;2018;61;Telecommunications;RS;REPUBLIC OF SERBIA;108562;RSD;RSD;SORS;Average gross earnings;A;Normal value
2403040402IND02;00;2019;61;Telecommunications;RS;REPUBLIC OF SERBIA;120087;RSD;RSD;SORS;Average gross earnings;A;Normal value
2403040402IND02;00;2020;61;Telecommunications;RS;REPUBLIC OF SERBIA;127154;RSD;RSD;SORS;Average gross earnings;A;Normal value
2403040402IND02;00;2021;61;Telecommunications;RS;REPUBLIC OF SERBIA;136485;RSD;RSD;SORS;Average gross earnings;A;Normal value
2403040402IND02;00;2022;61;Telecommunications;RS;REPUBLIC OF SERBIA;158715;RSD;RSD;SORS;Average gross earnings;A;Normal value
2403040402IND02;00;2023;61;Telecommunications;RS;REPUBLIC OF SERBIA;183196;RSD;RSD;SORS;Average gross earnings;A;Normal value
2403040402IND02;00;2024;61;Telecommunications;RS;REPUBLIC OF SERBIA;208273;RSD;RSD;SORS;Average gross earnings;A;Normal value
2403040402IND02;00;2025;61;Telecommunications;RS;REPUBLIC OF SERBIA;235097;RSD;RSD;SORS;Average gross earnings;A;Normal value
2403040402IND02;00;2025;62;Computer programming, consultancy and related activities;RS;REPUBLIC OF SERBIA;407582;RSD;RSD;SORS;Average gross earnings;A;Normal value
2403040402IND02;00;2024;62;Computer programming, consultancy and related activities;RS;REPUBLIC OF SERBIA;390475;RSD;RSD;SORS;Average gross earnings;A;Normal value
2403040402IND02;00;2023;62;Computer programming, consultancy and related activities;RS;REPUBLIC OF SERBIA;358941;RSD;RSD;SORS;Average gross earnings;A;Normal value
2403040402IND02;00;2022;62;Computer programming, consultancy and related activities;RS;REPUBLIC OF SERBIA;335483;RSD;RSD;SORS;Average gross earnings;A;Normal value
2403040402IND02;00;2021;62;Computer programming, consultancy and related activities;RS;REPUBLIC OF SERBIA;258655;RSD;RSD;SORS;Average gross earnings;A;Normal value
2403040402IND02;00;2020;62;Computer programming, consultancy and related activities;RS;REPUBLIC OF SERBIA;215996;RSD;RSD;SORS;Average gross earnings;A;Normal value
2403040402IND02;00;2019;62;Computer programming, consultancy and related activities;RS;REPUBLIC OF SERBIA;173823;RSD;RSD;SORS;Average gross earnings;A;Normal value
2403040402IND02;00;2018;62;Computer programming, consultancy and related activities;RS;REPUBLIC OF SERBIA;151387;RSD;RSD;SORS;Average gross earnings;A;Normal value
2403040402IND02;00;2018;63;Information service activities;RS;REPUBLIC OF SERBIA;96242;RSD;RSD;SORS;Average gross earnings;A;Normal value
2403040402IND02;00;2019;63;Information service activities;RS;REPUBLIC OF SERBIA;105462;RSD;RSD;SORS;Average gross earnings;A;Normal value
2403040402IND02;00;2020;63;Information service activities;RS;REPUBLIC OF SERBIA;114710;RSD;RSD;SORS;Average gross earnings;A;Normal value
2403040402IND02;00;2021;63;Information service activities;RS;REPUBLIC OF SERBIA;123030;RSD;RSD;SORS;Average gross earnings;A;Normal value
2403040402IND02;00;2022;63;Information service activities;RS;REPUBLIC OF SERBIA;140410;RSD;RSD;SORS;Average gross earnings;A;Normal value
2403040402IND02;00;2023;63;Information service activities;RS;REPUBLIC OF SERBIA;154454;RSD;RSD;SORS;Average gross earnings;A;Normal value
2403040402IND02;00;2024;63;Information service activities;RS;REPUBLIC OF SERBIA;175776;RSD;RSD;SORS;Average gross earnings;A;Normal value
2403040402IND02;00;2025;63;Information service activities;RS;REPUBLIC OF SERBIA;194569;RSD;RSD;SORS;Average gross earnings;A;Normal value
2403040402IND02;00;2025;64;Financial service activities, except insurance and pension funding;RS;REPUBLIC OF SERBIA;250846;RSD;RSD;SORS;Average gross earnings;A;Normal value
2403040402IND02;00;2024;64;Financial service activities, except insurance and pension funding;RS;REPUBLIC OF SERBIA;224556;RSD;RSD;SORS;Average gross earnings;A;Normal value
2403040402IND02;00;2023;64;Financial service activities, except insurance and pension funding;RS;REPUBLIC OF SERBIA;199470;RSD;RSD;SORS;Average gross earnings;A;Normal value
2403040402IND02;00;2022;64;Financial service activities, except insurance and pension funding;RS;REPUBLIC OF SERBIA;179128;RSD;RSD;SORS;Average gross earnings;A;Normal value
2403040402IND02;00;2021;64;Financial service activities, except insurance and pension funding;RS;REPUBLIC OF SERBIA;167062;RSD;RSD;SORS;Average gross earnings;A;Normal value
2403040402IND02;00;2020;64;Financial service activities, except insurance and pension funding;RS;REPUBLIC OF SERBIA;155349;RSD;RSD;SORS;Average gross earnings;A;Normal value
2403040402IND02;00;2019;64;Financial service activities, except insurance and pension funding;RS;REPUBLIC OF SERBIA;149767;RSD;RSD;SORS;Average gross earnings;A;Normal value
2403040402IND02;00;2018;64;Financial service activities, except insurance and pension funding;RS;REPUBLIC OF SERBIA;141136;RSD;RSD;SORS;Average gross earnings;A;Normal value
2403040402IND02;00;2018;65;Insurance, reinsurance and pension funding, except compulsory social security;RS;REPUBLIC OF SERBIA;117130;RSD;RSD;SORS;Average gross earnings;A;Normal value
2403040402IND02;00;2019;65;Insurance, reinsurance and pension funding, except compulsory social security;RS;REPUBLIC OF SERBIA;124275;RSD;RSD;SORS;Average gross earnings;A;Normal value
2403040402IND02;00;2020;65;Insurance, reinsurance and pension funding, except compulsory social security;RS;REPUBLIC OF SERBIA;132506;RSD;RSD;SORS;Average gross earnings;A;Normal value
2403040402IND02;00;2021;65;Insurance, reinsurance and pension funding, except compulsory social security;RS;REPUBLIC OF SERBIA;139350;RSD;RSD;SORS;Average gross earnings;A;Normal value
2403040402IND02;00;2022;65;Insurance, reinsurance and pension funding, except compulsory social security;RS;REPUBLIC OF SERBIA;147928;RSD;RSD;SORS;Average gross earnings;A;Normal value
2403040402IND02;00;2023;65;Insurance, reinsurance and pension funding, except compulsory social security;RS;REPUBLIC OF SERBIA;162822;RSD;RSD;SORS;Average gross earnings;A;Normal value
2403040402IND02;00;2024;65;Insurance, reinsurance and pension funding, except compulsory social security;RS;REPUBLIC OF SERBIA;183963;RSD;RSD;SORS;Average gross earnings;A;Normal value
2403040402IND02;00;2025;65;Insurance, reinsurance and pension funding, except compulsory social security;RS;REPUBLIC OF SERBIA;206052;RSD;RSD;SORS;Average gross earnings;A;Normal value
2403040402IND02;00;2025;66;Activities auxiliary to financial services and insurance activities;RS;REPUBLIC OF SERBIA;126236;RSD;RSD;SORS;Average gross earnings;A;Normal value
2403040402IND02;00;2024;66;Activities auxiliary to financial services and insurance activities;RS;REPUBLIC OF SERBIA;110422;RSD;RSD;SORS;Average gross earnings;A;Normal value
2403040402IND02;00;2023;66;Activities auxiliary to financial services and insurance activities;RS;REPUBLIC OF SERBIA;95009;RSD;RSD;SORS;Average gross earnings;A;Normal value
2403040402IND02;00;2022;66;Activities auxiliary to financial services and insurance activities;RS;REPUBLIC OF SERBIA;85228;RSD;RSD;SORS;Average gross earnings;A;Normal value
2403040402IND02;00;2021;66;Activities auxiliary to financial services and insurance activities;RS;REPUBLIC OF SERBIA;74927;RSD;RSD;SORS;Average gross earnings;A;Normal value
2403040402IND02;00;2020;66;Activities auxiliary to financial services and insurance activities;RS;REPUBLIC OF SERBIA;69407;RSD;RSD;SORS;Average gross earnings;A;Normal value
2403040402IND02;00;2019;66;Activities auxiliary to financial services and insurance activities;RS;REPUBLIC OF SERBIA;68173;RSD;RSD;SORS;Average gross earnings;A;Normal value
2403040402IND02;00;2018;66;Activities auxiliary to financial services and insurance activities;RS;REPUBLIC OF SERBIA;56181;RSD;RSD;SORS;Average gross earnings;A;Normal value
2403040402IND02;00;2018;68;Real estate activities;RS;REPUBLIC OF SERBIA;69411;RSD;RSD;SORS;Average gross earnings;A;Normal value
2403040402IND02;00;2019;68;Real estate activities;RS;REPUBLIC OF SERBIA;75466;RSD;RSD;SORS;Average gross earnings;A;Normal value
2403040402IND02;00;2020;68;Real estate activities;RS;REPUBLIC OF SERBIA;80534;RSD;RSD;SORS;Average gross earnings;A;Normal value
2403040402IND02;00;2021;68;Real estate activities;RS;REPUBLIC OF SERBIA;86768;RSD;RSD;SORS;Average gross earnings;A;Normal value
2403040402IND02;00;2022;68;Real estate activities;RS;REPUBLIC OF SERBIA;96640;RSD;RSD;SORS;Average gross earnings;A;Normal value
2403040402IND02;00;2023;68;Real estate activities;RS;REPUBLIC OF SERBIA;110833;RSD;RSD;SORS;Average gross earnings;A;Normal value
2403040402IND02;00;2024;68;Real estate activities;RS;REPUBLIC OF SERBIA;125336;RSD;RSD;SORS;Average gross earnings;A;Normal value
2403040402IND02;00;2025;68;Real estate activities;RS;REPUBLIC OF SERBIA;140797;RSD;RSD;SORS;Average gross earnings;A;Normal value
2403040402IND02;00;2025;69;Legal and accounting activities;RS;REPUBLIC OF SERBIA;151146;RSD;RSD;SORS;Average gross earnings;A;Normal value
2403040402IND02;00;2024;69;Legal and accounting activities;RS;REPUBLIC OF SERBIA;135239;RSD;RSD;SORS;Average gross earnings;A;Normal value
2403040402IND02;00;2023;69;Legal and accounting activities;RS;REPUBLIC OF SERBIA;119776;RSD;RSD;SORS;Average gross earnings;A;Normal value
2403040402IND02;00;2022;69;Legal and accounting activities;RS;REPUBLIC OF SERBIA;104773;RSD;RSD;SORS;Average gross earnings;A;Normal value
2403040402IND02;00;2021;69;Legal and accounting activities;RS;REPUBLIC OF SERBIA;86642;RSD;RSD;SORS;Average gross earnings;A;Normal value
2403040402IND02;00;2020;69;Legal and accounting activities;RS;REPUBLIC OF SERBIA;77666;RSD;RSD;SORS;Average gross earnings;A;Normal value
2403040402IND02;00;2019;69;Legal and accounting activities;RS;REPUBLIC OF SERBIA;69416;RSD;RSD;SORS;Average gross earnings;A;Normal value
2403040402IND02;00;2018;69;Legal and accounting activities;RS;REPUBLIC OF SERBIA;60721;RSD;RSD;SORS;Average gross earnings;A;Normal value
2403040402IND02;00;2018;70;"Activities of head offices; management consultancy activities";RS;REPUBLIC OF SERBIA;97119;RSD;RSD;SORS;Average gross earnings;A;Normal value
2403040402IND02;00;2019;70;"Activities of head offices; management consultancy activities";RS;REPUBLIC OF SERBIA;115183;RSD;RSD;SORS;Average gross earnings;A;Normal value
2403040402IND02;00;2020;70;"Activities of head offices; management consultancy activities";RS;REPUBLIC OF SERBIA;133161;RSD;RSD;SORS;Average gross earnings;A;Normal value
2403040402IND02;00;2021;70;"Activities of head offices; management consultancy activities";RS;REPUBLIC OF SERBIA;152105;RSD;RSD;SORS;Average gross earnings;A;Normal value
2403040402IND02;00;2022;70;"Activities of head offices; management consultancy activities";RS;REPUBLIC OF SERBIA;180822;RSD;RSD;SORS;Average gross earnings;A;Normal value
2403040402IND02;00;2023;70;"Activities of head offices; management consultancy activities";RS;REPUBLIC OF SERBIA;209224;RSD;RSD;SORS;Average gross earnings;A;Normal value
2403040402IND02;00;2024;70;"Activities of head offices; management consultancy activities";RS;REPUBLIC OF SERBIA;228937;RSD;RSD;SORS;Average gross earnings;A;Normal value
2403040402IND02;00;2025;70;"Activities of head offices; management consultancy activities";RS;REPUBLIC OF SERBIA;244247;RSD;RSD;SORS;Average gross earnings;A;Normal value
2403040402IND02;00;2025;71;"Architectural and engineering activities; technical testing and analysis";RS;REPUBLIC OF SERBIA;165890;RSD;RSD;SORS;Average gross earnings;A;Normal value
2403040402IND02;00;2024;71;"Architectural and engineering activities; technical testing and analysis";RS;REPUBLIC OF SERBIA;142216;RSD;RSD;SORS;Average gross earnings;A;Normal value
2403040402IND02;00;2023;71;"Architectural and engineering activities; technical testing and analysis";RS;REPUBLIC OF SERBIA;127844;RSD;RSD;SORS;Average gross earnings;A;Normal value
2403040402IND02;00;2022;71;"Architectural and engineering activities; technical testing and analysis";RS;REPUBLIC OF SERBIA;113558;RSD;RSD;SORS;Average gross earnings;A;Normal value
2403040402IND02;00;2021;71;"Architectural and engineering activities; technical testing and analysis";RS;REPUBLIC OF SERBIA;100551;RSD;RSD;SORS;Average gross earnings;A;Normal value
2403040402IND02;00;2020;71;"Architectural and engineering activities; technical testing and analysis";RS;REPUBLIC OF SERBIA;91733;RSD;RSD;SORS;Average gross earnings;A;Normal value
2403040402IND02;00;2019;71;"Architectural and engineering activities; technical testing and analysis";RS;REPUBLIC OF SERBIA;86604;RSD;RSD;SORS;Average gross earnings;A;Normal value
2403040402IND02;00;2018;71;"Architectural and engineering activities; technical testing and analysis";RS;REPUBLIC OF SERBIA;77278;RSD;RSD;SORS;Average gross earnings;A;Normal value
2403040402IND02;00;2018;72;Scientific research and development;RS;REPUBLIC OF SERBIA;126031;RSD;RSD;SORS;Average gross earnings;A;Normal value
2403040402IND02;00;2019;72;Scientific research and development;RS;REPUBLIC OF SERBIA;144464;RSD;RSD;SORS;Average gross earnings;A;Normal value
2403040402IND02;00;2020;72;Scientific research and development;RS;REPUBLIC OF SERBIA;165903;RSD;RSD;SORS;Average gross earnings;A;Normal value
2403040402IND02;00;2021;72;Scientific research and development;RS;REPUBLIC OF SERBIA;188421;RSD;RSD;SORS;Average gross earnings;A;Normal value
2403040402IND02;00;2022;72;Scientific research and development;RS;REPUBLIC OF SERBIA;217575;RSD;RSD;SORS;Average gross earnings;A;Normal value
2403040402IND02;00;2023;72;Scientific research and development;RS;REPUBLIC OF SERBIA;248901;RSD;RSD;SORS;Average gross earnings;A;Normal value
2403040402IND02;00;2024;72;Scientific research and development;RS;REPUBLIC OF SERBIA;275292;RSD;RSD;SORS;Average gross earnings;A;Normal value
2403040402IND02;00;2025;72;Scientific research and development;RS;REPUBLIC OF SERBIA;296327;RSD;RSD;SORS;Average gross earnings;A;Normal value
2403040402IND02;00;2025;73;Advertising and market research;RS;REPUBLIC OF SERBIA;181485;RSD;RSD;SORS;Average gross earnings;A;Normal value
2403040402IND02;00;2024;73;Advertising and market research;RS;REPUBLIC OF SERBIA;166038;RSD;RSD;SORS;Average gross earnings;A;Normal value
2403040402IND02;00;2023;73;Advertising and market research;RS;REPUBLIC OF SERBIA;150695;RSD;RSD;SORS;Average gross earnings;A;Normal value
2403040402IND02;00;2022;73;Advertising and market research;RS;REPUBLIC OF SERBIA;135984;RSD;RSD;SORS;Average gross earnings;A;Normal value
2403040402IND02;00;2021;73;Advertising and market research;RS;REPUBLIC OF SERBIA;121742;RSD;RSD;SORS;Average gross earnings;A;Normal value
2403040402IND02;00;2020;73;Advertising and market research;RS;REPUBLIC OF SERBIA;107659;RSD;RSD;SORS;Average gross earnings;A;Normal value
2403040402IND02;00;2019;73;Advertising and market research;RS;REPUBLIC OF SERBIA;103119;RSD;RSD;SORS;Average gross earnings;A;Normal value
2403040402IND02;00;2018;73;Advertising and market research;RS;REPUBLIC OF SERBIA;99138;RSD;RSD;SORS;Average gross earnings;A;Normal value
2403040402IND02;00;2018;74;Other professional, scientific and technical activities;RS;REPUBLIC OF SERBIA;50283;RSD;RSD;SORS;Average gross earnings;A;Normal value
2403040402IND02;00;2019;74;Other professional, scientific and technical activities;RS;REPUBLIC OF SERBIA;52229;RSD;RSD;SORS;Average gross earnings;A;Normal value
2403040402IND02;00;2020;74;Other professional, scientific and technical activities;RS;REPUBLIC OF SERBIA;72284;RSD;RSD;SORS;Average gross earnings;A;Normal value
2403040402IND02;00;2021;74;Other professional, scientific and technical activities;RS;REPUBLIC OF SERBIA;86584;RSD;RSD;SORS;Average gross earnings;A;Normal value
2403040402IND02;00;2022;74;Other professional, scientific and technical activities;RS;REPUBLIC OF SERBIA;109045;RSD;RSD;SORS;Average gross earnings;A;Normal value
2403040402IND02;00;2023;74;Other professional, scientific and technical activities;RS;REPUBLIC OF SERBIA;118415;RSD;RSD;SORS;Average gross earnings;A;Normal value
2403040402IND02;00;2024;74;Other professional, scientific and technical activities;RS;REPUBLIC OF SERBIA;128298;RSD;RSD;SORS;Average gross earnings;A;Normal value
2403040402IND02;00;2025;74;Other professional, scientific and technical activities;RS;REPUBLIC OF SERBIA;143381;RSD;RSD;SORS;Average gross earnings;A;Normal value
2403040402IND02;00;2025;75;Veterinary activities;RS;REPUBLIC OF SERBIA;108197;RSD;RSD;SORS;Average gross earnings;A;Normal value
2403040402IND02;00;2024;75;Veterinary activities;RS;REPUBLIC OF SERBIA;95674;RSD;RSD;SORS;Average gross earnings;A;Normal value
2403040402IND02;00;2023;75;Veterinary activities;RS;REPUBLIC OF SERBIA;83559;RSD;RSD;SORS;Average gross earnings;A;Normal value
2403040402IND02;00;2022;75;Veterinary activities;RS;REPUBLIC OF SERBIA;73831;RSD;RSD;SORS;Average gross earnings;A;Normal value
2403040402IND02;00;2021;75;Veterinary activities;RS;REPUBLIC OF SERBIA;67372;RSD;RSD;SORS;Average gross earnings;A;Normal value
2403040402IND02;00;2020;75;Veterinary activities;RS;REPUBLIC OF SERBIA;63904;RSD;RSD;SORS;Average gross earnings;A;Normal value
2403040402IND02;00;2019;75;Veterinary activities;RS;REPUBLIC OF SERBIA;57835;RSD;RSD;SORS;Average gross earnings;A;Normal value
2403040402IND02;00;2018;75;Veterinary activities;RS;REPUBLIC OF SERBIA;53193;RSD;RSD;SORS;Average gross earnings;A;Normal value
2403040402IND02;00;2018;77;Rental and leasing activities;RS;REPUBLIC OF SERBIA;72231;RSD;RSD;SORS;Average gross earnings;A;Normal value
2403040402IND02;00;2019;77;Rental and leasing activities;RS;REPUBLIC OF SERBIA;81321;RSD;RSD;SORS;Average gross earnings;A;Normal value
2403040402IND02;00;2020;77;Rental and leasing activities;RS;REPUBLIC OF SERBIA;87998;RSD;RSD;SORS;Average gross earnings;A;Normal value
2403040402IND02;00;2021;77;Rental and leasing activities;RS;REPUBLIC OF SERBIA;92856;RSD;RSD;SORS;Average gross earnings;A;Normal value
2403040402IND02;00;2022;77;Rental and leasing activities;RS;REPUBLIC OF SERBIA;101854;RSD;RSD;SORS;Average gross earnings;A;Normal value
2403040402IND02;00;2023;77;Rental and leasing activities;RS;REPUBLIC OF SERBIA;112801;RSD;RSD;SORS;Average gross earnings;A;Normal value
2403040402IND02;00;2024;77;Rental and leasing activities;RS;REPUBLIC OF SERBIA;125386;RSD;RSD;SORS;Average gross earnings;A;Normal value
2403040402IND02;00;2025;77;Rental and leasing activities;RS;REPUBLIC OF SERBIA;141873;RSD;RSD;SORS;Average gross earnings;A;Normal value
2403040402IND02;00;2025;78;Employment activities;RS;REPUBLIC OF SERBIA;145413;RSD;RSD;SORS;Average gross earnings;A;Normal value
2403040402IND02;00;2024;78;Employment activities;RS;REPUBLIC OF SERBIA;126732;RSD;RSD;SORS;Average gross earnings;A;Normal value
2403040402IND02;00;2023;78;Employment activities;RS;REPUBLIC OF SERBIA;113568;RSD;RSD;SORS;Average gross earnings;A;Normal value
2403040402IND02;00;2022;78;Employment activities;RS;REPUBLIC OF SERBIA;102187;RSD;RSD;SORS;Average gross earnings;A;Normal value
2403040402IND02;00;2021;78;Employment activities;RS;REPUBLIC OF SERBIA;90134;RSD;RSD;SORS;Average gross earnings;A;Normal value
2403040402IND02;00;2020;78;Employment activities;RS;REPUBLIC OF SERBIA;78813;RSD;RSD;SORS;Average gross earnings;A;Normal value
2403040402IND02;00;2019;78;Employment activities;RS;REPUBLIC OF SERBIA;67729;RSD;RSD;SORS;Average gross earnings;A;Normal value
2403040402IND02;00;2018;78;Employment activities;RS;REPUBLIC OF SERBIA;61107;RSD;RSD;SORS;Average gross earnings;A;Normal value
2403040402IND02;00;2018;79;Travel agency, tour operator and other reservation service and related activities;RS;REPUBLIC OF SERBIA;47959;RSD;RSD;SORS;Average gross earnings;A;Normal value
2403040402IND02;00;2019;79;Travel agency, tour operator and other reservation service and related activities;RS;REPUBLIC OF SERBIA;53560;RSD;RSD;SORS;Average gross earnings;A;Normal value
2403040402IND02;00;2020;79;Travel agency, tour operator and other reservation service and related activities;RS;REPUBLIC OF SERBIA;49874;RSD;RSD;SORS;Average gross earnings;A;Normal value
2403040402IND02;00;2021;79;Travel agency, tour operator and other reservation service and related activities;RS;REPUBLIC OF SERBIA;54062;RSD;RSD;SORS;Average gross earnings;A;Normal value
2403040402IND02;00;2022;79;Travel agency, tour operator and other reservation service and related activities;RS;REPUBLIC OF SERBIA;65046;RSD;RSD;SORS;Average gross earnings;A;Normal value
2403040402IND02;00;2023;79;Travel agency, tour operator and other reservation service and related activities;RS;REPUBLIC OF SERBIA;76739;RSD;RSD;SORS;Average gross earnings;A;Normal value
2403040402IND02;00;2024;79;Travel agency, tour operator and other reservation service and related activities;RS;REPUBLIC OF SERBIA;92272;RSD;RSD;SORS;Average gross earnings;A;Normal value
2403040402IND02;00;2025;79;Travel agency, tour operator and other reservation service and related activities;RS;REPUBLIC OF SERBIA;107817;RSD;RSD;SORS;Average gross earnings;A;Normal value
2403040402IND02;00;2025;80;Security and investigation activities;RS;REPUBLIC OF SERBIA;109141;RSD;RSD;SORS;Average gross earnings;A;Normal value
2403040402IND02;00;2024;80;Security and investigation activities;RS;REPUBLIC OF SERBIA;90869;RSD;RSD;SORS;Average gross earnings;A;Normal value
2403040402IND02;00;2023;80;Security and investigation activities;RS;REPUBLIC OF SERBIA;79942;RSD;RSD;SORS;Average gross earnings;A;Normal value
2403040402IND02;00;2022;80;Security and investigation activities;RS;REPUBLIC OF SERBIA;71105;RSD;RSD;SORS;Average gross earnings;A;Normal value
2403040402IND02;00;2021;80;Security and investigation activities;RS;REPUBLIC OF SERBIA;64062;RSD;RSD;SORS;Average gross earnings;A;Normal value
2403040402IND02;00;2020;80;Security and investigation activities;RS;REPUBLIC OF SERBIA;59826;RSD;RSD;SORS;Average gross earnings;A;Normal value
2403040402IND02;00;2019;80;Security and investigation activities;RS;REPUBLIC OF SERBIA;52848;RSD;RSD;SORS;Average gross earnings;A;Normal value
2403040402IND02;00;2018;80;Security and investigation activities;RS;REPUBLIC OF SERBIA;47914;RSD;RSD;SORS;Average gross earnings;A;Normal value
2403040402IND02;00;2018;81;Services to buildings and landscape activities;RS;REPUBLIC OF SERBIA;48098;RSD;RSD;SORS;Average gross earnings;A;Normal value
2403040402IND02;00;2019;81;Services to buildings and landscape activities;RS;REPUBLIC OF SERBIA;51784;RSD;RSD;SORS;Average gross earnings;A;Normal value
2403040402IND02;00;2020;81;Services to buildings and landscape activities;RS;REPUBLIC OF SERBIA;57648;RSD;RSD;SORS;Average gross earnings;A;Normal value
2403040402IND02;00;2021;81;Services to buildings and landscape activities;RS;REPUBLIC OF SERBIA;62893;RSD;RSD;SORS;Average gross earnings;A;Normal value
2403040402IND02;00;2022;81;Services to buildings and landscape activities;RS;REPUBLIC OF SERBIA;68983;RSD;RSD;SORS;Average gross earnings;A;Normal value
2403040402IND02;00;2023;81;Services to buildings and landscape activities;RS;REPUBLIC OF SERBIA;79848;RSD;RSD;SORS;Average gross earnings;A;Normal value
2403040402IND02;00;2024;81;Services to buildings and landscape activities;RS;REPUBLIC OF SERBIA;93054;RSD;RSD;SORS;Average gross earnings;A;Normal value
2403040402IND02;00;2025;81;Services to buildings and landscape activities;RS;REPUBLIC OF SERBIA;107019;RSD;RSD;SORS;Average gross earnings;A;Normal value
2403040402IND02;00;2025;82;Office administrative, office support and other business support activities;RS;REPUBLIC OF SERBIA;191875;RSD;RSD;SORS;Average gross earnings;A;Normal value
2403040402IND02;00;2024;82;Office administrative, office support and other business support activities;RS;REPUBLIC OF SERBIA;175321;RSD;RSD;SORS;Average gross earnings;A;Normal value
2403040402IND02;00;2023;82;Office administrative, office support and other business support activities;RS;REPUBLIC OF SERBIA;149097;RSD;RSD;SORS;Average gross earnings;A;Normal value
2403040402IND02;00;2022;82;Office administrative, office support and other business support activities;RS;REPUBLIC OF SERBIA;132013;RSD;RSD;SORS;Average gross earnings;A;Normal value
2403040402IND02;00;2021;82;Office administrative, office support and other business support activities;RS;REPUBLIC OF SERBIA;115428;RSD;RSD;SORS;Average gross earnings;A;Normal value
2403040402IND02;00;2020;82;Office administrative, office support and other business support activities;RS;REPUBLIC OF SERBIA;105049;RSD;RSD;SORS;Average gross earnings;A;Normal value
2403040402IND02;00;2019;82;Office administrative, office support and other business support activities;RS;REPUBLIC OF SERBIA;95825;RSD;RSD;SORS;Average gross earnings;A;Normal value
2403040402IND02;00;2018;82;Office administrative, office support and other business support activities;RS;REPUBLIC OF SERBIA;84122;RSD;RSD;SORS;Average gross earnings;A;Normal value
2403040402IND02;00;2018;84;"Public administration and defence; compulsory social security";RS;REPUBLIC OF SERBIA;80946;RSD;RSD;SORS;Average gross earnings;A;Normal value
2403040402IND02;00;2019;84;"Public administration and defence; compulsory social security";RS;REPUBLIC OF SERBIA;90164;RSD;RSD;SORS;Average gross earnings;A;Normal value
2403040402IND02;00;2020;84;"Public administration and defence; compulsory social security";RS;REPUBLIC OF SERBIA;97527;RSD;RSD;SORS;Average gross earnings;A;Normal value
2403040402IND02;00;2021;84;"Public administration and defence; compulsory social security";RS;REPUBLIC OF SERBIA;104348;RSD;RSD;SORS;Average gross earnings;A;Normal value
2403040402IND02;00;2022;84;"Public administration and defence; compulsory social security";RS;REPUBLIC OF SERBIA;113443;RSD;RSD;SORS;Average gross earnings;A;Normal value
2403040402IND02;00;2023;84;"Public administration and defence; compulsory social security";RS;REPUBLIC OF SERBIA;130878;RSD;RSD;SORS;Average gross earnings;A;Normal value
2403040402IND02;00;2024;84;"Public administration and defence; compulsory social security";RS;REPUBLIC OF SERBIA;147789;RSD;RSD;SORS;Average gross earnings;A;Normal value
2403040402IND02;00;2025;84;"Public administration and defence; compulsory social security";RS;REPUBLIC OF SERBIA;164556;RSD;RSD;SORS;Average gross earnings;A;Normal value
2403040402IND02;00;2025;85;Education;RS;REPUBLIC OF SERBIA;143363;RSD;RSD;SORS;Average gross earnings;A;Normal value
2403040402IND02;00;2024;85;Education;RS;REPUBLIC OF SERBIA;125430;RSD;RSD;SORS;Average gross earnings;A;Normal value
2403040402IND02;00;2023;85;Education;RS;REPUBLIC OF SERBIA;107775;RSD;RSD;SORS;Average gross earnings;A;Normal value
2403040402IND02;00;2022;85;Education;RS;REPUBLIC OF SERBIA;94521;RSD;RSD;SORS;Average gross earnings;A;Normal value
2403040402IND02;00;2021;85;Education;RS;REPUBLIC OF SERBIA;87982;RSD;RSD;SORS;Average gross earnings;A;Normal value
2403040402IND02;00;2020;85;Education;RS;REPUBLIC OF SERBIA;84169;RSD;RSD;SORS;Average gross earnings;A;Normal value
2403040402IND02;00;2019;85;Education;RS;REPUBLIC OF SERBIA;78563;RSD;RSD;SORS;Average gross earnings;A;Normal value
2403040402IND02;00;2018;85;Education;RS;REPUBLIC OF SERBIA;71935;RSD;RSD;SORS;Average gross earnings;A;Normal value
2403040402IND02;00;2018;86;Human health activities;RS;REPUBLIC OF SERBIA;72095;RSD;RSD;SORS;Average gross earnings;A;Normal value
2403040402IND02;00;2019;86;Human health activities;RS;REPUBLIC OF SERBIA;80983;RSD;RSD;SORS;Average gross earnings;A;Normal value
2403040402IND02;00;2020;86;Human health activities;RS;REPUBLIC OF SERBIA;96641;RSD;RSD;SORS;Average gross earnings;A;Normal value
2403040402IND02;00;2021;86;Human health activities;RS;REPUBLIC OF SERBIA;109335;RSD;RSD;SORS;Average gross earnings;A;Normal value
2403040402IND02;00;2022;86;Human health activities;RS;REPUBLIC OF SERBIA;115532;RSD;RSD;SORS;Average gross earnings;A;Normal value
2403040402IND02;00;2023;86;Human health activities;RS;REPUBLIC OF SERBIA;128193;RSD;RSD;SORS;Average gross earnings;A;Normal value
2403040402IND02;00;2024;86;Human health activities;RS;REPUBLIC OF SERBIA;145577;RSD;RSD;SORS;Average gross earnings;A;Normal value
2403040402IND02;00;2025;86;Human health activities;RS;REPUBLIC OF SERBIA;160281;RSD;RSD;SORS;Average gross earnings;A;Normal value
2403040402IND02;00;2025;87;Residential care activities;RS;REPUBLIC OF SERBIA;108812;RSD;RSD;SORS;Average gross earnings;A;Normal value
2403040402IND02;00;2024;87;Residential care activities;RS;REPUBLIC OF SERBIA;96477;RSD;RSD;SORS;Average gross earnings;A;Normal value
2403040402IND02;00;2023;87;Residential care activities;RS;REPUBLIC OF SERBIA;84246;RSD;RSD;SORS;Average gross earnings;A;Normal value
2403040402IND02;00;2022;87;Residential care activities;RS;REPUBLIC OF SERBIA;74204;RSD;RSD;SORS;Average gross earnings;A;Normal value
2403040402IND02;00;2021;87;Residential care activities;RS;REPUBLIC OF SERBIA;68395;RSD;RSD;SORS;Average gross earnings;A;Normal value
2403040402IND02;00;2020;87;Residential care activities;RS;REPUBLIC OF SERBIA;63362;RSD;RSD;SORS;Average gross earnings;A;Normal value
2403040402IND02;00;2019;87;Residential care activities;RS;REPUBLIC OF SERBIA;54974;RSD;RSD;SORS;Average gross earnings;A;Normal value
2403040402IND02;00;2018;87;Residential care activities;RS;REPUBLIC OF SERBIA;51177;RSD;RSD;SORS;Average gross earnings;A;Normal value
2403040402IND02;00;2018;88;Social work activities without accommodation;RS;REPUBLIC OF SERBIA;58358;RSD;RSD;SORS;Average gross earnings;A;Normal value
2403040402IND02;00;2019;88;Social work activities without accommodation;RS;REPUBLIC OF SERBIA;64064;RSD;RSD;SORS;Average gross earnings;A;Normal value
2403040402IND02;00;2020;88;Social work activities without accommodation;RS;REPUBLIC OF SERBIA;69594;RSD;RSD;SORS;Average gross earnings;A;Normal value
2403040402IND02;00;2021;88;Social work activities without accommodation;RS;REPUBLIC OF SERBIA;72788;RSD;RSD;SORS;Average gross earnings;A;Normal value
2403040402IND02;00;2022;88;Social work activities without accommodation;RS;REPUBLIC OF SERBIA;78405;RSD;RSD;SORS;Average gross earnings;A;Normal value
2403040402IND02;00;2023;88;Social work activities without accommodation;RS;REPUBLIC OF SERBIA;90403;RSD;RSD;SORS;Average gross earnings;A;Normal value
2403040402IND02;00;2024;88;Social work activities without accommodation;RS;REPUBLIC OF SERBIA;104752;RSD;RSD;SORS;Average gross earnings;A;Normal value
2403040402IND02;00;2025;88;Social work activities without accommodation;RS;REPUBLIC OF SERBIA;120150;RSD;RSD;SORS;Average gross earnings;A;Normal value
2403040402IND02;00;2025;90;Creative, arts and entertainment activities;RS;REPUBLIC OF SERBIA;116428;RSD;RSD;SORS;Average gross earnings;A;Normal value
2403040402IND02;00;2024;90;Creative, arts and entertainment activities;RS;REPUBLIC OF SERBIA;105387;RSD;RSD;SORS;Average gross earnings;A;Normal value
2403040402IND02;00;2023;90;Creative, arts and entertainment activities;RS;REPUBLIC OF SERBIA;94504;RSD;RSD;SORS;Average gross earnings;A;Normal value
2403040402IND02;00;2022;90;Creative, arts and entertainment activities;RS;REPUBLIC OF SERBIA;83900;RSD;RSD;SORS;Average gross earnings;A;Normal value
2403040402IND02;00;2021;90;Creative, arts and entertainment activities;RS;REPUBLIC OF SERBIA;76425;RSD;RSD;SORS;Average gross earnings;A;Normal value
2403040402IND02;00;2020;90;Creative, arts and entertainment activities;RS;REPUBLIC OF SERBIA;72110;RSD;RSD;SORS;Average gross earnings;A;Normal value
2403040402IND02;00;2019;90;Creative, arts and entertainment activities;RS;REPUBLIC OF SERBIA;67433;RSD;RSD;SORS;Average gross earnings;A;Normal value
2403040402IND02;00;2018;90;Creative, arts and entertainment activities;RS;REPUBLIC OF SERBIA;61521;RSD;RSD;SORS;Average gross earnings;A;Normal value
2403040402IND02;00;2018;91;Libraries, archives, museums and other cultural activities;RS;REPUBLIC OF SERBIA;62313;RSD;RSD;SORS;Average gross earnings;A;Normal value
2403040402IND02;00;2019;91;Libraries, archives, museums and other cultural activities;RS;REPUBLIC OF SERBIA;68817;RSD;RSD;SORS;Average gross earnings;A;Normal value
2403040402IND02;00;2020;91;Libraries, archives, museums and other cultural activities;RS;REPUBLIC OF SERBIA;74672;RSD;RSD;SORS;Average gross earnings;A;Normal value
2403040402IND02;00;2021;91;Libraries, archives, museums and other cultural activities;RS;REPUBLIC OF SERBIA;78795;RSD;RSD;SORS;Average gross earnings;A;Normal value
2403040402IND02;00;2022;91;Libraries, archives, museums and other cultural activities;RS;REPUBLIC OF SERBIA;85127;RSD;RSD;SORS;Average gross earnings;A;Normal value
2403040402IND02;00;2023;91;Libraries, archives, museums and other cultural activities;RS;REPUBLIC OF SERBIA;96010;RSD;RSD;SORS;Average gross earnings;A;Normal value
2403040402IND02;00;2024;91;Libraries, archives, museums and other cultural activities;RS;REPUBLIC OF SERBIA;107664;RSD;RSD;SORS;Average gross earnings;A;Normal value
2403040402IND02;00;2025;91;Libraries, archives, museums and other cultural activities;RS;REPUBLIC OF SERBIA;119533;RSD;RSD;SORS;Average gross earnings;A;Normal value
2403040402IND02;00;2025;92;Gambling and betting activities;RS;REPUBLIC OF SERBIA;143819;RSD;RSD;SORS;Average gross earnings;A;Normal value
2403040402IND02;00;2024;92;Gambling and betting activities;RS;REPUBLIC OF SERBIA;122989;RSD;RSD;SORS;Average gross earnings;A;Normal value
2403040402IND02;00;2023;92;Gambling and betting activities;RS;REPUBLIC OF SERBIA;106697;RSD;RSD;SORS;Average gross earnings;A;Normal value
2403040402IND02;00;2022;92;Gambling and betting activities;RS;REPUBLIC OF SERBIA;90104;RSD;RSD;SORS;Average gross earnings;A;Normal value
2403040402IND02;00;2021;92;Gambling and betting activities;RS;REPUBLIC OF SERBIA;74378;RSD;RSD;SORS;Average gross earnings;A;Normal value
2403040402IND02;00;2020;92;Gambling and betting activities;RS;REPUBLIC OF SERBIA;64308;RSD;RSD;SORS;Average gross earnings;A;Normal value
2403040402IND02;00;2019;92;Gambling and betting activities;RS;REPUBLIC OF SERBIA;62061;RSD;RSD;SORS;Average gross earnings;A;Normal value
2403040402IND02;00;2018;92;Gambling and betting activities;RS;REPUBLIC OF SERBIA;54626;RSD;RSD;SORS;Average gross earnings;A;Normal value
2403040402IND02;00;2018;93;Sports activities and amusement and recreation activities;RS;REPUBLIC OF SERBIA;52921;RSD;RSD;SORS;Average gross earnings;A;Normal value
2403040402IND02;00;2019;93;Sports activities and amusement and recreation activities;RS;REPUBLIC OF SERBIA;57260;RSD;RSD;SORS;Average gross earnings;A;Normal value
2403040402IND02;00;2020;93;Sports activities and amusement and recreation activities;RS;REPUBLIC OF SERBIA;61360;RSD;RSD;SORS;Average gross earnings;A;Normal value
2403040402IND02;00;2021;93;Sports activities and amusement and recreation activities;RS;REPUBLIC OF SERBIA;67096;RSD;RSD;SORS;Average gross earnings;A;Normal value
2403040402IND02;00;2022;93;Sports activities and amusement and recreation activities;RS;REPUBLIC OF SERBIA;75597;RSD;RSD;SORS;Average gross earnings;A;Normal value
2403040402IND02;00;2023;93;Sports activities and amusement and recreation activities;RS;REPUBLIC OF SERBIA;85122;RSD;RSD;SORS;Average gross earnings;A;Normal value
2403040402IND02;00;2024;93;Sports activities and amusement and recreation activities;RS;REPUBLIC OF SERBIA;98431;RSD;RSD;SORS;Average gross earnings;A;Normal value
2403040402IND02;00;2025;93;Sports activities and amusement and recreation activities;RS;REPUBLIC OF SERBIA;111202;RSD;RSD;SORS;Average gross earnings;A;Normal value
2403040402IND02;00;2025;94;Activities of membership organisations;RS;REPUBLIC OF SERBIA;139457;RSD;RSD;SORS;Average gross earnings;A;Normal value
2403040402IND02;00;2024;94;Activities of membership organisations;RS;REPUBLIC OF SERBIA;125688;RSD;RSD;SORS;Average gross earnings;A;Normal value
2403040402IND02;00;2023;94;Activities of membership organisations;RS;REPUBLIC OF SERBIA;111520;RSD;RSD;SORS;Average gross earnings;A;Normal value
2403040402IND02;00;2022;94;Activities of membership organisations;RS;REPUBLIC OF SERBIA;97791;RSD;RSD;SORS;Average gross earnings;A;Normal value
2403040402IND02;00;2021;94;Activities of membership organisations;RS;REPUBLIC OF SERBIA;88868;RSD;RSD;SORS;Average gross earnings;A;Normal value
2403040402IND02;00;2020;94;Activities of membership organisations;RS;REPUBLIC OF SERBIA;83134;RSD;RSD;SORS;Average gross earnings;A;Normal value
2403040402IND02;00;2019;94;Activities of membership organisations;RS;REPUBLIC OF SERBIA;77559;RSD;RSD;SORS;Average gross earnings;A;Normal value
2403040402IND02;00;2018;94;Activities of membership organisations;RS;REPUBLIC OF SERBIA;72093;RSD;RSD;SORS;Average gross earnings;A;Normal value
2403040402IND02;00;2018;95;Repair of computers and personal and household goods;RS;REPUBLIC OF SERBIA;42885;RSD;RSD;SORS;Average gross earnings;A;Normal value
2403040402IND02;00;2019;95;Repair of computers and personal and household goods;RS;REPUBLIC OF SERBIA;45561;RSD;RSD;SORS;Average gross earnings;A;Normal value
2403040402IND02;00;2020;95;Repair of computers and personal and household goods;RS;REPUBLIC OF SERBIA;52825;RSD;RSD;SORS;Average gross earnings;A;Normal value
2403040402IND02;00;2021;95;Repair of computers and personal and household goods;RS;REPUBLIC OF SERBIA;57583;RSD;RSD;SORS;Average gross earnings;A;Normal value
2403040402IND02;00;2022;95;Repair of computers and personal and household goods;RS;REPUBLIC OF SERBIA;66324;RSD;RSD;SORS;Average gross earnings;A;Normal value
2403040402IND02;00;2023;95;Repair of computers and personal and household goods;RS;REPUBLIC OF SERBIA;73727;RSD;RSD;SORS;Average gross earnings;A;Normal value
2403040402IND02;00;2024;95;Repair of computers and personal and household goods;RS;REPUBLIC OF SERBIA;84277;RSD;RSD;SORS;Average gross earnings;A;Normal value
2403040402IND02;00;2025;95;Repair of computers and personal and household goods;RS;REPUBLIC OF SERBIA;93469;RSD;RSD;SORS;Average gross earnings;A;Normal value
2403040402IND02;00;2025;96;Other personal service activities;RS;REPUBLIC OF SERBIA;85835;RSD;RSD;SORS;Average gross earnings;A;Normal value
2403040402IND02;00;2024;96;Other personal service activities;RS;REPUBLIC OF SERBIA;74771;RSD;RSD;SORS;Average gross earnings;A;Normal value
2403040402IND02;00;2023;96;Other personal service activities;RS;REPUBLIC OF SERBIA;65213;RSD;RSD;SORS;Average gross earnings;A;Normal value
2403040402IND02;00;2022;96;Other personal service activities;RS;REPUBLIC OF SERBIA;57781;RSD;RSD;SORS;Average gross earnings;A;Normal value
2403040402IND02;00;2021;96;Other personal service activities;RS;REPUBLIC OF SERBIA;52300;RSD;RSD;SORS;Average gross earnings;A;Normal value
2403040402IND02;00;2020;96;Other personal service activities;RS;REPUBLIC OF SERBIA;49139;RSD;RSD;SORS;Average gross earnings;A;Normal value
2403040402IND02;00;2019;96;Other personal service activities;RS;REPUBLIC OF SERBIA;44787;RSD;RSD;SORS;Average gross earnings;A;Normal value
2403040402IND02;00;2018;96;Other personal service activities;RS;REPUBLIC OF SERBIA;41762;RSD;RSD;SORS;Average gross earnings;A;Normal value
2403040402IND02;00;2018;A;A - Agriculture, forestry and fishing;RS;REPUBLIC OF SERBIA;59111;RSD;RSD;SORS;Average gross earnings;A;Normal value
2403040402IND02;00;2019;A;A - Agriculture, forestry and fishing;RS;REPUBLIC OF SERBIA;65380;RSD;RSD;SORS;Average gross earnings;A;Normal value
2403040402IND02;00;2020;A;A - Agriculture, forestry and fishing;RS;REPUBLIC OF SERBIA;72174;RSD;RSD;SORS;Average gross earnings;A;Normal value
2403040402IND02;00;2021;A;A - Agriculture, forestry and fishing;RS;REPUBLIC OF SERBIA;77107;RSD;RSD;SORS;Average gross earnings;A;Normal value
2403040402IND02;00;2022;A;A - Agriculture, forestry and fishing;RS;REPUBLIC OF SERBIA;85127;RSD;RSD;SORS;Average gross earnings;A;Normal value
2403040402IND02;00;2023;A;A - Agriculture, forestry and fishing;RS;REPUBLIC OF SERBIA;96159;RSD;RSD;SORS;Average gross earnings;A;Normal value
2403040402IND02;00;2024;A;A - Agriculture, forestry and fishing;RS;REPUBLIC OF SERBIA;107731;RSD;RSD;SORS;Average gross earnings;A;Normal value
2403040402IND02;00;2025;A;A - Agriculture, forestry and fishing;RS;REPUBLIC OF SERBIA;120117;RSD;RSD;SORS;Average gross earnings;A;Normal value
2403040402IND02;00;2025;B;B - Mining and quarrying;RS;REPUBLIC OF SERBIA;195407;RSD;RSD;SORS;Average gross earnings;A;Normal value
2403040402IND02;00;2024;B;B - Mining and quarrying;RS;REPUBLIC OF SERBIA;179551;RSD;RSD;SORS;Average gross earnings;A;Normal value
2403040402IND02;00;2023;B;B - Mining and quarrying;RS;REPUBLIC OF SERBIA;163050;RSD;RSD;SORS;Average gross earnings;A;Normal value
2403040402IND02;00;2022;B;B - Mining and quarrying;RS;REPUBLIC OF SERBIA;144269;RSD;RSD;SORS;Average gross earnings;A;Normal value
2403040402IND02;00;2021;B;B - Mining and quarrying;RS;REPUBLIC OF SERBIA;135475;RSD;RSD;SORS;Average gross earnings;A;Normal value
2403040402IND02;00;2020;B;B - Mining and quarrying;RS;REPUBLIC OF SERBIA;126362;RSD;RSD;SORS;Average gross earnings;A;Normal value
2403040402IND02;00;2019;B;B - Mining and quarrying;RS;REPUBLIC OF SERBIA;121870;RSD;RSD;SORS;Average gross earnings;A;Normal value
2403040402IND02;00;2018;B;B - Mining and quarrying;RS;REPUBLIC OF SERBIA;107378;RSD;RSD;SORS;Average gross earnings;A;Normal value
2403040402IND02;00;2018;C;C - Manufacturing;RS;REPUBLIC OF SERBIA;62490;RSD;RSD;SORS;Average gross earnings;A;Normal value
2403040402IND02;00;2019;C;C - Manufacturing;RS;REPUBLIC OF SERBIA;68188;RSD;RSD;SORS;Average gross earnings;A;Normal value
2403040402IND02;00;2020;C;C - Manufacturing;RS;REPUBLIC OF SERBIA;72788;RSD;RSD;SORS;Average gross earnings;A;Normal value
2403040402IND02;00;2021;C;C - Manufacturing;RS;REPUBLIC OF SERBIA;78854;RSD;RSD;SORS;Average gross earnings;A;Normal value
2403040402IND02;00;2022;C;C - Manufacturing;RS;REPUBLIC OF SERBIA;88994;RSD;RSD;SORS;Average gross earnings;A;Normal value
2403040402IND02;00;2023;C;C - Manufacturing;RS;REPUBLIC OF SERBIA;102638;RSD;RSD;SORS;Average gross earnings;A;Normal value
2403040402IND02;00;2024;C;C - Manufacturing;RS;REPUBLIC OF SERBIA;119147;RSD;RSD;SORS;Average gross earnings;A;Normal value
2403040402IND02;00;2025;C;C - Manufacturing;RS;REPUBLIC OF SERBIA;135630;RSD;RSD;SORS;Average gross earnings;A;Normal value
2403040402IND02;00;2025;D;D - Electricity, gas, steam and air conditioning supply;RS;REPUBLIC OF SERBIA;184837;RSD;RSD;SORS;Average gross earnings;A;Normal value
2403040402IND02;00;2024;D;D - Electricity, gas, steam and air conditioning supply;RS;REPUBLIC OF SERBIA;167460;RSD;RSD;SORS;Average gross earnings;A;Normal value
2403040402IND02;00;2023;D;D - Electricity, gas, steam and air conditioning supply;RS;REPUBLIC OF SERBIA;153451;RSD;RSD;SORS;Average gross earnings;A;Normal value
2403040402IND02;00;2022;D;D - Electricity, gas, steam and air conditioning supply;RS;REPUBLIC OF SERBIA;140673;RSD;RSD;SORS;Average gross earnings;A;Normal value
2403040402IND02;00;2021;D;D - Electricity, gas, steam and air conditioning supply;RS;REPUBLIC OF SERBIA;136112;RSD;RSD;SORS;Average gross earnings;A;Normal value
2403040402IND02;00;2020;D;D - Electricity, gas, steam and air conditioning supply;RS;REPUBLIC OF SERBIA;136680;RSD;RSD;SORS;Average gross earnings;A;Normal value
2403040402IND02;00;2019;D;D - Electricity, gas, steam and air conditioning supply;RS;REPUBLIC OF SERBIA;126206;RSD;RSD;SORS;Average gross earnings;A;Normal value
2403040402IND02;00;2018;D;D - Electricity, gas, steam and air conditioning supply;RS;REPUBLIC OF SERBIA;112862;RSD;RSD;SORS;Average gross earnings;A;Normal value
2403040402IND02;00;2018;E;"E - Water supply; sewerage, waste management and remediation activities";RS;REPUBLIC OF SERBIA;60539;RSD;RSD;SORS;Average gross earnings;A;Normal value
2403040402IND02;00;2019;E;"E - Water supply; sewerage, waste management and remediation activities";RS;REPUBLIC OF SERBIA;65333;RSD;RSD;SORS;Average gross earnings;A;Normal value
2403040402IND02;00;2020;E;"E - Water supply; sewerage, waste management and remediation activities";RS;REPUBLIC OF SERBIA;75388;RSD;RSD;SORS;Average gross earnings;A;Normal value
2403040402IND02;00;2021;E;"E - Water supply; sewerage, waste management and remediation activities";RS;REPUBLIC OF SERBIA;81511;RSD;RSD;SORS;Average gross earnings;A;Normal value
2403040402IND02;00;2022;E;"E - Water supply; sewerage, waste management and remediation activities";RS;REPUBLIC OF SERBIA;89539;RSD;RSD;SORS;Average gross earnings;A;Normal value
2403040402IND02;00;2023;E;"E - Water supply; sewerage, waste management and remediation activities";RS;REPUBLIC OF SERBIA;101760;RSD;RSD;SORS;Average gross earnings;A;Normal value
2403040402IND02;00;2024;E;"E - Water supply; sewerage, waste management and remediation activities";RS;REPUBLIC OF SERBIA;117154;RSD;RSD;SORS;Average gross earnings;A;Normal value
2403040402IND02;00;2025;E;"E - Water supply; sewerage, waste management and remediation activities";RS;REPUBLIC OF SERBIA;133311;RSD;RSD;SORS;Average gross earnings;A;Normal value
2403040402IND02;00;2025;F;F - Construction;RS;REPUBLIC OF SERBIA;129667;RSD;RSD;SORS;Average gross earnings;A;Normal value
2403040402IND02;00;2024;F;F - Construction;RS;REPUBLIC OF SERBIA;116569;RSD;RSD;SORS;Average gross earnings;A;Normal value
2403040402IND02;00;2023;F;F - Construction;RS;REPUBLIC OF SERBIA;101377;RSD;RSD;SORS;Average gross earnings;A;Normal value
2403040402IND02;00;2022;F;F - Construction;RS;REPUBLIC OF SERBIA;88666;RSD;RSD;SORS;Average gross earnings;A;Normal value
2403040402IND02;00;2021;F;F - Construction;RS;REPUBLIC OF SERBIA;78899;RSD;RSD;SORS;Average gross earnings;A;Normal value
2403040402IND02;00;2020;F;F - Construction;RS;REPUBLIC OF SERBIA;72392;RSD;RSD;SORS;Average gross earnings;A;Normal value
2403040402IND02;00;2019;F;F - Construction;RS;REPUBLIC OF SERBIA;68311;RSD;RSD;SORS;Average gross earnings;A;Normal value
2403040402IND02;00;2018;F;F - Construction;RS;REPUBLIC OF SERBIA;60245;RSD;RSD;SORS;Average gross earnings;A;Normal value
2403040402IND02;00;2018;G;"G - Wholesale and retail trade; repair of motor vehicles and motorcycles";RS;REPUBLIC OF SERBIA;57559;RSD;RSD;SORS;Average gross earnings;A;Normal value
2403040402IND02;00;2019;G;"G - Wholesale and retail trade; repair of motor vehicles and motorcycles";RS;REPUBLIC OF SERBIA;63452;RSD;RSD;SORS;Average gross earnings;A;Normal value
2403040402IND02;00;2020;G;"G - Wholesale and retail trade; repair of motor vehicles and motorcycles";RS;REPUBLIC OF SERBIA;68286;RSD;RSD;SORS;Average gross earnings;A;Normal value
2403040402IND02;00;2021;G;"G - Wholesale and retail trade; repair of motor vehicles and motorcycles";RS;REPUBLIC OF SERBIA;74846;RSD;RSD;SORS;Average gross earnings;A;Normal value
2403040402IND02;00;2022;G;"G - Wholesale and retail trade; repair of motor vehicles and motorcycles";RS;REPUBLIC OF SERBIA;85727;RSD;RSD;SORS;Average gross earnings;A;Normal value
2403040402IND02;00;2023;G;"G - Wholesale and retail trade; repair of motor vehicles and motorcycles";RS;REPUBLIC OF SERBIA;99252;RSD;RSD;SORS;Average gross earnings;A;Normal value
2403040402IND02;00;2024;G;"G - Wholesale and retail trade; repair of motor vehicles and motorcycles";RS;REPUBLIC OF SERBIA;113195;RSD;RSD;SORS;Average gross earnings;A;Normal value
2403040402IND02;00;2025;G;"G - Wholesale and retail trade; repair of motor vehicles and motorcycles";RS;REPUBLIC OF SERBIA;126767;RSD;RSD;SORS;Average gross earnings;A;Normal value
2403040402IND02;00;2025;H;H - Transportation and storage;RS;REPUBLIC OF SERBIA;129640;RSD;RSD;SORS;Average gross earnings;A;Normal value
2403040402IND02;00;2024;H;H - Transportation and storage;RS;REPUBLIC OF SERBIA;115394;RSD;RSD;SORS;Average gross earnings;A;Normal value
2403040402IND02;00;2023;H;H - Transportation and storage;RS;REPUBLIC OF SERBIA;99972;RSD;RSD;SORS;Average gross earnings;A;Normal value
2403040402IND02;00;2022;H;H - Transportation and storage;RS;REPUBLIC OF SERBIA;86468;RSD;RSD;SORS;Average gross earnings;A;Normal value
2403040402IND02;00;2021;H;H - Transportation and storage;RS;REPUBLIC OF SERBIA;76324;RSD;RSD;SORS;Average gross earnings;A;Normal value
2403040402IND02;00;2020;H;H - Transportation and storage;RS;REPUBLIC OF SERBIA;72780;RSD;RSD;SORS;Average gross earnings;A;Normal value
2403040402IND02;00;2019;H;H - Transportation and storage;RS;REPUBLIC OF SERBIA;68964;RSD;RSD;SORS;Average gross earnings;A;Normal value
2403040402IND02;00;2018;H;H - Transportation and storage;RS;REPUBLIC OF SERBIA;62306;RSD;RSD;SORS;Average gross earnings;A;Normal value
2403040402IND02;00;2018;I;I - Accommodation and food service activities;RS;REPUBLIC OF SERBIA;43531;RSD;RSD;SORS;Average gross earnings;A;Normal value
2403040402IND02;00;2019;I;I - Accommodation and food service activities;RS;REPUBLIC OF SERBIA;47328;RSD;RSD;SORS;Average gross earnings;A;Normal value
2403040402IND02;00;2020;I;I - Accommodation and food service activities;RS;REPUBLIC OF SERBIA;50837;RSD;RSD;SORS;Average gross earnings;A;Normal value
2403040402IND02;00;2021;I;I - Accommodation and food service activities;RS;REPUBLIC OF SERBIA;54556;RSD;RSD;SORS;Average gross earnings;A;Normal value
2403040402IND02;00;2022;I;I - Accommodation and food service activities;RS;REPUBLIC OF SERBIA;63152;RSD;RSD;SORS;Average gross earnings;A;Normal value
2403040402IND02;00;2023;I;I - Accommodation and food service activities;RS;REPUBLIC OF SERBIA;70973;RSD;RSD;SORS;Average gross earnings;A;Normal value
2403040402IND02;00;2024;I;I - Accommodation and food service activities;RS;REPUBLIC OF SERBIA;82564;RSD;RSD;SORS;Average gross earnings;A;Normal value
2403040402IND02;00;2025;I;I - Accommodation and food service activities;RS;REPUBLIC OF SERBIA;93862;RSD;RSD;SORS;Average gross earnings;A;Normal value
2403040402IND02;00;2025;J;J - Information and communication;RS;REPUBLIC OF SERBIA;331553;RSD;RSD;SORS;Average gross earnings;A;Normal value
2403040402IND02;00;2024;J;J - Information and communication;RS;REPUBLIC OF SERBIA;312106;RSD;RSD;SORS;Average gross earnings;A;Normal value
2403040402IND02;00;2023;J;J - Information and communication;RS;REPUBLIC OF SERBIA;282329;RSD;RSD;SORS;Average gross earnings;A;Normal value
2403040402IND02;00;2022;J;J - Information and communication;RS;REPUBLIC OF SERBIA;253745;RSD;RSD;SORS;Average gross earnings;A;Normal value
2403040402IND02;00;2021;J;J - Information and communication;RS;REPUBLIC OF SERBIA;195271;RSD;RSD;SORS;Average gross earnings;A;Normal value
2403040402IND02;00;2020;J;J - Information and communication;RS;REPUBLIC OF SERBIA;163609;RSD;RSD;SORS;Average gross earnings;A;Normal value
2403040402IND02;00;2019;J;J - Information and communication;RS;REPUBLIC OF SERBIA;133402;RSD;RSD;SORS;Average gross earnings;A;Normal value
2403040402IND02;00;2018;J;J - Information and communication;RS;REPUBLIC OF SERBIA;115116;RSD;RSD;SORS;Average gross earnings;A;Normal value
2403040402IND02;00;2018;K;K - Financial and insurance activities;RS;REPUBLIC OF SERBIA;125714;RSD;RSD;SORS;Average gross earnings;A;Normal value
2403040402IND02;00;2019;K;K - Financial and insurance activities;RS;REPUBLIC OF SERBIA;133877;RSD;RSD;SORS;Average gross earnings;A;Normal value
2403040402IND02;00;2020;K;K - Financial and insurance activities;RS;REPUBLIC OF SERBIA;139287;RSD;RSD;SORS;Average gross earnings;A;Normal value
2403040402IND02;00;2021;K;K - Financial and insurance activities;RS;REPUBLIC OF SERBIA;148787;RSD;RSD;SORS;Average gross earnings;A;Normal value
2403040402IND02;00;2022;K;K - Financial and insurance activities;RS;REPUBLIC OF SERBIA;159209;RSD;RSD;SORS;Average gross earnings;A;Normal value
2403040402IND02;00;2023;K;K - Financial and insurance activities;RS;REPUBLIC OF SERBIA;176500;RSD;RSD;SORS;Average gross earnings;A;Normal value
2403040402IND02;00;2024;K;K - Financial and insurance activities;RS;REPUBLIC OF SERBIA;199098;RSD;RSD;SORS;Average gross earnings;A;Normal value
2403040402IND02;00;2025;K;K - Financial and insurance activities;RS;REPUBLIC OF SERBIA;222204;RSD;RSD;SORS;Average gross earnings;A;Normal value
2403040402IND02;00;2025;L;L - Real estate activities;RS;REPUBLIC OF SERBIA;140797;RSD;RSD;SORS;Average gross earnings;A;Normal value
2403040402IND02;00;2024;L;L - Real estate activities;RS;REPUBLIC OF SERBIA;125336;RSD;RSD;SORS;Average gross earnings;A;Normal value
2403040402IND02;00;2023;L;L - Real estate activities;RS;REPUBLIC OF SERBIA;110833;RSD;RSD;SORS;Average gross earnings;A;Normal value
2403040402IND02;00;2022;L;L - Real estate activities;RS;REPUBLIC OF SERBIA;96640;RSD;RSD;SORS;Average gross earnings;A;Normal value
2403040402IND02;00;2021;L;L - Real estate activities;RS;REPUBLIC OF SERBIA;86768;RSD;RSD;SORS;Average gross earnings;A;Normal value
2403040402IND02;00;2020;L;L - Real estate activities;RS;REPUBLIC OF SERBIA;80534;RSD;RSD;SORS;Average gross earnings;A;Normal value
2403040402IND02;00;2019;L;L - Real estate activities;RS;REPUBLIC OF SERBIA;75466;RSD;RSD;SORS;Average gross earnings;A;Normal value
2403040402IND02;00;2018;L;L - Real estate activities;RS;REPUBLIC OF SERBIA;69411;RSD;RSD;SORS;Average gross earnings;A;Normal value
2403040402IND02;00;2018;M;M - Professional, scientific and technical activities;RS;REPUBLIC OF SERBIA;84265;RSD;RSD;SORS;Average gross earnings;A;Normal value
2403040402IND02;00;2019;M;M - Professional, scientific and technical activities;RS;REPUBLIC OF SERBIA;94777;RSD;RSD;SORS;Average gross earnings;A;Normal value
2403040402IND02;00;2020;M;M - Professional, scientific and technical activities;RS;REPUBLIC OF SERBIA;104385;RSD;RSD;SORS;Average gross earnings;A;Normal value
2403040402IND02;00;2021;M;M - Professional, scientific and technical activities;RS;REPUBLIC OF SERBIA;116648;RSD;RSD;SORS;Average gross earnings;A;Normal value
2403040402IND02;00;2022;M;M - Professional, scientific and technical activities;RS;REPUBLIC OF SERBIA;138547;RSD;RSD;SORS;Average gross earnings;A;Normal value
2403040402IND02;00;2023;M;M - Professional, scientific and technical activities;RS;REPUBLIC OF SERBIA;155983;RSD;RSD;SORS;Average gross earnings;A;Normal value
2403040402IND02;00;2024;M;M - Professional, scientific and technical activities;RS;REPUBLIC OF SERBIA;172631;RSD;RSD;SORS;Average gross earnings;A;Normal value
2403040402IND02;00;2025;M;M - Professional, scientific and technical activities;RS;REPUBLIC OF SERBIA;193628;RSD;RSD;SORS;Average gross earnings;A;Normal value
2403040402IND02;00;2025;N;N -Administrative and support service activities;RS;REPUBLIC OF SERBIA;138972;RSD;RSD;SORS;Average gross earnings;A;Normal value
2403040402IND02;00;2024;N;N -Administrative and support service activities;RS;REPUBLIC OF SERBIA;123986;RSD;RSD;SORS;Average gross earnings;A;Normal value
2403040402IND02;00;2023;N;N -Administrative and support service activities;RS;REPUBLIC OF SERBIA;106935;RSD;RSD;SORS;Average gross earnings;A;Normal value
2403040402IND02;00;2022;N;N -Administrative and support service activities;RS;REPUBLIC OF SERBIA;93681;RSD;RSD;SORS;Average gross earnings;A;Normal value
2403040402IND02;00;2021;N;N -Administrative and support service activities;RS;REPUBLIC OF SERBIA;82963;RSD;RSD;SORS;Average gross earnings;A;Normal value
2403040402IND02;00;2020;N;N -Administrative and support service activities;RS;REPUBLIC OF SERBIA;75350;RSD;RSD;SORS;Average gross earnings;A;Normal value
2403040402IND02;00;2019;N;N -Administrative and support service activities;RS;REPUBLIC OF SERBIA;67318;RSD;RSD;SORS;Average gross earnings;A;Normal value
2403040402IND02;00;2018;N;N -Administrative and support service activities;RS;REPUBLIC OF SERBIA;59752;RSD;RSD;SORS;Average gross earnings;A;Normal value
2403040402IND02;00;2018;O;"O - Public administration and defence; compulsory social security";RS;REPUBLIC OF SERBIA;80946;RSD;RSD;SORS;Average gross earnings;A;Normal value
2403040402IND02;00;2019;O;"O - Public administration and defence; compulsory social security";RS;REPUBLIC OF SERBIA;90164;RSD;RSD;SORS;Average gross earnings;A;Normal value
2403040402IND02;00;2020;O;"O - Public administration and defence; compulsory social security";RS;REPUBLIC OF SERBIA;97527;RSD;RSD;SORS;Average gross earnings;A;Normal value
2403040402IND02;00;2021;O;"O - Public administration and defence; compulsory social security";RS;REPUBLIC OF SERBIA;104348;RSD;RSD;SORS;Average gross earnings;A;Normal value
2403040402IND02;00;2022;O;"O - Public administration and defence; compulsory social security";RS;REPUBLIC OF SERBIA;113443;RSD;RSD;SORS;Average gross earnings;A;Normal value
2403040402IND02;00;2023;O;"O - Public administration and defence; compulsory social security";RS;REPUBLIC OF SERBIA;130878;RSD;RSD;SORS;Average gross earnings;A;Normal value
2403040402IND02;00;2024;O;"O - Public administration and defence; compulsory social security";RS;REPUBLIC OF SERBIA;147789;RSD;RSD;SORS;Average gross earnings;A;Normal value
2403040402IND02;00;2025;O;"O - Public administration and defence; compulsory social security";RS;REPUBLIC OF SERBIA;164556;RSD;RSD;SORS;Average gross earnings;A;Normal value
2403040402IND02;00;2025;P;P - Education;RS;REPUBLIC OF SERBIA;143363;RSD;RSD;SORS;Average gross earnings;A;Normal value
2403040402IND02;00;2024;P;P - Education;RS;REPUBLIC OF SERBIA;125430;RSD;RSD;SORS;Average gross earnings;A;Normal value
2403040402IND02;00;2023;P;P - Education;RS;REPUBLIC OF SERBIA;107775;RSD;RSD;SORS;Average gross earnings;A;Normal value
2403040402IND02;00;2022;P;P - Education;RS;REPUBLIC OF SERBIA;94521;RSD;RSD;SORS;Average gross earnings;A;Normal value
2403040402IND02;00;2021;P;P - Education;RS;REPUBLIC OF SERBIA;87982;RSD;RSD;SORS;Average gross earnings;A;Normal value
2403040402IND02;00;2020;P;P - Education;RS;REPUBLIC OF SERBIA;84169;RSD;RSD;SORS;Average gross earnings;A;Normal value
2403040402IND02;00;2019;P;P - Education;RS;REPUBLIC OF SERBIA;78563;RSD;RSD;SORS;Average gross earnings;A;Normal value
2403040402IND02;00;2018;P;P - Education;RS;REPUBLIC OF SERBIA;71935;RSD;RSD;SORS;Average gross earnings;A;Normal value
2403040402IND02;00;2018;Q;Q - Human health and social work activities;RS;REPUBLIC OF SERBIA;68133;RSD;RSD;SORS;Average gross earnings;A;Normal value
2403040402IND02;00;2019;Q;Q - Human health and social work activities;RS;REPUBLIC OF SERBIA;76787;RSD;RSD;SORS;Average gross earnings;A;Normal value
2403040402IND02;00;2020;Q;Q - Human health and social work activities;RS;REPUBLIC OF SERBIA;90682;RSD;RSD;SORS;Average gross earnings;A;Normal value
2403040402IND02;00;2021;Q;Q - Human health and social work activities;RS;REPUBLIC OF SERBIA;101864;RSD;RSD;SORS;Average gross earnings;A;Normal value
2403040402IND02;00;2022;Q;Q - Human health and social work activities;RS;REPUBLIC OF SERBIA;108018;RSD;RSD;SORS;Average gross earnings;A;Normal value
2403040402IND02;00;2023;Q;Q - Human health and social work activities;RS;REPUBLIC OF SERBIA;119848;RSD;RSD;SORS;Average gross earnings;A;Normal value
2403040402IND02;00;2024;Q;Q - Human health and social work activities;RS;REPUBLIC OF SERBIA;135559;RSD;RSD;SORS;Average gross earnings;A;Normal value
2403040402IND02;00;2025;Q;Q - Human health and social work activities;RS;REPUBLIC OF SERBIA;150390;RSD;RSD;SORS;Average gross earnings;A;Normal value
2403040402IND02;00;2025;R;R - Arts, entertainment and recreation;RS;REPUBLIC OF SERBIA;127075;RSD;RSD;SORS;Average gross earnings;A;Normal value
2403040402IND02;00;2024;R;R - Arts, entertainment and recreation;RS;REPUBLIC OF SERBIA;111333;RSD;RSD;SORS;Average gross earnings;A;Normal value
2403040402IND02;00;2023;R;R - Arts, entertainment and recreation;RS;REPUBLIC OF SERBIA;97403;RSD;RSD;SORS;Average gross earnings;A;Normal value
2403040402IND02;00;2022;R;R - Arts, entertainment and recreation;RS;REPUBLIC OF SERBIA;84421;RSD;RSD;SORS;Average gross earnings;A;Normal value
2403040402IND02;00;2021;R;R - Arts, entertainment and recreation;RS;REPUBLIC OF SERBIA;73788;RSD;RSD;SORS;Average gross earnings;A;Normal value
2403040402IND02;00;2020;R;R - Arts, entertainment and recreation;RS;REPUBLIC OF SERBIA;67106;RSD;RSD;SORS;Average gross earnings;A;Normal value
2403040402IND02;00;2019;R;R - Arts, entertainment and recreation;RS;REPUBLIC OF SERBIA;63252;RSD;RSD;SORS;Average gross earnings;A;Normal value
2403040402IND02;00;2018;R;R - Arts, entertainment and recreation;RS;REPUBLIC OF SERBIA;57244;RSD;RSD;SORS;Average gross earnings;A;Normal value
2403040402IND02;00;2018;S;S - Other service activities;RS;REPUBLIC OF SERBIA;53570;RSD;RSD;SORS;Average gross earnings;A;Normal value
2403040402IND02;00;2019;S;S - Other service activities;RS;REPUBLIC OF SERBIA;57574;RSD;RSD;SORS;Average gross earnings;A;Normal value
2403040402IND02;00;2020;S;S - Other service activities;RS;REPUBLIC OF SERBIA;62227;RSD;RSD;SORS;Average gross earnings;A;Normal value
2403040402IND02;00;2021;S;S - Other service activities;RS;REPUBLIC OF SERBIA;66867;RSD;RSD;SORS;Average gross earnings;A;Normal value
2403040402IND02;00;2022;S;S - Other service activities;RS;REPUBLIC OF SERBIA;74476;RSD;RSD;SORS;Average gross earnings;A;Normal value
2403040402IND02;00;2023;S;S - Other service activities;RS;REPUBLIC OF SERBIA;83716;RSD;RSD;SORS;Average gross earnings;A;Normal value
2403040402IND02;00;2024;S;S - Other service activities;RS;REPUBLIC OF SERBIA;94892;RSD;RSD;SORS;Average gross earnings;A;Normal value
2403040402IND02;00;2025;S;S - Other service activities;RS;REPUBLIC OF SERBIA;106305;RSD;RSD;SORS;Average gross earnings;A;Normal value
