idindikator;mes;god;IDTer;nTer;vrednost;idJedinicaMere;nJedinicaMere;nIzvorI;Indikator;IDStatusPodatka;nStatusPodatka
2403040403IND02;00;2018;70017;Aleksandrovac;52564;RSD;RSD;SORS;Average gross earnings;A;Normal value
2403040403IND02;00;2018;70025;Aleksinac;56300;RSD;RSD;SORS;Average gross earnings;A;Normal value
2403040403IND02;00;2018;70033;Aranđelovac;61717;RSD;RSD;SORS;Average gross earnings;A;Normal value
2403040403IND02;00;2018;70041;Arilje;51151;RSD;RSD;SORS;Average gross earnings;A;Normal value
2403040403IND02;00;2018;70050;Babušnica;57308;RSD;RSD;SORS;Average gross earnings;A;Normal value
2403040403IND02;00;2018;70068;Bajina Bašta;54775;RSD;RSD;SORS;Average gross earnings;A;Normal value
2403040403IND02;00;2018;70076;Batočina;54179;RSD;RSD;SORS;Average gross earnings;A;Normal value
2403040403IND02;00;2018;70084;Bela Palanka;52572;RSD;RSD;SORS;Average gross earnings;A;Normal value
2403040403IND02;00;2018;70092;Barajevo;59653;RSD;RSD;SORS;Average gross earnings;A;Normal value
2403040403IND02;00;2018;70106;Voždovac;87022;RSD;RSD;SORS;Average gross earnings;A;Normal value
2403040403IND02;00;2018;70114;Vračar;108485;RSD;RSD;SORS;Average gross earnings;A;Normal value
2403040403IND02;00;2018;70122;Grocka;59864;RSD;RSD;SORS;Average gross earnings;A;Normal value
2403040403IND02;00;2018;70149;Zvezdara;86516;RSD;RSD;SORS;Average gross earnings;A;Normal value
2403040403IND02;00;2018;70157;Zemun;76986;RSD;RSD;SORS;Average gross earnings;A;Normal value
2403040403IND02;00;2018;70165;Lazarevac;89607;RSD;RSD;SORS;Average gross earnings;A;Normal value
2403040403IND02;00;2018;70173;Mladenovac;58054;RSD;RSD;SORS;Average gross earnings;A;Normal value
2403040403IND02;00;2018;70181;Novi Beograd;104079;RSD;RSD;SORS;Average gross earnings;A;Normal value
2403040403IND02;00;2018;70190;Obrenovac;70944;RSD;RSD;SORS;Average gross earnings;A;Normal value
2403040403IND02;00;2018;70203;Palilula (Beograd);76299;RSD;RSD;SORS;Average gross earnings;A;Normal value
2403040403IND02;00;2018;70211;Rakovica;77501;RSD;RSD;SORS;Average gross earnings;A;Normal value
2403040403IND02;00;2018;70220;Savski venac;92859;RSD;RSD;SORS;Average gross earnings;A;Normal value
2403040403IND02;00;2018;70238;Sopot;57814;RSD;RSD;SORS;Average gross earnings;A;Normal value
2403040403IND02;00;2018;70246;Stari grad;102793;RSD;RSD;SORS;Average gross earnings;A;Normal value
2403040403IND02;00;2018;70254;Čukarica;82053;RSD;RSD;SORS;Average gross earnings;A;Normal value
2403040403IND02;00;2018;70262;Blace;52142;RSD;RSD;SORS;Average gross earnings;A;Normal value
2403040403IND02;00;2018;70289;Bogatić;53339;RSD;RSD;SORS;Average gross earnings;A;Normal value
2403040403IND02;00;2018;70297;Bojnik;49887;RSD;RSD;SORS;Average gross earnings;A;Normal value
2403040403IND02;00;2018;70319;Boljevac;59721;RSD;RSD;SORS;Average gross earnings;A;Normal value
2403040403IND02;00;2018;70327;Bor;73589;RSD;RSD;SORS;Average gross earnings;A;Normal value
2403040403IND02;00;2018;70335;Bosilegrad;54151;RSD;RSD;SORS;Average gross earnings;A;Normal value
2403040403IND02;00;2018;70343;Brus;52032;RSD;RSD;SORS;Average gross earnings;A;Normal value
2403040403IND02;00;2018;70351;Bujanovac;52617;RSD;RSD;SORS;Average gross earnings;A;Normal value
2403040403IND02;00;2018;70360;Valjevo;61524;RSD;RSD;SORS;Average gross earnings;A;Normal value
2403040403IND02;00;2018;70378;Varvarin;50011;RSD;RSD;SORS;Average gross earnings;A;Normal value
2403040403IND02;00;2018;70386;Velika Plana;57038;RSD;RSD;SORS;Average gross earnings;A;Normal value
2403040403IND02;00;2018;70394;Veliko Gradište;53646;RSD;RSD;SORS;Average gross earnings;A;Normal value
2403040403IND02;00;2018;70408;Vladimirci;52304;RSD;RSD;SORS;Average gross earnings;A;Normal value
2403040403IND02;00;2018;70416;Vladičin Han;56838;RSD;RSD;SORS;Average gross earnings;A;Normal value
2403040403IND02;00;2018;70424;Vlasotince;48332;RSD;RSD;SORS;Average gross earnings;A;Normal value
2403040403IND02;00;2018;70432;Vranje;58450;RSD;RSD;SORS;Average gross earnings;A;Normal value
2403040403IND02;00;2018;70459;Vrnjačka Banja;53212;RSD;RSD;SORS;Average gross earnings;A;Normal value
2403040403IND02;00;2018;70467;Gadžin Han;47156;RSD;RSD;SORS;Average gross earnings;A;Normal value
2403040403IND02;00;2018;70475;Golubac;53235;RSD;RSD;SORS;Average gross earnings;A;Normal value
2403040403IND02;00;2018;70483;Gornji Milanovac;64031;RSD;RSD;SORS;Average gross earnings;A;Normal value
2403040403IND02;00;2018;70491;Despotovac;60401;RSD;RSD;SORS;Average gross earnings;A;Normal value
2403040403IND02;00;2018;70505;Dimitrovgrad;52620;RSD;RSD;SORS;Average gross earnings;A;Normal value
2403040403IND02;00;2018;70513;Doljevac;50468;RSD;RSD;SORS;Average gross earnings;A;Normal value
2403040403IND02;00;2018;70521;Žabari;49909;RSD;RSD;SORS;Average gross earnings;A;Normal value
2403040403IND02;00;2018;70530;Žagubica;58220;RSD;RSD;SORS;Average gross earnings;A;Normal value
2403040403IND02;00;2018;70548;Žitorađa;53086;RSD;RSD;SORS;Average gross earnings;A;Normal value
2403040403IND02;00;2018;70556;Zaječar;60466;RSD;RSD;SORS;Average gross earnings;A;Normal value
2403040403IND02;00;2018;70564;Ivanjica;50481;RSD;RSD;SORS;Average gross earnings;A;Normal value
2403040403IND02;00;2018;70572;Kladovo;62961;RSD;RSD;SORS;Average gross earnings;A;Normal value
2403040403IND02;00;2018;70599;Knić;57360;RSD;RSD;SORS;Average gross earnings;A;Normal value
2403040403IND02;00;2018;70602;Knjaževac;51518;RSD;RSD;SORS;Average gross earnings;A;Normal value
2403040403IND02;00;2018;70629;Kosjerić;60791;RSD;RSD;SORS;Average gross earnings;A;Normal value
2403040403IND02;00;2018;70637;Koceljeva;52350;RSD;RSD;SORS;Average gross earnings;A;Normal value
2403040403IND02;00;2018;70645;Kragujevac;66531;RSD;RSD;SORS;Average gross earnings;A;Normal value
2403040403IND02;00;2018;70653;Kraljevo;58968;RSD;RSD;SORS;Average gross earnings;A;Normal value
2403040403IND02;00;2018;70661;Krupanj;50441;RSD;RSD;SORS;Average gross earnings;A;Normal value
2403040403IND02;00;2018;70670;Kruševac;59341;RSD;RSD;SORS;Average gross earnings;A;Normal value
2403040403IND02;00;2018;70688;Kuršumlija;56595;RSD;RSD;SORS;Average gross earnings;A;Normal value
2403040403IND02;00;2018;70696;Kučevo;54024;RSD;RSD;SORS;Average gross earnings;A;Normal value
2403040403IND02;00;2018;70700;Lajkovac;82262;RSD;RSD;SORS;Average gross earnings;A;Normal value
2403040403IND02;00;2018;70718;Lebane;51982;RSD;RSD;SORS;Average gross earnings;A;Normal value
2403040403IND02;00;2018;70726;Leskovac;55098;RSD;RSD;SORS;Average gross earnings;A;Normal value
2403040403IND02;00;2018;70734;Loznica;54673;RSD;RSD;SORS;Average gross earnings;A;Normal value
2403040403IND02;00;2018;70742;Lučani;73258;RSD;RSD;SORS;Average gross earnings;A;Normal value
2403040403IND02;00;2018;70769;Ljig;63532;RSD;RSD;SORS;Average gross earnings;A;Normal value
2403040403IND02;00;2018;70777;Ljubovija;60553;RSD;RSD;SORS;Average gross earnings;A;Normal value
2403040403IND02;00;2018;70785;Majdanpek;68165;RSD;RSD;SORS;Average gross earnings;A;Normal value
2403040403IND02;00;2018;70793;Mali Zvornik;56205;RSD;RSD;SORS;Average gross earnings;A;Normal value
2403040403IND02;00;2018;70807;Malo Crniće;53957;RSD;RSD;SORS;Average gross earnings;A;Normal value
2403040403IND02;00;2018;70815;Medveđa;62376;RSD;RSD;SORS;Average gross earnings;A;Normal value
2403040403IND02;00;2018;70823;Merošina;50477;RSD;RSD;SORS;Average gross earnings;A;Normal value
2403040403IND02;00;2018;70831;Mionica;55588;RSD;RSD;SORS;Average gross earnings;A;Normal value
2403040403IND02;00;2018;70840;Negotin;58457;RSD;RSD;SORS;Average gross earnings;A;Normal value
2403040403IND02;00;2018;70866;Nova Varoš;56082;RSD;RSD;SORS;Average gross earnings;A;Normal value
2403040403IND02;00;2018;70874;Novi Pazar;51529;RSD;RSD;SORS;Average gross earnings;A;Normal value
2403040403IND02;00;2018;70882;Osečina;54343;RSD;RSD;SORS;Average gross earnings;A;Normal value
2403040403IND02;00;2018;70904;Paraćin;55868;RSD;RSD;SORS;Average gross earnings;A;Normal value
2403040403IND02;00;2018;70912;Petrovac na Mlavi;51700;RSD;RSD;SORS;Average gross earnings;A;Normal value
2403040403IND02;00;2018;70939;Pirot;72036;RSD;RSD;SORS;Average gross earnings;A;Normal value
2403040403IND02;00;2018;70947;Požarevac;69990;RSD;RSD;SORS;Average gross earnings;A;Normal value
2403040403IND02;00;2018;70955;Požega;58679;RSD;RSD;SORS;Average gross earnings;A;Normal value
2403040403IND02;00;2018;70963;Preševo;52996;RSD;RSD;SORS;Average gross earnings;A;Normal value
2403040403IND02;00;2018;70971;Priboj;55752;RSD;RSD;SORS;Average gross earnings;A;Normal value
2403040403IND02;00;2018;70980;Prijepolje;53248;RSD;RSD;SORS;Average gross earnings;A;Normal value
2403040403IND02;00;2018;70998;Prokuplje;56606;RSD;RSD;SORS;Average gross earnings;A;Normal value
2403040403IND02;00;2018;71005;Ražanj;49530;RSD;RSD;SORS;Average gross earnings;A;Normal value
2403040403IND02;00;2018;71013;Rača;54909;RSD;RSD;SORS;Average gross earnings;A;Normal value
2403040403IND02;00;2018;71021;Raška;56013;RSD;RSD;SORS;Average gross earnings;A;Normal value
2403040403IND02;00;2018;71030;Rekovac;54650;RSD;RSD;SORS;Average gross earnings;A;Normal value
2403040403IND02;00;2018;71048;Jagodina;55984;RSD;RSD;SORS;Average gross earnings;A;Normal value
2403040403IND02;00;2018;71056;Svilajnac;54348;RSD;RSD;SORS;Average gross earnings;A;Normal value
2403040403IND02;00;2018;71064;Svrljig;44181;RSD;RSD;SORS;Average gross earnings;A;Normal value
2403040403IND02;00;2018;71072;Sjenica;57075;RSD;RSD;SORS;Average gross earnings;A;Normal value
2403040403IND02;00;2018;71099;Smederevo;68735;RSD;RSD;SORS;Average gross earnings;A;Normal value
2403040403IND02;00;2018;71102;Smederevska Palanka;58108;RSD;RSD;SORS;Average gross earnings;A;Normal value
2403040403IND02;00;2018;71129;Sokobanja;57608;RSD;RSD;SORS;Average gross earnings;A;Normal value
2403040403IND02;00;2018;71137;Surdulica;57023;RSD;RSD;SORS;Average gross earnings;A;Normal value
2403040403IND02;00;2018;71145;Užice;66334;RSD;RSD;SORS;Average gross earnings;A;Normal value
2403040403IND02;00;2018;71153;Topola;55282;RSD;RSD;SORS;Average gross earnings;A;Normal value
2403040403IND02;00;2018;71161;Trgovište;56570;RSD;RSD;SORS;Average gross earnings;A;Normal value
2403040403IND02;00;2018;71170;Trstenik;54350;RSD;RSD;SORS;Average gross earnings;A;Normal value
2403040403IND02;00;2018;71188;Tutin;54433;RSD;RSD;SORS;Average gross earnings;A;Normal value
2403040403IND02;00;2018;71196;Ćićevac;50499;RSD;RSD;SORS;Average gross earnings;A;Normal value
2403040403IND02;00;2018;71200;Ćuprija;55243;RSD;RSD;SORS;Average gross earnings;A;Normal value
2403040403IND02;00;2018;71218;Ub;64335;RSD;RSD;SORS;Average gross earnings;A;Normal value
2403040403IND02;00;2018;71226;Crna Trava;52916;RSD;RSD;SORS;Average gross earnings;A;Normal value
2403040403IND02;00;2018;71234;Čajetina;53820;RSD;RSD;SORS;Average gross earnings;A;Normal value
2403040403IND02;00;2018;71242;Čačak;59791;RSD;RSD;SORS;Average gross earnings;A;Normal value
2403040403IND02;00;2018;71269;Šabac;60929;RSD;RSD;SORS;Average gross earnings;A;Normal value
2403040403IND02;00;2018;71277;Lapovo;55805;RSD;RSD;SORS;Average gross earnings;A;Normal value
2403040403IND02;00;2018;71285;Niška Banja;51957;RSD;RSD;SORS;Average gross earnings;A;Normal value
2403040403IND02;00;2018;71293;Surčin;61385;RSD;RSD;SORS;Average gross earnings;A;Normal value
2403040403IND02;00;2018;71307;Pantelej;59932;RSD;RSD;SORS;Average gross earnings;A;Normal value
2403040403IND02;00;2018;71315;Crveni Krst;56431;RSD;RSD;SORS;Average gross earnings;A;Normal value
2403040403IND02;00;2018;71323;Palilula (Niš);59620;RSD;RSD;SORS;Average gross earnings;A;Normal value
2403040403IND02;00;2018;71331;Medijana;71442;RSD;RSD;SORS;Average gross earnings;A;Normal value
2403040403IND02;00;2018;71340;Kostolac;86412;RSD;RSD;SORS;Average gross earnings;A;Normal value
2403040403IND02;00;2018;71358;Vranjska Banja;44334;RSD;RSD;SORS;Average gross earnings;A;Normal value
2403040403IND02;00;2018;71366;Sevojno;67050;RSD;RSD;SORS;Average gross earnings;A;Normal value
2403040403IND02;00;2018;79022;Grad Niš;64113;RSD;RSD;SORS;Average gross earnings;A;Normal value
2403040403IND02;00;2018;79049;Grad Požarevac;72711;RSD;RSD;SORS;Average gross earnings;A;Normal value
2403040403IND02;00;2018;79057;Grad Vranje;58137;RSD;RSD;SORS;Average gross earnings;A;Normal value
2403040403IND02;00;2018;79065;Grad Užice;66355;RSD;RSD;SORS;Average gross earnings;A;Normal value
2403040403IND02;00;2018;80012;Ada;59340;RSD;RSD;SORS;Average gross earnings;A;Normal value
2403040403IND02;00;2018;80039;Alibunar;57687;RSD;RSD;SORS;Average gross earnings;A;Normal value
2403040403IND02;00;2018;80047;Apatin;58991;RSD;RSD;SORS;Average gross earnings;A;Normal value
2403040403IND02;00;2018;80055;Bač;52559;RSD;RSD;SORS;Average gross earnings;A;Normal value
2403040403IND02;00;2018;80063;Bačka Palanka;62661;RSD;RSD;SORS;Average gross earnings;A;Normal value
2403040403IND02;00;2018;80071;Bačka Topola;60715;RSD;RSD;SORS;Average gross earnings;A;Normal value
2403040403IND02;00;2018;80080;Bački Petrovac;57249;RSD;RSD;SORS;Average gross earnings;A;Normal value
2403040403IND02;00;2018;80098;Bela Crkva;55155;RSD;RSD;SORS;Average gross earnings;A;Normal value
2403040403IND02;00;2018;80101;Beočin;59487;RSD;RSD;SORS;Average gross earnings;A;Normal value
2403040403IND02;00;2018;80110;Bečej;59741;RSD;RSD;SORS;Average gross earnings;A;Normal value
2403040403IND02;00;2018;80128;Vršac;71961;RSD;RSD;SORS;Average gross earnings;A;Normal value
2403040403IND02;00;2018;80136;Žabalj;54991;RSD;RSD;SORS;Average gross earnings;A;Normal value
2403040403IND02;00;2018;80144;Žitište;59892;RSD;RSD;SORS;Average gross earnings;A;Normal value
2403040403IND02;00;2018;80152;Zrenjanin;66968;RSD;RSD;SORS;Average gross earnings;A;Normal value
2403040403IND02;00;2018;80179;Inđija;63230;RSD;RSD;SORS;Average gross earnings;A;Normal value
2403040403IND02;00;2018;80187;Irig;54541;RSD;RSD;SORS;Average gross earnings;A;Normal value
2403040403IND02;00;2018;80195;Kanjiža;59738;RSD;RSD;SORS;Average gross earnings;A;Normal value
2403040403IND02;00;2018;80209;Kikinda;63917;RSD;RSD;SORS;Average gross earnings;A;Normal value
2403040403IND02;00;2018;80217;Kovačica;54906;RSD;RSD;SORS;Average gross earnings;A;Normal value
2403040403IND02;00;2018;80225;Kovin;60056;RSD;RSD;SORS;Average gross earnings;A;Normal value
2403040403IND02;00;2018;80233;Kula;56670;RSD;RSD;SORS;Average gross earnings;A;Normal value
2403040403IND02;00;2018;80241;Mali Iđoš;53328;RSD;RSD;SORS;Average gross earnings;A;Normal value
2403040403IND02;00;2018;80250;Nova Crnja;60332;RSD;RSD;SORS;Average gross earnings;A;Normal value
2403040403IND02;00;2018;80268;Novi Bečej;55339;RSD;RSD;SORS;Average gross earnings;A;Normal value
2403040403IND02;00;2018;80276;Novi Kneževac;57934;RSD;RSD;SORS;Average gross earnings;A;Normal value
2403040403IND02;00;2018;80284;Novi Sad;75571;RSD;RSD;SORS;Average gross earnings;A;Normal value
2403040403IND02;00;2018;80292;Opovo;57554;RSD;RSD;SORS;Average gross earnings;A;Normal value
2403040403IND02;00;2018;80306;Odžaci;56441;RSD;RSD;SORS;Average gross earnings;A;Normal value
2403040403IND02;00;2018;80314;Pančevo;68264;RSD;RSD;SORS;Average gross earnings;A;Normal value
2403040403IND02;00;2018;80322;Pećinci;61215;RSD;RSD;SORS;Average gross earnings;A;Normal value
2403040403IND02;00;2018;80349;Plandište;57677;RSD;RSD;SORS;Average gross earnings;A;Normal value
2403040403IND02;00;2018;80357;Ruma;60165;RSD;RSD;SORS;Average gross earnings;A;Normal value
2403040403IND02;00;2018;80365;Senta;63428;RSD;RSD;SORS;Average gross earnings;A;Normal value
2403040403IND02;00;2018;80373;Sečanj;59390;RSD;RSD;SORS;Average gross earnings;A;Normal value
2403040403IND02;00;2018;80381;Sombor;61180;RSD;RSD;SORS;Average gross earnings;A;Normal value
2403040403IND02;00;2018;80390;Srbobran;53468;RSD;RSD;SORS;Average gross earnings;A;Normal value
2403040403IND02;00;2018;80403;Sremska Mitrovica;63797;RSD;RSD;SORS;Average gross earnings;A;Normal value
2403040403IND02;00;2018;80411;Sremski Karlovci;63876;RSD;RSD;SORS;Average gross earnings;A;Normal value
2403040403IND02;00;2018;80420;Stara Pazova;61868;RSD;RSD;SORS;Average gross earnings;A;Normal value
2403040403IND02;00;2018;80438;Subotica;64218;RSD;RSD;SORS;Average gross earnings;A;Normal value
2403040403IND02;00;2018;80446;Temerin;58824;RSD;RSD;SORS;Average gross earnings;A;Normal value
2403040403IND02;00;2018;80454;Titel;53822;RSD;RSD;SORS;Average gross earnings;A;Normal value
2403040403IND02;00;2018;80462;Vrbas;58961;RSD;RSD;SORS;Average gross earnings;A;Normal value
2403040403IND02;00;2018;80489;Čoka;56356;RSD;RSD;SORS;Average gross earnings;A;Normal value
2403040403IND02;00;2018;80497;Šid;56328;RSD;RSD;SORS;Average gross earnings;A;Normal value
2403040403IND02;00;2018;80519;Petrovaradin;61824;RSD;RSD;SORS;Average gross earnings;A;Normal value
2403040403IND02;00;2018;89010;Grad Novi Sad;74846;RSD;RSD;SORS;Average gross earnings;A;Normal value
2403040403IND02;00;2018;RS;REPUBLIC OF SERBIA;68629;RSD;RSD;SORS;Average gross earnings;A;Normal value
2403040403IND02;00;2018;RS1;SRBIJA – SEVER;74970;RSD;RSD;SORS;Average gross earnings;A;Normal value
2403040403IND02;00;2018;RS11;Beogradski region;83941;RSD;RSD;SORS;Average gross earnings;A;Normal value
2403040403IND02;00;2018;RS110;Beogradska oblast;83941;RSD;RSD;SORS;Average gross earnings;A;Normal value
2403040403IND02;00;2018;RS12;Region Vojvodine;65103;RSD;RSD;SORS;Average gross earnings;A;Normal value
2403040403IND02;00;2018;RS121;Zapadnobačka oblast;59067;RSD;RSD;SORS;Average gross earnings;A;Normal value
2403040403IND02;00;2018;RS122;Južnobanatska oblast;65735;RSD;RSD;SORS;Average gross earnings;A;Normal value
2403040403IND02;00;2018;RS123;Južnobačka oblast;69040;RSD;RSD;SORS;Average gross earnings;A;Normal value
2403040403IND02;00;2018;RS124;Severnobanatska oblast;61824;RSD;RSD;SORS;Average gross earnings;A;Normal value
2403040403IND02;00;2018;RS125;Severnobačka oblast;63160;RSD;RSD;SORS;Average gross earnings;A;Normal value
2403040403IND02;00;2018;RS126;Srednjobanatska oblast;64616;RSD;RSD;SORS;Average gross earnings;A;Normal value
2403040403IND02;00;2018;RS127;Sremska oblast;61558;RSD;RSD;SORS;Average gross earnings;A;Normal value
2403040403IND02;00;2018;RS2;SRBIJA – JUG;60058;RSD;RSD;SORS;Average gross earnings;A;Normal value
2403040403IND02;00;2018;RS21;Region Šumadije i Zapadne Srbije;59337;RSD;RSD;SORS;Average gross earnings;A;Normal value
2403040403IND02;00;2018;RS211;Zlatiborska oblast;59451;RSD;RSD;SORS;Average gross earnings;A;Normal value
2403040403IND02;00;2018;RS212;Kolubarska oblast;63483;RSD;RSD;SORS;Average gross earnings;A;Normal value
2403040403IND02;00;2018;RS213;Mačvanska oblast;57515;RSD;RSD;SORS;Average gross earnings;A;Normal value
2403040403IND02;00;2018;RS214;Moravička oblast;60542;RSD;RSD;SORS;Average gross earnings;A;Normal value
2403040403IND02;00;2018;RS215;Pomoravska oblast;56041;RSD;RSD;SORS;Average gross earnings;A;Normal value
2403040403IND02;00;2018;RS216;Rasinska oblast;56665;RSD;RSD;SORS;Average gross earnings;A;Normal value
2403040403IND02;00;2018;RS217;Raška oblast;55953;RSD;RSD;SORS;Average gross earnings;A;Normal value
2403040403IND02;00;2018;RS218;Šumadijska oblast;63995;RSD;RSD;SORS;Average gross earnings;A;Normal value
2403040403IND02;00;2018;RS22;Region Južne i Istočne Srbije;60966;RSD;RSD;SORS;Average gross earnings;A;Normal value
2403040403IND02;00;2018;RS221;Borska oblast;67393;RSD;RSD;SORS;Average gross earnings;A;Normal value
2403040403IND02;00;2018;RS222;Braničevska oblast;65211;RSD;RSD;SORS;Average gross earnings;A;Normal value
2403040403IND02;00;2018;RS223;Zaječarska oblast;57754;RSD;RSD;SORS;Average gross earnings;A;Normal value
2403040403IND02;00;2018;RS224;Jablanička oblast;53957;RSD;RSD;SORS;Average gross earnings;A;Normal value
2403040403IND02;00;2018;RS225;Nišavska oblast;61579;RSD;RSD;SORS;Average gross earnings;A;Normal value
2403040403IND02;00;2018;RS226;Pirotska oblast;66704;RSD;RSD;SORS;Average gross earnings;A;Normal value
2403040403IND02;00;2018;RS227;Podunavska oblast;64417;RSD;RSD;SORS;Average gross earnings;A;Normal value
2403040403IND02;00;2018;RS228;Pčinjska oblast;56586;RSD;RSD;SORS;Average gross earnings;A;Normal value
2403040403IND02;00;2018;RS229;Toplička oblast;55699;RSD;RSD;SORS;Average gross earnings;A;Normal value
2403040403IND02;00;2019;70017;Aleksandrovac;58055;RSD;RSD;SORS;Average gross earnings;A;Normal value
2403040403IND02;00;2019;70025;Aleksinac;61129;RSD;RSD;SORS;Average gross earnings;A;Normal value
2403040403IND02;00;2019;70033;Aranđelovac;67050;RSD;RSD;SORS;Average gross earnings;A;Normal value
2403040403IND02;00;2019;70041;Arilje;55777;RSD;RSD;SORS;Average gross earnings;A;Normal value
2403040403IND02;00;2019;70050;Babušnica;60874;RSD;RSD;SORS;Average gross earnings;A;Normal value
2403040403IND02;00;2019;70068;Bajina Bašta;59331;RSD;RSD;SORS;Average gross earnings;A;Normal value
2403040403IND02;00;2019;70076;Batočina;59305;RSD;RSD;SORS;Average gross earnings;A;Normal value
2403040403IND02;00;2019;70084;Bela Palanka;56749;RSD;RSD;SORS;Average gross earnings;A;Normal value
2403040403IND02;00;2019;70092;Barajevo;65678;RSD;RSD;SORS;Average gross earnings;A;Normal value
2403040403IND02;00;2019;70106;Voždovac;96778;RSD;RSD;SORS;Average gross earnings;A;Normal value
2403040403IND02;00;2019;70114;Vračar;124412;RSD;RSD;SORS;Average gross earnings;A;Normal value
2403040403IND02;00;2019;70122;Grocka;65756;RSD;RSD;SORS;Average gross earnings;A;Normal value
2403040403IND02;00;2019;70149;Zvezdara;96409;RSD;RSD;SORS;Average gross earnings;A;Normal value
2403040403IND02;00;2019;70157;Zemun;85933;RSD;RSD;SORS;Average gross earnings;A;Normal value
2403040403IND02;00;2019;70165;Lazarevac;96922;RSD;RSD;SORS;Average gross earnings;A;Normal value
2403040403IND02;00;2019;70173;Mladenovac;63814;RSD;RSD;SORS;Average gross earnings;A;Normal value
2403040403IND02;00;2019;70181;Novi Beograd;119111;RSD;RSD;SORS;Average gross earnings;A;Normal value
2403040403IND02;00;2019;70190;Obrenovac;77296;RSD;RSD;SORS;Average gross earnings;A;Normal value
2403040403IND02;00;2019;70203;Palilula (Beograd);84194;RSD;RSD;SORS;Average gross earnings;A;Normal value
2403040403IND02;00;2019;70211;Rakovica;85500;RSD;RSD;SORS;Average gross earnings;A;Normal value
2403040403IND02;00;2019;70220;Savski venac;109312;RSD;RSD;SORS;Average gross earnings;A;Normal value
2403040403IND02;00;2019;70238;Sopot;63271;RSD;RSD;SORS;Average gross earnings;A;Normal value
2403040403IND02;00;2019;70246;Stari grad;118658;RSD;RSD;SORS;Average gross earnings;A;Normal value
2403040403IND02;00;2019;70254;Čukarica;90713;RSD;RSD;SORS;Average gross earnings;A;Normal value
2403040403IND02;00;2019;70262;Blace;56597;RSD;RSD;SORS;Average gross earnings;A;Normal value
2403040403IND02;00;2019;70289;Bogatić;58820;RSD;RSD;SORS;Average gross earnings;A;Normal value
2403040403IND02;00;2019;70297;Bojnik;52423;RSD;RSD;SORS;Average gross earnings;A;Normal value
2403040403IND02;00;2019;70319;Boljevac;65051;RSD;RSD;SORS;Average gross earnings;A;Normal value
2403040403IND02;00;2019;70327;Bor;84934;RSD;RSD;SORS;Average gross earnings;A;Normal value
2403040403IND02;00;2019;70335;Bosilegrad;58719;RSD;RSD;SORS;Average gross earnings;A;Normal value
2403040403IND02;00;2019;70343;Brus;57529;RSD;RSD;SORS;Average gross earnings;A;Normal value
2403040403IND02;00;2019;70351;Bujanovac;56349;RSD;RSD;SORS;Average gross earnings;A;Normal value
2403040403IND02;00;2019;70360;Valjevo;67371;RSD;RSD;SORS;Average gross earnings;A;Normal value
2403040403IND02;00;2019;70378;Varvarin;54056;RSD;RSD;SORS;Average gross earnings;A;Normal value
2403040403IND02;00;2019;70386;Velika Plana;66939;RSD;RSD;SORS;Average gross earnings;A;Normal value
2403040403IND02;00;2019;70394;Veliko Gradište;58909;RSD;RSD;SORS;Average gross earnings;A;Normal value
2403040403IND02;00;2019;70408;Vladimirci;57682;RSD;RSD;SORS;Average gross earnings;A;Normal value
2403040403IND02;00;2019;70416;Vladičin Han;61660;RSD;RSD;SORS;Average gross earnings;A;Normal value
2403040403IND02;00;2019;70424;Vlasotince;52182;RSD;RSD;SORS;Average gross earnings;A;Normal value
2403040403IND02;00;2019;70432;Vranje;63739;RSD;RSD;SORS;Average gross earnings;A;Normal value
2403040403IND02;00;2019;70459;Vrnjačka Banja;57764;RSD;RSD;SORS;Average gross earnings;A;Normal value
2403040403IND02;00;2019;70467;Gadžin Han;51847;RSD;RSD;SORS;Average gross earnings;A;Normal value
2403040403IND02;00;2019;70475;Golubac;58962;RSD;RSD;SORS;Average gross earnings;A;Normal value
2403040403IND02;00;2019;70483;Gornji Milanovac;69190;RSD;RSD;SORS;Average gross earnings;A;Normal value
2403040403IND02;00;2019;70491;Despotovac;66632;RSD;RSD;SORS;Average gross earnings;A;Normal value
2403040403IND02;00;2019;70505;Dimitrovgrad;57544;RSD;RSD;SORS;Average gross earnings;A;Normal value
2403040403IND02;00;2019;70513;Doljevac;55534;RSD;RSD;SORS;Average gross earnings;A;Normal value
2403040403IND02;00;2019;70521;Žabari;55335;RSD;RSD;SORS;Average gross earnings;A;Normal value
2403040403IND02;00;2019;70530;Žagubica;62499;RSD;RSD;SORS;Average gross earnings;A;Normal value
2403040403IND02;00;2019;70548;Žitorađa;58606;RSD;RSD;SORS;Average gross earnings;A;Normal value
2403040403IND02;00;2019;70556;Zaječar;66699;RSD;RSD;SORS;Average gross earnings;A;Normal value
2403040403IND02;00;2019;70564;Ivanjica;54925;RSD;RSD;SORS;Average gross earnings;A;Normal value
2403040403IND02;00;2019;70572;Kladovo;68680;RSD;RSD;SORS;Average gross earnings;A;Normal value
2403040403IND02;00;2019;70599;Knić;62135;RSD;RSD;SORS;Average gross earnings;A;Normal value
2403040403IND02;00;2019;70602;Knjaževac;56616;RSD;RSD;SORS;Average gross earnings;A;Normal value
2403040403IND02;00;2019;70629;Kosjerić;64904;RSD;RSD;SORS;Average gross earnings;A;Normal value
2403040403IND02;00;2019;70637;Koceljeva;58139;RSD;RSD;SORS;Average gross earnings;A;Normal value
2403040403IND02;00;2019;70645;Kragujevac;72622;RSD;RSD;SORS;Average gross earnings;A;Normal value
2403040403IND02;00;2019;70653;Kraljevo;64222;RSD;RSD;SORS;Average gross earnings;A;Normal value
2403040403IND02;00;2019;70661;Krupanj;55071;RSD;RSD;SORS;Average gross earnings;A;Normal value
2403040403IND02;00;2019;70670;Kruševac;64413;RSD;RSD;SORS;Average gross earnings;A;Normal value
2403040403IND02;00;2019;70688;Kuršumlija;61933;RSD;RSD;SORS;Average gross earnings;A;Normal value
2403040403IND02;00;2019;70696;Kučevo;59099;RSD;RSD;SORS;Average gross earnings;A;Normal value
2403040403IND02;00;2019;70700;Lajkovac;89693;RSD;RSD;SORS;Average gross earnings;A;Normal value
2403040403IND02;00;2019;70718;Lebane;55723;RSD;RSD;SORS;Average gross earnings;A;Normal value
2403040403IND02;00;2019;70726;Leskovac;60140;RSD;RSD;SORS;Average gross earnings;A;Normal value
2403040403IND02;00;2019;70734;Loznica;60101;RSD;RSD;SORS;Average gross earnings;A;Normal value
2403040403IND02;00;2019;70742;Lučani;76862;RSD;RSD;SORS;Average gross earnings;A;Normal value
2403040403IND02;00;2019;70769;Ljig;68721;RSD;RSD;SORS;Average gross earnings;A;Normal value
2403040403IND02;00;2019;70777;Ljubovija;64320;RSD;RSD;SORS;Average gross earnings;A;Normal value
2403040403IND02;00;2019;70785;Majdanpek;78906;RSD;RSD;SORS;Average gross earnings;A;Normal value
2403040403IND02;00;2019;70793;Mali Zvornik;61635;RSD;RSD;SORS;Average gross earnings;A;Normal value
2403040403IND02;00;2019;70807;Malo Crniće;58854;RSD;RSD;SORS;Average gross earnings;A;Normal value
2403040403IND02;00;2019;70815;Medveđa;66758;RSD;RSD;SORS;Average gross earnings;A;Normal value
2403040403IND02;00;2019;70823;Merošina;55128;RSD;RSD;SORS;Average gross earnings;A;Normal value
2403040403IND02;00;2019;70831;Mionica;59926;RSD;RSD;SORS;Average gross earnings;A;Normal value
2403040403IND02;00;2019;70840;Negotin;63917;RSD;RSD;SORS;Average gross earnings;A;Normal value
2403040403IND02;00;2019;70866;Nova Varoš;61350;RSD;RSD;SORS;Average gross earnings;A;Normal value
2403040403IND02;00;2019;70874;Novi Pazar;57005;RSD;RSD;SORS;Average gross earnings;A;Normal value
2403040403IND02;00;2019;70882;Osečina;58083;RSD;RSD;SORS;Average gross earnings;A;Normal value
2403040403IND02;00;2019;70904;Paraćin;62146;RSD;RSD;SORS;Average gross earnings;A;Normal value
2403040403IND02;00;2019;70912;Petrovac na Mlavi;57114;RSD;RSD;SORS;Average gross earnings;A;Normal value
2403040403IND02;00;2019;70939;Pirot;75073;RSD;RSD;SORS;Average gross earnings;A;Normal value
2403040403IND02;00;2019;70947;Požarevac;76671;RSD;RSD;SORS;Average gross earnings;A;Normal value
2403040403IND02;00;2019;70955;Požega;64220;RSD;RSD;SORS;Average gross earnings;A;Normal value
2403040403IND02;00;2019;70963;Preševo;56419;RSD;RSD;SORS;Average gross earnings;A;Normal value
2403040403IND02;00;2019;70971;Priboj;61442;RSD;RSD;SORS;Average gross earnings;A;Normal value
2403040403IND02;00;2019;70980;Prijepolje;58104;RSD;RSD;SORS;Average gross earnings;A;Normal value
2403040403IND02;00;2019;70998;Prokuplje;63293;RSD;RSD;SORS;Average gross earnings;A;Normal value
2403040403IND02;00;2019;71005;Ražanj;54199;RSD;RSD;SORS;Average gross earnings;A;Normal value
2403040403IND02;00;2019;71013;Rača;61177;RSD;RSD;SORS;Average gross earnings;A;Normal value
2403040403IND02;00;2019;71021;Raška;61155;RSD;RSD;SORS;Average gross earnings;A;Normal value
2403040403IND02;00;2019;71030;Rekovac;59319;RSD;RSD;SORS;Average gross earnings;A;Normal value
2403040403IND02;00;2019;71048;Jagodina;61061;RSD;RSD;SORS;Average gross earnings;A;Normal value
2403040403IND02;00;2019;71056;Svilajnac;59848;RSD;RSD;SORS;Average gross earnings;A;Normal value
2403040403IND02;00;2019;71064;Svrljig;50020;RSD;RSD;SORS;Average gross earnings;A;Normal value
2403040403IND02;00;2019;71072;Sjenica;61497;RSD;RSD;SORS;Average gross earnings;A;Normal value
2403040403IND02;00;2019;71099;Smederevo;74130;RSD;RSD;SORS;Average gross earnings;A;Normal value
2403040403IND02;00;2019;71102;Smederevska Palanka;63815;RSD;RSD;SORS;Average gross earnings;A;Normal value
2403040403IND02;00;2019;71129;Sokobanja;63395;RSD;RSD;SORS;Average gross earnings;A;Normal value
2403040403IND02;00;2019;71137;Surdulica;62338;RSD;RSD;SORS;Average gross earnings;A;Normal value
2403040403IND02;00;2019;71145;Užice;72605;RSD;RSD;SORS;Average gross earnings;A;Normal value
2403040403IND02;00;2019;71153;Topola;59963;RSD;RSD;SORS;Average gross earnings;A;Normal value
2403040403IND02;00;2019;71161;Trgovište;60027;RSD;RSD;SORS;Average gross earnings;A;Normal value
2403040403IND02;00;2019;71170;Trstenik;58602;RSD;RSD;SORS;Average gross earnings;A;Normal value
2403040403IND02;00;2019;71188;Tutin;59409;RSD;RSD;SORS;Average gross earnings;A;Normal value
2403040403IND02;00;2019;71196;Ćićevac;56875;RSD;RSD;SORS;Average gross earnings;A;Normal value
2403040403IND02;00;2019;71200;Ćuprija;61266;RSD;RSD;SORS;Average gross earnings;A;Normal value
2403040403IND02;00;2019;71218;Ub;69981;RSD;RSD;SORS;Average gross earnings;A;Normal value
2403040403IND02;00;2019;71226;Crna Trava;57209;RSD;RSD;SORS;Average gross earnings;A;Normal value
2403040403IND02;00;2019;71234;Čajetina;58931;RSD;RSD;SORS;Average gross earnings;A;Normal value
2403040403IND02;00;2019;71242;Čačak;64743;RSD;RSD;SORS;Average gross earnings;A;Normal value
2403040403IND02;00;2019;71269;Šabac;67139;RSD;RSD;SORS;Average gross earnings;A;Normal value
2403040403IND02;00;2019;71277;Lapovo;60668;RSD;RSD;SORS;Average gross earnings;A;Normal value
2403040403IND02;00;2019;71285;Niška Banja;57641;RSD;RSD;SORS;Average gross earnings;A;Normal value
2403040403IND02;00;2019;71293;Surčin;67299;RSD;RSD;SORS;Average gross earnings;A;Normal value
2403040403IND02;00;2019;71307;Pantelej;65823;RSD;RSD;SORS;Average gross earnings;A;Normal value
2403040403IND02;00;2019;71315;Crveni Krst;62209;RSD;RSD;SORS;Average gross earnings;A;Normal value
2403040403IND02;00;2019;71323;Palilula (Niš);66064;RSD;RSD;SORS;Average gross earnings;A;Normal value
2403040403IND02;00;2019;71331;Medijana;78166;RSD;RSD;SORS;Average gross earnings;A;Normal value
2403040403IND02;00;2019;71340;Kostolac;94358;RSD;RSD;SORS;Average gross earnings;A;Normal value
2403040403IND02;00;2019;71358;Vranjska Banja;52921;RSD;RSD;SORS;Average gross earnings;A;Normal value
2403040403IND02;00;2019;71366;Sevojno;67875;RSD;RSD;SORS;Average gross earnings;A;Normal value
2403040403IND02;00;2019;79022;Grad Niš;70503;RSD;RSD;SORS;Average gross earnings;A;Normal value
2403040403IND02;00;2019;79049;Grad Požarevac;79484;RSD;RSD;SORS;Average gross earnings;A;Normal value
2403040403IND02;00;2019;79057;Grad Vranje;63500;RSD;RSD;SORS;Average gross earnings;A;Normal value
2403040403IND02;00;2019;79065;Grad Užice;72458;RSD;RSD;SORS;Average gross earnings;A;Normal value
2403040403IND02;00;2019;80012;Ada;65889;RSD;RSD;SORS;Average gross earnings;A;Normal value
2403040403IND02;00;2019;80039;Alibunar;61872;RSD;RSD;SORS;Average gross earnings;A;Normal value
2403040403IND02;00;2019;80047;Apatin;65739;RSD;RSD;SORS;Average gross earnings;A;Normal value
2403040403IND02;00;2019;80055;Bač;57635;RSD;RSD;SORS;Average gross earnings;A;Normal value
2403040403IND02;00;2019;80063;Bačka Palanka;68038;RSD;RSD;SORS;Average gross earnings;A;Normal value
2403040403IND02;00;2019;80071;Bačka Topola;66101;RSD;RSD;SORS;Average gross earnings;A;Normal value
2403040403IND02;00;2019;80080;Bački Petrovac;62352;RSD;RSD;SORS;Average gross earnings;A;Normal value
2403040403IND02;00;2019;80098;Bela Crkva;60000;RSD;RSD;SORS;Average gross earnings;A;Normal value
2403040403IND02;00;2019;80101;Beočin;65001;RSD;RSD;SORS;Average gross earnings;A;Normal value
2403040403IND02;00;2019;80110;Bečej;65159;RSD;RSD;SORS;Average gross earnings;A;Normal value
2403040403IND02;00;2019;80128;Vršac;78216;RSD;RSD;SORS;Average gross earnings;A;Normal value
2403040403IND02;00;2019;80136;Žabalj;60194;RSD;RSD;SORS;Average gross earnings;A;Normal value
2403040403IND02;00;2019;80144;Žitište;64363;RSD;RSD;SORS;Average gross earnings;A;Normal value
2403040403IND02;00;2019;80152;Zrenjanin;72957;RSD;RSD;SORS;Average gross earnings;A;Normal value
2403040403IND02;00;2019;80179;Inđija;69075;RSD;RSD;SORS;Average gross earnings;A;Normal value
2403040403IND02;00;2019;80187;Irig;60133;RSD;RSD;SORS;Average gross earnings;A;Normal value
2403040403IND02;00;2019;80195;Kanjiža;64322;RSD;RSD;SORS;Average gross earnings;A;Normal value
2403040403IND02;00;2019;80209;Kikinda;70129;RSD;RSD;SORS;Average gross earnings;A;Normal value
2403040403IND02;00;2019;80217;Kovačica;59063;RSD;RSD;SORS;Average gross earnings;A;Normal value
2403040403IND02;00;2019;80225;Kovin;71894;RSD;RSD;SORS;Average gross earnings;A;Normal value
2403040403IND02;00;2019;80233;Kula;61747;RSD;RSD;SORS;Average gross earnings;A;Normal value
2403040403IND02;00;2019;80241;Mali Iđoš;58085;RSD;RSD;SORS;Average gross earnings;A;Normal value
2403040403IND02;00;2019;80250;Nova Crnja;65941;RSD;RSD;SORS;Average gross earnings;A;Normal value
2403040403IND02;00;2019;80268;Novi Bečej;61442;RSD;RSD;SORS;Average gross earnings;A;Normal value
2403040403IND02;00;2019;80276;Novi Kneževac;64172;RSD;RSD;SORS;Average gross earnings;A;Normal value
2403040403IND02;00;2019;80292;Opovo;62507;RSD;RSD;SORS;Average gross earnings;A;Normal value
2403040403IND02;00;2019;80306;Odžaci;61956;RSD;RSD;SORS;Average gross earnings;A;Normal value
2403040403IND02;00;2019;80314;Pančevo;74960;RSD;RSD;SORS;Average gross earnings;A;Normal value
2403040403IND02;00;2019;80322;Pećinci;67151;RSD;RSD;SORS;Average gross earnings;A;Normal value
2403040403IND02;00;2019;80349;Plandište;63070;RSD;RSD;SORS;Average gross earnings;A;Normal value
2403040403IND02;00;2019;80357;Ruma;66441;RSD;RSD;SORS;Average gross earnings;A;Normal value
2403040403IND02;00;2019;80365;Senta;71053;RSD;RSD;SORS;Average gross earnings;A;Normal value
2403040403IND02;00;2019;80373;Sečanj;64107;RSD;RSD;SORS;Average gross earnings;A;Normal value
2403040403IND02;00;2019;80381;Sombor;67188;RSD;RSD;SORS;Average gross earnings;A;Normal value
2403040403IND02;00;2019;80390;Srbobran;58434;RSD;RSD;SORS;Average gross earnings;A;Normal value
2403040403IND02;00;2019;80403;Sremska Mitrovica;69530;RSD;RSD;SORS;Average gross earnings;A;Normal value
2403040403IND02;00;2019;80411;Sremski Karlovci;70204;RSD;RSD;SORS;Average gross earnings;A;Normal value
2403040403IND02;00;2019;80420;Stara Pazova;67821;RSD;RSD;SORS;Average gross earnings;A;Normal value
2403040403IND02;00;2019;80438;Subotica;70890;RSD;RSD;SORS;Average gross earnings;A;Normal value
2403040403IND02;00;2019;80446;Temerin;64985;RSD;RSD;SORS;Average gross earnings;A;Normal value
2403040403IND02;00;2019;80454;Titel;72675;RSD;RSD;SORS;Average gross earnings;A;Normal value
2403040403IND02;00;2019;80462;Vrbas;64537;RSD;RSD;SORS;Average gross earnings;A;Normal value
2403040403IND02;00;2019;80489;Čoka;61910;RSD;RSD;SORS;Average gross earnings;A;Normal value
2403040403IND02;00;2019;80497;Šid;61360;RSD;RSD;SORS;Average gross earnings;A;Normal value
2403040403IND02;00;2019;89010;Grad Novi Sad;83433;RSD;RSD;SORS;Average gross earnings;A;Normal value
2403040403IND02;00;2019;RS;REPUBLIC OF SERBIA;75814;RSD;RSD;SORS;Average gross earnings;A;Normal value
2403040403IND02;00;2019;RS1;SRBIJA – SEVER;83402;RSD;RSD;SORS;Average gross earnings;A;Normal value
2403040403IND02;00;2019;RS11;Beogradski region;93837;RSD;RSD;SORS;Average gross earnings;A;Normal value
2403040403IND02;00;2019;RS110;Beogradska oblast;93837;RSD;RSD;SORS;Average gross earnings;A;Normal value
2403040403IND02;00;2019;RS12;Region Vojvodine;71818;RSD;RSD;SORS;Average gross earnings;A;Normal value
2403040403IND02;00;2019;RS121;Zapadnobačka oblast;64880;RSD;RSD;SORS;Average gross earnings;A;Normal value
2403040403IND02;00;2019;RS122;Južnobanatska oblast;72331;RSD;RSD;SORS;Average gross earnings;A;Normal value
2403040403IND02;00;2019;RS123;Južnobačka oblast;76765;RSD;RSD;SORS;Average gross earnings;A;Normal value
2403040403IND02;00;2019;RS124;Severnobanatska oblast;68024;RSD;RSD;SORS;Average gross earnings;A;Normal value
2403040403IND02;00;2019;RS125;Severnobačka oblast;69564;RSD;RSD;SORS;Average gross earnings;A;Normal value
2403040403IND02;00;2019;RS126;Srednjobanatska oblast;70369;RSD;RSD;SORS;Average gross earnings;A;Normal value
2403040403IND02;00;2019;RS127;Sremska oblast;67414;RSD;RSD;SORS;Average gross earnings;A;Normal value
2403040403IND02;00;2019;RS2;SRBIJA – JUG;65624;RSD;RSD;SORS;Average gross earnings;A;Normal value
2403040403IND02;00;2019;RS21;Region Šumadije i Zapadne Srbije;64746;RSD;RSD;SORS;Average gross earnings;A;Normal value
2403040403IND02;00;2019;RS211;Zlatiborska oblast;64796;RSD;RSD;SORS;Average gross earnings;A;Normal value
2403040403IND02;00;2019;RS212;Kolubarska oblast;69198;RSD;RSD;SORS;Average gross earnings;A;Normal value
2403040403IND02;00;2019;RS213;Mačvanska oblast;63184;RSD;RSD;SORS;Average gross earnings;A;Normal value
2403040403IND02;00;2019;RS214;Moravička oblast;65374;RSD;RSD;SORS;Average gross earnings;A;Normal value
2403040403IND02;00;2019;RS215;Pomoravska oblast;61679;RSD;RSD;SORS;Average gross earnings;A;Normal value
2403040403IND02;00;2019;RS216;Rasinska oblast;61734;RSD;RSD;SORS;Average gross earnings;A;Normal value
2403040403IND02;00;2019;RS217;Raška oblast;61202;RSD;RSD;SORS;Average gross earnings;A;Normal value
2403040403IND02;00;2019;RS218;Šumadijska oblast;69778;RSD;RSD;SORS;Average gross earnings;A;Normal value
2403040403IND02;00;2019;RS22;Region Južne i Istočne Srbije;66732;RSD;RSD;SORS;Average gross earnings;A;Normal value
2403040403IND02;00;2019;RS221;Borska oblast;76369;RSD;RSD;SORS;Average gross earnings;A;Normal value
2403040403IND02;00;2019;RS222;Braničevska oblast;71289;RSD;RSD;SORS;Average gross earnings;A;Normal value
2403040403IND02;00;2019;RS223;Zaječarska oblast;63571;RSD;RSD;SORS;Average gross earnings;A;Normal value
2403040403IND02;00;2019;RS224;Jablanička oblast;58597;RSD;RSD;SORS;Average gross earnings;A;Normal value
2403040403IND02;00;2019;RS225;Nišavska oblast;67630;RSD;RSD;SORS;Average gross earnings;A;Normal value
2403040403IND02;00;2019;RS226;Pirotska oblast;70093;RSD;RSD;SORS;Average gross earnings;A;Normal value
2403040403IND02;00;2019;RS227;Podunavska oblast;70690;RSD;RSD;SORS;Average gross earnings;A;Normal value
2403040403IND02;00;2019;RS228;Pčinjska oblast;61416;RSD;RSD;SORS;Average gross earnings;A;Normal value
2403040403IND02;00;2019;RS229;Toplička oblast;61694;RSD;RSD;SORS;Average gross earnings;A;Normal value
2403040403IND02;00;2020;70017;Aleksandrovac;63254;RSD;RSD;SORS;Average gross earnings;A;Normal value
2403040403IND02;00;2020;70025;Aleksinac;66958;RSD;RSD;SORS;Average gross earnings;A;Normal value
2403040403IND02;00;2020;70033;Aranđelovac;72860;RSD;RSD;SORS;Average gross earnings;A;Normal value
2403040403IND02;00;2020;70041;Arilje;61003;RSD;RSD;SORS;Average gross earnings;A;Normal value
2403040403IND02;00;2020;70050;Babušnica;65238;RSD;RSD;SORS;Average gross earnings;A;Normal value
2403040403IND02;00;2020;70068;Bajina Bašta;65141;RSD;RSD;SORS;Average gross earnings;A;Normal value
2403040403IND02;00;2020;70076;Batočina;65464;RSD;RSD;SORS;Average gross earnings;A;Normal value
2403040403IND02;00;2020;70084;Bela Palanka;61974;RSD;RSD;SORS;Average gross earnings;A;Normal value
2403040403IND02;00;2020;70092;Barajevo;72376;RSD;RSD;SORS;Average gross earnings;A;Normal value
2403040403IND02;00;2020;70106;Voždovac;106525;RSD;RSD;SORS;Average gross earnings;A;Normal value
2403040403IND02;00;2020;70114;Vračar;133787;RSD;RSD;SORS;Average gross earnings;A;Normal value
2403040403IND02;00;2020;70122;Grocka;72613;RSD;RSD;SORS;Average gross earnings;A;Normal value
2403040403IND02;00;2020;70149;Zvezdara;105475;RSD;RSD;SORS;Average gross earnings;A;Normal value
2403040403IND02;00;2020;70157;Zemun;94615;RSD;RSD;SORS;Average gross earnings;A;Normal value
2403040403IND02;00;2020;70165;Lazarevac;102891;RSD;RSD;SORS;Average gross earnings;A;Normal value
2403040403IND02;00;2020;70173;Mladenovac;70355;RSD;RSD;SORS;Average gross earnings;A;Normal value
2403040403IND02;00;2020;70181;Novi Beograd;129806;RSD;RSD;SORS;Average gross earnings;A;Normal value
2403040403IND02;00;2020;70190;Obrenovac;83604;RSD;RSD;SORS;Average gross earnings;A;Normal value
2403040403IND02;00;2020;70203;Palilula (Beograd);92714;RSD;RSD;SORS;Average gross earnings;A;Normal value
2403040403IND02;00;2020;70211;Rakovica;93132;RSD;RSD;SORS;Average gross earnings;A;Normal value
2403040403IND02;00;2020;70220;Savski venac;118697;RSD;RSD;SORS;Average gross earnings;A;Normal value
2403040403IND02;00;2020;70238;Sopot;69385;RSD;RSD;SORS;Average gross earnings;A;Normal value
2403040403IND02;00;2020;70246;Stari grad;128127;RSD;RSD;SORS;Average gross earnings;A;Normal value
2403040403IND02;00;2020;70254;Čukarica;98652;RSD;RSD;SORS;Average gross earnings;A;Normal value
2403040403IND02;00;2020;70262;Blace;62203;RSD;RSD;SORS;Average gross earnings;A;Normal value
2403040403IND02;00;2020;70289;Bogatić;63838;RSD;RSD;SORS;Average gross earnings;A;Normal value
2403040403IND02;00;2020;70297;Bojnik;57583;RSD;RSD;SORS;Average gross earnings;A;Normal value
2403040403IND02;00;2020;70319;Boljevac;69793;RSD;RSD;SORS;Average gross earnings;A;Normal value
2403040403IND02;00;2020;70327;Bor;96648;RSD;RSD;SORS;Average gross earnings;A;Normal value
2403040403IND02;00;2020;70335;Bosilegrad;64477;RSD;RSD;SORS;Average gross earnings;A;Normal value
2403040403IND02;00;2020;70343;Brus;63063;RSD;RSD;SORS;Average gross earnings;A;Normal value
2403040403IND02;00;2020;70351;Bujanovac;60655;RSD;RSD;SORS;Average gross earnings;A;Normal value
2403040403IND02;00;2020;70360;Valjevo;74191;RSD;RSD;SORS;Average gross earnings;A;Normal value
2403040403IND02;00;2020;70378;Varvarin;59404;RSD;RSD;SORS;Average gross earnings;A;Normal value
2403040403IND02;00;2020;70386;Velika Plana;70613;RSD;RSD;SORS;Average gross earnings;A;Normal value
2403040403IND02;00;2020;70394;Veliko Gradište;63968;RSD;RSD;SORS;Average gross earnings;A;Normal value
2403040403IND02;00;2020;70408;Vladimirci;63838;RSD;RSD;SORS;Average gross earnings;A;Normal value
2403040403IND02;00;2020;70416;Vladičin Han;68048;RSD;RSD;SORS;Average gross earnings;A;Normal value
2403040403IND02;00;2020;70424;Vlasotince;58012;RSD;RSD;SORS;Average gross earnings;A;Normal value
2403040403IND02;00;2020;70432;Vranje;68854;RSD;RSD;SORS;Average gross earnings;A;Normal value
2403040403IND02;00;2020;70459;Vrnjačka Banja;62825;RSD;RSD;SORS;Average gross earnings;A;Normal value
2403040403IND02;00;2020;70467;Gadžin Han;58752;RSD;RSD;SORS;Average gross earnings;A;Normal value
2403040403IND02;00;2020;70475;Golubac;63370;RSD;RSD;SORS;Average gross earnings;A;Normal value
2403040403IND02;00;2020;70483;Gornji Milanovac;74713;RSD;RSD;SORS;Average gross earnings;A;Normal value
2403040403IND02;00;2020;70491;Despotovac;70091;RSD;RSD;SORS;Average gross earnings;A;Normal value
2403040403IND02;00;2020;70505;Dimitrovgrad;64325;RSD;RSD;SORS;Average gross earnings;A;Normal value
2403040403IND02;00;2020;70513;Doljevac;63826;RSD;RSD;SORS;Average gross earnings;A;Normal value
2403040403IND02;00;2020;70521;Žabari;62836;RSD;RSD;SORS;Average gross earnings;A;Normal value
2403040403IND02;00;2020;70530;Žagubica;67697;RSD;RSD;SORS;Average gross earnings;A;Normal value
2403040403IND02;00;2020;70548;Žitorađa;65902;RSD;RSD;SORS;Average gross earnings;A;Normal value
2403040403IND02;00;2020;70556;Zaječar;73417;RSD;RSD;SORS;Average gross earnings;A;Normal value
2403040403IND02;00;2020;70564;Ivanjica;60158;RSD;RSD;SORS;Average gross earnings;A;Normal value
2403040403IND02;00;2020;70572;Kladovo;75189;RSD;RSD;SORS;Average gross earnings;A;Normal value
2403040403IND02;00;2020;70599;Knić;67402;RSD;RSD;SORS;Average gross earnings;A;Normal value
2403040403IND02;00;2020;70602;Knjaževac;62405;RSD;RSD;SORS;Average gross earnings;A;Normal value
2403040403IND02;00;2020;70629;Kosjerić;70854;RSD;RSD;SORS;Average gross earnings;A;Normal value
2403040403IND02;00;2020;70637;Koceljeva;63007;RSD;RSD;SORS;Average gross earnings;A;Normal value
2403040403IND02;00;2020;70645;Kragujevac;79513;RSD;RSD;SORS;Average gross earnings;A;Normal value
2403040403IND02;00;2020;70653;Kraljevo;70458;RSD;RSD;SORS;Average gross earnings;A;Normal value
2403040403IND02;00;2020;70661;Krupanj;60829;RSD;RSD;SORS;Average gross earnings;A;Normal value
2403040403IND02;00;2020;70670;Kruševac;69796;RSD;RSD;SORS;Average gross earnings;A;Normal value
2403040403IND02;00;2020;70688;Kuršumlija;67034;RSD;RSD;SORS;Average gross earnings;A;Normal value
2403040403IND02;00;2020;70696;Kučevo;64781;RSD;RSD;SORS;Average gross earnings;A;Normal value
2403040403IND02;00;2020;70700;Lajkovac;94448;RSD;RSD;SORS;Average gross earnings;A;Normal value
2403040403IND02;00;2020;70718;Lebane;61125;RSD;RSD;SORS;Average gross earnings;A;Normal value
2403040403IND02;00;2020;70726;Leskovac;65582;RSD;RSD;SORS;Average gross earnings;A;Normal value
2403040403IND02;00;2020;70734;Loznica;66352;RSD;RSD;SORS;Average gross earnings;A;Normal value
2403040403IND02;00;2020;70742;Lučani;77837;RSD;RSD;SORS;Average gross earnings;A;Normal value
2403040403IND02;00;2020;70769;Ljig;75064;RSD;RSD;SORS;Average gross earnings;A;Normal value
2403040403IND02;00;2020;70777;Ljubovija;69480;RSD;RSD;SORS;Average gross earnings;A;Normal value
2403040403IND02;00;2020;70785;Majdanpek;88964;RSD;RSD;SORS;Average gross earnings;A;Normal value
2403040403IND02;00;2020;70793;Mali Zvornik;67342;RSD;RSD;SORS;Average gross earnings;A;Normal value
2403040403IND02;00;2020;70807;Malo Crniće;63824;RSD;RSD;SORS;Average gross earnings;A;Normal value
2403040403IND02;00;2020;70815;Medveđa;72489;RSD;RSD;SORS;Average gross earnings;A;Normal value
2403040403IND02;00;2020;70823;Merošina;61414;RSD;RSD;SORS;Average gross earnings;A;Normal value
2403040403IND02;00;2020;70831;Mionica;65507;RSD;RSD;SORS;Average gross earnings;A;Normal value
2403040403IND02;00;2020;70840;Negotin;70795;RSD;RSD;SORS;Average gross earnings;A;Normal value
2403040403IND02;00;2020;70866;Nova Varoš;66462;RSD;RSD;SORS;Average gross earnings;A;Normal value
2403040403IND02;00;2020;70874;Novi Pazar;62852;RSD;RSD;SORS;Average gross earnings;A;Normal value
2403040403IND02;00;2020;70882;Osečina;63670;RSD;RSD;SORS;Average gross earnings;A;Normal value
2403040403IND02;00;2020;70904;Paraćin;67965;RSD;RSD;SORS;Average gross earnings;A;Normal value
2403040403IND02;00;2020;70912;Petrovac na Mlavi;63346;RSD;RSD;SORS;Average gross earnings;A;Normal value
2403040403IND02;00;2020;70939;Pirot;79382;RSD;RSD;SORS;Average gross earnings;A;Normal value
2403040403IND02;00;2020;70947;Požarevac;83878;RSD;RSD;SORS;Average gross earnings;A;Normal value
2403040403IND02;00;2020;70955;Požega;69749;RSD;RSD;SORS;Average gross earnings;A;Normal value
2403040403IND02;00;2020;70963;Preševo;61275;RSD;RSD;SORS;Average gross earnings;A;Normal value
2403040403IND02;00;2020;70971;Priboj;67509;RSD;RSD;SORS;Average gross earnings;A;Normal value
2403040403IND02;00;2020;70980;Prijepolje;63688;RSD;RSD;SORS;Average gross earnings;A;Normal value
2403040403IND02;00;2020;70998;Prokuplje;70599;RSD;RSD;SORS;Average gross earnings;A;Normal value
2403040403IND02;00;2020;71005;Ražanj;59256;RSD;RSD;SORS;Average gross earnings;A;Normal value
2403040403IND02;00;2020;71013;Rača;66216;RSD;RSD;SORS;Average gross earnings;A;Normal value
2403040403IND02;00;2020;71021;Raška;65938;RSD;RSD;SORS;Average gross earnings;A;Normal value
2403040403IND02;00;2020;71030;Rekovac;63980;RSD;RSD;SORS;Average gross earnings;A;Normal value
2403040403IND02;00;2020;71048;Jagodina;67592;RSD;RSD;SORS;Average gross earnings;A;Normal value
2403040403IND02;00;2020;71056;Svilajnac;65669;RSD;RSD;SORS;Average gross earnings;A;Normal value
2403040403IND02;00;2020;71064;Svrljig;58556;RSD;RSD;SORS;Average gross earnings;A;Normal value
2403040403IND02;00;2020;71072;Sjenica;65642;RSD;RSD;SORS;Average gross earnings;A;Normal value
2403040403IND02;00;2020;71099;Smederevo;78866;RSD;RSD;SORS;Average gross earnings;A;Normal value
2403040403IND02;00;2020;71102;Smederevska Palanka;69149;RSD;RSD;SORS;Average gross earnings;A;Normal value
2403040403IND02;00;2020;71129;Sokobanja;68285;RSD;RSD;SORS;Average gross earnings;A;Normal value
2403040403IND02;00;2020;71137;Surdulica;68779;RSD;RSD;SORS;Average gross earnings;A;Normal value
2403040403IND02;00;2020;71145;Užice;79153;RSD;RSD;SORS;Average gross earnings;A;Normal value
2403040403IND02;00;2020;71153;Topola;64881;RSD;RSD;SORS;Average gross earnings;A;Normal value
2403040403IND02;00;2020;71161;Trgovište;65059;RSD;RSD;SORS;Average gross earnings;A;Normal value
2403040403IND02;00;2020;71170;Trstenik;63806;RSD;RSD;SORS;Average gross earnings;A;Normal value
2403040403IND02;00;2020;71188;Tutin;65090;RSD;RSD;SORS;Average gross earnings;A;Normal value
2403040403IND02;00;2020;71196;Ćićevac;62999;RSD;RSD;SORS;Average gross earnings;A;Normal value
2403040403IND02;00;2020;71200;Ćuprija;67970;RSD;RSD;SORS;Average gross earnings;A;Normal value
2403040403IND02;00;2020;71218;Ub;74472;RSD;RSD;SORS;Average gross earnings;A;Normal value
2403040403IND02;00;2020;71226;Crna Trava;64349;RSD;RSD;SORS;Average gross earnings;A;Normal value
2403040403IND02;00;2020;71234;Čajetina;64234;RSD;RSD;SORS;Average gross earnings;A;Normal value
2403040403IND02;00;2020;71242;Čačak;71154;RSD;RSD;SORS;Average gross earnings;A;Normal value
2403040403IND02;00;2020;71269;Šabac;73950;RSD;RSD;SORS;Average gross earnings;A;Normal value
2403040403IND02;00;2020;71277;Lapovo;65914;RSD;RSD;SORS;Average gross earnings;A;Normal value
2403040403IND02;00;2020;71285;Niška Banja;64717;RSD;RSD;SORS;Average gross earnings;A;Normal value
2403040403IND02;00;2020;71293;Surčin;73745;RSD;RSD;SORS;Average gross earnings;A;Normal value
2403040403IND02;00;2020;71307;Pantelej;74101;RSD;RSD;SORS;Average gross earnings;A;Normal value
2403040403IND02;00;2020;71315;Crveni Krst;69200;RSD;RSD;SORS;Average gross earnings;A;Normal value
2403040403IND02;00;2020;71323;Palilula (Niš);74067;RSD;RSD;SORS;Average gross earnings;A;Normal value
2403040403IND02;00;2020;71331;Medijana;87178;RSD;RSD;SORS;Average gross earnings;A;Normal value
2403040403IND02;00;2020;71340;Kostolac;102339;RSD;RSD;SORS;Average gross earnings;A;Normal value
2403040403IND02;00;2020;71358;Vranjska Banja;59103;RSD;RSD;SORS;Average gross earnings;A;Normal value
2403040403IND02;00;2020;71366;Sevojno;70276;RSD;RSD;SORS;Average gross earnings;A;Normal value
2403040403IND02;00;2020;79022;Grad Niš;78854;RSD;RSD;SORS;Average gross earnings;A;Normal value
2403040403IND02;00;2020;79049;Grad Požarevac;86678;RSD;RSD;SORS;Average gross earnings;A;Normal value
2403040403IND02;00;2020;79057;Grad Vranje;68623;RSD;RSD;SORS;Average gross earnings;A;Normal value
2403040403IND02;00;2020;79065;Grad Užice;78878;RSD;RSD;SORS;Average gross earnings;A;Normal value
2403040403IND02;00;2020;80012;Ada;68582;RSD;RSD;SORS;Average gross earnings;A;Normal value
2403040403IND02;00;2020;80039;Alibunar;68899;RSD;RSD;SORS;Average gross earnings;A;Normal value
2403040403IND02;00;2020;80047;Apatin;70492;RSD;RSD;SORS;Average gross earnings;A;Normal value
2403040403IND02;00;2020;80055;Bač;63286;RSD;RSD;SORS;Average gross earnings;A;Normal value
2403040403IND02;00;2020;80063;Bačka Palanka;73330;RSD;RSD;SORS;Average gross earnings;A;Normal value
2403040403IND02;00;2020;80071;Bačka Topola;70916;RSD;RSD;SORS;Average gross earnings;A;Normal value
2403040403IND02;00;2020;80080;Bački Petrovac;68363;RSD;RSD;SORS;Average gross earnings;A;Normal value
2403040403IND02;00;2020;80098;Bela Crkva;67478;RSD;RSD;SORS;Average gross earnings;A;Normal value
2403040403IND02;00;2020;80101;Beočin;71622;RSD;RSD;SORS;Average gross earnings;A;Normal value
2403040403IND02;00;2020;80110;Bečej;71196;RSD;RSD;SORS;Average gross earnings;A;Normal value
2403040403IND02;00;2020;80128;Vršac;85524;RSD;RSD;SORS;Average gross earnings;A;Normal value
2403040403IND02;00;2020;80136;Žabalj;65701;RSD;RSD;SORS;Average gross earnings;A;Normal value
2403040403IND02;00;2020;80144;Žitište;69684;RSD;RSD;SORS;Average gross earnings;A;Normal value
2403040403IND02;00;2020;80152;Zrenjanin;79228;RSD;RSD;SORS;Average gross earnings;A;Normal value
2403040403IND02;00;2020;80179;Inđija;76037;RSD;RSD;SORS;Average gross earnings;A;Normal value
2403040403IND02;00;2020;80187;Irig;66142;RSD;RSD;SORS;Average gross earnings;A;Normal value
2403040403IND02;00;2020;80195;Kanjiža;69538;RSD;RSD;SORS;Average gross earnings;A;Normal value
2403040403IND02;00;2020;80209;Kikinda;75943;RSD;RSD;SORS;Average gross earnings;A;Normal value
2403040403IND02;00;2020;80217;Kovačica;65357;RSD;RSD;SORS;Average gross earnings;A;Normal value
2403040403IND02;00;2020;80225;Kovin;75931;RSD;RSD;SORS;Average gross earnings;A;Normal value
2403040403IND02;00;2020;80233;Kula;68427;RSD;RSD;SORS;Average gross earnings;A;Normal value
2403040403IND02;00;2020;80241;Mali Iđoš;64229;RSD;RSD;SORS;Average gross earnings;A;Normal value
2403040403IND02;00;2020;80250;Nova Crnja;71402;RSD;RSD;SORS;Average gross earnings;A;Normal value
2403040403IND02;00;2020;80268;Novi Bečej;67586;RSD;RSD;SORS;Average gross earnings;A;Normal value
2403040403IND02;00;2020;80276;Novi Kneževac;70724;RSD;RSD;SORS;Average gross earnings;A;Normal value
2403040403IND02;00;2020;80292;Opovo;69529;RSD;RSD;SORS;Average gross earnings;A;Normal value
2403040403IND02;00;2020;80306;Odžaci;66533;RSD;RSD;SORS;Average gross earnings;A;Normal value
2403040403IND02;00;2020;80314;Pančevo;82229;RSD;RSD;SORS;Average gross earnings;A;Normal value
2403040403IND02;00;2020;80322;Pećinci;73235;RSD;RSD;SORS;Average gross earnings;A;Normal value
2403040403IND02;00;2020;80349;Plandište;68340;RSD;RSD;SORS;Average gross earnings;A;Normal value
2403040403IND02;00;2020;80357;Ruma;72601;RSD;RSD;SORS;Average gross earnings;A;Normal value
2403040403IND02;00;2020;80365;Senta;77155;RSD;RSD;SORS;Average gross earnings;A;Normal value
2403040403IND02;00;2020;80373;Sečanj;69527;RSD;RSD;SORS;Average gross earnings;A;Normal value
2403040403IND02;00;2020;80381;Sombor;74304;RSD;RSD;SORS;Average gross earnings;A;Normal value
2403040403IND02;00;2020;80390;Srbobran;63753;RSD;RSD;SORS;Average gross earnings;A;Normal value
2403040403IND02;00;2020;80403;Sremska Mitrovica;76244;RSD;RSD;SORS;Average gross earnings;A;Normal value
2403040403IND02;00;2020;80411;Sremski Karlovci;77554;RSD;RSD;SORS;Average gross earnings;A;Normal value
2403040403IND02;00;2020;80420;Stara Pazova;74717;RSD;RSD;SORS;Average gross earnings;A;Normal value
2403040403IND02;00;2020;80438;Subotica;77100;RSD;RSD;SORS;Average gross earnings;A;Normal value
2403040403IND02;00;2020;80446;Temerin;71445;RSD;RSD;SORS;Average gross earnings;A;Normal value
2403040403IND02;00;2020;80454;Titel;76983;RSD;RSD;SORS;Average gross earnings;A;Normal value
2403040403IND02;00;2020;80462;Vrbas;70141;RSD;RSD;SORS;Average gross earnings;A;Normal value
2403040403IND02;00;2020;80489;Čoka;67226;RSD;RSD;SORS;Average gross earnings;A;Normal value
2403040403IND02;00;2020;80497;Šid;68164;RSD;RSD;SORS;Average gross earnings;A;Normal value
2403040403IND02;00;2020;89010;Grad Novi Sad;93766;RSD;RSD;SORS;Average gross earnings;A;Normal value
2403040403IND02;00;2020;RS;REPUBLIC OF SERBIA;82984;RSD;RSD;SORS;Average gross earnings;A;Normal value
2403040403IND02;00;2020;RS1;SRBIJA – SEVER;91418;RSD;RSD;SORS;Average gross earnings;A;Normal value
2403040403IND02;00;2020;RS11;Beogradski region;102400;RSD;RSD;SORS;Average gross earnings;A;Normal value
2403040403IND02;00;2020;RS110;Beogradska oblast;102400;RSD;RSD;SORS;Average gross earnings;A;Normal value
2403040403IND02;00;2020;RS12;Region Vojvodine;79070;RSD;RSD;SORS;Average gross earnings;A;Normal value
2403040403IND02;00;2020;RS121;Zapadnobačka oblast;71127;RSD;RSD;SORS;Average gross earnings;A;Normal value
2403040403IND02;00;2020;RS122;Južnobanatska oblast;79094;RSD;RSD;SORS;Average gross earnings;A;Normal value
2403040403IND02;00;2020;RS123;Južnobačka oblast;85514;RSD;RSD;SORS;Average gross earnings;A;Normal value
2403040403IND02;00;2020;RS124;Severnobanatska oblast;73448;RSD;RSD;SORS;Average gross earnings;A;Normal value
2403040403IND02;00;2020;RS125;Severnobačka oblast;75580;RSD;RSD;SORS;Average gross earnings;A;Normal value
2403040403IND02;00;2020;RS126;Srednjobanatska oblast;76471;RSD;RSD;SORS;Average gross earnings;A;Normal value
2403040403IND02;00;2020;RS127;Sremska oblast;74053;RSD;RSD;SORS;Average gross earnings;A;Normal value
2403040403IND02;00;2020;RS2;SRBIJA – JUG;71776;RSD;RSD;SORS;Average gross earnings;A;Normal value
2403040403IND02;00;2020;RS21;Region Šumadije i Zapadne Srbije;70676;RSD;RSD;SORS;Average gross earnings;A;Normal value
2403040403IND02;00;2020;RS211;Zlatiborska oblast;70533;RSD;RSD;SORS;Average gross earnings;A;Normal value
2403040403IND02;00;2020;RS212;Kolubarska oblast;75247;RSD;RSD;SORS;Average gross earnings;A;Normal value
2403040403IND02;00;2020;RS213;Mačvanska oblast;69417;RSD;RSD;SORS;Average gross earnings;A;Normal value
2403040403IND02;00;2020;RS214;Moravička oblast;71039;RSD;RSD;SORS;Average gross earnings;A;Normal value
2403040403IND02;00;2020;RS215;Pomoravska oblast;67660;RSD;RSD;SORS;Average gross earnings;A;Normal value
2403040403IND02;00;2020;RS216;Rasinska oblast;67114;RSD;RSD;SORS;Average gross earnings;A;Normal value
2403040403IND02;00;2020;RS217;Raška oblast;67081;RSD;RSD;SORS;Average gross earnings;A;Normal value
2403040403IND02;00;2020;RS218;Šumadijska oblast;76208;RSD;RSD;SORS;Average gross earnings;A;Normal value
2403040403IND02;00;2020;RS22;Region Južne i Istočne Srbije;73172;RSD;RSD;SORS;Average gross earnings;A;Normal value
2403040403IND02;00;2020;RS221;Borska oblast;85999;RSD;RSD;SORS;Average gross earnings;A;Normal value
2403040403IND02;00;2020;RS222;Braničevska oblast;77735;RSD;RSD;SORS;Average gross earnings;A;Normal value
2403040403IND02;00;2020;RS223;Zaječarska oblast;69612;RSD;RSD;SORS;Average gross earnings;A;Normal value
2403040403IND02;00;2020;RS224;Jablanička oblast;64082;RSD;RSD;SORS;Average gross earnings;A;Normal value
2403040403IND02;00;2020;RS225;Nišavska oblast;75581;RSD;RSD;SORS;Average gross earnings;A;Normal value
2403040403IND02;00;2020;RS226;Pirotska oblast;74878;RSD;RSD;SORS;Average gross earnings;A;Normal value
2403040403IND02;00;2020;RS227;Podunavska oblast;75320;RSD;RSD;SORS;Average gross earnings;A;Normal value
2403040403IND02;00;2020;RS228;Pčinjska oblast;66718;RSD;RSD;SORS;Average gross earnings;A;Normal value
2403040403IND02;00;2020;RS229;Toplička oblast;68335;RSD;RSD;SORS;Average gross earnings;A;Normal value
2403040403IND02;00;2021;70017;Aleksandrovac;69265;RSD;RSD;SORS;Average gross earnings;A;Normal value
2403040403IND02;00;2021;70025;Aleksinac;73026;RSD;RSD;SORS;Average gross earnings;A;Normal value
2403040403IND02;00;2021;70033;Aranđelovac;79496;RSD;RSD;SORS;Average gross earnings;A;Normal value
2403040403IND02;00;2021;70041;Arilje;67323;RSD;RSD;SORS;Average gross earnings;A;Normal value
2403040403IND02;00;2021;70050;Babušnica;72092;RSD;RSD;SORS;Average gross earnings;A;Normal value
2403040403IND02;00;2021;70068;Bajina Bašta;70916;RSD;RSD;SORS;Average gross earnings;A;Normal value
2403040403IND02;00;2021;70076;Batočina;70762;RSD;RSD;SORS;Average gross earnings;A;Normal value
2403040403IND02;00;2021;70084;Bela Palanka;66974;RSD;RSD;SORS;Average gross earnings;A;Normal value
2403040403IND02;00;2021;70092;Barajevo;78455;RSD;RSD;SORS;Average gross earnings;A;Normal value
2403040403IND02;00;2021;70106;Voždovac;118545;RSD;RSD;SORS;Average gross earnings;A;Normal value
2403040403IND02;00;2021;70114;Vračar;148735;RSD;RSD;SORS;Average gross earnings;A;Normal value
2403040403IND02;00;2021;70122;Grocka;79168;RSD;RSD;SORS;Average gross earnings;A;Normal value
2403040403IND02;00;2021;70149;Zvezdara;116180;RSD;RSD;SORS;Average gross earnings;A;Normal value
2403040403IND02;00;2021;70157;Zemun;104392;RSD;RSD;SORS;Average gross earnings;A;Normal value
2403040403IND02;00;2021;70165;Lazarevac;107068;RSD;RSD;SORS;Average gross earnings;A;Normal value
2403040403IND02;00;2021;70173;Mladenovac;76637;RSD;RSD;SORS;Average gross earnings;A;Normal value
2403040403IND02;00;2021;70181;Novi Beograd;144226;RSD;RSD;SORS;Average gross earnings;A;Normal value
2403040403IND02;00;2021;70190;Obrenovac;90709;RSD;RSD;SORS;Average gross earnings;A;Normal value
2403040403IND02;00;2021;70203;Palilula (Beograd);102038;RSD;RSD;SORS;Average gross earnings;A;Normal value
2403040403IND02;00;2021;70211;Rakovica;102284;RSD;RSD;SORS;Average gross earnings;A;Normal value
2403040403IND02;00;2021;70220;Savski venac;134592;RSD;RSD;SORS;Average gross earnings;A;Normal value
2403040403IND02;00;2021;70238;Sopot;75470;RSD;RSD;SORS;Average gross earnings;A;Normal value
2403040403IND02;00;2021;70246;Stari grad;143434;RSD;RSD;SORS;Average gross earnings;A;Normal value
2403040403IND02;00;2021;70254;Čukarica;108814;RSD;RSD;SORS;Average gross earnings;A;Normal value
2403040403IND02;00;2021;70262;Blace;65123;RSD;RSD;SORS;Average gross earnings;A;Normal value
2403040403IND02;00;2021;70289;Bogatić;68614;RSD;RSD;SORS;Average gross earnings;A;Normal value
2403040403IND02;00;2021;70297;Bojnik;61946;RSD;RSD;SORS;Average gross earnings;A;Normal value
2403040403IND02;00;2021;70319;Boljevac;77071;RSD;RSD;SORS;Average gross earnings;A;Normal value
2403040403IND02;00;2021;70327;Bor;107417;RSD;RSD;SORS;Average gross earnings;A;Normal value
2403040403IND02;00;2021;70335;Bosilegrad;67127;RSD;RSD;SORS;Average gross earnings;A;Normal value
2403040403IND02;00;2021;70343;Brus;69654;RSD;RSD;SORS;Average gross earnings;A;Normal value
2403040403IND02;00;2021;70351;Bujanovac;65119;RSD;RSD;SORS;Average gross earnings;A;Normal value
2403040403IND02;00;2021;70360;Valjevo;80701;RSD;RSD;SORS;Average gross earnings;A;Normal value
2403040403IND02;00;2021;70378;Varvarin;66732;RSD;RSD;SORS;Average gross earnings;A;Normal value
2403040403IND02;00;2021;70386;Velika Plana;77956;RSD;RSD;SORS;Average gross earnings;A;Normal value
2403040403IND02;00;2021;70394;Veliko Gradište;68683;RSD;RSD;SORS;Average gross earnings;A;Normal value
2403040403IND02;00;2021;70408;Vladimirci;69394;RSD;RSD;SORS;Average gross earnings;A;Normal value
2403040403IND02;00;2021;70416;Vladičin Han;73265;RSD;RSD;SORS;Average gross earnings;A;Normal value
2403040403IND02;00;2021;70424;Vlasotince;62707;RSD;RSD;SORS;Average gross earnings;A;Normal value
2403040403IND02;00;2021;70432;Vranje;74495;RSD;RSD;SORS;Average gross earnings;A;Normal value
2403040403IND02;00;2021;70459;Vrnjačka Banja;68460;RSD;RSD;SORS;Average gross earnings;A;Normal value
2403040403IND02;00;2021;70467;Gadžin Han;64218;RSD;RSD;SORS;Average gross earnings;A;Normal value
2403040403IND02;00;2021;70475;Golubac;68194;RSD;RSD;SORS;Average gross earnings;A;Normal value
2403040403IND02;00;2021;70483;Gornji Milanovac;81891;RSD;RSD;SORS;Average gross earnings;A;Normal value
2403040403IND02;00;2021;70491;Despotovac;73234;RSD;RSD;SORS;Average gross earnings;A;Normal value
2403040403IND02;00;2021;70505;Dimitrovgrad;69525;RSD;RSD;SORS;Average gross earnings;A;Normal value
2403040403IND02;00;2021;70513;Doljevac;68217;RSD;RSD;SORS;Average gross earnings;A;Normal value
2403040403IND02;00;2021;70521;Žabari;68662;RSD;RSD;SORS;Average gross earnings;A;Normal value
2403040403IND02;00;2021;70530;Žagubica;73097;RSD;RSD;SORS;Average gross earnings;A;Normal value
2403040403IND02;00;2021;70548;Žitorađa;69534;RSD;RSD;SORS;Average gross earnings;A;Normal value
2403040403IND02;00;2021;70556;Zaječar;78369;RSD;RSD;SORS;Average gross earnings;A;Normal value
2403040403IND02;00;2021;70564;Ivanjica;65887;RSD;RSD;SORS;Average gross earnings;A;Normal value
2403040403IND02;00;2021;70572;Kladovo;80304;RSD;RSD;SORS;Average gross earnings;A;Normal value
2403040403IND02;00;2021;70599;Knić;71831;RSD;RSD;SORS;Average gross earnings;A;Normal value
2403040403IND02;00;2021;70602;Knjaževac;68042;RSD;RSD;SORS;Average gross earnings;A;Normal value
2403040403IND02;00;2021;70629;Kosjerić;77163;RSD;RSD;SORS;Average gross earnings;A;Normal value
2403040403IND02;00;2021;70637;Koceljeva;67450;RSD;RSD;SORS;Average gross earnings;A;Normal value
2403040403IND02;00;2021;70645;Kragujevac;87575;RSD;RSD;SORS;Average gross earnings;A;Normal value
2403040403IND02;00;2021;70653;Kraljevo;76532;RSD;RSD;SORS;Average gross earnings;A;Normal value
2403040403IND02;00;2021;70661;Krupanj;66510;RSD;RSD;SORS;Average gross earnings;A;Normal value
2403040403IND02;00;2021;70670;Kruševac;77951;RSD;RSD;SORS;Average gross earnings;A;Normal value
2403040403IND02;00;2021;70688;Kuršumlija;71279;RSD;RSD;SORS;Average gross earnings;A;Normal value
2403040403IND02;00;2021;70696;Kučevo;70101;RSD;RSD;SORS;Average gross earnings;A;Normal value
2403040403IND02;00;2021;70700;Lajkovac;98037;RSD;RSD;SORS;Average gross earnings;A;Normal value
2403040403IND02;00;2021;70718;Lebane;65881;RSD;RSD;SORS;Average gross earnings;A;Normal value
2403040403IND02;00;2021;70726;Leskovac;71237;RSD;RSD;SORS;Average gross earnings;A;Normal value
2403040403IND02;00;2021;70734;Loznica;72156;RSD;RSD;SORS;Average gross earnings;A;Normal value
2403040403IND02;00;2021;70742;Lučani;88711;RSD;RSD;SORS;Average gross earnings;A;Normal value
2403040403IND02;00;2021;70769;Ljig;78908;RSD;RSD;SORS;Average gross earnings;A;Normal value
2403040403IND02;00;2021;70777;Ljubovija;76202;RSD;RSD;SORS;Average gross earnings;A;Normal value
2403040403IND02;00;2021;70785;Majdanpek;96442;RSD;RSD;SORS;Average gross earnings;A;Normal value
2403040403IND02;00;2021;70793;Mali Zvornik;72242;RSD;RSD;SORS;Average gross earnings;A;Normal value
2403040403IND02;00;2021;70807;Malo Crniće;69181;RSD;RSD;SORS;Average gross earnings;A;Normal value
2403040403IND02;00;2021;70815;Medveđa;77218;RSD;RSD;SORS;Average gross earnings;A;Normal value
2403040403IND02;00;2021;70823;Merošina;66020;RSD;RSD;SORS;Average gross earnings;A;Normal value
2403040403IND02;00;2021;70831;Mionica;70361;RSD;RSD;SORS;Average gross earnings;A;Normal value
2403040403IND02;00;2021;70840;Negotin;76969;RSD;RSD;SORS;Average gross earnings;A;Normal value
2403040403IND02;00;2021;70866;Nova Varoš;72845;RSD;RSD;SORS;Average gross earnings;A;Normal value
2403040403IND02;00;2021;70874;Novi Pazar;68556;RSD;RSD;SORS;Average gross earnings;A;Normal value
2403040403IND02;00;2021;70882;Osečina;69643;RSD;RSD;SORS;Average gross earnings;A;Normal value
2403040403IND02;00;2021;70904;Paraćin;72239;RSD;RSD;SORS;Average gross earnings;A;Normal value
2403040403IND02;00;2021;70912;Petrovac na Mlavi;68910;RSD;RSD;SORS;Average gross earnings;A;Normal value
2403040403IND02;00;2021;70939;Pirot;85059;RSD;RSD;SORS;Average gross earnings;A;Normal value
2403040403IND02;00;2021;70947;Požarevac;89593;RSD;RSD;SORS;Average gross earnings;A;Normal value
2403040403IND02;00;2021;70955;Požega;77887;RSD;RSD;SORS;Average gross earnings;A;Normal value
2403040403IND02;00;2021;70963;Preševo;63941;RSD;RSD;SORS;Average gross earnings;A;Normal value
2403040403IND02;00;2021;70971;Priboj;73447;RSD;RSD;SORS;Average gross earnings;A;Normal value
2403040403IND02;00;2021;70980;Prijepolje;68556;RSD;RSD;SORS;Average gross earnings;A;Normal value
2403040403IND02;00;2021;70998;Prokuplje;75931;RSD;RSD;SORS;Average gross earnings;A;Normal value
2403040403IND02;00;2021;71005;Ražanj;64372;RSD;RSD;SORS;Average gross earnings;A;Normal value
2403040403IND02;00;2021;71013;Rača;70962;RSD;RSD;SORS;Average gross earnings;A;Normal value
2403040403IND02;00;2021;71021;Raška;70665;RSD;RSD;SORS;Average gross earnings;A;Normal value
2403040403IND02;00;2021;71030;Rekovac;68732;RSD;RSD;SORS;Average gross earnings;A;Normal value
2403040403IND02;00;2021;71048;Jagodina;73982;RSD;RSD;SORS;Average gross earnings;A;Normal value
2403040403IND02;00;2021;71056;Svilajnac;70556;RSD;RSD;SORS;Average gross earnings;A;Normal value
2403040403IND02;00;2021;71064;Svrljig;64120;RSD;RSD;SORS;Average gross earnings;A;Normal value
2403040403IND02;00;2021;71072;Sjenica;69162;RSD;RSD;SORS;Average gross earnings;A;Normal value
2403040403IND02;00;2021;71099;Smederevo;85200;RSD;RSD;SORS;Average gross earnings;A;Normal value
2403040403IND02;00;2021;71102;Smederevska Palanka;73896;RSD;RSD;SORS;Average gross earnings;A;Normal value
2403040403IND02;00;2021;71129;Sokobanja;73365;RSD;RSD;SORS;Average gross earnings;A;Normal value
2403040403IND02;00;2021;71137;Surdulica;74322;RSD;RSD;SORS;Average gross earnings;A;Normal value
2403040403IND02;00;2021;71145;Užice;87610;RSD;RSD;SORS;Average gross earnings;A;Normal value
2403040403IND02;00;2021;71153;Topola;71312;RSD;RSD;SORS;Average gross earnings;A;Normal value
2403040403IND02;00;2021;71161;Trgovište;72042;RSD;RSD;SORS;Average gross earnings;A;Normal value
2403040403IND02;00;2021;71170;Trstenik;68444;RSD;RSD;SORS;Average gross earnings;A;Normal value
2403040403IND02;00;2021;71188;Tutin;68902;RSD;RSD;SORS;Average gross earnings;A;Normal value
2403040403IND02;00;2021;71196;Ćićevac;69818;RSD;RSD;SORS;Average gross earnings;A;Normal value
2403040403IND02;00;2021;71200;Ćuprija;74536;RSD;RSD;SORS;Average gross earnings;A;Normal value
2403040403IND02;00;2021;71218;Ub;80467;RSD;RSD;SORS;Average gross earnings;A;Normal value
2403040403IND02;00;2021;71226;Crna Trava;66516;RSD;RSD;SORS;Average gross earnings;A;Normal value
2403040403IND02;00;2021;71234;Čajetina;70498;RSD;RSD;SORS;Average gross earnings;A;Normal value
2403040403IND02;00;2021;71242;Čačak;78173;RSD;RSD;SORS;Average gross earnings;A;Normal value
2403040403IND02;00;2021;71269;Šabac;80311;RSD;RSD;SORS;Average gross earnings;A;Normal value
2403040403IND02;00;2021;71277;Lapovo;72432;RSD;RSD;SORS;Average gross earnings;A;Normal value
2403040403IND02;00;2021;71285;Niška Banja;70948;RSD;RSD;SORS;Average gross earnings;A;Normal value
2403040403IND02;00;2021;71293;Surčin;79643;RSD;RSD;SORS;Average gross earnings;A;Normal value
2403040403IND02;00;2021;71307;Pantelej;82292;RSD;RSD;SORS;Average gross earnings;A;Normal value
2403040403IND02;00;2021;71315;Crveni Krst;76039;RSD;RSD;SORS;Average gross earnings;A;Normal value
2403040403IND02;00;2021;71323;Palilula (Niš);80553;RSD;RSD;SORS;Average gross earnings;A;Normal value
2403040403IND02;00;2021;71331;Medijana;98130;RSD;RSD;SORS;Average gross earnings;A;Normal value
2403040403IND02;00;2021;71340;Kostolac;105488;RSD;RSD;SORS;Average gross earnings;A;Normal value
2403040403IND02;00;2021;71358;Vranjska Banja;64001;RSD;RSD;SORS;Average gross earnings;A;Normal value
2403040403IND02;00;2021;71366;Sevojno;77982;RSD;RSD;SORS;Average gross earnings;A;Normal value
2403040403IND02;00;2021;79022;Grad Niš;87267;RSD;RSD;SORS;Average gross earnings;A;Normal value
2403040403IND02;00;2021;79049;Grad Požarevac;91943;RSD;RSD;SORS;Average gross earnings;A;Normal value
2403040403IND02;00;2021;79057;Grad Vranje;74250;RSD;RSD;SORS;Average gross earnings;A;Normal value
2403040403IND02;00;2021;79065;Grad Užice;87318;RSD;RSD;SORS;Average gross earnings;A;Normal value
2403040403IND02;00;2021;80012;Ada;74625;RSD;RSD;SORS;Average gross earnings;A;Normal value
2403040403IND02;00;2021;80039;Alibunar;73792;RSD;RSD;SORS;Average gross earnings;A;Normal value
2403040403IND02;00;2021;80047;Apatin;75760;RSD;RSD;SORS;Average gross earnings;A;Normal value
2403040403IND02;00;2021;80055;Bač;67931;RSD;RSD;SORS;Average gross earnings;A;Normal value
2403040403IND02;00;2021;80063;Bačka Palanka;79036;RSD;RSD;SORS;Average gross earnings;A;Normal value
2403040403IND02;00;2021;80071;Bačka Topola;75442;RSD;RSD;SORS;Average gross earnings;A;Normal value
2403040403IND02;00;2021;80080;Bački Petrovac;73932;RSD;RSD;SORS;Average gross earnings;A;Normal value
2403040403IND02;00;2021;80098;Bela Crkva;73716;RSD;RSD;SORS;Average gross earnings;A;Normal value
2403040403IND02;00;2021;80101;Beočin;78019;RSD;RSD;SORS;Average gross earnings;A;Normal value
2403040403IND02;00;2021;80110;Bečej;77455;RSD;RSD;SORS;Average gross earnings;A;Normal value
2403040403IND02;00;2021;80128;Vršac;90399;RSD;RSD;SORS;Average gross earnings;A;Normal value
2403040403IND02;00;2021;80136;Žabalj;71795;RSD;RSD;SORS;Average gross earnings;A;Normal value
2403040403IND02;00;2021;80144;Žitište;75543;RSD;RSD;SORS;Average gross earnings;A;Normal value
2403040403IND02;00;2021;80152;Zrenjanin;85474;RSD;RSD;SORS;Average gross earnings;A;Normal value
2403040403IND02;00;2021;80179;Inđija;85284;RSD;RSD;SORS;Average gross earnings;A;Normal value
2403040403IND02;00;2021;80187;Irig;72489;RSD;RSD;SORS;Average gross earnings;A;Normal value
2403040403IND02;00;2021;80195;Kanjiža;75070;RSD;RSD;SORS;Average gross earnings;A;Normal value
2403040403IND02;00;2021;80209;Kikinda;81605;RSD;RSD;SORS;Average gross earnings;A;Normal value
2403040403IND02;00;2021;80217;Kovačica;70924;RSD;RSD;SORS;Average gross earnings;A;Normal value
2403040403IND02;00;2021;80225;Kovin;78144;RSD;RSD;SORS;Average gross earnings;A;Normal value
2403040403IND02;00;2021;80233;Kula;74052;RSD;RSD;SORS;Average gross earnings;A;Normal value
2403040403IND02;00;2021;80241;Mali Iđoš;69414;RSD;RSD;SORS;Average gross earnings;A;Normal value
2403040403IND02;00;2021;80250;Nova Crnja;76358;RSD;RSD;SORS;Average gross earnings;A;Normal value
2403040403IND02;00;2021;80268;Novi Bečej;72916;RSD;RSD;SORS;Average gross earnings;A;Normal value
2403040403IND02;00;2021;80276;Novi Kneževac;76497;RSD;RSD;SORS;Average gross earnings;A;Normal value
2403040403IND02;00;2021;80292;Opovo;75280;RSD;RSD;SORS;Average gross earnings;A;Normal value
2403040403IND02;00;2021;80306;Odžaci;71948;RSD;RSD;SORS;Average gross earnings;A;Normal value
2403040403IND02;00;2021;80314;Pančevo;89450;RSD;RSD;SORS;Average gross earnings;A;Normal value
2403040403IND02;00;2021;80322;Pećinci;80062;RSD;RSD;SORS;Average gross earnings;A;Normal value
2403040403IND02;00;2021;80349;Plandište;74080;RSD;RSD;SORS;Average gross earnings;A;Normal value
2403040403IND02;00;2021;80357;Ruma;78928;RSD;RSD;SORS;Average gross earnings;A;Normal value
2403040403IND02;00;2021;80365;Senta;82161;RSD;RSD;SORS;Average gross earnings;A;Normal value
2403040403IND02;00;2021;80373;Sečanj;74184;RSD;RSD;SORS;Average gross earnings;A;Normal value
2403040403IND02;00;2021;80381;Sombor;79773;RSD;RSD;SORS;Average gross earnings;A;Normal value
2403040403IND02;00;2021;80390;Srbobran;69417;RSD;RSD;SORS;Average gross earnings;A;Normal value
2403040403IND02;00;2021;80403;Sremska Mitrovica;83256;RSD;RSD;SORS;Average gross earnings;A;Normal value
2403040403IND02;00;2021;80411;Sremski Karlovci;85664;RSD;RSD;SORS;Average gross earnings;A;Normal value
2403040403IND02;00;2021;80420;Stara Pazova;81955;RSD;RSD;SORS;Average gross earnings;A;Normal value
2403040403IND02;00;2021;80438;Subotica;83176;RSD;RSD;SORS;Average gross earnings;A;Normal value
2403040403IND02;00;2021;80446;Temerin;77418;RSD;RSD;SORS;Average gross earnings;A;Normal value
2403040403IND02;00;2021;80454;Titel;73017;RSD;RSD;SORS;Average gross earnings;A;Normal value
2403040403IND02;00;2021;80462;Vrbas;76736;RSD;RSD;SORS;Average gross earnings;A;Normal value
2403040403IND02;00;2021;80489;Čoka;72889;RSD;RSD;SORS;Average gross earnings;A;Normal value
2403040403IND02;00;2021;80497;Šid;74205;RSD;RSD;SORS;Average gross earnings;A;Normal value
2403040403IND02;00;2021;89010;Grad Novi Sad;104290;RSD;RSD;SORS;Average gross earnings;A;Normal value
2403040403IND02;00;2021;RS;REPUBLIC OF SERBIA;90784;RSD;RSD;SORS;Average gross earnings;A;Normal value
2403040403IND02;00;2021;RS1;SRBIJA – SEVER;100402;RSD;RSD;SORS;Average gross earnings;A;Normal value
2403040403IND02;00;2021;RS11;Beogradski region;112913;RSD;RSD;SORS;Average gross earnings;A;Normal value
2403040403IND02;00;2021;RS110;Beogradska oblast;112913;RSD;RSD;SORS;Average gross earnings;A;Normal value
2403040403IND02;00;2021;RS12;Region Vojvodine;86232;RSD;RSD;SORS;Average gross earnings;A;Normal value
2403040403IND02;00;2021;RS121;Zapadnobačka oblast;76589;RSD;RSD;SORS;Average gross earnings;A;Normal value
2403040403IND02;00;2021;RS122;Južnobanatska oblast;85012;RSD;RSD;SORS;Average gross earnings;A;Normal value
2403040403IND02;00;2021;RS123;Južnobačka oblast;94325;RSD;RSD;SORS;Average gross earnings;A;Normal value
2403040403IND02;00;2021;RS124;Severnobanatska oblast;79065;RSD;RSD;SORS;Average gross earnings;A;Normal value
2403040403IND02;00;2021;RS125;Severnobačka oblast;81372;RSD;RSD;SORS;Average gross earnings;A;Normal value
2403040403IND02;00;2021;RS126;Srednjobanatska oblast;82465;RSD;RSD;SORS;Average gross earnings;A;Normal value
2403040403IND02;00;2021;RS127;Sremska oblast;81248;RSD;RSD;SORS;Average gross earnings;A;Normal value
2403040403IND02;00;2021;RS2;SRBIJA – JUG;78199;RSD;RSD;SORS;Average gross earnings;A;Normal value
2403040403IND02;00;2021;RS21;Region Šumadije i Zapadne Srbije;77194;RSD;RSD;SORS;Average gross earnings;A;Normal value
2403040403IND02;00;2021;RS211;Zlatiborska oblast;77416;RSD;RSD;SORS;Average gross earnings;A;Normal value
2403040403IND02;00;2021;RS212;Kolubarska oblast;81097;RSD;RSD;SORS;Average gross earnings;A;Normal value
2403040403IND02;00;2021;RS213;Mačvanska oblast;75320;RSD;RSD;SORS;Average gross earnings;A;Normal value
2403040403IND02;00;2021;RS214;Moravička oblast;78243;RSD;RSD;SORS;Average gross earnings;A;Normal value
2403040403IND02;00;2021;RS215;Pomoravska oblast;73074;RSD;RSD;SORS;Average gross earnings;A;Normal value
2403040403IND02;00;2021;RS216;Rasinska oblast;74423;RSD;RSD;SORS;Average gross earnings;A;Normal value
2403040403IND02;00;2021;RS217;Raška oblast;72871;RSD;RSD;SORS;Average gross earnings;A;Normal value
2403040403IND02;00;2021;RS218;Šumadijska oblast;83622;RSD;RSD;SORS;Average gross earnings;A;Normal value
2403040403IND02;00;2021;RS22;Region Južne i Istočne Srbije;79475;RSD;RSD;SORS;Average gross earnings;A;Normal value
2403040403IND02;00;2021;RS221;Borska oblast;94712;RSD;RSD;SORS;Average gross earnings;A;Normal value
2403040403IND02;00;2021;RS222;Braničevska oblast;82942;RSD;RSD;SORS;Average gross earnings;A;Normal value
2403040403IND02;00;2021;RS223;Zaječarska oblast;75002;RSD;RSD;SORS;Average gross earnings;A;Normal value
2403040403IND02;00;2021;RS224;Jablanička oblast;69403;RSD;RSD;SORS;Average gross earnings;A;Normal value
2403040403IND02;00;2021;RS225;Nišavska oblast;83298;RSD;RSD;SORS;Average gross earnings;A;Normal value
2403040403IND02;00;2021;RS226;Pirotska oblast;80628;RSD;RSD;SORS;Average gross earnings;A;Normal value
2403040403IND02;00;2021;RS227;Podunavska oblast;81507;RSD;RSD;SORS;Average gross earnings;A;Normal value
2403040403IND02;00;2021;RS228;Pčinjska oblast;71863;RSD;RSD;SORS;Average gross earnings;A;Normal value
2403040403IND02;00;2021;RS229;Toplička oblast;72936;RSD;RSD;SORS;Average gross earnings;A;Normal value
2403040403IND02;00;2022;70017;Aleksandrovac;75738;RSD;RSD;SORS;Average gross earnings;A;Normal value
2403040403IND02;00;2022;70025;Aleksinac;81575;RSD;RSD;SORS;Average gross earnings;A;Normal value
2403040403IND02;00;2022;70033;Aranđelovac;88953;RSD;RSD;SORS;Average gross earnings;A;Normal value
2403040403IND02;00;2022;70041;Arilje;76502;RSD;RSD;SORS;Average gross earnings;A;Normal value
2403040403IND02;00;2022;70050;Babušnica;80516;RSD;RSD;SORS;Average gross earnings;A;Normal value
2403040403IND02;00;2022;70068;Bajina Bašta;78692;RSD;RSD;SORS;Average gross earnings;A;Normal value
2403040403IND02;00;2022;70076;Batočina;78969;RSD;RSD;SORS;Average gross earnings;A;Normal value
2403040403IND02;00;2022;70084;Bela Palanka;76496;RSD;RSD;SORS;Average gross earnings;A;Normal value
2403040403IND02;00;2022;70092;Barajevo;87853;RSD;RSD;SORS;Average gross earnings;A;Normal value
2403040403IND02;00;2022;70106;Voždovac;137542;RSD;RSD;SORS;Average gross earnings;A;Normal value
2403040403IND02;00;2022;70114;Vračar;173893;RSD;RSD;SORS;Average gross earnings;A;Normal value
2403040403IND02;00;2022;70122;Grocka;90074;RSD;RSD;SORS;Average gross earnings;A;Normal value
2403040403IND02;00;2022;70149;Zvezdara;135055;RSD;RSD;SORS;Average gross earnings;A;Normal value
2403040403IND02;00;2022;70157;Zemun;120800;RSD;RSD;SORS;Average gross earnings;A;Normal value
2403040403IND02;00;2022;70165;Lazarevac;112512;RSD;RSD;SORS;Average gross earnings;A;Normal value
2403040403IND02;00;2022;70173;Mladenovac;86534;RSD;RSD;SORS;Average gross earnings;A;Normal value
2403040403IND02;00;2022;70181;Novi Beograd;169018;RSD;RSD;SORS;Average gross earnings;A;Normal value
2403040403IND02;00;2022;70190;Obrenovac;99620;RSD;RSD;SORS;Average gross earnings;A;Normal value
2403040403IND02;00;2022;70203;Palilula (Beograd);117248;RSD;RSD;SORS;Average gross earnings;A;Normal value
2403040403IND02;00;2022;70211;Rakovica;117387;RSD;RSD;SORS;Average gross earnings;A;Normal value
2403040403IND02;00;2022;70220;Savski venac;156797;RSD;RSD;SORS;Average gross earnings;A;Normal value
2403040403IND02;00;2022;70238;Sopot;85071;RSD;RSD;SORS;Average gross earnings;A;Normal value
2403040403IND02;00;2022;70246;Stari grad;171492;RSD;RSD;SORS;Average gross earnings;A;Normal value
2403040403IND02;00;2022;70254;Čukarica;125152;RSD;RSD;SORS;Average gross earnings;A;Normal value
2403040403IND02;00;2022;70262;Blace;71994;RSD;RSD;SORS;Average gross earnings;A;Normal value
2403040403IND02;00;2022;70289;Bogatić;77745;RSD;RSD;SORS;Average gross earnings;A;Normal value
2403040403IND02;00;2022;70297;Bojnik;68428;RSD;RSD;SORS;Average gross earnings;A;Normal value
2403040403IND02;00;2022;70319;Boljevac;87582;RSD;RSD;SORS;Average gross earnings;A;Normal value
2403040403IND02;00;2022;70327;Bor;120389;RSD;RSD;SORS;Average gross earnings;A;Normal value
2403040403IND02;00;2022;70335;Bosilegrad;73029;RSD;RSD;SORS;Average gross earnings;A;Normal value
2403040403IND02;00;2022;70343;Brus;77714;RSD;RSD;SORS;Average gross earnings;A;Normal value
2403040403IND02;00;2022;70351;Bujanovac;72158;RSD;RSD;SORS;Average gross earnings;A;Normal value
2403040403IND02;00;2022;70360;Valjevo;90075;RSD;RSD;SORS;Average gross earnings;A;Normal value
2403040403IND02;00;2022;70378;Varvarin;75959;RSD;RSD;SORS;Average gross earnings;A;Normal value
2403040403IND02;00;2022;70386;Velika Plana;82740;RSD;RSD;SORS;Average gross earnings;A;Normal value
2403040403IND02;00;2022;70394;Veliko Gradište;78299;RSD;RSD;SORS;Average gross earnings;A;Normal value
2403040403IND02;00;2022;70408;Vladimirci;77411;RSD;RSD;SORS;Average gross earnings;A;Normal value
2403040403IND02;00;2022;70416;Vladičin Han;81463;RSD;RSD;SORS;Average gross earnings;A;Normal value
2403040403IND02;00;2022;70424;Vlasotince;71622;RSD;RSD;SORS;Average gross earnings;A;Normal value
2403040403IND02;00;2022;70432;Vranje;81649;RSD;RSD;SORS;Average gross earnings;A;Normal value
2403040403IND02;00;2022;70459;Vrnjačka Banja;76782;RSD;RSD;SORS;Average gross earnings;A;Normal value
2403040403IND02;00;2022;70467;Gadžin Han;73355;RSD;RSD;SORS;Average gross earnings;A;Normal value
2403040403IND02;00;2022;70475;Golubac;75014;RSD;RSD;SORS;Average gross earnings;A;Normal value
2403040403IND02;00;2022;70483;Gornji Milanovac;91525;RSD;RSD;SORS;Average gross earnings;A;Normal value
2403040403IND02;00;2022;70491;Despotovac;79776;RSD;RSD;SORS;Average gross earnings;A;Normal value
2403040403IND02;00;2022;70505;Dimitrovgrad;78074;RSD;RSD;SORS;Average gross earnings;A;Normal value
2403040403IND02;00;2022;70513;Doljevac;75257;RSD;RSD;SORS;Average gross earnings;A;Normal value
2403040403IND02;00;2022;70521;Žabari;77782;RSD;RSD;SORS;Average gross earnings;A;Normal value
2403040403IND02;00;2022;70530;Žagubica;82438;RSD;RSD;SORS;Average gross earnings;A;Normal value
2403040403IND02;00;2022;70548;Žitorađa;76678;RSD;RSD;SORS;Average gross earnings;A;Normal value
2403040403IND02;00;2022;70556;Zaječar;88268;RSD;RSD;SORS;Average gross earnings;A;Normal value
2403040403IND02;00;2022;70564;Ivanjica;75312;RSD;RSD;SORS;Average gross earnings;A;Normal value
2403040403IND02;00;2022;70572;Kladovo;88150;RSD;RSD;SORS;Average gross earnings;A;Normal value
2403040403IND02;00;2022;70599;Knić;81271;RSD;RSD;SORS;Average gross earnings;A;Normal value
2403040403IND02;00;2022;70602;Knjaževac;75916;RSD;RSD;SORS;Average gross earnings;A;Normal value
2403040403IND02;00;2022;70629;Kosjerić;86723;RSD;RSD;SORS;Average gross earnings;A;Normal value
2403040403IND02;00;2022;70637;Koceljeva;76556;RSD;RSD;SORS;Average gross earnings;A;Normal value
2403040403IND02;00;2022;70645;Kragujevac;98246;RSD;RSD;SORS;Average gross earnings;A;Normal value
2403040403IND02;00;2022;70653;Kraljevo;85783;RSD;RSD;SORS;Average gross earnings;A;Normal value
2403040403IND02;00;2022;70661;Krupanj;75852;RSD;RSD;SORS;Average gross earnings;A;Normal value
2403040403IND02;00;2022;70670;Kruševac;89035;RSD;RSD;SORS;Average gross earnings;A;Normal value
2403040403IND02;00;2022;70688;Kuršumlija;78247;RSD;RSD;SORS;Average gross earnings;A;Normal value
2403040403IND02;00;2022;70696;Kučevo;82976;RSD;RSD;SORS;Average gross earnings;A;Normal value
2403040403IND02;00;2022;70700;Lajkovac;103714;RSD;RSD;SORS;Average gross earnings;A;Normal value
2403040403IND02;00;2022;70718;Lebane;72593;RSD;RSD;SORS;Average gross earnings;A;Normal value
2403040403IND02;00;2022;70726;Leskovac;79228;RSD;RSD;SORS;Average gross earnings;A;Normal value
2403040403IND02;00;2022;70734;Loznica;82639;RSD;RSD;SORS;Average gross earnings;A;Normal value
2403040403IND02;00;2022;70742;Lučani;99641;RSD;RSD;SORS;Average gross earnings;A;Normal value
2403040403IND02;00;2022;70769;Ljig;88058;RSD;RSD;SORS;Average gross earnings;A;Normal value
2403040403IND02;00;2022;70777;Ljubovija;84771;RSD;RSD;SORS;Average gross earnings;A;Normal value
2403040403IND02;00;2022;70785;Majdanpek;108018;RSD;RSD;SORS;Average gross earnings;A;Normal value
2403040403IND02;00;2022;70793;Mali Zvornik;80445;RSD;RSD;SORS;Average gross earnings;A;Normal value
2403040403IND02;00;2022;70807;Malo Crniće;77210;RSD;RSD;SORS;Average gross earnings;A;Normal value
2403040403IND02;00;2022;70815;Medveđa;86164;RSD;RSD;SORS;Average gross earnings;A;Normal value
2403040403IND02;00;2022;70823;Merošina;73743;RSD;RSD;SORS;Average gross earnings;A;Normal value
2403040403IND02;00;2022;70831;Mionica;78721;RSD;RSD;SORS;Average gross earnings;A;Normal value
2403040403IND02;00;2022;70840;Negotin;88064;RSD;RSD;SORS;Average gross earnings;A;Normal value
2403040403IND02;00;2022;70866;Nova Varoš;79915;RSD;RSD;SORS;Average gross earnings;A;Normal value
2403040403IND02;00;2022;70874;Novi Pazar;76401;RSD;RSD;SORS;Average gross earnings;A;Normal value
2403040403IND02;00;2022;70882;Osečina;78384;RSD;RSD;SORS;Average gross earnings;A;Normal value
2403040403IND02;00;2022;70904;Paraćin;81471;RSD;RSD;SORS;Average gross earnings;A;Normal value
2403040403IND02;00;2022;70912;Petrovac na Mlavi;76497;RSD;RSD;SORS;Average gross earnings;A;Normal value
2403040403IND02;00;2022;70939;Pirot;95664;RSD;RSD;SORS;Average gross earnings;A;Normal value
2403040403IND02;00;2022;70947;Požarevac;97390;RSD;RSD;SORS;Average gross earnings;A;Normal value
2403040403IND02;00;2022;70955;Požega;88003;RSD;RSD;SORS;Average gross earnings;A;Normal value
2403040403IND02;00;2022;70963;Preševo;70123;RSD;RSD;SORS;Average gross earnings;A;Normal value
2403040403IND02;00;2022;70971;Priboj;81695;RSD;RSD;SORS;Average gross earnings;A;Normal value
2403040403IND02;00;2022;70980;Prijepolje;76596;RSD;RSD;SORS;Average gross earnings;A;Normal value
2403040403IND02;00;2022;70998;Prokuplje;84564;RSD;RSD;SORS;Average gross earnings;A;Normal value
2403040403IND02;00;2022;71005;Ražanj;72596;RSD;RSD;SORS;Average gross earnings;A;Normal value
2403040403IND02;00;2022;71013;Rača;80762;RSD;RSD;SORS;Average gross earnings;A;Normal value
2403040403IND02;00;2022;71021;Raška;79009;RSD;RSD;SORS;Average gross earnings;A;Normal value
2403040403IND02;00;2022;71030;Rekovac;76462;RSD;RSD;SORS;Average gross earnings;A;Normal value
2403040403IND02;00;2022;71048;Jagodina;83227;RSD;RSD;SORS;Average gross earnings;A;Normal value
2403040403IND02;00;2022;71056;Svilajnac;78415;RSD;RSD;SORS;Average gross earnings;A;Normal value
2403040403IND02;00;2022;71064;Svrljig;71866;RSD;RSD;SORS;Average gross earnings;A;Normal value
2403040403IND02;00;2022;71072;Sjenica;77278;RSD;RSD;SORS;Average gross earnings;A;Normal value
2403040403IND02;00;2022;71099;Smederevo;95355;RSD;RSD;SORS;Average gross earnings;A;Normal value
2403040403IND02;00;2022;71102;Smederevska Palanka;83181;RSD;RSD;SORS;Average gross earnings;A;Normal value
2403040403IND02;00;2022;71129;Sokobanja;80535;RSD;RSD;SORS;Average gross earnings;A;Normal value
2403040403IND02;00;2022;71137;Surdulica;81486;RSD;RSD;SORS;Average gross earnings;A;Normal value
2403040403IND02;00;2022;71145;Užice;97942;RSD;RSD;SORS;Average gross earnings;A;Normal value
2403040403IND02;00;2022;71153;Topola;80124;RSD;RSD;SORS;Average gross earnings;A;Normal value
2403040403IND02;00;2022;71161;Trgovište;77888;RSD;RSD;SORS;Average gross earnings;A;Normal value
2403040403IND02;00;2022;71170;Trstenik;77357;RSD;RSD;SORS;Average gross earnings;A;Normal value
2403040403IND02;00;2022;71188;Tutin;76192;RSD;RSD;SORS;Average gross earnings;A;Normal value
2403040403IND02;00;2022;71196;Ćićevac;77480;RSD;RSD;SORS;Average gross earnings;A;Normal value
2403040403IND02;00;2022;71200;Ćuprija;82854;RSD;RSD;SORS;Average gross earnings;A;Normal value
2403040403IND02;00;2022;71218;Ub;87311;RSD;RSD;SORS;Average gross earnings;A;Normal value
2403040403IND02;00;2022;71226;Crna Trava;72316;RSD;RSD;SORS;Average gross earnings;A;Normal value
2403040403IND02;00;2022;71234;Čajetina;80416;RSD;RSD;SORS;Average gross earnings;A;Normal value
2403040403IND02;00;2022;71242;Čačak;88271;RSD;RSD;SORS;Average gross earnings;A;Normal value
2403040403IND02;00;2022;71269;Šabac;90786;RSD;RSD;SORS;Average gross earnings;A;Normal value
2403040403IND02;00;2022;71277;Lapovo;81721;RSD;RSD;SORS;Average gross earnings;A;Normal value
2403040403IND02;00;2022;71285;Niška Banja;79757;RSD;RSD;SORS;Average gross earnings;A;Normal value
2403040403IND02;00;2022;71293;Surčin;92094;RSD;RSD;SORS;Average gross earnings;A;Normal value
2403040403IND02;00;2022;71307;Pantelej;93940;RSD;RSD;SORS;Average gross earnings;A;Normal value
2403040403IND02;00;2022;71315;Crveni Krst;86030;RSD;RSD;SORS;Average gross earnings;A;Normal value
2403040403IND02;00;2022;71323;Palilula (Niš);91070;RSD;RSD;SORS;Average gross earnings;A;Normal value
2403040403IND02;00;2022;71331;Medijana;112908;RSD;RSD;SORS;Average gross earnings;A;Normal value
2403040403IND02;00;2022;71340;Kostolac;108132;RSD;RSD;SORS;Average gross earnings;A;Normal value
2403040403IND02;00;2022;71358;Vranjska Banja;74272;RSD;RSD;SORS;Average gross earnings;A;Normal value
2403040403IND02;00;2022;71366;Sevojno;90053;RSD;RSD;SORS;Average gross earnings;A;Normal value
2403040403IND02;00;2022;79022;Grad Niš;99274;RSD;RSD;SORS;Average gross earnings;A;Normal value
2403040403IND02;00;2022;79049;Grad Požarevac;98898;RSD;RSD;SORS;Average gross earnings;A;Normal value
2403040403IND02;00;2022;79057;Grad Vranje;81475;RSD;RSD;SORS;Average gross earnings;A;Normal value
2403040403IND02;00;2022;79065;Grad Užice;97704;RSD;RSD;SORS;Average gross earnings;A;Normal value
2403040403IND02;00;2022;80012;Ada;83749;RSD;RSD;SORS;Average gross earnings;A;Normal value
2403040403IND02;00;2022;80039;Alibunar;82341;RSD;RSD;SORS;Average gross earnings;A;Normal value
2403040403IND02;00;2022;80047;Apatin;84299;RSD;RSD;SORS;Average gross earnings;A;Normal value
2403040403IND02;00;2022;80055;Bač;77960;RSD;RSD;SORS;Average gross earnings;A;Normal value
2403040403IND02;00;2022;80063;Bačka Palanka;88310;RSD;RSD;SORS;Average gross earnings;A;Normal value
2403040403IND02;00;2022;80071;Bačka Topola;83587;RSD;RSD;SORS;Average gross earnings;A;Normal value
2403040403IND02;00;2022;80080;Bački Petrovac;83686;RSD;RSD;SORS;Average gross earnings;A;Normal value
2403040403IND02;00;2022;80098;Bela Crkva;82396;RSD;RSD;SORS;Average gross earnings;A;Normal value
2403040403IND02;00;2022;80101;Beočin;87586;RSD;RSD;SORS;Average gross earnings;A;Normal value
2403040403IND02;00;2022;80110;Bečej;86589;RSD;RSD;SORS;Average gross earnings;A;Normal value
2403040403IND02;00;2022;80128;Vršac;100962;RSD;RSD;SORS;Average gross earnings;A;Normal value
2403040403IND02;00;2022;80136;Žabalj;81883;RSD;RSD;SORS;Average gross earnings;A;Normal value
2403040403IND02;00;2022;80144;Žitište;84392;RSD;RSD;SORS;Average gross earnings;A;Normal value
2403040403IND02;00;2022;80152;Zrenjanin;95240;RSD;RSD;SORS;Average gross earnings;A;Normal value
2403040403IND02;00;2022;80179;Inđija;98109;RSD;RSD;SORS;Average gross earnings;A;Normal value
2403040403IND02;00;2022;80187;Irig;83904;RSD;RSD;SORS;Average gross earnings;A;Normal value
2403040403IND02;00;2022;80195;Kanjiža;83793;RSD;RSD;SORS;Average gross earnings;A;Normal value
2403040403IND02;00;2022;80209;Kikinda;90396;RSD;RSD;SORS;Average gross earnings;A;Normal value
2403040403IND02;00;2022;80217;Kovačica;80511;RSD;RSD;SORS;Average gross earnings;A;Normal value
2403040403IND02;00;2022;80225;Kovin;87435;RSD;RSD;SORS;Average gross earnings;A;Normal value
2403040403IND02;00;2022;80233;Kula;83691;RSD;RSD;SORS;Average gross earnings;A;Normal value
2403040403IND02;00;2022;80241;Mali Iđoš;77171;RSD;RSD;SORS;Average gross earnings;A;Normal value
2403040403IND02;00;2022;80250;Nova Crnja;84104;RSD;RSD;SORS;Average gross earnings;A;Normal value
2403040403IND02;00;2022;80268;Novi Bečej;81029;RSD;RSD;SORS;Average gross earnings;A;Normal value
2403040403IND02;00;2022;80276;Novi Kneževac;86074;RSD;RSD;SORS;Average gross earnings;A;Normal value
2403040403IND02;00;2022;80292;Opovo;84735;RSD;RSD;SORS;Average gross earnings;A;Normal value
2403040403IND02;00;2022;80306;Odžaci;82232;RSD;RSD;SORS;Average gross earnings;A;Normal value
2403040403IND02;00;2022;80314;Pančevo;101783;RSD;RSD;SORS;Average gross earnings;A;Normal value
2403040403IND02;00;2022;80322;Pećinci;92109;RSD;RSD;SORS;Average gross earnings;A;Normal value
2403040403IND02;00;2022;80349;Plandište;83458;RSD;RSD;SORS;Average gross earnings;A;Normal value
2403040403IND02;00;2022;80357;Ruma;90978;RSD;RSD;SORS;Average gross earnings;A;Normal value
2403040403IND02;00;2022;80365;Senta;89821;RSD;RSD;SORS;Average gross earnings;A;Normal value
2403040403IND02;00;2022;80373;Sečanj;82283;RSD;RSD;SORS;Average gross earnings;A;Normal value
2403040403IND02;00;2022;80381;Sombor;88903;RSD;RSD;SORS;Average gross earnings;A;Normal value
2403040403IND02;00;2022;80390;Srbobran;78631;RSD;RSD;SORS;Average gross earnings;A;Normal value
2403040403IND02;00;2022;80403;Sremska Mitrovica;93057;RSD;RSD;SORS;Average gross earnings;A;Normal value
2403040403IND02;00;2022;80411;Sremski Karlovci;97765;RSD;RSD;SORS;Average gross earnings;A;Normal value
2403040403IND02;00;2022;80420;Stara Pazova;93414;RSD;RSD;SORS;Average gross earnings;A;Normal value
2403040403IND02;00;2022;80438;Subotica;93463;RSD;RSD;SORS;Average gross earnings;A;Normal value
2403040403IND02;00;2022;80446;Temerin;88005;RSD;RSD;SORS;Average gross earnings;A;Normal value
2403040403IND02;00;2022;80454;Titel;80556;RSD;RSD;SORS;Average gross earnings;A;Normal value
2403040403IND02;00;2022;80462;Vrbas;86385;RSD;RSD;SORS;Average gross earnings;A;Normal value
2403040403IND02;00;2022;80489;Čoka;80176;RSD;RSD;SORS;Average gross earnings;A;Normal value
2403040403IND02;00;2022;80497;Šid;84800;RSD;RSD;SORS;Average gross earnings;A;Normal value
2403040403IND02;00;2022;89010;Grad Novi Sad;122396;RSD;RSD;SORS;Average gross earnings;A;Normal value
2403040403IND02;00;2022;RS;REPUBLIC OF SERBIA;103316;RSD;RSD;SORS;Average gross earnings;A;Normal value
2403040403IND02;00;2022;RS1;SRBIJA – SEVER;115340;RSD;RSD;SORS;Average gross earnings;A;Normal value
2403040403IND02;00;2022;RS11;Beogradski region;130252;RSD;RSD;SORS;Average gross earnings;A;Normal value
2403040403IND02;00;2022;RS110;Beogradska oblast;130252;RSD;RSD;SORS;Average gross earnings;A;Normal value
2403040403IND02;00;2022;RS12;Region Vojvodine;98356;RSD;RSD;SORS;Average gross earnings;A;Normal value
2403040403IND02;00;2022;RS121;Zapadnobačka oblast;85976;RSD;RSD;SORS;Average gross earnings;A;Normal value
2403040403IND02;00;2022;RS122;Južnobanatska oblast;96014;RSD;RSD;SORS;Average gross earnings;A;Normal value
2403040403IND02;00;2022;RS123;Južnobačka oblast;109580;RSD;RSD;SORS;Average gross earnings;A;Normal value
2403040403IND02;00;2022;RS124;Severnobanatska oblast;87696;RSD;RSD;SORS;Average gross earnings;A;Normal value
2403040403IND02;00;2022;RS125;Severnobačka oblast;91225;RSD;RSD;SORS;Average gross earnings;A;Normal value
2403040403IND02;00;2022;RS126;Srednjobanatska oblast;91850;RSD;RSD;SORS;Average gross earnings;A;Normal value
2403040403IND02;00;2022;RS127;Sremska oblast;92567;RSD;RSD;SORS;Average gross earnings;A;Normal value
2403040403IND02;00;2022;RS2;SRBIJA – JUG;87668;RSD;RSD;SORS;Average gross earnings;A;Normal value
2403040403IND02;00;2022;RS21;Region Šumadije i Zapadne Srbije;86674;RSD;RSD;SORS;Average gross earnings;A;Normal value
2403040403IND02;00;2022;RS211;Zlatiborska oblast;86712;RSD;RSD;SORS;Average gross earnings;A;Normal value
2403040403IND02;00;2022;RS212;Kolubarska oblast;89678;RSD;RSD;SORS;Average gross earnings;A;Normal value
2403040403IND02;00;2022;RS213;Mačvanska oblast;85281;RSD;RSD;SORS;Average gross earnings;A;Normal value
2403040403IND02;00;2022;RS214;Moravička oblast;88241;RSD;RSD;SORS;Average gross earnings;A;Normal value
2403040403IND02;00;2022;RS215;Pomoravska oblast;81752;RSD;RSD;SORS;Average gross earnings;A;Normal value
2403040403IND02;00;2022;RS216;Rasinska oblast;84354;RSD;RSD;SORS;Average gross earnings;A;Normal value
2403040403IND02;00;2022;RS217;Raška oblast;81542;RSD;RSD;SORS;Average gross earnings;A;Normal value
2403040403IND02;00;2022;RS218;Šumadijska oblast;93806;RSD;RSD;SORS;Average gross earnings;A;Normal value
2403040403IND02;00;2022;RS22;Region Južne i Istočne Srbije;88931;RSD;RSD;SORS;Average gross earnings;A;Normal value
2403040403IND02;00;2022;RS221;Borska oblast;106708;RSD;RSD;SORS;Average gross earnings;A;Normal value
2403040403IND02;00;2022;RS222;Braničevska oblast;90655;RSD;RSD;SORS;Average gross earnings;A;Normal value
2403040403IND02;00;2022;RS223;Zaječarska oblast;84180;RSD;RSD;SORS;Average gross earnings;A;Normal value
2403040403IND02;00;2022;RS224;Jablanička oblast;77394;RSD;RSD;SORS;Average gross earnings;A;Normal value
2403040403IND02;00;2022;RS225;Nišavska oblast;94444;RSD;RSD;SORS;Average gross earnings;A;Normal value
2403040403IND02;00;2022;RS226;Pirotska oblast;90737;RSD;RSD;SORS;Average gross earnings;A;Normal value
2403040403IND02;00;2022;RS227;Podunavska oblast;90468;RSD;RSD;SORS;Average gross earnings;A;Normal value
2403040403IND02;00;2022;RS228;Pčinjska oblast;79078;RSD;RSD;SORS;Average gross earnings;A;Normal value
2403040403IND02;00;2022;RS229;Toplička oblast;80779;RSD;RSD;SORS;Average gross earnings;A;Normal value
2403040403IND02;00;2023;70017;Aleksandrovac;85019;RSD;RSD;SORS;Average gross earnings;A;Normal value
2403040403IND02;00;2023;70025;Aleksinac;93689;RSD;RSD;SORS;Average gross earnings;A;Normal value
2403040403IND02;00;2023;70033;Aranđelovac;101234;RSD;RSD;SORS;Average gross earnings;A;Normal value
2403040403IND02;00;2023;70041;Arilje;86925;RSD;RSD;SORS;Average gross earnings;A;Normal value
2403040403IND02;00;2023;70050;Babušnica;89872;RSD;RSD;SORS;Average gross earnings;A;Normal value
2403040403IND02;00;2023;70068;Bajina Bašta;89469;RSD;RSD;SORS;Average gross earnings;A;Normal value
2403040403IND02;00;2023;70076;Batočina;89830;RSD;RSD;SORS;Average gross earnings;A;Normal value
2403040403IND02;00;2023;70084;Bela Palanka;86643;RSD;RSD;SORS;Average gross earnings;A;Normal value
2403040403IND02;00;2023;70092;Barajevo;100652;RSD;RSD;SORS;Average gross earnings;A;Normal value
2403040403IND02;00;2023;70106;Voždovac;156773;RSD;RSD;SORS;Average gross earnings;A;Normal value
2403040403IND02;00;2023;70114;Vračar;203649;RSD;RSD;SORS;Average gross earnings;A;Normal value
2403040403IND02;00;2023;70122;Grocka;103377;RSD;RSD;SORS;Average gross earnings;A;Normal value
2403040403IND02;00;2023;70149;Zvezdara;154842;RSD;RSD;SORS;Average gross earnings;A;Normal value
2403040403IND02;00;2023;70157;Zemun;139576;RSD;RSD;SORS;Average gross earnings;A;Normal value
2403040403IND02;00;2023;70165;Lazarevac;125542;RSD;RSD;SORS;Average gross earnings;A;Normal value
2403040403IND02;00;2023;70173;Mladenovac;98505;RSD;RSD;SORS;Average gross earnings;A;Normal value
2403040403IND02;00;2023;70181;Novi Beograd;194183;RSD;RSD;SORS;Average gross earnings;A;Normal value
2403040403IND02;00;2023;70190;Obrenovac;112697;RSD;RSD;SORS;Average gross earnings;A;Normal value
2403040403IND02;00;2023;70203;Palilula (Beograd);134595;RSD;RSD;SORS;Average gross earnings;A;Normal value
2403040403IND02;00;2023;70211;Rakovica;133798;RSD;RSD;SORS;Average gross earnings;A;Normal value
2403040403IND02;00;2023;70220;Savski venac;190431;RSD;RSD;SORS;Average gross earnings;A;Normal value
2403040403IND02;00;2023;70238;Sopot;98032;RSD;RSD;SORS;Average gross earnings;A;Normal value
2403040403IND02;00;2023;70246;Stari grad;209046;RSD;RSD;SORS;Average gross earnings;A;Normal value
2403040403IND02;00;2023;70254;Čukarica;142721;RSD;RSD;SORS;Average gross earnings;A;Normal value
2403040403IND02;00;2023;70262;Blace;81737;RSD;RSD;SORS;Average gross earnings;A;Normal value
2403040403IND02;00;2023;70289;Bogatić;89025;RSD;RSD;SORS;Average gross earnings;A;Normal value
2403040403IND02;00;2023;70297;Bojnik;79026;RSD;RSD;SORS;Average gross earnings;A;Normal value
2403040403IND02;00;2023;70319;Boljevac;102898;RSD;RSD;SORS;Average gross earnings;A;Normal value
2403040403IND02;00;2023;70327;Bor;137886;RSD;RSD;SORS;Average gross earnings;A;Normal value
2403040403IND02;00;2023;70335;Bosilegrad;86077;RSD;RSD;SORS;Average gross earnings;A;Normal value
2403040403IND02;00;2023;70343;Brus;89156;RSD;RSD;SORS;Average gross earnings;A;Normal value
2403040403IND02;00;2023;70351;Bujanovac;83669;RSD;RSD;SORS;Average gross earnings;A;Normal value
2403040403IND02;00;2023;70360;Valjevo;103085;RSD;RSD;SORS;Average gross earnings;A;Normal value
2403040403IND02;00;2023;70378;Varvarin;87807;RSD;RSD;SORS;Average gross earnings;A;Normal value
2403040403IND02;00;2023;70386;Velika Plana;95082;RSD;RSD;SORS;Average gross earnings;A;Normal value
2403040403IND02;00;2023;70394;Veliko Gradište;89576;RSD;RSD;SORS;Average gross earnings;A;Normal value
2403040403IND02;00;2023;70408;Vladimirci;88426;RSD;RSD;SORS;Average gross earnings;A;Normal value
2403040403IND02;00;2023;70416;Vladičin Han;91627;RSD;RSD;SORS;Average gross earnings;A;Normal value
2403040403IND02;00;2023;70424;Vlasotince;81067;RSD;RSD;SORS;Average gross earnings;A;Normal value
2403040403IND02;00;2023;70432;Vranje;92319;RSD;RSD;SORS;Average gross earnings;A;Normal value
2403040403IND02;00;2023;70459;Vrnjačka Banja;87572;RSD;RSD;SORS;Average gross earnings;A;Normal value
2403040403IND02;00;2023;70467;Gadžin Han;82720;RSD;RSD;SORS;Average gross earnings;A;Normal value
2403040403IND02;00;2023;70475;Golubac;86642;RSD;RSD;SORS;Average gross earnings;A;Normal value
2403040403IND02;00;2023;70483;Gornji Milanovac;104152;RSD;RSD;SORS;Average gross earnings;A;Normal value
2403040403IND02;00;2023;70491;Despotovac;91562;RSD;RSD;SORS;Average gross earnings;A;Normal value
2403040403IND02;00;2023;70505;Dimitrovgrad;87380;RSD;RSD;SORS;Average gross earnings;A;Normal value
2403040403IND02;00;2023;70513;Doljevac;87494;RSD;RSD;SORS;Average gross earnings;A;Normal value
2403040403IND02;00;2023;70521;Žabari;88302;RSD;RSD;SORS;Average gross earnings;A;Normal value
2403040403IND02;00;2023;70530;Žagubica;94189;RSD;RSD;SORS;Average gross earnings;A;Normal value
2403040403IND02;00;2023;70548;Žitorađa;88282;RSD;RSD;SORS;Average gross earnings;A;Normal value
2403040403IND02;00;2023;70556;Zaječar;101660;RSD;RSD;SORS;Average gross earnings;A;Normal value
2403040403IND02;00;2023;70564;Ivanjica;86985;RSD;RSD;SORS;Average gross earnings;A;Normal value
2403040403IND02;00;2023;70572;Kladovo;100862;RSD;RSD;SORS;Average gross earnings;A;Normal value
2403040403IND02;00;2023;70599;Knić;90864;RSD;RSD;SORS;Average gross earnings;A;Normal value
2403040403IND02;00;2023;70602;Knjaževac;86424;RSD;RSD;SORS;Average gross earnings;A;Normal value
2403040403IND02;00;2023;70629;Kosjerić;98083;RSD;RSD;SORS;Average gross earnings;A;Normal value
2403040403IND02;00;2023;70637;Koceljeva;87738;RSD;RSD;SORS;Average gross earnings;A;Normal value
2403040403IND02;00;2023;70645;Kragujevac;111447;RSD;RSD;SORS;Average gross earnings;A;Normal value
2403040403IND02;00;2023;70653;Kraljevo;97906;RSD;RSD;SORS;Average gross earnings;A;Normal value
2403040403IND02;00;2023;70661;Krupanj;87355;RSD;RSD;SORS;Average gross earnings;A;Normal value
2403040403IND02;00;2023;70670;Kruševac;104284;RSD;RSD;SORS;Average gross earnings;A;Normal value
2403040403IND02;00;2023;70688;Kuršumlija;92834;RSD;RSD;SORS;Average gross earnings;A;Normal value
2403040403IND02;00;2023;70696;Kučevo;95313;RSD;RSD;SORS;Average gross earnings;A;Normal value
2403040403IND02;00;2023;70700;Lajkovac;115996;RSD;RSD;SORS;Average gross earnings;A;Normal value
2403040403IND02;00;2023;70718;Lebane;83626;RSD;RSD;SORS;Average gross earnings;A;Normal value
2403040403IND02;00;2023;70726;Leskovac;89867;RSD;RSD;SORS;Average gross earnings;A;Normal value
2403040403IND02;00;2023;70734;Loznica;94867;RSD;RSD;SORS;Average gross earnings;A;Normal value
2403040403IND02;00;2023;70742;Lučani;120114;RSD;RSD;SORS;Average gross earnings;A;Normal value
2403040403IND02;00;2023;70769;Ljig;99826;RSD;RSD;SORS;Average gross earnings;A;Normal value
2403040403IND02;00;2023;70777;Ljubovija;96403;RSD;RSD;SORS;Average gross earnings;A;Normal value
2403040403IND02;00;2023;70785;Majdanpek;124029;RSD;RSD;SORS;Average gross earnings;A;Normal value
2403040403IND02;00;2023;70793;Mali Zvornik;92894;RSD;RSD;SORS;Average gross earnings;A;Normal value
2403040403IND02;00;2023;70807;Malo Crniće;87448;RSD;RSD;SORS;Average gross earnings;A;Normal value
2403040403IND02;00;2023;70815;Medveđa;99205;RSD;RSD;SORS;Average gross earnings;A;Normal value
2403040403IND02;00;2023;70823;Merošina;85569;RSD;RSD;SORS;Average gross earnings;A;Normal value
2403040403IND02;00;2023;70831;Mionica;90344;RSD;RSD;SORS;Average gross earnings;A;Normal value
2403040403IND02;00;2023;70840;Negotin;98516;RSD;RSD;SORS;Average gross earnings;A;Normal value
2403040403IND02;00;2023;70866;Nova Varoš;91038;RSD;RSD;SORS;Average gross earnings;A;Normal value
2403040403IND02;00;2023;70874;Novi Pazar;86686;RSD;RSD;SORS;Average gross earnings;A;Normal value
2403040403IND02;00;2023;70882;Osečina;90727;RSD;RSD;SORS;Average gross earnings;A;Normal value
2403040403IND02;00;2023;70904;Paraćin;93139;RSD;RSD;SORS;Average gross earnings;A;Normal value
2403040403IND02;00;2023;70912;Petrovac na Mlavi;86599;RSD;RSD;SORS;Average gross earnings;A;Normal value
2403040403IND02;00;2023;70939;Pirot;108502;RSD;RSD;SORS;Average gross earnings;A;Normal value
2403040403IND02;00;2023;70947;Požarevac;109658;RSD;RSD;SORS;Average gross earnings;A;Normal value
2403040403IND02;00;2023;70955;Požega;100727;RSD;RSD;SORS;Average gross earnings;A;Normal value
2403040403IND02;00;2023;70963;Preševo;79229;RSD;RSD;SORS;Average gross earnings;A;Normal value
2403040403IND02;00;2023;70971;Priboj;92499;RSD;RSD;SORS;Average gross earnings;A;Normal value
2403040403IND02;00;2023;70980;Prijepolje;87639;RSD;RSD;SORS;Average gross earnings;A;Normal value
2403040403IND02;00;2023;70998;Prokuplje;96879;RSD;RSD;SORS;Average gross earnings;A;Normal value
2403040403IND02;00;2023;71005;Ražanj;83760;RSD;RSD;SORS;Average gross earnings;A;Normal value
2403040403IND02;00;2023;71013;Rača;92503;RSD;RSD;SORS;Average gross earnings;A;Normal value
2403040403IND02;00;2023;71021;Raška;90075;RSD;RSD;SORS;Average gross earnings;A;Normal value
2403040403IND02;00;2023;71030;Rekovac;87197;RSD;RSD;SORS;Average gross earnings;A;Normal value
2403040403IND02;00;2023;71048;Jagodina;94763;RSD;RSD;SORS;Average gross earnings;A;Normal value
2403040403IND02;00;2023;71056;Svilajnac;89414;RSD;RSD;SORS;Average gross earnings;A;Normal value
2403040403IND02;00;2023;71064;Svrljig;81295;RSD;RSD;SORS;Average gross earnings;A;Normal value
2403040403IND02;00;2023;71072;Sjenica;91288;RSD;RSD;SORS;Average gross earnings;A;Normal value
2403040403IND02;00;2023;71099;Smederevo;108137;RSD;RSD;SORS;Average gross earnings;A;Normal value
2403040403IND02;00;2023;71102;Smederevska Palanka;95806;RSD;RSD;SORS;Average gross earnings;A;Normal value
2403040403IND02;00;2023;71129;Sokobanja;92059;RSD;RSD;SORS;Average gross earnings;A;Normal value
2403040403IND02;00;2023;71137;Surdulica;92115;RSD;RSD;SORS;Average gross earnings;A;Normal value
2403040403IND02;00;2023;71145;Užice;111116;RSD;RSD;SORS;Average gross earnings;A;Normal value
2403040403IND02;00;2023;71153;Topola;91798;RSD;RSD;SORS;Average gross earnings;A;Normal value
2403040403IND02;00;2023;71161;Trgovište;85708;RSD;RSD;SORS;Average gross earnings;A;Normal value
2403040403IND02;00;2023;71170;Trstenik;88656;RSD;RSD;SORS;Average gross earnings;A;Normal value
2403040403IND02;00;2023;71188;Tutin;85013;RSD;RSD;SORS;Average gross earnings;A;Normal value
2403040403IND02;00;2023;71196;Ćićevac;88104;RSD;RSD;SORS;Average gross earnings;A;Normal value
2403040403IND02;00;2023;71200;Ćuprija;95220;RSD;RSD;SORS;Average gross earnings;A;Normal value
2403040403IND02;00;2023;71218;Ub;99517;RSD;RSD;SORS;Average gross earnings;A;Normal value
2403040403IND02;00;2023;71226;Crna Trava;82432;RSD;RSD;SORS;Average gross earnings;A;Normal value
2403040403IND02;00;2023;71234;Čajetina;92181;RSD;RSD;SORS;Average gross earnings;A;Normal value
2403040403IND02;00;2023;71242;Čačak;101310;RSD;RSD;SORS;Average gross earnings;A;Normal value
2403040403IND02;00;2023;71269;Šabac;103499;RSD;RSD;SORS;Average gross earnings;A;Normal value
2403040403IND02;00;2023;71277;Lapovo;92249;RSD;RSD;SORS;Average gross earnings;A;Normal value
2403040403IND02;00;2023;71285;Niška Banja;91187;RSD;RSD;SORS;Average gross earnings;A;Normal value
2403040403IND02;00;2023;71293;Surčin;107782;RSD;RSD;SORS;Average gross earnings;A;Normal value
2403040403IND02;00;2023;71307;Pantelej;107572;RSD;RSD;SORS;Average gross earnings;A;Normal value
2403040403IND02;00;2023;71315;Crveni Krst;97140;RSD;RSD;SORS;Average gross earnings;A;Normal value
2403040403IND02;00;2023;71323;Palilula (Niš);104018;RSD;RSD;SORS;Average gross earnings;A;Normal value
2403040403IND02;00;2023;71331;Medijana;129179;RSD;RSD;SORS;Average gross earnings;A;Normal value
2403040403IND02;00;2023;71340;Kostolac;122898;RSD;RSD;SORS;Average gross earnings;A;Normal value
2403040403IND02;00;2023;71358;Vranjska Banja;83559;RSD;RSD;SORS;Average gross earnings;A;Normal value
2403040403IND02;00;2023;71366;Sevojno;101442;RSD;RSD;SORS;Average gross earnings;A;Normal value
2403040403IND02;00;2023;79022;Grad Niš;113453;RSD;RSD;SORS;Average gross earnings;A;Normal value
2403040403IND02;00;2023;79049;Grad Požarevac;111462;RSD;RSD;SORS;Average gross earnings;A;Normal value
2403040403IND02;00;2023;79057;Grad Vranje;92103;RSD;RSD;SORS;Average gross earnings;A;Normal value
2403040403IND02;00;2023;79065;Grad Užice;110813;RSD;RSD;SORS;Average gross earnings;A;Normal value
2403040403IND02;00;2023;80012;Ada;95274;RSD;RSD;SORS;Average gross earnings;A;Normal value
2403040403IND02;00;2023;80039;Alibunar;95444;RSD;RSD;SORS;Average gross earnings;A;Normal value
2403040403IND02;00;2023;80047;Apatin;95966;RSD;RSD;SORS;Average gross earnings;A;Normal value
2403040403IND02;00;2023;80055;Bač;88806;RSD;RSD;SORS;Average gross earnings;A;Normal value
2403040403IND02;00;2023;80063;Bačka Palanka;100471;RSD;RSD;SORS;Average gross earnings;A;Normal value
2403040403IND02;00;2023;80071;Bačka Topola;96273;RSD;RSD;SORS;Average gross earnings;A;Normal value
2403040403IND02;00;2023;80080;Bački Petrovac;96970;RSD;RSD;SORS;Average gross earnings;A;Normal value
2403040403IND02;00;2023;80098;Bela Crkva;92730;RSD;RSD;SORS;Average gross earnings;A;Normal value
2403040403IND02;00;2023;80101;Beočin;100967;RSD;RSD;SORS;Average gross earnings;A;Normal value
2403040403IND02;00;2023;80110;Bečej;98459;RSD;RSD;SORS;Average gross earnings;A;Normal value
2403040403IND02;00;2023;80128;Vršac;113727;RSD;RSD;SORS;Average gross earnings;A;Normal value
2403040403IND02;00;2023;80136;Žabalj;94219;RSD;RSD;SORS;Average gross earnings;A;Normal value
2403040403IND02;00;2023;80144;Žitište;97672;RSD;RSD;SORS;Average gross earnings;A;Normal value
2403040403IND02;00;2023;80152;Zrenjanin;108602;RSD;RSD;SORS;Average gross earnings;A;Normal value
2403040403IND02;00;2023;80179;Inđija;112975;RSD;RSD;SORS;Average gross earnings;A;Normal value
2403040403IND02;00;2023;80187;Irig;96209;RSD;RSD;SORS;Average gross earnings;A;Normal value
2403040403IND02;00;2023;80195;Kanjiža;93761;RSD;RSD;SORS;Average gross earnings;A;Normal value
2403040403IND02;00;2023;80209;Kikinda;103446;RSD;RSD;SORS;Average gross earnings;A;Normal value
2403040403IND02;00;2023;80217;Kovačica;91548;RSD;RSD;SORS;Average gross earnings;A;Normal value
2403040403IND02;00;2023;80225;Kovin;99498;RSD;RSD;SORS;Average gross earnings;A;Normal value
2403040403IND02;00;2023;80233;Kula;95958;RSD;RSD;SORS;Average gross earnings;A;Normal value
2403040403IND02;00;2023;80241;Mali Iđoš;88517;RSD;RSD;SORS;Average gross earnings;A;Normal value
2403040403IND02;00;2023;80250;Nova Crnja;95814;RSD;RSD;SORS;Average gross earnings;A;Normal value
2403040403IND02;00;2023;80268;Novi Bečej;91787;RSD;RSD;SORS;Average gross earnings;A;Normal value
2403040403IND02;00;2023;80276;Novi Kneževac;97405;RSD;RSD;SORS;Average gross earnings;A;Normal value
2403040403IND02;00;2023;80292;Opovo;96731;RSD;RSD;SORS;Average gross earnings;A;Normal value
2403040403IND02;00;2023;80306;Odžaci;94095;RSD;RSD;SORS;Average gross earnings;A;Normal value
2403040403IND02;00;2023;80314;Pančevo;118051;RSD;RSD;SORS;Average gross earnings;A;Normal value
2403040403IND02;00;2023;80322;Pećinci;106764;RSD;RSD;SORS;Average gross earnings;A;Normal value
2403040403IND02;00;2023;80349;Plandište;96906;RSD;RSD;SORS;Average gross earnings;A;Normal value
2403040403IND02;00;2023;80357;Ruma;103819;RSD;RSD;SORS;Average gross earnings;A;Normal value
2403040403IND02;00;2023;80365;Senta;101658;RSD;RSD;SORS;Average gross earnings;A;Normal value
2403040403IND02;00;2023;80373;Sečanj;95900;RSD;RSD;SORS;Average gross earnings;A;Normal value
2403040403IND02;00;2023;80381;Sombor;99945;RSD;RSD;SORS;Average gross earnings;A;Normal value
2403040403IND02;00;2023;80390;Srbobran;90174;RSD;RSD;SORS;Average gross earnings;A;Normal value
2403040403IND02;00;2023;80403;Sremska Mitrovica;106871;RSD;RSD;SORS;Average gross earnings;A;Normal value
2403040403IND02;00;2023;80411;Sremski Karlovci;109038;RSD;RSD;SORS;Average gross earnings;A;Normal value
2403040403IND02;00;2023;80420;Stara Pazova;108114;RSD;RSD;SORS;Average gross earnings;A;Normal value
2403040403IND02;00;2023;80438;Subotica;106114;RSD;RSD;SORS;Average gross earnings;A;Normal value
2403040403IND02;00;2023;80446;Temerin;100127;RSD;RSD;SORS;Average gross earnings;A;Normal value
2403040403IND02;00;2023;80454;Titel;93554;RSD;RSD;SORS;Average gross earnings;A;Normal value
2403040403IND02;00;2023;80462;Vrbas;99190;RSD;RSD;SORS;Average gross earnings;A;Normal value
2403040403IND02;00;2023;80489;Čoka;91659;RSD;RSD;SORS;Average gross earnings;A;Normal value
2403040403IND02;00;2023;80497;Šid;97202;RSD;RSD;SORS;Average gross earnings;A;Normal value
2403040403IND02;00;2023;89010;Grad Novi Sad;139226;RSD;RSD;SORS;Average gross earnings;A;Normal value
2403040403IND02;00;2023;RS;REPUBLIC OF SERBIA;118599;RSD;RSD;SORS;Average gross earnings;A;Normal value
2403040403IND02;00;2023;RS1;SRBIJA – SEVER;132674;RSD;RSD;SORS;Average gross earnings;A;Normal value
2403040403IND02;00;2023;RS11;Beogradski region;150266;RSD;RSD;SORS;Average gross earnings;A;Normal value
2403040403IND02;00;2023;RS110;Beogradska oblast;150266;RSD;RSD;SORS;Average gross earnings;A;Normal value
2403040403IND02;00;2023;RS12;Region Vojvodine;112441;RSD;RSD;SORS;Average gross earnings;A;Normal value
2403040403IND02;00;2023;RS121;Zapadnobačka oblast;97508;RSD;RSD;SORS;Average gross earnings;A;Normal value
2403040403IND02;00;2023;RS122;Južnobanatska oblast;110308;RSD;RSD;SORS;Average gross earnings;A;Normal value
2403040403IND02;00;2023;RS123;Južnobačka oblast;124966;RSD;RSD;SORS;Average gross earnings;A;Normal value
2403040403IND02;00;2023;RS124;Severnobanatska oblast;99771;RSD;RSD;SORS;Average gross earnings;A;Normal value
2403040403IND02;00;2023;RS125;Severnobačka oblast;103832;RSD;RSD;SORS;Average gross earnings;A;Normal value
2403040403IND02;00;2023;RS126;Srednjobanatska oblast;104897;RSD;RSD;SORS;Average gross earnings;A;Normal value
2403040403IND02;00;2023;RS127;Sremska oblast;106495;RSD;RSD;SORS;Average gross earnings;A;Normal value
2403040403IND02;00;2023;RS2;SRBIJA – JUG;100150;RSD;RSD;SORS;Average gross earnings;A;Normal value
2403040403IND02;00;2023;RS21;Region Šumadije i Zapadne Srbije;99093;RSD;RSD;SORS;Average gross earnings;A;Normal value
2403040403IND02;00;2023;RS211;Zlatiborska oblast;98750;RSD;RSD;SORS;Average gross earnings;A;Normal value
2403040403IND02;00;2023;RS212;Kolubarska oblast;102332;RSD;RSD;SORS;Average gross earnings;A;Normal value
2403040403IND02;00;2023;RS213;Mačvanska oblast;97505;RSD;RSD;SORS;Average gross earnings;A;Normal value
2403040403IND02;00;2023;RS214;Moravička oblast;101604;RSD;RSD;SORS;Average gross earnings;A;Normal value
2403040403IND02;00;2023;RS215;Pomoravska oblast;93394;RSD;RSD;SORS;Average gross earnings;A;Normal value
2403040403IND02;00;2023;RS216;Rasinska oblast;97800;RSD;RSD;SORS;Average gross earnings;A;Normal value
2403040403IND02;00;2023;RS217;Raška oblast;92794;RSD;RSD;SORS;Average gross earnings;A;Normal value
2403040403IND02;00;2023;RS218;Šumadijska oblast;106524;RSD;RSD;SORS;Average gross earnings;A;Normal value
2403040403IND02;00;2023;RS22;Region Južne i Istočne Srbije;101504;RSD;RSD;SORS;Average gross earnings;A;Normal value
2403040403IND02;00;2023;RS221;Borska oblast;121985;RSD;RSD;SORS;Average gross earnings;A;Normal value
2403040403IND02;00;2023;RS222;Braničevska oblast;102633;RSD;RSD;SORS;Average gross earnings;A;Normal value
2403040403IND02;00;2023;RS223;Zaječarska oblast;96919;RSD;RSD;SORS;Average gross earnings;A;Normal value
2403040403IND02;00;2023;RS224;Jablanička oblast;87970;RSD;RSD;SORS;Average gross earnings;A;Normal value
2403040403IND02;00;2023;RS225;Nišavska oblast;108018;RSD;RSD;SORS;Average gross earnings;A;Normal value
2403040403IND02;00;2023;RS226;Pirotska oblast;102570;RSD;RSD;SORS;Average gross earnings;A;Normal value
2403040403IND02;00;2023;RS227;Podunavska oblast;103130;RSD;RSD;SORS;Average gross earnings;A;Normal value
2403040403IND02;00;2023;RS228;Pčinjska oblast;89715;RSD;RSD;SORS;Average gross earnings;A;Normal value
2403040403IND02;00;2023;RS229;Toplička oblast;93160;RSD;RSD;SORS;Average gross earnings;A;Normal value
2403040403IND02;00;2024;70017;Aleksandrovac;98286;RSD;RSD;SORS;Average gross earnings;A;Normal value
2403040403IND02;00;2024;70025;Aleksinac;106464;RSD;RSD;SORS;Average gross earnings;A;Normal value
2403040403IND02;00;2024;70033;Aranđelovac;116079;RSD;RSD;SORS;Average gross earnings;A;Normal value
2403040403IND02;00;2024;70041;Arilje;100412;RSD;RSD;SORS;Average gross earnings;A;Normal value
2403040403IND02;00;2024;70050;Babušnica;104051;RSD;RSD;SORS;Average gross earnings;A;Normal value
2403040403IND02;00;2024;70068;Bajina Bašta;102969;RSD;RSD;SORS;Average gross earnings;A;Normal value
2403040403IND02;00;2024;70076;Batočina;105055;RSD;RSD;SORS;Average gross earnings;A;Normal value
2403040403IND02;00;2024;70084;Bela Palanka;98977;RSD;RSD;SORS;Average gross earnings;A;Normal value
2403040403IND02;00;2024;70092;Barajevo;116406;RSD;RSD;SORS;Average gross earnings;A;Normal value
2403040403IND02;00;2024;70106;Voždovac;177597;RSD;RSD;SORS;Average gross earnings;A;Normal value
2403040403IND02;00;2024;70114;Vračar;228678;RSD;RSD;SORS;Average gross earnings;A;Normal value
2403040403IND02;00;2024;70122;Grocka;119373;RSD;RSD;SORS;Average gross earnings;A;Normal value
2403040403IND02;00;2024;70149;Zvezdara;175574;RSD;RSD;SORS;Average gross earnings;A;Normal value
2403040403IND02;00;2024;70157;Zemun;158765;RSD;RSD;SORS;Average gross earnings;A;Normal value
2403040403IND02;00;2024;70165;Lazarevac;139497;RSD;RSD;SORS;Average gross earnings;A;Normal value
2403040403IND02;00;2024;70173;Mladenovac;112901;RSD;RSD;SORS;Average gross earnings;A;Normal value
2403040403IND02;00;2024;70181;Novi Beograd;217368;RSD;RSD;SORS;Average gross earnings;A;Normal value
2403040403IND02;00;2024;70190;Obrenovac;127330;RSD;RSD;SORS;Average gross earnings;A;Normal value
2403040403IND02;00;2024;70203;Palilula (Beograd);153865;RSD;RSD;SORS;Average gross earnings;A;Normal value
2403040403IND02;00;2024;70211;Rakovica;152528;RSD;RSD;SORS;Average gross earnings;A;Normal value
2403040403IND02;00;2024;70220;Savski venac;217917;RSD;RSD;SORS;Average gross earnings;A;Normal value
2403040403IND02;00;2024;70238;Sopot;113626;RSD;RSD;SORS;Average gross earnings;A;Normal value
2403040403IND02;00;2024;70246;Stari grad;238746;RSD;RSD;SORS;Average gross earnings;A;Normal value
2403040403IND02;00;2024;70254;Čukarica;162097;RSD;RSD;SORS;Average gross earnings;A;Normal value
2403040403IND02;00;2024;70262;Blace;94685;RSD;RSD;SORS;Average gross earnings;A;Normal value
2403040403IND02;00;2024;70289;Bogatić;101071;RSD;RSD;SORS;Average gross earnings;A;Normal value
2403040403IND02;00;2024;70297;Bojnik;90431;RSD;RSD;SORS;Average gross earnings;A;Normal value
2403040403IND02;00;2024;70319;Boljevac;117782;RSD;RSD;SORS;Average gross earnings;A;Normal value
2403040403IND02;00;2024;70327;Bor;158118;RSD;RSD;SORS;Average gross earnings;A;Normal value
2403040403IND02;00;2024;70335;Bosilegrad;98738;RSD;RSD;SORS;Average gross earnings;A;Normal value
2403040403IND02;00;2024;70343;Brus;103217;RSD;RSD;SORS;Average gross earnings;A;Normal value
2403040403IND02;00;2024;70351;Bujanovac;96774;RSD;RSD;SORS;Average gross earnings;A;Normal value
2403040403IND02;00;2024;70360;Valjevo;119040;RSD;RSD;SORS;Average gross earnings;A;Normal value
2403040403IND02;00;2024;70378;Varvarin;101480;RSD;RSD;SORS;Average gross earnings;A;Normal value
2403040403IND02;00;2024;70386;Velika Plana;109074;RSD;RSD;SORS;Average gross earnings;A;Normal value
2403040403IND02;00;2024;70394;Veliko Gradište;103601;RSD;RSD;SORS;Average gross earnings;A;Normal value
2403040403IND02;00;2024;70408;Vladimirci;102495;RSD;RSD;SORS;Average gross earnings;A;Normal value
2403040403IND02;00;2024;70416;Vladičin Han;107465;RSD;RSD;SORS;Average gross earnings;A;Normal value
2403040403IND02;00;2024;70424;Vlasotince;92849;RSD;RSD;SORS;Average gross earnings;A;Normal value
2403040403IND02;00;2024;70432;Vranje;105414;RSD;RSD;SORS;Average gross earnings;A;Normal value
2403040403IND02;00;2024;70459;Vrnjačka Banja;101529;RSD;RSD;SORS;Average gross earnings;A;Normal value
2403040403IND02;00;2024;70467;Gadžin Han;95089;RSD;RSD;SORS;Average gross earnings;A;Normal value
2403040403IND02;00;2024;70475;Golubac;100353;RSD;RSD;SORS;Average gross earnings;A;Normal value
2403040403IND02;00;2024;70483;Gornji Milanovac;119590;RSD;RSD;SORS;Average gross earnings;A;Normal value
2403040403IND02;00;2024;70491;Despotovac;104533;RSD;RSD;SORS;Average gross earnings;A;Normal value
2403040403IND02;00;2024;70505;Dimitrovgrad;100812;RSD;RSD;SORS;Average gross earnings;A;Normal value
2403040403IND02;00;2024;70513;Doljevac;100414;RSD;RSD;SORS;Average gross earnings;A;Normal value
2403040403IND02;00;2024;70521;Žabari;100640;RSD;RSD;SORS;Average gross earnings;A;Normal value
2403040403IND02;00;2024;70530;Žagubica;109718;RSD;RSD;SORS;Average gross earnings;A;Normal value
2403040403IND02;00;2024;70548;Žitorađa;99613;RSD;RSD;SORS;Average gross earnings;A;Normal value
2403040403IND02;00;2024;70556;Zaječar;117444;RSD;RSD;SORS;Average gross earnings;A;Normal value
2403040403IND02;00;2024;70564;Ivanjica;99921;RSD;RSD;SORS;Average gross earnings;A;Normal value
2403040403IND02;00;2024;70572;Kladovo;113541;RSD;RSD;SORS;Average gross earnings;A;Normal value
2403040403IND02;00;2024;70599;Knić;106004;RSD;RSD;SORS;Average gross earnings;A;Normal value
2403040403IND02;00;2024;70602;Knjaževac;100386;RSD;RSD;SORS;Average gross earnings;A;Normal value
2403040403IND02;00;2024;70629;Kosjerić;111986;RSD;RSD;SORS;Average gross earnings;A;Normal value
2403040403IND02;00;2024;70637;Koceljeva;102106;RSD;RSD;SORS;Average gross earnings;A;Normal value
2403040403IND02;00;2024;70645;Kragujevac;128497;RSD;RSD;SORS;Average gross earnings;A;Normal value
2403040403IND02;00;2024;70653;Kraljevo;112090;RSD;RSD;SORS;Average gross earnings;A;Normal value
2403040403IND02;00;2024;70661;Krupanj;102619;RSD;RSD;SORS;Average gross earnings;A;Normal value
2403040403IND02;00;2024;70670;Kruševac;120663;RSD;RSD;SORS;Average gross earnings;A;Normal value
2403040403IND02;00;2024;70688;Kuršumlija;106242;RSD;RSD;SORS;Average gross earnings;A;Normal value
2403040403IND02;00;2024;70696;Kučevo;108313;RSD;RSD;SORS;Average gross earnings;A;Normal value
2403040403IND02;00;2024;70700;Lajkovac;129069;RSD;RSD;SORS;Average gross earnings;A;Normal value
2403040403IND02;00;2024;70718;Lebane;95660;RSD;RSD;SORS;Average gross earnings;A;Normal value
2403040403IND02;00;2024;70726;Leskovac;102937;RSD;RSD;SORS;Average gross earnings;A;Normal value
2403040403IND02;00;2024;70734;Loznica;109364;RSD;RSD;SORS;Average gross earnings;A;Normal value
2403040403IND02;00;2024;70742;Lučani;140044;RSD;RSD;SORS;Average gross earnings;A;Normal value
2403040403IND02;00;2024;70769;Ljig;115720;RSD;RSD;SORS;Average gross earnings;A;Normal value
2403040403IND02;00;2024;70777;Ljubovija;111310;RSD;RSD;SORS;Average gross earnings;A;Normal value
2403040403IND02;00;2024;70785;Majdanpek;140981;RSD;RSD;SORS;Average gross earnings;A;Normal value
2403040403IND02;00;2024;70793;Mali Zvornik;107307;RSD;RSD;SORS;Average gross earnings;A;Normal value
2403040403IND02;00;2024;70807;Malo Crniće;101113;RSD;RSD;SORS;Average gross earnings;A;Normal value
2403040403IND02;00;2024;70815;Medveđa;109902;RSD;RSD;SORS;Average gross earnings;A;Normal value
2403040403IND02;00;2024;70823;Merošina;97661;RSD;RSD;SORS;Average gross earnings;A;Normal value
2403040403IND02;00;2024;70831;Mionica;104615;RSD;RSD;SORS;Average gross earnings;A;Normal value
2403040403IND02;00;2024;70840;Negotin;112471;RSD;RSD;SORS;Average gross earnings;A;Normal value
2403040403IND02;00;2024;70866;Nova Varoš;105006;RSD;RSD;SORS;Average gross earnings;A;Normal value
2403040403IND02;00;2024;70874;Novi Pazar;99296;RSD;RSD;SORS;Average gross earnings;A;Normal value
2403040403IND02;00;2024;70882;Osečina;104099;RSD;RSD;SORS;Average gross earnings;A;Normal value
2403040403IND02;00;2024;70904;Paraćin;108216;RSD;RSD;SORS;Average gross earnings;A;Normal value
2403040403IND02;00;2024;70912;Petrovac na Mlavi;100176;RSD;RSD;SORS;Average gross earnings;A;Normal value
2403040403IND02;00;2024;70939;Pirot;122822;RSD;RSD;SORS;Average gross earnings;A;Normal value
2403040403IND02;00;2024;70947;Požarevac;125212;RSD;RSD;SORS;Average gross earnings;A;Normal value
2403040403IND02;00;2024;70955;Požega;115726;RSD;RSD;SORS;Average gross earnings;A;Normal value
2403040403IND02;00;2024;70963;Preševo;91385;RSD;RSD;SORS;Average gross earnings;A;Normal value
2403040403IND02;00;2024;70971;Priboj;105728;RSD;RSD;SORS;Average gross earnings;A;Normal value
2403040403IND02;00;2024;70980;Prijepolje;99486;RSD;RSD;SORS;Average gross earnings;A;Normal value
2403040403IND02;00;2024;70998;Prokuplje;109098;RSD;RSD;SORS;Average gross earnings;A;Normal value
2403040403IND02;00;2024;71005;Ražanj;96258;RSD;RSD;SORS;Average gross earnings;A;Normal value
2403040403IND02;00;2024;71013;Rača;106454;RSD;RSD;SORS;Average gross earnings;A;Normal value
2403040403IND02;00;2024;71021;Raška;103790;RSD;RSD;SORS;Average gross earnings;A;Normal value
2403040403IND02;00;2024;71030;Rekovac;99421;RSD;RSD;SORS;Average gross earnings;A;Normal value
2403040403IND02;00;2024;71048;Jagodina;108315;RSD;RSD;SORS;Average gross earnings;A;Normal value
2403040403IND02;00;2024;71056;Svilajnac;102015;RSD;RSD;SORS;Average gross earnings;A;Normal value
2403040403IND02;00;2024;71064;Svrljig;96083;RSD;RSD;SORS;Average gross earnings;A;Normal value
2403040403IND02;00;2024;71072;Sjenica;105101;RSD;RSD;SORS;Average gross earnings;A;Normal value
2403040403IND02;00;2024;71099;Smederevo;123730;RSD;RSD;SORS;Average gross earnings;A;Normal value
2403040403IND02;00;2024;71102;Smederevska Palanka;110788;RSD;RSD;SORS;Average gross earnings;A;Normal value
2403040403IND02;00;2024;71129;Sokobanja;105631;RSD;RSD;SORS;Average gross earnings;A;Normal value
2403040403IND02;00;2024;71137;Surdulica;104283;RSD;RSD;SORS;Average gross earnings;A;Normal value
2403040403IND02;00;2024;71145;Užice;126687;RSD;RSD;SORS;Average gross earnings;A;Normal value
2403040403IND02;00;2024;71153;Topola;106201;RSD;RSD;SORS;Average gross earnings;A;Normal value
2403040403IND02;00;2024;71161;Trgovište;99719;RSD;RSD;SORS;Average gross earnings;A;Normal value
2403040403IND02;00;2024;71170;Trstenik;103443;RSD;RSD;SORS;Average gross earnings;A;Normal value
2403040403IND02;00;2024;71188;Tutin;98723;RSD;RSD;SORS;Average gross earnings;A;Normal value
2403040403IND02;00;2024;71196;Ćićevac;102817;RSD;RSD;SORS;Average gross earnings;A;Normal value
2403040403IND02;00;2024;71200;Ćuprija;110076;RSD;RSD;SORS;Average gross earnings;A;Normal value
2403040403IND02;00;2024;71218;Ub;114518;RSD;RSD;SORS;Average gross earnings;A;Normal value
2403040403IND02;00;2024;71226;Crna Trava;92446;RSD;RSD;SORS;Average gross earnings;A;Normal value
2403040403IND02;00;2024;71234;Čajetina;106670;RSD;RSD;SORS;Average gross earnings;A;Normal value
2403040403IND02;00;2024;71242;Čačak;116784;RSD;RSD;SORS;Average gross earnings;A;Normal value
2403040403IND02;00;2024;71269;Šabac;118225;RSD;RSD;SORS;Average gross earnings;A;Normal value
2403040403IND02;00;2024;71277;Lapovo;106379;RSD;RSD;SORS;Average gross earnings;A;Normal value
2403040403IND02;00;2024;71285;Niška Banja;105813;RSD;RSD;SORS;Average gross earnings;A;Normal value
2403040403IND02;00;2024;71293;Surčin;124504;RSD;RSD;SORS;Average gross earnings;A;Normal value
2403040403IND02;00;2024;71307;Pantelej;123721;RSD;RSD;SORS;Average gross earnings;A;Normal value
2403040403IND02;00;2024;71315;Crveni Krst;111803;RSD;RSD;SORS;Average gross earnings;A;Normal value
2403040403IND02;00;2024;71323;Palilula (Niš);119142;RSD;RSD;SORS;Average gross earnings;A;Normal value
2403040403IND02;00;2024;71331;Medijana;147973;RSD;RSD;SORS;Average gross earnings;A;Normal value
2403040403IND02;00;2024;71340;Kostolac;137759;RSD;RSD;SORS;Average gross earnings;A;Normal value
2403040403IND02;00;2024;71358;Vranjska Banja;93169;RSD;RSD;SORS;Average gross earnings;A;Normal value
2403040403IND02;00;2024;71366;Sevojno;115614;RSD;RSD;SORS;Average gross earnings;A;Normal value
2403040403IND02;00;2024;79022;Grad Niš;130110;RSD;RSD;SORS;Average gross earnings;A;Normal value
2403040403IND02;00;2024;79049;Grad Požarevac;126949;RSD;RSD;SORS;Average gross earnings;A;Normal value
2403040403IND02;00;2024;79057;Grad Vranje;105106;RSD;RSD;SORS;Average gross earnings;A;Normal value
2403040403IND02;00;2024;79065;Grad Užice;126326;RSD;RSD;SORS;Average gross earnings;A;Normal value
2403040403IND02;00;2024;80012;Ada;107946;RSD;RSD;SORS;Average gross earnings;A;Normal value
2403040403IND02;00;2024;80039;Alibunar;110200;RSD;RSD;SORS;Average gross earnings;A;Normal value
2403040403IND02;00;2024;80047;Apatin;108833;RSD;RSD;SORS;Average gross earnings;A;Normal value
2403040403IND02;00;2024;80055;Bač;101429;RSD;RSD;SORS;Average gross earnings;A;Normal value
2403040403IND02;00;2024;80063;Bačka Palanka;114354;RSD;RSD;SORS;Average gross earnings;A;Normal value
2403040403IND02;00;2024;80071;Bačka Topola;110080;RSD;RSD;SORS;Average gross earnings;A;Normal value
2403040403IND02;00;2024;80080;Bački Petrovac;109322;RSD;RSD;SORS;Average gross earnings;A;Normal value
2403040403IND02;00;2024;80098;Bela Crkva;106376;RSD;RSD;SORS;Average gross earnings;A;Normal value
2403040403IND02;00;2024;80101;Beočin;117507;RSD;RSD;SORS;Average gross earnings;A;Normal value
2403040403IND02;00;2024;80110;Bečej;111882;RSD;RSD;SORS;Average gross earnings;A;Normal value
2403040403IND02;00;2024;80128;Vršac;129687;RSD;RSD;SORS;Average gross earnings;A;Normal value
2403040403IND02;00;2024;80136;Žabalj;108608;RSD;RSD;SORS;Average gross earnings;A;Normal value
2403040403IND02;00;2024;80144;Žitište;111837;RSD;RSD;SORS;Average gross earnings;A;Normal value
2403040403IND02;00;2024;80152;Zrenjanin;122910;RSD;RSD;SORS;Average gross earnings;A;Normal value
2403040403IND02;00;2024;80179;Inđija;128349;RSD;RSD;SORS;Average gross earnings;A;Normal value
2403040403IND02;00;2024;80187;Irig;109086;RSD;RSD;SORS;Average gross earnings;A;Normal value
2403040403IND02;00;2024;80195;Kanjiža;107748;RSD;RSD;SORS;Average gross earnings;A;Normal value
2403040403IND02;00;2024;80209;Kikinda;116862;RSD;RSD;SORS;Average gross earnings;A;Normal value
2403040403IND02;00;2024;80217;Kovačica;106018;RSD;RSD;SORS;Average gross earnings;A;Normal value
2403040403IND02;00;2024;80225;Kovin;114454;RSD;RSD;SORS;Average gross earnings;A;Normal value
2403040403IND02;00;2024;80233;Kula;110029;RSD;RSD;SORS;Average gross earnings;A;Normal value
2403040403IND02;00;2024;80241;Mali Iđoš;102879;RSD;RSD;SORS;Average gross earnings;A;Normal value
2403040403IND02;00;2024;80250;Nova Crnja;109079;RSD;RSD;SORS;Average gross earnings;A;Normal value
2403040403IND02;00;2024;80268;Novi Bečej;105344;RSD;RSD;SORS;Average gross earnings;A;Normal value
2403040403IND02;00;2024;80276;Novi Kneževac;111190;RSD;RSD;SORS;Average gross earnings;A;Normal value
2403040403IND02;00;2024;80292;Opovo;110391;RSD;RSD;SORS;Average gross earnings;A;Normal value
2403040403IND02;00;2024;80306;Odžaci;108571;RSD;RSD;SORS;Average gross earnings;A;Normal value
2403040403IND02;00;2024;80314;Pančevo;135349;RSD;RSD;SORS;Average gross earnings;A;Normal value
2403040403IND02;00;2024;80322;Pećinci;121883;RSD;RSD;SORS;Average gross earnings;A;Normal value
2403040403IND02;00;2024;80349;Plandište;110898;RSD;RSD;SORS;Average gross earnings;A;Normal value
2403040403IND02;00;2024;80357;Ruma;118315;RSD;RSD;SORS;Average gross earnings;A;Normal value
2403040403IND02;00;2024;80365;Senta;114856;RSD;RSD;SORS;Average gross earnings;A;Normal value
2403040403IND02;00;2024;80373;Sečanj;111301;RSD;RSD;SORS;Average gross earnings;A;Normal value
2403040403IND02;00;2024;80381;Sombor;113046;RSD;RSD;SORS;Average gross earnings;A;Normal value
2403040403IND02;00;2024;80390;Srbobran;104669;RSD;RSD;SORS;Average gross earnings;A;Normal value
2403040403IND02;00;2024;80403;Sremska Mitrovica;120973;RSD;RSD;SORS;Average gross earnings;A;Normal value
2403040403IND02;00;2024;80411;Sremski Karlovci;124832;RSD;RSD;SORS;Average gross earnings;A;Normal value
2403040403IND02;00;2024;80420;Stara Pazova;124532;RSD;RSD;SORS;Average gross earnings;A;Normal value
2403040403IND02;00;2024;80438;Subotica;120671;RSD;RSD;SORS;Average gross earnings;A;Normal value
2403040403IND02;00;2024;80446;Temerin;114562;RSD;RSD;SORS;Average gross earnings;A;Normal value
2403040403IND02;00;2024;80454;Titel;107567;RSD;RSD;SORS;Average gross earnings;A;Normal value
2403040403IND02;00;2024;80462;Vrbas;113441;RSD;RSD;SORS;Average gross earnings;A;Normal value
2403040403IND02;00;2024;80489;Čoka;105301;RSD;RSD;SORS;Average gross earnings;A;Normal value
2403040403IND02;00;2024;80497;Šid;112125;RSD;RSD;SORS;Average gross earnings;A;Normal value
2403040403IND02;00;2024;89010;Grad Novi Sad;157742;RSD;RSD;SORS;Average gross earnings;A;Normal value
2403040403IND02;00;2024;RS;REPUBLIC OF SERBIA;135403;RSD;RSD;SORS;Average gross earnings;A;Normal value
2403040403IND02;00;2024;RS1;SRBIJA – SEVER;150839;RSD;RSD;SORS;Average gross earnings;A;Normal value
2403040403IND02;00;2024;RS11;Beogradski region;170452;RSD;RSD;SORS;Average gross earnings;A;Normal value
2403040403IND02;00;2024;RS110;Beogradska oblast;170452;RSD;RSD;SORS;Average gross earnings;A;Normal value
2403040403IND02;00;2024;RS12;Region Vojvodine;128154;RSD;RSD;SORS;Average gross earnings;A;Normal value
2403040403IND02;00;2024;RS121;Zapadnobačka oblast;111027;RSD;RSD;SORS;Average gross earnings;A;Normal value
2403040403IND02;00;2024;RS122;Južnobanatska oblast;126466;RSD;RSD;SORS;Average gross earnings;A;Normal value
2403040403IND02;00;2024;RS123;Južnobačka oblast;142150;RSD;RSD;SORS;Average gross earnings;A;Normal value
2403040403IND02;00;2024;RS124;Severnobanatska oblast;113216;RSD;RSD;SORS;Average gross earnings;A;Normal value
2403040403IND02;00;2024;RS125;Severnobačka oblast;118284;RSD;RSD;SORS;Average gross earnings;A;Normal value
2403040403IND02;00;2024;RS126;Srednjobanatska oblast;119132;RSD;RSD;SORS;Average gross earnings;A;Normal value
2403040403IND02;00;2024;RS127;Sremska oblast;121531;RSD;RSD;SORS;Average gross earnings;A;Normal value
2403040403IND02;00;2024;RS2;SRBIJA – JUG;115033;RSD;RSD;SORS;Average gross earnings;A;Normal value
2403040403IND02;00;2024;RS21;Region Šumadije i Zapadne Srbije;114030;RSD;RSD;SORS;Average gross earnings;A;Normal value
2403040403IND02;00;2024;RS211;Zlatiborska oblast;113018;RSD;RSD;SORS;Average gross earnings;A;Normal value
2403040403IND02;00;2024;RS212;Kolubarska oblast;117615;RSD;RSD;SORS;Average gross earnings;A;Normal value
2403040403IND02;00;2024;RS213;Mačvanska oblast;111999;RSD;RSD;SORS;Average gross earnings;A;Normal value
2403040403IND02;00;2024;RS214;Moravička oblast;117162;RSD;RSD;SORS;Average gross earnings;A;Normal value
2403040403IND02;00;2024;RS215;Pomoravska oblast;107343;RSD;RSD;SORS;Average gross earnings;A;Normal value
2403040403IND02;00;2024;RS216;Rasinska oblast;113397;RSD;RSD;SORS;Average gross earnings;A;Normal value
2403040403IND02;00;2024;RS217;Raška oblast;106423;RSD;RSD;SORS;Average gross earnings;A;Normal value
2403040403IND02;00;2024;RS218;Šumadijska oblast;122867;RSD;RSD;SORS;Average gross earnings;A;Normal value
2403040403IND02;00;2024;RS22;Region Južne i Istočne Srbije;116330;RSD;RSD;SORS;Average gross earnings;A;Normal value
2403040403IND02;00;2024;RS221;Borska oblast;139709;RSD;RSD;SORS;Average gross earnings;A;Normal value
2403040403IND02;00;2024;RS222;Braničevska oblast;117306;RSD;RSD;SORS;Average gross earnings;A;Normal value
2403040403IND02;00;2024;RS223;Zaječarska oblast;111890;RSD;RSD;SORS;Average gross earnings;A;Normal value
2403040403IND02;00;2024;RS224;Jablanička oblast;100633;RSD;RSD;SORS;Average gross earnings;A;Normal value
2403040403IND02;00;2024;RS225;Nišavska oblast;123859;RSD;RSD;SORS;Average gross earnings;A;Normal value
2403040403IND02;00;2024;RS226;Pirotska oblast;116595;RSD;RSD;SORS;Average gross earnings;A;Normal value
2403040403IND02;00;2024;RS227;Podunavska oblast;118240;RSD;RSD;SORS;Average gross earnings;A;Normal value
2403040403IND02;00;2024;RS228;Pčinjska oblast;102895;RSD;RSD;SORS;Average gross earnings;A;Normal value
2403040403IND02;00;2024;RS229;Toplička oblast;105574;RSD;RSD;SORS;Average gross earnings;A;Normal value
2403040403IND02;00;2025;70017;Aleksandrovac;112396;RSD;RSD;SORS;Average gross earnings;A;Normal value
2403040403IND02;00;2025;70025;Aleksinac;119381;RSD;RSD;SORS;Average gross earnings;A;Normal value
2403040403IND02;00;2025;70033;Aranđelovac;129123;RSD;RSD;SORS;Average gross earnings;A;Normal value
2403040403IND02;00;2025;70041;Arilje;112473;RSD;RSD;SORS;Average gross earnings;A;Normal value
2403040403IND02;00;2025;70050;Babušnica;117978;RSD;RSD;SORS;Average gross earnings;A;Normal value
2403040403IND02;00;2025;70068;Bajina Bašta;116000;RSD;RSD;SORS;Average gross earnings;A;Normal value
2403040403IND02;00;2025;70076;Batočina;119994;RSD;RSD;SORS;Average gross earnings;A;Normal value
2403040403IND02;00;2025;70084;Bela Palanka;112474;RSD;RSD;SORS;Average gross earnings;A;Normal value
2403040403IND02;00;2025;70092;Barajevo;131453;RSD;RSD;SORS;Average gross earnings;A;Normal value
2403040403IND02;00;2025;70106;Voždovac;196547;RSD;RSD;SORS;Average gross earnings;A;Normal value
2403040403IND02;00;2025;70114;Vračar;247679;RSD;RSD;SORS;Average gross earnings;A;Normal value
2403040403IND02;00;2025;70122;Grocka;134810;RSD;RSD;SORS;Average gross earnings;A;Normal value
2403040403IND02;00;2025;70149;Zvezdara;193909;RSD;RSD;SORS;Average gross earnings;A;Normal value
2403040403IND02;00;2025;70157;Zemun;176912;RSD;RSD;SORS;Average gross earnings;A;Normal value
2403040403IND02;00;2025;70165;Lazarevac;153137;RSD;RSD;SORS;Average gross earnings;A;Normal value
2403040403IND02;00;2025;70173;Mladenovac;127809;RSD;RSD;SORS;Average gross earnings;A;Normal value
2403040403IND02;00;2025;70181;Novi Beograd;239519;RSD;RSD;SORS;Average gross earnings;A;Normal value
2403040403IND02;00;2025;70190;Obrenovac;142555;RSD;RSD;SORS;Average gross earnings;A;Normal value
2403040403IND02;00;2025;70203;Palilula (Beograd);171190;RSD;RSD;SORS;Average gross earnings;A;Normal value
2403040403IND02;00;2025;70211;Rakovica;170449;RSD;RSD;SORS;Average gross earnings;A;Normal value
2403040403IND02;00;2025;70220;Savski venac;237093;RSD;RSD;SORS;Average gross earnings;A;Normal value
2403040403IND02;00;2025;70238;Sopot;130389;RSD;RSD;SORS;Average gross earnings;A;Normal value
2403040403IND02;00;2025;70246;Stari grad;255495;RSD;RSD;SORS;Average gross earnings;A;Normal value
2403040403IND02;00;2025;70254;Čukarica;179883;RSD;RSD;SORS;Average gross earnings;A;Normal value
2403040403IND02;00;2025;70262;Blace;109361;RSD;RSD;SORS;Average gross earnings;A;Normal value
2403040403IND02;00;2025;70289;Bogatić;114774;RSD;RSD;SORS;Average gross earnings;A;Normal value
2403040403IND02;00;2025;70297;Bojnik;103243;RSD;RSD;SORS;Average gross earnings;A;Normal value
2403040403IND02;00;2025;70319;Boljevac;132940;RSD;RSD;SORS;Average gross earnings;A;Normal value
2403040403IND02;00;2025;70327;Bor;175793;RSD;RSD;SORS;Average gross earnings;A;Normal value
2403040403IND02;00;2025;70335;Bosilegrad;109406;RSD;RSD;SORS;Average gross earnings;A;Normal value
2403040403IND02;00;2025;70343;Brus;115947;RSD;RSD;SORS;Average gross earnings;A;Normal value
2403040403IND02;00;2025;70351;Bujanovac;109503;RSD;RSD;SORS;Average gross earnings;A;Normal value
2403040403IND02;00;2025;70360;Valjevo;134345;RSD;RSD;SORS;Average gross earnings;A;Normal value
2403040403IND02;00;2025;70378;Varvarin;114972;RSD;RSD;SORS;Average gross earnings;A;Normal value
2403040403IND02;00;2025;70386;Velika Plana;122301;RSD;RSD;SORS;Average gross earnings;A;Normal value
2403040403IND02;00;2025;70394;Veliko Gradište;116681;RSD;RSD;SORS;Average gross earnings;A;Normal value
2403040403IND02;00;2025;70408;Vladimirci;116352;RSD;RSD;SORS;Average gross earnings;A;Normal value
2403040403IND02;00;2025;70416;Vladičin Han;120104;RSD;RSD;SORS;Average gross earnings;A;Normal value
2403040403IND02;00;2025;70424;Vlasotince;105413;RSD;RSD;SORS;Average gross earnings;A;Normal value
2403040403IND02;00;2025;70432;Vranje;119243;RSD;RSD;SORS;Average gross earnings;A;Normal value
2403040403IND02;00;2025;70459;Vrnjačka Banja;115765;RSD;RSD;SORS;Average gross earnings;A;Normal value
2403040403IND02;00;2025;70467;Gadžin Han;108273;RSD;RSD;SORS;Average gross earnings;A;Normal value
2403040403IND02;00;2025;70475;Golubac;113712;RSD;RSD;SORS;Average gross earnings;A;Normal value
2403040403IND02;00;2025;70483;Gornji Milanovac;134241;RSD;RSD;SORS;Average gross earnings;A;Normal value
2403040403IND02;00;2025;70491;Despotovac;118054;RSD;RSD;SORS;Average gross earnings;A;Normal value
2403040403IND02;00;2025;70505;Dimitrovgrad;114928;RSD;RSD;SORS;Average gross earnings;A;Normal value
2403040403IND02;00;2025;70513;Doljevac;111597;RSD;RSD;SORS;Average gross earnings;A;Normal value
2403040403IND02;00;2025;70521;Žabari;112956;RSD;RSD;SORS;Average gross earnings;A;Normal value
2403040403IND02;00;2025;70530;Žagubica;124385;RSD;RSD;SORS;Average gross earnings;A;Normal value
2403040403IND02;00;2025;70548;Žitorađa;111279;RSD;RSD;SORS;Average gross earnings;A;Normal value
2403040403IND02;00;2025;70556;Zaječar;133755;RSD;RSD;SORS;Average gross earnings;A;Normal value
2403040403IND02;00;2025;70564;Ivanjica;113600;RSD;RSD;SORS;Average gross earnings;A;Normal value
2403040403IND02;00;2025;70572;Kladovo;129342;RSD;RSD;SORS;Average gross earnings;A;Normal value
2403040403IND02;00;2025;70599;Knić;120697;RSD;RSD;SORS;Average gross earnings;A;Normal value
2403040403IND02;00;2025;70602;Knjaževac;113421;RSD;RSD;SORS;Average gross earnings;A;Normal value
2403040403IND02;00;2025;70629;Kosjerić;126699;RSD;RSD;SORS;Average gross earnings;A;Normal value
2403040403IND02;00;2025;70637;Koceljeva;115624;RSD;RSD;SORS;Average gross earnings;A;Normal value
2403040403IND02;00;2025;70645;Kragujevac;143461;RSD;RSD;SORS;Average gross earnings;A;Normal value
2403040403IND02;00;2025;70653;Kraljevo;126617;RSD;RSD;SORS;Average gross earnings;A;Normal value
2403040403IND02;00;2025;70661;Krupanj;115622;RSD;RSD;SORS;Average gross earnings;A;Normal value
2403040403IND02;00;2025;70670;Kruševac;133598;RSD;RSD;SORS;Average gross earnings;A;Normal value
2403040403IND02;00;2025;70688;Kuršumlija;120246;RSD;RSD;SORS;Average gross earnings;A;Normal value
2403040403IND02;00;2025;70696;Kučevo;123581;RSD;RSD;SORS;Average gross earnings;A;Normal value
2403040403IND02;00;2025;70700;Lajkovac;141746;RSD;RSD;SORS;Average gross earnings;A;Normal value
2403040403IND02;00;2025;70718;Lebane;108234;RSD;RSD;SORS;Average gross earnings;A;Normal value
2403040403IND02;00;2025;70726;Leskovac;117059;RSD;RSD;SORS;Average gross earnings;A;Normal value
2403040403IND02;00;2025;70734;Loznica;122741;RSD;RSD;SORS;Average gross earnings;A;Normal value
2403040403IND02;00;2025;70742;Lučani;150314;RSD;RSD;SORS;Average gross earnings;A;Normal value
2403040403IND02;00;2025;70769;Ljig;130070;RSD;RSD;SORS;Average gross earnings;A;Normal value
2403040403IND02;00;2025;70777;Ljubovija;126990;RSD;RSD;SORS;Average gross earnings;A;Normal value
2403040403IND02;00;2025;70785;Majdanpek;159459;RSD;RSD;SORS;Average gross earnings;A;Normal value
2403040403IND02;00;2025;70793;Mali Zvornik;121521;RSD;RSD;SORS;Average gross earnings;A;Normal value
2403040403IND02;00;2025;70807;Malo Crniće;113837;RSD;RSD;SORS;Average gross earnings;A;Normal value
2403040403IND02;00;2025;70815;Medveđa;126335;RSD;RSD;SORS;Average gross earnings;A;Normal value
2403040403IND02;00;2025;70823;Merošina;109843;RSD;RSD;SORS;Average gross earnings;A;Normal value
2403040403IND02;00;2025;70831;Mionica;116634;RSD;RSD;SORS;Average gross earnings;A;Normal value
2403040403IND02;00;2025;70840;Negotin;127576;RSD;RSD;SORS;Average gross earnings;A;Normal value
2403040403IND02;00;2025;70866;Nova Varoš;118811;RSD;RSD;SORS;Average gross earnings;A;Normal value
2403040403IND02;00;2025;70874;Novi Pazar;112529;RSD;RSD;SORS;Average gross earnings;A;Normal value
2403040403IND02;00;2025;70882;Osečina;115665;RSD;RSD;SORS;Average gross earnings;A;Normal value
2403040403IND02;00;2025;70904;Paraćin;122949;RSD;RSD;SORS;Average gross earnings;A;Normal value
2403040403IND02;00;2025;70912;Petrovac na Mlavi;113305;RSD;RSD;SORS;Average gross earnings;A;Normal value
2403040403IND02;00;2025;70939;Pirot;134890;RSD;RSD;SORS;Average gross earnings;A;Normal value
2403040403IND02;00;2025;70947;Požarevac;140381;RSD;RSD;SORS;Average gross earnings;A;Normal value
2403040403IND02;00;2025;70955;Požega;129595;RSD;RSD;SORS;Average gross earnings;A;Normal value
2403040403IND02;00;2025;70963;Preševo;102234;RSD;RSD;SORS;Average gross earnings;A;Normal value
2403040403IND02;00;2025;70971;Priboj;120810;RSD;RSD;SORS;Average gross earnings;A;Normal value
2403040403IND02;00;2025;70980;Prijepolje;113198;RSD;RSD;SORS;Average gross earnings;A;Normal value
2403040403IND02;00;2025;70998;Prokuplje;122238;RSD;RSD;SORS;Average gross earnings;A;Normal value
2403040403IND02;00;2025;71005;Ražanj;110818;RSD;RSD;SORS;Average gross earnings;A;Normal value
2403040403IND02;00;2025;71013;Rača;120130;RSD;RSD;SORS;Average gross earnings;A;Normal value
2403040403IND02;00;2025;71021;Raška;117746;RSD;RSD;SORS;Average gross earnings;A;Normal value
2403040403IND02;00;2025;71030;Rekovac;111737;RSD;RSD;SORS;Average gross earnings;A;Normal value
2403040403IND02;00;2025;71048;Jagodina;121594;RSD;RSD;SORS;Average gross earnings;A;Normal value
2403040403IND02;00;2025;71056;Svilajnac;115390;RSD;RSD;SORS;Average gross earnings;A;Normal value
2403040403IND02;00;2025;71064;Svrljig;109396;RSD;RSD;SORS;Average gross earnings;A;Normal value
2403040403IND02;00;2025;71072;Sjenica;116614;RSD;RSD;SORS;Average gross earnings;A;Normal value
2403040403IND02;00;2025;71099;Smederevo;138150;RSD;RSD;SORS;Average gross earnings;A;Normal value
2403040403IND02;00;2025;71102;Smederevska Palanka;125109;RSD;RSD;SORS;Average gross earnings;A;Normal value
2403040403IND02;00;2025;71129;Sokobanja;119377;RSD;RSD;SORS;Average gross earnings;A;Normal value
2403040403IND02;00;2025;71137;Surdulica;118242;RSD;RSD;SORS;Average gross earnings;A;Normal value
2403040403IND02;00;2025;71145;Užice;141272;RSD;RSD;SORS;Average gross earnings;A;Normal value
2403040403IND02;00;2025;71153;Topola;119155;RSD;RSD;SORS;Average gross earnings;A;Normal value
2403040403IND02;00;2025;71161;Trgovište;112003;RSD;RSD;SORS;Average gross earnings;A;Normal value
2403040403IND02;00;2025;71170;Trstenik;117579;RSD;RSD;SORS;Average gross earnings;A;Normal value
2403040403IND02;00;2025;71188;Tutin;111651;RSD;RSD;SORS;Average gross earnings;A;Normal value
2403040403IND02;00;2025;71196;Ćićevac;119578;RSD;RSD;SORS;Average gross earnings;A;Normal value
2403040403IND02;00;2025;71200;Ćuprija;123988;RSD;RSD;SORS;Average gross earnings;A;Normal value
2403040403IND02;00;2025;71218;Ub;129446;RSD;RSD;SORS;Average gross earnings;A;Normal value
2403040403IND02;00;2025;71226;Crna Trava;108859;RSD;RSD;SORS;Average gross earnings;A;Normal value
2403040403IND02;00;2025;71234;Čajetina;120142;RSD;RSD;SORS;Average gross earnings;A;Normal value
2403040403IND02;00;2025;71242;Čačak;131203;RSD;RSD;SORS;Average gross earnings;A;Normal value
2403040403IND02;00;2025;71269;Šabac;132234;RSD;RSD;SORS;Average gross earnings;A;Normal value
2403040403IND02;00;2025;71277;Lapovo;120678;RSD;RSD;SORS;Average gross earnings;A;Normal value
2403040403IND02;00;2025;71285;Niška Banja;119209;RSD;RSD;SORS;Average gross earnings;A;Normal value
2403040403IND02;00;2025;71293;Surčin;138673;RSD;RSD;SORS;Average gross earnings;A;Normal value
2403040403IND02;00;2025;71307;Pantelej;140104;RSD;RSD;SORS;Average gross earnings;A;Normal value
2403040403IND02;00;2025;71315;Crveni Krst;126764;RSD;RSD;SORS;Average gross earnings;A;Normal value
2403040403IND02;00;2025;71323;Palilula (Niš);134319;RSD;RSD;SORS;Average gross earnings;A;Normal value
2403040403IND02;00;2025;71331;Medijana;164794;RSD;RSD;SORS;Average gross earnings;A;Normal value
2403040403IND02;00;2025;71340;Kostolac;151448;RSD;RSD;SORS;Average gross earnings;A;Normal value
2403040403IND02;00;2025;71358;Vranjska Banja;106405;RSD;RSD;SORS;Average gross earnings;A;Normal value
2403040403IND02;00;2025;71366;Sevojno;126796;RSD;RSD;SORS;Average gross earnings;A;Normal value
2403040403IND02;00;2025;79022;Grad Niš;146029;RSD;RSD;SORS;Average gross earnings;A;Normal value
2403040403IND02;00;2025;79049;Grad Požarevac;141940;RSD;RSD;SORS;Average gross earnings;A;Normal value
2403040403IND02;00;2025;79057;Grad Vranje;118918;RSD;RSD;SORS;Average gross earnings;A;Normal value
2403040403IND02;00;2025;79065;Grad Užice;140763;RSD;RSD;SORS;Average gross earnings;A;Normal value
2403040403IND02;00;2025;80012;Ada;120250;RSD;RSD;SORS;Average gross earnings;A;Normal value
2403040403IND02;00;2025;80039;Alibunar;124255;RSD;RSD;SORS;Average gross earnings;A;Normal value
2403040403IND02;00;2025;80047;Apatin;122711;RSD;RSD;SORS;Average gross earnings;A;Normal value
2403040403IND02;00;2025;80055;Bač;113269;RSD;RSD;SORS;Average gross earnings;A;Normal value
2403040403IND02;00;2025;80063;Bačka Palanka;128316;RSD;RSD;SORS;Average gross earnings;A;Normal value
2403040403IND02;00;2025;80071;Bačka Topola;123810;RSD;RSD;SORS;Average gross earnings;A;Normal value
2403040403IND02;00;2025;80080;Bački Petrovac;122367;RSD;RSD;SORS;Average gross earnings;A;Normal value
2403040403IND02;00;2025;80098;Bela Crkva;119201;RSD;RSD;SORS;Average gross earnings;A;Normal value
2403040403IND02;00;2025;80101;Beočin;131203;RSD;RSD;SORS;Average gross earnings;A;Normal value
2403040403IND02;00;2025;80110;Bečej;126033;RSD;RSD;SORS;Average gross earnings;A;Normal value
2403040403IND02;00;2025;80128;Vršac;144779;RSD;RSD;SORS;Average gross earnings;A;Normal value
2403040403IND02;00;2025;80136;Žabalj;123044;RSD;RSD;SORS;Average gross earnings;A;Normal value
2403040403IND02;00;2025;80144;Žitište;124464;RSD;RSD;SORS;Average gross earnings;A;Normal value
2403040403IND02;00;2025;80152;Zrenjanin;137027;RSD;RSD;SORS;Average gross earnings;A;Normal value
2403040403IND02;00;2025;80179;Inđija;144997;RSD;RSD;SORS;Average gross earnings;A;Normal value
2403040403IND02;00;2025;80187;Irig;122339;RSD;RSD;SORS;Average gross earnings;A;Normal value
2403040403IND02;00;2025;80195;Kanjiža;120614;RSD;RSD;SORS;Average gross earnings;A;Normal value
2403040403IND02;00;2025;80209;Kikinda;130757;RSD;RSD;SORS;Average gross earnings;A;Normal value
2403040403IND02;00;2025;80217;Kovačica;119604;RSD;RSD;SORS;Average gross earnings;A;Normal value
2403040403IND02;00;2025;80225;Kovin;127849;RSD;RSD;SORS;Average gross earnings;A;Normal value
2403040403IND02;00;2025;80233;Kula;122822;RSD;RSD;SORS;Average gross earnings;A;Normal value
2403040403IND02;00;2025;80241;Mali Iđoš;116358;RSD;RSD;SORS;Average gross earnings;A;Normal value
2403040403IND02;00;2025;80250;Nova Crnja;123327;RSD;RSD;SORS;Average gross earnings;A;Normal value
2403040403IND02;00;2025;80268;Novi Bečej;118461;RSD;RSD;SORS;Average gross earnings;A;Normal value
2403040403IND02;00;2025;80276;Novi Kneževac;124653;RSD;RSD;SORS;Average gross earnings;A;Normal value
2403040403IND02;00;2025;80292;Opovo;125425;RSD;RSD;SORS;Average gross earnings;A;Normal value
2403040403IND02;00;2025;80306;Odžaci;120539;RSD;RSD;SORS;Average gross earnings;A;Normal value
2403040403IND02;00;2025;80314;Pančevo;151637;RSD;RSD;SORS;Average gross earnings;A;Normal value
2403040403IND02;00;2025;80322;Pećinci;134572;RSD;RSD;SORS;Average gross earnings;A;Normal value
2403040403IND02;00;2025;80349;Plandište;125640;RSD;RSD;SORS;Average gross earnings;A;Normal value
2403040403IND02;00;2025;80357;Ruma;132725;RSD;RSD;SORS;Average gross earnings;A;Normal value
2403040403IND02;00;2025;80365;Senta;129192;RSD;RSD;SORS;Average gross earnings;A;Normal value
2403040403IND02;00;2025;80373;Sečanj;124455;RSD;RSD;SORS;Average gross earnings;A;Normal value
2403040403IND02;00;2025;80381;Sombor;126247;RSD;RSD;SORS;Average gross earnings;A;Normal value
2403040403IND02;00;2025;80390;Srbobran;118512;RSD;RSD;SORS;Average gross earnings;A;Normal value
2403040403IND02;00;2025;80403;Sremska Mitrovica;134957;RSD;RSD;SORS;Average gross earnings;A;Normal value
2403040403IND02;00;2025;80411;Sremski Karlovci;140771;RSD;RSD;SORS;Average gross earnings;A;Normal value
2403040403IND02;00;2025;80420;Stara Pazova;140607;RSD;RSD;SORS;Average gross earnings;A;Normal value
2403040403IND02;00;2025;80438;Subotica;135572;RSD;RSD;SORS;Average gross earnings;A;Normal value
2403040403IND02;00;2025;80446;Temerin;129537;RSD;RSD;SORS;Average gross earnings;A;Normal value
2403040403IND02;00;2025;80454;Titel;121038;RSD;RSD;SORS;Average gross earnings;A;Normal value
2403040403IND02;00;2025;80462;Vrbas;126414;RSD;RSD;SORS;Average gross earnings;A;Normal value
2403040403IND02;00;2025;80489;Čoka;119057;RSD;RSD;SORS;Average gross earnings;A;Normal value
2403040403IND02;00;2025;80497;Šid;124749;RSD;RSD;SORS;Average gross earnings;A;Normal value
2403040403IND02;00;2025;89010;Grad Novi Sad;174469;RSD;RSD;SORS;Average gross earnings;A;Normal value
2403040403IND02;00;2025;RS;REPUBLIC OF SERBIA;151086;RSD;RSD;SORS;Average gross earnings;A;Normal value
2403040403IND02;00;2025;RS1;SRBIJA – SEVER;167502;RSD;RSD;SORS;Average gross earnings;A;Normal value
2403040403IND02;00;2025;RS11;Beogradski region;188439;RSD;RSD;SORS;Average gross earnings;A;Normal value
2403040403IND02;00;2025;RS110;Beogradska oblast;188439;RSD;RSD;SORS;Average gross earnings;A;Normal value
2403040403IND02;00;2025;RS12;Region Vojvodine;143125;RSD;RSD;SORS;Average gross earnings;A;Normal value
2403040403IND02;00;2025;RS121;Zapadnobačka oblast;124021;RSD;RSD;SORS;Average gross earnings;A;Normal value
2403040403IND02;00;2025;RS122;Južnobanatska oblast;141775;RSD;RSD;SORS;Average gross earnings;A;Normal value
2403040403IND02;00;2025;RS123;Južnobačka oblast;157928;RSD;RSD;SORS;Average gross earnings;A;Normal value
2403040403IND02;00;2025;RS124;Severnobanatska oblast;126813;RSD;RSD;SORS;Average gross earnings;A;Normal value
2403040403IND02;00;2025;RS125;Severnobačka oblast;132955;RSD;RSD;SORS;Average gross earnings;A;Normal value
2403040403IND02;00;2025;RS126;Srednjobanatska oblast;132970;RSD;RSD;SORS;Average gross earnings;A;Normal value
2403040403IND02;00;2025;RS127;Sremska oblast;136342;RSD;RSD;SORS;Average gross earnings;A;Normal value
2403040403IND02;00;2025;RS2;SRBIJA – JUG;129283;RSD;RSD;SORS;Average gross earnings;A;Normal value
2403040403IND02;00;2025;RS21;Region Šumadije i Zapadne Srbije;128068;RSD;RSD;SORS;Average gross earnings;A;Normal value
2403040403IND02;00;2025;RS211;Zlatiborska oblast;126820;RSD;RSD;SORS;Average gross earnings;A;Normal value
2403040403IND02;00;2025;RS212;Kolubarska oblast;132138;RSD;RSD;SORS;Average gross earnings;A;Normal value
2403040403IND02;00;2025;RS213;Mačvanska oblast;125812;RSD;RSD;SORS;Average gross earnings;A;Normal value
2403040403IND02;00;2025;RS214;Moravička oblast;131276;RSD;RSD;SORS;Average gross earnings;A;Normal value
2403040403IND02;00;2025;RS215;Pomoravska oblast;121075;RSD;RSD;SORS;Average gross earnings;A;Normal value
2403040403IND02;00;2025;RS216;Rasinska oblast;126784;RSD;RSD;SORS;Average gross earnings;A;Normal value
2403040403IND02;00;2025;RS217;Raška oblast;120392;RSD;RSD;SORS;Average gross earnings;A;Normal value
2403040403IND02;00;2025;RS218;Šumadijska oblast;137446;RSD;RSD;SORS;Average gross earnings;A;Normal value
2403040403IND02;00;2025;RS22;Region Južne i Istočne Srbije;130869;RSD;RSD;SORS;Average gross earnings;A;Normal value
2403040403IND02;00;2025;RS221;Borska oblast;156716;RSD;RSD;SORS;Average gross earnings;A;Normal value
2403040403IND02;00;2025;RS222;Braničevska oblast;131667;RSD;RSD;SORS;Average gross earnings;A;Normal value
2403040403IND02;00;2025;RS223;Zaječarska oblast;127122;RSD;RSD;SORS;Average gross earnings;A;Normal value
2403040403IND02;00;2025;RS224;Jablanička oblast;114470;RSD;RSD;SORS;Average gross earnings;A;Normal value
2403040403IND02;00;2025;RS225;Nišavska oblast;139104;RSD;RSD;SORS;Average gross earnings;A;Normal value
2403040403IND02;00;2025;RS226;Pirotska oblast;129236;RSD;RSD;SORS;Average gross earnings;A;Normal value
2403040403IND02;00;2025;RS227;Podunavska oblast;132406;RSD;RSD;SORS;Average gross earnings;A;Normal value
2403040403IND02;00;2025;RS228;Pčinjska oblast;116121;RSD;RSD;SORS;Average gross earnings;A;Normal value
2403040403IND02;00;2025;RS229;Toplička oblast;118851;RSD;RSD;SORS;Average gross earnings;A;Normal value
