idindikator;IDTer;nTer;mes;god;IDJavniSEK;nJavniSEK;vrednost;idJedinicaMere;nJedinicaMere;nIzvorI;Indikator;IDStatusPodatka;nStatusPodatka
2403040104IND01;RS;REPUBLIC OF SERBIA;01;2003;0;Total;9468;RSD;RSD;SORS;Average net earnings;A;Normal value
2403040104IND01;RS;REPUBLIC OF SERBIA;01;2003;0_JP_JD_JL;Public enterprises;14818;RSD;RSD;SORS;Average net earnings;A;Normal value
2403040104IND01;RS;REPUBLIC OF SERBIA;01;2003;0_JS;Public sector;12178;RSD;RSD;SORS;Average net earnings;A;Normal value
2403040104IND01;RS;REPUBLIC OF SERBIA;01;2003;0_VJS;Non-public sector;7664;RSD;RSD;SORS;Average net earnings;A;Normal value
2403040104IND01;RS;REPUBLIC OF SERBIA;01;2003;1_JD;Public state enterprises;15412;RSD;RSD;SORS;Average net earnings;A;Normal value
2403040104IND01;RS;REPUBLIC OF SERBIA;01;2003;2_JL;Public local enterprises;13400;RSD;RSD;SORS;Average net earnings;A;Normal value
2403040104IND01;RS;REPUBLIC OF SERBIA;01;2003;3_4_5_BK;General government;10675;RSD;RSD;SORS;Average net earnings;A;Normal value
2403040104IND01;RS;REPUBLIC OF SERBIA;01;2003;3_ZS;Health and social work;8486;RSD;RSD;SORS;Average net earnings;A;Normal value
2403040104IND01;RS;REPUBLIC OF SERBIA;01;2003;4_OK;Education and culture;12443;RSD;RSD;SORS;Average net earnings;A;Normal value
2403040104IND01;RS;REPUBLIC OF SERBIA;01;2003;5_AD;Administration - all levels;12702;RSD;RSD;SORS;Average net earnings;A;Normal value
2403040104IND01;RS;REPUBLIC OF SERBIA;01;2003;5_AD2;Administration - government  level;;RSD;RSD;SORS;Average net earnings;O;Not available
2403040104IND01;RS;REPUBLIC OF SERBIA;01;2003;5_AD3;Administration - autonomous  province level;;RSD;RSD;SORS;Average net earnings;O;Not available
2403040104IND01;RS;REPUBLIC OF SERBIA;01;2003;5_AD4;Administration - local authorities’ level;;RSD;RSD;SORS;Average net earnings;O;Not available
2403040104IND01;RS;REPUBLIC OF SERBIA;01;2004;0;Total;12078;RSD;RSD;SORS;Average net earnings;A;Normal value
2403040104IND01;RS;REPUBLIC OF SERBIA;01;2004;0_JP_JD_JL;Public enterprises;18238;RSD;RSD;SORS;Average net earnings;A;Normal value
2403040104IND01;RS;REPUBLIC OF SERBIA;01;2004;0_JS;Public sector;14890;RSD;RSD;SORS;Average net earnings;A;Normal value
2403040104IND01;RS;REPUBLIC OF SERBIA;01;2004;0_VJS;Non-public sector;10022;RSD;RSD;SORS;Average net earnings;A;Normal value
2403040104IND01;RS;REPUBLIC OF SERBIA;01;2004;1_JD;Public state enterprises;18842;RSD;RSD;SORS;Average net earnings;A;Normal value
2403040104IND01;RS;REPUBLIC OF SERBIA;01;2004;2_JL;Public local enterprises;16866;RSD;RSD;SORS;Average net earnings;A;Normal value
2403040104IND01;RS;REPUBLIC OF SERBIA;01;2004;3_4_5_BK;General government;13033;RSD;RSD;SORS;Average net earnings;A;Normal value
2403040104IND01;RS;REPUBLIC OF SERBIA;01;2004;3_ZS;Health and social work;10266;RSD;RSD;SORS;Average net earnings;A;Normal value
2403040104IND01;RS;REPUBLIC OF SERBIA;01;2004;4_OK;Education and culture;14512;RSD;RSD;SORS;Average net earnings;A;Normal value
2403040104IND01;RS;REPUBLIC OF SERBIA;01;2004;5_AD;Administration - all levels;16753;RSD;RSD;SORS;Average net earnings;A;Normal value
2403040104IND01;RS;REPUBLIC OF SERBIA;01;2004;5_AD2;Administration - government  level;;RSD;RSD;SORS;Average net earnings;O;Not available
2403040104IND01;RS;REPUBLIC OF SERBIA;01;2004;5_AD3;Administration - autonomous  province level;;RSD;RSD;SORS;Average net earnings;O;Not available
2403040104IND01;RS;REPUBLIC OF SERBIA;01;2004;5_AD4;Administration - local authorities’ level;;RSD;RSD;SORS;Average net earnings;O;Not available
2403040104IND01;RS;REPUBLIC OF SERBIA;01;2005;0;Total;14262;RSD;RSD;SORS;Average net earnings;A;Normal value
2403040104IND01;RS;REPUBLIC OF SERBIA;01;2005;0_JP_JD_JL;Public enterprises;21335;RSD;RSD;SORS;Average net earnings;A;Normal value
2403040104IND01;RS;REPUBLIC OF SERBIA;01;2005;0_JS;Public sector;17317;RSD;RSD;SORS;Average net earnings;A;Normal value
2403040104IND01;RS;REPUBLIC OF SERBIA;01;2005;0_VJS;Non-public sector;11764;RSD;RSD;SORS;Average net earnings;A;Normal value
2403040104IND01;RS;REPUBLIC OF SERBIA;01;2005;1_JD;Public state enterprises;21587;RSD;RSD;SORS;Average net earnings;A;Normal value
2403040104IND01;RS;REPUBLIC OF SERBIA;01;2005;2_JL;Public local enterprises;20813;RSD;RSD;SORS;Average net earnings;A;Normal value
2403040104IND01;RS;REPUBLIC OF SERBIA;01;2005;3_4_5_BK;General government;15091;RSD;RSD;SORS;Average net earnings;A;Normal value
2403040104IND01;RS;REPUBLIC OF SERBIA;01;2005;3_ZS;Health and social work;12368;RSD;RSD;SORS;Average net earnings;A;Normal value
2403040104IND01;RS;REPUBLIC OF SERBIA;01;2005;4_OK;Education and culture;16400;RSD;RSD;SORS;Average net earnings;A;Normal value
2403040104IND01;RS;REPUBLIC OF SERBIA;01;2005;5_AD;Administration - all levels;18980;RSD;RSD;SORS;Average net earnings;A;Normal value
2403040104IND01;RS;REPUBLIC OF SERBIA;01;2005;5_AD2;Administration - government  level;;RSD;RSD;SORS;Average net earnings;O;Not available
2403040104IND01;RS;REPUBLIC OF SERBIA;01;2005;5_AD3;Administration - autonomous  province level;;RSD;RSD;SORS;Average net earnings;O;Not available
2403040104IND01;RS;REPUBLIC OF SERBIA;01;2005;5_AD4;Administration - local authorities’ level;;RSD;RSD;SORS;Average net earnings;O;Not available
2403040104IND01;RS;REPUBLIC OF SERBIA;01;2006;0;Total;18191;RSD;RSD;SORS;Average net earnings;A;Normal value
2403040104IND01;RS;REPUBLIC OF SERBIA;01;2006;0_JP_JD_JL;Public enterprises;24940;RSD;RSD;SORS;Average net earnings;A;Normal value
2403040104IND01;RS;REPUBLIC OF SERBIA;01;2006;0_JS;Public sector;21322;RSD;RSD;SORS;Average net earnings;A;Normal value
2403040104IND01;RS;REPUBLIC OF SERBIA;01;2006;0_VJS;Non-public sector;15502;RSD;RSD;SORS;Average net earnings;A;Normal value
2403040104IND01;RS;REPUBLIC OF SERBIA;01;2006;1_JD;Public state enterprises;26556;RSD;RSD;SORS;Average net earnings;A;Normal value
2403040104IND01;RS;REPUBLIC OF SERBIA;01;2006;2_JL;Public local enterprises;22086;RSD;RSD;SORS;Average net earnings;A;Normal value
2403040104IND01;RS;REPUBLIC OF SERBIA;01;2006;3_4_5_BK;General government;19424;RSD;RSD;SORS;Average net earnings;A;Normal value
2403040104IND01;RS;REPUBLIC OF SERBIA;01;2006;3_ZS;Health and social work;14218;RSD;RSD;SORS;Average net earnings;A;Normal value
2403040104IND01;RS;REPUBLIC OF SERBIA;01;2006;4_OK;Education and culture;21974;RSD;RSD;SORS;Average net earnings;A;Normal value
2403040104IND01;RS;REPUBLIC OF SERBIA;01;2006;5_AD;Administration - all levels;26748;RSD;RSD;SORS;Average net earnings;A;Normal value
2403040104IND01;RS;REPUBLIC OF SERBIA;01;2006;5_AD2;Administration - government  level;;RSD;RSD;SORS;Average net earnings;O;Not available
2403040104IND01;RS;REPUBLIC OF SERBIA;01;2006;5_AD3;Administration - autonomous  province level;;RSD;RSD;SORS;Average net earnings;O;Not available
2403040104IND01;RS;REPUBLIC OF SERBIA;01;2006;5_AD4;Administration - local authorities’ level;;RSD;RSD;SORS;Average net earnings;O;Not available
2403040104IND01;RS;REPUBLIC OF SERBIA;01;2007;0;Total;24122;RSD;RSD;SORS;Average net earnings;A;Normal value
2403040104IND01;RS;REPUBLIC OF SERBIA;01;2007;0_JP_JD_JL;Public enterprises;37670;RSD;RSD;SORS;Average net earnings;A;Normal value
2403040104IND01;RS;REPUBLIC OF SERBIA;01;2007;0_JS;Public sector;29209;RSD;RSD;SORS;Average net earnings;A;Normal value
2403040104IND01;RS;REPUBLIC OF SERBIA;01;2007;0_VJS;Non-public sector;19373;RSD;RSD;SORS;Average net earnings;A;Normal value
2403040104IND01;RS;REPUBLIC OF SERBIA;01;2007;1_JD;Public state enterprises;42793;RSD;RSD;SORS;Average net earnings;A;Normal value
2403040104IND01;RS;REPUBLIC OF SERBIA;01;2007;2_JL;Public local enterprises;28929;RSD;RSD;SORS;Average net earnings;A;Normal value
2403040104IND01;RS;REPUBLIC OF SERBIA;01;2007;3_4_5_BK;General government;24910;RSD;RSD;SORS;Average net earnings;A;Normal value
2403040104IND01;RS;REPUBLIC OF SERBIA;01;2007;3_ZS;Health and social work;19699;RSD;RSD;SORS;Average net earnings;A;Normal value
2403040104IND01;RS;REPUBLIC OF SERBIA;01;2007;4_OK;Education and culture;27265;RSD;RSD;SORS;Average net earnings;A;Normal value
2403040104IND01;RS;REPUBLIC OF SERBIA;01;2007;5_AD;Administration - all levels;32279;RSD;RSD;SORS;Average net earnings;A;Normal value
2403040104IND01;RS;REPUBLIC OF SERBIA;01;2007;5_AD2;Administration - government  level;;RSD;RSD;SORS;Average net earnings;O;Not available
2403040104IND01;RS;REPUBLIC OF SERBIA;01;2007;5_AD3;Administration - autonomous  province level;;RSD;RSD;SORS;Average net earnings;O;Not available
2403040104IND01;RS;REPUBLIC OF SERBIA;01;2007;5_AD4;Administration - local authorities’ level;;RSD;RSD;SORS;Average net earnings;O;Not available
2403040104IND01;RS;REPUBLIC OF SERBIA;01;2008;0;Total;28230;RSD;RSD;SORS;Average net earnings;A;Normal value
2403040104IND01;RS;REPUBLIC OF SERBIA;01;2008;0_JP_JD_JL;Public enterprises;37152;RSD;RSD;SORS;Average net earnings;A;Normal value
2403040104IND01;RS;REPUBLIC OF SERBIA;01;2008;0_JS;Public sector;32199;RSD;RSD;SORS;Average net earnings;A;Normal value
2403040104IND01;RS;REPUBLIC OF SERBIA;01;2008;0_VJS;Non-public sector;24165;RSD;RSD;SORS;Average net earnings;A;Normal value
2403040104IND01;RS;REPUBLIC OF SERBIA;01;2008;1_JD;Public state enterprises;40123;RSD;RSD;SORS;Average net earnings;A;Normal value
2403040104IND01;RS;REPUBLIC OF SERBIA;01;2008;2_JL;Public local enterprises;32024;RSD;RSD;SORS;Average net earnings;A;Normal value
2403040104IND01;RS;REPUBLIC OF SERBIA;01;2008;3_4_5_BK;General government;29773;RSD;RSD;SORS;Average net earnings;A;Normal value
2403040104IND01;RS;REPUBLIC OF SERBIA;01;2008;3_ZS;Health and social work;23255;RSD;RSD;SORS;Average net earnings;A;Normal value
2403040104IND01;RS;REPUBLIC OF SERBIA;01;2008;4_OK;Education and culture;33634;RSD;RSD;SORS;Average net earnings;A;Normal value
2403040104IND01;RS;REPUBLIC OF SERBIA;01;2008;5_AD;Administration - all levels;37023;RSD;RSD;SORS;Average net earnings;A;Normal value
2403040104IND01;RS;REPUBLIC OF SERBIA;01;2008;5_AD2;Administration - government  level;;RSD;RSD;SORS;Average net earnings;O;Not available
2403040104IND01;RS;REPUBLIC OF SERBIA;01;2008;5_AD3;Administration - autonomous  province level;;RSD;RSD;SORS;Average net earnings;O;Not available
2403040104IND01;RS;REPUBLIC OF SERBIA;01;2008;5_AD4;Administration - local authorities’ level;;RSD;RSD;SORS;Average net earnings;O;Not available
2403040104IND01;RS;REPUBLIC OF SERBIA;01;2009;0;Total;28877;RSD;RSD;SORS;Average net earnings;B;Time series break
2403040104IND01;RS;REPUBLIC OF SERBIA;01;2009;0_JP_JD_JL;Public enterprises;41745;RSD;RSD;SORS;Average net earnings;B;Time series break
2403040104IND01;RS;REPUBLIC OF SERBIA;01;2009;0_JS;Public sector;35440;RSD;RSD;SORS;Average net earnings;B;Time series break
2403040104IND01;RS;REPUBLIC OF SERBIA;01;2009;0_VJS;Non-public sector;23579;RSD;RSD;SORS;Average net earnings;B;Time series break
2403040104IND01;RS;REPUBLIC OF SERBIA;01;2009;1_JD;Public state enterprises;44763;RSD;RSD;SORS;Average net earnings;B;Time series break
2403040104IND01;RS;REPUBLIC OF SERBIA;01;2009;2_JL;Public local enterprises;36502;RSD;RSD;SORS;Average net earnings;B;Time series break
2403040104IND01;RS;REPUBLIC OF SERBIA;01;2009;3_4_5_BK;General government;32415;RSD;RSD;SORS;Average net earnings;B;Time series break
2403040104IND01;RS;REPUBLIC OF SERBIA;01;2009;3_ZS;Health and social work;25407;RSD;RSD;SORS;Average net earnings;B;Time series break
2403040104IND01;RS;REPUBLIC OF SERBIA;01;2009;4_OK;Education and culture;35686;RSD;RSD;SORS;Average net earnings;B;Time series break
2403040104IND01;RS;REPUBLIC OF SERBIA;01;2009;5_AD;Administration - all levels;41982;RSD;RSD;SORS;Average net earnings;B;Time series break
2403040104IND01;RS;REPUBLIC OF SERBIA;01;2009;5_AD2;Administration - government  level;;RSD;RSD;SORS;Average net earnings;O;Not available
2403040104IND01;RS;REPUBLIC OF SERBIA;01;2009;5_AD3;Administration - autonomous  province level;;RSD;RSD;SORS;Average net earnings;O;Not available
2403040104IND01;RS;REPUBLIC OF SERBIA;01;2009;5_AD4;Administration - local authorities’ level;;RSD;RSD;SORS;Average net earnings;O;Not available
2403040104IND01;RS;REPUBLIC OF SERBIA;01;2010;0;Total;29929;RSD;RSD;SORS;Average net earnings;A;Normal value
2403040104IND01;RS;REPUBLIC OF SERBIA;01;2010;0_JP_JD_JL;Public enterprises;43214;RSD;RSD;SORS;Average net earnings;A;Normal value
2403040104IND01;RS;REPUBLIC OF SERBIA;01;2010;0_JS;Public sector;35201;RSD;RSD;SORS;Average net earnings;A;Normal value
2403040104IND01;RS;REPUBLIC OF SERBIA;01;2010;0_VJS;Non-public sector;25539;RSD;RSD;SORS;Average net earnings;A;Normal value
2403040104IND01;RS;REPUBLIC OF SERBIA;01;2010;1_JD;Public state enterprises;48038;RSD;RSD;SORS;Average net earnings;A;Normal value
2403040104IND01;RS;REPUBLIC OF SERBIA;01;2010;2_JL;Public local enterprises;35725;RSD;RSD;SORS;Average net earnings;A;Normal value
2403040104IND01;RS;REPUBLIC OF SERBIA;01;2010;3_4_5_BK;General government;31695;RSD;RSD;SORS;Average net earnings;A;Normal value
2403040104IND01;RS;REPUBLIC OF SERBIA;01;2010;3_ZS;Health and social work;25415;RSD;RSD;SORS;Average net earnings;A;Normal value
2403040104IND01;RS;REPUBLIC OF SERBIA;01;2010;4_OK;Education and culture;35723;RSD;RSD;SORS;Average net earnings;A;Normal value
2403040104IND01;RS;REPUBLIC OF SERBIA;01;2010;5_AD;Administration - all levels;37864;RSD;RSD;SORS;Average net earnings;A;Normal value
2403040104IND01;RS;REPUBLIC OF SERBIA;01;2010;5_AD2;Administration - government  level;;RSD;RSD;SORS;Average net earnings;O;Not available
2403040104IND01;RS;REPUBLIC OF SERBIA;01;2010;5_AD3;Administration - autonomous  province level;;RSD;RSD;SORS;Average net earnings;O;Not available
2403040104IND01;RS;REPUBLIC OF SERBIA;01;2010;5_AD4;Administration - local authorities’ level;;RSD;RSD;SORS;Average net earnings;O;Not available
2403040104IND01;RS;REPUBLIC OF SERBIA;01;2011;0;Total;34009;RSD;RSD;SORS;Average net earnings;A;Normal value
2403040104IND01;RS;REPUBLIC OF SERBIA;01;2011;0_JP_JD_JL;Public enterprises;51197;RSD;RSD;SORS;Average net earnings;A;Normal value
2403040104IND01;RS;REPUBLIC OF SERBIA;01;2011;0_JS;Public sector;39298;RSD;RSD;SORS;Average net earnings;A;Normal value
2403040104IND01;RS;REPUBLIC OF SERBIA;01;2011;0_VJS;Non-public sector;29403;RSD;RSD;SORS;Average net earnings;A;Normal value
2403040104IND01;RS;REPUBLIC OF SERBIA;01;2011;1_JD;Public state enterprises;60158;RSD;RSD;SORS;Average net earnings;A;Normal value
2403040104IND01;RS;REPUBLIC OF SERBIA;01;2011;2_JL;Public local enterprises;37722;RSD;RSD;SORS;Average net earnings;A;Normal value
2403040104IND01;RS;REPUBLIC OF SERBIA;01;2011;3_4_5_BK;General government;34223;RSD;RSD;SORS;Average net earnings;A;Normal value
2403040104IND01;RS;REPUBLIC OF SERBIA;01;2011;3_ZS;Health and social work;27126;RSD;RSD;SORS;Average net earnings;A;Normal value
2403040104IND01;RS;REPUBLIC OF SERBIA;01;2011;4_OK;Education and culture;36633;RSD;RSD;SORS;Average net earnings;A;Normal value
2403040104IND01;RS;REPUBLIC OF SERBIA;01;2011;5_AD;Administration - all levels;45679;RSD;RSD;SORS;Average net earnings;A;Normal value
2403040104IND01;RS;REPUBLIC OF SERBIA;01;2011;5_AD2;Administration - government  level;;RSD;RSD;SORS;Average net earnings;O;Not available
2403040104IND01;RS;REPUBLIC OF SERBIA;01;2011;5_AD3;Administration - autonomous  province level;;RSD;RSD;SORS;Average net earnings;O;Not available
2403040104IND01;RS;REPUBLIC OF SERBIA;01;2011;5_AD4;Administration - local authorities’ level;;RSD;RSD;SORS;Average net earnings;O;Not available
2403040104IND01;RS;REPUBLIC OF SERBIA;01;2012;0;Total;36639;RSD;RSD;SORS;Average net earnings;A;Normal value
2403040104IND01;RS;REPUBLIC OF SERBIA;01;2012;0_JP_JD_JL;Public enterprises;49311;RSD;RSD;SORS;Average net earnings;A;Normal value
2403040104IND01;RS;REPUBLIC OF SERBIA;01;2012;0_JS;Public sector;40488;RSD;RSD;SORS;Average net earnings;A;Normal value
2403040104IND01;RS;REPUBLIC OF SERBIA;01;2012;0_VJS;Non-public sector;33164;RSD;RSD;SORS;Average net earnings;A;Normal value
2403040104IND01;RS;REPUBLIC OF SERBIA;01;2012;1_JD;Public state enterprises;54212;RSD;RSD;SORS;Average net earnings;A;Normal value
2403040104IND01;RS;REPUBLIC OF SERBIA;01;2012;2_JL;Public local enterprises;42008;RSD;RSD;SORS;Average net earnings;A;Normal value
2403040104IND01;RS;REPUBLIC OF SERBIA;01;2012;3_4_5_BK;General government;36705;RSD;RSD;SORS;Average net earnings;A;Normal value
2403040104IND01;RS;REPUBLIC OF SERBIA;01;2012;3_ZS;Health and social work;29236;RSD;RSD;SORS;Average net earnings;A;Normal value
2403040104IND01;RS;REPUBLIC OF SERBIA;01;2012;4_OK;Education and culture;39963;RSD;RSD;SORS;Average net earnings;A;Normal value
2403040104IND01;RS;REPUBLIC OF SERBIA;01;2012;5_AD;Administration - all levels;47250;RSD;RSD;SORS;Average net earnings;A;Normal value
2403040104IND01;RS;REPUBLIC OF SERBIA;01;2012;5_AD2;Administration - government  level;;RSD;RSD;SORS;Average net earnings;O;Not available
2403040104IND01;RS;REPUBLIC OF SERBIA;01;2012;5_AD3;Administration - autonomous  province level;;RSD;RSD;SORS;Average net earnings;O;Not available
2403040104IND01;RS;REPUBLIC OF SERBIA;01;2012;5_AD4;Administration - local authorities’ level;;RSD;RSD;SORS;Average net earnings;O;Not available
2403040104IND01;RS;REPUBLIC OF SERBIA;01;2013;0;Total;39197;RSD;RSD;SORS;Average net earnings;A;Normal value
2403040104IND01;RS;REPUBLIC OF SERBIA;01;2013;0_JP_JD_JL;Public enterprises;51604;RSD;RSD;SORS;Average net earnings;A;Normal value
2403040104IND01;RS;REPUBLIC OF SERBIA;01;2013;0_JS;Public sector;44029;RSD;RSD;SORS;Average net earnings;A;Normal value
2403040104IND01;RS;REPUBLIC OF SERBIA;01;2013;0_VJS;Non-public sector;34520;RSD;RSD;SORS;Average net earnings;A;Normal value
2403040104IND01;RS;REPUBLIC OF SERBIA;01;2013;1_JD;Public state enterprises;58166;RSD;RSD;SORS;Average net earnings;A;Normal value
2403040104IND01;RS;REPUBLIC OF SERBIA;01;2013;2_JL;Public local enterprises;42114;RSD;RSD;SORS;Average net earnings;A;Normal value
2403040104IND01;RS;REPUBLIC OF SERBIA;01;2013;3_4_5_BK;General government;40747;RSD;RSD;SORS;Average net earnings;A;Normal value
2403040104IND01;RS;REPUBLIC OF SERBIA;01;2013;3_ZS;Health and social work;32910;RSD;RSD;SORS;Average net earnings;A;Normal value
2403040104IND01;RS;REPUBLIC OF SERBIA;01;2013;4_OK;Education and culture;43936;RSD;RSD;SORS;Average net earnings;A;Normal value
2403040104IND01;RS;REPUBLIC OF SERBIA;01;2013;5_AD;Administration - all levels;51848;RSD;RSD;SORS;Average net earnings;A;Normal value
2403040104IND01;RS;REPUBLIC OF SERBIA;01;2013;5_AD2;Administration - government  level;;RSD;RSD;SORS;Average net earnings;O;Not available
2403040104IND01;RS;REPUBLIC OF SERBIA;01;2013;5_AD3;Administration - autonomous  province level;;RSD;RSD;SORS;Average net earnings;O;Not available
2403040104IND01;RS;REPUBLIC OF SERBIA;01;2013;5_AD4;Administration - local authorities’ level;;RSD;RSD;SORS;Average net earnings;O;Not available
2403040104IND01;RS;REPUBLIC OF SERBIA;01;2014;0;Total;37966;RSD;RSD;SORS;Average net earnings;A;Normal value
2403040104IND01;RS;REPUBLIC OF SERBIA;01;2014;0_JP_JD_JL;Public enterprises;54663;RSD;RSD;SORS;Average net earnings;A;Normal value
2403040104IND01;RS;REPUBLIC OF SERBIA;01;2014;0_JS;Public sector;43537;RSD;RSD;SORS;Average net earnings;A;Normal value
2403040104IND01;RS;REPUBLIC OF SERBIA;01;2014;0_VJS;Non-public sector;32560;RSD;RSD;SORS;Average net earnings;A;Normal value
2403040104IND01;RS;REPUBLIC OF SERBIA;01;2014;1_JD;Public state enterprises;65670;RSD;RSD;SORS;Average net earnings;A;Normal value
2403040104IND01;RS;REPUBLIC OF SERBIA;01;2014;2_JL;Public local enterprises;39139;RSD;RSD;SORS;Average net earnings;A;Normal value
2403040104IND01;RS;REPUBLIC OF SERBIA;01;2014;3_4_5_BK;General government;38638;RSD;RSD;SORS;Average net earnings;A;Normal value
2403040104IND01;RS;REPUBLIC OF SERBIA;01;2014;3_ZS;Health and social work;30068;RSD;RSD;SORS;Average net earnings;A;Normal value
2403040104IND01;RS;REPUBLIC OF SERBIA;01;2014;4_OK;Education and culture;42959;RSD;RSD;SORS;Average net earnings;A;Normal value
2403040104IND01;RS;REPUBLIC OF SERBIA;01;2014;5_AD;Administration - all levels;48727;RSD;RSD;SORS;Average net earnings;A;Normal value
2403040104IND01;RS;REPUBLIC OF SERBIA;01;2014;5_AD2;Administration - government  level;;RSD;RSD;SORS;Average net earnings;O;Not available
2403040104IND01;RS;REPUBLIC OF SERBIA;01;2014;5_AD3;Administration - autonomous  province level;;RSD;RSD;SORS;Average net earnings;O;Not available
2403040104IND01;RS;REPUBLIC OF SERBIA;01;2014;5_AD4;Administration - local authorities’ level;;RSD;RSD;SORS;Average net earnings;O;Not available
2403040104IND01;RS;REPUBLIC OF SERBIA;01;2015;0;Total;39285;RSD;RSD;SORS;Average net earnings;A;Normal value
2403040104IND01;RS;REPUBLIC OF SERBIA;01;2015;0_JP_JD_JL;Public enterprises;53632;RSD;RSD;SORS;Average net earnings;A;Normal value
2403040104IND01;RS;REPUBLIC OF SERBIA;01;2015;0_JS;Public sector;41171;RSD;RSD;SORS;Average net earnings;A;Normal value
2403040104IND01;RS;REPUBLIC OF SERBIA;01;2015;0_VJS;Non-public sector;37505;RSD;RSD;SORS;Average net earnings;A;Normal value
2403040104IND01;RS;REPUBLIC OF SERBIA;01;2015;1_JD;Public state enterprises;62410;RSD;RSD;SORS;Average net earnings;A;Normal value
2403040104IND01;RS;REPUBLIC OF SERBIA;01;2015;2_JL;Public local enterprises;41011;RSD;RSD;SORS;Average net earnings;A;Normal value
2403040104IND01;RS;REPUBLIC OF SERBIA;01;2015;3_4_5_BK;General government;35705;RSD;RSD;SORS;Average net earnings;A;Normal value
2403040104IND01;RS;REPUBLIC OF SERBIA;01;2015;3_ZS;Health and social work;27687;RSD;RSD;SORS;Average net earnings;A;Normal value
2403040104IND01;RS;REPUBLIC OF SERBIA;01;2015;4_OK;Education and culture;39702;RSD;RSD;SORS;Average net earnings;A;Normal value
2403040104IND01;RS;REPUBLIC OF SERBIA;01;2015;5_AD;Administration - all levels;45231;RSD;RSD;SORS;Average net earnings;A;Normal value
2403040104IND01;RS;REPUBLIC OF SERBIA;01;2015;5_AD2;Administration - government  level;;RSD;RSD;SORS;Average net earnings;O;Not available
2403040104IND01;RS;REPUBLIC OF SERBIA;01;2015;5_AD3;Administration - autonomous  province level;;RSD;RSD;SORS;Average net earnings;O;Not available
2403040104IND01;RS;REPUBLIC OF SERBIA;01;2015;5_AD4;Administration - local authorities’ level;;RSD;RSD;SORS;Average net earnings;O;Not available
2403040104IND01;RS;REPUBLIC OF SERBIA;01;2016;0;Total;40443;RSD;RSD;SORS;Average net earnings;A;Normal value
2403040104IND01;RS;REPUBLIC OF SERBIA;01;2016;0_JP_JD_JL;Public enterprises;54703;RSD;RSD;SORS;Average net earnings;A;Normal value
2403040104IND01;RS;REPUBLIC OF SERBIA;01;2016;0_JS;Public sector;41863;RSD;RSD;SORS;Average net earnings;A;Normal value
2403040104IND01;RS;REPUBLIC OF SERBIA;01;2016;0_VJS;Non-public sector;39102;RSD;RSD;SORS;Average net earnings;A;Normal value
2403040104IND01;RS;REPUBLIC OF SERBIA;01;2016;1_JD;Public state enterprises;64254;RSD;RSD;SORS;Average net earnings;A;Normal value
2403040104IND01;RS;REPUBLIC OF SERBIA;01;2016;2_JL;Public local enterprises;41264;RSD;RSD;SORS;Average net earnings;A;Normal value
2403040104IND01;RS;REPUBLIC OF SERBIA;01;2016;3_4_5_BK;General government;36186;RSD;RSD;SORS;Average net earnings;A;Normal value
2403040104IND01;RS;REPUBLIC OF SERBIA;01;2016;3_ZS;Health and social work;28251;RSD;RSD;SORS;Average net earnings;A;Normal value
2403040104IND01;RS;REPUBLIC OF SERBIA;01;2016;4_OK;Education and culture;40417;RSD;RSD;SORS;Average net earnings;A;Normal value
2403040104IND01;RS;REPUBLIC OF SERBIA;01;2016;5_AD;Administration - all levels;44824;RSD;RSD;SORS;Average net earnings;A;Normal value
2403040104IND01;RS;REPUBLIC OF SERBIA;01;2016;5_AD2;Administration - government  level;;RSD;RSD;SORS;Average net earnings;O;Not available
2403040104IND01;RS;REPUBLIC OF SERBIA;01;2016;5_AD3;Administration - autonomous  province level;;RSD;RSD;SORS;Average net earnings;O;Not available
2403040104IND01;RS;REPUBLIC OF SERBIA;01;2016;5_AD4;Administration - local authorities’ level;;RSD;RSD;SORS;Average net earnings;O;Not available
2403040104IND01;RS;REPUBLIC OF SERBIA;01;2017;0;Total;41508;RSD;RSD;SORS;Average net earnings;A;Normal value
2403040104IND01;RS;REPUBLIC OF SERBIA;01;2017;0_JP_JD_JL;Public enterprises;54463;RSD;RSD;SORS;Average net earnings;A;Normal value
2403040104IND01;RS;REPUBLIC OF SERBIA;01;2017;0_JS;Public sector;42312;RSD;RSD;SORS;Average net earnings;A;Normal value
2403040104IND01;RS;REPUBLIC OF SERBIA;01;2017;0_VJS;Non-public sector;40788;RSD;RSD;SORS;Average net earnings;A;Normal value
2403040104IND01;RS;REPUBLIC OF SERBIA;01;2017;1_JD;Public state enterprises;63495;RSD;RSD;SORS;Average net earnings;A;Normal value
2403040104IND01;RS;REPUBLIC OF SERBIA;01;2017;2_JL;Public local enterprises;41901;RSD;RSD;SORS;Average net earnings;A;Normal value
2403040104IND01;RS;REPUBLIC OF SERBIA;01;2017;3_4_5_BK;General government;37113;RSD;RSD;SORS;Average net earnings;A;Normal value
2403040104IND01;RS;REPUBLIC OF SERBIA;01;2017;3_ZS;Health and social work;29300;RSD;RSD;SORS;Average net earnings;A;Normal value
2403040104IND01;RS;REPUBLIC OF SERBIA;01;2017;4_OK;Education and culture;42050;RSD;RSD;SORS;Average net earnings;A;Normal value
2403040104IND01;RS;REPUBLIC OF SERBIA;01;2017;5_AD;Administration - all levels;43672;RSD;RSD;SORS;Average net earnings;A;Normal value
2403040104IND01;RS;REPUBLIC OF SERBIA;01;2017;5_AD2;Administration - government  level;;RSD;RSD;SORS;Average net earnings;O;Not available
2403040104IND01;RS;REPUBLIC OF SERBIA;01;2017;5_AD3;Administration - autonomous  province level;;RSD;RSD;SORS;Average net earnings;O;Not available
2403040104IND01;RS;REPUBLIC OF SERBIA;01;2017;5_AD4;Administration - local authorities’ level;;RSD;RSD;SORS;Average net earnings;O;Not available
2403040104IND01;RS;REPUBLIC OF SERBIA;01;2018;0;Total;50048;RSD;RSD;SORS;Average net earnings;B;Time series break
2403040104IND01;RS;REPUBLIC OF SERBIA;01;2018;0_JP_JD_JL;Public enterprises;62158;RSD;RSD;SORS;Average net earnings;B;Time series break
2403040104IND01;RS;REPUBLIC OF SERBIA;01;2018;0_JS;Public sector;56585;RSD;RSD;SORS;Average net earnings;B;Time series break
2403040104IND01;RS;REPUBLIC OF SERBIA;01;2018;0_VJS;Non-public sector;46681;RSD;RSD;SORS;Average net earnings;B;Time series break
2403040104IND01;RS;REPUBLIC OF SERBIA;01;2018;1_JD;Public state enterprises;71447;RSD;RSD;SORS;Average net earnings;B;Time series break
2403040104IND01;RS;REPUBLIC OF SERBIA;01;2018;2_JL;Public local enterprises;48106;RSD;RSD;SORS;Average net earnings;B;Time series break
2403040104IND01;RS;REPUBLIC OF SERBIA;01;2018;3_4_5_BK;General government;54735;RSD;RSD;SORS;Average net earnings;B;Time series break
2403040104IND01;RS;REPUBLIC OF SERBIA;01;2018;3_ZS;Health and social work;51083;RSD;RSD;SORS;Average net earnings;B;Time series break
2403040104IND01;RS;REPUBLIC OF SERBIA;01;2018;4_OK;Education and culture;52935;RSD;RSD;SORS;Average net earnings;B;Time series break
2403040104IND01;RS;REPUBLIC OF SERBIA;01;2018;5_AD;Administration - all levels;59677;RSD;RSD;SORS;Average net earnings;B;Time series break
2403040104IND01;RS;REPUBLIC OF SERBIA;01;2018;5_AD2;Administration - government  level;62003;RSD;RSD;SORS;Average net earnings;B;Time series break
2403040104IND01;RS;REPUBLIC OF SERBIA;01;2018;5_AD3;Administration - autonomous  province level;62284;RSD;RSD;SORS;Average net earnings;B;Time series break
2403040104IND01;RS;REPUBLIC OF SERBIA;01;2018;5_AD4;Administration - local authorities’ level;48135;RSD;RSD;SORS;Average net earnings;B;Time series break
2403040104IND01;RS;REPUBLIC OF SERBIA;01;2019;0;Total;54521;RSD;RSD;SORS;Average net earnings;A;Normal value
2403040104IND01;RS;REPUBLIC OF SERBIA;01;2019;0_JP_JD_JL;Public enterprises;67135;RSD;RSD;SORS;Average net earnings;A;Normal value
2403040104IND01;RS;REPUBLIC OF SERBIA;01;2019;0_JS;Public sector;61542;RSD;RSD;SORS;Average net earnings;A;Normal value
2403040104IND01;RS;REPUBLIC OF SERBIA;01;2019;0_VJS;Non-public sector;51160;RSD;RSD;SORS;Average net earnings;A;Normal value
2403040104IND01;RS;REPUBLIC OF SERBIA;01;2019;1_JD;Public state enterprises;77246;RSD;RSD;SORS;Average net earnings;A;Normal value
2403040104IND01;RS;REPUBLIC OF SERBIA;01;2019;2_JL;Public local enterprises;52939;RSD;RSD;SORS;Average net earnings;A;Normal value
2403040104IND01;RS;REPUBLIC OF SERBIA;01;2019;3_4_5_BK;General government;59740;RSD;RSD;SORS;Average net earnings;A;Normal value
2403040104IND01;RS;REPUBLIC OF SERBIA;01;2019;3_ZS;Health and social work;56126;RSD;RSD;SORS;Average net earnings;A;Normal value
2403040104IND01;RS;REPUBLIC OF SERBIA;01;2019;4_OK;Education and culture;57276;RSD;RSD;SORS;Average net earnings;A;Normal value
2403040104IND01;RS;REPUBLIC OF SERBIA;01;2019;5_AD;Administration - all levels;65288;RSD;RSD;SORS;Average net earnings;A;Normal value
2403040104IND01;RS;REPUBLIC OF SERBIA;01;2019;5_AD2;Administration - government  level;67922;RSD;RSD;SORS;Average net earnings;A;Normal value
2403040104IND01;RS;REPUBLIC OF SERBIA;01;2019;5_AD3;Administration - autonomous  province level;67028;RSD;RSD;SORS;Average net earnings;A;Normal value
2403040104IND01;RS;REPUBLIC OF SERBIA;01;2019;5_AD4;Administration - local authorities’ level;52107;RSD;RSD;SORS;Average net earnings;A;Normal value
2403040104IND01;RS;REPUBLIC OF SERBIA;01;2020;0;Total;59941;RSD;RSD;SORS;Average net earnings;A;Normal value
2403040104IND01;RS;REPUBLIC OF SERBIA;01;2020;0_JP_JD_JL;Public enterprises;73959;RSD;RSD;SORS;Average net earnings;A;Normal value
2403040104IND01;RS;REPUBLIC OF SERBIA;01;2020;0_JS;Public sector;67931;RSD;RSD;SORS;Average net earnings;A;Normal value
2403040104IND01;RS;REPUBLIC OF SERBIA;01;2020;0_VJS;Non-public sector;56317;RSD;RSD;SORS;Average net earnings;A;Normal value
2403040104IND01;RS;REPUBLIC OF SERBIA;01;2020;1_JD;Public state enterprises;83416;RSD;RSD;SORS;Average net earnings;A;Normal value
2403040104IND01;RS;REPUBLIC OF SERBIA;01;2020;2_JL;Public local enterprises;60879;RSD;RSD;SORS;Average net earnings;A;Normal value
2403040104IND01;RS;REPUBLIC OF SERBIA;01;2020;3_4_5_BK;General government;66007;RSD;RSD;SORS;Average net earnings;A;Normal value
2403040104IND01;RS;REPUBLIC OF SERBIA;01;2020;3_ZS;Health and social work;62987;RSD;RSD;SORS;Average net earnings;A;Normal value
2403040104IND01;RS;REPUBLIC OF SERBIA;01;2020;4_OK;Education and culture;62856;RSD;RSD;SORS;Average net earnings;A;Normal value
2403040104IND01;RS;REPUBLIC OF SERBIA;01;2020;5_AD;Administration - all levels;71649;RSD;RSD;SORS;Average net earnings;A;Normal value
2403040104IND01;RS;REPUBLIC OF SERBIA;01;2020;5_AD2;Administration - government  level;74680;RSD;RSD;SORS;Average net earnings;A;Normal value
2403040104IND01;RS;REPUBLIC OF SERBIA;01;2020;5_AD3;Administration - autonomous  province level;72675;RSD;RSD;SORS;Average net earnings;A;Normal value
2403040104IND01;RS;REPUBLIC OF SERBIA;01;2020;5_AD4;Administration - local authorities’ level;56633;RSD;RSD;SORS;Average net earnings;A;Normal value
2403040104IND01;RS;REPUBLIC OF SERBIA;01;2021;0;Total;63109;RSD;RSD;SORS;Average net earnings;A;Normal value
2403040104IND01;RS;REPUBLIC OF SERBIA;01;2021;0_JP_JD_JL;Public enterprises;72869;RSD;RSD;SORS;Average net earnings;A;Normal value
2403040104IND01;RS;REPUBLIC OF SERBIA;01;2021;0_JS;Public sector;72075;RSD;RSD;SORS;Average net earnings;A;Normal value
2403040104IND01;RS;REPUBLIC OF SERBIA;01;2021;0_VJS;Non-public sector;59250;RSD;RSD;SORS;Average net earnings;A;Normal value
2403040104IND01;RS;REPUBLIC OF SERBIA;01;2021;1_JD;Public state enterprises;80477;RSD;RSD;SORS;Average net earnings;A;Normal value
2403040104IND01;RS;REPUBLIC OF SERBIA;01;2021;2_JL;Public local enterprises;62239;RSD;RSD;SORS;Average net earnings;A;Normal value
2403040104IND01;RS;REPUBLIC OF SERBIA;01;2021;3_4_5_BK;General government;71821;RSD;RSD;SORS;Average net earnings;A;Normal value
2403040104IND01;RS;REPUBLIC OF SERBIA;01;2021;3_ZS;Health and social work;75504;RSD;RSD;SORS;Average net earnings;A;Normal value
2403040104IND01;RS;REPUBLIC OF SERBIA;01;2021;4_OK;Education and culture;64788;RSD;RSD;SORS;Average net earnings;A;Normal value
2403040104IND01;RS;REPUBLIC OF SERBIA;01;2021;5_AD;Administration - all levels;74905;RSD;RSD;SORS;Average net earnings;A;Normal value
2403040104IND01;RS;REPUBLIC OF SERBIA;01;2021;5_AD2;Administration - government  level;78066;RSD;RSD;SORS;Average net earnings;A;Normal value
2403040104IND01;RS;REPUBLIC OF SERBIA;01;2021;5_AD3;Administration - autonomous  province level;78048;RSD;RSD;SORS;Average net earnings;A;Normal value
2403040104IND01;RS;REPUBLIC OF SERBIA;01;2021;5_AD4;Administration - local authorities’ level;59061;RSD;RSD;SORS;Average net earnings;A;Normal value
2403040104IND01;RS;REPUBLIC OF SERBIA;01;2022;0;Total;70920;RSD;RSD;SORS;Average net earnings;A;Normal value
2403040104IND01;RS;REPUBLIC OF SERBIA;01;2022;0_JP_JD_JL;Public enterprises;77681;RSD;RSD;SORS;Average net earnings;A;Normal value
2403040104IND01;RS;REPUBLIC OF SERBIA;01;2022;0_JS;Public sector;78155;RSD;RSD;SORS;Average net earnings;A;Normal value
2403040104IND01;RS;REPUBLIC OF SERBIA;01;2022;0_VJS;Non-public sector;67889;RSD;RSD;SORS;Average net earnings;A;Normal value
2403040104IND01;RS;REPUBLIC OF SERBIA;01;2022;1_JD;Public state enterprises;85192;RSD;RSD;SORS;Average net earnings;A;Normal value
2403040104IND01;RS;REPUBLIC OF SERBIA;01;2022;2_JL;Public local enterprises;67240;RSD;RSD;SORS;Average net earnings;A;Normal value
2403040104IND01;RS;REPUBLIC OF SERBIA;01;2022;3_4_5_BK;General government;78306;RSD;RSD;SORS;Average net earnings;A;Normal value
2403040104IND01;RS;REPUBLIC OF SERBIA;01;2022;3_ZS;Health and social work;81620;RSD;RSD;SORS;Average net earnings;A;Normal value
2403040104IND01;RS;REPUBLIC OF SERBIA;01;2022;4_OK;Education and culture;69749;RSD;RSD;SORS;Average net earnings;A;Normal value
2403040104IND01;RS;REPUBLIC OF SERBIA;01;2022;5_AD;Administration - all levels;83146;RSD;RSD;SORS;Average net earnings;A;Normal value
2403040104IND01;RS;REPUBLIC OF SERBIA;01;2022;5_AD2;Administration - government  level;86933;RSD;RSD;SORS;Average net earnings;A;Normal value
2403040104IND01;RS;REPUBLIC OF SERBIA;01;2022;5_AD3;Administration - autonomous  province level;84227;RSD;RSD;SORS;Average net earnings;A;Normal value
2403040104IND01;RS;REPUBLIC OF SERBIA;01;2022;5_AD4;Administration - local authorities’ level;64355;RSD;RSD;SORS;Average net earnings;A;Normal value
2403040104IND01;RS;REPUBLIC OF SERBIA;01;2023;0;Total;82769;RSD;RSD;SORS;Average net earnings;A;Normal value
2403040104IND01;RS;REPUBLIC OF SERBIA;01;2023;0_JP_JD_JL;Public enterprises;86677;RSD;RSD;SORS;Average net earnings;A;Normal value
2403040104IND01;RS;REPUBLIC OF SERBIA;01;2023;0_JS;Public sector;87313;RSD;RSD;SORS;Average net earnings;A;Normal value
2403040104IND01;RS;REPUBLIC OF SERBIA;01;2023;0_VJS;Non-public sector;80921;RSD;RSD;SORS;Average net earnings;A;Normal value
2403040104IND01;RS;REPUBLIC OF SERBIA;01;2023;1_JD;Public state enterprises;92849;RSD;RSD;SORS;Average net earnings;A;Normal value
2403040104IND01;RS;REPUBLIC OF SERBIA;01;2023;2_JL;Public local enterprises;78125;RSD;RSD;SORS;Average net earnings;A;Normal value
2403040104IND01;RS;REPUBLIC OF SERBIA;01;2023;3_4_5_BK;General government;87514;RSD;RSD;SORS;Average net earnings;A;Normal value
2403040104IND01;RS;REPUBLIC OF SERBIA;01;2023;3_ZS;Health and social work;87813;RSD;RSD;SORS;Average net earnings;A;Normal value
2403040104IND01;RS;REPUBLIC OF SERBIA;01;2023;4_OK;Education and culture;79122;RSD;RSD;SORS;Average net earnings;A;Normal value
2403040104IND01;RS;REPUBLIC OF SERBIA;01;2023;5_AD;Administration - all levels;95046;RSD;RSD;SORS;Average net earnings;A;Normal value
2403040104IND01;RS;REPUBLIC OF SERBIA;01;2023;5_AD2;Administration - government  level;99467;RSD;RSD;SORS;Average net earnings;A;Normal value
2403040104IND01;RS;REPUBLIC OF SERBIA;01;2023;5_AD3;Administration - autonomous  province level;95073;RSD;RSD;SORS;Average net earnings;A;Normal value
2403040104IND01;RS;REPUBLIC OF SERBIA;01;2023;5_AD4;Administration - local authorities’ level;73199;RSD;RSD;SORS;Average net earnings;A;Normal value
2403040104IND01;RS;REPUBLIC OF SERBIA;01;2024;0;Total;95836;RSD;RSD;SORS;Average net earnings;A;Normal value
2403040104IND01;RS;REPUBLIC OF SERBIA;01;2024;0_JP_JD_JL;Public enterprises;102960;RSD;RSD;SORS;Average net earnings;A;Normal value
2403040104IND01;RS;REPUBLIC OF SERBIA;01;2024;0_JS;Public sector;101419;RSD;RSD;SORS;Average net earnings;A;Normal value
2403040104IND01;RS;REPUBLIC OF SERBIA;01;2024;0_VJS;Non-public sector;93581;RSD;RSD;SORS;Average net earnings;A;Normal value
2403040104IND01;RS;REPUBLIC OF SERBIA;01;2024;1_JD;Public state enterprises;110650;RSD;RSD;SORS;Average net earnings;A;Normal value
2403040104IND01;RS;REPUBLIC OF SERBIA;01;2024;2_JL;Public local enterprises;92405;RSD;RSD;SORS;Average net earnings;A;Normal value
2403040104IND01;RS;REPUBLIC OF SERBIA;01;2024;3_4_5_BK;General government;100940;RSD;RSD;SORS;Average net earnings;A;Normal value
2403040104IND01;RS;REPUBLIC OF SERBIA;01;2024;3_ZS;Health and social work;100370;RSD;RSD;SORS;Average net earnings;A;Normal value
2403040104IND01;RS;REPUBLIC OF SERBIA;01;2024;4_OK;Education and culture;92793;RSD;RSD;SORS;Average net earnings;A;Normal value
2403040104IND01;RS;REPUBLIC OF SERBIA;01;2024;5_AD;Administration - all levels;108819;RSD;RSD;SORS;Average net earnings;A;Normal value
2403040104IND01;RS;REPUBLIC OF SERBIA;01;2024;5_AD2;Administration - government  level;113932;RSD;RSD;SORS;Average net earnings;A;Normal value
2403040104IND01;RS;REPUBLIC OF SERBIA;01;2024;5_AD3;Administration - autonomous  province level;107912;RSD;RSD;SORS;Average net earnings;A;Normal value
2403040104IND01;RS;REPUBLIC OF SERBIA;01;2024;5_AD4;Administration - local authorities’ level;83341;RSD;RSD;SORS;Average net earnings;A;Normal value
2403040104IND01;RS;REPUBLIC OF SERBIA;01;2025;0;Total;107476;RSD;RSD;SORS;Average net earnings;A;Normal value
2403040104IND01;RS;REPUBLIC OF SERBIA;01;2025;0_JP_JD_JL;Public enterprises;117148;RSD;RSD;SORS;Average net earnings;A;Normal value
2403040104IND01;RS;REPUBLIC OF SERBIA;01;2025;0_JS;Public sector;112487;RSD;RSD;SORS;Average net earnings;A;Normal value
2403040104IND01;RS;REPUBLIC OF SERBIA;01;2025;0_VJS;Non-public sector;105463;RSD;RSD;SORS;Average net earnings;A;Normal value
2403040104IND01;RS;REPUBLIC OF SERBIA;01;2025;1_JD;Public state enterprises;126731;RSD;RSD;SORS;Average net earnings;A;Normal value
2403040104IND01;RS;REPUBLIC OF SERBIA;01;2025;2_JL;Public local enterprises;104086;RSD;RSD;SORS;Average net earnings;A;Normal value
2403040104IND01;RS;REPUBLIC OF SERBIA;01;2025;3_4_5_BK;General government;111060;RSD;RSD;SORS;Average net earnings;A;Normal value
2403040104IND01;RS;REPUBLIC OF SERBIA;01;2025;3_ZS;Health and social work;109855;RSD;RSD;SORS;Average net earnings;A;Normal value
2403040104IND01;RS;REPUBLIC OF SERBIA;01;2025;4_OK;Education and culture;102735;RSD;RSD;SORS;Average net earnings;A;Normal value
2403040104IND01;RS;REPUBLIC OF SERBIA;01;2025;5_AD;Administration - all levels;119888;RSD;RSD;SORS;Average net earnings;A;Normal value
2403040104IND01;RS;REPUBLIC OF SERBIA;01;2025;5_AD2;Administration - government  level;125242;RSD;RSD;SORS;Average net earnings;A;Normal value
2403040104IND01;RS;REPUBLIC OF SERBIA;01;2025;5_AD3;Administration - autonomous  province level;117528;RSD;RSD;SORS;Average net earnings;A;Normal value
2403040104IND01;RS;REPUBLIC OF SERBIA;01;2025;5_AD4;Administration - local authorities’ level;93200;RSD;RSD;SORS;Average net earnings;A;Normal value
2403040104IND01;RS;REPUBLIC OF SERBIA;01;2026;0;Total;118429;RSD;RSD;SORS;Average net earnings;A;Normal value
2403040104IND01;RS;REPUBLIC OF SERBIA;01;2026;0_JP_JD_JL;Public enterprises;133516;RSD;RSD;SORS;Average net earnings;A;Normal value
2403040104IND01;RS;REPUBLIC OF SERBIA;01;2026;0_JS;Public sector;126554;RSD;RSD;SORS;Average net earnings;A;Normal value
2403040104IND01;RS;REPUBLIC OF SERBIA;01;2026;0_VJS;Non-public sector;115135;RSD;RSD;SORS;Average net earnings;A;Normal value
2403040104IND01;RS;REPUBLIC OF SERBIA;01;2026;1_JD;Public state enterprises;144823;RSD;RSD;SORS;Average net earnings;A;Normal value
2403040104IND01;RS;REPUBLIC OF SERBIA;01;2026;2_JL;Public local enterprises;118299;RSD;RSD;SORS;Average net earnings;A;Normal value
2403040104IND01;RS;REPUBLIC OF SERBIA;01;2026;3_4_5_BK;General government;124456;RSD;RSD;SORS;Average net earnings;A;Normal value
2403040104IND01;RS;REPUBLIC OF SERBIA;01;2026;3_ZS;Health and social work;123831;RSD;RSD;SORS;Average net earnings;A;Normal value
2403040104IND01;RS;REPUBLIC OF SERBIA;01;2026;4_OK;Education and culture;118704;RSD;RSD;SORS;Average net earnings;A;Normal value
2403040104IND01;RS;REPUBLIC OF SERBIA;01;2026;5_AD;Administration - all levels;130432;RSD;RSD;SORS;Average net earnings;A;Normal value
2403040104IND01;RS;REPUBLIC OF SERBIA;01;2026;5_AD2;Administration - government  level;135855;RSD;RSD;SORS;Average net earnings;A;Normal value
2403040104IND01;RS;REPUBLIC OF SERBIA;01;2026;5_AD3;Administration - autonomous  province level;122845;RSD;RSD;SORS;Average net earnings;A;Normal value
2403040104IND01;RS;REPUBLIC OF SERBIA;01;2026;5_AD4;Administration - local authorities’ level;103059;RSD;RSD;SORS;Average net earnings;A;Normal value
2403040104IND01;RS;REPUBLIC OF SERBIA;02;2003;0;Total;10367;RSD;RSD;SORS;Average net earnings;A;Normal value
2403040104IND01;RS;REPUBLIC OF SERBIA;02;2003;0_JP_JD_JL;Public enterprises;15113;RSD;RSD;SORS;Average net earnings;A;Normal value
2403040104IND01;RS;REPUBLIC OF SERBIA;02;2003;0_JS;Public sector;13714;RSD;RSD;SORS;Average net earnings;A;Normal value
2403040104IND01;RS;REPUBLIC OF SERBIA;02;2003;0_VJS;Non-public sector;8152;RSD;RSD;SORS;Average net earnings;A;Normal value
2403040104IND01;RS;REPUBLIC OF SERBIA;02;2003;1_JD;Public state enterprises;15655;RSD;RSD;SORS;Average net earnings;A;Normal value
2403040104IND01;RS;REPUBLIC OF SERBIA;02;2003;2_JL;Public local enterprises;13823;RSD;RSD;SORS;Average net earnings;A;Normal value
2403040104IND01;RS;REPUBLIC OF SERBIA;02;2003;3_4_5_BK;General government;12922;RSD;RSD;SORS;Average net earnings;A;Normal value
2403040104IND01;RS;REPUBLIC OF SERBIA;02;2003;3_ZS;Health and social work;11830;RSD;RSD;SORS;Average net earnings;A;Normal value
2403040104IND01;RS;REPUBLIC OF SERBIA;02;2003;4_OK;Education and culture;12476;RSD;RSD;SORS;Average net earnings;A;Normal value
2403040104IND01;RS;REPUBLIC OF SERBIA;02;2003;5_AD;Administration - all levels;16428;RSD;RSD;SORS;Average net earnings;A;Normal value
2403040104IND01;RS;REPUBLIC OF SERBIA;02;2003;5_AD2;Administration - government  level;;RSD;RSD;SORS;Average net earnings;O;Not available
2403040104IND01;RS;REPUBLIC OF SERBIA;02;2003;5_AD3;Administration - autonomous  province level;;RSD;RSD;SORS;Average net earnings;O;Not available
2403040104IND01;RS;REPUBLIC OF SERBIA;02;2003;5_AD4;Administration - local authorities’ level;;RSD;RSD;SORS;Average net earnings;O;Not available
2403040104IND01;RS;REPUBLIC OF SERBIA;02;2004;0;Total;12713;RSD;RSD;SORS;Average net earnings;A;Normal value
2403040104IND01;RS;REPUBLIC OF SERBIA;02;2004;0_JP_JD_JL;Public enterprises;18411;RSD;RSD;SORS;Average net earnings;A;Normal value
2403040104IND01;RS;REPUBLIC OF SERBIA;02;2004;0_JS;Public sector;16395;RSD;RSD;SORS;Average net earnings;A;Normal value
2403040104IND01;RS;REPUBLIC OF SERBIA;02;2004;0_VJS;Non-public sector;9986;RSD;RSD;SORS;Average net earnings;A;Normal value
2403040104IND01;RS;REPUBLIC OF SERBIA;02;2004;1_JD;Public state enterprises;18784;RSD;RSD;SORS;Average net earnings;A;Normal value
2403040104IND01;RS;REPUBLIC OF SERBIA;02;2004;2_JL;Public local enterprises;17580;RSD;RSD;SORS;Average net earnings;A;Normal value
2403040104IND01;RS;REPUBLIC OF SERBIA;02;2004;3_4_5_BK;General government;15275;RSD;RSD;SORS;Average net earnings;A;Normal value
2403040104IND01;RS;REPUBLIC OF SERBIA;02;2004;3_ZS;Health and social work;14515;RSD;RSD;SORS;Average net earnings;A;Normal value
2403040104IND01;RS;REPUBLIC OF SERBIA;02;2004;4_OK;Education and culture;14765;RSD;RSD;SORS;Average net earnings;A;Normal value
2403040104IND01;RS;REPUBLIC OF SERBIA;02;2004;5_AD;Administration - all levels;18023;RSD;RSD;SORS;Average net earnings;A;Normal value
2403040104IND01;RS;REPUBLIC OF SERBIA;02;2004;5_AD2;Administration - government  level;;RSD;RSD;SORS;Average net earnings;O;Not available
2403040104IND01;RS;REPUBLIC OF SERBIA;02;2004;5_AD3;Administration - autonomous  province level;;RSD;RSD;SORS;Average net earnings;O;Not available
2403040104IND01;RS;REPUBLIC OF SERBIA;02;2004;5_AD4;Administration - local authorities’ level;;RSD;RSD;SORS;Average net earnings;O;Not available
2403040104IND01;RS;REPUBLIC OF SERBIA;02;2005;0;Total;15295;RSD;RSD;SORS;Average net earnings;A;Normal value
2403040104IND01;RS;REPUBLIC OF SERBIA;02;2005;0_JP_JD_JL;Public enterprises;20940;RSD;RSD;SORS;Average net earnings;A;Normal value
2403040104IND01;RS;REPUBLIC OF SERBIA;02;2005;0_JS;Public sector;18930;RSD;RSD;SORS;Average net earnings;A;Normal value
2403040104IND01;RS;REPUBLIC OF SERBIA;02;2005;0_VJS;Non-public sector;12280;RSD;RSD;SORS;Average net earnings;A;Normal value
2403040104IND01;RS;REPUBLIC OF SERBIA;02;2005;1_JD;Public state enterprises;21032;RSD;RSD;SORS;Average net earnings;A;Normal value
2403040104IND01;RS;REPUBLIC OF SERBIA;02;2005;2_JL;Public local enterprises;20753;RSD;RSD;SORS;Average net earnings;A;Normal value
2403040104IND01;RS;REPUBLIC OF SERBIA;02;2005;3_4_5_BK;General government;17811;RSD;RSD;SORS;Average net earnings;A;Normal value
2403040104IND01;RS;REPUBLIC OF SERBIA;02;2005;3_ZS;Health and social work;16953;RSD;RSD;SORS;Average net earnings;A;Normal value
2403040104IND01;RS;REPUBLIC OF SERBIA;02;2005;4_OK;Education and culture;16539;RSD;RSD;SORS;Average net earnings;A;Normal value
2403040104IND01;RS;REPUBLIC OF SERBIA;02;2005;5_AD;Administration - all levels;22229;RSD;RSD;SORS;Average net earnings;A;Normal value
2403040104IND01;RS;REPUBLIC OF SERBIA;02;2005;5_AD2;Administration - government  level;;RSD;RSD;SORS;Average net earnings;O;Not available
2403040104IND01;RS;REPUBLIC OF SERBIA;02;2005;5_AD3;Administration - autonomous  province level;;RSD;RSD;SORS;Average net earnings;O;Not available
2403040104IND01;RS;REPUBLIC OF SERBIA;02;2005;5_AD4;Administration - local authorities’ level;;RSD;RSD;SORS;Average net earnings;O;Not available
2403040104IND01;RS;REPUBLIC OF SERBIA;02;2006;0;Total;19567;RSD;RSD;SORS;Average net earnings;A;Normal value
2403040104IND01;RS;REPUBLIC OF SERBIA;02;2006;0_JP_JD_JL;Public enterprises;25333;RSD;RSD;SORS;Average net earnings;A;Normal value
2403040104IND01;RS;REPUBLIC OF SERBIA;02;2006;0_JS;Public sector;23054;RSD;RSD;SORS;Average net earnings;A;Normal value
2403040104IND01;RS;REPUBLIC OF SERBIA;02;2006;0_VJS;Non-public sector;16574;RSD;RSD;SORS;Average net earnings;A;Normal value
2403040104IND01;RS;REPUBLIC OF SERBIA;02;2006;1_JD;Public state enterprises;26557;RSD;RSD;SORS;Average net earnings;A;Normal value
2403040104IND01;RS;REPUBLIC OF SERBIA;02;2006;2_JL;Public local enterprises;23216;RSD;RSD;SORS;Average net earnings;A;Normal value
2403040104IND01;RS;REPUBLIC OF SERBIA;02;2006;3_4_5_BK;General government;21873;RSD;RSD;SORS;Average net earnings;A;Normal value
2403040104IND01;RS;REPUBLIC OF SERBIA;02;2006;3_ZS;Health and social work;20187;RSD;RSD;SORS;Average net earnings;A;Normal value
2403040104IND01;RS;REPUBLIC OF SERBIA;02;2006;4_OK;Education and culture;21317;RSD;RSD;SORS;Average net earnings;A;Normal value
2403040104IND01;RS;REPUBLIC OF SERBIA;02;2006;5_AD;Administration - all levels;27015;RSD;RSD;SORS;Average net earnings;A;Normal value
2403040104IND01;RS;REPUBLIC OF SERBIA;02;2006;5_AD2;Administration - government  level;;RSD;RSD;SORS;Average net earnings;O;Not available
2403040104IND01;RS;REPUBLIC OF SERBIA;02;2006;5_AD3;Administration - autonomous  province level;;RSD;RSD;SORS;Average net earnings;O;Not available
2403040104IND01;RS;REPUBLIC OF SERBIA;02;2006;5_AD4;Administration - local authorities’ level;;RSD;RSD;SORS;Average net earnings;O;Not available
2403040104IND01;RS;REPUBLIC OF SERBIA;02;2007;0;Total;25228;RSD;RSD;SORS;Average net earnings;A;Normal value
2403040104IND01;RS;REPUBLIC OF SERBIA;02;2007;0_JP_JD_JL;Public enterprises;32480;RSD;RSD;SORS;Average net earnings;A;Normal value
2403040104IND01;RS;REPUBLIC OF SERBIA;02;2007;0_JS;Public sector;29770;RSD;RSD;SORS;Average net earnings;A;Normal value
2403040104IND01;RS;REPUBLIC OF SERBIA;02;2007;0_VJS;Non-public sector;20950;RSD;RSD;SORS;Average net earnings;A;Normal value
2403040104IND01;RS;REPUBLIC OF SERBIA;02;2007;1_JD;Public state enterprises;34423;RSD;RSD;SORS;Average net earnings;A;Normal value
2403040104IND01;RS;REPUBLIC OF SERBIA;02;2007;2_JL;Public local enterprises;29222;RSD;RSD;SORS;Average net earnings;A;Normal value
2403040104IND01;RS;REPUBLIC OF SERBIA;02;2007;3_4_5_BK;General government;28400;RSD;RSD;SORS;Average net earnings;A;Normal value
2403040104IND01;RS;REPUBLIC OF SERBIA;02;2007;3_ZS;Health and social work;27877;RSD;RSD;SORS;Average net earnings;A;Normal value
2403040104IND01;RS;REPUBLIC OF SERBIA;02;2007;4_OK;Education and culture;26459;RSD;RSD;SORS;Average net earnings;A;Normal value
2403040104IND01;RS;REPUBLIC OF SERBIA;02;2007;5_AD;Administration - all levels;33668;RSD;RSD;SORS;Average net earnings;A;Normal value
2403040104IND01;RS;REPUBLIC OF SERBIA;02;2007;5_AD2;Administration - government  level;;RSD;RSD;SORS;Average net earnings;O;Not available
2403040104IND01;RS;REPUBLIC OF SERBIA;02;2007;5_AD3;Administration - autonomous  province level;;RSD;RSD;SORS;Average net earnings;O;Not available
2403040104IND01;RS;REPUBLIC OF SERBIA;02;2007;5_AD4;Administration - local authorities’ level;;RSD;RSD;SORS;Average net earnings;O;Not available
2403040104IND01;RS;REPUBLIC OF SERBIA;02;2008;0;Total;30982;RSD;RSD;SORS;Average net earnings;A;Normal value
2403040104IND01;RS;REPUBLIC OF SERBIA;02;2008;0_JP_JD_JL;Public enterprises;38251;RSD;RSD;SORS;Average net earnings;A;Normal value
2403040104IND01;RS;REPUBLIC OF SERBIA;02;2008;0_JS;Public sector;35633;RSD;RSD;SORS;Average net earnings;A;Normal value
2403040104IND01;RS;REPUBLIC OF SERBIA;02;2008;0_VJS;Non-public sector;26140;RSD;RSD;SORS;Average net earnings;A;Normal value
2403040104IND01;RS;REPUBLIC OF SERBIA;02;2008;1_JD;Public state enterprises;41074;RSD;RSD;SORS;Average net earnings;A;Normal value
2403040104IND01;RS;REPUBLIC OF SERBIA;02;2008;2_JL;Public local enterprises;33375;RSD;RSD;SORS;Average net earnings;A;Normal value
2403040104IND01;RS;REPUBLIC OF SERBIA;02;2008;3_4_5_BK;General government;34356;RSD;RSD;SORS;Average net earnings;A;Normal value
2403040104IND01;RS;REPUBLIC OF SERBIA;02;2008;3_ZS;Health and social work;33372;RSD;RSD;SORS;Average net earnings;A;Normal value
2403040104IND01;RS;REPUBLIC OF SERBIA;02;2008;4_OK;Education and culture;33524;RSD;RSD;SORS;Average net earnings;A;Normal value
2403040104IND01;RS;REPUBLIC OF SERBIA;02;2008;5_AD;Administration - all levels;38377;RSD;RSD;SORS;Average net earnings;A;Normal value
2403040104IND01;RS;REPUBLIC OF SERBIA;02;2008;5_AD2;Administration - government  level;;RSD;RSD;SORS;Average net earnings;O;Not available
2403040104IND01;RS;REPUBLIC OF SERBIA;02;2008;5_AD3;Administration - autonomous  province level;;RSD;RSD;SORS;Average net earnings;O;Not available
2403040104IND01;RS;REPUBLIC OF SERBIA;02;2008;5_AD4;Administration - local authorities’ level;;RSD;RSD;SORS;Average net earnings;O;Not available
2403040104IND01;RS;REPUBLIC OF SERBIA;02;2009;0;Total;31121;RSD;RSD;SORS;Average net earnings;A;Normal value
2403040104IND01;RS;REPUBLIC OF SERBIA;02;2009;0_JP_JD_JL;Public enterprises;41219;RSD;RSD;SORS;Average net earnings;A;Normal value
2403040104IND01;RS;REPUBLIC OF SERBIA;02;2009;0_JS;Public sector;38485;RSD;RSD;SORS;Average net earnings;A;Normal value
2403040104IND01;RS;REPUBLIC OF SERBIA;02;2009;0_VJS;Non-public sector;25269;RSD;RSD;SORS;Average net earnings;A;Normal value
2403040104IND01;RS;REPUBLIC OF SERBIA;02;2009;1_JD;Public state enterprises;44390;RSD;RSD;SORS;Average net earnings;A;Normal value
2403040104IND01;RS;REPUBLIC OF SERBIA;02;2009;2_JL;Public local enterprises;36285;RSD;RSD;SORS;Average net earnings;A;Normal value
2403040104IND01;RS;REPUBLIC OF SERBIA;02;2009;3_4_5_BK;General government;37260;RSD;RSD;SORS;Average net earnings;A;Normal value
2403040104IND01;RS;REPUBLIC OF SERBIA;02;2009;3_ZS;Health and social work;37215;RSD;RSD;SORS;Average net earnings;A;Normal value
2403040104IND01;RS;REPUBLIC OF SERBIA;02;2009;4_OK;Education and culture;35952;RSD;RSD;SORS;Average net earnings;A;Normal value
2403040104IND01;RS;REPUBLIC OF SERBIA;02;2009;5_AD;Administration - all levels;40014;RSD;RSD;SORS;Average net earnings;A;Normal value
2403040104IND01;RS;REPUBLIC OF SERBIA;02;2009;5_AD2;Administration - government  level;;RSD;RSD;SORS;Average net earnings;O;Not available
2403040104IND01;RS;REPUBLIC OF SERBIA;02;2009;5_AD3;Administration - autonomous  province level;;RSD;RSD;SORS;Average net earnings;O;Not available
2403040104IND01;RS;REPUBLIC OF SERBIA;02;2009;5_AD4;Administration - local authorities’ level;;RSD;RSD;SORS;Average net earnings;O;Not available
2403040104IND01;RS;REPUBLIC OF SERBIA;02;2010;0;Total;32336;RSD;RSD;SORS;Average net earnings;A;Normal value
2403040104IND01;RS;REPUBLIC OF SERBIA;02;2010;0_JP_JD_JL;Public enterprises;42045;RSD;RSD;SORS;Average net earnings;A;Normal value
2403040104IND01;RS;REPUBLIC OF SERBIA;02;2010;0_JS;Public sector;39077;RSD;RSD;SORS;Average net earnings;A;Normal value
2403040104IND01;RS;REPUBLIC OF SERBIA;02;2010;0_VJS;Non-public sector;26750;RSD;RSD;SORS;Average net earnings;A;Normal value
2403040104IND01;RS;REPUBLIC OF SERBIA;02;2010;1_JD;Public state enterprises;45608;RSD;RSD;SORS;Average net earnings;A;Normal value
2403040104IND01;RS;REPUBLIC OF SERBIA;02;2010;2_JL;Public local enterprises;36541;RSD;RSD;SORS;Average net earnings;A;Normal value
2403040104IND01;RS;REPUBLIC OF SERBIA;02;2010;3_4_5_BK;General government;37788;RSD;RSD;SORS;Average net earnings;A;Normal value
2403040104IND01;RS;REPUBLIC OF SERBIA;02;2010;3_ZS;Health and social work;36776;RSD;RSD;SORS;Average net earnings;A;Normal value
2403040104IND01;RS;REPUBLIC OF SERBIA;02;2010;4_OK;Education and culture;36334;RSD;RSD;SORS;Average net earnings;A;Normal value
2403040104IND01;RS;REPUBLIC OF SERBIA;02;2010;5_AD;Administration - all levels;42973;RSD;RSD;SORS;Average net earnings;A;Normal value
2403040104IND01;RS;REPUBLIC OF SERBIA;02;2010;5_AD2;Administration - government  level;;RSD;RSD;SORS;Average net earnings;O;Not available
2403040104IND01;RS;REPUBLIC OF SERBIA;02;2010;5_AD3;Administration - autonomous  province level;;RSD;RSD;SORS;Average net earnings;O;Not available
2403040104IND01;RS;REPUBLIC OF SERBIA;02;2010;5_AD4;Administration - local authorities’ level;;RSD;RSD;SORS;Average net earnings;O;Not available
2403040104IND01;RS;REPUBLIC OF SERBIA;02;2011;0;Total;35538;RSD;RSD;SORS;Average net earnings;A;Normal value
2403040104IND01;RS;REPUBLIC OF SERBIA;02;2011;0_JP_JD_JL;Public enterprises;44772;RSD;RSD;SORS;Average net earnings;A;Normal value
2403040104IND01;RS;REPUBLIC OF SERBIA;02;2011;0_JS;Public sector;40980;RSD;RSD;SORS;Average net earnings;A;Normal value
2403040104IND01;RS;REPUBLIC OF SERBIA;02;2011;0_VJS;Non-public sector;30613;RSD;RSD;SORS;Average net earnings;A;Normal value
2403040104IND01;RS;REPUBLIC OF SERBIA;02;2011;1_JD;Public state enterprises;48245;RSD;RSD;SORS;Average net earnings;A;Normal value
2403040104IND01;RS;REPUBLIC OF SERBIA;02;2011;2_JL;Public local enterprises;39496;RSD;RSD;SORS;Average net earnings;A;Normal value
2403040104IND01;RS;REPUBLIC OF SERBIA;02;2011;3_4_5_BK;General government;39363;RSD;RSD;SORS;Average net earnings;A;Normal value
2403040104IND01;RS;REPUBLIC OF SERBIA;02;2011;3_ZS;Health and social work;38453;RSD;RSD;SORS;Average net earnings;A;Normal value
2403040104IND01;RS;REPUBLIC OF SERBIA;02;2011;4_OK;Education and culture;37278;RSD;RSD;SORS;Average net earnings;A;Normal value
2403040104IND01;RS;REPUBLIC OF SERBIA;02;2011;5_AD;Administration - all levels;45684;RSD;RSD;SORS;Average net earnings;A;Normal value
2403040104IND01;RS;REPUBLIC OF SERBIA;02;2011;5_AD2;Administration - government  level;;RSD;RSD;SORS;Average net earnings;O;Not available
2403040104IND01;RS;REPUBLIC OF SERBIA;02;2011;5_AD3;Administration - autonomous  province level;;RSD;RSD;SORS;Average net earnings;O;Not available
2403040104IND01;RS;REPUBLIC OF SERBIA;02;2011;5_AD4;Administration - local authorities’ level;;RSD;RSD;SORS;Average net earnings;O;Not available
2403040104IND01;RS;REPUBLIC OF SERBIA;02;2012;0;Total;40003;RSD;RSD;SORS;Average net earnings;A;Normal value
2403040104IND01;RS;REPUBLIC OF SERBIA;02;2012;0_JP_JD_JL;Public enterprises;54324;RSD;RSD;SORS;Average net earnings;A;Normal value
2403040104IND01;RS;REPUBLIC OF SERBIA;02;2012;0_JS;Public sector;46310;RSD;RSD;SORS;Average net earnings;A;Normal value
2403040104IND01;RS;REPUBLIC OF SERBIA;02;2012;0_VJS;Non-public sector;33892;RSD;RSD;SORS;Average net earnings;A;Normal value
2403040104IND01;RS;REPUBLIC OF SERBIA;02;2012;1_JD;Public state enterprises;62758;RSD;RSD;SORS;Average net earnings;A;Normal value
2403040104IND01;RS;REPUBLIC OF SERBIA;02;2012;2_JL;Public local enterprises;41752;RSD;RSD;SORS;Average net earnings;A;Normal value
2403040104IND01;RS;REPUBLIC OF SERBIA;02;2012;3_4_5_BK;General government;42872;RSD;RSD;SORS;Average net earnings;A;Normal value
2403040104IND01;RS;REPUBLIC OF SERBIA;02;2012;3_ZS;Health and social work;41357;RSD;RSD;SORS;Average net earnings;A;Normal value
2403040104IND01;RS;REPUBLIC OF SERBIA;02;2012;4_OK;Education and culture;40205;RSD;RSD;SORS;Average net earnings;A;Normal value
2403040104IND01;RS;REPUBLIC OF SERBIA;02;2012;5_AD;Administration - all levels;51549;RSD;RSD;SORS;Average net earnings;A;Normal value
2403040104IND01;RS;REPUBLIC OF SERBIA;02;2012;5_AD2;Administration - government  level;;RSD;RSD;SORS;Average net earnings;O;Not available
2403040104IND01;RS;REPUBLIC OF SERBIA;02;2012;5_AD3;Administration - autonomous  province level;;RSD;RSD;SORS;Average net earnings;O;Not available
2403040104IND01;RS;REPUBLIC OF SERBIA;02;2012;5_AD4;Administration - local authorities’ level;;RSD;RSD;SORS;Average net earnings;O;Not available
2403040104IND01;RS;REPUBLIC OF SERBIA;02;2013;0;Total;43371;RSD;RSD;SORS;Average net earnings;A;Normal value
2403040104IND01;RS;REPUBLIC OF SERBIA;02;2013;0_JP_JD_JL;Public enterprises;53987;RSD;RSD;SORS;Average net earnings;A;Normal value
2403040104IND01;RS;REPUBLIC OF SERBIA;02;2013;0_JS;Public sector;48026;RSD;RSD;SORS;Average net earnings;A;Normal value
2403040104IND01;RS;REPUBLIC OF SERBIA;02;2013;0_VJS;Non-public sector;38614;RSD;RSD;SORS;Average net earnings;A;Normal value
2403040104IND01;RS;REPUBLIC OF SERBIA;02;2013;1_JD;Public state enterprises;61176;RSD;RSD;SORS;Average net earnings;A;Normal value
2403040104IND01;RS;REPUBLIC OF SERBIA;02;2013;2_JL;Public local enterprises;43598;RSD;RSD;SORS;Average net earnings;A;Normal value
2403040104IND01;RS;REPUBLIC OF SERBIA;02;2013;3_4_5_BK;General government;45435;RSD;RSD;SORS;Average net earnings;A;Normal value
2403040104IND01;RS;REPUBLIC OF SERBIA;02;2013;3_ZS;Health and social work;43767;RSD;RSD;SORS;Average net earnings;A;Normal value
2403040104IND01;RS;REPUBLIC OF SERBIA;02;2013;4_OK;Education and culture;42816;RSD;RSD;SORS;Average net earnings;A;Normal value
2403040104IND01;RS;REPUBLIC OF SERBIA;02;2013;5_AD;Administration - all levels;53983;RSD;RSD;SORS;Average net earnings;A;Normal value
2403040104IND01;RS;REPUBLIC OF SERBIA;02;2013;5_AD2;Administration - government  level;;RSD;RSD;SORS;Average net earnings;O;Not available
2403040104IND01;RS;REPUBLIC OF SERBIA;02;2013;5_AD3;Administration - autonomous  province level;;RSD;RSD;SORS;Average net earnings;O;Not available
2403040104IND01;RS;REPUBLIC OF SERBIA;02;2013;5_AD4;Administration - local authorities’ level;;RSD;RSD;SORS;Average net earnings;O;Not available
2403040104IND01;RS;REPUBLIC OF SERBIA;02;2014;0;Total;44057;RSD;RSD;SORS;Average net earnings;A;Normal value
2403040104IND01;RS;REPUBLIC OF SERBIA;02;2014;0_JP_JD_JL;Public enterprises;57458;RSD;RSD;SORS;Average net earnings;A;Normal value
2403040104IND01;RS;REPUBLIC OF SERBIA;02;2014;0_JS;Public sector;49761;RSD;RSD;SORS;Average net earnings;A;Normal value
2403040104IND01;RS;REPUBLIC OF SERBIA;02;2014;0_VJS;Non-public sector;38602;RSD;RSD;SORS;Average net earnings;A;Normal value
2403040104IND01;RS;REPUBLIC OF SERBIA;02;2014;1_JD;Public state enterprises;66157;RSD;RSD;SORS;Average net earnings;A;Normal value
2403040104IND01;RS;REPUBLIC OF SERBIA;02;2014;2_JL;Public local enterprises;45143;RSD;RSD;SORS;Average net earnings;A;Normal value
2403040104IND01;RS;REPUBLIC OF SERBIA;02;2014;3_4_5_BK;General government;46371;RSD;RSD;SORS;Average net earnings;A;Normal value
2403040104IND01;RS;REPUBLIC OF SERBIA;02;2014;3_ZS;Health and social work;45150;RSD;RSD;SORS;Average net earnings;A;Normal value
2403040104IND01;RS;REPUBLIC OF SERBIA;02;2014;4_OK;Education and culture;43746;RSD;RSD;SORS;Average net earnings;A;Normal value
2403040104IND01;RS;REPUBLIC OF SERBIA;02;2014;5_AD;Administration - all levels;53995;RSD;RSD;SORS;Average net earnings;A;Normal value
2403040104IND01;RS;REPUBLIC OF SERBIA;02;2014;5_AD2;Administration - government  level;;RSD;RSD;SORS;Average net earnings;O;Not available
2403040104IND01;RS;REPUBLIC OF SERBIA;02;2014;5_AD3;Administration - autonomous  province level;;RSD;RSD;SORS;Average net earnings;O;Not available
2403040104IND01;RS;REPUBLIC OF SERBIA;02;2014;5_AD4;Administration - local authorities’ level;;RSD;RSD;SORS;Average net earnings;O;Not available
2403040104IND01;RS;REPUBLIC OF SERBIA;02;2015;0;Total;42749;RSD;RSD;SORS;Average net earnings;A;Normal value
2403040104IND01;RS;REPUBLIC OF SERBIA;02;2015;0_JP_JD_JL;Public enterprises;55316;RSD;RSD;SORS;Average net earnings;A;Normal value
2403040104IND01;RS;REPUBLIC OF SERBIA;02;2015;0_JS;Public sector;46485;RSD;RSD;SORS;Average net earnings;A;Normal value
2403040104IND01;RS;REPUBLIC OF SERBIA;02;2015;0_VJS;Non-public sector;39156;RSD;RSD;SORS;Average net earnings;A;Normal value
2403040104IND01;RS;REPUBLIC OF SERBIA;02;2015;1_JD;Public state enterprises;63162;RSD;RSD;SORS;Average net earnings;A;Normal value
2403040104IND01;RS;REPUBLIC OF SERBIA;02;2015;2_JL;Public local enterprises;44116;RSD;RSD;SORS;Average net earnings;A;Normal value
2403040104IND01;RS;REPUBLIC OF SERBIA;02;2015;3_4_5_BK;General government;42623;RSD;RSD;SORS;Average net earnings;A;Normal value
2403040104IND01;RS;REPUBLIC OF SERBIA;02;2015;3_ZS;Health and social work;41628;RSD;RSD;SORS;Average net earnings;A;Normal value
2403040104IND01;RS;REPUBLIC OF SERBIA;02;2015;4_OK;Education and culture;40460;RSD;RSD;SORS;Average net earnings;A;Normal value
2403040104IND01;RS;REPUBLIC OF SERBIA;02;2015;5_AD;Administration - all levels;49045;RSD;RSD;SORS;Average net earnings;A;Normal value
2403040104IND01;RS;REPUBLIC OF SERBIA;02;2015;5_AD2;Administration - government  level;;RSD;RSD;SORS;Average net earnings;O;Not available
2403040104IND01;RS;REPUBLIC OF SERBIA;02;2015;5_AD3;Administration - autonomous  province level;;RSD;RSD;SORS;Average net earnings;O;Not available
2403040104IND01;RS;REPUBLIC OF SERBIA;02;2015;5_AD4;Administration - local authorities’ level;;RSD;RSD;SORS;Average net earnings;O;Not available
2403040104IND01;RS;REPUBLIC OF SERBIA;02;2016;0;Total;44450;RSD;RSD;SORS;Average net earnings;A;Normal value
2403040104IND01;RS;REPUBLIC OF SERBIA;02;2016;0_JP_JD_JL;Public enterprises;54611;RSD;RSD;SORS;Average net earnings;A;Normal value
2403040104IND01;RS;REPUBLIC OF SERBIA;02;2016;0_JS;Public sector;46481;RSD;RSD;SORS;Average net earnings;A;Normal value
2403040104IND01;RS;REPUBLIC OF SERBIA;02;2016;0_VJS;Non-public sector;42518;RSD;RSD;SORS;Average net earnings;A;Normal value
2403040104IND01;RS;REPUBLIC OF SERBIA;02;2016;1_JD;Public state enterprises;61348;RSD;RSD;SORS;Average net earnings;A;Normal value
2403040104IND01;RS;REPUBLIC OF SERBIA;02;2016;2_JL;Public local enterprises;45120;RSD;RSD;SORS;Average net earnings;A;Normal value
2403040104IND01;RS;REPUBLIC OF SERBIA;02;2016;3_4_5_BK;General government;42902;RSD;RSD;SORS;Average net earnings;A;Normal value
2403040104IND01;RS;REPUBLIC OF SERBIA;02;2016;3_ZS;Health and social work;42063;RSD;RSD;SORS;Average net earnings;A;Normal value
2403040104IND01;RS;REPUBLIC OF SERBIA;02;2016;4_OK;Education and culture;41034;RSD;RSD;SORS;Average net earnings;A;Normal value
2403040104IND01;RS;REPUBLIC OF SERBIA;02;2016;5_AD;Administration - all levels;48404;RSD;RSD;SORS;Average net earnings;A;Normal value
2403040104IND01;RS;REPUBLIC OF SERBIA;02;2016;5_AD2;Administration - government  level;;RSD;RSD;SORS;Average net earnings;O;Not available
2403040104IND01;RS;REPUBLIC OF SERBIA;02;2016;5_AD3;Administration - autonomous  province level;;RSD;RSD;SORS;Average net earnings;O;Not available
2403040104IND01;RS;REPUBLIC OF SERBIA;02;2016;5_AD4;Administration - local authorities’ level;;RSD;RSD;SORS;Average net earnings;O;Not available
2403040104IND01;RS;REPUBLIC OF SERBIA;02;2017;0;Total;46990;RSD;RSD;SORS;Average net earnings;A;Normal value
2403040104IND01;RS;REPUBLIC OF SERBIA;02;2017;0_JP_JD_JL;Public enterprises;58875;RSD;RSD;SORS;Average net earnings;A;Normal value
2403040104IND01;RS;REPUBLIC OF SERBIA;02;2017;0_JS;Public sector;49367;RSD;RSD;SORS;Average net earnings;A;Normal value
2403040104IND01;RS;REPUBLIC OF SERBIA;02;2017;0_VJS;Non-public sector;44867;RSD;RSD;SORS;Average net earnings;A;Normal value
2403040104IND01;RS;REPUBLIC OF SERBIA;02;2017;1_JD;Public state enterprises;67862;RSD;RSD;SORS;Average net earnings;A;Normal value
2403040104IND01;RS;REPUBLIC OF SERBIA;02;2017;2_JL;Public local enterprises;46640;RSD;RSD;SORS;Average net earnings;A;Normal value
2403040104IND01;RS;REPUBLIC OF SERBIA;02;2017;3_4_5_BK;General government;45348;RSD;RSD;SORS;Average net earnings;A;Normal value
2403040104IND01;RS;REPUBLIC OF SERBIA;02;2017;3_ZS;Health and social work;44254;RSD;RSD;SORS;Average net earnings;A;Normal value
2403040104IND01;RS;REPUBLIC OF SERBIA;02;2017;4_OK;Education and culture;43077;RSD;RSD;SORS;Average net earnings;A;Normal value
2403040104IND01;RS;REPUBLIC OF SERBIA;02;2017;5_AD;Administration - all levels;52196;RSD;RSD;SORS;Average net earnings;A;Normal value
2403040104IND01;RS;REPUBLIC OF SERBIA;02;2017;5_AD2;Administration - government  level;;RSD;RSD;SORS;Average net earnings;O;Not available
2403040104IND01;RS;REPUBLIC OF SERBIA;02;2017;5_AD3;Administration - autonomous  province level;;RSD;RSD;SORS;Average net earnings;O;Not available
2403040104IND01;RS;REPUBLIC OF SERBIA;02;2017;5_AD4;Administration - local authorities’ level;;RSD;RSD;SORS;Average net earnings;O;Not available
2403040104IND01;RS;REPUBLIC OF SERBIA;02;2018;0;Total;47819;RSD;RSD;SORS;Average net earnings;A;Normal value
2403040104IND01;RS;REPUBLIC OF SERBIA;02;2018;0_JP_JD_JL;Public enterprises;56217;RSD;RSD;SORS;Average net earnings;A;Normal value
2403040104IND01;RS;REPUBLIC OF SERBIA;02;2018;0_JS;Public sector;54182;RSD;RSD;SORS;Average net earnings;A;Normal value
2403040104IND01;RS;REPUBLIC OF SERBIA;02;2018;0_VJS;Non-public sector;44550;RSD;RSD;SORS;Average net earnings;A;Normal value
2403040104IND01;RS;REPUBLIC OF SERBIA;02;2018;1_JD;Public state enterprises;62644;RSD;RSD;SORS;Average net earnings;A;Normal value
2403040104IND01;RS;REPUBLIC OF SERBIA;02;2018;2_JL;Public local enterprises;46426;RSD;RSD;SORS;Average net earnings;A;Normal value
2403040104IND01;RS;REPUBLIC OF SERBIA;02;2018;3_4_5_BK;General government;53512;RSD;RSD;SORS;Average net earnings;A;Normal value
2403040104IND01;RS;REPUBLIC OF SERBIA;02;2018;3_ZS;Health and social work;49688;RSD;RSD;SORS;Average net earnings;A;Normal value
2403040104IND01;RS;REPUBLIC OF SERBIA;02;2018;4_OK;Education and culture;51756;RSD;RSD;SORS;Average net earnings;A;Normal value
2403040104IND01;RS;REPUBLIC OF SERBIA;02;2018;5_AD;Administration - all levels;58552;RSD;RSD;SORS;Average net earnings;A;Normal value
2403040104IND01;RS;REPUBLIC OF SERBIA;02;2018;5_AD2;Administration - government  level;60835;RSD;RSD;SORS;Average net earnings;A;Normal value
2403040104IND01;RS;REPUBLIC OF SERBIA;02;2018;5_AD3;Administration - autonomous  province level;60818;RSD;RSD;SORS;Average net earnings;A;Normal value
2403040104IND01;RS;REPUBLIC OF SERBIA;02;2018;5_AD4;Administration - local authorities’ level;47205;RSD;RSD;SORS;Average net earnings;A;Normal value
2403040104IND01;RS;REPUBLIC OF SERBIA;02;2019;0;Total;52426;RSD;RSD;SORS;Average net earnings;A;Normal value
2403040104IND01;RS;REPUBLIC OF SERBIA;02;2019;0_JP_JD_JL;Public enterprises;62496;RSD;RSD;SORS;Average net earnings;A;Normal value
2403040104IND01;RS;REPUBLIC OF SERBIA;02;2019;0_JS;Public sector;59798;RSD;RSD;SORS;Average net earnings;A;Normal value
2403040104IND01;RS;REPUBLIC OF SERBIA;02;2019;0_VJS;Non-public sector;48942;RSD;RSD;SORS;Average net earnings;A;Normal value
2403040104IND01;RS;REPUBLIC OF SERBIA;02;2019;1_JD;Public state enterprises;70700;RSD;RSD;SORS;Average net earnings;A;Normal value
2403040104IND01;RS;REPUBLIC OF SERBIA;02;2019;2_JL;Public local enterprises;51105;RSD;RSD;SORS;Average net earnings;A;Normal value
2403040104IND01;RS;REPUBLIC OF SERBIA;02;2019;3_4_5_BK;General government;58926;RSD;RSD;SORS;Average net earnings;A;Normal value
2403040104IND01;RS;REPUBLIC OF SERBIA;02;2019;3_ZS;Health and social work;54749;RSD;RSD;SORS;Average net earnings;A;Normal value
2403040104IND01;RS;REPUBLIC OF SERBIA;02;2019;4_OK;Education and culture;56389;RSD;RSD;SORS;Average net earnings;A;Normal value
2403040104IND01;RS;REPUBLIC OF SERBIA;02;2019;5_AD;Administration - all levels;65078;RSD;RSD;SORS;Average net earnings;A;Normal value
2403040104IND01;RS;REPUBLIC OF SERBIA;02;2019;5_AD2;Administration - government  level;67774;RSD;RSD;SORS;Average net earnings;A;Normal value
2403040104IND01;RS;REPUBLIC OF SERBIA;02;2019;5_AD3;Administration - autonomous  province level;82204;RSD;RSD;SORS;Average net earnings;A;Normal value
2403040104IND01;RS;REPUBLIC OF SERBIA;02;2019;5_AD4;Administration - local authorities’ level;50951;RSD;RSD;SORS;Average net earnings;A;Normal value
2403040104IND01;RS;REPUBLIC OF SERBIA;02;2020;0;Total;58132;RSD;RSD;SORS;Average net earnings;A;Normal value
2403040104IND01;RS;REPUBLIC OF SERBIA;02;2020;0_JP_JD_JL;Public enterprises;69247;RSD;RSD;SORS;Average net earnings;A;Normal value
2403040104IND01;RS;REPUBLIC OF SERBIA;02;2020;0_JS;Public sector;66170;RSD;RSD;SORS;Average net earnings;A;Normal value
2403040104IND01;RS;REPUBLIC OF SERBIA;02;2020;0_VJS;Non-public sector;54485;RSD;RSD;SORS;Average net earnings;A;Normal value
2403040104IND01;RS;REPUBLIC OF SERBIA;02;2020;1_JD;Public state enterprises;77013;RSD;RSD;SORS;Average net earnings;A;Normal value
2403040104IND01;RS;REPUBLIC OF SERBIA;02;2020;2_JL;Public local enterprises;58460;RSD;RSD;SORS;Average net earnings;A;Normal value
2403040104IND01;RS;REPUBLIC OF SERBIA;02;2020;3_4_5_BK;General government;65189;RSD;RSD;SORS;Average net earnings;A;Normal value
2403040104IND01;RS;REPUBLIC OF SERBIA;02;2020;3_ZS;Health and social work;61927;RSD;RSD;SORS;Average net earnings;A;Normal value
2403040104IND01;RS;REPUBLIC OF SERBIA;02;2020;4_OK;Education and culture;61876;RSD;RSD;SORS;Average net earnings;A;Normal value
2403040104IND01;RS;REPUBLIC OF SERBIA;02;2020;5_AD;Administration - all levels;71189;RSD;RSD;SORS;Average net earnings;A;Normal value
2403040104IND01;RS;REPUBLIC OF SERBIA;02;2020;5_AD2;Administration - government  level;74030;RSD;RSD;SORS;Average net earnings;A;Normal value
2403040104IND01;RS;REPUBLIC OF SERBIA;02;2020;5_AD3;Administration - autonomous  province level;90452;RSD;RSD;SORS;Average net earnings;A;Normal value
2403040104IND01;RS;REPUBLIC OF SERBIA;02;2020;5_AD4;Administration - local authorities’ level;56226;RSD;RSD;SORS;Average net earnings;A;Normal value
2403040104IND01;RS;REPUBLIC OF SERBIA;02;2021;0;Total;62280;RSD;RSD;SORS;Average net earnings;A;Normal value
2403040104IND01;RS;REPUBLIC OF SERBIA;02;2021;0_JP_JD_JL;Public enterprises;70509;RSD;RSD;SORS;Average net earnings;A;Normal value
2403040104IND01;RS;REPUBLIC OF SERBIA;02;2021;0_JS;Public sector;70611;RSD;RSD;SORS;Average net earnings;A;Normal value
2403040104IND01;RS;REPUBLIC OF SERBIA;02;2021;0_VJS;Non-public sector;58698;RSD;RSD;SORS;Average net earnings;A;Normal value
2403040104IND01;RS;REPUBLIC OF SERBIA;02;2021;1_JD;Public state enterprises;77395;RSD;RSD;SORS;Average net earnings;A;Normal value
2403040104IND01;RS;REPUBLIC OF SERBIA;02;2021;2_JL;Public local enterprises;60873;RSD;RSD;SORS;Average net earnings;A;Normal value
2403040104IND01;RS;REPUBLIC OF SERBIA;02;2021;3_4_5_BK;General government;70643;RSD;RSD;SORS;Average net earnings;A;Normal value
2403040104IND01;RS;REPUBLIC OF SERBIA;02;2021;3_ZS;Health and social work;73416;RSD;RSD;SORS;Average net earnings;A;Normal value
2403040104IND01;RS;REPUBLIC OF SERBIA;02;2021;4_OK;Education and culture;64296;RSD;RSD;SORS;Average net earnings;A;Normal value
2403040104IND01;RS;REPUBLIC OF SERBIA;02;2021;5_AD;Administration - all levels;74007;RSD;RSD;SORS;Average net earnings;A;Normal value
2403040104IND01;RS;REPUBLIC OF SERBIA;02;2021;5_AD2;Administration - government  level;76911;RSD;RSD;SORS;Average net earnings;A;Normal value
2403040104IND01;RS;REPUBLIC OF SERBIA;02;2021;5_AD3;Administration - autonomous  province level;94822;RSD;RSD;SORS;Average net earnings;A;Normal value
2403040104IND01;RS;REPUBLIC OF SERBIA;02;2021;5_AD4;Administration - local authorities’ level;58594;RSD;RSD;SORS;Average net earnings;A;Normal value
2403040104IND01;RS;REPUBLIC OF SERBIA;02;2022;0;Total;70605;RSD;RSD;SORS;Average net earnings;A;Normal value
2403040104IND01;RS;REPUBLIC OF SERBIA;02;2022;0_JP_JD_JL;Public enterprises;76322;RSD;RSD;SORS;Average net earnings;A;Normal value
2403040104IND01;RS;REPUBLIC OF SERBIA;02;2022;0_JS;Public sector;77179;RSD;RSD;SORS;Average net earnings;A;Normal value
2403040104IND01;RS;REPUBLIC OF SERBIA;02;2022;0_VJS;Non-public sector;67846;RSD;RSD;SORS;Average net earnings;A;Normal value
2403040104IND01;RS;REPUBLIC OF SERBIA;02;2022;1_JD;Public state enterprises;83630;RSD;RSD;SORS;Average net earnings;A;Normal value
2403040104IND01;RS;REPUBLIC OF SERBIA;02;2022;2_JL;Public local enterprises;66167;RSD;RSD;SORS;Average net earnings;A;Normal value
2403040104IND01;RS;REPUBLIC OF SERBIA;02;2022;3_4_5_BK;General government;77449;RSD;RSD;SORS;Average net earnings;A;Normal value
2403040104IND01;RS;REPUBLIC OF SERBIA;02;2022;3_ZS;Health and social work;79777;RSD;RSD;SORS;Average net earnings;A;Normal value
2403040104IND01;RS;REPUBLIC OF SERBIA;02;2022;4_OK;Education and culture;69646;RSD;RSD;SORS;Average net earnings;A;Normal value
2403040104IND01;RS;REPUBLIC OF SERBIA;02;2022;5_AD;Administration - all levels;82587;RSD;RSD;SORS;Average net earnings;A;Normal value
2403040104IND01;RS;REPUBLIC OF SERBIA;02;2022;5_AD2;Administration - government  level;85973;RSD;RSD;SORS;Average net earnings;A;Normal value
2403040104IND01;RS;REPUBLIC OF SERBIA;02;2022;5_AD3;Administration - autonomous  province level;103492;RSD;RSD;SORS;Average net earnings;A;Normal value
2403040104IND01;RS;REPUBLIC OF SERBIA;02;2022;5_AD4;Administration - local authorities’ level;64945;RSD;RSD;SORS;Average net earnings;A;Normal value
2403040104IND01;RS;REPUBLIC OF SERBIA;02;2023;0;Total;81359;RSD;RSD;SORS;Average net earnings;A;Normal value
2403040104IND01;RS;REPUBLIC OF SERBIA;02;2023;0_JP_JD_JL;Public enterprises;84923;RSD;RSD;SORS;Average net earnings;A;Normal value
2403040104IND01;RS;REPUBLIC OF SERBIA;02;2023;0_JS;Public sector;85633;RSD;RSD;SORS;Average net earnings;A;Normal value
2403040104IND01;RS;REPUBLIC OF SERBIA;02;2023;0_VJS;Non-public sector;79623;RSD;RSD;SORS;Average net earnings;A;Normal value
2403040104IND01;RS;REPUBLIC OF SERBIA;02;2023;1_JD;Public state enterprises;91807;RSD;RSD;SORS;Average net earnings;A;Normal value
2403040104IND01;RS;REPUBLIC OF SERBIA;02;2023;2_JL;Public local enterprises;75416;RSD;RSD;SORS;Average net earnings;A;Normal value
2403040104IND01;RS;REPUBLIC OF SERBIA;02;2023;3_4_5_BK;General government;85855;RSD;RSD;SORS;Average net earnings;A;Normal value
2403040104IND01;RS;REPUBLIC OF SERBIA;02;2023;3_ZS;Health and social work;85341;RSD;RSD;SORS;Average net earnings;A;Normal value
2403040104IND01;RS;REPUBLIC OF SERBIA;02;2023;4_OK;Education and culture;77978;RSD;RSD;SORS;Average net earnings;A;Normal value
2403040104IND01;RS;REPUBLIC OF SERBIA;02;2023;5_AD;Administration - all levels;93722;RSD;RSD;SORS;Average net earnings;A;Normal value
2403040104IND01;RS;REPUBLIC OF SERBIA;02;2023;5_AD2;Administration - government  level;97629;RSD;RSD;SORS;Average net earnings;A;Normal value
2403040104IND01;RS;REPUBLIC OF SERBIA;02;2023;5_AD3;Administration - autonomous  province level;127511;RSD;RSD;SORS;Average net earnings;A;Normal value
2403040104IND01;RS;REPUBLIC OF SERBIA;02;2023;5_AD4;Administration - local authorities’ level;72785;RSD;RSD;SORS;Average net earnings;A;Normal value
2403040104IND01;RS;REPUBLIC OF SERBIA;02;2024;0;Total;94125;RSD;RSD;SORS;Average net earnings;A;Normal value
2403040104IND01;RS;REPUBLIC OF SERBIA;02;2024;0_JP_JD_JL;Public enterprises;98260;RSD;RSD;SORS;Average net earnings;A;Normal value
2403040104IND01;RS;REPUBLIC OF SERBIA;02;2024;0_JS;Public sector;98886;RSD;RSD;SORS;Average net earnings;A;Normal value
2403040104IND01;RS;REPUBLIC OF SERBIA;02;2024;0_VJS;Non-public sector;92199;RSD;RSD;SORS;Average net earnings;A;Normal value
2403040104IND01;RS;REPUBLIC OF SERBIA;02;2024;1_JD;Public state enterprises;105635;RSD;RSD;SORS;Average net earnings;A;Normal value
2403040104IND01;RS;REPUBLIC OF SERBIA;02;2024;2_JL;Public local enterprises;88183;RSD;RSD;SORS;Average net earnings;A;Normal value
2403040104IND01;RS;REPUBLIC OF SERBIA;02;2024;3_4_5_BK;General government;99079;RSD;RSD;SORS;Average net earnings;A;Normal value
2403040104IND01;RS;REPUBLIC OF SERBIA;02;2024;3_ZS;Health and social work;97510;RSD;RSD;SORS;Average net earnings;A;Normal value
2403040104IND01;RS;REPUBLIC OF SERBIA;02;2024;4_OK;Education and culture;92360;RSD;RSD;SORS;Average net earnings;A;Normal value
2403040104IND01;RS;REPUBLIC OF SERBIA;02;2024;5_AD;Administration - all levels;106763;RSD;RSD;SORS;Average net earnings;A;Normal value
2403040104IND01;RS;REPUBLIC OF SERBIA;02;2024;5_AD2;Administration - government  level;111698;RSD;RSD;SORS;Average net earnings;A;Normal value
2403040104IND01;RS;REPUBLIC OF SERBIA;02;2024;5_AD3;Administration - autonomous  province level;107021;RSD;RSD;SORS;Average net earnings;A;Normal value
2403040104IND01;RS;REPUBLIC OF SERBIA;02;2024;5_AD4;Administration - local authorities’ level;82133;RSD;RSD;SORS;Average net earnings;A;Normal value
2403040104IND01;RS;REPUBLIC OF SERBIA;02;2025;0;Total;103519;RSD;RSD;SORS;Average net earnings;A;Normal value
2403040104IND01;RS;REPUBLIC OF SERBIA;02;2025;0_JP_JD_JL;Public enterprises;107668;RSD;RSD;SORS;Average net earnings;A;Normal value
2403040104IND01;RS;REPUBLIC OF SERBIA;02;2025;0_JS;Public sector;108210;RSD;RSD;SORS;Average net earnings;A;Normal value
2403040104IND01;RS;REPUBLIC OF SERBIA;02;2025;0_VJS;Non-public sector;101669;RSD;RSD;SORS;Average net earnings;A;Normal value
2403040104IND01;RS;REPUBLIC OF SERBIA;02;2025;1_JD;Public state enterprises;115408;RSD;RSD;SORS;Average net earnings;A;Normal value
2403040104IND01;RS;REPUBLIC OF SERBIA;02;2025;2_JL;Public local enterprises;97207;RSD;RSD;SORS;Average net earnings;A;Normal value
2403040104IND01;RS;REPUBLIC OF SERBIA;02;2025;3_4_5_BK;General government;108379;RSD;RSD;SORS;Average net earnings;A;Normal value
2403040104IND01;RS;REPUBLIC OF SERBIA;02;2025;3_ZS;Health and social work;106991;RSD;RSD;SORS;Average net earnings;A;Normal value
2403040104IND01;RS;REPUBLIC OF SERBIA;02;2025;4_OK;Education and culture;98657;RSD;RSD;SORS;Average net earnings;A;Normal value
2403040104IND01;RS;REPUBLIC OF SERBIA;02;2025;5_AD;Administration - all levels;118106;RSD;RSD;SORS;Average net earnings;A;Normal value
2403040104IND01;RS;REPUBLIC OF SERBIA;02;2025;5_AD2;Administration - government  level;123637;RSD;RSD;SORS;Average net earnings;A;Normal value
2403040104IND01;RS;REPUBLIC OF SERBIA;02;2025;5_AD3;Administration - autonomous  province level;115201;RSD;RSD;SORS;Average net earnings;A;Normal value
2403040104IND01;RS;REPUBLIC OF SERBIA;02;2025;5_AD4;Administration - local authorities’ level;90932;RSD;RSD;SORS;Average net earnings;A;Normal value
2403040104IND01;RS;REPUBLIC OF SERBIA;02;2026;0;Total;116127;RSD;RSD;SORS;Average net earnings;A;Normal value
2403040104IND01;RS;REPUBLIC OF SERBIA;02;2026;0_JP_JD_JL;Public enterprises;119876;RSD;RSD;SORS;Average net earnings;A;Normal value
2403040104IND01;RS;REPUBLIC OF SERBIA;02;2026;0_JS;Public sector;122278;RSD;RSD;SORS;Average net earnings;A;Normal value
2403040104IND01;RS;REPUBLIC OF SERBIA;02;2026;0_VJS;Non-public sector;113634;RSD;RSD;SORS;Average net earnings;A;Normal value
2403040104IND01;RS;REPUBLIC OF SERBIA;02;2026;1_JD;Public state enterprises;126175;RSD;RSD;SORS;Average net earnings;A;Normal value
2403040104IND01;RS;REPUBLIC OF SERBIA;02;2026;2_JL;Public local enterprises;111459;RSD;RSD;SORS;Average net earnings;A;Normal value
2403040104IND01;RS;REPUBLIC OF SERBIA;02;2026;3_4_5_BK;General government;122998;RSD;RSD;SORS;Average net earnings;A;Normal value
2403040104IND01;RS;REPUBLIC OF SERBIA;02;2026;3_ZS;Health and social work;121989;RSD;RSD;SORS;Average net earnings;A;Normal value
2403040104IND01;RS;REPUBLIC OF SERBIA;02;2026;4_OK;Education and culture;118223;RSD;RSD;SORS;Average net earnings;A;Normal value
2403040104IND01;RS;REPUBLIC OF SERBIA;02;2026;5_AD;Administration - all levels;128499;RSD;RSD;SORS;Average net earnings;A;Normal value
2403040104IND01;RS;REPUBLIC OF SERBIA;02;2026;5_AD2;Administration - government  level;133911;RSD;RSD;SORS;Average net earnings;A;Normal value
2403040104IND01;RS;REPUBLIC OF SERBIA;02;2026;5_AD3;Administration - autonomous  province level;121761;RSD;RSD;SORS;Average net earnings;A;Normal value
2403040104IND01;RS;REPUBLIC OF SERBIA;02;2026;5_AD4;Administration - local authorities’ level;101393;RSD;RSD;SORS;Average net earnings;A;Normal value
2403040104IND01;RS;REPUBLIC OF SERBIA;03;2003;0;Total;10126;RSD;RSD;SORS;Average net earnings;A;Normal value
2403040104IND01;RS;REPUBLIC OF SERBIA;03;2003;0_JP_JD_JL;Public enterprises;15313;RSD;RSD;SORS;Average net earnings;A;Normal value
2403040104IND01;RS;REPUBLIC OF SERBIA;03;2003;0_JS;Public sector;13045;RSD;RSD;SORS;Average net earnings;A;Normal value
2403040104IND01;RS;REPUBLIC OF SERBIA;03;2003;0_VJS;Non-public sector;8165;RSD;RSD;SORS;Average net earnings;A;Normal value
2403040104IND01;RS;REPUBLIC OF SERBIA;03;2003;1_JD;Public state enterprises;15826;RSD;RSD;SORS;Average net earnings;A;Normal value
2403040104IND01;RS;REPUBLIC OF SERBIA;03;2003;2_JL;Public local enterprises;14098;RSD;RSD;SORS;Average net earnings;A;Normal value
2403040104IND01;RS;REPUBLIC OF SERBIA;03;2003;3_4_5_BK;General government;11761;RSD;RSD;SORS;Average net earnings;A;Normal value
2403040104IND01;RS;REPUBLIC OF SERBIA;03;2003;3_ZS;Health and social work;12232;RSD;RSD;SORS;Average net earnings;A;Normal value
2403040104IND01;RS;REPUBLIC OF SERBIA;03;2003;4_OK;Education and culture;10052;RSD;RSD;SORS;Average net earnings;A;Normal value
2403040104IND01;RS;REPUBLIC OF SERBIA;03;2003;5_AD;Administration - all levels;13899;RSD;RSD;SORS;Average net earnings;A;Normal value
2403040104IND01;RS;REPUBLIC OF SERBIA;03;2003;5_AD2;Administration - government  level;;RSD;RSD;SORS;Average net earnings;O;Not available
2403040104IND01;RS;REPUBLIC OF SERBIA;03;2003;5_AD3;Administration - autonomous  province level;;RSD;RSD;SORS;Average net earnings;O;Not available
2403040104IND01;RS;REPUBLIC OF SERBIA;03;2003;5_AD4;Administration - local authorities’ level;;RSD;RSD;SORS;Average net earnings;O;Not available
2403040104IND01;RS;REPUBLIC OF SERBIA;03;2004;0;Total;12911;RSD;RSD;SORS;Average net earnings;A;Normal value
2403040104IND01;RS;REPUBLIC OF SERBIA;03;2004;0_JP_JD_JL;Public enterprises;17985;RSD;RSD;SORS;Average net earnings;A;Normal value
2403040104IND01;RS;REPUBLIC OF SERBIA;03;2004;0_JS;Public sector;16326;RSD;RSD;SORS;Average net earnings;A;Normal value
2403040104IND01;RS;REPUBLIC OF SERBIA;03;2004;0_VJS;Non-public sector;10376;RSD;RSD;SORS;Average net earnings;A;Normal value
2403040104IND01;RS;REPUBLIC OF SERBIA;03;2004;1_JD;Public state enterprises;18016;RSD;RSD;SORS;Average net earnings;A;Normal value
2403040104IND01;RS;REPUBLIC OF SERBIA;03;2004;2_JL;Public local enterprises;17915;RSD;RSD;SORS;Average net earnings;A;Normal value
2403040104IND01;RS;REPUBLIC OF SERBIA;03;2004;3_4_5_BK;General government;15407;RSD;RSD;SORS;Average net earnings;A;Normal value
2403040104IND01;RS;REPUBLIC OF SERBIA;03;2004;3_ZS;Health and social work;14705;RSD;RSD;SORS;Average net earnings;A;Normal value
2403040104IND01;RS;REPUBLIC OF SERBIA;03;2004;4_OK;Education and culture;15087;RSD;RSD;SORS;Average net earnings;A;Normal value
2403040104IND01;RS;REPUBLIC OF SERBIA;03;2004;5_AD;Administration - all levels;17639;RSD;RSD;SORS;Average net earnings;A;Normal value
2403040104IND01;RS;REPUBLIC OF SERBIA;03;2004;5_AD2;Administration - government  level;;RSD;RSD;SORS;Average net earnings;O;Not available
2403040104IND01;RS;REPUBLIC OF SERBIA;03;2004;5_AD3;Administration - autonomous  province level;;RSD;RSD;SORS;Average net earnings;O;Not available
2403040104IND01;RS;REPUBLIC OF SERBIA;03;2004;5_AD4;Administration - local authorities’ level;;RSD;RSD;SORS;Average net earnings;O;Not available
2403040104IND01;RS;REPUBLIC OF SERBIA;03;2005;0;Total;15863;RSD;RSD;SORS;Average net earnings;A;Normal value
2403040104IND01;RS;REPUBLIC OF SERBIA;03;2005;0_JP_JD_JL;Public enterprises;21593;RSD;RSD;SORS;Average net earnings;A;Normal value
2403040104IND01;RS;REPUBLIC OF SERBIA;03;2005;0_JS;Public sector;19875;RSD;RSD;SORS;Average net earnings;A;Normal value
2403040104IND01;RS;REPUBLIC OF SERBIA;03;2005;0_VJS;Non-public sector;12500;RSD;RSD;SORS;Average net earnings;A;Normal value
2403040104IND01;RS;REPUBLIC OF SERBIA;03;2005;1_JD;Public state enterprises;21293;RSD;RSD;SORS;Average net earnings;A;Normal value
2403040104IND01;RS;REPUBLIC OF SERBIA;03;2005;2_JL;Public local enterprises;22199;RSD;RSD;SORS;Average net earnings;A;Normal value
2403040104IND01;RS;REPUBLIC OF SERBIA;03;2005;3_4_5_BK;General government;18952;RSD;RSD;SORS;Average net earnings;A;Normal value
2403040104IND01;RS;REPUBLIC OF SERBIA;03;2005;3_ZS;Health and social work;17753;RSD;RSD;SORS;Average net earnings;A;Normal value
2403040104IND01;RS;REPUBLIC OF SERBIA;03;2005;4_OK;Education and culture;18421;RSD;RSD;SORS;Average net earnings;A;Normal value
2403040104IND01;RS;REPUBLIC OF SERBIA;03;2005;5_AD;Administration - all levels;22611;RSD;RSD;SORS;Average net earnings;A;Normal value
2403040104IND01;RS;REPUBLIC OF SERBIA;03;2005;5_AD2;Administration - government  level;;RSD;RSD;SORS;Average net earnings;O;Not available
2403040104IND01;RS;REPUBLIC OF SERBIA;03;2005;5_AD3;Administration - autonomous  province level;;RSD;RSD;SORS;Average net earnings;O;Not available
2403040104IND01;RS;REPUBLIC OF SERBIA;03;2005;5_AD4;Administration - local authorities’ level;;RSD;RSD;SORS;Average net earnings;O;Not available
2403040104IND01;RS;REPUBLIC OF SERBIA;03;2006;0;Total;20094;RSD;RSD;SORS;Average net earnings;A;Normal value
2403040104IND01;RS;REPUBLIC OF SERBIA;03;2006;0_JP_JD_JL;Public enterprises;26373;RSD;RSD;SORS;Average net earnings;A;Normal value
2403040104IND01;RS;REPUBLIC OF SERBIA;03;2006;0_JS;Public sector;23799;RSD;RSD;SORS;Average net earnings;A;Normal value
2403040104IND01;RS;REPUBLIC OF SERBIA;03;2006;0_VJS;Non-public sector;16887;RSD;RSD;SORS;Average net earnings;A;Normal value
2403040104IND01;RS;REPUBLIC OF SERBIA;03;2006;1_JD;Public state enterprises;26935;RSD;RSD;SORS;Average net earnings;A;Normal value
2403040104IND01;RS;REPUBLIC OF SERBIA;03;2006;2_JL;Public local enterprises;25395;RSD;RSD;SORS;Average net earnings;A;Normal value
2403040104IND01;RS;REPUBLIC OF SERBIA;03;2006;3_4_5_BK;General government;22455;RSD;RSD;SORS;Average net earnings;A;Normal value
2403040104IND01;RS;REPUBLIC OF SERBIA;03;2006;3_ZS;Health and social work;20483;RSD;RSD;SORS;Average net earnings;A;Normal value
2403040104IND01;RS;REPUBLIC OF SERBIA;03;2006;4_OK;Education and culture;22097;RSD;RSD;SORS;Average net earnings;A;Normal value
2403040104IND01;RS;REPUBLIC OF SERBIA;03;2006;5_AD;Administration - all levels;27831;RSD;RSD;SORS;Average net earnings;A;Normal value
2403040104IND01;RS;REPUBLIC OF SERBIA;03;2006;5_AD2;Administration - government  level;;RSD;RSD;SORS;Average net earnings;O;Not available
2403040104IND01;RS;REPUBLIC OF SERBIA;03;2006;5_AD3;Administration - autonomous  province level;;RSD;RSD;SORS;Average net earnings;O;Not available
2403040104IND01;RS;REPUBLIC OF SERBIA;03;2006;5_AD4;Administration - local authorities’ level;;RSD;RSD;SORS;Average net earnings;O;Not available
2403040104IND01;RS;REPUBLIC OF SERBIA;03;2007;0;Total;25960;RSD;RSD;SORS;Average net earnings;A;Normal value
2403040104IND01;RS;REPUBLIC OF SERBIA;03;2007;0_JP_JD_JL;Public enterprises;34207;RSD;RSD;SORS;Average net earnings;A;Normal value
2403040104IND01;RS;REPUBLIC OF SERBIA;03;2007;0_JS;Public sector;30679;RSD;RSD;SORS;Average net earnings;A;Normal value
2403040104IND01;RS;REPUBLIC OF SERBIA;03;2007;0_VJS;Non-public sector;21514;RSD;RSD;SORS;Average net earnings;A;Normal value
2403040104IND01;RS;REPUBLIC OF SERBIA;03;2007;1_JD;Public state enterprises;36639;RSD;RSD;SORS;Average net earnings;A;Normal value
2403040104IND01;RS;REPUBLIC OF SERBIA;03;2007;2_JL;Public local enterprises;30072;RSD;RSD;SORS;Average net earnings;A;Normal value
2403040104IND01;RS;REPUBLIC OF SERBIA;03;2007;3_4_5_BK;General government;28915;RSD;RSD;SORS;Average net earnings;A;Normal value
2403040104IND01;RS;REPUBLIC OF SERBIA;03;2007;3_ZS;Health and social work;28266;RSD;RSD;SORS;Average net earnings;A;Normal value
2403040104IND01;RS;REPUBLIC OF SERBIA;03;2007;4_OK;Education and culture;27264;RSD;RSD;SORS;Average net earnings;A;Normal value
2403040104IND01;RS;REPUBLIC OF SERBIA;03;2007;5_AD;Administration - all levels;33868;RSD;RSD;SORS;Average net earnings;A;Normal value
2403040104IND01;RS;REPUBLIC OF SERBIA;03;2007;5_AD2;Administration - government  level;;RSD;RSD;SORS;Average net earnings;O;Not available
2403040104IND01;RS;REPUBLIC OF SERBIA;03;2007;5_AD3;Administration - autonomous  province level;;RSD;RSD;SORS;Average net earnings;O;Not available
2403040104IND01;RS;REPUBLIC OF SERBIA;03;2007;5_AD4;Administration - local authorities’ level;;RSD;RSD;SORS;Average net earnings;O;Not available
2403040104IND01;RS;REPUBLIC OF SERBIA;03;2008;0;Total;30809;RSD;RSD;SORS;Average net earnings;A;Normal value
2403040104IND01;RS;REPUBLIC OF SERBIA;03;2008;0_JP_JD_JL;Public enterprises;37622;RSD;RSD;SORS;Average net earnings;A;Normal value
2403040104IND01;RS;REPUBLIC OF SERBIA;03;2008;0_JS;Public sector;35437;RSD;RSD;SORS;Average net earnings;A;Normal value
2403040104IND01;RS;REPUBLIC OF SERBIA;03;2008;0_VJS;Non-public sector;25994;RSD;RSD;SORS;Average net earnings;A;Normal value
2403040104IND01;RS;REPUBLIC OF SERBIA;03;2008;1_JD;Public state enterprises;40193;RSD;RSD;SORS;Average net earnings;A;Normal value
2403040104IND01;RS;REPUBLIC OF SERBIA;03;2008;2_JL;Public local enterprises;33189;RSD;RSD;SORS;Average net earnings;A;Normal value
2403040104IND01;RS;REPUBLIC OF SERBIA;03;2008;3_4_5_BK;General government;34378;RSD;RSD;SORS;Average net earnings;A;Normal value
2403040104IND01;RS;REPUBLIC OF SERBIA;03;2008;3_ZS;Health and social work;34158;RSD;RSD;SORS;Average net earnings;A;Normal value
2403040104IND01;RS;REPUBLIC OF SERBIA;03;2008;4_OK;Education and culture;33331;RSD;RSD;SORS;Average net earnings;A;Normal value
2403040104IND01;RS;REPUBLIC OF SERBIA;03;2008;5_AD;Administration - all levels;37065;RSD;RSD;SORS;Average net earnings;A;Normal value
2403040104IND01;RS;REPUBLIC OF SERBIA;03;2008;5_AD2;Administration - government  level;;RSD;RSD;SORS;Average net earnings;O;Not available
2403040104IND01;RS;REPUBLIC OF SERBIA;03;2008;5_AD3;Administration - autonomous  province level;;RSD;RSD;SORS;Average net earnings;O;Not available
2403040104IND01;RS;REPUBLIC OF SERBIA;03;2008;5_AD4;Administration - local authorities’ level;;RSD;RSD;SORS;Average net earnings;O;Not available
2403040104IND01;RS;REPUBLIC OF SERBIA;03;2009;0;Total;30362;RSD;RSD;SORS;Average net earnings;A;Normal value
2403040104IND01;RS;REPUBLIC OF SERBIA;03;2009;0_JP_JD_JL;Public enterprises;40063;RSD;RSD;SORS;Average net earnings;A;Normal value
2403040104IND01;RS;REPUBLIC OF SERBIA;03;2009;0_JS;Public sector;38276;RSD;RSD;SORS;Average net earnings;A;Normal value
2403040104IND01;RS;REPUBLIC OF SERBIA;03;2009;0_VJS;Non-public sector;24435;RSD;RSD;SORS;Average net earnings;A;Normal value
2403040104IND01;RS;REPUBLIC OF SERBIA;03;2009;1_JD;Public state enterprises;42344;RSD;RSD;SORS;Average net earnings;A;Normal value
2403040104IND01;RS;REPUBLIC OF SERBIA;03;2009;2_JL;Public local enterprises;36514;RSD;RSD;SORS;Average net earnings;A;Normal value
2403040104IND01;RS;REPUBLIC OF SERBIA;03;2009;3_4_5_BK;General government;37485;RSD;RSD;SORS;Average net earnings;A;Normal value
2403040104IND01;RS;REPUBLIC OF SERBIA;03;2009;3_ZS;Health and social work;36497;RSD;RSD;SORS;Average net earnings;A;Normal value
2403040104IND01;RS;REPUBLIC OF SERBIA;03;2009;4_OK;Education and culture;36630;RSD;RSD;SORS;Average net earnings;A;Normal value
2403040104IND01;RS;REPUBLIC OF SERBIA;03;2009;5_AD;Administration - all levels;41341;RSD;RSD;SORS;Average net earnings;A;Normal value
2403040104IND01;RS;REPUBLIC OF SERBIA;03;2009;5_AD2;Administration - government  level;;RSD;RSD;SORS;Average net earnings;O;Not available
2403040104IND01;RS;REPUBLIC OF SERBIA;03;2009;5_AD3;Administration - autonomous  province level;;RSD;RSD;SORS;Average net earnings;O;Not available
2403040104IND01;RS;REPUBLIC OF SERBIA;03;2009;5_AD4;Administration - local authorities’ level;;RSD;RSD;SORS;Average net earnings;O;Not available
2403040104IND01;RS;REPUBLIC OF SERBIA;03;2010;0;Total;33508;RSD;RSD;SORS;Average net earnings;A;Normal value
2403040104IND01;RS;REPUBLIC OF SERBIA;03;2010;0_JP_JD_JL;Public enterprises;44255;RSD;RSD;SORS;Average net earnings;A;Normal value
2403040104IND01;RS;REPUBLIC OF SERBIA;03;2010;0_JS;Public sector;40198;RSD;RSD;SORS;Average net earnings;A;Normal value
2403040104IND01;RS;REPUBLIC OF SERBIA;03;2010;0_VJS;Non-public sector;27784;RSD;RSD;SORS;Average net earnings;A;Normal value
2403040104IND01;RS;REPUBLIC OF SERBIA;03;2010;1_JD;Public state enterprises;47047;RSD;RSD;SORS;Average net earnings;A;Normal value
2403040104IND01;RS;REPUBLIC OF SERBIA;03;2010;2_JL;Public local enterprises;39934;RSD;RSD;SORS;Average net earnings;A;Normal value
2403040104IND01;RS;REPUBLIC OF SERBIA;03;2010;3_4_5_BK;General government;38434;RSD;RSD;SORS;Average net earnings;A;Normal value
2403040104IND01;RS;REPUBLIC OF SERBIA;03;2010;3_ZS;Health and social work;37840;RSD;RSD;SORS;Average net earnings;A;Normal value
2403040104IND01;RS;REPUBLIC OF SERBIA;03;2010;4_OK;Education and culture;36845;RSD;RSD;SORS;Average net earnings;A;Normal value
2403040104IND01;RS;REPUBLIC OF SERBIA;03;2010;5_AD;Administration - all levels;42946;RSD;RSD;SORS;Average net earnings;A;Normal value
2403040104IND01;RS;REPUBLIC OF SERBIA;03;2010;5_AD2;Administration - government  level;;RSD;RSD;SORS;Average net earnings;O;Not available
2403040104IND01;RS;REPUBLIC OF SERBIA;03;2010;5_AD3;Administration - autonomous  province level;;RSD;RSD;SORS;Average net earnings;O;Not available
2403040104IND01;RS;REPUBLIC OF SERBIA;03;2010;5_AD4;Administration - local authorities’ level;;RSD;RSD;SORS;Average net earnings;O;Not available
2403040104IND01;RS;REPUBLIC OF SERBIA;03;2011;0;Total;35777;RSD;RSD;SORS;Average net earnings;A;Normal value
2403040104IND01;RS;REPUBLIC OF SERBIA;03;2011;0_JP_JD_JL;Public enterprises;46398;RSD;RSD;SORS;Average net earnings;A;Normal value
2403040104IND01;RS;REPUBLIC OF SERBIA;03;2011;0_JS;Public sector;40877;RSD;RSD;SORS;Average net earnings;A;Normal value
2403040104IND01;RS;REPUBLIC OF SERBIA;03;2011;0_VJS;Non-public sector;31334;RSD;RSD;SORS;Average net earnings;A;Normal value
2403040104IND01;RS;REPUBLIC OF SERBIA;03;2011;1_JD;Public state enterprises;50861;RSD;RSD;SORS;Average net earnings;A;Normal value
2403040104IND01;RS;REPUBLIC OF SERBIA;03;2011;2_JL;Public local enterprises;39751;RSD;RSD;SORS;Average net earnings;A;Normal value
2403040104IND01;RS;REPUBLIC OF SERBIA;03;2011;3_4_5_BK;General government;38509;RSD;RSD;SORS;Average net earnings;A;Normal value
2403040104IND01;RS;REPUBLIC OF SERBIA;03;2011;3_ZS;Health and social work;37905;RSD;RSD;SORS;Average net earnings;A;Normal value
2403040104IND01;RS;REPUBLIC OF SERBIA;03;2011;4_OK;Education and culture;35920;RSD;RSD;SORS;Average net earnings;A;Normal value
2403040104IND01;RS;REPUBLIC OF SERBIA;03;2011;5_AD;Administration - all levels;45136;RSD;RSD;SORS;Average net earnings;A;Normal value
2403040104IND01;RS;REPUBLIC OF SERBIA;03;2011;5_AD2;Administration - government  level;;RSD;RSD;SORS;Average net earnings;O;Not available
2403040104IND01;RS;REPUBLIC OF SERBIA;03;2011;5_AD3;Administration - autonomous  province level;;RSD;RSD;SORS;Average net earnings;O;Not available
2403040104IND01;RS;REPUBLIC OF SERBIA;03;2011;5_AD4;Administration - local authorities’ level;;RSD;RSD;SORS;Average net earnings;O;Not available
2403040104IND01;RS;REPUBLIC OF SERBIA;03;2012;0;Total;40562;RSD;RSD;SORS;Average net earnings;A;Normal value
2403040104IND01;RS;REPUBLIC OF SERBIA;03;2012;0_JP_JD_JL;Public enterprises;54365;RSD;RSD;SORS;Average net earnings;A;Normal value
2403040104IND01;RS;REPUBLIC OF SERBIA;03;2012;0_JS;Public sector;46219;RSD;RSD;SORS;Average net earnings;A;Normal value
2403040104IND01;RS;REPUBLIC OF SERBIA;03;2012;0_VJS;Non-public sector;35416;RSD;RSD;SORS;Average net earnings;A;Normal value
2403040104IND01;RS;REPUBLIC OF SERBIA;03;2012;1_JD;Public state enterprises;61823;RSD;RSD;SORS;Average net earnings;A;Normal value
2403040104IND01;RS;REPUBLIC OF SERBIA;03;2012;2_JL;Public local enterprises;43232;RSD;RSD;SORS;Average net earnings;A;Normal value
2403040104IND01;RS;REPUBLIC OF SERBIA;03;2012;3_4_5_BK;General government;42711;RSD;RSD;SORS;Average net earnings;A;Normal value
2403040104IND01;RS;REPUBLIC OF SERBIA;03;2012;3_ZS;Health and social work;40919;RSD;RSD;SORS;Average net earnings;A;Normal value
2403040104IND01;RS;REPUBLIC OF SERBIA;03;2012;4_OK;Education and culture;40540;RSD;RSD;SORS;Average net earnings;A;Normal value
2403040104IND01;RS;REPUBLIC OF SERBIA;03;2012;5_AD;Administration - all levels;50985;RSD;RSD;SORS;Average net earnings;A;Normal value
2403040104IND01;RS;REPUBLIC OF SERBIA;03;2012;5_AD2;Administration - government  level;;RSD;RSD;SORS;Average net earnings;O;Not available
2403040104IND01;RS;REPUBLIC OF SERBIA;03;2012;5_AD3;Administration - autonomous  province level;;RSD;RSD;SORS;Average net earnings;O;Not available
2403040104IND01;RS;REPUBLIC OF SERBIA;03;2012;5_AD4;Administration - local authorities’ level;;RSD;RSD;SORS;Average net earnings;O;Not available
2403040104IND01;RS;REPUBLIC OF SERBIA;03;2013;0;Total;41689;RSD;RSD;SORS;Average net earnings;A;Normal value
2403040104IND01;RS;REPUBLIC OF SERBIA;03;2013;0_JP_JD_JL;Public enterprises;52077;RSD;RSD;SORS;Average net earnings;A;Normal value
2403040104IND01;RS;REPUBLIC OF SERBIA;03;2013;0_JS;Public sector;47125;RSD;RSD;SORS;Average net earnings;A;Normal value
2403040104IND01;RS;REPUBLIC OF SERBIA;03;2013;0_VJS;Non-public sector;36607;RSD;RSD;SORS;Average net earnings;A;Normal value
2403040104IND01;RS;REPUBLIC OF SERBIA;03;2013;1_JD;Public state enterprises;57489;RSD;RSD;SORS;Average net earnings;A;Normal value
2403040104IND01;RS;REPUBLIC OF SERBIA;03;2013;2_JL;Public local enterprises;44280;RSD;RSD;SORS;Average net earnings;A;Normal value
2403040104IND01;RS;REPUBLIC OF SERBIA;03;2013;3_4_5_BK;General government;44981;RSD;RSD;SORS;Average net earnings;A;Normal value
2403040104IND01;RS;REPUBLIC OF SERBIA;03;2013;3_ZS;Health and social work;43176;RSD;RSD;SORS;Average net earnings;A;Normal value
2403040104IND01;RS;REPUBLIC OF SERBIA;03;2013;4_OK;Education and culture;42433;RSD;RSD;SORS;Average net earnings;A;Normal value
2403040104IND01;RS;REPUBLIC OF SERBIA;03;2013;5_AD;Administration - all levels;53703;RSD;RSD;SORS;Average net earnings;A;Normal value
2403040104IND01;RS;REPUBLIC OF SERBIA;03;2013;5_AD2;Administration - government  level;;RSD;RSD;SORS;Average net earnings;O;Not available
2403040104IND01;RS;REPUBLIC OF SERBIA;03;2013;5_AD3;Administration - autonomous  province level;;RSD;RSD;SORS;Average net earnings;O;Not available
2403040104IND01;RS;REPUBLIC OF SERBIA;03;2013;5_AD4;Administration - local authorities’ level;;RSD;RSD;SORS;Average net earnings;O;Not available
2403040104IND01;RS;REPUBLIC OF SERBIA;03;2014;0;Total;43452;RSD;RSD;SORS;Average net earnings;A;Normal value
2403040104IND01;RS;REPUBLIC OF SERBIA;03;2014;0_JP_JD_JL;Public enterprises;56004;RSD;RSD;SORS;Average net earnings;A;Normal value
2403040104IND01;RS;REPUBLIC OF SERBIA;03;2014;0_JS;Public sector;49307;RSD;RSD;SORS;Average net earnings;A;Normal value
2403040104IND01;RS;REPUBLIC OF SERBIA;03;2014;0_VJS;Non-public sector;38006;RSD;RSD;SORS;Average net earnings;A;Normal value
2403040104IND01;RS;REPUBLIC OF SERBIA;03;2014;1_JD;Public state enterprises;63746;RSD;RSD;SORS;Average net earnings;A;Normal value
2403040104IND01;RS;REPUBLIC OF SERBIA;03;2014;2_JL;Public local enterprises;44775;RSD;RSD;SORS;Average net earnings;A;Normal value
2403040104IND01;RS;REPUBLIC OF SERBIA;03;2014;3_4_5_BK;General government;46417;RSD;RSD;SORS;Average net earnings;A;Normal value
2403040104IND01;RS;REPUBLIC OF SERBIA;03;2014;3_ZS;Health and social work;44380;RSD;RSD;SORS;Average net earnings;A;Normal value
2403040104IND01;RS;REPUBLIC OF SERBIA;03;2014;4_OK;Education and culture;43769;RSD;RSD;SORS;Average net earnings;A;Normal value
2403040104IND01;RS;REPUBLIC OF SERBIA;03;2014;5_AD;Administration - all levels;56041;RSD;RSD;SORS;Average net earnings;A;Normal value
2403040104IND01;RS;REPUBLIC OF SERBIA;03;2014;5_AD2;Administration - government  level;;RSD;RSD;SORS;Average net earnings;O;Not available
2403040104IND01;RS;REPUBLIC OF SERBIA;03;2014;5_AD3;Administration - autonomous  province level;;RSD;RSD;SORS;Average net earnings;O;Not available
2403040104IND01;RS;REPUBLIC OF SERBIA;03;2014;5_AD4;Administration - local authorities’ level;;RSD;RSD;SORS;Average net earnings;O;Not available
2403040104IND01;RS;REPUBLIC OF SERBIA;03;2015;0;Total;43121;RSD;RSD;SORS;Average net earnings;A;Normal value
2403040104IND01;RS;REPUBLIC OF SERBIA;03;2015;0_JP_JD_JL;Public enterprises;52815;RSD;RSD;SORS;Average net earnings;A;Normal value
2403040104IND01;RS;REPUBLIC OF SERBIA;03;2015;0_JS;Public sector;45535;RSD;RSD;SORS;Average net earnings;A;Normal value
2403040104IND01;RS;REPUBLIC OF SERBIA;03;2015;0_VJS;Non-public sector;40961;RSD;RSD;SORS;Average net earnings;A;Normal value
2403040104IND01;RS;REPUBLIC OF SERBIA;03;2015;1_JD;Public state enterprises;59948;RSD;RSD;SORS;Average net earnings;A;Normal value
2403040104IND01;RS;REPUBLIC OF SERBIA;03;2015;2_JL;Public local enterprises;42781;RSD;RSD;SORS;Average net earnings;A;Normal value
2403040104IND01;RS;REPUBLIC OF SERBIA;03;2015;3_4_5_BK;General government;42324;RSD;RSD;SORS;Average net earnings;A;Normal value
2403040104IND01;RS;REPUBLIC OF SERBIA;03;2015;3_ZS;Health and social work;41077;RSD;RSD;SORS;Average net earnings;A;Normal value
2403040104IND01;RS;REPUBLIC OF SERBIA;03;2015;4_OK;Education and culture;40442;RSD;RSD;SORS;Average net earnings;A;Normal value
2403040104IND01;RS;REPUBLIC OF SERBIA;03;2015;5_AD;Administration - all levels;48719;RSD;RSD;SORS;Average net earnings;A;Normal value
2403040104IND01;RS;REPUBLIC OF SERBIA;03;2015;5_AD2;Administration - government  level;;RSD;RSD;SORS;Average net earnings;O;Not available
2403040104IND01;RS;REPUBLIC OF SERBIA;03;2015;5_AD3;Administration - autonomous  province level;;RSD;RSD;SORS;Average net earnings;O;Not available
2403040104IND01;RS;REPUBLIC OF SERBIA;03;2015;5_AD4;Administration - local authorities’ level;;RSD;RSD;SORS;Average net earnings;O;Not available
2403040104IND01;RS;REPUBLIC OF SERBIA;03;2016;0;Total;45870;RSD;RSD;SORS;Average net earnings;A;Normal value
2403040104IND01;RS;REPUBLIC OF SERBIA;03;2016;0_JP_JD_JL;Public enterprises;57710;RSD;RSD;SORS;Average net earnings;A;Normal value
2403040104IND01;RS;REPUBLIC OF SERBIA;03;2016;0_JS;Public sector;47648;RSD;RSD;SORS;Average net earnings;A;Normal value
2403040104IND01;RS;REPUBLIC OF SERBIA;03;2016;0_VJS;Non-public sector;44251;RSD;RSD;SORS;Average net earnings;A;Normal value
2403040104IND01;RS;REPUBLIC OF SERBIA;03;2016;1_JD;Public state enterprises;67077;RSD;RSD;SORS;Average net earnings;A;Normal value
2403040104IND01;RS;REPUBLIC OF SERBIA;03;2016;2_JL;Public local enterprises;44623;RSD;RSD;SORS;Average net earnings;A;Normal value
2403040104IND01;RS;REPUBLIC OF SERBIA;03;2016;3_4_5_BK;General government;43223;RSD;RSD;SORS;Average net earnings;A;Normal value
2403040104IND01;RS;REPUBLIC OF SERBIA;03;2016;3_ZS;Health and social work;41838;RSD;RSD;SORS;Average net earnings;A;Normal value
2403040104IND01;RS;REPUBLIC OF SERBIA;03;2016;4_OK;Education and culture;41492;RSD;RSD;SORS;Average net earnings;A;Normal value
2403040104IND01;RS;REPUBLIC OF SERBIA;03;2016;5_AD;Administration - all levels;49692;RSD;RSD;SORS;Average net earnings;A;Normal value
2403040104IND01;RS;REPUBLIC OF SERBIA;03;2016;5_AD2;Administration - government  level;;RSD;RSD;SORS;Average net earnings;O;Not available
2403040104IND01;RS;REPUBLIC OF SERBIA;03;2016;5_AD3;Administration - autonomous  province level;;RSD;RSD;SORS;Average net earnings;O;Not available
2403040104IND01;RS;REPUBLIC OF SERBIA;03;2016;5_AD4;Administration - local authorities’ level;;RSD;RSD;SORS;Average net earnings;O;Not available
2403040104IND01;RS;REPUBLIC OF SERBIA;03;2017;0;Total;47814;RSD;RSD;SORS;Average net earnings;A;Normal value
2403040104IND01;RS;REPUBLIC OF SERBIA;03;2017;0_JP_JD_JL;Public enterprises;59185;RSD;RSD;SORS;Average net earnings;A;Normal value
2403040104IND01;RS;REPUBLIC OF SERBIA;03;2017;0_JS;Public sector;49176;RSD;RSD;SORS;Average net earnings;A;Normal value
2403040104IND01;RS;REPUBLIC OF SERBIA;03;2017;0_VJS;Non-public sector;46603;RSD;RSD;SORS;Average net earnings;A;Normal value
2403040104IND01;RS;REPUBLIC OF SERBIA;03;2017;1_JD;Public state enterprises;67626;RSD;RSD;SORS;Average net earnings;A;Normal value
2403040104IND01;RS;REPUBLIC OF SERBIA;03;2017;2_JL;Public local enterprises;47779;RSD;RSD;SORS;Average net earnings;A;Normal value
2403040104IND01;RS;REPUBLIC OF SERBIA;03;2017;3_4_5_BK;General government;44937;RSD;RSD;SORS;Average net earnings;A;Normal value
2403040104IND01;RS;REPUBLIC OF SERBIA;03;2017;3_ZS;Health and social work;43661;RSD;RSD;SORS;Average net earnings;A;Normal value
2403040104IND01;RS;REPUBLIC OF SERBIA;03;2017;4_OK;Education and culture;43114;RSD;RSD;SORS;Average net earnings;A;Normal value
2403040104IND01;RS;REPUBLIC OF SERBIA;03;2017;5_AD;Administration - all levels;51261;RSD;RSD;SORS;Average net earnings;A;Normal value
2403040104IND01;RS;REPUBLIC OF SERBIA;03;2017;5_AD2;Administration - government  level;;RSD;RSD;SORS;Average net earnings;O;Not available
2403040104IND01;RS;REPUBLIC OF SERBIA;03;2017;5_AD3;Administration - autonomous  province level;;RSD;RSD;SORS;Average net earnings;O;Not available
2403040104IND01;RS;REPUBLIC OF SERBIA;03;2017;5_AD4;Administration - local authorities’ level;;RSD;RSD;SORS;Average net earnings;O;Not available
2403040104IND01;RS;REPUBLIC OF SERBIA;03;2018;0;Total;49400;RSD;RSD;SORS;Average net earnings;A;Normal value
2403040104IND01;RS;REPUBLIC OF SERBIA;03;2018;0_JP_JD_JL;Public enterprises;60440;RSD;RSD;SORS;Average net earnings;A;Normal value
2403040104IND01;RS;REPUBLIC OF SERBIA;03;2018;0_JS;Public sector;55272;RSD;RSD;SORS;Average net earnings;A;Normal value
2403040104IND01;RS;REPUBLIC OF SERBIA;03;2018;0_VJS;Non-public sector;46406;RSD;RSD;SORS;Average net earnings;A;Normal value
2403040104IND01;RS;REPUBLIC OF SERBIA;03;2018;1_JD;Public state enterprises;69084;RSD;RSD;SORS;Average net earnings;A;Normal value
2403040104IND01;RS;REPUBLIC OF SERBIA;03;2018;2_JL;Public local enterprises;47511;RSD;RSD;SORS;Average net earnings;A;Normal value
2403040104IND01;RS;REPUBLIC OF SERBIA;03;2018;3_4_5_BK;General government;53564;RSD;RSD;SORS;Average net earnings;A;Normal value
2403040104IND01;RS;REPUBLIC OF SERBIA;03;2018;3_ZS;Health and social work;49817;RSD;RSD;SORS;Average net earnings;A;Normal value
2403040104IND01;RS;REPUBLIC OF SERBIA;03;2018;4_OK;Education and culture;52314;RSD;RSD;SORS;Average net earnings;A;Normal value
2403040104IND01;RS;REPUBLIC OF SERBIA;03;2018;5_AD;Administration - all levels;58079;RSD;RSD;SORS;Average net earnings;A;Normal value
2403040104IND01;RS;REPUBLIC OF SERBIA;03;2018;5_AD2;Administration - government  level;60196;RSD;RSD;SORS;Average net earnings;A;Normal value
2403040104IND01;RS;REPUBLIC OF SERBIA;03;2018;5_AD3;Administration - autonomous  province level;61821;RSD;RSD;SORS;Average net earnings;A;Normal value
2403040104IND01;RS;REPUBLIC OF SERBIA;03;2018;5_AD4;Administration - local authorities’ level;47469;RSD;RSD;SORS;Average net earnings;A;Normal value
2403040104IND01;RS;REPUBLIC OF SERBIA;03;2019;0;Total;54271;RSD;RSD;SORS;Average net earnings;A;Normal value
2403040104IND01;RS;REPUBLIC OF SERBIA;03;2019;0_JP_JD_JL;Public enterprises;64943;RSD;RSD;SORS;Average net earnings;A;Normal value
2403040104IND01;RS;REPUBLIC OF SERBIA;03;2019;0_JS;Public sector;60243;RSD;RSD;SORS;Average net earnings;A;Normal value
2403040104IND01;RS;REPUBLIC OF SERBIA;03;2019;0_VJS;Non-public sector;51455;RSD;RSD;SORS;Average net earnings;A;Normal value
2403040104IND01;RS;REPUBLIC OF SERBIA;03;2019;1_JD;Public state enterprises;74718;RSD;RSD;SORS;Average net earnings;A;Normal value
2403040104IND01;RS;REPUBLIC OF SERBIA;03;2019;2_JL;Public local enterprises;51302;RSD;RSD;SORS;Average net earnings;A;Normal value
2403040104IND01;RS;REPUBLIC OF SERBIA;03;2019;3_4_5_BK;General government;58733;RSD;RSD;SORS;Average net earnings;A;Normal value
2403040104IND01;RS;REPUBLIC OF SERBIA;03;2019;3_ZS;Health and social work;54618;RSD;RSD;SORS;Average net earnings;A;Normal value
2403040104IND01;RS;REPUBLIC OF SERBIA;03;2019;4_OK;Education and culture;56908;RSD;RSD;SORS;Average net earnings;A;Normal value
2403040104IND01;RS;REPUBLIC OF SERBIA;03;2019;5_AD;Administration - all levels;64185;RSD;RSD;SORS;Average net earnings;A;Normal value
2403040104IND01;RS;REPUBLIC OF SERBIA;03;2019;5_AD2;Administration - government  level;66760;RSD;RSD;SORS;Average net earnings;A;Normal value
2403040104IND01;RS;REPUBLIC OF SERBIA;03;2019;5_AD3;Administration - autonomous  province level;66326;RSD;RSD;SORS;Average net earnings;A;Normal value
2403040104IND01;RS;REPUBLIC OF SERBIA;03;2019;5_AD4;Administration - local authorities’ level;51383;RSD;RSD;SORS;Average net earnings;A;Normal value
2403040104IND01;RS;REPUBLIC OF SERBIA;03;2020;0;Total;59681;RSD;RSD;SORS;Average net earnings;A;Normal value
2403040104IND01;RS;REPUBLIC OF SERBIA;03;2020;0_JP_JD_JL;Public enterprises;73943;RSD;RSD;SORS;Average net earnings;A;Normal value
2403040104IND01;RS;REPUBLIC OF SERBIA;03;2020;0_JS;Public sector;66708;RSD;RSD;SORS;Average net earnings;A;Normal value
2403040104IND01;RS;REPUBLIC OF SERBIA;03;2020;0_VJS;Non-public sector;56559;RSD;RSD;SORS;Average net earnings;A;Normal value
2403040104IND01;RS;REPUBLIC OF SERBIA;03;2020;1_JD;Public state enterprises;84811;RSD;RSD;SORS;Average net earnings;A;Normal value
2403040104IND01;RS;REPUBLIC OF SERBIA;03;2020;2_JL;Public local enterprises;58825;RSD;RSD;SORS;Average net earnings;A;Normal value
2403040104IND01;RS;REPUBLIC OF SERBIA;03;2020;3_4_5_BK;General government;64386;RSD;RSD;SORS;Average net earnings;A;Normal value
2403040104IND01;RS;REPUBLIC OF SERBIA;03;2020;3_ZS;Health and social work;61068;RSD;RSD;SORS;Average net earnings;A;Normal value
2403040104IND01;RS;REPUBLIC OF SERBIA;03;2020;4_OK;Education and culture;61997;RSD;RSD;SORS;Average net earnings;A;Normal value
2403040104IND01;RS;REPUBLIC OF SERBIA;03;2020;5_AD;Administration - all levels;69599;RSD;RSD;SORS;Average net earnings;A;Normal value
2403040104IND01;RS;REPUBLIC OF SERBIA;03;2020;5_AD2;Administration - government  level;72231;RSD;RSD;SORS;Average net earnings;A;Normal value
2403040104IND01;RS;REPUBLIC OF SERBIA;03;2020;5_AD3;Administration - autonomous  province level;79372;RSD;RSD;SORS;Average net earnings;A;Normal value
2403040104IND01;RS;REPUBLIC OF SERBIA;03;2020;5_AD4;Administration - local authorities’ level;56112;RSD;RSD;SORS;Average net earnings;A;Normal value
2403040104IND01;RS;REPUBLIC OF SERBIA;03;2021;0;Total;65289;RSD;RSD;SORS;Average net earnings;A;Normal value
2403040104IND01;RS;REPUBLIC OF SERBIA;03;2021;0_JP_JD_JL;Public enterprises;74198;RSD;RSD;SORS;Average net earnings;A;Normal value
2403040104IND01;RS;REPUBLIC OF SERBIA;03;2021;0_JS;Public sector;72407;RSD;RSD;SORS;Average net earnings;A;Normal value
2403040104IND01;RS;REPUBLIC OF SERBIA;03;2021;0_VJS;Non-public sector;62240;RSD;RSD;SORS;Average net earnings;A;Normal value
2403040104IND01;RS;REPUBLIC OF SERBIA;03;2021;1_JD;Public state enterprises;81897;RSD;RSD;SORS;Average net earnings;A;Normal value
2403040104IND01;RS;REPUBLIC OF SERBIA;03;2021;2_JL;Public local enterprises;63501;RSD;RSD;SORS;Average net earnings;A;Normal value
2403040104IND01;RS;REPUBLIC OF SERBIA;03;2021;3_4_5_BK;General government;71842;RSD;RSD;SORS;Average net earnings;A;Normal value
2403040104IND01;RS;REPUBLIC OF SERBIA;03;2021;3_ZS;Health and social work;73801;RSD;RSD;SORS;Average net earnings;A;Normal value
2403040104IND01;RS;REPUBLIC OF SERBIA;03;2021;4_OK;Education and culture;66571;RSD;RSD;SORS;Average net earnings;A;Normal value
2403040104IND01;RS;REPUBLIC OF SERBIA;03;2021;5_AD;Administration - all levels;74959;RSD;RSD;SORS;Average net earnings;A;Normal value
2403040104IND01;RS;REPUBLIC OF SERBIA;03;2021;5_AD2;Administration - government  level;77854;RSD;RSD;SORS;Average net earnings;A;Normal value
2403040104IND01;RS;REPUBLIC OF SERBIA;03;2021;5_AD3;Administration - autonomous  province level;79116;RSD;RSD;SORS;Average net earnings;A;Normal value
2403040104IND01;RS;REPUBLIC OF SERBIA;03;2021;5_AD4;Administration - local authorities’ level;60492;RSD;RSD;SORS;Average net earnings;A;Normal value
2403040104IND01;RS;REPUBLIC OF SERBIA;03;2022;0;Total;74664;RSD;RSD;SORS;Average net earnings;A;Normal value
2403040104IND01;RS;REPUBLIC OF SERBIA;03;2022;0_JP_JD_JL;Public enterprises;84811;RSD;RSD;SORS;Average net earnings;A;Normal value
2403040104IND01;RS;REPUBLIC OF SERBIA;03;2022;0_JS;Public sector;79229;RSD;RSD;SORS;Average net earnings;A;Normal value
2403040104IND01;RS;REPUBLIC OF SERBIA;03;2022;0_VJS;Non-public sector;72751;RSD;RSD;SORS;Average net earnings;A;Normal value
2403040104IND01;RS;REPUBLIC OF SERBIA;03;2022;1_JD;Public state enterprises;96092;RSD;RSD;SORS;Average net earnings;A;Normal value
2403040104IND01;RS;REPUBLIC OF SERBIA;03;2022;2_JL;Public local enterprises;69139;RSD;RSD;SORS;Average net earnings;A;Normal value
2403040104IND01;RS;REPUBLIC OF SERBIA;03;2022;3_4_5_BK;General government;77462;RSD;RSD;SORS;Average net earnings;A;Normal value
2403040104IND01;RS;REPUBLIC OF SERBIA;03;2022;3_ZS;Health and social work;79068;RSD;RSD;SORS;Average net earnings;A;Normal value
2403040104IND01;RS;REPUBLIC OF SERBIA;03;2022;4_OK;Education and culture;71444;RSD;RSD;SORS;Average net earnings;A;Normal value
2403040104IND01;RS;REPUBLIC OF SERBIA;03;2022;5_AD;Administration - all levels;81568;RSD;RSD;SORS;Average net earnings;A;Normal value
2403040104IND01;RS;REPUBLIC OF SERBIA;03;2022;5_AD2;Administration - government  level;84703;RSD;RSD;SORS;Average net earnings;A;Normal value
2403040104IND01;RS;REPUBLIC OF SERBIA;03;2022;5_AD3;Administration - autonomous  province level;85547;RSD;RSD;SORS;Average net earnings;A;Normal value
2403040104IND01;RS;REPUBLIC OF SERBIA;03;2022;5_AD4;Administration - local authorities’ level;66022;RSD;RSD;SORS;Average net earnings;A;Normal value
2403040104IND01;RS;REPUBLIC OF SERBIA;03;2023;0;Total;85485;RSD;RSD;SORS;Average net earnings;A;Normal value
2403040104IND01;RS;REPUBLIC OF SERBIA;03;2023;0_JP_JD_JL;Public enterprises;88957;RSD;RSD;SORS;Average net earnings;A;Normal value
2403040104IND01;RS;REPUBLIC OF SERBIA;03;2023;0_JS;Public sector;87096;RSD;RSD;SORS;Average net earnings;A;Normal value
2403040104IND01;RS;REPUBLIC OF SERBIA;03;2023;0_VJS;Non-public sector;84833;RSD;RSD;SORS;Average net earnings;A;Normal value
2403040104IND01;RS;REPUBLIC OF SERBIA;03;2023;1_JD;Public state enterprises;96228;RSD;RSD;SORS;Average net earnings;A;Normal value
2403040104IND01;RS;REPUBLIC OF SERBIA;03;2023;2_JL;Public local enterprises;79004;RSD;RSD;SORS;Average net earnings;A;Normal value
2403040104IND01;RS;REPUBLIC OF SERBIA;03;2023;3_4_5_BK;General government;86517;RSD;RSD;SORS;Average net earnings;A;Normal value
2403040104IND01;RS;REPUBLIC OF SERBIA;03;2023;3_ZS;Health and social work;85670;RSD;RSD;SORS;Average net earnings;A;Normal value
2403040104IND01;RS;REPUBLIC OF SERBIA;03;2023;4_OK;Education and culture;80284;RSD;RSD;SORS;Average net earnings;A;Normal value
2403040104IND01;RS;REPUBLIC OF SERBIA;03;2023;5_AD;Administration - all levels;93165;RSD;RSD;SORS;Average net earnings;A;Normal value
2403040104IND01;RS;REPUBLIC OF SERBIA;03;2023;5_AD2;Administration - government  level;96942;RSD;RSD;SORS;Average net earnings;A;Normal value
2403040104IND01;RS;REPUBLIC OF SERBIA;03;2023;5_AD3;Administration - autonomous  province level;96977;RSD;RSD;SORS;Average net earnings;A;Normal value
2403040104IND01;RS;REPUBLIC OF SERBIA;03;2023;5_AD4;Administration - local authorities’ level;74370;RSD;RSD;SORS;Average net earnings;A;Normal value
2403040104IND01;RS;REPUBLIC OF SERBIA;03;2024;0;Total;96913;RSD;RSD;SORS;Average net earnings;A;Normal value
2403040104IND01;RS;REPUBLIC OF SERBIA;03;2024;0_JP_JD_JL;Public enterprises;98199;RSD;RSD;SORS;Average net earnings;A;Normal value
2403040104IND01;RS;REPUBLIC OF SERBIA;03;2024;0_JS;Public sector;98825;RSD;RSD;SORS;Average net earnings;A;Normal value
2403040104IND01;RS;REPUBLIC OF SERBIA;03;2024;0_VJS;Non-public sector;96141;RSD;RSD;SORS;Average net earnings;A;Normal value
2403040104IND01;RS;REPUBLIC OF SERBIA;03;2024;1_JD;Public state enterprises;106298;RSD;RSD;SORS;Average net earnings;A;Normal value
2403040104IND01;RS;REPUBLIC OF SERBIA;03;2024;2_JL;Public local enterprises;87165;RSD;RSD;SORS;Average net earnings;A;Normal value
2403040104IND01;RS;REPUBLIC OF SERBIA;03;2024;3_4_5_BK;General government;99019;RSD;RSD;SORS;Average net earnings;A;Normal value
2403040104IND01;RS;REPUBLIC OF SERBIA;03;2024;3_ZS;Health and social work;97007;RSD;RSD;SORS;Average net earnings;A;Normal value
2403040104IND01;RS;REPUBLIC OF SERBIA;03;2024;4_OK;Education and culture;93576;RSD;RSD;SORS;Average net earnings;A;Normal value
2403040104IND01;RS;REPUBLIC OF SERBIA;03;2024;5_AD;Administration - all levels;105984;RSD;RSD;SORS;Average net earnings;A;Normal value
2403040104IND01;RS;REPUBLIC OF SERBIA;03;2024;5_AD2;Administration - government  level;110678;RSD;RSD;SORS;Average net earnings;A;Normal value
2403040104IND01;RS;REPUBLIC OF SERBIA;03;2024;5_AD3;Administration - autonomous  province level;106457;RSD;RSD;SORS;Average net earnings;A;Normal value
2403040104IND01;RS;REPUBLIC OF SERBIA;03;2024;5_AD4;Administration - local authorities’ level;82611;RSD;RSD;SORS;Average net earnings;A;Normal value
2403040104IND01;RS;REPUBLIC OF SERBIA;03;2025;0;Total;108013;RSD;RSD;SORS;Average net earnings;A;Normal value
2403040104IND01;RS;REPUBLIC OF SERBIA;03;2025;0_JP_JD_JL;Public enterprises;110470;RSD;RSD;SORS;Average net earnings;A;Normal value
2403040104IND01;RS;REPUBLIC OF SERBIA;03;2025;0_JS;Public sector;109425;RSD;RSD;SORS;Average net earnings;A;Normal value
2403040104IND01;RS;REPUBLIC OF SERBIA;03;2025;0_VJS;Non-public sector;107456;RSD;RSD;SORS;Average net earnings;A;Normal value
2403040104IND01;RS;REPUBLIC OF SERBIA;03;2025;1_JD;Public state enterprises;118922;RSD;RSD;SORS;Average net earnings;A;Normal value
2403040104IND01;RS;REPUBLIC OF SERBIA;03;2025;2_JL;Public local enterprises;99030;RSD;RSD;SORS;Average net earnings;A;Normal value
2403040104IND01;RS;REPUBLIC OF SERBIA;03;2025;3_4_5_BK;General government;109101;RSD;RSD;SORS;Average net earnings;A;Normal value
2403040104IND01;RS;REPUBLIC OF SERBIA;03;2025;3_ZS;Health and social work;106345;RSD;RSD;SORS;Average net earnings;A;Normal value
2403040104IND01;RS;REPUBLIC OF SERBIA;03;2025;4_OK;Education and culture;102180;RSD;RSD;SORS;Average net earnings;A;Normal value
2403040104IND01;RS;REPUBLIC OF SERBIA;03;2025;5_AD;Administration - all levels;117942;RSD;RSD;SORS;Average net earnings;A;Normal value
2403040104IND01;RS;REPUBLIC OF SERBIA;03;2025;5_AD2;Administration - government  level;123311;RSD;RSD;SORS;Average net earnings;A;Normal value
2403040104IND01;RS;REPUBLIC OF SERBIA;03;2025;5_AD3;Administration - autonomous  province level;115617;RSD;RSD;SORS;Average net earnings;A;Normal value
2403040104IND01;RS;REPUBLIC OF SERBIA;03;2025;5_AD4;Administration - local authorities’ level;91357;RSD;RSD;SORS;Average net earnings;A;Normal value
2403040104IND01;RS;REPUBLIC OF SERBIA;04;2003;0;Total;11148;RSD;RSD;SORS;Average net earnings;A;Normal value
2403040104IND01;RS;REPUBLIC OF SERBIA;04;2003;0_JP_JD_JL;Public enterprises;16011;RSD;RSD;SORS;Average net earnings;A;Normal value
2403040104IND01;RS;REPUBLIC OF SERBIA;04;2003;0_JS;Public sector;14508;RSD;RSD;SORS;Average net earnings;A;Normal value
2403040104IND01;RS;REPUBLIC OF SERBIA;04;2003;0_VJS;Non-public sector;8889;RSD;RSD;SORS;Average net earnings;A;Normal value
2403040104IND01;RS;REPUBLIC OF SERBIA;04;2003;1_JD;Public state enterprises;16592;RSD;RSD;SORS;Average net earnings;A;Normal value
2403040104IND01;RS;REPUBLIC OF SERBIA;04;2003;2_JL;Public local enterprises;14646;RSD;RSD;SORS;Average net earnings;A;Normal value
2403040104IND01;RS;REPUBLIC OF SERBIA;04;2003;3_4_5_BK;General government;13656;RSD;RSD;SORS;Average net earnings;A;Normal value
2403040104IND01;RS;REPUBLIC OF SERBIA;04;2003;3_ZS;Health and social work;12145;RSD;RSD;SORS;Average net earnings;A;Normal value
2403040104IND01;RS;REPUBLIC OF SERBIA;04;2003;4_OK;Education and culture;14684;RSD;RSD;SORS;Average net earnings;A;Normal value
2403040104IND01;RS;REPUBLIC OF SERBIA;04;2003;5_AD;Administration - all levels;15348;RSD;RSD;SORS;Average net earnings;A;Normal value
2403040104IND01;RS;REPUBLIC OF SERBIA;04;2003;5_AD2;Administration - government  level;;RSD;RSD;SORS;Average net earnings;O;Not available
2403040104IND01;RS;REPUBLIC OF SERBIA;04;2003;5_AD3;Administration - autonomous  province level;;RSD;RSD;SORS;Average net earnings;O;Not available
2403040104IND01;RS;REPUBLIC OF SERBIA;04;2003;5_AD4;Administration - local authorities’ level;;RSD;RSD;SORS;Average net earnings;O;Not available
2403040104IND01;RS;REPUBLIC OF SERBIA;04;2004;0;Total;14395;RSD;RSD;SORS;Average net earnings;A;Normal value
2403040104IND01;RS;REPUBLIC OF SERBIA;04;2004;0_JP_JD_JL;Public enterprises;22336;RSD;RSD;SORS;Average net earnings;A;Normal value
2403040104IND01;RS;REPUBLIC OF SERBIA;04;2004;0_JS;Public sector;18518;RSD;RSD;SORS;Average net earnings;A;Normal value
2403040104IND01;RS;REPUBLIC OF SERBIA;04;2004;0_VJS;Non-public sector;11317;RSD;RSD;SORS;Average net earnings;A;Normal value
2403040104IND01;RS;REPUBLIC OF SERBIA;04;2004;1_JD;Public state enterprises;24200;RSD;RSD;SORS;Average net earnings;A;Normal value
2403040104IND01;RS;REPUBLIC OF SERBIA;04;2004;2_JL;Public local enterprises;18238;RSD;RSD;SORS;Average net earnings;A;Normal value
2403040104IND01;RS;REPUBLIC OF SERBIA;04;2004;3_4_5_BK;General government;16403;RSD;RSD;SORS;Average net earnings;A;Normal value
2403040104IND01;RS;REPUBLIC OF SERBIA;04;2004;3_ZS;Health and social work;15131;RSD;RSD;SORS;Average net earnings;A;Normal value
2403040104IND01;RS;REPUBLIC OF SERBIA;04;2004;4_OK;Education and culture;15208;RSD;RSD;SORS;Average net earnings;A;Normal value
2403040104IND01;RS;REPUBLIC OF SERBIA;04;2004;5_AD;Administration - all levels;21600;RSD;RSD;SORS;Average net earnings;A;Normal value
2403040104IND01;RS;REPUBLIC OF SERBIA;04;2004;5_AD2;Administration - government  level;;RSD;RSD;SORS;Average net earnings;O;Not available
2403040104IND01;RS;REPUBLIC OF SERBIA;04;2004;5_AD3;Administration - autonomous  province level;;RSD;RSD;SORS;Average net earnings;O;Not available
2403040104IND01;RS;REPUBLIC OF SERBIA;04;2004;5_AD4;Administration - local authorities’ level;;RSD;RSD;SORS;Average net earnings;O;Not available
2403040104IND01;RS;REPUBLIC OF SERBIA;04;2005;0;Total;17193;RSD;RSD;SORS;Average net earnings;A;Normal value
2403040104IND01;RS;REPUBLIC OF SERBIA;04;2005;0_JP_JD_JL;Public enterprises;21904;RSD;RSD;SORS;Average net earnings;A;Normal value
2403040104IND01;RS;REPUBLIC OF SERBIA;04;2005;0_JS;Public sector;20448;RSD;RSD;SORS;Average net earnings;A;Normal value
2403040104IND01;RS;REPUBLIC OF SERBIA;04;2005;0_VJS;Non-public sector;14450;RSD;RSD;SORS;Average net earnings;A;Normal value
2403040104IND01;RS;REPUBLIC OF SERBIA;04;2005;1_JD;Public state enterprises;21721;RSD;RSD;SORS;Average net earnings;A;Normal value
2403040104IND01;RS;REPUBLIC OF SERBIA;04;2005;2_JL;Public local enterprises;22267;RSD;RSD;SORS;Average net earnings;A;Normal value
2403040104IND01;RS;REPUBLIC OF SERBIA;04;2005;3_4_5_BK;General government;19646;RSD;RSD;SORS;Average net earnings;A;Normal value
2403040104IND01;RS;REPUBLIC OF SERBIA;04;2005;3_ZS;Health and social work;18152;RSD;RSD;SORS;Average net earnings;A;Normal value
2403040104IND01;RS;REPUBLIC OF SERBIA;04;2005;4_OK;Education and culture;18959;RSD;RSD;SORS;Average net earnings;A;Normal value
2403040104IND01;RS;REPUBLIC OF SERBIA;04;2005;5_AD;Administration - all levels;24429;RSD;RSD;SORS;Average net earnings;A;Normal value
2403040104IND01;RS;REPUBLIC OF SERBIA;04;2005;5_AD2;Administration - government  level;;RSD;RSD;SORS;Average net earnings;O;Not available
2403040104IND01;RS;REPUBLIC OF SERBIA;04;2005;5_AD3;Administration - autonomous  province level;;RSD;RSD;SORS;Average net earnings;O;Not available
2403040104IND01;RS;REPUBLIC OF SERBIA;04;2005;5_AD4;Administration - local authorities’ level;;RSD;RSD;SORS;Average net earnings;O;Not available
2403040104IND01;RS;REPUBLIC OF SERBIA;04;2006;0;Total;20887;RSD;RSD;SORS;Average net earnings;A;Normal value
2403040104IND01;RS;REPUBLIC OF SERBIA;04;2006;0_JP_JD_JL;Public enterprises;27143;RSD;RSD;SORS;Average net earnings;A;Normal value
2403040104IND01;RS;REPUBLIC OF SERBIA;04;2006;0_JS;Public sector;24178;RSD;RSD;SORS;Average net earnings;A;Normal value
2403040104IND01;RS;REPUBLIC OF SERBIA;04;2006;0_VJS;Non-public sector;18032;RSD;RSD;SORS;Average net earnings;A;Normal value
2403040104IND01;RS;REPUBLIC OF SERBIA;04;2006;1_JD;Public state enterprises;27676;RSD;RSD;SORS;Average net earnings;A;Normal value
2403040104IND01;RS;REPUBLIC OF SERBIA;04;2006;2_JL;Public local enterprises;26223;RSD;RSD;SORS;Average net earnings;A;Normal value
2403040104IND01;RS;REPUBLIC OF SERBIA;04;2006;3_4_5_BK;General government;22636;RSD;RSD;SORS;Average net earnings;A;Normal value
2403040104IND01;RS;REPUBLIC OF SERBIA;04;2006;3_ZS;Health and social work;20772;RSD;RSD;SORS;Average net earnings;A;Normal value
2403040104IND01;RS;REPUBLIC OF SERBIA;04;2006;4_OK;Education and culture;21939;RSD;RSD;SORS;Average net earnings;A;Normal value
2403040104IND01;RS;REPUBLIC OF SERBIA;04;2006;5_AD;Administration - all levels;28399;RSD;RSD;SORS;Average net earnings;A;Normal value
2403040104IND01;RS;REPUBLIC OF SERBIA;04;2006;5_AD2;Administration - government  level;;RSD;RSD;SORS;Average net earnings;O;Not available
2403040104IND01;RS;REPUBLIC OF SERBIA;04;2006;5_AD3;Administration - autonomous  province level;;RSD;RSD;SORS;Average net earnings;O;Not available
2403040104IND01;RS;REPUBLIC OF SERBIA;04;2006;5_AD4;Administration - local authorities’ level;;RSD;RSD;SORS;Average net earnings;O;Not available
2403040104IND01;RS;REPUBLIC OF SERBIA;04;2007;0;Total;26632;RSD;RSD;SORS;Average net earnings;A;Normal value
2403040104IND01;RS;REPUBLIC OF SERBIA;04;2007;0_JP_JD_JL;Public enterprises;32682;RSD;RSD;SORS;Average net earnings;A;Normal value
2403040104IND01;RS;REPUBLIC OF SERBIA;04;2007;0_JS;Public sector;30505;RSD;RSD;SORS;Average net earnings;A;Normal value
2403040104IND01;RS;REPUBLIC OF SERBIA;04;2007;0_VJS;Non-public sector;22988;RSD;RSD;SORS;Average net earnings;A;Normal value
2403040104IND01;RS;REPUBLIC OF SERBIA;04;2007;1_JD;Public state enterprises;34733;RSD;RSD;SORS;Average net earnings;A;Normal value
2403040104IND01;RS;REPUBLIC OF SERBIA;04;2007;2_JL;Public local enterprises;29221;RSD;RSD;SORS;Average net earnings;A;Normal value
2403040104IND01;RS;REPUBLIC OF SERBIA;04;2007;3_4_5_BK;General government;29407;RSD;RSD;SORS;Average net earnings;A;Normal value
2403040104IND01;RS;REPUBLIC OF SERBIA;04;2007;3_ZS;Health and social work;29044;RSD;RSD;SORS;Average net earnings;A;Normal value
2403040104IND01;RS;REPUBLIC OF SERBIA;04;2007;4_OK;Education and culture;27005;RSD;RSD;SORS;Average net earnings;A;Normal value
2403040104IND01;RS;REPUBLIC OF SERBIA;04;2007;5_AD;Administration - all levels;35235;RSD;RSD;SORS;Average net earnings;A;Normal value
2403040104IND01;RS;REPUBLIC OF SERBIA;04;2007;5_AD2;Administration - government  level;;RSD;RSD;SORS;Average net earnings;O;Not available
2403040104IND01;RS;REPUBLIC OF SERBIA;04;2007;5_AD3;Administration - autonomous  province level;;RSD;RSD;SORS;Average net earnings;O;Not available
2403040104IND01;RS;REPUBLIC OF SERBIA;04;2007;5_AD4;Administration - local authorities’ level;;RSD;RSD;SORS;Average net earnings;O;Not available
2403040104IND01;RS;REPUBLIC OF SERBIA;04;2008;0;Total;32562;RSD;RSD;SORS;Average net earnings;A;Normal value
2403040104IND01;RS;REPUBLIC OF SERBIA;04;2008;0_JP_JD_JL;Public enterprises;38447;RSD;RSD;SORS;Average net earnings;A;Normal value
2403040104IND01;RS;REPUBLIC OF SERBIA;04;2008;0_JS;Public sector;36755;RSD;RSD;SORS;Average net earnings;A;Normal value
2403040104IND01;RS;REPUBLIC OF SERBIA;04;2008;0_VJS;Non-public sector;28175;RSD;RSD;SORS;Average net earnings;A;Normal value
2403040104IND01;RS;REPUBLIC OF SERBIA;04;2008;1_JD;Public state enterprises;40731;RSD;RSD;SORS;Average net earnings;A;Normal value
2403040104IND01;RS;REPUBLIC OF SERBIA;04;2008;2_JL;Public local enterprises;34530;RSD;RSD;SORS;Average net earnings;A;Normal value
2403040104IND01;RS;REPUBLIC OF SERBIA;04;2008;3_4_5_BK;General government;35932;RSD;RSD;SORS;Average net earnings;A;Normal value
2403040104IND01;RS;REPUBLIC OF SERBIA;04;2008;3_ZS;Health and social work;34691;RSD;RSD;SORS;Average net earnings;A;Normal value
2403040104IND01;RS;REPUBLIC OF SERBIA;04;2008;4_OK;Education and culture;33996;RSD;RSD;SORS;Average net earnings;A;Normal value
2403040104IND01;RS;REPUBLIC OF SERBIA;04;2008;5_AD;Administration - all levels;42873;RSD;RSD;SORS;Average net earnings;A;Normal value
2403040104IND01;RS;REPUBLIC OF SERBIA;04;2008;5_AD2;Administration - government  level;;RSD;RSD;SORS;Average net earnings;O;Not available
2403040104IND01;RS;REPUBLIC OF SERBIA;04;2008;5_AD3;Administration - autonomous  province level;;RSD;RSD;SORS;Average net earnings;O;Not available
2403040104IND01;RS;REPUBLIC OF SERBIA;04;2008;5_AD4;Administration - local authorities’ level;;RSD;RSD;SORS;Average net earnings;O;Not available
2403040104IND01;RS;REPUBLIC OF SERBIA;04;2009;0;Total;32571;RSD;RSD;SORS;Average net earnings;A;Normal value
2403040104IND01;RS;REPUBLIC OF SERBIA;04;2009;0_JP_JD_JL;Public enterprises;42606;RSD;RSD;SORS;Average net earnings;A;Normal value
2403040104IND01;RS;REPUBLIC OF SERBIA;04;2009;0_JS;Public sector;39853;RSD;RSD;SORS;Average net earnings;A;Normal value
2403040104IND01;RS;REPUBLIC OF SERBIA;04;2009;0_VJS;Non-public sector;26616;RSD;RSD;SORS;Average net earnings;A;Normal value
2403040104IND01;RS;REPUBLIC OF SERBIA;04;2009;1_JD;Public state enterprises;45010;RSD;RSD;SORS;Average net earnings;A;Normal value
2403040104IND01;RS;REPUBLIC OF SERBIA;04;2009;2_JL;Public local enterprises;38872;RSD;RSD;SORS;Average net earnings;A;Normal value
2403040104IND01;RS;REPUBLIC OF SERBIA;04;2009;3_4_5_BK;General government;38634;RSD;RSD;SORS;Average net earnings;A;Normal value
2403040104IND01;RS;REPUBLIC OF SERBIA;04;2009;3_ZS;Health and social work;38198;RSD;RSD;SORS;Average net earnings;A;Normal value
2403040104IND01;RS;REPUBLIC OF SERBIA;04;2009;4_OK;Education and culture;36383;RSD;RSD;SORS;Average net earnings;A;Normal value
2403040104IND01;RS;REPUBLIC OF SERBIA;04;2009;5_AD;Administration - all levels;44015;RSD;RSD;SORS;Average net earnings;A;Normal value
2403040104IND01;RS;REPUBLIC OF SERBIA;04;2009;5_AD2;Administration - government  level;;RSD;RSD;SORS;Average net earnings;O;Not available
2403040104IND01;RS;REPUBLIC OF SERBIA;04;2009;5_AD3;Administration - autonomous  province level;;RSD;RSD;SORS;Average net earnings;O;Not available
2403040104IND01;RS;REPUBLIC OF SERBIA;04;2009;5_AD4;Administration - local authorities’ level;;RSD;RSD;SORS;Average net earnings;O;Not available
2403040104IND01;RS;REPUBLIC OF SERBIA;04;2010;0;Total;34952;RSD;RSD;SORS;Average net earnings;A;Normal value
2403040104IND01;RS;REPUBLIC OF SERBIA;04;2010;0_JP_JD_JL;Public enterprises;44811;RSD;RSD;SORS;Average net earnings;A;Normal value
2403040104IND01;RS;REPUBLIC OF SERBIA;04;2010;0_JS;Public sector;40834;RSD;RSD;SORS;Average net earnings;A;Normal value
2403040104IND01;RS;REPUBLIC OF SERBIA;04;2010;0_VJS;Non-public sector;29900;RSD;RSD;SORS;Average net earnings;A;Normal value
2403040104IND01;RS;REPUBLIC OF SERBIA;04;2010;1_JD;Public state enterprises;48247;RSD;RSD;SORS;Average net earnings;A;Normal value
2403040104IND01;RS;REPUBLIC OF SERBIA;04;2010;2_JL;Public local enterprises;39539;RSD;RSD;SORS;Average net earnings;A;Normal value
2403040104IND01;RS;REPUBLIC OF SERBIA;04;2010;3_4_5_BK;General government;39118;RSD;RSD;SORS;Average net earnings;A;Normal value
2403040104IND01;RS;REPUBLIC OF SERBIA;04;2010;3_ZS;Health and social work;37126;RSD;RSD;SORS;Average net earnings;A;Normal value
2403040104IND01;RS;REPUBLIC OF SERBIA;04;2010;4_OK;Education and culture;36774;RSD;RSD;SORS;Average net earnings;A;Normal value
2403040104IND01;RS;REPUBLIC OF SERBIA;04;2010;5_AD;Administration - all levels;48306;RSD;RSD;SORS;Average net earnings;A;Normal value
2403040104IND01;RS;REPUBLIC OF SERBIA;04;2010;5_AD2;Administration - government  level;;RSD;RSD;SORS;Average net earnings;O;Not available
2403040104IND01;RS;REPUBLIC OF SERBIA;04;2010;5_AD3;Administration - autonomous  province level;;RSD;RSD;SORS;Average net earnings;O;Not available
2403040104IND01;RS;REPUBLIC OF SERBIA;04;2010;5_AD4;Administration - local authorities’ level;;RSD;RSD;SORS;Average net earnings;O;Not available
2403040104IND01;RS;REPUBLIC OF SERBIA;04;2011;0;Total;39298;RSD;RSD;SORS;Average net earnings;A;Normal value
2403040104IND01;RS;REPUBLIC OF SERBIA;04;2011;0_JP_JD_JL;Public enterprises;47385;RSD;RSD;SORS;Average net earnings;A;Normal value
2403040104IND01;RS;REPUBLIC OF SERBIA;04;2011;0_JS;Public sector;46378;RSD;RSD;SORS;Average net earnings;A;Normal value
2403040104IND01;RS;REPUBLIC OF SERBIA;04;2011;0_VJS;Non-public sector;33139;RSD;RSD;SORS;Average net earnings;A;Normal value
2403040104IND01;RS;REPUBLIC OF SERBIA;04;2011;1_JD;Public state enterprises;51887;RSD;RSD;SORS;Average net earnings;A;Normal value
2403040104IND01;RS;REPUBLIC OF SERBIA;04;2011;2_JL;Public local enterprises;40741;RSD;RSD;SORS;Average net earnings;A;Normal value
2403040104IND01;RS;REPUBLIC OF SERBIA;04;2011;3_4_5_BK;General government;45946;RSD;RSD;SORS;Average net earnings;A;Normal value
2403040104IND01;RS;REPUBLIC OF SERBIA;04;2011;3_ZS;Health and social work;50477;RSD;RSD;SORS;Average net earnings;A;Normal value
2403040104IND01;RS;REPUBLIC OF SERBIA;04;2011;4_OK;Education and culture;39278;RSD;RSD;SORS;Average net earnings;A;Normal value
2403040104IND01;RS;REPUBLIC OF SERBIA;04;2011;5_AD;Administration - all levels;48827;RSD;RSD;SORS;Average net earnings;A;Normal value
2403040104IND01;RS;REPUBLIC OF SERBIA;04;2011;5_AD2;Administration - government  level;;RSD;RSD;SORS;Average net earnings;O;Not available
2403040104IND01;RS;REPUBLIC OF SERBIA;04;2011;5_AD3;Administration - autonomous  province level;;RSD;RSD;SORS;Average net earnings;O;Not available
2403040104IND01;RS;REPUBLIC OF SERBIA;04;2011;5_AD4;Administration - local authorities’ level;;RSD;RSD;SORS;Average net earnings;O;Not available
2403040104IND01;RS;REPUBLIC OF SERBIA;04;2012;0;Total;42215;RSD;RSD;SORS;Average net earnings;A;Normal value
2403040104IND01;RS;REPUBLIC OF SERBIA;04;2012;0_JP_JD_JL;Public enterprises;52104;RSD;RSD;SORS;Average net earnings;A;Normal value
2403040104IND01;RS;REPUBLIC OF SERBIA;04;2012;0_JS;Public sector;46334;RSD;RSD;SORS;Average net earnings;A;Normal value
2403040104IND01;RS;REPUBLIC OF SERBIA;04;2012;0_VJS;Non-public sector;38357;RSD;RSD;SORS;Average net earnings;A;Normal value
2403040104IND01;RS;REPUBLIC OF SERBIA;04;2012;1_JD;Public state enterprises;57777;RSD;RSD;SORS;Average net earnings;A;Normal value
2403040104IND01;RS;REPUBLIC OF SERBIA;04;2012;2_JL;Public local enterprises;43675;RSD;RSD;SORS;Average net earnings;A;Normal value
2403040104IND01;RS;REPUBLIC OF SERBIA;04;2012;3_4_5_BK;General government;43847;RSD;RSD;SORS;Average net earnings;A;Normal value
2403040104IND01;RS;REPUBLIC OF SERBIA;04;2012;3_ZS;Health and social work;41720;RSD;RSD;SORS;Average net earnings;A;Normal value
2403040104IND01;RS;REPUBLIC OF SERBIA;04;2012;4_OK;Education and culture;40877;RSD;RSD;SORS;Average net earnings;A;Normal value
2403040104IND01;RS;REPUBLIC OF SERBIA;04;2012;5_AD;Administration - all levels;54370;RSD;RSD;SORS;Average net earnings;A;Normal value
2403040104IND01;RS;REPUBLIC OF SERBIA;04;2012;5_AD2;Administration - government  level;;RSD;RSD;SORS;Average net earnings;O;Not available
2403040104IND01;RS;REPUBLIC OF SERBIA;04;2012;5_AD3;Administration - autonomous  province level;;RSD;RSD;SORS;Average net earnings;O;Not available
2403040104IND01;RS;REPUBLIC OF SERBIA;04;2012;5_AD4;Administration - local authorities’ level;;RSD;RSD;SORS;Average net earnings;O;Not available
2403040104IND01;RS;REPUBLIC OF SERBIA;04;2013;0;Total;46530;RSD;RSD;SORS;Average net earnings;A;Normal value
2403040104IND01;RS;REPUBLIC OF SERBIA;04;2013;0_JP_JD_JL;Public enterprises;55644;RSD;RSD;SORS;Average net earnings;A;Normal value
2403040104IND01;RS;REPUBLIC OF SERBIA;04;2013;0_JS;Public sector;49357;RSD;RSD;SORS;Average net earnings;A;Normal value
2403040104IND01;RS;REPUBLIC OF SERBIA;04;2013;0_VJS;Non-public sector;43679;RSD;RSD;SORS;Average net earnings;A;Normal value
2403040104IND01;RS;REPUBLIC OF SERBIA;04;2013;1_JD;Public state enterprises;62064;RSD;RSD;SORS;Average net earnings;A;Normal value
2403040104IND01;RS;REPUBLIC OF SERBIA;04;2013;2_JL;Public local enterprises;46377;RSD;RSD;SORS;Average net earnings;A;Normal value
2403040104IND01;RS;REPUBLIC OF SERBIA;04;2013;3_4_5_BK;General government;46643;RSD;RSD;SORS;Average net earnings;A;Normal value
2403040104IND01;RS;REPUBLIC OF SERBIA;04;2013;3_ZS;Health and social work;44311;RSD;RSD;SORS;Average net earnings;A;Normal value
2403040104IND01;RS;REPUBLIC OF SERBIA;04;2013;4_OK;Education and culture;42799;RSD;RSD;SORS;Average net earnings;A;Normal value
2403040104IND01;RS;REPUBLIC OF SERBIA;04;2013;5_AD;Administration - all levels;59013;RSD;RSD;SORS;Average net earnings;A;Normal value
2403040104IND01;RS;REPUBLIC OF SERBIA;04;2013;5_AD2;Administration - government  level;;RSD;RSD;SORS;Average net earnings;O;Not available
2403040104IND01;RS;REPUBLIC OF SERBIA;04;2013;5_AD3;Administration - autonomous  province level;;RSD;RSD;SORS;Average net earnings;O;Not available
2403040104IND01;RS;REPUBLIC OF SERBIA;04;2013;5_AD4;Administration - local authorities’ level;;RSD;RSD;SORS;Average net earnings;O;Not available
2403040104IND01;RS;REPUBLIC OF SERBIA;04;2014;0;Total;45847;RSD;RSD;SORS;Average net earnings;A;Normal value
2403040104IND01;RS;REPUBLIC OF SERBIA;04;2014;0_JP_JD_JL;Public enterprises;57815;RSD;RSD;SORS;Average net earnings;A;Normal value
2403040104IND01;RS;REPUBLIC OF SERBIA;04;2014;0_JS;Public sector;50078;RSD;RSD;SORS;Average net earnings;A;Normal value
2403040104IND01;RS;REPUBLIC OF SERBIA;04;2014;0_VJS;Non-public sector;41942;RSD;RSD;SORS;Average net earnings;A;Normal value
2403040104IND01;RS;REPUBLIC OF SERBIA;04;2014;1_JD;Public state enterprises;67137;RSD;RSD;SORS;Average net earnings;A;Normal value
2403040104IND01;RS;REPUBLIC OF SERBIA;04;2014;2_JL;Public local enterprises;44281;RSD;RSD;SORS;Average net earnings;A;Normal value
2403040104IND01;RS;REPUBLIC OF SERBIA;04;2014;3_4_5_BK;General government;46740;RSD;RSD;SORS;Average net earnings;A;Normal value
2403040104IND01;RS;REPUBLIC OF SERBIA;04;2014;3_ZS;Health and social work;44975;RSD;RSD;SORS;Average net earnings;A;Normal value
2403040104IND01;RS;REPUBLIC OF SERBIA;04;2014;4_OK;Education and culture;43871;RSD;RSD;SORS;Average net earnings;A;Normal value
2403040104IND01;RS;REPUBLIC OF SERBIA;04;2014;5_AD;Administration - all levels;56168;RSD;RSD;SORS;Average net earnings;A;Normal value
2403040104IND01;RS;REPUBLIC OF SERBIA;04;2014;5_AD2;Administration - government  level;;RSD;RSD;SORS;Average net earnings;O;Not available
2403040104IND01;RS;REPUBLIC OF SERBIA;04;2014;5_AD3;Administration - autonomous  province level;;RSD;RSD;SORS;Average net earnings;O;Not available
2403040104IND01;RS;REPUBLIC OF SERBIA;04;2014;5_AD4;Administration - local authorities’ level;;RSD;RSD;SORS;Average net earnings;O;Not available
2403040104IND01;RS;REPUBLIC OF SERBIA;04;2015;0;Total;45605;RSD;RSD;SORS;Average net earnings;A;Normal value
2403040104IND01;RS;REPUBLIC OF SERBIA;04;2015;0_JP_JD_JL;Public enterprises;56373;RSD;RSD;SORS;Average net earnings;A;Normal value
2403040104IND01;RS;REPUBLIC OF SERBIA;04;2015;0_JS;Public sector;46998;RSD;RSD;SORS;Average net earnings;A;Normal value
2403040104IND01;RS;REPUBLIC OF SERBIA;04;2015;0_VJS;Non-public sector;44373;RSD;RSD;SORS;Average net earnings;A;Normal value
2403040104IND01;RS;REPUBLIC OF SERBIA;04;2015;1_JD;Public state enterprises;65035;RSD;RSD;SORS;Average net earnings;A;Normal value
2403040104IND01;RS;REPUBLIC OF SERBIA;04;2015;2_JL;Public local enterprises;44185;RSD;RSD;SORS;Average net earnings;A;Normal value
2403040104IND01;RS;REPUBLIC OF SERBIA;04;2015;3_4_5_BK;General government;42861;RSD;RSD;SORS;Average net earnings;A;Normal value
2403040104IND01;RS;REPUBLIC OF SERBIA;04;2015;3_ZS;Health and social work;41643;RSD;RSD;SORS;Average net earnings;A;Normal value
2403040104IND01;RS;REPUBLIC OF SERBIA;04;2015;4_OK;Education and culture;40258;RSD;RSD;SORS;Average net earnings;A;Normal value
2403040104IND01;RS;REPUBLIC OF SERBIA;04;2015;5_AD;Administration - all levels;50620;RSD;RSD;SORS;Average net earnings;A;Normal value
2403040104IND01;RS;REPUBLIC OF SERBIA;04;2015;5_AD2;Administration - government  level;;RSD;RSD;SORS;Average net earnings;O;Not available
2403040104IND01;RS;REPUBLIC OF SERBIA;04;2015;5_AD3;Administration - autonomous  province level;;RSD;RSD;SORS;Average net earnings;O;Not available
2403040104IND01;RS;REPUBLIC OF SERBIA;04;2015;5_AD4;Administration - local authorities’ level;;RSD;RSD;SORS;Average net earnings;O;Not available
2403040104IND01;RS;REPUBLIC OF SERBIA;04;2016;0;Total;49249;RSD;RSD;SORS;Average net earnings;A;Normal value
2403040104IND01;RS;REPUBLIC OF SERBIA;04;2016;0_JP_JD_JL;Public enterprises;60260;RSD;RSD;SORS;Average net earnings;A;Normal value
2403040104IND01;RS;REPUBLIC OF SERBIA;04;2016;0_JS;Public sector;49207;RSD;RSD;SORS;Average net earnings;A;Normal value
2403040104IND01;RS;REPUBLIC OF SERBIA;04;2016;0_VJS;Non-public sector;49287;RSD;RSD;SORS;Average net earnings;A;Normal value
2403040104IND01;RS;REPUBLIC OF SERBIA;04;2016;1_JD;Public state enterprises;69176;RSD;RSD;SORS;Average net earnings;A;Normal value
2403040104IND01;RS;REPUBLIC OF SERBIA;04;2016;2_JL;Public local enterprises;47749;RSD;RSD;SORS;Average net earnings;A;Normal value
2403040104IND01;RS;REPUBLIC OF SERBIA;04;2016;3_4_5_BK;General government;44361;RSD;RSD;SORS;Average net earnings;A;Normal value
2403040104IND01;RS;REPUBLIC OF SERBIA;04;2016;3_ZS;Health and social work;42940;RSD;RSD;SORS;Average net earnings;A;Normal value
2403040104IND01;RS;REPUBLIC OF SERBIA;04;2016;4_OK;Education and culture;41873;RSD;RSD;SORS;Average net earnings;A;Normal value
2403040104IND01;RS;REPUBLIC OF SERBIA;04;2016;5_AD;Administration - all levels;52403;RSD;RSD;SORS;Average net earnings;A;Normal value
2403040104IND01;RS;REPUBLIC OF SERBIA;04;2016;5_AD2;Administration - government  level;;RSD;RSD;SORS;Average net earnings;O;Not available
2403040104IND01;RS;REPUBLIC OF SERBIA;04;2016;5_AD3;Administration - autonomous  province level;;RSD;RSD;SORS;Average net earnings;O;Not available
2403040104IND01;RS;REPUBLIC OF SERBIA;04;2016;5_AD4;Administration - local authorities’ level;;RSD;RSD;SORS;Average net earnings;O;Not available
2403040104IND01;RS;REPUBLIC OF SERBIA;04;2017;0;Total;49635;RSD;RSD;SORS;Average net earnings;A;Normal value
2403040104IND01;RS;REPUBLIC OF SERBIA;04;2017;0_JP_JD_JL;Public enterprises;60296;RSD;RSD;SORS;Average net earnings;A;Normal value
2403040104IND01;RS;REPUBLIC OF SERBIA;04;2017;0_JS;Public sector;49917;RSD;RSD;SORS;Average net earnings;A;Normal value
2403040104IND01;RS;REPUBLIC OF SERBIA;04;2017;0_VJS;Non-public sector;49385;RSD;RSD;SORS;Average net earnings;A;Normal value
2403040104IND01;RS;REPUBLIC OF SERBIA;04;2017;1_JD;Public state enterprises;70900;RSD;RSD;SORS;Average net earnings;A;Normal value
2403040104IND01;RS;REPUBLIC OF SERBIA;04;2017;2_JL;Public local enterprises;45952;RSD;RSD;SORS;Average net earnings;A;Normal value
2403040104IND01;RS;REPUBLIC OF SERBIA;04;2017;3_4_5_BK;General government;45525;RSD;RSD;SORS;Average net earnings;A;Normal value
2403040104IND01;RS;REPUBLIC OF SERBIA;04;2017;3_ZS;Health and social work;44144;RSD;RSD;SORS;Average net earnings;A;Normal value
2403040104IND01;RS;REPUBLIC OF SERBIA;04;2017;4_OK;Education and culture;43588;RSD;RSD;SORS;Average net earnings;A;Normal value
2403040104IND01;RS;REPUBLIC OF SERBIA;04;2017;5_AD;Administration - all levels;52342;RSD;RSD;SORS;Average net earnings;A;Normal value
2403040104IND01;RS;REPUBLIC OF SERBIA;04;2017;5_AD2;Administration - government  level;;RSD;RSD;SORS;Average net earnings;O;Not available
2403040104IND01;RS;REPUBLIC OF SERBIA;04;2017;5_AD3;Administration - autonomous  province level;;RSD;RSD;SORS;Average net earnings;O;Not available
2403040104IND01;RS;REPUBLIC OF SERBIA;04;2017;5_AD4;Administration - local authorities’ level;;RSD;RSD;SORS;Average net earnings;O;Not available
2403040104IND01;RS;REPUBLIC OF SERBIA;04;2018;0;Total;49117;RSD;RSD;SORS;Average net earnings;A;Normal value
2403040104IND01;RS;REPUBLIC OF SERBIA;04;2018;0_JP_JD_JL;Public enterprises;58865;RSD;RSD;SORS;Average net earnings;A;Normal value
2403040104IND01;RS;REPUBLIC OF SERBIA;04;2018;0_JS;Public sector;55450;RSD;RSD;SORS;Average net earnings;A;Normal value
2403040104IND01;RS;REPUBLIC OF SERBIA;04;2018;0_VJS;Non-public sector;45934;RSD;RSD;SORS;Average net earnings;A;Normal value
2403040104IND01;RS;REPUBLIC OF SERBIA;04;2018;1_JD;Public state enterprises;66039;RSD;RSD;SORS;Average net earnings;A;Normal value
2403040104IND01;RS;REPUBLIC OF SERBIA;04;2018;2_JL;Public local enterprises;48123;RSD;RSD;SORS;Average net earnings;A;Normal value
2403040104IND01;RS;REPUBLIC OF SERBIA;04;2018;3_4_5_BK;General government;54324;RSD;RSD;SORS;Average net earnings;A;Normal value
2403040104IND01;RS;REPUBLIC OF SERBIA;04;2018;3_ZS;Health and social work;51127;RSD;RSD;SORS;Average net earnings;A;Normal value
2403040104IND01;RS;REPUBLIC OF SERBIA;04;2018;4_OK;Education and culture;51974;RSD;RSD;SORS;Average net earnings;A;Normal value
2403040104IND01;RS;REPUBLIC OF SERBIA;04;2018;5_AD;Administration - all levels;59365;RSD;RSD;SORS;Average net earnings;A;Normal value
2403040104IND01;RS;REPUBLIC OF SERBIA;04;2018;5_AD2;Administration - government  level;61770;RSD;RSD;SORS;Average net earnings;A;Normal value
2403040104IND01;RS;REPUBLIC OF SERBIA;04;2018;5_AD3;Administration - autonomous  province level;60998;RSD;RSD;SORS;Average net earnings;A;Normal value
2403040104IND01;RS;REPUBLIC OF SERBIA;04;2018;5_AD4;Administration - local authorities’ level;47372;RSD;RSD;SORS;Average net earnings;A;Normal value
2403040104IND01;RS;REPUBLIC OF SERBIA;04;2019;0;Total;54645;RSD;RSD;SORS;Average net earnings;A;Normal value
2403040104IND01;RS;REPUBLIC OF SERBIA;04;2019;0_JP_JD_JL;Public enterprises;65886;RSD;RSD;SORS;Average net earnings;A;Normal value
2403040104IND01;RS;REPUBLIC OF SERBIA;04;2019;0_JS;Public sector;61160;RSD;RSD;SORS;Average net earnings;A;Normal value
2403040104IND01;RS;REPUBLIC OF SERBIA;04;2019;0_VJS;Non-public sector;51588;RSD;RSD;SORS;Average net earnings;A;Normal value
2403040104IND01;RS;REPUBLIC OF SERBIA;04;2019;1_JD;Public state enterprises;75330;RSD;RSD;SORS;Average net earnings;A;Normal value
2403040104IND01;RS;REPUBLIC OF SERBIA;04;2019;2_JL;Public local enterprises;52772;RSD;RSD;SORS;Average net earnings;A;Normal value
2403040104IND01;RS;REPUBLIC OF SERBIA;04;2019;3_4_5_BK;General government;59640;RSD;RSD;SORS;Average net earnings;A;Normal value
2403040104IND01;RS;REPUBLIC OF SERBIA;04;2019;3_ZS;Health and social work;56214;RSD;RSD;SORS;Average net earnings;A;Normal value
2403040104IND01;RS;REPUBLIC OF SERBIA;04;2019;4_OK;Education and culture;56898;RSD;RSD;SORS;Average net earnings;A;Normal value
2403040104IND01;RS;REPUBLIC OF SERBIA;04;2019;5_AD;Administration - all levels;65304;RSD;RSD;SORS;Average net earnings;A;Normal value
2403040104IND01;RS;REPUBLIC OF SERBIA;04;2019;5_AD2;Administration - government  level;68092;RSD;RSD;SORS;Average net earnings;A;Normal value
2403040104IND01;RS;REPUBLIC OF SERBIA;04;2019;5_AD3;Administration - autonomous  province level;65775;RSD;RSD;SORS;Average net earnings;A;Normal value
2403040104IND01;RS;REPUBLIC OF SERBIA;04;2019;5_AD4;Administration - local authorities’ level;51473;RSD;RSD;SORS;Average net earnings;A;Normal value
2403040104IND01;RS;REPUBLIC OF SERBIA;04;2020;0;Total;58932;RSD;RSD;SORS;Average net earnings;A;Normal value
2403040104IND01;RS;REPUBLIC OF SERBIA;04;2020;0_JP_JD_JL;Public enterprises;71640;RSD;RSD;SORS;Average net earnings;A;Normal value
2403040104IND01;RS;REPUBLIC OF SERBIA;04;2020;0_JS;Public sector;68085;RSD;RSD;SORS;Average net earnings;A;Normal value
2403040104IND01;RS;REPUBLIC OF SERBIA;04;2020;0_VJS;Non-public sector;54866;RSD;RSD;SORS;Average net earnings;A;Normal value
2403040104IND01;RS;REPUBLIC OF SERBIA;04;2020;1_JD;Public state enterprises;80638;RSD;RSD;SORS;Average net earnings;A;Normal value
2403040104IND01;RS;REPUBLIC OF SERBIA;04;2020;2_JL;Public local enterprises;59133;RSD;RSD;SORS;Average net earnings;A;Normal value
2403040104IND01;RS;REPUBLIC OF SERBIA;04;2020;3_4_5_BK;General government;66945;RSD;RSD;SORS;Average net earnings;A;Normal value
2403040104IND01;RS;REPUBLIC OF SERBIA;04;2020;3_ZS;Health and social work;67174;RSD;RSD;SORS;Average net earnings;A;Normal value
2403040104IND01;RS;REPUBLIC OF SERBIA;04;2020;4_OK;Education and culture;62140;RSD;RSD;SORS;Average net earnings;A;Normal value
2403040104IND01;RS;REPUBLIC OF SERBIA;04;2020;5_AD;Administration - all levels;71142;RSD;RSD;SORS;Average net earnings;A;Normal value
2403040104IND01;RS;REPUBLIC OF SERBIA;04;2020;5_AD2;Administration - government  level;74213;RSD;RSD;SORS;Average net earnings;A;Normal value
2403040104IND01;RS;REPUBLIC OF SERBIA;04;2020;5_AD3;Administration - autonomous  province level;74240;RSD;RSD;SORS;Average net earnings;A;Normal value
2403040104IND01;RS;REPUBLIC OF SERBIA;04;2020;5_AD4;Administration - local authorities’ level;55820;RSD;RSD;SORS;Average net earnings;A;Normal value
2403040104IND01;RS;REPUBLIC OF SERBIA;04;2021;0;Total;64948;RSD;RSD;SORS;Average net earnings;A;Normal value
2403040104IND01;RS;REPUBLIC OF SERBIA;04;2021;0_JP_JD_JL;Public enterprises;77429;RSD;RSD;SORS;Average net earnings;A;Normal value
2403040104IND01;RS;REPUBLIC OF SERBIA;04;2021;0_JS;Public sector;73479;RSD;RSD;SORS;Average net earnings;A;Normal value
2403040104IND01;RS;REPUBLIC OF SERBIA;04;2021;0_VJS;Non-public sector;61327;RSD;RSD;SORS;Average net earnings;A;Normal value
2403040104IND01;RS;REPUBLIC OF SERBIA;04;2021;1_JD;Public state enterprises;87854;RSD;RSD;SORS;Average net earnings;A;Normal value
2403040104IND01;RS;REPUBLIC OF SERBIA;04;2021;2_JL;Public local enterprises;62995;RSD;RSD;SORS;Average net earnings;A;Normal value
2403040104IND01;RS;REPUBLIC OF SERBIA;04;2021;3_4_5_BK;General government;72235;RSD;RSD;SORS;Average net earnings;A;Normal value
2403040104IND01;RS;REPUBLIC OF SERBIA;04;2021;3_ZS;Health and social work;75033;RSD;RSD;SORS;Average net earnings;A;Normal value
2403040104IND01;RS;REPUBLIC OF SERBIA;04;2021;4_OK;Education and culture;66065;RSD;RSD;SORS;Average net earnings;A;Normal value
2403040104IND01;RS;REPUBLIC OF SERBIA;04;2021;5_AD;Administration - all levels;75390;RSD;RSD;SORS;Average net earnings;A;Normal value
2403040104IND01;RS;REPUBLIC OF SERBIA;04;2021;5_AD2;Administration - government  level;78440;RSD;RSD;SORS;Average net earnings;A;Normal value
2403040104IND01;RS;REPUBLIC OF SERBIA;04;2021;5_AD3;Administration - autonomous  province level;79737;RSD;RSD;SORS;Average net earnings;A;Normal value
2403040104IND01;RS;REPUBLIC OF SERBIA;04;2021;5_AD4;Administration - local authorities’ level;60128;RSD;RSD;SORS;Average net earnings;A;Normal value
2403040104IND01;RS;REPUBLIC OF SERBIA;04;2022;0;Total;73012;RSD;RSD;SORS;Average net earnings;A;Normal value
2403040104IND01;RS;REPUBLIC OF SERBIA;04;2022;0_JP_JD_JL;Public enterprises;78532;RSD;RSD;SORS;Average net earnings;A;Normal value
2403040104IND01;RS;REPUBLIC OF SERBIA;04;2022;0_JS;Public sector;77886;RSD;RSD;SORS;Average net earnings;A;Normal value
2403040104IND01;RS;REPUBLIC OF SERBIA;04;2022;0_VJS;Non-public sector;70975;RSD;RSD;SORS;Average net earnings;A;Normal value
2403040104IND01;RS;REPUBLIC OF SERBIA;04;2022;1_JD;Public state enterprises;86149;RSD;RSD;SORS;Average net earnings;A;Normal value
2403040104IND01;RS;REPUBLIC OF SERBIA;04;2022;2_JL;Public local enterprises;67981;RSD;RSD;SORS;Average net earnings;A;Normal value
2403040104IND01;RS;REPUBLIC OF SERBIA;04;2022;3_4_5_BK;General government;77682;RSD;RSD;SORS;Average net earnings;A;Normal value
2403040104IND01;RS;REPUBLIC OF SERBIA;04;2022;3_ZS;Health and social work;79067;RSD;RSD;SORS;Average net earnings;A;Normal value
2403040104IND01;RS;REPUBLIC OF SERBIA;04;2022;4_OK;Education and culture;70431;RSD;RSD;SORS;Average net earnings;A;Normal value
2403040104IND01;RS;REPUBLIC OF SERBIA;04;2022;5_AD;Administration - all levels;83115;RSD;RSD;SORS;Average net earnings;A;Normal value
2403040104IND01;RS;REPUBLIC OF SERBIA;04;2022;5_AD2;Administration - government  level;86889;RSD;RSD;SORS;Average net earnings;A;Normal value
2403040104IND01;RS;REPUBLIC OF SERBIA;04;2022;5_AD3;Administration - autonomous  province level;83758;RSD;RSD;SORS;Average net earnings;A;Normal value
2403040104IND01;RS;REPUBLIC OF SERBIA;04;2022;5_AD4;Administration - local authorities’ level;64700;RSD;RSD;SORS;Average net earnings;A;Normal value
2403040104IND01;RS;REPUBLIC OF SERBIA;04;2023;0;Total;83812;RSD;RSD;SORS;Average net earnings;A;Normal value
2403040104IND01;RS;REPUBLIC OF SERBIA;04;2023;0_JP_JD_JL;Public enterprises;92691;RSD;RSD;SORS;Average net earnings;A;Normal value
2403040104IND01;RS;REPUBLIC OF SERBIA;04;2023;0_JS;Public sector;88385;RSD;RSD;SORS;Average net earnings;A;Normal value
2403040104IND01;RS;REPUBLIC OF SERBIA;04;2023;0_VJS;Non-public sector;81968;RSD;RSD;SORS;Average net earnings;A;Normal value
2403040104IND01;RS;REPUBLIC OF SERBIA;04;2023;1_JD;Public state enterprises;104591;RSD;RSD;SORS;Average net earnings;A;Normal value
2403040104IND01;RS;REPUBLIC OF SERBIA;04;2023;2_JL;Public local enterprises;76373;RSD;RSD;SORS;Average net earnings;A;Normal value
2403040104IND01;RS;REPUBLIC OF SERBIA;04;2023;3_4_5_BK;General government;87042;RSD;RSD;SORS;Average net earnings;A;Normal value
2403040104IND01;RS;REPUBLIC OF SERBIA;04;2023;3_ZS;Health and social work;87178;RSD;RSD;SORS;Average net earnings;A;Normal value
2403040104IND01;RS;REPUBLIC OF SERBIA;04;2023;4_OK;Education and culture;78231;RSD;RSD;SORS;Average net earnings;A;Normal value
2403040104IND01;RS;REPUBLIC OF SERBIA;04;2023;5_AD;Administration - all levels;95116;RSD;RSD;SORS;Average net earnings;A;Normal value
2403040104IND01;RS;REPUBLIC OF SERBIA;04;2023;5_AD2;Administration - government  level;99626;RSD;RSD;SORS;Average net earnings;A;Normal value
2403040104IND01;RS;REPUBLIC OF SERBIA;04;2023;5_AD3;Administration - autonomous  province level;97180;RSD;RSD;SORS;Average net earnings;A;Normal value
2403040104IND01;RS;REPUBLIC OF SERBIA;04;2023;5_AD4;Administration - local authorities’ level;72830;RSD;RSD;SORS;Average net earnings;A;Normal value
2403040104IND01;RS;REPUBLIC OF SERBIA;04;2024;0;Total;96614;RSD;RSD;SORS;Average net earnings;A;Normal value
2403040104IND01;RS;REPUBLIC OF SERBIA;04;2024;0_JP_JD_JL;Public enterprises;107646;RSD;RSD;SORS;Average net earnings;A;Normal value
2403040104IND01;RS;REPUBLIC OF SERBIA;04;2024;0_JS;Public sector;101031;RSD;RSD;SORS;Average net earnings;A;Normal value
2403040104IND01;RS;REPUBLIC OF SERBIA;04;2024;0_VJS;Non-public sector;94836;RSD;RSD;SORS;Average net earnings;A;Normal value
2403040104IND01;RS;REPUBLIC OF SERBIA;04;2024;1_JD;Public state enterprises;121425;RSD;RSD;SORS;Average net earnings;A;Normal value
2403040104IND01;RS;REPUBLIC OF SERBIA;04;2024;2_JL;Public local enterprises;89023;RSD;RSD;SORS;Average net earnings;A;Normal value
2403040104IND01;RS;REPUBLIC OF SERBIA;04;2024;3_4_5_BK;General government;98982;RSD;RSD;SORS;Average net earnings;A;Normal value
2403040104IND01;RS;REPUBLIC OF SERBIA;04;2024;3_ZS;Health and social work;97024;RSD;RSD;SORS;Average net earnings;A;Normal value
2403040104IND01;RS;REPUBLIC OF SERBIA;04;2024;4_OK;Education and culture;93548;RSD;RSD;SORS;Average net earnings;A;Normal value
2403040104IND01;RS;REPUBLIC OF SERBIA;04;2024;5_AD;Administration - all levels;105883;RSD;RSD;SORS;Average net earnings;A;Normal value
2403040104IND01;RS;REPUBLIC OF SERBIA;04;2024;5_AD2;Administration - government  level;110438;RSD;RSD;SORS;Average net earnings;A;Normal value
2403040104IND01;RS;REPUBLIC OF SERBIA;04;2024;5_AD3;Administration - autonomous  province level;106549;RSD;RSD;SORS;Average net earnings;A;Normal value
2403040104IND01;RS;REPUBLIC OF SERBIA;04;2024;5_AD4;Administration - local authorities’ level;83300;RSD;RSD;SORS;Average net earnings;A;Normal value
2403040104IND01;RS;REPUBLIC OF SERBIA;04;2025;0;Total;109272;RSD;RSD;SORS;Average net earnings;A;Normal value
2403040104IND01;RS;REPUBLIC OF SERBIA;04;2025;0_JP_JD_JL;Public enterprises;123646;RSD;RSD;SORS;Average net earnings;A;Normal value
2403040104IND01;RS;REPUBLIC OF SERBIA;04;2025;0_JS;Public sector;113703;RSD;RSD;SORS;Average net earnings;A;Normal value
2403040104IND01;RS;REPUBLIC OF SERBIA;04;2025;0_VJS;Non-public sector;107518;RSD;RSD;SORS;Average net earnings;A;Normal value
2403040104IND01;RS;REPUBLIC OF SERBIA;04;2025;1_JD;Public state enterprises;138236;RSD;RSD;SORS;Average net earnings;A;Normal value
2403040104IND01;RS;REPUBLIC OF SERBIA;04;2025;2_JL;Public local enterprises;103810;RSD;RSD;SORS;Average net earnings;A;Normal value
2403040104IND01;RS;REPUBLIC OF SERBIA;04;2025;3_4_5_BK;General government;110649;RSD;RSD;SORS;Average net earnings;A;Normal value
2403040104IND01;RS;REPUBLIC OF SERBIA;04;2025;3_ZS;Health and social work;109515;RSD;RSD;SORS;Average net earnings;A;Normal value
2403040104IND01;RS;REPUBLIC OF SERBIA;04;2025;4_OK;Education and culture;100516;RSD;RSD;SORS;Average net earnings;A;Normal value
2403040104IND01;RS;REPUBLIC OF SERBIA;04;2025;5_AD;Administration - all levels;120799;RSD;RSD;SORS;Average net earnings;A;Normal value
2403040104IND01;RS;REPUBLIC OF SERBIA;04;2025;5_AD2;Administration - government  level;126668;RSD;RSD;SORS;Average net earnings;A;Normal value
2403040104IND01;RS;REPUBLIC OF SERBIA;04;2025;5_AD3;Administration - autonomous  province level;115755;RSD;RSD;SORS;Average net earnings;A;Normal value
2403040104IND01;RS;REPUBLIC OF SERBIA;04;2025;5_AD4;Administration - local authorities’ level;92096;RSD;RSD;SORS;Average net earnings;A;Normal value
2403040104IND01;RS;REPUBLIC OF SERBIA;05;2003;0;Total;11043;RSD;RSD;SORS;Average net earnings;A;Normal value
2403040104IND01;RS;REPUBLIC OF SERBIA;05;2003;0_JP_JD_JL;Public enterprises;16757;RSD;RSD;SORS;Average net earnings;A;Normal value
2403040104IND01;RS;REPUBLIC OF SERBIA;05;2003;0_JS;Public sector;14214;RSD;RSD;SORS;Average net earnings;A;Normal value
2403040104IND01;RS;REPUBLIC OF SERBIA;05;2003;0_VJS;Non-public sector;8892;RSD;RSD;SORS;Average net earnings;A;Normal value
2403040104IND01;RS;REPUBLIC OF SERBIA;05;2003;1_JD;Public state enterprises;17653;RSD;RSD;SORS;Average net earnings;A;Normal value
2403040104IND01;RS;REPUBLIC OF SERBIA;05;2003;2_JL;Public local enterprises;14661;RSD;RSD;SORS;Average net earnings;A;Normal value
2403040104IND01;RS;REPUBLIC OF SERBIA;05;2003;3_4_5_BK;General government;12774;RSD;RSD;SORS;Average net earnings;A;Normal value
2403040104IND01;RS;REPUBLIC OF SERBIA;05;2003;3_ZS;Health and social work;12662;RSD;RSD;SORS;Average net earnings;A;Normal value
2403040104IND01;RS;REPUBLIC OF SERBIA;05;2003;4_OK;Education and culture;12884;RSD;RSD;SORS;Average net earnings;A;Normal value
2403040104IND01;RS;REPUBLIC OF SERBIA;05;2003;5_AD;Administration - all levels;12835;RSD;RSD;SORS;Average net earnings;A;Normal value
2403040104IND01;RS;REPUBLIC OF SERBIA;05;2003;5_AD2;Administration - government  level;;RSD;RSD;SORS;Average net earnings;O;Not available
2403040104IND01;RS;REPUBLIC OF SERBIA;05;2003;5_AD3;Administration - autonomous  province level;;RSD;RSD;SORS;Average net earnings;O;Not available
2403040104IND01;RS;REPUBLIC OF SERBIA;05;2003;5_AD4;Administration - local authorities’ level;;RSD;RSD;SORS;Average net earnings;O;Not available
2403040104IND01;RS;REPUBLIC OF SERBIA;05;2004;0;Total;13455;RSD;RSD;SORS;Average net earnings;A;Normal value
2403040104IND01;RS;REPUBLIC OF SERBIA;05;2004;0_JP_JD_JL;Public enterprises;18771;RSD;RSD;SORS;Average net earnings;A;Normal value
2403040104IND01;RS;REPUBLIC OF SERBIA;05;2004;0_JS;Public sector;16819;RSD;RSD;SORS;Average net earnings;A;Normal value
2403040104IND01;RS;REPUBLIC OF SERBIA;05;2004;0_VJS;Non-public sector;10931;RSD;RSD;SORS;Average net earnings;A;Normal value
2403040104IND01;RS;REPUBLIC OF SERBIA;05;2004;1_JD;Public state enterprises;18945;RSD;RSD;SORS;Average net earnings;A;Normal value
2403040104IND01;RS;REPUBLIC OF SERBIA;05;2004;2_JL;Public local enterprises;18387;RSD;RSD;SORS;Average net earnings;A;Normal value
2403040104IND01;RS;REPUBLIC OF SERBIA;05;2004;3_4_5_BK;General government;15742;RSD;RSD;SORS;Average net earnings;A;Normal value
2403040104IND01;RS;REPUBLIC OF SERBIA;05;2004;3_ZS;Health and social work;15152;RSD;RSD;SORS;Average net earnings;A;Normal value
2403040104IND01;RS;REPUBLIC OF SERBIA;05;2004;4_OK;Education and culture;15254;RSD;RSD;SORS;Average net earnings;A;Normal value
2403040104IND01;RS;REPUBLIC OF SERBIA;05;2004;5_AD;Administration - all levels;18033;RSD;RSD;SORS;Average net earnings;A;Normal value
2403040104IND01;RS;REPUBLIC OF SERBIA;05;2004;5_AD2;Administration - government  level;;RSD;RSD;SORS;Average net earnings;O;Not available
2403040104IND01;RS;REPUBLIC OF SERBIA;05;2004;5_AD3;Administration - autonomous  province level;;RSD;RSD;SORS;Average net earnings;O;Not available
2403040104IND01;RS;REPUBLIC OF SERBIA;05;2004;5_AD4;Administration - local authorities’ level;;RSD;RSD;SORS;Average net earnings;O;Not available
2403040104IND01;RS;REPUBLIC OF SERBIA;05;2005;0;Total;16731;RSD;RSD;SORS;Average net earnings;A;Normal value
2403040104IND01;RS;REPUBLIC OF SERBIA;05;2005;0_JP_JD_JL;Public enterprises;22262;RSD;RSD;SORS;Average net earnings;A;Normal value
2403040104IND01;RS;REPUBLIC OF SERBIA;05;2005;0_JS;Public sector;20448;RSD;RSD;SORS;Average net earnings;A;Normal value
2403040104IND01;RS;REPUBLIC OF SERBIA;05;2005;0_VJS;Non-public sector;13579;RSD;RSD;SORS;Average net earnings;A;Normal value
2403040104IND01;RS;REPUBLIC OF SERBIA;05;2005;1_JD;Public state enterprises;22384;RSD;RSD;SORS;Average net earnings;A;Normal value
2403040104IND01;RS;REPUBLIC OF SERBIA;05;2005;2_JL;Public local enterprises;22024;RSD;RSD;SORS;Average net earnings;A;Normal value
2403040104IND01;RS;REPUBLIC OF SERBIA;05;2005;3_4_5_BK;General government;19457;RSD;RSD;SORS;Average net earnings;A;Normal value
2403040104IND01;RS;REPUBLIC OF SERBIA;05;2005;3_ZS;Health and social work;18029;RSD;RSD;SORS;Average net earnings;A;Normal value
2403040104IND01;RS;REPUBLIC OF SERBIA;05;2005;4_OK;Education and culture;19273;RSD;RSD;SORS;Average net earnings;A;Normal value
2403040104IND01;RS;REPUBLIC OF SERBIA;05;2005;5_AD;Administration - all levels;23137;RSD;RSD;SORS;Average net earnings;A;Normal value
2403040104IND01;RS;REPUBLIC OF SERBIA;05;2005;5_AD2;Administration - government  level;;RSD;RSD;SORS;Average net earnings;O;Not available
2403040104IND01;RS;REPUBLIC OF SERBIA;05;2005;5_AD3;Administration - autonomous  province level;;RSD;RSD;SORS;Average net earnings;O;Not available
2403040104IND01;RS;REPUBLIC OF SERBIA;05;2005;5_AD4;Administration - local authorities’ level;;RSD;RSD;SORS;Average net earnings;O;Not available
2403040104IND01;RS;REPUBLIC OF SERBIA;05;2006;0;Total;20713;RSD;RSD;SORS;Average net earnings;A;Normal value
2403040104IND01;RS;REPUBLIC OF SERBIA;05;2006;0_JP_JD_JL;Public enterprises;26275;RSD;RSD;SORS;Average net earnings;A;Normal value
2403040104IND01;RS;REPUBLIC OF SERBIA;05;2006;0_JS;Public sector;23905;RSD;RSD;SORS;Average net earnings;A;Normal value
2403040104IND01;RS;REPUBLIC OF SERBIA;05;2006;0_VJS;Non-public sector;17931;RSD;RSD;SORS;Average net earnings;A;Normal value
2403040104IND01;RS;REPUBLIC OF SERBIA;05;2006;1_JD;Public state enterprises;26691;RSD;RSD;SORS;Average net earnings;A;Normal value
2403040104IND01;RS;REPUBLIC OF SERBIA;05;2006;2_JL;Public local enterprises;25560;RSD;RSD;SORS;Average net earnings;A;Normal value
2403040104IND01;RS;REPUBLIC OF SERBIA;05;2006;3_4_5_BK;General government;22680;RSD;RSD;SORS;Average net earnings;A;Normal value
2403040104IND01;RS;REPUBLIC OF SERBIA;05;2006;3_ZS;Health and social work;21526;RSD;RSD;SORS;Average net earnings;A;Normal value
2403040104IND01;RS;REPUBLIC OF SERBIA;05;2006;4_OK;Education and culture;21917;RSD;RSD;SORS;Average net earnings;A;Normal value
2403040104IND01;RS;REPUBLIC OF SERBIA;05;2006;5_AD;Administration - all levels;26919;RSD;RSD;SORS;Average net earnings;A;Normal value
2403040104IND01;RS;REPUBLIC OF SERBIA;05;2006;5_AD2;Administration - government  level;;RSD;RSD;SORS;Average net earnings;O;Not available
2403040104IND01;RS;REPUBLIC OF SERBIA;05;2006;5_AD3;Administration - autonomous  province level;;RSD;RSD;SORS;Average net earnings;O;Not available
2403040104IND01;RS;REPUBLIC OF SERBIA;05;2006;5_AD4;Administration - local authorities’ level;;RSD;RSD;SORS;Average net earnings;O;Not available
2403040104IND01;RS;REPUBLIC OF SERBIA;05;2007;0;Total;26981;RSD;RSD;SORS;Average net earnings;A;Normal value
2403040104IND01;RS;REPUBLIC OF SERBIA;05;2007;0_JP_JD_JL;Public enterprises;33396;RSD;RSD;SORS;Average net earnings;A;Normal value
2403040104IND01;RS;REPUBLIC OF SERBIA;05;2007;0_JS;Public sector;31997;RSD;RSD;SORS;Average net earnings;A;Normal value
2403040104IND01;RS;REPUBLIC OF SERBIA;05;2007;0_VJS;Non-public sector;22198;RSD;RSD;SORS;Average net earnings;A;Normal value
2403040104IND01;RS;REPUBLIC OF SERBIA;05;2007;1_JD;Public state enterprises;35760;RSD;RSD;SORS;Average net earnings;A;Normal value
2403040104IND01;RS;REPUBLIC OF SERBIA;05;2007;2_JL;Public local enterprises;29384;RSD;RSD;SORS;Average net earnings;A;Normal value
2403040104IND01;RS;REPUBLIC OF SERBIA;05;2007;3_4_5_BK;General government;31298;RSD;RSD;SORS;Average net earnings;A;Normal value
2403040104IND01;RS;REPUBLIC OF SERBIA;05;2007;3_ZS;Health and social work;31697;RSD;RSD;SORS;Average net earnings;A;Normal value
2403040104IND01;RS;REPUBLIC OF SERBIA;05;2007;4_OK;Education and culture;29036;RSD;RSD;SORS;Average net earnings;A;Normal value
2403040104IND01;RS;REPUBLIC OF SERBIA;05;2007;5_AD;Administration - all levels;35030;RSD;RSD;SORS;Average net earnings;A;Normal value
2403040104IND01;RS;REPUBLIC OF SERBIA;05;2007;5_AD2;Administration - government  level;;RSD;RSD;SORS;Average net earnings;O;Not available
2403040104IND01;RS;REPUBLIC OF SERBIA;05;2007;5_AD3;Administration - autonomous  province level;;RSD;RSD;SORS;Average net earnings;O;Not available
2403040104IND01;RS;REPUBLIC OF SERBIA;05;2007;5_AD4;Administration - local authorities’ level;;RSD;RSD;SORS;Average net earnings;O;Not available
2403040104IND01;RS;REPUBLIC OF SERBIA;05;2008;0;Total;32147;RSD;RSD;SORS;Average net earnings;A;Normal value
2403040104IND01;RS;REPUBLIC OF SERBIA;05;2008;0_JP_JD_JL;Public enterprises;39434;RSD;RSD;SORS;Average net earnings;A;Normal value
2403040104IND01;RS;REPUBLIC OF SERBIA;05;2008;0_JS;Public sector;37087;RSD;RSD;SORS;Average net earnings;A;Normal value
2403040104IND01;RS;REPUBLIC OF SERBIA;05;2008;0_VJS;Non-public sector;26924;RSD;RSD;SORS;Average net earnings;A;Normal value
2403040104IND01;RS;REPUBLIC OF SERBIA;05;2008;1_JD;Public state enterprises;42329;RSD;RSD;SORS;Average net earnings;A;Normal value
2403040104IND01;RS;REPUBLIC OF SERBIA;05;2008;2_JL;Public local enterprises;34454;RSD;RSD;SORS;Average net earnings;A;Normal value
2403040104IND01;RS;REPUBLIC OF SERBIA;05;2008;3_4_5_BK;General government;35946;RSD;RSD;SORS;Average net earnings;A;Normal value
2403040104IND01;RS;REPUBLIC OF SERBIA;05;2008;3_ZS;Health and social work;35442;RSD;RSD;SORS;Average net earnings;A;Normal value
2403040104IND01;RS;REPUBLIC OF SERBIA;05;2008;4_OK;Education and culture;34775;RSD;RSD;SORS;Average net earnings;A;Normal value
2403040104IND01;RS;REPUBLIC OF SERBIA;05;2008;5_AD;Administration - all levels;39569;RSD;RSD;SORS;Average net earnings;A;Normal value
2403040104IND01;RS;REPUBLIC OF SERBIA;05;2008;5_AD2;Administration - government  level;;RSD;RSD;SORS;Average net earnings;O;Not available
2403040104IND01;RS;REPUBLIC OF SERBIA;05;2008;5_AD3;Administration - autonomous  province level;;RSD;RSD;SORS;Average net earnings;O;Not available
2403040104IND01;RS;REPUBLIC OF SERBIA;05;2008;5_AD4;Administration - local authorities’ level;;RSD;RSD;SORS;Average net earnings;O;Not available
2403040104IND01;RS;REPUBLIC OF SERBIA;05;2009;0;Total;31086;RSD;RSD;SORS;Average net earnings;A;Normal value
2403040104IND01;RS;REPUBLIC OF SERBIA;05;2009;0_JP_JD_JL;Public enterprises;41772;RSD;RSD;SORS;Average net earnings;A;Normal value
2403040104IND01;RS;REPUBLIC OF SERBIA;05;2009;0_JS;Public sector;38606;RSD;RSD;SORS;Average net earnings;A;Normal value
2403040104IND01;RS;REPUBLIC OF SERBIA;05;2009;0_VJS;Non-public sector;25283;RSD;RSD;SORS;Average net earnings;A;Normal value
2403040104IND01;RS;REPUBLIC OF SERBIA;05;2009;1_JD;Public state enterprises;45420;RSD;RSD;SORS;Average net earnings;A;Normal value
2403040104IND01;RS;REPUBLIC OF SERBIA;05;2009;2_JL;Public local enterprises;36098;RSD;RSD;SORS;Average net earnings;A;Normal value
2403040104IND01;RS;REPUBLIC OF SERBIA;05;2009;3_4_5_BK;General government;37203;RSD;RSD;SORS;Average net earnings;A;Normal value
2403040104IND01;RS;REPUBLIC OF SERBIA;05;2009;3_ZS;Health and social work;36696;RSD;RSD;SORS;Average net earnings;A;Normal value
2403040104IND01;RS;REPUBLIC OF SERBIA;05;2009;4_OK;Education and culture;36918;RSD;RSD;SORS;Average net earnings;A;Normal value
2403040104IND01;RS;REPUBLIC OF SERBIA;05;2009;5_AD;Administration - all levels;38886;RSD;RSD;SORS;Average net earnings;A;Normal value
2403040104IND01;RS;REPUBLIC OF SERBIA;05;2009;5_AD2;Administration - government  level;;RSD;RSD;SORS;Average net earnings;O;Not available
2403040104IND01;RS;REPUBLIC OF SERBIA;05;2009;5_AD3;Administration - autonomous  province level;;RSD;RSD;SORS;Average net earnings;O;Not available
2403040104IND01;RS;REPUBLIC OF SERBIA;05;2009;5_AD4;Administration - local authorities’ level;;RSD;RSD;SORS;Average net earnings;O;Not available
2403040104IND01;RS;REPUBLIC OF SERBIA;05;2010;0;Total;33463;RSD;RSD;SORS;Average net earnings;A;Normal value
2403040104IND01;RS;REPUBLIC OF SERBIA;05;2010;0_JP_JD_JL;Public enterprises;43220;RSD;RSD;SORS;Average net earnings;A;Normal value
2403040104IND01;RS;REPUBLIC OF SERBIA;05;2010;0_JS;Public sector;39199;RSD;RSD;SORS;Average net earnings;A;Normal value
2403040104IND01;RS;REPUBLIC OF SERBIA;05;2010;0_VJS;Non-public sector;28663;RSD;RSD;SORS;Average net earnings;A;Normal value
2403040104IND01;RS;REPUBLIC OF SERBIA;05;2010;1_JD;Public state enterprises;46873;RSD;RSD;SORS;Average net earnings;A;Normal value
2403040104IND01;RS;REPUBLIC OF SERBIA;05;2010;2_JL;Public local enterprises;37603;RSD;RSD;SORS;Average net earnings;A;Normal value
2403040104IND01;RS;REPUBLIC OF SERBIA;05;2010;3_4_5_BK;General government;37460;RSD;RSD;SORS;Average net earnings;A;Normal value
2403040104IND01;RS;REPUBLIC OF SERBIA;05;2010;3_ZS;Health and social work;37089;RSD;RSD;SORS;Average net earnings;A;Normal value
2403040104IND01;RS;REPUBLIC OF SERBIA;05;2010;4_OK;Education and culture;36710;RSD;RSD;SORS;Average net earnings;A;Normal value
2403040104IND01;RS;REPUBLIC OF SERBIA;05;2010;5_AD;Administration - all levels;39784;RSD;RSD;SORS;Average net earnings;A;Normal value
2403040104IND01;RS;REPUBLIC OF SERBIA;05;2010;5_AD2;Administration - government  level;;RSD;RSD;SORS;Average net earnings;O;Not available
2403040104IND01;RS;REPUBLIC OF SERBIA;05;2010;5_AD3;Administration - autonomous  province level;;RSD;RSD;SORS;Average net earnings;O;Not available
2403040104IND01;RS;REPUBLIC OF SERBIA;05;2010;5_AD4;Administration - local authorities’ level;;RSD;RSD;SORS;Average net earnings;O;Not available
2403040104IND01;RS;REPUBLIC OF SERBIA;05;2011;0;Total;35362;RSD;RSD;SORS;Average net earnings;A;Normal value
2403040104IND01;RS;REPUBLIC OF SERBIA;05;2011;0_JP_JD_JL;Public enterprises;48731;RSD;RSD;SORS;Average net earnings;A;Normal value
2403040104IND01;RS;REPUBLIC OF SERBIA;05;2011;0_JS;Public sector;40724;RSD;RSD;SORS;Average net earnings;A;Normal value
2403040104IND01;RS;REPUBLIC OF SERBIA;05;2011;0_VJS;Non-public sector;30799;RSD;RSD;SORS;Average net earnings;A;Normal value
2403040104IND01;RS;REPUBLIC OF SERBIA;05;2011;1_JD;Public state enterprises;53953;RSD;RSD;SORS;Average net earnings;A;Normal value
2403040104IND01;RS;REPUBLIC OF SERBIA;05;2011;2_JL;Public local enterprises;41000;RSD;RSD;SORS;Average net earnings;A;Normal value
2403040104IND01;RS;REPUBLIC OF SERBIA;05;2011;3_4_5_BK;General government;37290;RSD;RSD;SORS;Average net earnings;A;Normal value
2403040104IND01;RS;REPUBLIC OF SERBIA;05;2011;3_ZS;Health and social work;31507;RSD;RSD;SORS;Average net earnings;A;Normal value
2403040104IND01;RS;REPUBLIC OF SERBIA;05;2011;4_OK;Education and culture;39685;RSD;RSD;SORS;Average net earnings;A;Normal value
2403040104IND01;RS;REPUBLIC OF SERBIA;05;2011;5_AD;Administration - all levels;45873;RSD;RSD;SORS;Average net earnings;A;Normal value
2403040104IND01;RS;REPUBLIC OF SERBIA;05;2011;5_AD2;Administration - government  level;;RSD;RSD;SORS;Average net earnings;O;Not available
2403040104IND01;RS;REPUBLIC OF SERBIA;05;2011;5_AD3;Administration - autonomous  province level;;RSD;RSD;SORS;Average net earnings;O;Not available
2403040104IND01;RS;REPUBLIC OF SERBIA;05;2011;5_AD4;Administration - local authorities’ level;;RSD;RSD;SORS;Average net earnings;O;Not available
2403040104IND01;RS;REPUBLIC OF SERBIA;05;2012;0;Total;40442;RSD;RSD;SORS;Average net earnings;A;Normal value
2403040104IND01;RS;REPUBLIC OF SERBIA;05;2012;0_JP_JD_JL;Public enterprises;51907;RSD;RSD;SORS;Average net earnings;A;Normal value
2403040104IND01;RS;REPUBLIC OF SERBIA;05;2012;0_JS;Public sector;46594;RSD;RSD;SORS;Average net earnings;A;Normal value
2403040104IND01;RS;REPUBLIC OF SERBIA;05;2012;0_VJS;Non-public sector;34879;RSD;RSD;SORS;Average net earnings;A;Normal value
2403040104IND01;RS;REPUBLIC OF SERBIA;05;2012;1_JD;Public state enterprises;58174;RSD;RSD;SORS;Average net earnings;A;Normal value
2403040104IND01;RS;REPUBLIC OF SERBIA;05;2012;2_JL;Public local enterprises;42663;RSD;RSD;SORS;Average net earnings;A;Normal value
2403040104IND01;RS;REPUBLIC OF SERBIA;05;2012;3_4_5_BK;General government;44291;RSD;RSD;SORS;Average net earnings;A;Normal value
2403040104IND01;RS;REPUBLIC OF SERBIA;05;2012;3_ZS;Health and social work;43077;RSD;RSD;SORS;Average net earnings;A;Normal value
2403040104IND01;RS;REPUBLIC OF SERBIA;05;2012;4_OK;Education and culture;41560;RSD;RSD;SORS;Average net earnings;A;Normal value
2403040104IND01;RS;REPUBLIC OF SERBIA;05;2012;5_AD;Administration - all levels;52269;RSD;RSD;SORS;Average net earnings;A;Normal value
2403040104IND01;RS;REPUBLIC OF SERBIA;05;2012;5_AD2;Administration - government  level;;RSD;RSD;SORS;Average net earnings;O;Not available
2403040104IND01;RS;REPUBLIC OF SERBIA;05;2012;5_AD3;Administration - autonomous  province level;;RSD;RSD;SORS;Average net earnings;O;Not available
2403040104IND01;RS;REPUBLIC OF SERBIA;05;2012;5_AD4;Administration - local authorities’ level;;RSD;RSD;SORS;Average net earnings;O;Not available
2403040104IND01;RS;REPUBLIC OF SERBIA;05;2013;0;Total;41821;RSD;RSD;SORS;Average net earnings;A;Normal value
2403040104IND01;RS;REPUBLIC OF SERBIA;05;2013;0_JP_JD_JL;Public enterprises;53224;RSD;RSD;SORS;Average net earnings;A;Normal value
2403040104IND01;RS;REPUBLIC OF SERBIA;05;2013;0_JS;Public sector;47282;RSD;RSD;SORS;Average net earnings;A;Normal value
2403040104IND01;RS;REPUBLIC OF SERBIA;05;2013;0_VJS;Non-public sector;36315;RSD;RSD;SORS;Average net earnings;A;Normal value
2403040104IND01;RS;REPUBLIC OF SERBIA;05;2013;1_JD;Public state enterprises;60179;RSD;RSD;SORS;Average net earnings;A;Normal value
2403040104IND01;RS;REPUBLIC OF SERBIA;05;2013;2_JL;Public local enterprises;43196;RSD;RSD;SORS;Average net earnings;A;Normal value
2403040104IND01;RS;REPUBLIC OF SERBIA;05;2013;3_4_5_BK;General government;44712;RSD;RSD;SORS;Average net earnings;A;Normal value
2403040104IND01;RS;REPUBLIC OF SERBIA;05;2013;3_ZS;Health and social work;43607;RSD;RSD;SORS;Average net earnings;A;Normal value
2403040104IND01;RS;REPUBLIC OF SERBIA;05;2013;4_OK;Education and culture;43008;RSD;RSD;SORS;Average net earnings;A;Normal value
2403040104IND01;RS;REPUBLIC OF SERBIA;05;2013;5_AD;Administration - all levels;50344;RSD;RSD;SORS;Average net earnings;A;Normal value
2403040104IND01;RS;REPUBLIC OF SERBIA;05;2013;5_AD2;Administration - government  level;;RSD;RSD;SORS;Average net earnings;O;Not available
2403040104IND01;RS;REPUBLIC OF SERBIA;05;2013;5_AD3;Administration - autonomous  province level;;RSD;RSD;SORS;Average net earnings;O;Not available
2403040104IND01;RS;REPUBLIC OF SERBIA;05;2013;5_AD4;Administration - local authorities’ level;;RSD;RSD;SORS;Average net earnings;O;Not available
2403040104IND01;RS;REPUBLIC OF SERBIA;05;2014;0;Total;44184;RSD;RSD;SORS;Average net earnings;A;Normal value
2403040104IND01;RS;REPUBLIC OF SERBIA;05;2014;0_JP_JD_JL;Public enterprises;57762;RSD;RSD;SORS;Average net earnings;A;Normal value
2403040104IND01;RS;REPUBLIC OF SERBIA;05;2014;0_JS;Public sector;50450;RSD;RSD;SORS;Average net earnings;A;Normal value
2403040104IND01;RS;REPUBLIC OF SERBIA;05;2014;0_VJS;Non-public sector;38300;RSD;RSD;SORS;Average net earnings;A;Normal value
2403040104IND01;RS;REPUBLIC OF SERBIA;05;2014;1_JD;Public state enterprises;67387;RSD;RSD;SORS;Average net earnings;A;Normal value
2403040104IND01;RS;REPUBLIC OF SERBIA;05;2014;2_JL;Public local enterprises;43826;RSD;RSD;SORS;Average net earnings;A;Normal value
2403040104IND01;RS;REPUBLIC OF SERBIA;05;2014;3_4_5_BK;General government;47300;RSD;RSD;SORS;Average net earnings;A;Normal value
2403040104IND01;RS;REPUBLIC OF SERBIA;05;2014;3_ZS;Health and social work;46264;RSD;RSD;SORS;Average net earnings;A;Normal value
2403040104IND01;RS;REPUBLIC OF SERBIA;05;2014;4_OK;Education and culture;44148;RSD;RSD;SORS;Average net earnings;A;Normal value
2403040104IND01;RS;REPUBLIC OF SERBIA;05;2014;5_AD;Administration - all levels;55700;RSD;RSD;SORS;Average net earnings;A;Normal value
2403040104IND01;RS;REPUBLIC OF SERBIA;05;2014;5_AD2;Administration - government  level;;RSD;RSD;SORS;Average net earnings;O;Not available
2403040104IND01;RS;REPUBLIC OF SERBIA;05;2014;5_AD3;Administration - autonomous  province level;;RSD;RSD;SORS;Average net earnings;O;Not available
2403040104IND01;RS;REPUBLIC OF SERBIA;05;2014;5_AD4;Administration - local authorities’ level;;RSD;RSD;SORS;Average net earnings;O;Not available
2403040104IND01;RS;REPUBLIC OF SERBIA;05;2015;0;Total;43964;RSD;RSD;SORS;Average net earnings;A;Normal value
2403040104IND01;RS;REPUBLIC OF SERBIA;05;2015;0_JP_JD_JL;Public enterprises;57834;RSD;RSD;SORS;Average net earnings;A;Normal value
2403040104IND01;RS;REPUBLIC OF SERBIA;05;2015;0_JS;Public sector;47268;RSD;RSD;SORS;Average net earnings;A;Normal value
2403040104IND01;RS;REPUBLIC OF SERBIA;05;2015;0_VJS;Non-public sector;40989;RSD;RSD;SORS;Average net earnings;A;Normal value
2403040104IND01;RS;REPUBLIC OF SERBIA;05;2015;1_JD;Public state enterprises;68815;RSD;RSD;SORS;Average net earnings;A;Normal value
2403040104IND01;RS;REPUBLIC OF SERBIA;05;2015;2_JL;Public local enterprises;42436;RSD;RSD;SORS;Average net earnings;A;Normal value
2403040104IND01;RS;REPUBLIC OF SERBIA;05;2015;3_4_5_BK;General government;42614;RSD;RSD;SORS;Average net earnings;A;Normal value
2403040104IND01;RS;REPUBLIC OF SERBIA;05;2015;3_ZS;Health and social work;42015;RSD;RSD;SORS;Average net earnings;A;Normal value
2403040104IND01;RS;REPUBLIC OF SERBIA;05;2015;4_OK;Education and culture;40660;RSD;RSD;SORS;Average net earnings;A;Normal value
2403040104IND01;RS;REPUBLIC OF SERBIA;05;2015;5_AD;Administration - all levels;47778;RSD;RSD;SORS;Average net earnings;A;Normal value
2403040104IND01;RS;REPUBLIC OF SERBIA;05;2015;5_AD2;Administration - government  level;;RSD;RSD;SORS;Average net earnings;O;Not available
2403040104IND01;RS;REPUBLIC OF SERBIA;05;2015;5_AD3;Administration - autonomous  province level;;RSD;RSD;SORS;Average net earnings;O;Not available
2403040104IND01;RS;REPUBLIC OF SERBIA;05;2015;5_AD4;Administration - local authorities’ level;;RSD;RSD;SORS;Average net earnings;O;Not available
2403040104IND01;RS;REPUBLIC OF SERBIA;05;2016;0;Total;43951;RSD;RSD;SORS;Average net earnings;A;Normal value
2403040104IND01;RS;REPUBLIC OF SERBIA;05;2016;0_JP_JD_JL;Public enterprises;54778;RSD;RSD;SORS;Average net earnings;A;Normal value
2403040104IND01;RS;REPUBLIC OF SERBIA;05;2016;0_JS;Public sector;46125;RSD;RSD;SORS;Average net earnings;A;Normal value
2403040104IND01;RS;REPUBLIC OF SERBIA;05;2016;0_VJS;Non-public sector;41984;RSD;RSD;SORS;Average net earnings;A;Normal value
2403040104IND01;RS;REPUBLIC OF SERBIA;05;2016;1_JD;Public state enterprises;63501;RSD;RSD;SORS;Average net earnings;A;Normal value
2403040104IND01;RS;REPUBLIC OF SERBIA;05;2016;2_JL;Public local enterprises;42527;RSD;RSD;SORS;Average net earnings;A;Normal value
2403040104IND01;RS;REPUBLIC OF SERBIA;05;2016;3_4_5_BK;General government;42337;RSD;RSD;SORS;Average net earnings;A;Normal value
2403040104IND01;RS;REPUBLIC OF SERBIA;05;2016;3_ZS;Health and social work;41486;RSD;RSD;SORS;Average net earnings;A;Normal value
2403040104IND01;RS;REPUBLIC OF SERBIA;05;2016;4_OK;Education and culture;40823;RSD;RSD;SORS;Average net earnings;A;Normal value
2403040104IND01;RS;REPUBLIC OF SERBIA;05;2016;5_AD;Administration - all levels;47208;RSD;RSD;SORS;Average net earnings;A;Normal value
2403040104IND01;RS;REPUBLIC OF SERBIA;05;2016;5_AD2;Administration - government  level;;RSD;RSD;SORS;Average net earnings;O;Not available
2403040104IND01;RS;REPUBLIC OF SERBIA;05;2016;5_AD3;Administration - autonomous  province level;;RSD;RSD;SORS;Average net earnings;O;Not available
2403040104IND01;RS;REPUBLIC OF SERBIA;05;2016;5_AD4;Administration - local authorities’ level;;RSD;RSD;SORS;Average net earnings;O;Not available
2403040104IND01;RS;REPUBLIC OF SERBIA;05;2017;0;Total;47136;RSD;RSD;SORS;Average net earnings;A;Normal value
2403040104IND01;RS;REPUBLIC OF SERBIA;05;2017;0_JP_JD_JL;Public enterprises;57575;RSD;RSD;SORS;Average net earnings;A;Normal value
2403040104IND01;RS;REPUBLIC OF SERBIA;05;2017;0_JS;Public sector;48430;RSD;RSD;SORS;Average net earnings;A;Normal value
2403040104IND01;RS;REPUBLIC OF SERBIA;05;2017;0_VJS;Non-public sector;45991;RSD;RSD;SORS;Average net earnings;A;Normal value
2403040104IND01;RS;REPUBLIC OF SERBIA;05;2017;1_JD;Public state enterprises;67324;RSD;RSD;SORS;Average net earnings;A;Normal value
2403040104IND01;RS;REPUBLIC OF SERBIA;05;2017;2_JL;Public local enterprises;44321;RSD;RSD;SORS;Average net earnings;A;Normal value
2403040104IND01;RS;REPUBLIC OF SERBIA;05;2017;3_4_5_BK;General government;44553;RSD;RSD;SORS;Average net earnings;A;Normal value
2403040104IND01;RS;REPUBLIC OF SERBIA;05;2017;3_ZS;Health and social work;44703;RSD;RSD;SORS;Average net earnings;A;Normal value
2403040104IND01;RS;REPUBLIC OF SERBIA;05;2017;4_OK;Education and culture;42576;RSD;RSD;SORS;Average net earnings;A;Normal value
2403040104IND01;RS;REPUBLIC OF SERBIA;05;2017;5_AD;Administration - all levels;48214;RSD;RSD;SORS;Average net earnings;A;Normal value
2403040104IND01;RS;REPUBLIC OF SERBIA;05;2017;5_AD2;Administration - government  level;;RSD;RSD;SORS;Average net earnings;O;Not available
2403040104IND01;RS;REPUBLIC OF SERBIA;05;2017;5_AD3;Administration - autonomous  province level;;RSD;RSD;SORS;Average net earnings;O;Not available
2403040104IND01;RS;REPUBLIC OF SERBIA;05;2017;5_AD4;Administration - local authorities’ level;;RSD;RSD;SORS;Average net earnings;O;Not available
2403040104IND01;RS;REPUBLIC OF SERBIA;05;2018;0;Total;50377;RSD;RSD;SORS;Average net earnings;A;Normal value
2403040104IND01;RS;REPUBLIC OF SERBIA;05;2018;0_JP_JD_JL;Public enterprises;61124;RSD;RSD;SORS;Average net earnings;A;Normal value
2403040104IND01;RS;REPUBLIC OF SERBIA;05;2018;0_JS;Public sector;56268;RSD;RSD;SORS;Average net earnings;A;Normal value
2403040104IND01;RS;REPUBLIC OF SERBIA;05;2018;0_VJS;Non-public sector;47435;RSD;RSD;SORS;Average net earnings;A;Normal value
2403040104IND01;RS;REPUBLIC OF SERBIA;05;2018;1_JD;Public state enterprises;69513;RSD;RSD;SORS;Average net earnings;A;Normal value
2403040104IND01;RS;REPUBLIC OF SERBIA;05;2018;2_JL;Public local enterprises;48624;RSD;RSD;SORS;Average net earnings;A;Normal value
2403040104IND01;RS;REPUBLIC OF SERBIA;05;2018;3_4_5_BK;General government;54666;RSD;RSD;SORS;Average net earnings;A;Normal value
2403040104IND01;RS;REPUBLIC OF SERBIA;05;2018;3_ZS;Health and social work;51123;RSD;RSD;SORS;Average net earnings;A;Normal value
2403040104IND01;RS;REPUBLIC OF SERBIA;05;2018;4_OK;Education and culture;53045;RSD;RSD;SORS;Average net earnings;A;Normal value
2403040104IND01;RS;REPUBLIC OF SERBIA;05;2018;5_AD;Administration - all levels;59365;RSD;RSD;SORS;Average net earnings;A;Normal value
2403040104IND01;RS;REPUBLIC OF SERBIA;05;2018;5_AD2;Administration - government  level;61638;RSD;RSD;SORS;Average net earnings;A;Normal value
2403040104IND01;RS;REPUBLIC OF SERBIA;05;2018;5_AD3;Administration - autonomous  province level;62003;RSD;RSD;SORS;Average net earnings;A;Normal value
2403040104IND01;RS;REPUBLIC OF SERBIA;05;2018;5_AD4;Administration - local authorities’ level;47962;RSD;RSD;SORS;Average net earnings;A;Normal value
2403040104IND01;RS;REPUBLIC OF SERBIA;05;2019;0;Total;55380;RSD;RSD;SORS;Average net earnings;A;Normal value
2403040104IND01;RS;REPUBLIC OF SERBIA;05;2019;0_JP_JD_JL;Public enterprises;66564;RSD;RSD;SORS;Average net earnings;A;Normal value
2403040104IND01;RS;REPUBLIC OF SERBIA;05;2019;0_JS;Public sector;61449;RSD;RSD;SORS;Average net earnings;A;Normal value
2403040104IND01;RS;REPUBLIC OF SERBIA;05;2019;0_VJS;Non-public sector;52546;RSD;RSD;SORS;Average net earnings;A;Normal value
2403040104IND01;RS;REPUBLIC OF SERBIA;05;2019;1_JD;Public state enterprises;76285;RSD;RSD;SORS;Average net earnings;A;Normal value
2403040104IND01;RS;REPUBLIC OF SERBIA;05;2019;2_JL;Public local enterprises;53161;RSD;RSD;SORS;Average net earnings;A;Normal value
2403040104IND01;RS;REPUBLIC OF SERBIA;05;2019;3_4_5_BK;General government;59803;RSD;RSD;SORS;Average net earnings;A;Normal value
2403040104IND01;RS;REPUBLIC OF SERBIA;05;2019;3_ZS;Health and social work;56281;RSD;RSD;SORS;Average net earnings;A;Normal value
2403040104IND01;RS;REPUBLIC OF SERBIA;05;2019;4_OK;Education and culture;58215;RSD;RSD;SORS;Average net earnings;A;Normal value
2403040104IND01;RS;REPUBLIC OF SERBIA;05;2019;5_AD;Administration - all levels;64453;RSD;RSD;SORS;Average net earnings;A;Normal value
2403040104IND01;RS;REPUBLIC OF SERBIA;05;2019;5_AD2;Administration - government  level;66883;RSD;RSD;SORS;Average net earnings;A;Normal value
2403040104IND01;RS;REPUBLIC OF SERBIA;05;2019;5_AD3;Administration - autonomous  province level;69625;RSD;RSD;SORS;Average net earnings;A;Normal value
2403040104IND01;RS;REPUBLIC OF SERBIA;05;2019;5_AD4;Administration - local authorities’ level;52110;RSD;RSD;SORS;Average net earnings;A;Normal value
2403040104IND01;RS;REPUBLIC OF SERBIA;05;2020;0;Total;58892;RSD;RSD;SORS;Average net earnings;A;Normal value
2403040104IND01;RS;REPUBLIC OF SERBIA;05;2020;0_JP_JD_JL;Public enterprises;70148;RSD;RSD;SORS;Average net earnings;A;Normal value
2403040104IND01;RS;REPUBLIC OF SERBIA;05;2020;0_JS;Public sector;67534;RSD;RSD;SORS;Average net earnings;A;Normal value
2403040104IND01;RS;REPUBLIC OF SERBIA;05;2020;0_VJS;Non-public sector;55083;RSD;RSD;SORS;Average net earnings;A;Normal value
2403040104IND01;RS;REPUBLIC OF SERBIA;05;2020;1_JD;Public state enterprises;77877;RSD;RSD;SORS;Average net earnings;A;Normal value
2403040104IND01;RS;REPUBLIC OF SERBIA;05;2020;2_JL;Public local enterprises;59443;RSD;RSD;SORS;Average net earnings;A;Normal value
2403040104IND01;RS;REPUBLIC OF SERBIA;05;2020;3_4_5_BK;General government;66693;RSD;RSD;SORS;Average net earnings;A;Normal value
2403040104IND01;RS;REPUBLIC OF SERBIA;05;2020;3_ZS;Health and social work;66540;RSD;RSD;SORS;Average net earnings;A;Normal value
2403040104IND01;RS;REPUBLIC OF SERBIA;05;2020;4_OK;Education and culture;62529;RSD;RSD;SORS;Average net earnings;A;Normal value
2403040104IND01;RS;REPUBLIC OF SERBIA;05;2020;5_AD;Administration - all levels;70633;RSD;RSD;SORS;Average net earnings;A;Normal value
2403040104IND01;RS;REPUBLIC OF SERBIA;05;2020;5_AD2;Administration - government  level;73459;RSD;RSD;SORS;Average net earnings;A;Normal value
2403040104IND01;RS;REPUBLIC OF SERBIA;05;2020;5_AD3;Administration - autonomous  province level;73914;RSD;RSD;SORS;Average net earnings;A;Normal value
2403040104IND01;RS;REPUBLIC OF SERBIA;05;2020;5_AD4;Administration - local authorities’ level;56359;RSD;RSD;SORS;Average net earnings;A;Normal value
2403040104IND01;RS;REPUBLIC OF SERBIA;05;2021;0;Total;65025;RSD;RSD;SORS;Average net earnings;A;Normal value
2403040104IND01;RS;REPUBLIC OF SERBIA;05;2021;0_JP_JD_JL;Public enterprises;73941;RSD;RSD;SORS;Average net earnings;A;Normal value
2403040104IND01;RS;REPUBLIC OF SERBIA;05;2021;0_JS;Public sector;73277;RSD;RSD;SORS;Average net earnings;A;Normal value
2403040104IND01;RS;REPUBLIC OF SERBIA;05;2021;0_VJS;Non-public sector;61529;RSD;RSD;SORS;Average net earnings;A;Normal value
2403040104IND01;RS;REPUBLIC OF SERBIA;05;2021;1_JD;Public state enterprises;82013;RSD;RSD;SORS;Average net earnings;A;Normal value
2403040104IND01;RS;REPUBLIC OF SERBIA;05;2021;2_JL;Public local enterprises;62783;RSD;RSD;SORS;Average net earnings;A;Normal value
2403040104IND01;RS;REPUBLIC OF SERBIA;05;2021;3_4_5_BK;General government;73067;RSD;RSD;SORS;Average net earnings;A;Normal value
2403040104IND01;RS;REPUBLIC OF SERBIA;05;2021;3_ZS;Health and social work;75897;RSD;RSD;SORS;Average net earnings;A;Normal value
2403040104IND01;RS;REPUBLIC OF SERBIA;05;2021;4_OK;Education and culture;66105;RSD;RSD;SORS;Average net earnings;A;Normal value
2403040104IND01;RS;REPUBLIC OF SERBIA;05;2021;5_AD;Administration - all levels;76916;RSD;RSD;SORS;Average net earnings;A;Normal value
2403040104IND01;RS;REPUBLIC OF SERBIA;05;2021;5_AD2;Administration - government  level;80324;RSD;RSD;SORS;Average net earnings;A;Normal value
2403040104IND01;RS;REPUBLIC OF SERBIA;05;2021;5_AD3;Administration - autonomous  province level;78366;RSD;RSD;SORS;Average net earnings;A;Normal value
2403040104IND01;RS;REPUBLIC OF SERBIA;05;2021;5_AD4;Administration - local authorities’ level;60026;RSD;RSD;SORS;Average net earnings;A;Normal value
2403040104IND01;RS;REPUBLIC OF SERBIA;05;2022;0;Total;74168;RSD;RSD;SORS;Average net earnings;A;Normal value
2403040104IND01;RS;REPUBLIC OF SERBIA;05;2022;0_JP_JD_JL;Public enterprises;80394;RSD;RSD;SORS;Average net earnings;A;Normal value
2403040104IND01;RS;REPUBLIC OF SERBIA;05;2022;0_JS;Public sector;78673;RSD;RSD;SORS;Average net earnings;A;Normal value
2403040104IND01;RS;REPUBLIC OF SERBIA;05;2022;0_VJS;Non-public sector;72286;RSD;RSD;SORS;Average net earnings;A;Normal value
2403040104IND01;RS;REPUBLIC OF SERBIA;05;2022;1_JD;Public state enterprises;88699;RSD;RSD;SORS;Average net earnings;A;Normal value
2403040104IND01;RS;REPUBLIC OF SERBIA;05;2022;2_JL;Public local enterprises;68997;RSD;RSD;SORS;Average net earnings;A;Normal value
2403040104IND01;RS;REPUBLIC OF SERBIA;05;2022;3_4_5_BK;General government;78128;RSD;RSD;SORS;Average net earnings;A;Normal value
2403040104IND01;RS;REPUBLIC OF SERBIA;05;2022;3_ZS;Health and social work;79410;RSD;RSD;SORS;Average net earnings;A;Normal value
2403040104IND01;RS;REPUBLIC OF SERBIA;05;2022;4_OK;Education and culture;71642;RSD;RSD;SORS;Average net earnings;A;Normal value
2403040104IND01;RS;REPUBLIC OF SERBIA;05;2022;5_AD;Administration - all levels;82949;RSD;RSD;SORS;Average net earnings;A;Normal value
2403040104IND01;RS;REPUBLIC OF SERBIA;05;2022;5_AD2;Administration - government  level;86593;RSD;RSD;SORS;Average net earnings;A;Normal value
2403040104IND01;RS;REPUBLIC OF SERBIA;05;2022;5_AD3;Administration - autonomous  province level;85112;RSD;RSD;SORS;Average net earnings;A;Normal value
2403040104IND01;RS;REPUBLIC OF SERBIA;05;2022;5_AD4;Administration - local authorities’ level;65058;RSD;RSD;SORS;Average net earnings;A;Normal value
2403040104IND01;RS;REPUBLIC OF SERBIA;05;2023;0;Total;86220;RSD;RSD;SORS;Average net earnings;A;Normal value
2403040104IND01;RS;REPUBLIC OF SERBIA;05;2023;0_JP_JD_JL;Public enterprises;91598;RSD;RSD;SORS;Average net earnings;A;Normal value
2403040104IND01;RS;REPUBLIC OF SERBIA;05;2023;0_JS;Public sector;88640;RSD;RSD;SORS;Average net earnings;A;Normal value
2403040104IND01;RS;REPUBLIC OF SERBIA;05;2023;0_VJS;Non-public sector;85243;RSD;RSD;SORS;Average net earnings;A;Normal value
2403040104IND01;RS;REPUBLIC OF SERBIA;05;2023;1_JD;Public state enterprises;99387;RSD;RSD;SORS;Average net earnings;A;Normal value
2403040104IND01;RS;REPUBLIC OF SERBIA;05;2023;2_JL;Public local enterprises;80879;RSD;RSD;SORS;Average net earnings;A;Normal value
2403040104IND01;RS;REPUBLIC OF SERBIA;05;2023;3_4_5_BK;General government;87715;RSD;RSD;SORS;Average net earnings;A;Normal value
2403040104IND01;RS;REPUBLIC OF SERBIA;05;2023;3_ZS;Health and social work;87557;RSD;RSD;SORS;Average net earnings;A;Normal value
2403040104IND01;RS;REPUBLIC OF SERBIA;05;2023;4_OK;Education and culture;80913;RSD;RSD;SORS;Average net earnings;A;Normal value
2403040104IND01;RS;REPUBLIC OF SERBIA;05;2023;5_AD;Administration - all levels;94216;RSD;RSD;SORS;Average net earnings;A;Normal value
2403040104IND01;RS;REPUBLIC OF SERBIA;05;2023;5_AD2;Administration - government  level;98237;RSD;RSD;SORS;Average net earnings;A;Normal value
2403040104IND01;RS;REPUBLIC OF SERBIA;05;2023;5_AD3;Administration - autonomous  province level;97310;RSD;RSD;SORS;Average net earnings;A;Normal value
2403040104IND01;RS;REPUBLIC OF SERBIA;05;2023;5_AD4;Administration - local authorities’ level;74311;RSD;RSD;SORS;Average net earnings;A;Normal value
2403040104IND01;RS;REPUBLIC OF SERBIA;05;2024;0;Total;100170;RSD;RSD;SORS;Average net earnings;A;Normal value
2403040104IND01;RS;REPUBLIC OF SERBIA;05;2024;0_JP_JD_JL;Public enterprises;106865;RSD;RSD;SORS;Average net earnings;A;Normal value
2403040104IND01;RS;REPUBLIC OF SERBIA;05;2024;0_JS;Public sector;103633;RSD;RSD;SORS;Average net earnings;A;Normal value
2403040104IND01;RS;REPUBLIC OF SERBIA;05;2024;0_VJS;Non-public sector;98773;RSD;RSD;SORS;Average net earnings;A;Normal value
2403040104IND01;RS;REPUBLIC OF SERBIA;05;2024;1_JD;Public state enterprises;114433;RSD;RSD;SORS;Average net earnings;A;Normal value
2403040104IND01;RS;REPUBLIC OF SERBIA;05;2024;2_JL;Public local enterprises;96652;RSD;RSD;SORS;Average net earnings;A;Normal value
2403040104IND01;RS;REPUBLIC OF SERBIA;05;2024;3_4_5_BK;General government;102632;RSD;RSD;SORS;Average net earnings;A;Normal value
2403040104IND01;RS;REPUBLIC OF SERBIA;05;2024;3_ZS;Health and social work;102711;RSD;RSD;SORS;Average net earnings;A;Normal value
2403040104IND01;RS;REPUBLIC OF SERBIA;05;2024;4_OK;Education and culture;94601;RSD;RSD;SORS;Average net earnings;A;Normal value
2403040104IND01;RS;REPUBLIC OF SERBIA;05;2024;5_AD;Administration - all levels;109823;RSD;RSD;SORS;Average net earnings;A;Normal value
2403040104IND01;RS;REPUBLIC OF SERBIA;05;2024;5_AD2;Administration - government  level;114802;RSD;RSD;SORS;Average net earnings;A;Normal value
2403040104IND01;RS;REPUBLIC OF SERBIA;05;2024;5_AD3;Administration - autonomous  province level;108077;RSD;RSD;SORS;Average net earnings;A;Normal value
2403040104IND01;RS;REPUBLIC OF SERBIA;05;2024;5_AD4;Administration - local authorities’ level;85148;RSD;RSD;SORS;Average net earnings;A;Normal value
2403040104IND01;RS;REPUBLIC OF SERBIA;05;2025;0;Total;107705;RSD;RSD;SORS;Average net earnings;A;Normal value
2403040104IND01;RS;REPUBLIC OF SERBIA;05;2025;0_JP_JD_JL;Public enterprises;114055;RSD;RSD;SORS;Average net earnings;A;Normal value
2403040104IND01;RS;REPUBLIC OF SERBIA;05;2025;0_JS;Public sector;111162;RSD;RSD;SORS;Average net earnings;A;Normal value
2403040104IND01;RS;REPUBLIC OF SERBIA;05;2025;0_VJS;Non-public sector;106330;RSD;RSD;SORS;Average net earnings;A;Normal value
2403040104IND01;RS;REPUBLIC OF SERBIA;05;2025;1_JD;Public state enterprises;121879;RSD;RSD;SORS;Average net earnings;A;Normal value
2403040104IND01;RS;REPUBLIC OF SERBIA;05;2025;2_JL;Public local enterprises;103459;RSD;RSD;SORS;Average net earnings;A;Normal value
2403040104IND01;RS;REPUBLIC OF SERBIA;05;2025;3_4_5_BK;General government;110280;RSD;RSD;SORS;Average net earnings;A;Normal value
2403040104IND01;RS;REPUBLIC OF SERBIA;05;2025;3_ZS;Health and social work;108726;RSD;RSD;SORS;Average net earnings;A;Normal value
2403040104IND01;RS;REPUBLIC OF SERBIA;05;2025;4_OK;Education and culture;101905;RSD;RSD;SORS;Average net earnings;A;Normal value
2403040104IND01;RS;REPUBLIC OF SERBIA;05;2025;5_AD;Administration - all levels;119446;RSD;RSD;SORS;Average net earnings;A;Normal value
2403040104IND01;RS;REPUBLIC OF SERBIA;05;2025;5_AD2;Administration - government  level;124583;RSD;RSD;SORS;Average net earnings;A;Normal value
2403040104IND01;RS;REPUBLIC OF SERBIA;05;2025;5_AD3;Administration - autonomous  province level;115875;RSD;RSD;SORS;Average net earnings;A;Normal value
2403040104IND01;RS;REPUBLIC OF SERBIA;05;2025;5_AD4;Administration - local authorities’ level;94082;RSD;RSD;SORS;Average net earnings;A;Normal value
2403040104IND01;RS;REPUBLIC OF SERBIA;06;2003;0;Total;11346;RSD;RSD;SORS;Average net earnings;A;Normal value
2403040104IND01;RS;REPUBLIC OF SERBIA;06;2003;0_JP_JD_JL;Public enterprises;16168;RSD;RSD;SORS;Average net earnings;A;Normal value
2403040104IND01;RS;REPUBLIC OF SERBIA;06;2003;0_JS;Public sector;14278;RSD;RSD;SORS;Average net earnings;A;Normal value
2403040104IND01;RS;REPUBLIC OF SERBIA;06;2003;0_VJS;Non-public sector;9340;RSD;RSD;SORS;Average net earnings;A;Normal value
2403040104IND01;RS;REPUBLIC OF SERBIA;06;2003;1_JD;Public state enterprises;16687;RSD;RSD;SORS;Average net earnings;A;Normal value
2403040104IND01;RS;REPUBLIC OF SERBIA;06;2003;2_JL;Public local enterprises;14960;RSD;RSD;SORS;Average net earnings;A;Normal value
2403040104IND01;RS;REPUBLIC OF SERBIA;06;2003;3_4_5_BK;General government;13205;RSD;RSD;SORS;Average net earnings;A;Normal value
2403040104IND01;RS;REPUBLIC OF SERBIA;06;2003;3_ZS;Health and social work;12993;RSD;RSD;SORS;Average net earnings;A;Normal value
2403040104IND01;RS;REPUBLIC OF SERBIA;06;2003;4_OK;Education and culture;11180;RSD;RSD;SORS;Average net earnings;A;Normal value
2403040104IND01;RS;REPUBLIC OF SERBIA;06;2003;5_AD;Administration - all levels;17563;RSD;RSD;SORS;Average net earnings;A;Normal value
2403040104IND01;RS;REPUBLIC OF SERBIA;06;2003;5_AD2;Administration - government  level;;RSD;RSD;SORS;Average net earnings;O;Not available
2403040104IND01;RS;REPUBLIC OF SERBIA;06;2003;5_AD3;Administration - autonomous  province level;;RSD;RSD;SORS;Average net earnings;O;Not available
2403040104IND01;RS;REPUBLIC OF SERBIA;06;2003;5_AD4;Administration - local authorities’ level;;RSD;RSD;SORS;Average net earnings;O;Not available
2403040104IND01;RS;REPUBLIC OF SERBIA;06;2004;0;Total;13617;RSD;RSD;SORS;Average net earnings;A;Normal value
2403040104IND01;RS;REPUBLIC OF SERBIA;06;2004;0_JP_JD_JL;Public enterprises;17127;RSD;RSD;SORS;Average net earnings;A;Normal value
2403040104IND01;RS;REPUBLIC OF SERBIA;06;2004;0_JS;Public sector;16800;RSD;RSD;SORS;Average net earnings;A;Normal value
2403040104IND01;RS;REPUBLIC OF SERBIA;06;2004;0_VJS;Non-public sector;11221;RSD;RSD;SORS;Average net earnings;A;Normal value
2403040104IND01;RS;REPUBLIC OF SERBIA;06;2004;1_JD;Public state enterprises;16091;RSD;RSD;SORS;Average net earnings;A;Normal value
2403040104IND01;RS;REPUBLIC OF SERBIA;06;2004;2_JL;Public local enterprises;19396;RSD;RSD;SORS;Average net earnings;A;Normal value
2403040104IND01;RS;REPUBLIC OF SERBIA;06;2004;3_4_5_BK;General government;16620;RSD;RSD;SORS;Average net earnings;A;Normal value
2403040104IND01;RS;REPUBLIC OF SERBIA;06;2004;3_ZS;Health and social work;16003;RSD;RSD;SORS;Average net earnings;A;Normal value
2403040104IND01;RS;REPUBLIC OF SERBIA;06;2004;4_OK;Education and culture;15590;RSD;RSD;SORS;Average net earnings;A;Normal value
2403040104IND01;RS;REPUBLIC OF SERBIA;06;2004;5_AD;Administration - all levels;19963;RSD;RSD;SORS;Average net earnings;A;Normal value
2403040104IND01;RS;REPUBLIC OF SERBIA;06;2004;5_AD2;Administration - government  level;;RSD;RSD;SORS;Average net earnings;O;Not available
2403040104IND01;RS;REPUBLIC OF SERBIA;06;2004;5_AD3;Administration - autonomous  province level;;RSD;RSD;SORS;Average net earnings;O;Not available
2403040104IND01;RS;REPUBLIC OF SERBIA;06;2004;5_AD4;Administration - local authorities’ level;;RSD;RSD;SORS;Average net earnings;O;Not available
2403040104IND01;RS;REPUBLIC OF SERBIA;06;2005;0;Total;17441;RSD;RSD;SORS;Average net earnings;A;Normal value
2403040104IND01;RS;REPUBLIC OF SERBIA;06;2005;0_JP_JD_JL;Public enterprises;22678;RSD;RSD;SORS;Average net earnings;A;Normal value
2403040104IND01;RS;REPUBLIC OF SERBIA;06;2005;0_JS;Public sector;20647;RSD;RSD;SORS;Average net earnings;A;Normal value
2403040104IND01;RS;REPUBLIC OF SERBIA;06;2005;0_VJS;Non-public sector;14730;RSD;RSD;SORS;Average net earnings;A;Normal value
2403040104IND01;RS;REPUBLIC OF SERBIA;06;2005;1_JD;Public state enterprises;22804;RSD;RSD;SORS;Average net earnings;A;Normal value
2403040104IND01;RS;REPUBLIC OF SERBIA;06;2005;2_JL;Public local enterprises;22439;RSD;RSD;SORS;Average net earnings;A;Normal value
2403040104IND01;RS;REPUBLIC OF SERBIA;06;2005;3_4_5_BK;General government;19557;RSD;RSD;SORS;Average net earnings;A;Normal value
2403040104IND01;RS;REPUBLIC OF SERBIA;06;2005;3_ZS;Health and social work;18434;RSD;RSD;SORS;Average net earnings;A;Normal value
2403040104IND01;RS;REPUBLIC OF SERBIA;06;2005;4_OK;Education and culture;19226;RSD;RSD;SORS;Average net earnings;A;Normal value
2403040104IND01;RS;REPUBLIC OF SERBIA;06;2005;5_AD;Administration - all levels;22785;RSD;RSD;SORS;Average net earnings;A;Normal value
2403040104IND01;RS;REPUBLIC OF SERBIA;06;2005;5_AD2;Administration - government  level;;RSD;RSD;SORS;Average net earnings;O;Not available
2403040104IND01;RS;REPUBLIC OF SERBIA;06;2005;5_AD3;Administration - autonomous  province level;;RSD;RSD;SORS;Average net earnings;O;Not available
2403040104IND01;RS;REPUBLIC OF SERBIA;06;2005;5_AD4;Administration - local authorities’ level;;RSD;RSD;SORS;Average net earnings;O;Not available
2403040104IND01;RS;REPUBLIC OF SERBIA;06;2006;0;Total;21777;RSD;RSD;SORS;Average net earnings;A;Normal value
2403040104IND01;RS;REPUBLIC OF SERBIA;06;2006;0_JP_JD_JL;Public enterprises;28034;RSD;RSD;SORS;Average net earnings;A;Normal value
2403040104IND01;RS;REPUBLIC OF SERBIA;06;2006;0_JS;Public sector;24592;RSD;RSD;SORS;Average net earnings;A;Normal value
2403040104IND01;RS;REPUBLIC OF SERBIA;06;2006;0_VJS;Non-public sector;19305;RSD;RSD;SORS;Average net earnings;A;Normal value
2403040104IND01;RS;REPUBLIC OF SERBIA;06;2006;1_JD;Public state enterprises;28925;RSD;RSD;SORS;Average net earnings;A;Normal value
2403040104IND01;RS;REPUBLIC OF SERBIA;06;2006;2_JL;Public local enterprises;26521;RSD;RSD;SORS;Average net earnings;A;Normal value
2403040104IND01;RS;REPUBLIC OF SERBIA;06;2006;3_4_5_BK;General government;22821;RSD;RSD;SORS;Average net earnings;A;Normal value
2403040104IND01;RS;REPUBLIC OF SERBIA;06;2006;3_ZS;Health and social work;21614;RSD;RSD;SORS;Average net earnings;A;Normal value
2403040104IND01;RS;REPUBLIC OF SERBIA;06;2006;4_OK;Education and culture;22284;RSD;RSD;SORS;Average net earnings;A;Normal value
2403040104IND01;RS;REPUBLIC OF SERBIA;06;2006;5_AD;Administration - all levels;26735;RSD;RSD;SORS;Average net earnings;A;Normal value
2403040104IND01;RS;REPUBLIC OF SERBIA;06;2006;5_AD2;Administration - government  level;;RSD;RSD;SORS;Average net earnings;O;Not available
2403040104IND01;RS;REPUBLIC OF SERBIA;06;2006;5_AD3;Administration - autonomous  province level;;RSD;RSD;SORS;Average net earnings;O;Not available
2403040104IND01;RS;REPUBLIC OF SERBIA;06;2006;5_AD4;Administration - local authorities’ level;;RSD;RSD;SORS;Average net earnings;O;Not available
2403040104IND01;RS;REPUBLIC OF SERBIA;06;2007;0;Total;27882;RSD;RSD;SORS;Average net earnings;A;Normal value
2403040104IND01;RS;REPUBLIC OF SERBIA;06;2007;0_JP_JD_JL;Public enterprises;33977;RSD;RSD;SORS;Average net earnings;A;Normal value
2403040104IND01;RS;REPUBLIC OF SERBIA;06;2007;0_JS;Public sector;31984;RSD;RSD;SORS;Average net earnings;A;Normal value
2403040104IND01;RS;REPUBLIC OF SERBIA;06;2007;0_VJS;Non-public sector;23932;RSD;RSD;SORS;Average net earnings;A;Normal value
2403040104IND01;RS;REPUBLIC OF SERBIA;06;2007;1_JD;Public state enterprises;36333;RSD;RSD;SORS;Average net earnings;A;Normal value
2403040104IND01;RS;REPUBLIC OF SERBIA;06;2007;2_JL;Public local enterprises;29992;RSD;RSD;SORS;Average net earnings;A;Normal value
2403040104IND01;RS;REPUBLIC OF SERBIA;06;2007;3_4_5_BK;General government;30988;RSD;RSD;SORS;Average net earnings;A;Normal value
2403040104IND01;RS;REPUBLIC OF SERBIA;06;2007;3_ZS;Health and social work;30550;RSD;RSD;SORS;Average net earnings;A;Normal value
2403040104IND01;RS;REPUBLIC OF SERBIA;06;2007;4_OK;Education and culture;29505;RSD;RSD;SORS;Average net earnings;A;Normal value
2403040104IND01;RS;REPUBLIC OF SERBIA;06;2007;5_AD;Administration - all levels;35056;RSD;RSD;SORS;Average net earnings;A;Normal value
2403040104IND01;RS;REPUBLIC OF SERBIA;06;2007;5_AD2;Administration - government  level;;RSD;RSD;SORS;Average net earnings;O;Not available
2403040104IND01;RS;REPUBLIC OF SERBIA;06;2007;5_AD3;Administration - autonomous  province level;;RSD;RSD;SORS;Average net earnings;O;Not available
2403040104IND01;RS;REPUBLIC OF SERBIA;06;2007;5_AD4;Administration - local authorities’ level;;RSD;RSD;SORS;Average net earnings;O;Not available
2403040104IND01;RS;REPUBLIC OF SERBIA;06;2008;0;Total;32648;RSD;RSD;SORS;Average net earnings;A;Normal value
2403040104IND01;RS;REPUBLIC OF SERBIA;06;2008;0_JP_JD_JL;Public enterprises;39025;RSD;RSD;SORS;Average net earnings;A;Normal value
2403040104IND01;RS;REPUBLIC OF SERBIA;06;2008;0_JS;Public sector;36682;RSD;RSD;SORS;Average net earnings;A;Normal value
2403040104IND01;RS;REPUBLIC OF SERBIA;06;2008;0_VJS;Non-public sector;28360;RSD;RSD;SORS;Average net earnings;A;Normal value
2403040104IND01;RS;REPUBLIC OF SERBIA;06;2008;1_JD;Public state enterprises;41738;RSD;RSD;SORS;Average net earnings;A;Normal value
2403040104IND01;RS;REPUBLIC OF SERBIA;06;2008;2_JL;Public local enterprises;34364;RSD;RSD;SORS;Average net earnings;A;Normal value
2403040104IND01;RS;REPUBLIC OF SERBIA;06;2008;3_4_5_BK;General government;35539;RSD;RSD;SORS;Average net earnings;A;Normal value
2403040104IND01;RS;REPUBLIC OF SERBIA;06;2008;3_ZS;Health and social work;34672;RSD;RSD;SORS;Average net earnings;A;Normal value
2403040104IND01;RS;REPUBLIC OF SERBIA;06;2008;4_OK;Education and culture;34825;RSD;RSD;SORS;Average net earnings;A;Normal value
2403040104IND01;RS;REPUBLIC OF SERBIA;06;2008;5_AD;Administration - all levels;39051;RSD;RSD;SORS;Average net earnings;A;Normal value
2403040104IND01;RS;REPUBLIC OF SERBIA;06;2008;5_AD2;Administration - government  level;;RSD;RSD;SORS;Average net earnings;O;Not available
2403040104IND01;RS;REPUBLIC OF SERBIA;06;2008;5_AD3;Administration - autonomous  province level;;RSD;RSD;SORS;Average net earnings;O;Not available
2403040104IND01;RS;REPUBLIC OF SERBIA;06;2008;5_AD4;Administration - local authorities’ level;;RSD;RSD;SORS;Average net earnings;O;Not available
2403040104IND01;RS;REPUBLIC OF SERBIA;06;2009;0;Total;31768;RSD;RSD;SORS;Average net earnings;A;Normal value
2403040104IND01;RS;REPUBLIC OF SERBIA;06;2009;0_JP_JD_JL;Public enterprises;41207;RSD;RSD;SORS;Average net earnings;A;Normal value
2403040104IND01;RS;REPUBLIC OF SERBIA;06;2009;0_JS;Public sector;38739;RSD;RSD;SORS;Average net earnings;A;Normal value
2403040104IND01;RS;REPUBLIC OF SERBIA;06;2009;0_VJS;Non-public sector;26131;RSD;RSD;SORS;Average net earnings;A;Normal value
2403040104IND01;RS;REPUBLIC OF SERBIA;06;2009;1_JD;Public state enterprises;44148;RSD;RSD;SORS;Average net earnings;A;Normal value
2403040104IND01;RS;REPUBLIC OF SERBIA;06;2009;2_JL;Public local enterprises;36654;RSD;RSD;SORS;Average net earnings;A;Normal value
2403040104IND01;RS;REPUBLIC OF SERBIA;06;2009;3_4_5_BK;General government;37646;RSD;RSD;SORS;Average net earnings;A;Normal value
2403040104IND01;RS;REPUBLIC OF SERBIA;06;2009;3_ZS;Health and social work;36998;RSD;RSD;SORS;Average net earnings;A;Normal value
2403040104IND01;RS;REPUBLIC OF SERBIA;06;2009;4_OK;Education and culture;36580;RSD;RSD;SORS;Average net earnings;A;Normal value
2403040104IND01;RS;REPUBLIC OF SERBIA;06;2009;5_AD;Administration - all levels;41159;RSD;RSD;SORS;Average net earnings;A;Normal value
2403040104IND01;RS;REPUBLIC OF SERBIA;06;2009;5_AD2;Administration - government  level;;RSD;RSD;SORS;Average net earnings;O;Not available
2403040104IND01;RS;REPUBLIC OF SERBIA;06;2009;5_AD3;Administration - autonomous  province level;;RSD;RSD;SORS;Average net earnings;O;Not available
2403040104IND01;RS;REPUBLIC OF SERBIA;06;2009;5_AD4;Administration - local authorities’ level;;RSD;RSD;SORS;Average net earnings;O;Not available
2403040104IND01;RS;REPUBLIC OF SERBIA;06;2010;0;Total;34161;RSD;RSD;SORS;Average net earnings;A;Normal value
2403040104IND01;RS;REPUBLIC OF SERBIA;06;2010;0_JP_JD_JL;Public enterprises;43649;RSD;RSD;SORS;Average net earnings;A;Normal value
2403040104IND01;RS;REPUBLIC OF SERBIA;06;2010;0_JS;Public sector;39757;RSD;RSD;SORS;Average net earnings;A;Normal value
2403040104IND01;RS;REPUBLIC OF SERBIA;06;2010;0_VJS;Non-public sector;29305;RSD;RSD;SORS;Average net earnings;A;Normal value
2403040104IND01;RS;REPUBLIC OF SERBIA;06;2010;1_JD;Public state enterprises;47885;RSD;RSD;SORS;Average net earnings;A;Normal value
2403040104IND01;RS;REPUBLIC OF SERBIA;06;2010;2_JL;Public local enterprises;37142;RSD;RSD;SORS;Average net earnings;A;Normal value
2403040104IND01;RS;REPUBLIC OF SERBIA;06;2010;3_4_5_BK;General government;38071;RSD;RSD;SORS;Average net earnings;A;Normal value
2403040104IND01;RS;REPUBLIC OF SERBIA;06;2010;3_ZS;Health and social work;36709;RSD;RSD;SORS;Average net earnings;A;Normal value
2403040104IND01;RS;REPUBLIC OF SERBIA;06;2010;4_OK;Education and culture;37345;RSD;RSD;SORS;Average net earnings;A;Normal value
2403040104IND01;RS;REPUBLIC OF SERBIA;06;2010;5_AD;Administration - all levels;42592;RSD;RSD;SORS;Average net earnings;A;Normal value
2403040104IND01;RS;REPUBLIC OF SERBIA;06;2010;5_AD2;Administration - government  level;;RSD;RSD;SORS;Average net earnings;O;Not available
2403040104IND01;RS;REPUBLIC OF SERBIA;06;2010;5_AD3;Administration - autonomous  province level;;RSD;RSD;SORS;Average net earnings;O;Not available
2403040104IND01;RS;REPUBLIC OF SERBIA;06;2010;5_AD4;Administration - local authorities’ level;;RSD;RSD;SORS;Average net earnings;O;Not available
2403040104IND01;RS;REPUBLIC OF SERBIA;06;2011;0;Total;39322;RSD;RSD;SORS;Average net earnings;A;Normal value
2403040104IND01;RS;REPUBLIC OF SERBIA;06;2011;0_JP_JD_JL;Public enterprises;50324;RSD;RSD;SORS;Average net earnings;A;Normal value
2403040104IND01;RS;REPUBLIC OF SERBIA;06;2011;0_JS;Public sector;44850;RSD;RSD;SORS;Average net earnings;A;Normal value
2403040104IND01;RS;REPUBLIC OF SERBIA;06;2011;0_VJS;Non-public sector;34203;RSD;RSD;SORS;Average net earnings;A;Normal value
2403040104IND01;RS;REPUBLIC OF SERBIA;06;2011;1_JD;Public state enterprises;56522;RSD;RSD;SORS;Average net earnings;A;Normal value
2403040104IND01;RS;REPUBLIC OF SERBIA;06;2011;2_JL;Public local enterprises;41205;RSD;RSD;SORS;Average net earnings;A;Normal value
2403040104IND01;RS;REPUBLIC OF SERBIA;06;2011;3_4_5_BK;General government;42496;RSD;RSD;SORS;Average net earnings;A;Normal value
2403040104IND01;RS;REPUBLIC OF SERBIA;06;2011;3_ZS;Health and social work;41120;RSD;RSD;SORS;Average net earnings;A;Normal value
2403040104IND01;RS;REPUBLIC OF SERBIA;06;2011;4_OK;Education and culture;40054;RSD;RSD;SORS;Average net earnings;A;Normal value
2403040104IND01;RS;REPUBLIC OF SERBIA;06;2011;5_AD;Administration - all levels;50533;RSD;RSD;SORS;Average net earnings;A;Normal value
2403040104IND01;RS;REPUBLIC OF SERBIA;06;2011;5_AD2;Administration - government  level;;RSD;RSD;SORS;Average net earnings;O;Not available
2403040104IND01;RS;REPUBLIC OF SERBIA;06;2011;5_AD3;Administration - autonomous  province level;;RSD;RSD;SORS;Average net earnings;O;Not available
2403040104IND01;RS;REPUBLIC OF SERBIA;06;2011;5_AD4;Administration - local authorities’ level;;RSD;RSD;SORS;Average net earnings;O;Not available
2403040104IND01;RS;REPUBLIC OF SERBIA;06;2012;0;Total;42335;RSD;RSD;SORS;Average net earnings;A;Normal value
2403040104IND01;RS;REPUBLIC OF SERBIA;06;2012;0_JP_JD_JL;Public enterprises;52562;RSD;RSD;SORS;Average net earnings;A;Normal value
2403040104IND01;RS;REPUBLIC OF SERBIA;06;2012;0_JS;Public sector;47021;RSD;RSD;SORS;Average net earnings;A;Normal value
2403040104IND01;RS;REPUBLIC OF SERBIA;06;2012;0_VJS;Non-public sector;37919;RSD;RSD;SORS;Average net earnings;A;Normal value
2403040104IND01;RS;REPUBLIC OF SERBIA;06;2012;1_JD;Public state enterprises;58718;RSD;RSD;SORS;Average net earnings;A;Normal value
2403040104IND01;RS;REPUBLIC OF SERBIA;06;2012;2_JL;Public local enterprises;43604;RSD;RSD;SORS;Average net earnings;A;Normal value
2403040104IND01;RS;REPUBLIC OF SERBIA;06;2012;3_4_5_BK;General government;44619;RSD;RSD;SORS;Average net earnings;A;Normal value
2403040104IND01;RS;REPUBLIC OF SERBIA;06;2012;3_ZS;Health and social work;43045;RSD;RSD;SORS;Average net earnings;A;Normal value
2403040104IND01;RS;REPUBLIC OF SERBIA;06;2012;4_OK;Education and culture;42389;RSD;RSD;SORS;Average net earnings;A;Normal value
2403040104IND01;RS;REPUBLIC OF SERBIA;06;2012;5_AD;Administration - all levels;52410;RSD;RSD;SORS;Average net earnings;A;Normal value
2403040104IND01;RS;REPUBLIC OF SERBIA;06;2012;5_AD2;Administration - government  level;;RSD;RSD;SORS;Average net earnings;O;Not available
2403040104IND01;RS;REPUBLIC OF SERBIA;06;2012;5_AD3;Administration - autonomous  province level;;RSD;RSD;SORS;Average net earnings;O;Not available
2403040104IND01;RS;REPUBLIC OF SERBIA;06;2012;5_AD4;Administration - local authorities’ level;;RSD;RSD;SORS;Average net earnings;O;Not available
2403040104IND01;RS;REPUBLIC OF SERBIA;06;2013;0;Total;44394;RSD;RSD;SORS;Average net earnings;A;Normal value
2403040104IND01;RS;REPUBLIC OF SERBIA;06;2013;0_JP_JD_JL;Public enterprises;55820;RSD;RSD;SORS;Average net earnings;A;Normal value
2403040104IND01;RS;REPUBLIC OF SERBIA;06;2013;0_JS;Public sector;49238;RSD;RSD;SORS;Average net earnings;A;Normal value
2403040104IND01;RS;REPUBLIC OF SERBIA;06;2013;0_VJS;Non-public sector;39613;RSD;RSD;SORS;Average net earnings;A;Normal value
2403040104IND01;RS;REPUBLIC OF SERBIA;06;2013;1_JD;Public state enterprises;63666;RSD;RSD;SORS;Average net earnings;A;Normal value
2403040104IND01;RS;REPUBLIC OF SERBIA;06;2013;2_JL;Public local enterprises;44503;RSD;RSD;SORS;Average net earnings;A;Normal value
2403040104IND01;RS;REPUBLIC OF SERBIA;06;2013;3_4_5_BK;General government;46380;RSD;RSD;SORS;Average net earnings;A;Normal value
2403040104IND01;RS;REPUBLIC OF SERBIA;06;2013;3_ZS;Health and social work;45521;RSD;RSD;SORS;Average net earnings;A;Normal value
2403040104IND01;RS;REPUBLIC OF SERBIA;06;2013;4_OK;Education and culture;43047;RSD;RSD;SORS;Average net earnings;A;Normal value
2403040104IND01;RS;REPUBLIC OF SERBIA;06;2013;5_AD;Administration - all levels;54496;RSD;RSD;SORS;Average net earnings;A;Normal value
2403040104IND01;RS;REPUBLIC OF SERBIA;06;2013;5_AD2;Administration - government  level;;RSD;RSD;SORS;Average net earnings;O;Not available
2403040104IND01;RS;REPUBLIC OF SERBIA;06;2013;5_AD3;Administration - autonomous  province level;;RSD;RSD;SORS;Average net earnings;O;Not available
2403040104IND01;RS;REPUBLIC OF SERBIA;06;2013;5_AD4;Administration - local authorities’ level;;RSD;RSD;SORS;Average net earnings;O;Not available
2403040104IND01;RS;REPUBLIC OF SERBIA;06;2014;0;Total;44883;RSD;RSD;SORS;Average net earnings;A;Normal value
2403040104IND01;RS;REPUBLIC OF SERBIA;06;2014;0_JP_JD_JL;Public enterprises;57695;RSD;RSD;SORS;Average net earnings;A;Normal value
2403040104IND01;RS;REPUBLIC OF SERBIA;06;2014;0_JS;Public sector;49938;RSD;RSD;SORS;Average net earnings;A;Normal value
2403040104IND01;RS;REPUBLIC OF SERBIA;06;2014;0_VJS;Non-public sector;40033;RSD;RSD;SORS;Average net earnings;A;Normal value
2403040104IND01;RS;REPUBLIC OF SERBIA;06;2014;1_JD;Public state enterprises;65971;RSD;RSD;SORS;Average net earnings;A;Normal value
2403040104IND01;RS;REPUBLIC OF SERBIA;06;2014;2_JL;Public local enterprises;45712;RSD;RSD;SORS;Average net earnings;A;Normal value
2403040104IND01;RS;REPUBLIC OF SERBIA;06;2014;3_4_5_BK;General government;46601;RSD;RSD;SORS;Average net earnings;A;Normal value
2403040104IND01;RS;REPUBLIC OF SERBIA;06;2014;3_ZS;Health and social work;44706;RSD;RSD;SORS;Average net earnings;A;Normal value
2403040104IND01;RS;REPUBLIC OF SERBIA;06;2014;4_OK;Education and culture;44214;RSD;RSD;SORS;Average net earnings;A;Normal value
2403040104IND01;RS;REPUBLIC OF SERBIA;06;2014;5_AD;Administration - all levels;55349;RSD;RSD;SORS;Average net earnings;A;Normal value
2403040104IND01;RS;REPUBLIC OF SERBIA;06;2014;5_AD2;Administration - government  level;;RSD;RSD;SORS;Average net earnings;O;Not available
2403040104IND01;RS;REPUBLIC OF SERBIA;06;2014;5_AD3;Administration - autonomous  province level;;RSD;RSD;SORS;Average net earnings;O;Not available
2403040104IND01;RS;REPUBLIC OF SERBIA;06;2014;5_AD4;Administration - local authorities’ level;;RSD;RSD;SORS;Average net earnings;O;Not available
2403040104IND01;RS;REPUBLIC OF SERBIA;06;2015;0;Total;44583;RSD;RSD;SORS;Average net earnings;A;Normal value
2403040104IND01;RS;REPUBLIC OF SERBIA;06;2015;0_JP_JD_JL;Public enterprises;55264;RSD;RSD;SORS;Average net earnings;A;Normal value
2403040104IND01;RS;REPUBLIC OF SERBIA;06;2015;0_JS;Public sector;46996;RSD;RSD;SORS;Average net earnings;A;Normal value
2403040104IND01;RS;REPUBLIC OF SERBIA;06;2015;0_VJS;Non-public sector;42347;RSD;RSD;SORS;Average net earnings;A;Normal value
2403040104IND01;RS;REPUBLIC OF SERBIA;06;2015;1_JD;Public state enterprises;63832;RSD;RSD;SORS;Average net earnings;A;Normal value
2403040104IND01;RS;REPUBLIC OF SERBIA;06;2015;2_JL;Public local enterprises;43376;RSD;RSD;SORS;Average net earnings;A;Normal value
2403040104IND01;RS;REPUBLIC OF SERBIA;06;2015;3_4_5_BK;General government;43321;RSD;RSD;SORS;Average net earnings;A;Normal value
2403040104IND01;RS;REPUBLIC OF SERBIA;06;2015;3_ZS;Health and social work;41593;RSD;RSD;SORS;Average net earnings;A;Normal value
2403040104IND01;RS;REPUBLIC OF SERBIA;06;2015;4_OK;Education and culture;41518;RSD;RSD;SORS;Average net earnings;A;Normal value
2403040104IND01;RS;REPUBLIC OF SERBIA;06;2015;5_AD;Administration - all levels;50606;RSD;RSD;SORS;Average net earnings;A;Normal value
2403040104IND01;RS;REPUBLIC OF SERBIA;06;2015;5_AD2;Administration - government  level;;RSD;RSD;SORS;Average net earnings;O;Not available
2403040104IND01;RS;REPUBLIC OF SERBIA;06;2015;5_AD3;Administration - autonomous  province level;;RSD;RSD;SORS;Average net earnings;O;Not available
2403040104IND01;RS;REPUBLIC OF SERBIA;06;2015;5_AD4;Administration - local authorities’ level;;RSD;RSD;SORS;Average net earnings;O;Not available
2403040104IND01;RS;REPUBLIC OF SERBIA;06;2016;0;Total;46450;RSD;RSD;SORS;Average net earnings;A;Normal value
2403040104IND01;RS;REPUBLIC OF SERBIA;06;2016;0_JP_JD_JL;Public enterprises;57952;RSD;RSD;SORS;Average net earnings;A;Normal value
2403040104IND01;RS;REPUBLIC OF SERBIA;06;2016;0_JS;Public sector;48002;RSD;RSD;SORS;Average net earnings;A;Normal value
2403040104IND01;RS;REPUBLIC OF SERBIA;06;2016;0_VJS;Non-public sector;45053;RSD;RSD;SORS;Average net earnings;A;Normal value
2403040104IND01;RS;REPUBLIC OF SERBIA;06;2016;1_JD;Public state enterprises;66061;RSD;RSD;SORS;Average net earnings;A;Normal value
2403040104IND01;RS;REPUBLIC OF SERBIA;06;2016;2_JL;Public local enterprises;46530;RSD;RSD;SORS;Average net earnings;A;Normal value
2403040104IND01;RS;REPUBLIC OF SERBIA;06;2016;3_4_5_BK;General government;43641;RSD;RSD;SORS;Average net earnings;A;Normal value
2403040104IND01;RS;REPUBLIC OF SERBIA;06;2016;3_ZS;Health and social work;42543;RSD;RSD;SORS;Average net earnings;A;Normal value
2403040104IND01;RS;REPUBLIC OF SERBIA;06;2016;4_OK;Education and culture;41658;RSD;RSD;SORS;Average net earnings;A;Normal value
2403040104IND01;RS;REPUBLIC OF SERBIA;06;2016;5_AD;Administration - all levels;49963;RSD;RSD;SORS;Average net earnings;A;Normal value
2403040104IND01;RS;REPUBLIC OF SERBIA;06;2016;5_AD2;Administration - government  level;;RSD;RSD;SORS;Average net earnings;O;Not available
2403040104IND01;RS;REPUBLIC OF SERBIA;06;2016;5_AD3;Administration - autonomous  province level;;RSD;RSD;SORS;Average net earnings;O;Not available
2403040104IND01;RS;REPUBLIC OF SERBIA;06;2016;5_AD4;Administration - local authorities’ level;;RSD;RSD;SORS;Average net earnings;O;Not available
2403040104IND01;RS;REPUBLIC OF SERBIA;06;2017;0;Total;49238;RSD;RSD;SORS;Average net earnings;A;Normal value
2403040104IND01;RS;REPUBLIC OF SERBIA;06;2017;0_JP_JD_JL;Public enterprises;59926;RSD;RSD;SORS;Average net earnings;A;Normal value
2403040104IND01;RS;REPUBLIC OF SERBIA;06;2017;0_JS;Public sector;49756;RSD;RSD;SORS;Average net earnings;A;Normal value
2403040104IND01;RS;REPUBLIC OF SERBIA;06;2017;0_VJS;Non-public sector;48782;RSD;RSD;SORS;Average net earnings;A;Normal value
2403040104IND01;RS;REPUBLIC OF SERBIA;06;2017;1_JD;Public state enterprises;69414;RSD;RSD;SORS;Average net earnings;A;Normal value
2403040104IND01;RS;REPUBLIC OF SERBIA;06;2017;2_JL;Public local enterprises;47026;RSD;RSD;SORS;Average net earnings;A;Normal value
2403040104IND01;RS;REPUBLIC OF SERBIA;06;2017;3_4_5_BK;General government;45455;RSD;RSD;SORS;Average net earnings;A;Normal value
2403040104IND01;RS;REPUBLIC OF SERBIA;06;2017;3_ZS;Health and social work;44168;RSD;RSD;SORS;Average net earnings;A;Normal value
2403040104IND01;RS;REPUBLIC OF SERBIA;06;2017;4_OK;Education and culture;44040;RSD;RSD;SORS;Average net earnings;A;Normal value
2403040104IND01;RS;REPUBLIC OF SERBIA;06;2017;5_AD;Administration - all levels;51012;RSD;RSD;SORS;Average net earnings;A;Normal value
2403040104IND01;RS;REPUBLIC OF SERBIA;06;2017;5_AD2;Administration - government  level;;RSD;RSD;SORS;Average net earnings;O;Not available
2403040104IND01;RS;REPUBLIC OF SERBIA;06;2017;5_AD3;Administration - autonomous  province level;;RSD;RSD;SORS;Average net earnings;O;Not available
2403040104IND01;RS;REPUBLIC OF SERBIA;06;2017;5_AD4;Administration - local authorities’ level;;RSD;RSD;SORS;Average net earnings;O;Not available
2403040104IND01;RS;REPUBLIC OF SERBIA;06;2018;0;Total;49226;RSD;RSD;SORS;Average net earnings;A;Normal value
2403040104IND01;RS;REPUBLIC OF SERBIA;06;2018;0_JP_JD_JL;Public enterprises;57588;RSD;RSD;SORS;Average net earnings;A;Normal value
2403040104IND01;RS;REPUBLIC OF SERBIA;06;2018;0_JS;Public sector;54552;RSD;RSD;SORS;Average net earnings;A;Normal value
2403040104IND01;RS;REPUBLIC OF SERBIA;06;2018;0_VJS;Non-public sector;46577;RSD;RSD;SORS;Average net earnings;A;Normal value
2403040104IND01;RS;REPUBLIC OF SERBIA;06;2018;1_JD;Public state enterprises;65021;RSD;RSD;SORS;Average net earnings;A;Normal value
2403040104IND01;RS;REPUBLIC OF SERBIA;06;2018;2_JL;Public local enterprises;46707;RSD;RSD;SORS;Average net earnings;A;Normal value
2403040104IND01;RS;REPUBLIC OF SERBIA;06;2018;3_4_5_BK;General government;53545;RSD;RSD;SORS;Average net earnings;A;Normal value
2403040104IND01;RS;REPUBLIC OF SERBIA;06;2018;3_ZS;Health and social work;49058;RSD;RSD;SORS;Average net earnings;A;Normal value
2403040104IND01;RS;REPUBLIC OF SERBIA;06;2018;4_OK;Education and culture;52570;RSD;RSD;SORS;Average net earnings;A;Normal value
2403040104IND01;RS;REPUBLIC OF SERBIA;06;2018;5_AD;Administration - all levels;58488;RSD;RSD;SORS;Average net earnings;A;Normal value
2403040104IND01;RS;REPUBLIC OF SERBIA;06;2018;5_AD2;Administration - government  level;60931;RSD;RSD;SORS;Average net earnings;A;Normal value
2403040104IND01;RS;REPUBLIC OF SERBIA;06;2018;5_AD3;Administration - autonomous  province level;60463;RSD;RSD;SORS;Average net earnings;A;Normal value
2403040104IND01;RS;REPUBLIC OF SERBIA;06;2018;5_AD4;Administration - local authorities’ level;46601;RSD;RSD;SORS;Average net earnings;A;Normal value
2403040104IND01;RS;REPUBLIC OF SERBIA;06;2019;0;Total;53633;RSD;RSD;SORS;Average net earnings;A;Normal value
2403040104IND01;RS;REPUBLIC OF SERBIA;06;2019;0_JP_JD_JL;Public enterprises;61913;RSD;RSD;SORS;Average net earnings;A;Normal value
2403040104IND01;RS;REPUBLIC OF SERBIA;06;2019;0_JS;Public sector;59389;RSD;RSD;SORS;Average net earnings;A;Normal value
2403040104IND01;RS;REPUBLIC OF SERBIA;06;2019;0_VJS;Non-public sector;50961;RSD;RSD;SORS;Average net earnings;A;Normal value
2403040104IND01;RS;REPUBLIC OF SERBIA;06;2019;1_JD;Public state enterprises;70192;RSD;RSD;SORS;Average net earnings;A;Normal value
2403040104IND01;RS;REPUBLIC OF SERBIA;06;2019;2_JL;Public local enterprises;50334;RSD;RSD;SORS;Average net earnings;A;Normal value
2403040104IND01;RS;REPUBLIC OF SERBIA;06;2019;3_4_5_BK;General government;58580;RSD;RSD;SORS;Average net earnings;A;Normal value
2403040104IND01;RS;REPUBLIC OF SERBIA;06;2019;3_ZS;Health and social work;53872;RSD;RSD;SORS;Average net earnings;A;Normal value
2403040104IND01;RS;REPUBLIC OF SERBIA;06;2019;4_OK;Education and culture;57220;RSD;RSD;SORS;Average net earnings;A;Normal value
2403040104IND01;RS;REPUBLIC OF SERBIA;06;2019;5_AD;Administration - all levels;64127;RSD;RSD;SORS;Average net earnings;A;Normal value
2403040104IND01;RS;REPUBLIC OF SERBIA;06;2019;5_AD2;Administration - government  level;66962;RSD;RSD;SORS;Average net earnings;A;Normal value
2403040104IND01;RS;REPUBLIC OF SERBIA;06;2019;5_AD3;Administration - autonomous  province level;64257;RSD;RSD;SORS;Average net earnings;A;Normal value
2403040104IND01;RS;REPUBLIC OF SERBIA;06;2019;5_AD4;Administration - local authorities’ level;50322;RSD;RSD;SORS;Average net earnings;A;Normal value
2403040104IND01;RS;REPUBLIC OF SERBIA;06;2020;0;Total;59740;RSD;RSD;SORS;Average net earnings;A;Normal value
2403040104IND01;RS;REPUBLIC OF SERBIA;06;2020;0_JP_JD_JL;Public enterprises;70294;RSD;RSD;SORS;Average net earnings;A;Normal value
2403040104IND01;RS;REPUBLIC OF SERBIA;06;2020;0_JS;Public sector;67386;RSD;RSD;SORS;Average net earnings;A;Normal value
2403040104IND01;RS;REPUBLIC OF SERBIA;06;2020;0_VJS;Non-public sector;56379;RSD;RSD;SORS;Average net earnings;A;Normal value
2403040104IND01;RS;REPUBLIC OF SERBIA;06;2020;1_JD;Public state enterprises;78567;RSD;RSD;SORS;Average net earnings;A;Normal value
2403040104IND01;RS;REPUBLIC OF SERBIA;06;2020;2_JL;Public local enterprises;58952;RSD;RSD;SORS;Average net earnings;A;Normal value
2403040104IND01;RS;REPUBLIC OF SERBIA;06;2020;3_4_5_BK;General government;66450;RSD;RSD;SORS;Average net earnings;A;Normal value
2403040104IND01;RS;REPUBLIC OF SERBIA;06;2020;3_ZS;Health and social work;64874;RSD;RSD;SORS;Average net earnings;A;Normal value
2403040104IND01;RS;REPUBLIC OF SERBIA;06;2020;4_OK;Education and culture;63178;RSD;RSD;SORS;Average net earnings;A;Normal value
2403040104IND01;RS;REPUBLIC OF SERBIA;06;2020;5_AD;Administration - all levels;70877;RSD;RSD;SORS;Average net earnings;A;Normal value
2403040104IND01;RS;REPUBLIC OF SERBIA;06;2020;5_AD2;Administration - government  level;73758;RSD;RSD;SORS;Average net earnings;A;Normal value
2403040104IND01;RS;REPUBLIC OF SERBIA;06;2020;5_AD3;Administration - autonomous  province level;74388;RSD;RSD;SORS;Average net earnings;A;Normal value
2403040104IND01;RS;REPUBLIC OF SERBIA;06;2020;5_AD4;Administration - local authorities’ level;56434;RSD;RSD;SORS;Average net earnings;A;Normal value
2403040104IND01;RS;REPUBLIC OF SERBIA;06;2021;0;Total;65070;RSD;RSD;SORS;Average net earnings;A;Normal value
2403040104IND01;RS;REPUBLIC OF SERBIA;06;2021;0_JP_JD_JL;Public enterprises;73844;RSD;RSD;SORS;Average net earnings;A;Normal value
2403040104IND01;RS;REPUBLIC OF SERBIA;06;2021;0_JS;Public sector;72212;RSD;RSD;SORS;Average net earnings;A;Normal value
2403040104IND01;RS;REPUBLIC OF SERBIA;06;2021;0_VJS;Non-public sector;62052;RSD;RSD;SORS;Average net earnings;A;Normal value
2403040104IND01;RS;REPUBLIC OF SERBIA;06;2021;1_JD;Public state enterprises;81627;RSD;RSD;SORS;Average net earnings;A;Normal value
2403040104IND01;RS;REPUBLIC OF SERBIA;06;2021;2_JL;Public local enterprises;62943;RSD;RSD;SORS;Average net earnings;A;Normal value
2403040104IND01;RS;REPUBLIC OF SERBIA;06;2021;3_4_5_BK;General government;71689;RSD;RSD;SORS;Average net earnings;A;Normal value
2403040104IND01;RS;REPUBLIC OF SERBIA;06;2021;3_ZS;Health and social work;71865;RSD;RSD;SORS;Average net earnings;A;Normal value
2403040104IND01;RS;REPUBLIC OF SERBIA;06;2021;4_OK;Education and culture;66770;RSD;RSD;SORS;Average net earnings;A;Normal value
2403040104IND01;RS;REPUBLIC OF SERBIA;06;2021;5_AD;Administration - all levels;76093;RSD;RSD;SORS;Average net earnings;A;Normal value
2403040104IND01;RS;REPUBLIC OF SERBIA;06;2021;5_AD2;Administration - government  level;79356;RSD;RSD;SORS;Average net earnings;A;Normal value
2403040104IND01;RS;REPUBLIC OF SERBIA;06;2021;5_AD3;Administration - autonomous  province level;78987;RSD;RSD;SORS;Average net earnings;A;Normal value
2403040104IND01;RS;REPUBLIC OF SERBIA;06;2021;5_AD4;Administration - local authorities’ level;59959;RSD;RSD;SORS;Average net earnings;A;Normal value
2403040104IND01;RS;REPUBLIC OF SERBIA;06;2022;0;Total;74302;RSD;RSD;SORS;Average net earnings;A;Normal value
2403040104IND01;RS;REPUBLIC OF SERBIA;06;2022;0_JP_JD_JL;Public enterprises;78911;RSD;RSD;SORS;Average net earnings;A;Normal value
2403040104IND01;RS;REPUBLIC OF SERBIA;06;2022;0_JS;Public sector;77192;RSD;RSD;SORS;Average net earnings;A;Normal value
2403040104IND01;RS;REPUBLIC OF SERBIA;06;2022;0_VJS;Non-public sector;73096;RSD;RSD;SORS;Average net earnings;A;Normal value
2403040104IND01;RS;REPUBLIC OF SERBIA;06;2022;1_JD;Public state enterprises;86969;RSD;RSD;SORS;Average net earnings;A;Normal value
2403040104IND01;RS;REPUBLIC OF SERBIA;06;2022;2_JL;Public local enterprises;67879;RSD;RSD;SORS;Average net earnings;A;Normal value
2403040104IND01;RS;REPUBLIC OF SERBIA;06;2022;3_4_5_BK;General government;76647;RSD;RSD;SORS;Average net earnings;A;Normal value
2403040104IND01;RS;REPUBLIC OF SERBIA;06;2022;3_ZS;Health and social work;76192;RSD;RSD;SORS;Average net earnings;A;Normal value
2403040104IND01;RS;REPUBLIC OF SERBIA;06;2022;4_OK;Education and culture;71563;RSD;RSD;SORS;Average net earnings;A;Normal value
2403040104IND01;RS;REPUBLIC OF SERBIA;06;2022;5_AD;Administration - all levels;81799;RSD;RSD;SORS;Average net earnings;A;Normal value
2403040104IND01;RS;REPUBLIC OF SERBIA;06;2022;5_AD2;Administration - government  level;85389;RSD;RSD;SORS;Average net earnings;A;Normal value
2403040104IND01;RS;REPUBLIC OF SERBIA;06;2022;5_AD3;Administration - autonomous  province level;84418;RSD;RSD;SORS;Average net earnings;A;Normal value
2403040104IND01;RS;REPUBLIC OF SERBIA;06;2022;5_AD4;Administration - local authorities’ level;64278;RSD;RSD;SORS;Average net earnings;A;Normal value
2403040104IND01;RS;REPUBLIC OF SERBIA;06;2023;0;Total;85539;RSD;RSD;SORS;Average net earnings;A;Normal value
2403040104IND01;RS;REPUBLIC OF SERBIA;06;2023;0_JP_JD_JL;Public enterprises;88991;RSD;RSD;SORS;Average net earnings;A;Normal value
2403040104IND01;RS;REPUBLIC OF SERBIA;06;2023;0_JS;Public sector;87063;RSD;RSD;SORS;Average net earnings;A;Normal value
2403040104IND01;RS;REPUBLIC OF SERBIA;06;2023;0_VJS;Non-public sector;84923;RSD;RSD;SORS;Average net earnings;A;Normal value
2403040104IND01;RS;REPUBLIC OF SERBIA;06;2023;1_JD;Public state enterprises;97198;RSD;RSD;SORS;Average net earnings;A;Normal value
2403040104IND01;RS;REPUBLIC OF SERBIA;06;2023;2_JL;Public local enterprises;77819;RSD;RSD;SORS;Average net earnings;A;Normal value
2403040104IND01;RS;REPUBLIC OF SERBIA;06;2023;3_4_5_BK;General government;86458;RSD;RSD;SORS;Average net earnings;A;Normal value
2403040104IND01;RS;REPUBLIC OF SERBIA;06;2023;3_ZS;Health and social work;85060;RSD;RSD;SORS;Average net earnings;A;Normal value
2403040104IND01;RS;REPUBLIC OF SERBIA;06;2023;4_OK;Education and culture;80192;RSD;RSD;SORS;Average net earnings;A;Normal value
2403040104IND01;RS;REPUBLIC OF SERBIA;06;2023;5_AD;Administration - all levels;93607;RSD;RSD;SORS;Average net earnings;A;Normal value
2403040104IND01;RS;REPUBLIC OF SERBIA;06;2023;5_AD2;Administration - government  level;97696;RSD;RSD;SORS;Average net earnings;A;Normal value
2403040104IND01;RS;REPUBLIC OF SERBIA;06;2023;5_AD3;Administration - autonomous  province level;103627;RSD;RSD;SORS;Average net earnings;A;Normal value
2403040104IND01;RS;REPUBLIC OF SERBIA;06;2023;5_AD4;Administration - local authorities’ level;73161;RSD;RSD;SORS;Average net earnings;A;Normal value
2403040104IND01;RS;REPUBLIC OF SERBIA;06;2024;0;Total;95804;RSD;RSD;SORS;Average net earnings;A;Normal value
2403040104IND01;RS;REPUBLIC OF SERBIA;06;2024;0_JP_JD_JL;Public enterprises;96004;RSD;RSD;SORS;Average net earnings;A;Normal value
2403040104IND01;RS;REPUBLIC OF SERBIA;06;2024;0_JS;Public sector;97957;RSD;RSD;SORS;Average net earnings;A;Normal value
2403040104IND01;RS;REPUBLIC OF SERBIA;06;2024;0_VJS;Non-public sector;94937;RSD;RSD;SORS;Average net earnings;A;Normal value
2403040104IND01;RS;REPUBLIC OF SERBIA;06;2024;1_JD;Public state enterprises;103894;RSD;RSD;SORS;Average net earnings;A;Normal value
2403040104IND01;RS;REPUBLIC OF SERBIA;06;2024;2_JL;Public local enterprises;85339;RSD;RSD;SORS;Average net earnings;A;Normal value
2403040104IND01;RS;REPUBLIC OF SERBIA;06;2024;3_4_5_BK;General government;98562;RSD;RSD;SORS;Average net earnings;A;Normal value
2403040104IND01;RS;REPUBLIC OF SERBIA;06;2024;3_ZS;Health and social work;95868;RSD;RSD;SORS;Average net earnings;A;Normal value
2403040104IND01;RS;REPUBLIC OF SERBIA;06;2024;4_OK;Education and culture;93210;RSD;RSD;SORS;Average net earnings;A;Normal value
2403040104IND01;RS;REPUBLIC OF SERBIA;06;2024;5_AD;Administration - all levels;106143;RSD;RSD;SORS;Average net earnings;A;Normal value
2403040104IND01;RS;REPUBLIC OF SERBIA;06;2024;5_AD2;Administration - government  level;111304;RSD;RSD;SORS;Average net earnings;A;Normal value
2403040104IND01;RS;REPUBLIC OF SERBIA;06;2024;5_AD3;Administration - autonomous  province level;107242;RSD;RSD;SORS;Average net earnings;A;Normal value
2403040104IND01;RS;REPUBLIC OF SERBIA;06;2024;5_AD4;Administration - local authorities’ level;80518;RSD;RSD;SORS;Average net earnings;A;Normal value
2403040104IND01;RS;REPUBLIC OF SERBIA;06;2025;0;Total;107075;RSD;RSD;SORS;Average net earnings;A;Normal value
2403040104IND01;RS;REPUBLIC OF SERBIA;06;2025;0_JP_JD_JL;Public enterprises;110693;RSD;RSD;SORS;Average net earnings;A;Normal value
2403040104IND01;RS;REPUBLIC OF SERBIA;06;2025;0_JS;Public sector;110416;RSD;RSD;SORS;Average net earnings;A;Normal value
2403040104IND01;RS;REPUBLIC OF SERBIA;06;2025;0_VJS;Non-public sector;105741;RSD;RSD;SORS;Average net earnings;A;Normal value
2403040104IND01;RS;REPUBLIC OF SERBIA;06;2025;1_JD;Public state enterprises;118772;RSD;RSD;SORS;Average net earnings;A;Normal value
2403040104IND01;RS;REPUBLIC OF SERBIA;06;2025;2_JL;Public local enterprises;99814;RSD;RSD;SORS;Average net earnings;A;Normal value
2403040104IND01;RS;REPUBLIC OF SERBIA;06;2025;3_4_5_BK;General government;110333;RSD;RSD;SORS;Average net earnings;A;Normal value
2403040104IND01;RS;REPUBLIC OF SERBIA;06;2025;3_ZS;Health and social work;105812;RSD;RSD;SORS;Average net earnings;A;Normal value
2403040104IND01;RS;REPUBLIC OF SERBIA;06;2025;4_OK;Education and culture;105710;RSD;RSD;SORS;Average net earnings;A;Normal value
2403040104IND01;RS;REPUBLIC OF SERBIA;06;2025;5_AD;Administration - all levels;119135;RSD;RSD;SORS;Average net earnings;A;Normal value
2403040104IND01;RS;REPUBLIC OF SERBIA;06;2025;5_AD2;Administration - government  level;124713;RSD;RSD;SORS;Average net earnings;A;Normal value
2403040104IND01;RS;REPUBLIC OF SERBIA;06;2025;5_AD3;Administration - autonomous  province level;113207;RSD;RSD;SORS;Average net earnings;A;Normal value
2403040104IND01;RS;REPUBLIC OF SERBIA;06;2025;5_AD4;Administration - local authorities’ level;92164;RSD;RSD;SORS;Average net earnings;A;Normal value
2403040104IND01;RS;REPUBLIC OF SERBIA;07;2003;0;Total;11865;RSD;RSD;SORS;Average net earnings;A;Normal value
2403040104IND01;RS;REPUBLIC OF SERBIA;07;2003;0_JP_JD_JL;Public enterprises;15987;RSD;RSD;SORS;Average net earnings;A;Normal value
2403040104IND01;RS;REPUBLIC OF SERBIA;07;2003;0_JS;Public sector;15106;RSD;RSD;SORS;Average net earnings;A;Normal value
2403040104IND01;RS;REPUBLIC OF SERBIA;07;2003;0_VJS;Non-public sector;9627;RSD;RSD;SORS;Average net earnings;A;Normal value
2403040104IND01;RS;REPUBLIC OF SERBIA;07;2003;1_JD;Public state enterprises;16262;RSD;RSD;SORS;Average net earnings;A;Normal value
2403040104IND01;RS;REPUBLIC OF SERBIA;07;2003;2_JL;Public local enterprises;15355;RSD;RSD;SORS;Average net earnings;A;Normal value
2403040104IND01;RS;REPUBLIC OF SERBIA;07;2003;3_4_5_BK;General government;14608;RSD;RSD;SORS;Average net earnings;A;Normal value
2403040104IND01;RS;REPUBLIC OF SERBIA;07;2003;3_ZS;Health and social work;13122;RSD;RSD;SORS;Average net earnings;A;Normal value
2403040104IND01;RS;REPUBLIC OF SERBIA;07;2003;4_OK;Education and culture;14726;RSD;RSD;SORS;Average net earnings;A;Normal value
2403040104IND01;RS;REPUBLIC OF SERBIA;07;2003;5_AD;Administration - all levels;17922;RSD;RSD;SORS;Average net earnings;A;Normal value
2403040104IND01;RS;REPUBLIC OF SERBIA;07;2003;5_AD2;Administration - government  level;;RSD;RSD;SORS;Average net earnings;O;Not available
2403040104IND01;RS;REPUBLIC OF SERBIA;07;2003;5_AD3;Administration - autonomous  province level;;RSD;RSD;SORS;Average net earnings;O;Not available
2403040104IND01;RS;REPUBLIC OF SERBIA;07;2003;5_AD4;Administration - local authorities’ level;;RSD;RSD;SORS;Average net earnings;O;Not available
2403040104IND01;RS;REPUBLIC OF SERBIA;07;2004;0;Total;14630;RSD;RSD;SORS;Average net earnings;A;Normal value
2403040104IND01;RS;REPUBLIC OF SERBIA;07;2004;0_JP_JD_JL;Public enterprises;21265;RSD;RSD;SORS;Average net earnings;A;Normal value
2403040104IND01;RS;REPUBLIC OF SERBIA;07;2004;0_JS;Public sector;18440;RSD;RSD;SORS;Average net earnings;A;Normal value
2403040104IND01;RS;REPUBLIC OF SERBIA;07;2004;0_VJS;Non-public sector;11738;RSD;RSD;SORS;Average net earnings;A;Normal value
2403040104IND01;RS;REPUBLIC OF SERBIA;07;2004;1_JD;Public state enterprises;22350;RSD;RSD;SORS;Average net earnings;A;Normal value
2403040104IND01;RS;REPUBLIC OF SERBIA;07;2004;2_JL;Public local enterprises;18885;RSD;RSD;SORS;Average net earnings;A;Normal value
2403040104IND01;RS;REPUBLIC OF SERBIA;07;2004;3_4_5_BK;General government;16876;RSD;RSD;SORS;Average net earnings;A;Normal value
2403040104IND01;RS;REPUBLIC OF SERBIA;07;2004;3_ZS;Health and social work;16395;RSD;RSD;SORS;Average net earnings;A;Normal value
2403040104IND01;RS;REPUBLIC OF SERBIA;07;2004;4_OK;Education and culture;15948;RSD;RSD;SORS;Average net earnings;A;Normal value
2403040104IND01;RS;REPUBLIC OF SERBIA;07;2004;5_AD;Administration - all levels;19704;RSD;RSD;SORS;Average net earnings;A;Normal value
2403040104IND01;RS;REPUBLIC OF SERBIA;07;2004;5_AD2;Administration - government  level;;RSD;RSD;SORS;Average net earnings;O;Not available
2403040104IND01;RS;REPUBLIC OF SERBIA;07;2004;5_AD3;Administration - autonomous  province level;;RSD;RSD;SORS;Average net earnings;O;Not available
2403040104IND01;RS;REPUBLIC OF SERBIA;07;2004;5_AD4;Administration - local authorities’ level;;RSD;RSD;SORS;Average net earnings;O;Not available
2403040104IND01;RS;REPUBLIC OF SERBIA;07;2005;0;Total;17634;RSD;RSD;SORS;Average net earnings;A;Normal value
2403040104IND01;RS;REPUBLIC OF SERBIA;07;2005;0_JP_JD_JL;Public enterprises;22832;RSD;RSD;SORS;Average net earnings;A;Normal value
2403040104IND01;RS;REPUBLIC OF SERBIA;07;2005;0_JS;Public sector;20881;RSD;RSD;SORS;Average net earnings;A;Normal value
2403040104IND01;RS;REPUBLIC OF SERBIA;07;2005;0_VJS;Non-public sector;14883;RSD;RSD;SORS;Average net earnings;A;Normal value
2403040104IND01;RS;REPUBLIC OF SERBIA;07;2005;1_JD;Public state enterprises;22964;RSD;RSD;SORS;Average net earnings;A;Normal value
2403040104IND01;RS;REPUBLIC OF SERBIA;07;2005;2_JL;Public local enterprises;22587;RSD;RSD;SORS;Average net earnings;A;Normal value
2403040104IND01;RS;REPUBLIC OF SERBIA;07;2005;3_4_5_BK;General government;19841;RSD;RSD;SORS;Average net earnings;A;Normal value
2403040104IND01;RS;REPUBLIC OF SERBIA;07;2005;3_ZS;Health and social work;18470;RSD;RSD;SORS;Average net earnings;A;Normal value
2403040104IND01;RS;REPUBLIC OF SERBIA;07;2005;4_OK;Education and culture;19939;RSD;RSD;SORS;Average net earnings;A;Normal value
2403040104IND01;RS;REPUBLIC OF SERBIA;07;2005;5_AD;Administration - all levels;22849;RSD;RSD;SORS;Average net earnings;A;Normal value
2403040104IND01;RS;REPUBLIC OF SERBIA;07;2005;5_AD2;Administration - government  level;;RSD;RSD;SORS;Average net earnings;O;Not available
2403040104IND01;RS;REPUBLIC OF SERBIA;07;2005;5_AD3;Administration - autonomous  province level;;RSD;RSD;SORS;Average net earnings;O;Not available
2403040104IND01;RS;REPUBLIC OF SERBIA;07;2005;5_AD4;Administration - local authorities’ level;;RSD;RSD;SORS;Average net earnings;O;Not available
2403040104IND01;RS;REPUBLIC OF SERBIA;07;2006;0;Total;21774;RSD;RSD;SORS;Average net earnings;A;Normal value
2403040104IND01;RS;REPUBLIC OF SERBIA;07;2006;0_JP_JD_JL;Public enterprises;28095;RSD;RSD;SORS;Average net earnings;A;Normal value
2403040104IND01;RS;REPUBLIC OF SERBIA;07;2006;0_JS;Public sector;24782;RSD;RSD;SORS;Average net earnings;A;Normal value
2403040104IND01;RS;REPUBLIC OF SERBIA;07;2006;0_VJS;Non-public sector;19123;RSD;RSD;SORS;Average net earnings;A;Normal value
2403040104IND01;RS;REPUBLIC OF SERBIA;07;2006;1_JD;Public state enterprises;29312;RSD;RSD;SORS;Average net earnings;A;Normal value
2403040104IND01;RS;REPUBLIC OF SERBIA;07;2006;2_JL;Public local enterprises;26029;RSD;RSD;SORS;Average net earnings;A;Normal value
2403040104IND01;RS;REPUBLIC OF SERBIA;07;2006;3_4_5_BK;General government;23077;RSD;RSD;SORS;Average net earnings;A;Normal value
2403040104IND01;RS;REPUBLIC OF SERBIA;07;2006;3_ZS;Health and social work;21326;RSD;RSD;SORS;Average net earnings;A;Normal value
2403040104IND01;RS;REPUBLIC OF SERBIA;07;2006;4_OK;Education and culture;22949;RSD;RSD;SORS;Average net earnings;A;Normal value
2403040104IND01;RS;REPUBLIC OF SERBIA;07;2006;5_AD;Administration - all levels;27465;RSD;RSD;SORS;Average net earnings;A;Normal value
2403040104IND01;RS;REPUBLIC OF SERBIA;07;2006;5_AD2;Administration - government  level;;RSD;RSD;SORS;Average net earnings;O;Not available
2403040104IND01;RS;REPUBLIC OF SERBIA;07;2006;5_AD3;Administration - autonomous  province level;;RSD;RSD;SORS;Average net earnings;O;Not available
2403040104IND01;RS;REPUBLIC OF SERBIA;07;2006;5_AD4;Administration - local authorities’ level;;RSD;RSD;SORS;Average net earnings;O;Not available
2403040104IND01;RS;REPUBLIC OF SERBIA;07;2007;0;Total;27752;RSD;RSD;SORS;Average net earnings;A;Normal value
2403040104IND01;RS;REPUBLIC OF SERBIA;07;2007;0_JP_JD_JL;Public enterprises;33195;RSD;RSD;SORS;Average net earnings;A;Normal value
2403040104IND01;RS;REPUBLIC OF SERBIA;07;2007;0_JS;Public sector;31878;RSD;RSD;SORS;Average net earnings;A;Normal value
2403040104IND01;RS;REPUBLIC OF SERBIA;07;2007;0_VJS;Non-public sector;23754;RSD;RSD;SORS;Average net earnings;A;Normal value
2403040104IND01;RS;REPUBLIC OF SERBIA;07;2007;1_JD;Public state enterprises;35268;RSD;RSD;SORS;Average net earnings;A;Normal value
2403040104IND01;RS;REPUBLIC OF SERBIA;07;2007;2_JL;Public local enterprises;29676;RSD;RSD;SORS;Average net earnings;A;Normal value
2403040104IND01;RS;REPUBLIC OF SERBIA;07;2007;3_4_5_BK;General government;31218;RSD;RSD;SORS;Average net earnings;A;Normal value
2403040104IND01;RS;REPUBLIC OF SERBIA;07;2007;3_ZS;Health and social work;30807;RSD;RSD;SORS;Average net earnings;A;Normal value
2403040104IND01;RS;REPUBLIC OF SERBIA;07;2007;4_OK;Education and culture;29634;RSD;RSD;SORS;Average net earnings;A;Normal value
2403040104IND01;RS;REPUBLIC OF SERBIA;07;2007;5_AD;Administration - all levels;35438;RSD;RSD;SORS;Average net earnings;A;Normal value
2403040104IND01;RS;REPUBLIC OF SERBIA;07;2007;5_AD2;Administration - government  level;;RSD;RSD;SORS;Average net earnings;O;Not available
2403040104IND01;RS;REPUBLIC OF SERBIA;07;2007;5_AD3;Administration - autonomous  province level;;RSD;RSD;SORS;Average net earnings;O;Not available
2403040104IND01;RS;REPUBLIC OF SERBIA;07;2007;5_AD4;Administration - local authorities’ level;;RSD;RSD;SORS;Average net earnings;O;Not available
2403040104IND01;RS;REPUBLIC OF SERBIA;07;2008;0;Total;33058;RSD;RSD;SORS;Average net earnings;A;Normal value
2403040104IND01;RS;REPUBLIC OF SERBIA;07;2008;0_JP_JD_JL;Public enterprises;39838;RSD;RSD;SORS;Average net earnings;A;Normal value
2403040104IND01;RS;REPUBLIC OF SERBIA;07;2008;0_JS;Public sector;37548;RSD;RSD;SORS;Average net earnings;A;Normal value
2403040104IND01;RS;REPUBLIC OF SERBIA;07;2008;0_VJS;Non-public sector;28306;RSD;RSD;SORS;Average net earnings;A;Normal value
2403040104IND01;RS;REPUBLIC OF SERBIA;07;2008;1_JD;Public state enterprises;42202;RSD;RSD;SORS;Average net earnings;A;Normal value
2403040104IND01;RS;REPUBLIC OF SERBIA;07;2008;2_JL;Public local enterprises;35806;RSD;RSD;SORS;Average net earnings;A;Normal value
2403040104IND01;RS;REPUBLIC OF SERBIA;07;2008;3_4_5_BK;General government;36435;RSD;RSD;SORS;Average net earnings;A;Normal value
2403040104IND01;RS;REPUBLIC OF SERBIA;07;2008;3_ZS;Health and social work;35164;RSD;RSD;SORS;Average net earnings;A;Normal value
2403040104IND01;RS;REPUBLIC OF SERBIA;07;2008;4_OK;Education and culture;35549;RSD;RSD;SORS;Average net earnings;A;Normal value
2403040104IND01;RS;REPUBLIC OF SERBIA;07;2008;5_AD;Administration - all levels;41212;RSD;RSD;SORS;Average net earnings;A;Normal value
2403040104IND01;RS;REPUBLIC OF SERBIA;07;2008;5_AD2;Administration - government  level;;RSD;RSD;SORS;Average net earnings;O;Not available
2403040104IND01;RS;REPUBLIC OF SERBIA;07;2008;5_AD3;Administration - autonomous  province level;;RSD;RSD;SORS;Average net earnings;O;Not available
2403040104IND01;RS;REPUBLIC OF SERBIA;07;2008;5_AD4;Administration - local authorities’ level;;RSD;RSD;SORS;Average net earnings;O;Not available
2403040104IND01;RS;REPUBLIC OF SERBIA;07;2009;0;Total;32553;RSD;RSD;SORS;Average net earnings;A;Normal value
2403040104IND01;RS;REPUBLIC OF SERBIA;07;2009;0_JP_JD_JL;Public enterprises;42472;RSD;RSD;SORS;Average net earnings;A;Normal value
2403040104IND01;RS;REPUBLIC OF SERBIA;07;2009;0_JS;Public sector;39334;RSD;RSD;SORS;Average net earnings;A;Normal value
2403040104IND01;RS;REPUBLIC OF SERBIA;07;2009;0_VJS;Non-public sector;27075;RSD;RSD;SORS;Average net earnings;A;Normal value
2403040104IND01;RS;REPUBLIC OF SERBIA;07;2009;1_JD;Public state enterprises;45811;RSD;RSD;SORS;Average net earnings;A;Normal value
2403040104IND01;RS;REPUBLIC OF SERBIA;07;2009;2_JL;Public local enterprises;37310;RSD;RSD;SORS;Average net earnings;A;Normal value
2403040104IND01;RS;REPUBLIC OF SERBIA;07;2009;3_4_5_BK;General government;37942;RSD;RSD;SORS;Average net earnings;A;Normal value
2403040104IND01;RS;REPUBLIC OF SERBIA;07;2009;3_ZS;Health and social work;36913;RSD;RSD;SORS;Average net earnings;A;Normal value
2403040104IND01;RS;REPUBLIC OF SERBIA;07;2009;4_OK;Education and culture;36738;RSD;RSD;SORS;Average net earnings;A;Normal value
2403040104IND01;RS;REPUBLIC OF SERBIA;07;2009;5_AD;Administration - all levels;42572;RSD;RSD;SORS;Average net earnings;A;Normal value
2403040104IND01;RS;REPUBLIC OF SERBIA;07;2009;5_AD2;Administration - government  level;;RSD;RSD;SORS;Average net earnings;O;Not available
2403040104IND01;RS;REPUBLIC OF SERBIA;07;2009;5_AD3;Administration - autonomous  province level;;RSD;RSD;SORS;Average net earnings;O;Not available
2403040104IND01;RS;REPUBLIC OF SERBIA;07;2009;5_AD4;Administration - local authorities’ level;;RSD;RSD;SORS;Average net earnings;O;Not available
2403040104IND01;RS;REPUBLIC OF SERBIA;07;2010;0;Total;34591;RSD;RSD;SORS;Average net earnings;A;Normal value
2403040104IND01;RS;REPUBLIC OF SERBIA;07;2010;0_JP_JD_JL;Public enterprises;41906;RSD;RSD;SORS;Average net earnings;A;Normal value
2403040104IND01;RS;REPUBLIC OF SERBIA;07;2010;0_JS;Public sector;39545;RSD;RSD;SORS;Average net earnings;A;Normal value
2403040104IND01;RS;REPUBLIC OF SERBIA;07;2010;0_VJS;Non-public sector;30221;RSD;RSD;SORS;Average net earnings;A;Normal value
2403040104IND01;RS;REPUBLIC OF SERBIA;07;2010;1_JD;Public state enterprises;43576;RSD;RSD;SORS;Average net earnings;A;Normal value
2403040104IND01;RS;REPUBLIC OF SERBIA;07;2010;2_JL;Public local enterprises;39347;RSD;RSD;SORS;Average net earnings;A;Normal value
2403040104IND01;RS;REPUBLIC OF SERBIA;07;2010;3_4_5_BK;General government;38521;RSD;RSD;SORS;Average net earnings;A;Normal value
2403040104IND01;RS;REPUBLIC OF SERBIA;07;2010;3_ZS;Health and social work;37260;RSD;RSD;SORS;Average net earnings;A;Normal value
2403040104IND01;RS;REPUBLIC OF SERBIA;07;2010;4_OK;Education and culture;37165;RSD;RSD;SORS;Average net earnings;A;Normal value
2403040104IND01;RS;REPUBLIC OF SERBIA;07;2010;5_AD;Administration - all levels;44037;RSD;RSD;SORS;Average net earnings;A;Normal value
2403040104IND01;RS;REPUBLIC OF SERBIA;07;2010;5_AD2;Administration - government  level;;RSD;RSD;SORS;Average net earnings;O;Not available
2403040104IND01;RS;REPUBLIC OF SERBIA;07;2010;5_AD3;Administration - autonomous  province level;;RSD;RSD;SORS;Average net earnings;O;Not available
2403040104IND01;RS;REPUBLIC OF SERBIA;07;2010;5_AD4;Administration - local authorities’ level;;RSD;RSD;SORS;Average net earnings;O;Not available
2403040104IND01;RS;REPUBLIC OF SERBIA;07;2011;0;Total;39127;RSD;RSD;SORS;Average net earnings;A;Normal value
2403040104IND01;RS;REPUBLIC OF SERBIA;07;2011;0_JP_JD_JL;Public enterprises;47985;RSD;RSD;SORS;Average net earnings;A;Normal value
2403040104IND01;RS;REPUBLIC OF SERBIA;07;2011;0_JS;Public sector;43667;RSD;RSD;SORS;Average net earnings;A;Normal value
2403040104IND01;RS;REPUBLIC OF SERBIA;07;2011;0_VJS;Non-public sector;35053;RSD;RSD;SORS;Average net earnings;A;Normal value
2403040104IND01;RS;REPUBLIC OF SERBIA;07;2011;1_JD;Public state enterprises;52622;RSD;RSD;SORS;Average net earnings;A;Normal value
2403040104IND01;RS;REPUBLIC OF SERBIA;07;2011;2_JL;Public local enterprises;41174;RSD;RSD;SORS;Average net earnings;A;Normal value
2403040104IND01;RS;REPUBLIC OF SERBIA;07;2011;3_4_5_BK;General government;41805;RSD;RSD;SORS;Average net earnings;A;Normal value
2403040104IND01;RS;REPUBLIC OF SERBIA;07;2011;3_ZS;Health and social work;40059;RSD;RSD;SORS;Average net earnings;A;Normal value
2403040104IND01;RS;REPUBLIC OF SERBIA;07;2011;4_OK;Education and culture;40321;RSD;RSD;SORS;Average net earnings;A;Normal value
2403040104IND01;RS;REPUBLIC OF SERBIA;07;2011;5_AD;Administration - all levels;48776;RSD;RSD;SORS;Average net earnings;A;Normal value
2403040104IND01;RS;REPUBLIC OF SERBIA;07;2011;5_AD2;Administration - government  level;;RSD;RSD;SORS;Average net earnings;O;Not available
2403040104IND01;RS;REPUBLIC OF SERBIA;07;2011;5_AD3;Administration - autonomous  province level;;RSD;RSD;SORS;Average net earnings;O;Not available
2403040104IND01;RS;REPUBLIC OF SERBIA;07;2011;5_AD4;Administration - local authorities’ level;;RSD;RSD;SORS;Average net earnings;O;Not available
2403040104IND01;RS;REPUBLIC OF SERBIA;07;2012;0;Total;41180;RSD;RSD;SORS;Average net earnings;A;Normal value
2403040104IND01;RS;REPUBLIC OF SERBIA;07;2012;0_JP_JD_JL;Public enterprises;50090;RSD;RSD;SORS;Average net earnings;A;Normal value
2403040104IND01;RS;REPUBLIC OF SERBIA;07;2012;0_JS;Public sector;45880;RSD;RSD;SORS;Average net earnings;A;Normal value
2403040104IND01;RS;REPUBLIC OF SERBIA;07;2012;0_VJS;Non-public sector;36819;RSD;RSD;SORS;Average net earnings;A;Normal value
2403040104IND01;RS;REPUBLIC OF SERBIA;07;2012;1_JD;Public state enterprises;55344;RSD;RSD;SORS;Average net earnings;A;Normal value
2403040104IND01;RS;REPUBLIC OF SERBIA;07;2012;2_JL;Public local enterprises;42433;RSD;RSD;SORS;Average net earnings;A;Normal value
2403040104IND01;RS;REPUBLIC OF SERBIA;07;2012;3_4_5_BK;General government;44051;RSD;RSD;SORS;Average net earnings;A;Normal value
2403040104IND01;RS;REPUBLIC OF SERBIA;07;2012;3_ZS;Health and social work;42237;RSD;RSD;SORS;Average net earnings;A;Normal value
2403040104IND01;RS;REPUBLIC OF SERBIA;07;2012;4_OK;Education and culture;42029;RSD;RSD;SORS;Average net earnings;A;Normal value
2403040104IND01;RS;REPUBLIC OF SERBIA;07;2012;5_AD;Administration - all levels;51943;RSD;RSD;SORS;Average net earnings;A;Normal value
2403040104IND01;RS;REPUBLIC OF SERBIA;07;2012;5_AD2;Administration - government  level;;RSD;RSD;SORS;Average net earnings;O;Not available
2403040104IND01;RS;REPUBLIC OF SERBIA;07;2012;5_AD3;Administration - autonomous  province level;;RSD;RSD;SORS;Average net earnings;O;Not available
2403040104IND01;RS;REPUBLIC OF SERBIA;07;2012;5_AD4;Administration - local authorities’ level;;RSD;RSD;SORS;Average net earnings;O;Not available
2403040104IND01;RS;REPUBLIC OF SERBIA;07;2013;0;Total;44182;RSD;RSD;SORS;Average net earnings;A;Normal value
2403040104IND01;RS;REPUBLIC OF SERBIA;07;2013;0_JP_JD_JL;Public enterprises;54218;RSD;RSD;SORS;Average net earnings;A;Normal value
2403040104IND01;RS;REPUBLIC OF SERBIA;07;2013;0_JS;Public sector;48969;RSD;RSD;SORS;Average net earnings;A;Normal value
2403040104IND01;RS;REPUBLIC OF SERBIA;07;2013;0_VJS;Non-public sector;39430;RSD;RSD;SORS;Average net earnings;A;Normal value
2403040104IND01;RS;REPUBLIC OF SERBIA;07;2013;1_JD;Public state enterprises;61523;RSD;RSD;SORS;Average net earnings;A;Normal value
2403040104IND01;RS;REPUBLIC OF SERBIA;07;2013;2_JL;Public local enterprises;43693;RSD;RSD;SORS;Average net earnings;A;Normal value
2403040104IND01;RS;REPUBLIC OF SERBIA;07;2013;3_4_5_BK;General government;46684;RSD;RSD;SORS;Average net earnings;A;Normal value
2403040104IND01;RS;REPUBLIC OF SERBIA;07;2013;3_ZS;Health and social work;44061;RSD;RSD;SORS;Average net earnings;A;Normal value
2403040104IND01;RS;REPUBLIC OF SERBIA;07;2013;4_OK;Education and culture;44318;RSD;RSD;SORS;Average net earnings;A;Normal value
2403040104IND01;RS;REPUBLIC OF SERBIA;07;2013;5_AD;Administration - all levels;56788;RSD;RSD;SORS;Average net earnings;A;Normal value
2403040104IND01;RS;REPUBLIC OF SERBIA;07;2013;5_AD2;Administration - government  level;;RSD;RSD;SORS;Average net earnings;O;Not available
2403040104IND01;RS;REPUBLIC OF SERBIA;07;2013;5_AD3;Administration - autonomous  province level;;RSD;RSD;SORS;Average net earnings;O;Not available
2403040104IND01;RS;REPUBLIC OF SERBIA;07;2013;5_AD4;Administration - local authorities’ level;;RSD;RSD;SORS;Average net earnings;O;Not available
2403040104IND01;RS;REPUBLIC OF SERBIA;07;2014;0;Total;45216;RSD;RSD;SORS;Average net earnings;A;Normal value
2403040104IND01;RS;REPUBLIC OF SERBIA;07;2014;0_JP_JD_JL;Public enterprises;53683;RSD;RSD;SORS;Average net earnings;A;Normal value
2403040104IND01;RS;REPUBLIC OF SERBIA;07;2014;0_JS;Public sector;49069;RSD;RSD;SORS;Average net earnings;A;Normal value
2403040104IND01;RS;REPUBLIC OF SERBIA;07;2014;0_VJS;Non-public sector;41509;RSD;RSD;SORS;Average net earnings;A;Normal value
2403040104IND01;RS;REPUBLIC OF SERBIA;07;2014;1_JD;Public state enterprises;59707;RSD;RSD;SORS;Average net earnings;A;Normal value
2403040104IND01;RS;REPUBLIC OF SERBIA;07;2014;2_JL;Public local enterprises;44959;RSD;RSD;SORS;Average net earnings;A;Normal value
2403040104IND01;RS;REPUBLIC OF SERBIA;07;2014;3_4_5_BK;General government;47086;RSD;RSD;SORS;Average net earnings;A;Normal value
2403040104IND01;RS;REPUBLIC OF SERBIA;07;2014;3_ZS;Health and social work;44918;RSD;RSD;SORS;Average net earnings;A;Normal value
2403040104IND01;RS;REPUBLIC OF SERBIA;07;2014;4_OK;Education and culture;44619;RSD;RSD;SORS;Average net earnings;A;Normal value
2403040104IND01;RS;REPUBLIC OF SERBIA;07;2014;5_AD;Administration - all levels;56546;RSD;RSD;SORS;Average net earnings;A;Normal value
2403040104IND01;RS;REPUBLIC OF SERBIA;07;2014;5_AD2;Administration - government  level;;RSD;RSD;SORS;Average net earnings;O;Not available
2403040104IND01;RS;REPUBLIC OF SERBIA;07;2014;5_AD3;Administration - autonomous  province level;;RSD;RSD;SORS;Average net earnings;O;Not available
2403040104IND01;RS;REPUBLIC OF SERBIA;07;2014;5_AD4;Administration - local authorities’ level;;RSD;RSD;SORS;Average net earnings;O;Not available
2403040104IND01;RS;REPUBLIC OF SERBIA;07;2015;0;Total;45601;RSD;RSD;SORS;Average net earnings;A;Normal value
2403040104IND01;RS;REPUBLIC OF SERBIA;07;2015;0_JP_JD_JL;Public enterprises;56570;RSD;RSD;SORS;Average net earnings;A;Normal value
2403040104IND01;RS;REPUBLIC OF SERBIA;07;2015;0_JS;Public sector;47168;RSD;RSD;SORS;Average net earnings;A;Normal value
2403040104IND01;RS;REPUBLIC OF SERBIA;07;2015;0_VJS;Non-public sector;44140;RSD;RSD;SORS;Average net earnings;A;Normal value
2403040104IND01;RS;REPUBLIC OF SERBIA;07;2015;1_JD;Public state enterprises;64959;RSD;RSD;SORS;Average net earnings;A;Normal value
2403040104IND01;RS;REPUBLIC OF SERBIA;07;2015;2_JL;Public local enterprises;44991;RSD;RSD;SORS;Average net earnings;A;Normal value
2403040104IND01;RS;REPUBLIC OF SERBIA;07;2015;3_4_5_BK;General government;42991;RSD;RSD;SORS;Average net earnings;A;Normal value
2403040104IND01;RS;REPUBLIC OF SERBIA;07;2015;3_ZS;Health and social work;41183;RSD;RSD;SORS;Average net earnings;A;Normal value
2403040104IND01;RS;REPUBLIC OF SERBIA;07;2015;4_OK;Education and culture;41498;RSD;RSD;SORS;Average net earnings;A;Normal value
2403040104IND01;RS;REPUBLIC OF SERBIA;07;2015;5_AD;Administration - all levels;49818;RSD;RSD;SORS;Average net earnings;A;Normal value
2403040104IND01;RS;REPUBLIC OF SERBIA;07;2015;5_AD2;Administration - government  level;;RSD;RSD;SORS;Average net earnings;O;Not available
2403040104IND01;RS;REPUBLIC OF SERBIA;07;2015;5_AD3;Administration - autonomous  province level;;RSD;RSD;SORS;Average net earnings;O;Not available
2403040104IND01;RS;REPUBLIC OF SERBIA;07;2015;5_AD4;Administration - local authorities’ level;;RSD;RSD;SORS;Average net earnings;O;Not available
2403040104IND01;RS;REPUBLIC OF SERBIA;07;2016;0;Total;46280;RSD;RSD;SORS;Average net earnings;A;Normal value
2403040104IND01;RS;REPUBLIC OF SERBIA;07;2016;0_JP_JD_JL;Public enterprises;56553;RSD;RSD;SORS;Average net earnings;A;Normal value
2403040104IND01;RS;REPUBLIC OF SERBIA;07;2016;0_JS;Public sector;47646;RSD;RSD;SORS;Average net earnings;A;Normal value
2403040104IND01;RS;REPUBLIC OF SERBIA;07;2016;0_VJS;Non-public sector;45055;RSD;RSD;SORS;Average net earnings;A;Normal value
2403040104IND01;RS;REPUBLIC OF SERBIA;07;2016;1_JD;Public state enterprises;64556;RSD;RSD;SORS;Average net earnings;A;Normal value
2403040104IND01;RS;REPUBLIC OF SERBIA;07;2016;2_JL;Public local enterprises;45305;RSD;RSD;SORS;Average net earnings;A;Normal value
2403040104IND01;RS;REPUBLIC OF SERBIA;07;2016;3_4_5_BK;General government;43735;RSD;RSD;SORS;Average net earnings;A;Normal value
2403040104IND01;RS;REPUBLIC OF SERBIA;07;2016;3_ZS;Health and social work;41834;RSD;RSD;SORS;Average net earnings;A;Normal value
2403040104IND01;RS;REPUBLIC OF SERBIA;07;2016;4_OK;Education and culture;41967;RSD;RSD;SORS;Average net earnings;A;Normal value
2403040104IND01;RS;REPUBLIC OF SERBIA;07;2016;5_AD;Administration - all levels;51295;RSD;RSD;SORS;Average net earnings;A;Normal value
2403040104IND01;RS;REPUBLIC OF SERBIA;07;2016;5_AD2;Administration - government  level;;RSD;RSD;SORS;Average net earnings;O;Not available
2403040104IND01;RS;REPUBLIC OF SERBIA;07;2016;5_AD3;Administration - autonomous  province level;;RSD;RSD;SORS;Average net earnings;O;Not available
2403040104IND01;RS;REPUBLIC OF SERBIA;07;2016;5_AD4;Administration - local authorities’ level;;RSD;RSD;SORS;Average net earnings;O;Not available
2403040104IND01;RS;REPUBLIC OF SERBIA;07;2017;0;Total;48101;RSD;RSD;SORS;Average net earnings;A;Normal value
2403040104IND01;RS;REPUBLIC OF SERBIA;07;2017;0_JP_JD_JL;Public enterprises;57669;RSD;RSD;SORS;Average net earnings;A;Normal value
2403040104IND01;RS;REPUBLIC OF SERBIA;07;2017;0_JS;Public sector;48972;RSD;RSD;SORS;Average net earnings;A;Normal value
2403040104IND01;RS;REPUBLIC OF SERBIA;07;2017;0_VJS;Non-public sector;47338;RSD;RSD;SORS;Average net earnings;A;Normal value
2403040104IND01;RS;REPUBLIC OF SERBIA;07;2017;1_JD;Public state enterprises;67205;RSD;RSD;SORS;Average net earnings;A;Normal value
2403040104IND01;RS;REPUBLIC OF SERBIA;07;2017;2_JL;Public local enterprises;44621;RSD;RSD;SORS;Average net earnings;A;Normal value
2403040104IND01;RS;REPUBLIC OF SERBIA;07;2017;3_4_5_BK;General government;45285;RSD;RSD;SORS;Average net earnings;A;Normal value
2403040104IND01;RS;REPUBLIC OF SERBIA;07;2017;3_ZS;Health and social work;43592;RSD;RSD;SORS;Average net earnings;A;Normal value
2403040104IND01;RS;REPUBLIC OF SERBIA;07;2017;4_OK;Education and culture;43910;RSD;RSD;SORS;Average net earnings;A;Normal value
2403040104IND01;RS;REPUBLIC OF SERBIA;07;2017;5_AD;Administration - all levels;51546;RSD;RSD;SORS;Average net earnings;A;Normal value
2403040104IND01;RS;REPUBLIC OF SERBIA;07;2017;5_AD2;Administration - government  level;;RSD;RSD;SORS;Average net earnings;O;Not available
2403040104IND01;RS;REPUBLIC OF SERBIA;07;2017;5_AD3;Administration - autonomous  province level;;RSD;RSD;SORS;Average net earnings;O;Not available
2403040104IND01;RS;REPUBLIC OF SERBIA;07;2017;5_AD4;Administration - local authorities’ level;;RSD;RSD;SORS;Average net earnings;O;Not available
2403040104IND01;RS;REPUBLIC OF SERBIA;07;2018;0;Total;49202;RSD;RSD;SORS;Average net earnings;A;Normal value
2403040104IND01;RS;REPUBLIC OF SERBIA;07;2018;0_JP_JD_JL;Public enterprises;58902;RSD;RSD;SORS;Average net earnings;A;Normal value
2403040104IND01;RS;REPUBLIC OF SERBIA;07;2018;0_JS;Public sector;54887;RSD;RSD;SORS;Average net earnings;A;Normal value
2403040104IND01;RS;REPUBLIC OF SERBIA;07;2018;0_VJS;Non-public sector;46401;RSD;RSD;SORS;Average net earnings;A;Normal value
2403040104IND01;RS;REPUBLIC OF SERBIA;07;2018;1_JD;Public state enterprises;66889;RSD;RSD;SORS;Average net earnings;A;Normal value
2403040104IND01;RS;REPUBLIC OF SERBIA;07;2018;2_JL;Public local enterprises;47230;RSD;RSD;SORS;Average net earnings;A;Normal value
2403040104IND01;RS;REPUBLIC OF SERBIA;07;2018;3_4_5_BK;General government;53545;RSD;RSD;SORS;Average net earnings;A;Normal value
2403040104IND01;RS;REPUBLIC OF SERBIA;07;2018;3_ZS;Health and social work;49880;RSD;RSD;SORS;Average net earnings;A;Normal value
2403040104IND01;RS;REPUBLIC OF SERBIA;07;2018;4_OK;Education and culture;52201;RSD;RSD;SORS;Average net earnings;A;Normal value
2403040104IND01;RS;REPUBLIC OF SERBIA;07;2018;5_AD;Administration - all levels;58090;RSD;RSD;SORS;Average net earnings;A;Normal value
2403040104IND01;RS;REPUBLIC OF SERBIA;07;2018;5_AD2;Administration - government  level;60420;RSD;RSD;SORS;Average net earnings;A;Normal value
2403040104IND01;RS;REPUBLIC OF SERBIA;07;2018;5_AD3;Administration - autonomous  province level;61393;RSD;RSD;SORS;Average net earnings;A;Normal value
2403040104IND01;RS;REPUBLIC OF SERBIA;07;2018;5_AD4;Administration - local authorities’ level;46774;RSD;RSD;SORS;Average net earnings;A;Normal value
2403040104IND01;RS;REPUBLIC OF SERBIA;07;2019;0;Total;55042;RSD;RSD;SORS;Average net earnings;A;Normal value
2403040104IND01;RS;REPUBLIC OF SERBIA;07;2019;0_JP_JD_JL;Public enterprises;68751;RSD;RSD;SORS;Average net earnings;A;Normal value
2403040104IND01;RS;REPUBLIC OF SERBIA;07;2019;0_JS;Public sector;61568;RSD;RSD;SORS;Average net earnings;A;Normal value
2403040104IND01;RS;REPUBLIC OF SERBIA;07;2019;0_VJS;Non-public sector;52037;RSD;RSD;SORS;Average net earnings;A;Normal value
2403040104IND01;RS;REPUBLIC OF SERBIA;07;2019;1_JD;Public state enterprises;80888;RSD;RSD;SORS;Average net earnings;A;Normal value
2403040104IND01;RS;REPUBLIC OF SERBIA;07;2019;2_JL;Public local enterprises;52203;RSD;RSD;SORS;Average net earnings;A;Normal value
2403040104IND01;RS;REPUBLIC OF SERBIA;07;2019;3_4_5_BK;General government;59238;RSD;RSD;SORS;Average net earnings;A;Normal value
2403040104IND01;RS;REPUBLIC OF SERBIA;07;2019;3_ZS;Health and social work;55370;RSD;RSD;SORS;Average net earnings;A;Normal value
2403040104IND01;RS;REPUBLIC OF SERBIA;07;2019;4_OK;Education and culture;58204;RSD;RSD;SORS;Average net earnings;A;Normal value
2403040104IND01;RS;REPUBLIC OF SERBIA;07;2019;5_AD;Administration - all levels;63695;RSD;RSD;SORS;Average net earnings;A;Normal value
2403040104IND01;RS;REPUBLIC OF SERBIA;07;2019;5_AD2;Administration - government  level;66136;RSD;RSD;SORS;Average net earnings;A;Normal value
2403040104IND01;RS;REPUBLIC OF SERBIA;07;2019;5_AD3;Administration - autonomous  province level;67662;RSD;RSD;SORS;Average net earnings;A;Normal value
2403040104IND01;RS;REPUBLIC OF SERBIA;07;2019;5_AD4;Administration - local authorities’ level;51625;RSD;RSD;SORS;Average net earnings;A;Normal value
2403040104IND01;RS;REPUBLIC OF SERBIA;07;2020;0;Total;60029;RSD;RSD;SORS;Average net earnings;A;Normal value
2403040104IND01;RS;REPUBLIC OF SERBIA;07;2020;0_JP_JD_JL;Public enterprises;72041;RSD;RSD;SORS;Average net earnings;A;Normal value
2403040104IND01;RS;REPUBLIC OF SERBIA;07;2020;0_JS;Public sector;68144;RSD;RSD;SORS;Average net earnings;A;Normal value
2403040104IND01;RS;REPUBLIC OF SERBIA;07;2020;0_VJS;Non-public sector;56498;RSD;RSD;SORS;Average net earnings;A;Normal value
2403040104IND01;RS;REPUBLIC OF SERBIA;07;2020;1_JD;Public state enterprises;81107;RSD;RSD;SORS;Average net earnings;A;Normal value
2403040104IND01;RS;REPUBLIC OF SERBIA;07;2020;2_JL;Public local enterprises;59663;RSD;RSD;SORS;Average net earnings;A;Normal value
2403040104IND01;RS;REPUBLIC OF SERBIA;07;2020;3_4_5_BK;General government;66884;RSD;RSD;SORS;Average net earnings;A;Normal value
2403040104IND01;RS;REPUBLIC OF SERBIA;07;2020;3_ZS;Health and social work;66356;RSD;RSD;SORS;Average net earnings;A;Normal value
2403040104IND01;RS;REPUBLIC OF SERBIA;07;2020;4_OK;Education and culture;64050;RSD;RSD;SORS;Average net earnings;A;Normal value
2403040104IND01;RS;REPUBLIC OF SERBIA;07;2020;5_AD;Administration - all levels;69940;RSD;RSD;SORS;Average net earnings;A;Normal value
2403040104IND01;RS;REPUBLIC OF SERBIA;07;2020;5_AD2;Administration - government  level;72690;RSD;RSD;SORS;Average net earnings;A;Normal value
2403040104IND01;RS;REPUBLIC OF SERBIA;07;2020;5_AD3;Administration - autonomous  province level;75176;RSD;RSD;SORS;Average net earnings;A;Normal value
2403040104IND01;RS;REPUBLIC OF SERBIA;07;2020;5_AD4;Administration - local authorities’ level;56186;RSD;RSD;SORS;Average net earnings;A;Normal value
2403040104IND01;RS;REPUBLIC OF SERBIA;07;2021;0;Total;64731;RSD;RSD;SORS;Average net earnings;A;Normal value
2403040104IND01;RS;REPUBLIC OF SERBIA;07;2021;0_JP_JD_JL;Public enterprises;74333;RSD;RSD;SORS;Average net earnings;A;Normal value
2403040104IND01;RS;REPUBLIC OF SERBIA;07;2021;0_JS;Public sector;72265;RSD;RSD;SORS;Average net earnings;A;Normal value
2403040104IND01;RS;REPUBLIC OF SERBIA;07;2021;0_VJS;Non-public sector;61572;RSD;RSD;SORS;Average net earnings;A;Normal value
2403040104IND01;RS;REPUBLIC OF SERBIA;07;2021;1_JD;Public state enterprises;82791;RSD;RSD;SORS;Average net earnings;A;Normal value
2403040104IND01;RS;REPUBLIC OF SERBIA;07;2021;2_JL;Public local enterprises;62522;RSD;RSD;SORS;Average net earnings;A;Normal value
2403040104IND01;RS;REPUBLIC OF SERBIA;07;2021;3_4_5_BK;General government;71599;RSD;RSD;SORS;Average net earnings;A;Normal value
2403040104IND01;RS;REPUBLIC OF SERBIA;07;2021;3_ZS;Health and social work;72997;RSD;RSD;SORS;Average net earnings;A;Normal value
2403040104IND01;RS;REPUBLIC OF SERBIA;07;2021;4_OK;Education and culture;66021;RSD;RSD;SORS;Average net earnings;A;Normal value
2403040104IND01;RS;REPUBLIC OF SERBIA;07;2021;5_AD;Administration - all levels;75432;RSD;RSD;SORS;Average net earnings;A;Normal value
2403040104IND01;RS;REPUBLIC OF SERBIA;07;2021;5_AD2;Administration - government  level;78581;RSD;RSD;SORS;Average net earnings;A;Normal value
2403040104IND01;RS;REPUBLIC OF SERBIA;07;2021;5_AD3;Administration - autonomous  province level;78698;RSD;RSD;SORS;Average net earnings;A;Normal value
2403040104IND01;RS;REPUBLIC OF SERBIA;07;2021;5_AD4;Administration - local authorities’ level;59928;RSD;RSD;SORS;Average net earnings;A;Normal value
2403040104IND01;RS;REPUBLIC OF SERBIA;07;2022;0;Total;73114;RSD;RSD;SORS;Average net earnings;A;Normal value
2403040104IND01;RS;REPUBLIC OF SERBIA;07;2022;0_JP_JD_JL;Public enterprises;78042;RSD;RSD;SORS;Average net earnings;A;Normal value
2403040104IND01;RS;REPUBLIC OF SERBIA;07;2022;0_JS;Public sector;76123;RSD;RSD;SORS;Average net earnings;A;Normal value
2403040104IND01;RS;REPUBLIC OF SERBIA;07;2022;0_VJS;Non-public sector;71864;RSD;RSD;SORS;Average net earnings;A;Normal value
2403040104IND01;RS;REPUBLIC OF SERBIA;07;2022;1_JD;Public state enterprises;86397;RSD;RSD;SORS;Average net earnings;A;Normal value
2403040104IND01;RS;REPUBLIC OF SERBIA;07;2022;2_JL;Public local enterprises;66642;RSD;RSD;SORS;Average net earnings;A;Normal value
2403040104IND01;RS;REPUBLIC OF SERBIA;07;2022;3_4_5_BK;General government;75511;RSD;RSD;SORS;Average net earnings;A;Normal value
2403040104IND01;RS;REPUBLIC OF SERBIA;07;2022;3_ZS;Health and social work;76037;RSD;RSD;SORS;Average net earnings;A;Normal value
2403040104IND01;RS;REPUBLIC OF SERBIA;07;2022;4_OK;Education and culture;68771;RSD;RSD;SORS;Average net earnings;A;Normal value
2403040104IND01;RS;REPUBLIC OF SERBIA;07;2022;5_AD;Administration - all levels;81195;RSD;RSD;SORS;Average net earnings;A;Normal value
2403040104IND01;RS;REPUBLIC OF SERBIA;07;2022;5_AD2;Administration - government  level;84700;RSD;RSD;SORS;Average net earnings;A;Normal value
2403040104IND01;RS;REPUBLIC OF SERBIA;07;2022;5_AD3;Administration - autonomous  province level;83938;RSD;RSD;SORS;Average net earnings;A;Normal value
2403040104IND01;RS;REPUBLIC OF SERBIA;07;2022;5_AD4;Administration - local authorities’ level;64118;RSD;RSD;SORS;Average net earnings;A;Normal value
2403040104IND01;RS;REPUBLIC OF SERBIA;07;2023;0;Total;83781;RSD;RSD;SORS;Average net earnings;A;Normal value
2403040104IND01;RS;REPUBLIC OF SERBIA;07;2023;0_JP_JD_JL;Public enterprises;88242;RSD;RSD;SORS;Average net earnings;A;Normal value
2403040104IND01;RS;REPUBLIC OF SERBIA;07;2023;0_JS;Public sector;85730;RSD;RSD;SORS;Average net earnings;A;Normal value
2403040104IND01;RS;REPUBLIC OF SERBIA;07;2023;0_VJS;Non-public sector;82998;RSD;RSD;SORS;Average net earnings;A;Normal value
2403040104IND01;RS;REPUBLIC OF SERBIA;07;2023;1_JD;Public state enterprises;96804;RSD;RSD;SORS;Average net earnings;A;Normal value
2403040104IND01;RS;REPUBLIC OF SERBIA;07;2023;2_JL;Public local enterprises;76654;RSD;RSD;SORS;Average net earnings;A;Normal value
2403040104IND01;RS;REPUBLIC OF SERBIA;07;2023;3_4_5_BK;General government;84936;RSD;RSD;SORS;Average net earnings;A;Normal value
2403040104IND01;RS;REPUBLIC OF SERBIA;07;2023;3_ZS;Health and social work;84474;RSD;RSD;SORS;Average net earnings;A;Normal value
2403040104IND01;RS;REPUBLIC OF SERBIA;07;2023;4_OK;Education and culture;76423;RSD;RSD;SORS;Average net earnings;A;Normal value
2403040104IND01;RS;REPUBLIC OF SERBIA;07;2023;5_AD;Administration - all levels;93208;RSD;RSD;SORS;Average net earnings;A;Normal value
2403040104IND01;RS;REPUBLIC OF SERBIA;07;2023;5_AD2;Administration - government  level;97294;RSD;RSD;SORS;Average net earnings;A;Normal value
2403040104IND01;RS;REPUBLIC OF SERBIA;07;2023;5_AD3;Administration - autonomous  province level;97012;RSD;RSD;SORS;Average net earnings;A;Normal value
2403040104IND01;RS;REPUBLIC OF SERBIA;07;2023;5_AD4;Administration - local authorities’ level;73115;RSD;RSD;SORS;Average net earnings;A;Normal value
2403040104IND01;RS;REPUBLIC OF SERBIA;07;2024;0;Total;97835;RSD;RSD;SORS;Average net earnings;A;Normal value
2403040104IND01;RS;REPUBLIC OF SERBIA;07;2024;0_JP_JD_JL;Public enterprises;103349;RSD;RSD;SORS;Average net earnings;A;Normal value
2403040104IND01;RS;REPUBLIC OF SERBIA;07;2024;0_JS;Public sector;100730;RSD;RSD;SORS;Average net earnings;A;Normal value
2403040104IND01;RS;REPUBLIC OF SERBIA;07;2024;0_VJS;Non-public sector;96672;RSD;RSD;SORS;Average net earnings;A;Normal value
2403040104IND01;RS;REPUBLIC OF SERBIA;07;2024;1_JD;Public state enterprises;111642;RSD;RSD;SORS;Average net earnings;A;Normal value
2403040104IND01;RS;REPUBLIC OF SERBIA;07;2024;2_JL;Public local enterprises;92159;RSD;RSD;SORS;Average net earnings;A;Normal value
2403040104IND01;RS;REPUBLIC OF SERBIA;07;2024;3_4_5_BK;General government;99918;RSD;RSD;SORS;Average net earnings;A;Normal value
2403040104IND01;RS;REPUBLIC OF SERBIA;07;2024;3_ZS;Health and social work;98385;RSD;RSD;SORS;Average net earnings;A;Normal value
2403040104IND01;RS;REPUBLIC OF SERBIA;07;2024;4_OK;Education and culture;94686;RSD;RSD;SORS;Average net earnings;A;Normal value
2403040104IND01;RS;REPUBLIC OF SERBIA;07;2024;5_AD;Administration - all levels;106153;RSD;RSD;SORS;Average net earnings;A;Normal value
2403040104IND01;RS;REPUBLIC OF SERBIA;07;2024;5_AD2;Administration - government  level;110590;RSD;RSD;SORS;Average net earnings;A;Normal value
2403040104IND01;RS;REPUBLIC OF SERBIA;07;2024;5_AD3;Administration - autonomous  province level;107547;RSD;RSD;SORS;Average net earnings;A;Normal value
2403040104IND01;RS;REPUBLIC OF SERBIA;07;2024;5_AD4;Administration - local authorities’ level;84046;RSD;RSD;SORS;Average net earnings;A;Normal value
2403040104IND01;RS;REPUBLIC OF SERBIA;07;2025;0;Total;109071;RSD;RSD;SORS;Average net earnings;A;Normal value
2403040104IND01;RS;REPUBLIC OF SERBIA;07;2025;0_JP_JD_JL;Public enterprises;115269;RSD;RSD;SORS;Average net earnings;A;Normal value
2403040104IND01;RS;REPUBLIC OF SERBIA;07;2025;0_JS;Public sector;112662;RSD;RSD;SORS;Average net earnings;A;Normal value
2403040104IND01;RS;REPUBLIC OF SERBIA;07;2025;0_VJS;Non-public sector;107636;RSD;RSD;SORS;Average net earnings;A;Normal value
2403040104IND01;RS;REPUBLIC OF SERBIA;07;2025;1_JD;Public state enterprises;123216;RSD;RSD;SORS;Average net earnings;A;Normal value
2403040104IND01;RS;REPUBLIC OF SERBIA;07;2025;2_JL;Public local enterprises;104509;RSD;RSD;SORS;Average net earnings;A;Normal value
2403040104IND01;RS;REPUBLIC OF SERBIA;07;2025;3_4_5_BK;General government;111868;RSD;RSD;SORS;Average net earnings;A;Normal value
2403040104IND01;RS;REPUBLIC OF SERBIA;07;2025;3_ZS;Health and social work;107800;RSD;RSD;SORS;Average net earnings;A;Normal value
2403040104IND01;RS;REPUBLIC OF SERBIA;07;2025;4_OK;Education and culture;108558;RSD;RSD;SORS;Average net earnings;A;Normal value
2403040104IND01;RS;REPUBLIC OF SERBIA;07;2025;5_AD;Administration - all levels;119047;RSD;RSD;SORS;Average net earnings;A;Normal value
2403040104IND01;RS;REPUBLIC OF SERBIA;07;2025;5_AD2;Administration - government  level;123794;RSD;RSD;SORS;Average net earnings;A;Normal value
2403040104IND01;RS;REPUBLIC OF SERBIA;07;2025;5_AD3;Administration - autonomous  province level;118466;RSD;RSD;SORS;Average net earnings;A;Normal value
2403040104IND01;RS;REPUBLIC OF SERBIA;07;2025;5_AD4;Administration - local authorities’ level;95356;RSD;RSD;SORS;Average net earnings;A;Normal value
2403040104IND01;RS;REPUBLIC OF SERBIA;08;2003;0;Total;11680;RSD;RSD;SORS;Average net earnings;A;Normal value
2403040104IND01;RS;REPUBLIC OF SERBIA;08;2003;0_JP_JD_JL;Public enterprises;16768;RSD;RSD;SORS;Average net earnings;A;Normal value
2403040104IND01;RS;REPUBLIC OF SERBIA;08;2003;0_JS;Public sector;14727;RSD;RSD;SORS;Average net earnings;A;Normal value
2403040104IND01;RS;REPUBLIC OF SERBIA;08;2003;0_VJS;Non-public sector;9572;RSD;RSD;SORS;Average net earnings;A;Normal value
2403040104IND01;RS;REPUBLIC OF SERBIA;08;2003;1_JD;Public state enterprises;17293;RSD;RSD;SORS;Average net earnings;A;Normal value
2403040104IND01;RS;REPUBLIC OF SERBIA;08;2003;2_JL;Public local enterprises;15557;RSD;RSD;SORS;Average net earnings;A;Normal value
2403040104IND01;RS;REPUBLIC OF SERBIA;08;2003;3_4_5_BK;General government;13569;RSD;RSD;SORS;Average net earnings;A;Normal value
2403040104IND01;RS;REPUBLIC OF SERBIA;08;2003;3_ZS;Health and social work;13167;RSD;RSD;SORS;Average net earnings;A;Normal value
2403040104IND01;RS;REPUBLIC OF SERBIA;08;2003;4_OK;Education and culture;11640;RSD;RSD;SORS;Average net earnings;A;Normal value
2403040104IND01;RS;REPUBLIC OF SERBIA;08;2003;5_AD;Administration - all levels;18106;RSD;RSD;SORS;Average net earnings;A;Normal value
2403040104IND01;RS;REPUBLIC OF SERBIA;08;2003;5_AD2;Administration - government  level;;RSD;RSD;SORS;Average net earnings;O;Not available
2403040104IND01;RS;REPUBLIC OF SERBIA;08;2003;5_AD3;Administration - autonomous  province level;;RSD;RSD;SORS;Average net earnings;O;Not available
2403040104IND01;RS;REPUBLIC OF SERBIA;08;2003;5_AD4;Administration - local authorities’ level;;RSD;RSD;SORS;Average net earnings;O;Not available
2403040104IND01;RS;REPUBLIC OF SERBIA;08;2004;0;Total;14182;RSD;RSD;SORS;Average net earnings;A;Normal value
2403040104IND01;RS;REPUBLIC OF SERBIA;08;2004;0_JP_JD_JL;Public enterprises;19612;RSD;RSD;SORS;Average net earnings;A;Normal value
2403040104IND01;RS;REPUBLIC OF SERBIA;08;2004;0_JS;Public sector;17634;RSD;RSD;SORS;Average net earnings;A;Normal value
2403040104IND01;RS;REPUBLIC OF SERBIA;08;2004;0_VJS;Non-public sector;11554;RSD;RSD;SORS;Average net earnings;A;Normal value
2403040104IND01;RS;REPUBLIC OF SERBIA;08;2004;1_JD;Public state enterprises;19726;RSD;RSD;SORS;Average net earnings;A;Normal value
2403040104IND01;RS;REPUBLIC OF SERBIA;08;2004;2_JL;Public local enterprises;19363;RSD;RSD;SORS;Average net earnings;A;Normal value
2403040104IND01;RS;REPUBLIC OF SERBIA;08;2004;3_4_5_BK;General government;16541;RSD;RSD;SORS;Average net earnings;A;Normal value
2403040104IND01;RS;REPUBLIC OF SERBIA;08;2004;3_ZS;Health and social work;15814;RSD;RSD;SORS;Average net earnings;A;Normal value
2403040104IND01;RS;REPUBLIC OF SERBIA;08;2004;4_OK;Education and culture;15727;RSD;RSD;SORS;Average net earnings;A;Normal value
2403040104IND01;RS;REPUBLIC OF SERBIA;08;2004;5_AD;Administration - all levels;19721;RSD;RSD;SORS;Average net earnings;A;Normal value
2403040104IND01;RS;REPUBLIC OF SERBIA;08;2004;5_AD2;Administration - government  level;;RSD;RSD;SORS;Average net earnings;O;Not available
2403040104IND01;RS;REPUBLIC OF SERBIA;08;2004;5_AD3;Administration - autonomous  province level;;RSD;RSD;SORS;Average net earnings;O;Not available
2403040104IND01;RS;REPUBLIC OF SERBIA;08;2004;5_AD4;Administration - local authorities’ level;;RSD;RSD;SORS;Average net earnings;O;Not available
2403040104IND01;RS;REPUBLIC OF SERBIA;08;2005;0;Total;17928;RSD;RSD;SORS;Average net earnings;A;Normal value
2403040104IND01;RS;REPUBLIC OF SERBIA;08;2005;0_JP_JD_JL;Public enterprises;23559;RSD;RSD;SORS;Average net earnings;A;Normal value
2403040104IND01;RS;REPUBLIC OF SERBIA;08;2005;0_JS;Public sector;21102;RSD;RSD;SORS;Average net earnings;A;Normal value
2403040104IND01;RS;REPUBLIC OF SERBIA;08;2005;0_VJS;Non-public sector;15255;RSD;RSD;SORS;Average net earnings;A;Normal value
2403040104IND01;RS;REPUBLIC OF SERBIA;08;2005;1_JD;Public state enterprises;23972;RSD;RSD;SORS;Average net earnings;A;Normal value
2403040104IND01;RS;REPUBLIC OF SERBIA;08;2005;2_JL;Public local enterprises;22799;RSD;RSD;SORS;Average net earnings;A;Normal value
2403040104IND01;RS;REPUBLIC OF SERBIA;08;2005;3_4_5_BK;General government;19792;RSD;RSD;SORS;Average net earnings;A;Normal value
2403040104IND01;RS;REPUBLIC OF SERBIA;08;2005;3_ZS;Health and social work;18593;RSD;RSD;SORS;Average net earnings;A;Normal value
2403040104IND01;RS;REPUBLIC OF SERBIA;08;2005;4_OK;Education and culture;19501;RSD;RSD;SORS;Average net earnings;A;Normal value
2403040104IND01;RS;REPUBLIC OF SERBIA;08;2005;5_AD;Administration - all levels;23200;RSD;RSD;SORS;Average net earnings;A;Normal value
2403040104IND01;RS;REPUBLIC OF SERBIA;08;2005;5_AD2;Administration - government  level;;RSD;RSD;SORS;Average net earnings;O;Not available
2403040104IND01;RS;REPUBLIC OF SERBIA;08;2005;5_AD3;Administration - autonomous  province level;;RSD;RSD;SORS;Average net earnings;O;Not available
2403040104IND01;RS;REPUBLIC OF SERBIA;08;2005;5_AD4;Administration - local authorities’ level;;RSD;RSD;SORS;Average net earnings;O;Not available
2403040104IND01;RS;REPUBLIC OF SERBIA;08;2006;0;Total;21925;RSD;RSD;SORS;Average net earnings;A;Normal value
2403040104IND01;RS;REPUBLIC OF SERBIA;08;2006;0_JP_JD_JL;Public enterprises;27823;RSD;RSD;SORS;Average net earnings;A;Normal value
2403040104IND01;RS;REPUBLIC OF SERBIA;08;2006;0_JS;Public sector;24817;RSD;RSD;SORS;Average net earnings;A;Normal value
2403040104IND01;RS;REPUBLIC OF SERBIA;08;2006;0_VJS;Non-public sector;19366;RSD;RSD;SORS;Average net earnings;A;Normal value
2403040104IND01;RS;REPUBLIC OF SERBIA;08;2006;1_JD;Public state enterprises;28593;RSD;RSD;SORS;Average net earnings;A;Normal value
2403040104IND01;RS;REPUBLIC OF SERBIA;08;2006;2_JL;Public local enterprises;26523;RSD;RSD;SORS;Average net earnings;A;Normal value
2403040104IND01;RS;REPUBLIC OF SERBIA;08;2006;3_4_5_BK;General government;23272;RSD;RSD;SORS;Average net earnings;A;Normal value
2403040104IND01;RS;REPUBLIC OF SERBIA;08;2006;3_ZS;Health and social work;21494;RSD;RSD;SORS;Average net earnings;A;Normal value
2403040104IND01;RS;REPUBLIC OF SERBIA;08;2006;4_OK;Education and culture;22937;RSD;RSD;SORS;Average net earnings;A;Normal value
2403040104IND01;RS;REPUBLIC OF SERBIA;08;2006;5_AD;Administration - all levels;28158;RSD;RSD;SORS;Average net earnings;A;Normal value
2403040104IND01;RS;REPUBLIC OF SERBIA;08;2006;5_AD2;Administration - government  level;;RSD;RSD;SORS;Average net earnings;O;Not available
2403040104IND01;RS;REPUBLIC OF SERBIA;08;2006;5_AD3;Administration - autonomous  province level;;RSD;RSD;SORS;Average net earnings;O;Not available
2403040104IND01;RS;REPUBLIC OF SERBIA;08;2006;5_AD4;Administration - local authorities’ level;;RSD;RSD;SORS;Average net earnings;O;Not available
2403040104IND01;RS;REPUBLIC OF SERBIA;08;2007;0;Total;28143;RSD;RSD;SORS;Average net earnings;A;Normal value
2403040104IND01;RS;REPUBLIC OF SERBIA;08;2007;0_JP_JD_JL;Public enterprises;34955;RSD;RSD;SORS;Average net earnings;A;Normal value
2403040104IND01;RS;REPUBLIC OF SERBIA;08;2007;0_JS;Public sector;32735;RSD;RSD;SORS;Average net earnings;A;Normal value
2403040104IND01;RS;REPUBLIC OF SERBIA;08;2007;0_VJS;Non-public sector;23653;RSD;RSD;SORS;Average net earnings;A;Normal value
2403040104IND01;RS;REPUBLIC OF SERBIA;08;2007;1_JD;Public state enterprises;37110;RSD;RSD;SORS;Average net earnings;A;Normal value
2403040104IND01;RS;REPUBLIC OF SERBIA;08;2007;2_JL;Public local enterprises;31258;RSD;RSD;SORS;Average net earnings;A;Normal value
2403040104IND01;RS;REPUBLIC OF SERBIA;08;2007;3_4_5_BK;General government;31623;RSD;RSD;SORS;Average net earnings;A;Normal value
2403040104IND01;RS;REPUBLIC OF SERBIA;08;2007;3_ZS;Health and social work;31048;RSD;RSD;SORS;Average net earnings;A;Normal value
2403040104IND01;RS;REPUBLIC OF SERBIA;08;2007;4_OK;Education and culture;30124;RSD;RSD;SORS;Average net earnings;A;Normal value
2403040104IND01;RS;REPUBLIC OF SERBIA;08;2007;5_AD;Administration - all levels;36035;RSD;RSD;SORS;Average net earnings;A;Normal value
2403040104IND01;RS;REPUBLIC OF SERBIA;08;2007;5_AD2;Administration - government  level;;RSD;RSD;SORS;Average net earnings;O;Not available
2403040104IND01;RS;REPUBLIC OF SERBIA;08;2007;5_AD3;Administration - autonomous  province level;;RSD;RSD;SORS;Average net earnings;O;Not available
2403040104IND01;RS;REPUBLIC OF SERBIA;08;2007;5_AD4;Administration - local authorities’ level;;RSD;RSD;SORS;Average net earnings;O;Not available
2403040104IND01;RS;REPUBLIC OF SERBIA;08;2008;0;Total;33131;RSD;RSD;SORS;Average net earnings;A;Normal value
2403040104IND01;RS;REPUBLIC OF SERBIA;08;2008;0_JP_JD_JL;Public enterprises;39940;RSD;RSD;SORS;Average net earnings;A;Normal value
2403040104IND01;RS;REPUBLIC OF SERBIA;08;2008;0_JS;Public sector;37373;RSD;RSD;SORS;Average net earnings;A;Normal value
2403040104IND01;RS;REPUBLIC OF SERBIA;08;2008;0_VJS;Non-public sector;28641;RSD;RSD;SORS;Average net earnings;A;Normal value
2403040104IND01;RS;REPUBLIC OF SERBIA;08;2008;1_JD;Public state enterprises;42572;RSD;RSD;SORS;Average net earnings;A;Normal value
2403040104IND01;RS;REPUBLIC OF SERBIA;08;2008;2_JL;Public local enterprises;35430;RSD;RSD;SORS;Average net earnings;A;Normal value
2403040104IND01;RS;REPUBLIC OF SERBIA;08;2008;3_4_5_BK;General government;36124;RSD;RSD;SORS;Average net earnings;A;Normal value
2403040104IND01;RS;REPUBLIC OF SERBIA;08;2008;3_ZS;Health and social work;35141;RSD;RSD;SORS;Average net earnings;A;Normal value
2403040104IND01;RS;REPUBLIC OF SERBIA;08;2008;4_OK;Education and culture;35053;RSD;RSD;SORS;Average net earnings;A;Normal value
2403040104IND01;RS;REPUBLIC OF SERBIA;08;2008;5_AD;Administration - all levels;40569;RSD;RSD;SORS;Average net earnings;A;Normal value
2403040104IND01;RS;REPUBLIC OF SERBIA;08;2008;5_AD2;Administration - government  level;;RSD;RSD;SORS;Average net earnings;O;Not available
2403040104IND01;RS;REPUBLIC OF SERBIA;08;2008;5_AD3;Administration - autonomous  province level;;RSD;RSD;SORS;Average net earnings;O;Not available
2403040104IND01;RS;REPUBLIC OF SERBIA;08;2008;5_AD4;Administration - local authorities’ level;;RSD;RSD;SORS;Average net earnings;O;Not available
2403040104IND01;RS;REPUBLIC OF SERBIA;08;2009;0;Total;31338;RSD;RSD;SORS;Average net earnings;A;Normal value
2403040104IND01;RS;REPUBLIC OF SERBIA;08;2009;0_JP_JD_JL;Public enterprises;40956;RSD;RSD;SORS;Average net earnings;A;Normal value
2403040104IND01;RS;REPUBLIC OF SERBIA;08;2009;0_JS;Public sector;38416;RSD;RSD;SORS;Average net earnings;A;Normal value
2403040104IND01;RS;REPUBLIC OF SERBIA;08;2009;0_VJS;Non-public sector;25805;RSD;RSD;SORS;Average net earnings;A;Normal value
2403040104IND01;RS;REPUBLIC OF SERBIA;08;2009;1_JD;Public state enterprises;44219;RSD;RSD;SORS;Average net earnings;A;Normal value
2403040104IND01;RS;REPUBLIC OF SERBIA;08;2009;2_JL;Public local enterprises;35897;RSD;RSD;SORS;Average net earnings;A;Normal value
2403040104IND01;RS;REPUBLIC OF SERBIA;08;2009;3_4_5_BK;General government;37288;RSD;RSD;SORS;Average net earnings;A;Normal value
2403040104IND01;RS;REPUBLIC OF SERBIA;08;2009;3_ZS;Health and social work;36888;RSD;RSD;SORS;Average net earnings;A;Normal value
2403040104IND01;RS;REPUBLIC OF SERBIA;08;2009;4_OK;Education and culture;36218;RSD;RSD;SORS;Average net earnings;A;Normal value
2403040104IND01;RS;REPUBLIC OF SERBIA;08;2009;5_AD;Administration - all levels;40232;RSD;RSD;SORS;Average net earnings;A;Normal value
2403040104IND01;RS;REPUBLIC OF SERBIA;08;2009;5_AD2;Administration - government  level;;RSD;RSD;SORS;Average net earnings;O;Not available
2403040104IND01;RS;REPUBLIC OF SERBIA;08;2009;5_AD3;Administration - autonomous  province level;;RSD;RSD;SORS;Average net earnings;O;Not available
2403040104IND01;RS;REPUBLIC OF SERBIA;08;2009;5_AD4;Administration - local authorities’ level;;RSD;RSD;SORS;Average net earnings;O;Not available
2403040104IND01;RS;REPUBLIC OF SERBIA;08;2010;0;Total;33955;RSD;RSD;SORS;Average net earnings;A;Normal value
2403040104IND01;RS;REPUBLIC OF SERBIA;08;2010;0_JP_JD_JL;Public enterprises;42589;RSD;RSD;SORS;Average net earnings;A;Normal value
2403040104IND01;RS;REPUBLIC OF SERBIA;08;2010;0_JS;Public sector;39486;RSD;RSD;SORS;Average net earnings;A;Normal value
2403040104IND01;RS;REPUBLIC OF SERBIA;08;2010;0_VJS;Non-public sector;29235;RSD;RSD;SORS;Average net earnings;A;Normal value
2403040104IND01;RS;REPUBLIC OF SERBIA;08;2010;1_JD;Public state enterprises;44936;RSD;RSD;SORS;Average net earnings;A;Normal value
2403040104IND01;RS;REPUBLIC OF SERBIA;08;2010;2_JL;Public local enterprises;39011;RSD;RSD;SORS;Average net earnings;A;Normal value
2403040104IND01;RS;REPUBLIC OF SERBIA;08;2010;3_4_5_BK;General government;38136;RSD;RSD;SORS;Average net earnings;A;Normal value
2403040104IND01;RS;REPUBLIC OF SERBIA;08;2010;3_ZS;Health and social work;36866;RSD;RSD;SORS;Average net earnings;A;Normal value
2403040104IND01;RS;REPUBLIC OF SERBIA;08;2010;4_OK;Education and culture;36903;RSD;RSD;SORS;Average net earnings;A;Normal value
2403040104IND01;RS;REPUBLIC OF SERBIA;08;2010;5_AD;Administration - all levels;43444;RSD;RSD;SORS;Average net earnings;A;Normal value
2403040104IND01;RS;REPUBLIC OF SERBIA;08;2010;5_AD2;Administration - government  level;;RSD;RSD;SORS;Average net earnings;O;Not available
2403040104IND01;RS;REPUBLIC OF SERBIA;08;2010;5_AD3;Administration - autonomous  province level;;RSD;RSD;SORS;Average net earnings;O;Not available
2403040104IND01;RS;REPUBLIC OF SERBIA;08;2010;5_AD4;Administration - local authorities’ level;;RSD;RSD;SORS;Average net earnings;O;Not available
2403040104IND01;RS;REPUBLIC OF SERBIA;08;2011;0;Total;38389;RSD;RSD;SORS;Average net earnings;A;Normal value
2403040104IND01;RS;REPUBLIC OF SERBIA;08;2011;0_JP_JD_JL;Public enterprises;48782;RSD;RSD;SORS;Average net earnings;A;Normal value
2403040104IND01;RS;REPUBLIC OF SERBIA;08;2011;0_JS;Public sector;43652;RSD;RSD;SORS;Average net earnings;A;Normal value
2403040104IND01;RS;REPUBLIC OF SERBIA;08;2011;0_VJS;Non-public sector;33711;RSD;RSD;SORS;Average net earnings;A;Normal value
2403040104IND01;RS;REPUBLIC OF SERBIA;08;2011;1_JD;Public state enterprises;53877;RSD;RSD;SORS;Average net earnings;A;Normal value
2403040104IND01;RS;REPUBLIC OF SERBIA;08;2011;2_JL;Public local enterprises;41266;RSD;RSD;SORS;Average net earnings;A;Normal value
2403040104IND01;RS;REPUBLIC OF SERBIA;08;2011;3_4_5_BK;General government;41431;RSD;RSD;SORS;Average net earnings;A;Normal value
2403040104IND01;RS;REPUBLIC OF SERBIA;08;2011;3_ZS;Health and social work;39879;RSD;RSD;SORS;Average net earnings;A;Normal value
2403040104IND01;RS;REPUBLIC OF SERBIA;08;2011;4_OK;Education and culture;39741;RSD;RSD;SORS;Average net earnings;A;Normal value
2403040104IND01;RS;REPUBLIC OF SERBIA;08;2011;5_AD;Administration - all levels;48285;RSD;RSD;SORS;Average net earnings;A;Normal value
2403040104IND01;RS;REPUBLIC OF SERBIA;08;2011;5_AD2;Administration - government  level;;RSD;RSD;SORS;Average net earnings;O;Not available
2403040104IND01;RS;REPUBLIC OF SERBIA;08;2011;5_AD3;Administration - autonomous  province level;;RSD;RSD;SORS;Average net earnings;O;Not available
2403040104IND01;RS;REPUBLIC OF SERBIA;08;2011;5_AD4;Administration - local authorities’ level;;RSD;RSD;SORS;Average net earnings;O;Not available
2403040104IND01;RS;REPUBLIC OF SERBIA;08;2012;0;Total;42122;RSD;RSD;SORS;Average net earnings;A;Normal value
2403040104IND01;RS;REPUBLIC OF SERBIA;08;2012;0_JP_JD_JL;Public enterprises;52695;RSD;RSD;SORS;Average net earnings;A;Normal value
2403040104IND01;RS;REPUBLIC OF SERBIA;08;2012;0_JS;Public sector;46910;RSD;RSD;SORS;Average net earnings;A;Normal value
2403040104IND01;RS;REPUBLIC OF SERBIA;08;2012;0_VJS;Non-public sector;37628;RSD;RSD;SORS;Average net earnings;A;Normal value
2403040104IND01;RS;REPUBLIC OF SERBIA;08;2012;1_JD;Public state enterprises;58951;RSD;RSD;SORS;Average net earnings;A;Normal value
2403040104IND01;RS;REPUBLIC OF SERBIA;08;2012;2_JL;Public local enterprises;43574;RSD;RSD;SORS;Average net earnings;A;Normal value
2403040104IND01;RS;REPUBLIC OF SERBIA;08;2012;3_4_5_BK;General government;44384;RSD;RSD;SORS;Average net earnings;A;Normal value
2403040104IND01;RS;REPUBLIC OF SERBIA;08;2012;3_ZS;Health and social work;42613;RSD;RSD;SORS;Average net earnings;A;Normal value
2403040104IND01;RS;REPUBLIC OF SERBIA;08;2012;4_OK;Education and culture;41814;RSD;RSD;SORS;Average net earnings;A;Normal value
2403040104IND01;RS;REPUBLIC OF SERBIA;08;2012;5_AD;Administration - all levels;53144;RSD;RSD;SORS;Average net earnings;A;Normal value
2403040104IND01;RS;REPUBLIC OF SERBIA;08;2012;5_AD2;Administration - government  level;;RSD;RSD;SORS;Average net earnings;O;Not available
2403040104IND01;RS;REPUBLIC OF SERBIA;08;2012;5_AD3;Administration - autonomous  province level;;RSD;RSD;SORS;Average net earnings;O;Not available
2403040104IND01;RS;REPUBLIC OF SERBIA;08;2012;5_AD4;Administration - local authorities’ level;;RSD;RSD;SORS;Average net earnings;O;Not available
2403040104IND01;RS;REPUBLIC OF SERBIA;08;2013;0;Total;44770;RSD;RSD;SORS;Average net earnings;A;Normal value
2403040104IND01;RS;REPUBLIC OF SERBIA;08;2013;0_JP_JD_JL;Public enterprises;56597;RSD;RSD;SORS;Average net earnings;A;Normal value
2403040104IND01;RS;REPUBLIC OF SERBIA;08;2013;0_JS;Public sector;49927;RSD;RSD;SORS;Average net earnings;A;Normal value
2403040104IND01;RS;REPUBLIC OF SERBIA;08;2013;0_VJS;Non-public sector;39671;RSD;RSD;SORS;Average net earnings;A;Normal value
2403040104IND01;RS;REPUBLIC OF SERBIA;08;2013;1_JD;Public state enterprises;65057;RSD;RSD;SORS;Average net earnings;A;Normal value
2403040104IND01;RS;REPUBLIC OF SERBIA;08;2013;2_JL;Public local enterprises;44402;RSD;RSD;SORS;Average net earnings;A;Normal value
2403040104IND01;RS;REPUBLIC OF SERBIA;08;2013;3_4_5_BK;General government;47013;RSD;RSD;SORS;Average net earnings;A;Normal value
2403040104IND01;RS;REPUBLIC OF SERBIA;08;2013;3_ZS;Health and social work;44992;RSD;RSD;SORS;Average net earnings;A;Normal value
2403040104IND01;RS;REPUBLIC OF SERBIA;08;2013;4_OK;Education and culture;43929;RSD;RSD;SORS;Average net earnings;A;Normal value
2403040104IND01;RS;REPUBLIC OF SERBIA;08;2013;5_AD;Administration - all levels;57092;RSD;RSD;SORS;Average net earnings;A;Normal value
2403040104IND01;RS;REPUBLIC OF SERBIA;08;2013;5_AD2;Administration - government  level;;RSD;RSD;SORS;Average net earnings;O;Not available
2403040104IND01;RS;REPUBLIC OF SERBIA;08;2013;5_AD3;Administration - autonomous  province level;;RSD;RSD;SORS;Average net earnings;O;Not available
2403040104IND01;RS;REPUBLIC OF SERBIA;08;2013;5_AD4;Administration - local authorities’ level;;RSD;RSD;SORS;Average net earnings;O;Not available
2403040104IND01;RS;REPUBLIC OF SERBIA;08;2014;0;Total;45610;RSD;RSD;SORS;Average net earnings;A;Normal value
2403040104IND01;RS;REPUBLIC OF SERBIA;08;2014;0_JP_JD_JL;Public enterprises;60349;RSD;RSD;SORS;Average net earnings;A;Normal value
2403040104IND01;RS;REPUBLIC OF SERBIA;08;2014;0_JS;Public sector;50870;RSD;RSD;SORS;Average net earnings;A;Normal value
2403040104IND01;RS;REPUBLIC OF SERBIA;08;2014;0_VJS;Non-public sector;40601;RSD;RSD;SORS;Average net earnings;A;Normal value
2403040104IND01;RS;REPUBLIC OF SERBIA;08;2014;1_JD;Public state enterprises;70984;RSD;RSD;SORS;Average net earnings;A;Normal value
2403040104IND01;RS;REPUBLIC OF SERBIA;08;2014;2_JL;Public local enterprises;44962;RSD;RSD;SORS;Average net earnings;A;Normal value
2403040104IND01;RS;REPUBLIC OF SERBIA;08;2014;3_4_5_BK;General government;46781;RSD;RSD;SORS;Average net earnings;A;Normal value
2403040104IND01;RS;REPUBLIC OF SERBIA;08;2014;3_ZS;Health and social work;44778;RSD;RSD;SORS;Average net earnings;A;Normal value
2403040104IND01;RS;REPUBLIC OF SERBIA;08;2014;4_OK;Education and culture;44813;RSD;RSD;SORS;Average net earnings;A;Normal value
2403040104IND01;RS;REPUBLIC OF SERBIA;08;2014;5_AD;Administration - all levels;54886;RSD;RSD;SORS;Average net earnings;A;Normal value
2403040104IND01;RS;REPUBLIC OF SERBIA;08;2014;5_AD2;Administration - government  level;;RSD;RSD;SORS;Average net earnings;O;Not available
2403040104IND01;RS;REPUBLIC OF SERBIA;08;2014;5_AD3;Administration - autonomous  province level;;RSD;RSD;SORS;Average net earnings;O;Not available
2403040104IND01;RS;REPUBLIC OF SERBIA;08;2014;5_AD4;Administration - local authorities’ level;;RSD;RSD;SORS;Average net earnings;O;Not available
2403040104IND01;RS;REPUBLIC OF SERBIA;08;2015;0;Total;44630;RSD;RSD;SORS;Average net earnings;A;Normal value
2403040104IND01;RS;REPUBLIC OF SERBIA;08;2015;0_JP_JD_JL;Public enterprises;56330;RSD;RSD;SORS;Average net earnings;A;Normal value
2403040104IND01;RS;REPUBLIC OF SERBIA;08;2015;0_JS;Public sector;46861;RSD;RSD;SORS;Average net earnings;A;Normal value
2403040104IND01;RS;REPUBLIC OF SERBIA;08;2015;0_VJS;Non-public sector;42557;RSD;RSD;SORS;Average net earnings;A;Normal value
2403040104IND01;RS;REPUBLIC OF SERBIA;08;2015;1_JD;Public state enterprises;65152;RSD;RSD;SORS;Average net earnings;A;Normal value
2403040104IND01;RS;REPUBLIC OF SERBIA;08;2015;2_JL;Public local enterprises;44127;RSD;RSD;SORS;Average net earnings;A;Normal value
2403040104IND01;RS;REPUBLIC OF SERBIA;08;2015;3_4_5_BK;General government;42653;RSD;RSD;SORS;Average net earnings;A;Normal value
2403040104IND01;RS;REPUBLIC OF SERBIA;08;2015;3_ZS;Health and social work;40927;RSD;RSD;SORS;Average net earnings;A;Normal value
2403040104IND01;RS;REPUBLIC OF SERBIA;08;2015;4_OK;Education and culture;41168;RSD;RSD;SORS;Average net earnings;A;Normal value
2403040104IND01;RS;REPUBLIC OF SERBIA;08;2015;5_AD;Administration - all levels;49255;RSD;RSD;SORS;Average net earnings;A;Normal value
2403040104IND01;RS;REPUBLIC OF SERBIA;08;2015;5_AD2;Administration - government  level;;RSD;RSD;SORS;Average net earnings;O;Not available
2403040104IND01;RS;REPUBLIC OF SERBIA;08;2015;5_AD3;Administration - autonomous  province level;;RSD;RSD;SORS;Average net earnings;O;Not available
2403040104IND01;RS;REPUBLIC OF SERBIA;08;2015;5_AD4;Administration - local authorities’ level;;RSD;RSD;SORS;Average net earnings;O;Not available
2403040104IND01;RS;REPUBLIC OF SERBIA;08;2016;0;Total;45286;RSD;RSD;SORS;Average net earnings;A;Normal value
2403040104IND01;RS;REPUBLIC OF SERBIA;08;2016;0_JP_JD_JL;Public enterprises;56969;RSD;RSD;SORS;Average net earnings;A;Normal value
2403040104IND01;RS;REPUBLIC OF SERBIA;08;2016;0_JS;Public sector;47320;RSD;RSD;SORS;Average net earnings;A;Normal value
2403040104IND01;RS;REPUBLIC OF SERBIA;08;2016;0_VJS;Non-public sector;43469;RSD;RSD;SORS;Average net earnings;A;Normal value
2403040104IND01;RS;REPUBLIC OF SERBIA;08;2016;1_JD;Public state enterprises;64995;RSD;RSD;SORS;Average net earnings;A;Normal value
2403040104IND01;RS;REPUBLIC OF SERBIA;08;2016;2_JL;Public local enterprises;45690;RSD;RSD;SORS;Average net earnings;A;Normal value
2403040104IND01;RS;REPUBLIC OF SERBIA;08;2016;3_4_5_BK;General government;43063;RSD;RSD;SORS;Average net earnings;A;Normal value
2403040104IND01;RS;REPUBLIC OF SERBIA;08;2016;3_ZS;Health and social work;41849;RSD;RSD;SORS;Average net earnings;A;Normal value
2403040104IND01;RS;REPUBLIC OF SERBIA;08;2016;4_OK;Education and culture;40795;RSD;RSD;SORS;Average net earnings;A;Normal value
2403040104IND01;RS;REPUBLIC OF SERBIA;08;2016;5_AD;Administration - all levels;50103;RSD;RSD;SORS;Average net earnings;A;Normal value
2403040104IND01;RS;REPUBLIC OF SERBIA;08;2016;5_AD2;Administration - government  level;;RSD;RSD;SORS;Average net earnings;O;Not available
2403040104IND01;RS;REPUBLIC OF SERBIA;08;2016;5_AD3;Administration - autonomous  province level;;RSD;RSD;SORS;Average net earnings;O;Not available
2403040104IND01;RS;REPUBLIC OF SERBIA;08;2016;5_AD4;Administration - local authorities’ level;;RSD;RSD;SORS;Average net earnings;O;Not available
2403040104IND01;RS;REPUBLIC OF SERBIA;08;2017;0;Total;47220;RSD;RSD;SORS;Average net earnings;A;Normal value
2403040104IND01;RS;REPUBLIC OF SERBIA;08;2017;0_JP_JD_JL;Public enterprises;58324;RSD;RSD;SORS;Average net earnings;A;Normal value
2403040104IND01;RS;REPUBLIC OF SERBIA;08;2017;0_JS;Public sector;48852;RSD;RSD;SORS;Average net earnings;A;Normal value
2403040104IND01;RS;REPUBLIC OF SERBIA;08;2017;0_VJS;Non-public sector;45800;RSD;RSD;SORS;Average net earnings;A;Normal value
2403040104IND01;RS;REPUBLIC OF SERBIA;08;2017;1_JD;Public state enterprises;67552;RSD;RSD;SORS;Average net earnings;A;Normal value
2403040104IND01;RS;REPUBLIC OF SERBIA;08;2017;2_JL;Public local enterprises;45666;RSD;RSD;SORS;Average net earnings;A;Normal value
2403040104IND01;RS;REPUBLIC OF SERBIA;08;2017;3_4_5_BK;General government;44807;RSD;RSD;SORS;Average net earnings;A;Normal value
2403040104IND01;RS;REPUBLIC OF SERBIA;08;2017;3_ZS;Health and social work;43730;RSD;RSD;SORS;Average net earnings;A;Normal value
2403040104IND01;RS;REPUBLIC OF SERBIA;08;2017;4_OK;Education and culture;42966;RSD;RSD;SORS;Average net earnings;A;Normal value
2403040104IND01;RS;REPUBLIC OF SERBIA;08;2017;5_AD;Administration - all levels;50690;RSD;RSD;SORS;Average net earnings;A;Normal value
2403040104IND01;RS;REPUBLIC OF SERBIA;08;2017;5_AD2;Administration - government  level;;RSD;RSD;SORS;Average net earnings;O;Not available
2403040104IND01;RS;REPUBLIC OF SERBIA;08;2017;5_AD3;Administration - autonomous  province level;;RSD;RSD;SORS;Average net earnings;O;Not available
2403040104IND01;RS;REPUBLIC OF SERBIA;08;2017;5_AD4;Administration - local authorities’ level;;RSD;RSD;SORS;Average net earnings;O;Not available
2403040104IND01;RS;REPUBLIC OF SERBIA;08;2018;0;Total;49773;RSD;RSD;SORS;Average net earnings;A;Normal value
2403040104IND01;RS;REPUBLIC OF SERBIA;08;2018;0_JP_JD_JL;Public enterprises;60100;RSD;RSD;SORS;Average net earnings;A;Normal value
2403040104IND01;RS;REPUBLIC OF SERBIA;08;2018;0_JS;Public sector;55512;RSD;RSD;SORS;Average net earnings;A;Normal value
2403040104IND01;RS;REPUBLIC OF SERBIA;08;2018;0_VJS;Non-public sector;46958;RSD;RSD;SORS;Average net earnings;A;Normal value
2403040104IND01;RS;REPUBLIC OF SERBIA;08;2018;1_JD;Public state enterprises;68636;RSD;RSD;SORS;Average net earnings;A;Normal value
2403040104IND01;RS;REPUBLIC OF SERBIA;08;2018;2_JL;Public local enterprises;47709;RSD;RSD;SORS;Average net earnings;A;Normal value
2403040104IND01;RS;REPUBLIC OF SERBIA;08;2018;3_4_5_BK;General government;53970;RSD;RSD;SORS;Average net earnings;A;Normal value
2403040104IND01;RS;REPUBLIC OF SERBIA;08;2018;3_ZS;Health and social work;50247;RSD;RSD;SORS;Average net earnings;A;Normal value
2403040104IND01;RS;REPUBLIC OF SERBIA;08;2018;4_OK;Education and culture;53216;RSD;RSD;SORS;Average net earnings;A;Normal value
2403040104IND01;RS;REPUBLIC OF SERBIA;08;2018;5_AD;Administration - all levels;58032;RSD;RSD;SORS;Average net earnings;A;Normal value
2403040104IND01;RS;REPUBLIC OF SERBIA;08;2018;5_AD2;Administration - government  level;60279;RSD;RSD;SORS;Average net earnings;A;Normal value
2403040104IND01;RS;REPUBLIC OF SERBIA;08;2018;5_AD3;Administration - autonomous  province level;61988;RSD;RSD;SORS;Average net earnings;A;Normal value
2403040104IND01;RS;REPUBLIC OF SERBIA;08;2018;5_AD4;Administration - local authorities’ level;47204;RSD;RSD;SORS;Average net earnings;A;Normal value
2403040104IND01;RS;REPUBLIC OF SERBIA;08;2019;0;Total;54115;RSD;RSD;SORS;Average net earnings;A;Normal value
2403040104IND01;RS;REPUBLIC OF SERBIA;08;2019;0_JP_JD_JL;Public enterprises;65077;RSD;RSD;SORS;Average net earnings;A;Normal value
2403040104IND01;RS;REPUBLIC OF SERBIA;08;2019;0_JS;Public sector;60200;RSD;RSD;SORS;Average net earnings;A;Normal value
2403040104IND01;RS;REPUBLIC OF SERBIA;08;2019;0_VJS;Non-public sector;51318;RSD;RSD;SORS;Average net earnings;A;Normal value
2403040104IND01;RS;REPUBLIC OF SERBIA;08;2019;1_JD;Public state enterprises;74905;RSD;RSD;SORS;Average net earnings;A;Normal value
2403040104IND01;RS;REPUBLIC OF SERBIA;08;2019;2_JL;Public local enterprises;51778;RSD;RSD;SORS;Average net earnings;A;Normal value
2403040104IND01;RS;REPUBLIC OF SERBIA;08;2019;3_4_5_BK;General government;58617;RSD;RSD;SORS;Average net earnings;A;Normal value
2403040104IND01;RS;REPUBLIC OF SERBIA;08;2019;3_ZS;Health and social work;54786;RSD;RSD;SORS;Average net earnings;A;Normal value
2403040104IND01;RS;REPUBLIC OF SERBIA;08;2019;4_OK;Education and culture;57105;RSD;RSD;SORS;Average net earnings;A;Normal value
2403040104IND01;RS;REPUBLIC OF SERBIA;08;2019;5_AD;Administration - all levels;63467;RSD;RSD;SORS;Average net earnings;A;Normal value
2403040104IND01;RS;REPUBLIC OF SERBIA;08;2019;5_AD2;Administration - government  level;66011;RSD;RSD;SORS;Average net earnings;A;Normal value
2403040104IND01;RS;REPUBLIC OF SERBIA;08;2019;5_AD3;Administration - autonomous  province level;66973;RSD;RSD;SORS;Average net earnings;A;Normal value
2403040104IND01;RS;REPUBLIC OF SERBIA;08;2019;5_AD4;Administration - local authorities’ level;51009;RSD;RSD;SORS;Average net earnings;A;Normal value
2403040104IND01;RS;REPUBLIC OF SERBIA;08;2020;0;Total;58513;RSD;RSD;SORS;Average net earnings;A;Normal value
2403040104IND01;RS;REPUBLIC OF SERBIA;08;2020;0_JP_JD_JL;Public enterprises;69715;RSD;RSD;SORS;Average net earnings;A;Normal value
2403040104IND01;RS;REPUBLIC OF SERBIA;08;2020;0_JS;Public sector;66492;RSD;RSD;SORS;Average net earnings;A;Normal value
2403040104IND01;RS;REPUBLIC OF SERBIA;08;2020;0_VJS;Non-public sector;55081;RSD;RSD;SORS;Average net earnings;A;Normal value
2403040104IND01;RS;REPUBLIC OF SERBIA;08;2020;1_JD;Public state enterprises;78066;RSD;RSD;SORS;Average net earnings;A;Normal value
2403040104IND01;RS;REPUBLIC OF SERBIA;08;2020;2_JL;Public local enterprises;58275;RSD;RSD;SORS;Average net earnings;A;Normal value
2403040104IND01;RS;REPUBLIC OF SERBIA;08;2020;3_4_5_BK;General government;65449;RSD;RSD;SORS;Average net earnings;A;Normal value
2403040104IND01;RS;REPUBLIC OF SERBIA;08;2020;3_ZS;Health and social work;65156;RSD;RSD;SORS;Average net earnings;A;Normal value
2403040104IND01;RS;REPUBLIC OF SERBIA;08;2020;4_OK;Education and culture;61259;RSD;RSD;SORS;Average net earnings;A;Normal value
2403040104IND01;RS;REPUBLIC OF SERBIA;08;2020;5_AD;Administration - all levels;69519;RSD;RSD;SORS;Average net earnings;A;Normal value
2403040104IND01;RS;REPUBLIC OF SERBIA;08;2020;5_AD2;Administration - government  level;72331;RSD;RSD;SORS;Average net earnings;A;Normal value
2403040104IND01;RS;REPUBLIC OF SERBIA;08;2020;5_AD3;Administration - autonomous  province level;73234;RSD;RSD;SORS;Average net earnings;A;Normal value
2403040104IND01;RS;REPUBLIC OF SERBIA;08;2020;5_AD4;Administration - local authorities’ level;55626;RSD;RSD;SORS;Average net earnings;A;Normal value
2403040104IND01;RS;REPUBLIC OF SERBIA;08;2021;0;Total;64639;RSD;RSD;SORS;Average net earnings;A;Normal value
2403040104IND01;RS;REPUBLIC OF SERBIA;08;2021;0_JP_JD_JL;Public enterprises;74578;RSD;RSD;SORS;Average net earnings;A;Normal value
2403040104IND01;RS;REPUBLIC OF SERBIA;08;2021;0_JS;Public sector;72113;RSD;RSD;SORS;Average net earnings;A;Normal value
2403040104IND01;RS;REPUBLIC OF SERBIA;08;2021;0_VJS;Non-public sector;61519;RSD;RSD;SORS;Average net earnings;A;Normal value
2403040104IND01;RS;REPUBLIC OF SERBIA;08;2021;1_JD;Public state enterprises;82823;RSD;RSD;SORS;Average net earnings;A;Normal value
2403040104IND01;RS;REPUBLIC OF SERBIA;08;2021;2_JL;Public local enterprises;63144;RSD;RSD;SORS;Average net earnings;A;Normal value
2403040104IND01;RS;REPUBLIC OF SERBIA;08;2021;3_4_5_BK;General government;71317;RSD;RSD;SORS;Average net earnings;A;Normal value
2403040104IND01;RS;REPUBLIC OF SERBIA;08;2021;3_ZS;Health and social work;71890;RSD;RSD;SORS;Average net earnings;A;Normal value
2403040104IND01;RS;REPUBLIC OF SERBIA;08;2021;4_OK;Education and culture;66234;RSD;RSD;SORS;Average net earnings;A;Normal value
2403040104IND01;RS;REPUBLIC OF SERBIA;08;2021;5_AD;Administration - all levels;75463;RSD;RSD;SORS;Average net earnings;A;Normal value
2403040104IND01;RS;REPUBLIC OF SERBIA;08;2021;5_AD2;Administration - government  level;78631;RSD;RSD;SORS;Average net earnings;A;Normal value
2403040104IND01;RS;REPUBLIC OF SERBIA;08;2021;5_AD3;Administration - autonomous  province level;79199;RSD;RSD;SORS;Average net earnings;A;Normal value
2403040104IND01;RS;REPUBLIC OF SERBIA;08;2021;5_AD4;Administration - local authorities’ level;59908;RSD;RSD;SORS;Average net earnings;A;Normal value
2403040104IND01;RS;REPUBLIC OF SERBIA;08;2022;0;Total;75282;RSD;RSD;SORS;Average net earnings;A;Normal value
2403040104IND01;RS;REPUBLIC OF SERBIA;08;2022;0_JP_JD_JL;Public enterprises;81539;RSD;RSD;SORS;Average net earnings;A;Normal value
2403040104IND01;RS;REPUBLIC OF SERBIA;08;2022;0_JS;Public sector;78285;RSD;RSD;SORS;Average net earnings;A;Normal value
2403040104IND01;RS;REPUBLIC OF SERBIA;08;2022;0_VJS;Non-public sector;74034;RSD;RSD;SORS;Average net earnings;A;Normal value
2403040104IND01;RS;REPUBLIC OF SERBIA;08;2022;1_JD;Public state enterprises;90105;RSD;RSD;SORS;Average net earnings;A;Normal value
2403040104IND01;RS;REPUBLIC OF SERBIA;08;2022;2_JL;Public local enterprises;69881;RSD;RSD;SORS;Average net earnings;A;Normal value
2403040104IND01;RS;REPUBLIC OF SERBIA;08;2022;3_4_5_BK;General government;77249;RSD;RSD;SORS;Average net earnings;A;Normal value
2403040104IND01;RS;REPUBLIC OF SERBIA;08;2022;3_ZS;Health and social work;77830;RSD;RSD;SORS;Average net earnings;A;Normal value
2403040104IND01;RS;REPUBLIC OF SERBIA;08;2022;4_OK;Education and culture;72126;RSD;RSD;SORS;Average net earnings;A;Normal value
2403040104IND01;RS;REPUBLIC OF SERBIA;08;2022;5_AD;Administration - all levels;81409;RSD;RSD;SORS;Average net earnings;A;Normal value
2403040104IND01;RS;REPUBLIC OF SERBIA;08;2022;5_AD2;Administration - government  level;84735;RSD;RSD;SORS;Average net earnings;A;Normal value
2403040104IND01;RS;REPUBLIC OF SERBIA;08;2022;5_AD3;Administration - autonomous  province level;85974;RSD;RSD;SORS;Average net earnings;A;Normal value
2403040104IND01;RS;REPUBLIC OF SERBIA;08;2022;5_AD4;Administration - local authorities’ level;65169;RSD;RSD;SORS;Average net earnings;A;Normal value
2403040104IND01;RS;REPUBLIC OF SERBIA;08;2023;0;Total;86112;RSD;RSD;SORS;Average net earnings;A;Normal value
2403040104IND01;RS;REPUBLIC OF SERBIA;08;2023;0_JP_JD_JL;Public enterprises;92265;RSD;RSD;SORS;Average net earnings;A;Normal value
2403040104IND01;RS;REPUBLIC OF SERBIA;08;2023;0_JS;Public sector;88592;RSD;RSD;SORS;Average net earnings;A;Normal value
2403040104IND01;RS;REPUBLIC OF SERBIA;08;2023;0_VJS;Non-public sector;85117;RSD;RSD;SORS;Average net earnings;A;Normal value
2403040104IND01;RS;REPUBLIC OF SERBIA;08;2023;1_JD;Public state enterprises;100845;RSD;RSD;SORS;Average net earnings;A;Normal value
2403040104IND01;RS;REPUBLIC OF SERBIA;08;2023;2_JL;Public local enterprises;80525;RSD;RSD;SORS;Average net earnings;A;Normal value
2403040104IND01;RS;REPUBLIC OF SERBIA;08;2023;3_4_5_BK;General government;87437;RSD;RSD;SORS;Average net earnings;A;Normal value
2403040104IND01;RS;REPUBLIC OF SERBIA;08;2023;3_ZS;Health and social work;86200;RSD;RSD;SORS;Average net earnings;A;Normal value
2403040104IND01;RS;REPUBLIC OF SERBIA;08;2023;4_OK;Education and culture;80664;RSD;RSD;SORS;Average net earnings;A;Normal value
2403040104IND01;RS;REPUBLIC OF SERBIA;08;2023;5_AD;Administration - all levels;94837;RSD;RSD;SORS;Average net earnings;A;Normal value
2403040104IND01;RS;REPUBLIC OF SERBIA;08;2023;5_AD2;Administration - government  level;98915;RSD;RSD;SORS;Average net earnings;A;Normal value
2403040104IND01;RS;REPUBLIC OF SERBIA;08;2023;5_AD3;Administration - autonomous  province level;97146;RSD;RSD;SORS;Average net earnings;A;Normal value
2403040104IND01;RS;REPUBLIC OF SERBIA;08;2023;5_AD4;Administration - local authorities’ level;74734;RSD;RSD;SORS;Average net earnings;A;Normal value
2403040104IND01;RS;REPUBLIC OF SERBIA;08;2024;0;Total;96649;RSD;RSD;SORS;Average net earnings;A;Normal value
2403040104IND01;RS;REPUBLIC OF SERBIA;08;2024;0_JP_JD_JL;Public enterprises;101481;RSD;RSD;SORS;Average net earnings;A;Normal value
2403040104IND01;RS;REPUBLIC OF SERBIA;08;2024;0_JS;Public sector;99722;RSD;RSD;SORS;Average net earnings;A;Normal value
2403040104IND01;RS;REPUBLIC OF SERBIA;08;2024;0_VJS;Non-public sector;95414;RSD;RSD;SORS;Average net earnings;A;Normal value
2403040104IND01;RS;REPUBLIC OF SERBIA;08;2024;1_JD;Public state enterprises;109943;RSD;RSD;SORS;Average net earnings;A;Normal value
2403040104IND01;RS;REPUBLIC OF SERBIA;08;2024;2_JL;Public local enterprises;90042;RSD;RSD;SORS;Average net earnings;A;Normal value
2403040104IND01;RS;REPUBLIC OF SERBIA;08;2024;3_4_5_BK;General government;99177;RSD;RSD;SORS;Average net earnings;A;Normal value
2403040104IND01;RS;REPUBLIC OF SERBIA;08;2024;3_ZS;Health and social work;97353;RSD;RSD;SORS;Average net earnings;A;Normal value
2403040104IND01;RS;REPUBLIC OF SERBIA;08;2024;4_OK;Education and culture;93567;RSD;RSD;SORS;Average net earnings;A;Normal value
2403040104IND01;RS;REPUBLIC OF SERBIA;08;2024;5_AD;Administration - all levels;106034;RSD;RSD;SORS;Average net earnings;A;Normal value
2403040104IND01;RS;REPUBLIC OF SERBIA;08;2024;5_AD2;Administration - government  level;110552;RSD;RSD;SORS;Average net earnings;A;Normal value
2403040104IND01;RS;REPUBLIC OF SERBIA;08;2024;5_AD3;Administration - autonomous  province level;106897;RSD;RSD;SORS;Average net earnings;A;Normal value
2403040104IND01;RS;REPUBLIC OF SERBIA;08;2024;5_AD4;Administration - local authorities’ level;83537;RSD;RSD;SORS;Average net earnings;A;Normal value
2403040104IND01;RS;REPUBLIC OF SERBIA;08;2025;0;Total;105590;RSD;RSD;SORS;Average net earnings;A;Normal value
2403040104IND01;RS;REPUBLIC OF SERBIA;08;2025;0_JP_JD_JL;Public enterprises;110996;RSD;RSD;SORS;Average net earnings;A;Normal value
2403040104IND01;RS;REPUBLIC OF SERBIA;08;2025;0_JS;Public sector;110293;RSD;RSD;SORS;Average net earnings;A;Normal value
2403040104IND01;RS;REPUBLIC OF SERBIA;08;2025;0_VJS;Non-public sector;103710;RSD;RSD;SORS;Average net earnings;A;Normal value
2403040104IND01;RS;REPUBLIC OF SERBIA;08;2025;1_JD;Public state enterprises;118839;RSD;RSD;SORS;Average net earnings;A;Normal value
2403040104IND01;RS;REPUBLIC OF SERBIA;08;2025;2_JL;Public local enterprises;100379;RSD;RSD;SORS;Average net earnings;A;Normal value
2403040104IND01;RS;REPUBLIC OF SERBIA;08;2025;3_4_5_BK;General government;110079;RSD;RSD;SORS;Average net earnings;A;Normal value
2403040104IND01;RS;REPUBLIC OF SERBIA;08;2025;3_ZS;Health and social work;106340;RSD;RSD;SORS;Average net earnings;A;Normal value
2403040104IND01;RS;REPUBLIC OF SERBIA;08;2025;4_OK;Education and culture;104773;RSD;RSD;SORS;Average net earnings;A;Normal value
2403040104IND01;RS;REPUBLIC OF SERBIA;08;2025;5_AD;Administration - all levels;118698;RSD;RSD;SORS;Average net earnings;A;Normal value
2403040104IND01;RS;REPUBLIC OF SERBIA;08;2025;5_AD2;Administration - government  level;123839;RSD;RSD;SORS;Average net earnings;A;Normal value
2403040104IND01;RS;REPUBLIC OF SERBIA;08;2025;5_AD3;Administration - autonomous  province level;114877;RSD;RSD;SORS;Average net earnings;A;Normal value
2403040104IND01;RS;REPUBLIC OF SERBIA;08;2025;5_AD4;Administration - local authorities’ level;93259;RSD;RSD;SORS;Average net earnings;A;Normal value
2403040104IND01;RS;REPUBLIC OF SERBIA;09;2003;0;Total;11953;RSD;RSD;SORS;Average net earnings;A;Normal value
2403040104IND01;RS;REPUBLIC OF SERBIA;09;2003;0_JP_JD_JL;Public enterprises;16348;RSD;RSD;SORS;Average net earnings;A;Normal value
2403040104IND01;RS;REPUBLIC OF SERBIA;09;2003;0_JS;Public sector;15384;RSD;RSD;SORS;Average net earnings;A;Normal value
2403040104IND01;RS;REPUBLIC OF SERBIA;09;2003;0_VJS;Non-public sector;9542;RSD;RSD;SORS;Average net earnings;A;Normal value
2403040104IND01;RS;REPUBLIC OF SERBIA;09;2003;1_JD;Public state enterprises;16753;RSD;RSD;SORS;Average net earnings;A;Normal value
2403040104IND01;RS;REPUBLIC OF SERBIA;09;2003;2_JL;Public local enterprises;15418;RSD;RSD;SORS;Average net earnings;A;Normal value
2403040104IND01;RS;REPUBLIC OF SERBIA;09;2003;3_4_5_BK;General government;14841;RSD;RSD;SORS;Average net earnings;A;Normal value
2403040104IND01;RS;REPUBLIC OF SERBIA;09;2003;3_ZS;Health and social work;13316;RSD;RSD;SORS;Average net earnings;A;Normal value
2403040104IND01;RS;REPUBLIC OF SERBIA;09;2003;4_OK;Education and culture;15369;RSD;RSD;SORS;Average net earnings;A;Normal value
2403040104IND01;RS;REPUBLIC OF SERBIA;09;2003;5_AD;Administration - all levels;17471;RSD;RSD;SORS;Average net earnings;A;Normal value
2403040104IND01;RS;REPUBLIC OF SERBIA;09;2003;5_AD2;Administration - government  level;;RSD;RSD;SORS;Average net earnings;O;Not available
2403040104IND01;RS;REPUBLIC OF SERBIA;09;2003;5_AD3;Administration - autonomous  province level;;RSD;RSD;SORS;Average net earnings;O;Not available
2403040104IND01;RS;REPUBLIC OF SERBIA;09;2003;5_AD4;Administration - local authorities’ level;;RSD;RSD;SORS;Average net earnings;O;Not available
2403040104IND01;RS;REPUBLIC OF SERBIA;09;2004;0;Total;14444;RSD;RSD;SORS;Average net earnings;A;Normal value
2403040104IND01;RS;REPUBLIC OF SERBIA;09;2004;0_JP_JD_JL;Public enterprises;19953;RSD;RSD;SORS;Average net earnings;A;Normal value
2403040104IND01;RS;REPUBLIC OF SERBIA;09;2004;0_JS;Public sector;18060;RSD;RSD;SORS;Average net earnings;A;Normal value
2403040104IND01;RS;REPUBLIC OF SERBIA;09;2004;0_VJS;Non-public sector;11662;RSD;RSD;SORS;Average net earnings;A;Normal value
2403040104IND01;RS;REPUBLIC OF SERBIA;09;2004;1_JD;Public state enterprises;19992;RSD;RSD;SORS;Average net earnings;A;Normal value
2403040104IND01;RS;REPUBLIC OF SERBIA;09;2004;2_JL;Public local enterprises;19870;RSD;RSD;SORS;Average net earnings;A;Normal value
2403040104IND01;RS;REPUBLIC OF SERBIA;09;2004;3_4_5_BK;General government;17013;RSD;RSD;SORS;Average net earnings;A;Normal value
2403040104IND01;RS;REPUBLIC OF SERBIA;09;2004;3_ZS;Health and social work;17101;RSD;RSD;SORS;Average net earnings;A;Normal value
2403040104IND01;RS;REPUBLIC OF SERBIA;09;2004;4_OK;Education and culture;15822;RSD;RSD;SORS;Average net earnings;A;Normal value
2403040104IND01;RS;REPUBLIC OF SERBIA;09;2004;5_AD;Administration - all levels;18987;RSD;RSD;SORS;Average net earnings;A;Normal value
2403040104IND01;RS;REPUBLIC OF SERBIA;09;2004;5_AD2;Administration - government  level;;RSD;RSD;SORS;Average net earnings;O;Not available
2403040104IND01;RS;REPUBLIC OF SERBIA;09;2004;5_AD3;Administration - autonomous  province level;;RSD;RSD;SORS;Average net earnings;O;Not available
2403040104IND01;RS;REPUBLIC OF SERBIA;09;2004;5_AD4;Administration - local authorities’ level;;RSD;RSD;SORS;Average net earnings;O;Not available
2403040104IND01;RS;REPUBLIC OF SERBIA;09;2005;0;Total;18345;RSD;RSD;SORS;Average net earnings;A;Normal value
2403040104IND01;RS;REPUBLIC OF SERBIA;09;2005;0_JP_JD_JL;Public enterprises;24494;RSD;RSD;SORS;Average net earnings;A;Normal value
2403040104IND01;RS;REPUBLIC OF SERBIA;09;2005;0_JS;Public sector;21632;RSD;RSD;SORS;Average net earnings;A;Normal value
2403040104IND01;RS;REPUBLIC OF SERBIA;09;2005;0_VJS;Non-public sector;15557;RSD;RSD;SORS;Average net earnings;A;Normal value
2403040104IND01;RS;REPUBLIC OF SERBIA;09;2005;1_JD;Public state enterprises;25031;RSD;RSD;SORS;Average net earnings;A;Normal value
2403040104IND01;RS;REPUBLIC OF SERBIA;09;2005;2_JL;Public local enterprises;23512;RSD;RSD;SORS;Average net earnings;A;Normal value
2403040104IND01;RS;REPUBLIC OF SERBIA;09;2005;3_4_5_BK;General government;20103;RSD;RSD;SORS;Average net earnings;A;Normal value
2403040104IND01;RS;REPUBLIC OF SERBIA;09;2005;3_ZS;Health and social work;18780;RSD;RSD;SORS;Average net earnings;A;Normal value
2403040104IND01;RS;REPUBLIC OF SERBIA;09;2005;4_OK;Education and culture;19853;RSD;RSD;SORS;Average net earnings;A;Normal value
2403040104IND01;RS;REPUBLIC OF SERBIA;09;2005;5_AD;Administration - all levels;23784;RSD;RSD;SORS;Average net earnings;A;Normal value
2403040104IND01;RS;REPUBLIC OF SERBIA;09;2005;5_AD2;Administration - government  level;;RSD;RSD;SORS;Average net earnings;O;Not available
2403040104IND01;RS;REPUBLIC OF SERBIA;09;2005;5_AD3;Administration - autonomous  province level;;RSD;RSD;SORS;Average net earnings;O;Not available
2403040104IND01;RS;REPUBLIC OF SERBIA;09;2005;5_AD4;Administration - local authorities’ level;;RSD;RSD;SORS;Average net earnings;O;Not available
2403040104IND01;RS;REPUBLIC OF SERBIA;09;2006;0;Total;22259;RSD;RSD;SORS;Average net earnings;A;Normal value
2403040104IND01;RS;REPUBLIC OF SERBIA;09;2006;0_JP_JD_JL;Public enterprises;28385;RSD;RSD;SORS;Average net earnings;A;Normal value
2403040104IND01;RS;REPUBLIC OF SERBIA;09;2006;0_JS;Public sector;25315;RSD;RSD;SORS;Average net earnings;A;Normal value
2403040104IND01;RS;REPUBLIC OF SERBIA;09;2006;0_VJS;Non-public sector;19518;RSD;RSD;SORS;Average net earnings;A;Normal value
2403040104IND01;RS;REPUBLIC OF SERBIA;09;2006;1_JD;Public state enterprises;29618;RSD;RSD;SORS;Average net earnings;A;Normal value
2403040104IND01;RS;REPUBLIC OF SERBIA;09;2006;2_JL;Public local enterprises;26311;RSD;RSD;SORS;Average net earnings;A;Normal value
2403040104IND01;RS;REPUBLIC OF SERBIA;09;2006;3_4_5_BK;General government;23725;RSD;RSD;SORS;Average net earnings;A;Normal value
2403040104IND01;RS;REPUBLIC OF SERBIA;09;2006;3_ZS;Health and social work;22331;RSD;RSD;SORS;Average net earnings;A;Normal value
2403040104IND01;RS;REPUBLIC OF SERBIA;09;2006;4_OK;Education and culture;23019;RSD;RSD;SORS;Average net earnings;A;Normal value
2403040104IND01;RS;REPUBLIC OF SERBIA;09;2006;5_AD;Administration - all levels;28464;RSD;RSD;SORS;Average net earnings;A;Normal value
2403040104IND01;RS;REPUBLIC OF SERBIA;09;2006;5_AD2;Administration - government  level;;RSD;RSD;SORS;Average net earnings;O;Not available
2403040104IND01;RS;REPUBLIC OF SERBIA;09;2006;5_AD3;Administration - autonomous  province level;;RSD;RSD;SORS;Average net earnings;O;Not available
2403040104IND01;RS;REPUBLIC OF SERBIA;09;2006;5_AD4;Administration - local authorities’ level;;RSD;RSD;SORS;Average net earnings;O;Not available
2403040104IND01;RS;REPUBLIC OF SERBIA;09;2007;0;Total;28161;RSD;RSD;SORS;Average net earnings;A;Normal value
2403040104IND01;RS;REPUBLIC OF SERBIA;09;2007;0_JP_JD_JL;Public enterprises;34407;RSD;RSD;SORS;Average net earnings;A;Normal value
2403040104IND01;RS;REPUBLIC OF SERBIA;09;2007;0_JS;Public sector;32485;RSD;RSD;SORS;Average net earnings;A;Normal value
2403040104IND01;RS;REPUBLIC OF SERBIA;09;2007;0_VJS;Non-public sector;23900;RSD;RSD;SORS;Average net earnings;A;Normal value
2403040104IND01;RS;REPUBLIC OF SERBIA;09;2007;1_JD;Public state enterprises;36559;RSD;RSD;SORS;Average net earnings;A;Normal value
2403040104IND01;RS;REPUBLIC OF SERBIA;09;2007;2_JL;Public local enterprises;30718;RSD;RSD;SORS;Average net earnings;A;Normal value
2403040104IND01;RS;REPUBLIC OF SERBIA;09;2007;3_4_5_BK;General government;31526;RSD;RSD;SORS;Average net earnings;A;Normal value
2403040104IND01;RS;REPUBLIC OF SERBIA;09;2007;3_ZS;Health and social work;30988;RSD;RSD;SORS;Average net earnings;A;Normal value
2403040104IND01;RS;REPUBLIC OF SERBIA;09;2007;4_OK;Education and culture;30112;RSD;RSD;SORS;Average net earnings;A;Normal value
2403040104IND01;RS;REPUBLIC OF SERBIA;09;2007;5_AD;Administration - all levels;35673;RSD;RSD;SORS;Average net earnings;A;Normal value
2403040104IND01;RS;REPUBLIC OF SERBIA;09;2007;5_AD2;Administration - government  level;;RSD;RSD;SORS;Average net earnings;O;Not available
2403040104IND01;RS;REPUBLIC OF SERBIA;09;2007;5_AD3;Administration - autonomous  province level;;RSD;RSD;SORS;Average net earnings;O;Not available
2403040104IND01;RS;REPUBLIC OF SERBIA;09;2007;5_AD4;Administration - local authorities’ level;;RSD;RSD;SORS;Average net earnings;O;Not available
2403040104IND01;RS;REPUBLIC OF SERBIA;09;2008;0;Total;32969;RSD;RSD;SORS;Average net earnings;A;Normal value
2403040104IND01;RS;REPUBLIC OF SERBIA;09;2008;0_JP_JD_JL;Public enterprises;39570;RSD;RSD;SORS;Average net earnings;A;Normal value
2403040104IND01;RS;REPUBLIC OF SERBIA;09;2008;0_JS;Public sector;37005;RSD;RSD;SORS;Average net earnings;A;Normal value
2403040104IND01;RS;REPUBLIC OF SERBIA;09;2008;0_VJS;Non-public sector;28653;RSD;RSD;SORS;Average net earnings;A;Normal value
2403040104IND01;RS;REPUBLIC OF SERBIA;09;2008;1_JD;Public state enterprises;41861;RSD;RSD;SORS;Average net earnings;A;Normal value
2403040104IND01;RS;REPUBLIC OF SERBIA;09;2008;2_JL;Public local enterprises;35629;RSD;RSD;SORS;Average net earnings;A;Normal value
2403040104IND01;RS;REPUBLIC OF SERBIA;09;2008;3_4_5_BK;General government;35756;RSD;RSD;SORS;Average net earnings;A;Normal value
2403040104IND01;RS;REPUBLIC OF SERBIA;09;2008;3_ZS;Health and social work;34940;RSD;RSD;SORS;Average net earnings;A;Normal value
2403040104IND01;RS;REPUBLIC OF SERBIA;09;2008;4_OK;Education and culture;34915;RSD;RSD;SORS;Average net earnings;A;Normal value
2403040104IND01;RS;REPUBLIC OF SERBIA;09;2008;5_AD;Administration - all levels;39340;RSD;RSD;SORS;Average net earnings;A;Normal value
2403040104IND01;RS;REPUBLIC OF SERBIA;09;2008;5_AD2;Administration - government  level;;RSD;RSD;SORS;Average net earnings;O;Not available
2403040104IND01;RS;REPUBLIC OF SERBIA;09;2008;5_AD3;Administration - autonomous  province level;;RSD;RSD;SORS;Average net earnings;O;Not available
2403040104IND01;RS;REPUBLIC OF SERBIA;09;2008;5_AD4;Administration - local authorities’ level;;RSD;RSD;SORS;Average net earnings;O;Not available
2403040104IND01;RS;REPUBLIC OF SERBIA;09;2009;0;Total;31319;RSD;RSD;SORS;Average net earnings;A;Normal value
2403040104IND01;RS;REPUBLIC OF SERBIA;09;2009;0_JP_JD_JL;Public enterprises;41164;RSD;RSD;SORS;Average net earnings;A;Normal value
2403040104IND01;RS;REPUBLIC OF SERBIA;09;2009;0_JS;Public sector;38350;RSD;RSD;SORS;Average net earnings;A;Normal value
2403040104IND01;RS;REPUBLIC OF SERBIA;09;2009;0_VJS;Non-public sector;25796;RSD;RSD;SORS;Average net earnings;A;Normal value
2403040104IND01;RS;REPUBLIC OF SERBIA;09;2009;1_JD;Public state enterprises;43907;RSD;RSD;SORS;Average net earnings;A;Normal value
2403040104IND01;RS;REPUBLIC OF SERBIA;09;2009;2_JL;Public local enterprises;36889;RSD;RSD;SORS;Average net earnings;A;Normal value
2403040104IND01;RS;REPUBLIC OF SERBIA;09;2009;3_4_5_BK;General government;37106;RSD;RSD;SORS;Average net earnings;A;Normal value
2403040104IND01;RS;REPUBLIC OF SERBIA;09;2009;3_ZS;Health and social work;36373;RSD;RSD;SORS;Average net earnings;A;Normal value
2403040104IND01;RS;REPUBLIC OF SERBIA;09;2009;4_OK;Education and culture;36657;RSD;RSD;SORS;Average net earnings;A;Normal value
2403040104IND01;RS;REPUBLIC OF SERBIA;09;2009;5_AD;Administration - all levels;39601;RSD;RSD;SORS;Average net earnings;A;Normal value
2403040104IND01;RS;REPUBLIC OF SERBIA;09;2009;5_AD2;Administration - government  level;;RSD;RSD;SORS;Average net earnings;O;Not available
2403040104IND01;RS;REPUBLIC OF SERBIA;09;2009;5_AD3;Administration - autonomous  province level;;RSD;RSD;SORS;Average net earnings;O;Not available
2403040104IND01;RS;REPUBLIC OF SERBIA;09;2009;5_AD4;Administration - local authorities’ level;;RSD;RSD;SORS;Average net earnings;O;Not available
2403040104IND01;RS;REPUBLIC OF SERBIA;09;2010;0;Total;34570;RSD;RSD;SORS;Average net earnings;A;Normal value
2403040104IND01;RS;REPUBLIC OF SERBIA;09;2010;0_JP_JD_JL;Public enterprises;43595;RSD;RSD;SORS;Average net earnings;A;Normal value
2403040104IND01;RS;REPUBLIC OF SERBIA;09;2010;0_JS;Public sector;39915;RSD;RSD;SORS;Average net earnings;A;Normal value
2403040104IND01;RS;REPUBLIC OF SERBIA;09;2010;0_VJS;Non-public sector;29939;RSD;RSD;SORS;Average net earnings;A;Normal value
2403040104IND01;RS;REPUBLIC OF SERBIA;09;2010;1_JD;Public state enterprises;46615;RSD;RSD;SORS;Average net earnings;A;Normal value
2403040104IND01;RS;REPUBLIC OF SERBIA;09;2010;2_JL;Public local enterprises;38975;RSD;RSD;SORS;Average net earnings;A;Normal value
2403040104IND01;RS;REPUBLIC OF SERBIA;09;2010;3_4_5_BK;General government;38316;RSD;RSD;SORS;Average net earnings;A;Normal value
2403040104IND01;RS;REPUBLIC OF SERBIA;09;2010;3_ZS;Health and social work;37025;RSD;RSD;SORS;Average net earnings;A;Normal value
2403040104IND01;RS;REPUBLIC OF SERBIA;09;2010;4_OK;Education and culture;37162;RSD;RSD;SORS;Average net earnings;A;Normal value
2403040104IND01;RS;REPUBLIC OF SERBIA;09;2010;5_AD;Administration - all levels;43511;RSD;RSD;SORS;Average net earnings;A;Normal value
2403040104IND01;RS;REPUBLIC OF SERBIA;09;2010;5_AD2;Administration - government  level;;RSD;RSD;SORS;Average net earnings;O;Not available
2403040104IND01;RS;REPUBLIC OF SERBIA;09;2010;5_AD3;Administration - autonomous  province level;;RSD;RSD;SORS;Average net earnings;O;Not available
2403040104IND01;RS;REPUBLIC OF SERBIA;09;2010;5_AD4;Administration - local authorities’ level;;RSD;RSD;SORS;Average net earnings;O;Not available
2403040104IND01;RS;REPUBLIC OF SERBIA;09;2011;0;Total;38763;RSD;RSD;SORS;Average net earnings;A;Normal value
2403040104IND01;RS;REPUBLIC OF SERBIA;09;2011;0_JP_JD_JL;Public enterprises;49616;RSD;RSD;SORS;Average net earnings;A;Normal value
2403040104IND01;RS;REPUBLIC OF SERBIA;09;2011;0_JS;Public sector;44232;RSD;RSD;SORS;Average net earnings;A;Normal value
2403040104IND01;RS;REPUBLIC OF SERBIA;09;2011;0_VJS;Non-public sector;33779;RSD;RSD;SORS;Average net earnings;A;Normal value
2403040104IND01;RS;REPUBLIC OF SERBIA;09;2011;1_JD;Public state enterprises;55173;RSD;RSD;SORS;Average net earnings;A;Normal value
2403040104IND01;RS;REPUBLIC OF SERBIA;09;2011;2_JL;Public local enterprises;41405;RSD;RSD;SORS;Average net earnings;A;Normal value
2403040104IND01;RS;REPUBLIC OF SERBIA;09;2011;3_4_5_BK;General government;41903;RSD;RSD;SORS;Average net earnings;A;Normal value
2403040104IND01;RS;REPUBLIC OF SERBIA;09;2011;3_ZS;Health and social work;40384;RSD;RSD;SORS;Average net earnings;A;Normal value
2403040104IND01;RS;REPUBLIC OF SERBIA;09;2011;4_OK;Education and culture;40099;RSD;RSD;SORS;Average net earnings;A;Normal value
2403040104IND01;RS;REPUBLIC OF SERBIA;09;2011;5_AD;Administration - all levels;48915;RSD;RSD;SORS;Average net earnings;A;Normal value
2403040104IND01;RS;REPUBLIC OF SERBIA;09;2011;5_AD2;Administration - government  level;;RSD;RSD;SORS;Average net earnings;O;Not available
2403040104IND01;RS;REPUBLIC OF SERBIA;09;2011;5_AD3;Administration - autonomous  province level;;RSD;RSD;SORS;Average net earnings;O;Not available
2403040104IND01;RS;REPUBLIC OF SERBIA;09;2011;5_AD4;Administration - local authorities’ level;;RSD;RSD;SORS;Average net earnings;O;Not available
2403040104IND01;RS;REPUBLIC OF SERBIA;09;2012;0;Total;40258;RSD;RSD;SORS;Average net earnings;A;Normal value
2403040104IND01;RS;REPUBLIC OF SERBIA;09;2012;0_JP_JD_JL;Public enterprises;48603;RSD;RSD;SORS;Average net earnings;A;Normal value
2403040104IND01;RS;REPUBLIC OF SERBIA;09;2012;0_JS;Public sector;45247;RSD;RSD;SORS;Average net earnings;A;Normal value
2403040104IND01;RS;REPUBLIC OF SERBIA;09;2012;0_VJS;Non-public sector;35739;RSD;RSD;SORS;Average net earnings;A;Normal value
2403040104IND01;RS;REPUBLIC OF SERBIA;09;2012;1_JD;Public state enterprises;52202;RSD;RSD;SORS;Average net earnings;A;Normal value
2403040104IND01;RS;REPUBLIC OF SERBIA;09;2012;2_JL;Public local enterprises;43375;RSD;RSD;SORS;Average net earnings;A;Normal value
2403040104IND01;RS;REPUBLIC OF SERBIA;09;2012;3_4_5_BK;General government;43782;RSD;RSD;SORS;Average net earnings;A;Normal value
2403040104IND01;RS;REPUBLIC OF SERBIA;09;2012;3_ZS;Health and social work;42251;RSD;RSD;SORS;Average net earnings;A;Normal value
2403040104IND01;RS;REPUBLIC OF SERBIA;09;2012;4_OK;Education and culture;42051;RSD;RSD;SORS;Average net earnings;A;Normal value
2403040104IND01;RS;REPUBLIC OF SERBIA;09;2012;5_AD;Administration - all levels;50434;RSD;RSD;SORS;Average net earnings;A;Normal value
2403040104IND01;RS;REPUBLIC OF SERBIA;09;2012;5_AD2;Administration - government  level;;RSD;RSD;SORS;Average net earnings;O;Not available
2403040104IND01;RS;REPUBLIC OF SERBIA;09;2012;5_AD3;Administration - autonomous  province level;;RSD;RSD;SORS;Average net earnings;O;Not available
2403040104IND01;RS;REPUBLIC OF SERBIA;09;2012;5_AD4;Administration - local authorities’ level;;RSD;RSD;SORS;Average net earnings;O;Not available
2403040104IND01;RS;REPUBLIC OF SERBIA;09;2013;0;Total;42866;RSD;RSD;SORS;Average net earnings;A;Normal value
2403040104IND01;RS;REPUBLIC OF SERBIA;09;2013;0_JP_JD_JL;Public enterprises;55308;RSD;RSD;SORS;Average net earnings;A;Normal value
2403040104IND01;RS;REPUBLIC OF SERBIA;09;2013;0_JS;Public sector;48727;RSD;RSD;SORS;Average net earnings;A;Normal value
2403040104IND01;RS;REPUBLIC OF SERBIA;09;2013;0_VJS;Non-public sector;37493;RSD;RSD;SORS;Average net earnings;A;Normal value
2403040104IND01;RS;REPUBLIC OF SERBIA;09;2013;1_JD;Public state enterprises;63080;RSD;RSD;SORS;Average net earnings;A;Normal value
2403040104IND01;RS;REPUBLIC OF SERBIA;09;2013;2_JL;Public local enterprises;44067;RSD;RSD;SORS;Average net earnings;A;Normal value
2403040104IND01;RS;REPUBLIC OF SERBIA;09;2013;3_4_5_BK;General government;45847;RSD;RSD;SORS;Average net earnings;A;Normal value
2403040104IND01;RS;REPUBLIC OF SERBIA;09;2013;3_ZS;Health and social work;43560;RSD;RSD;SORS;Average net earnings;A;Normal value
2403040104IND01;RS;REPUBLIC OF SERBIA;09;2013;4_OK;Education and culture;44147;RSD;RSD;SORS;Average net earnings;A;Normal value
2403040104IND01;RS;REPUBLIC OF SERBIA;09;2013;5_AD;Administration - all levels;53969;RSD;RSD;SORS;Average net earnings;A;Normal value
2403040104IND01;RS;REPUBLIC OF SERBIA;09;2013;5_AD2;Administration - government  level;;RSD;RSD;SORS;Average net earnings;O;Not available
2403040104IND01;RS;REPUBLIC OF SERBIA;09;2013;5_AD3;Administration - autonomous  province level;;RSD;RSD;SORS;Average net earnings;O;Not available
2403040104IND01;RS;REPUBLIC OF SERBIA;09;2013;5_AD4;Administration - local authorities’ level;;RSD;RSD;SORS;Average net earnings;O;Not available
2403040104IND01;RS;REPUBLIC OF SERBIA;09;2014;0;Total;43975;RSD;RSD;SORS;Average net earnings;A;Normal value
2403040104IND01;RS;REPUBLIC OF SERBIA;09;2014;0_JP_JD_JL;Public enterprises;56999;RSD;RSD;SORS;Average net earnings;A;Normal value
2403040104IND01;RS;REPUBLIC OF SERBIA;09;2014;0_JS;Public sector;49548;RSD;RSD;SORS;Average net earnings;A;Normal value
2403040104IND01;RS;REPUBLIC OF SERBIA;09;2014;0_VJS;Non-public sector;38864;RSD;RSD;SORS;Average net earnings;A;Normal value
2403040104IND01;RS;REPUBLIC OF SERBIA;09;2014;1_JD;Public state enterprises;65507;RSD;RSD;SORS;Average net earnings;A;Normal value
2403040104IND01;RS;REPUBLIC OF SERBIA;09;2014;2_JL;Public local enterprises;44669;RSD;RSD;SORS;Average net earnings;A;Normal value
2403040104IND01;RS;REPUBLIC OF SERBIA;09;2014;3_4_5_BK;General government;46332;RSD;RSD;SORS;Average net earnings;A;Normal value
2403040104IND01;RS;REPUBLIC OF SERBIA;09;2014;3_ZS;Health and social work;44132;RSD;RSD;SORS;Average net earnings;A;Normal value
2403040104IND01;RS;REPUBLIC OF SERBIA;09;2014;4_OK;Education and culture;44489;RSD;RSD;SORS;Average net earnings;A;Normal value
2403040104IND01;RS;REPUBLIC OF SERBIA;09;2014;5_AD;Administration - all levels;54660;RSD;RSD;SORS;Average net earnings;A;Normal value
2403040104IND01;RS;REPUBLIC OF SERBIA;09;2014;5_AD2;Administration - government  level;;RSD;RSD;SORS;Average net earnings;O;Not available
2403040104IND01;RS;REPUBLIC OF SERBIA;09;2014;5_AD3;Administration - autonomous  province level;;RSD;RSD;SORS;Average net earnings;O;Not available
2403040104IND01;RS;REPUBLIC OF SERBIA;09;2014;5_AD4;Administration - local authorities’ level;;RSD;RSD;SORS;Average net earnings;O;Not available
2403040104IND01;RS;REPUBLIC OF SERBIA;09;2015;0;Total;43925;RSD;RSD;SORS;Average net earnings;A;Normal value
2403040104IND01;RS;REPUBLIC OF SERBIA;09;2015;0_JP_JD_JL;Public enterprises;55132;RSD;RSD;SORS;Average net earnings;A;Normal value
2403040104IND01;RS;REPUBLIC OF SERBIA;09;2015;0_JS;Public sector;46293;RSD;RSD;SORS;Average net earnings;A;Normal value
2403040104IND01;RS;REPUBLIC OF SERBIA;09;2015;0_VJS;Non-public sector;41722;RSD;RSD;SORS;Average net earnings;A;Normal value
2403040104IND01;RS;REPUBLIC OF SERBIA;09;2015;1_JD;Public state enterprises;63354;RSD;RSD;SORS;Average net earnings;A;Normal value
2403040104IND01;RS;REPUBLIC OF SERBIA;09;2015;2_JL;Public local enterprises;43723;RSD;RSD;SORS;Average net earnings;A;Normal value
2403040104IND01;RS;REPUBLIC OF SERBIA;09;2015;3_4_5_BK;General government;42361;RSD;RSD;SORS;Average net earnings;A;Normal value
2403040104IND01;RS;REPUBLIC OF SERBIA;09;2015;3_ZS;Health and social work;40905;RSD;RSD;SORS;Average net earnings;A;Normal value
2403040104IND01;RS;REPUBLIC OF SERBIA;09;2015;4_OK;Education and culture;40405;RSD;RSD;SORS;Average net earnings;A;Normal value
2403040104IND01;RS;REPUBLIC OF SERBIA;09;2015;5_AD;Administration - all levels;49299;RSD;RSD;SORS;Average net earnings;A;Normal value
2403040104IND01;RS;REPUBLIC OF SERBIA;09;2015;5_AD2;Administration - government  level;;RSD;RSD;SORS;Average net earnings;O;Not available
2403040104IND01;RS;REPUBLIC OF SERBIA;09;2015;5_AD3;Administration - autonomous  province level;;RSD;RSD;SORS;Average net earnings;O;Not available
2403040104IND01;RS;REPUBLIC OF SERBIA;09;2015;5_AD4;Administration - local authorities’ level;;RSD;RSD;SORS;Average net earnings;O;Not available
2403040104IND01;RS;REPUBLIC OF SERBIA;09;2016;0;Total;46558;RSD;RSD;SORS;Average net earnings;A;Normal value
2403040104IND01;RS;REPUBLIC OF SERBIA;09;2016;0_JP_JD_JL;Public enterprises;58484;RSD;RSD;SORS;Average net earnings;A;Normal value
2403040104IND01;RS;REPUBLIC OF SERBIA;09;2016;0_JS;Public sector;48613;RSD;RSD;SORS;Average net earnings;A;Normal value
2403040104IND01;RS;REPUBLIC OF SERBIA;09;2016;0_VJS;Non-public sector;44723;RSD;RSD;SORS;Average net earnings;A;Normal value
2403040104IND01;RS;REPUBLIC OF SERBIA;09;2016;1_JD;Public state enterprises;66959;RSD;RSD;SORS;Average net earnings;A;Normal value
2403040104IND01;RS;REPUBLIC OF SERBIA;09;2016;2_JL;Public local enterprises;46590;RSD;RSD;SORS;Average net earnings;A;Normal value
2403040104IND01;RS;REPUBLIC OF SERBIA;09;2016;3_4_5_BK;General government;44266;RSD;RSD;SORS;Average net earnings;A;Normal value
2403040104IND01;RS;REPUBLIC OF SERBIA;09;2016;3_ZS;Health and social work;42023;RSD;RSD;SORS;Average net earnings;A;Normal value
2403040104IND01;RS;REPUBLIC OF SERBIA;09;2016;4_OK;Education and culture;43833;RSD;RSD;SORS;Average net earnings;A;Normal value
2403040104IND01;RS;REPUBLIC OF SERBIA;09;2016;5_AD;Administration - all levels;49911;RSD;RSD;SORS;Average net earnings;A;Normal value
2403040104IND01;RS;REPUBLIC OF SERBIA;09;2016;5_AD2;Administration - government  level;;RSD;RSD;SORS;Average net earnings;O;Not available
2403040104IND01;RS;REPUBLIC OF SERBIA;09;2016;5_AD3;Administration - autonomous  province level;;RSD;RSD;SORS;Average net earnings;O;Not available
2403040104IND01;RS;REPUBLIC OF SERBIA;09;2016;5_AD4;Administration - local authorities’ level;;RSD;RSD;SORS;Average net earnings;O;Not available
2403040104IND01;RS;REPUBLIC OF SERBIA;09;2017;0;Total;48212;RSD;RSD;SORS;Average net earnings;A;Normal value
2403040104IND01;RS;REPUBLIC OF SERBIA;09;2017;0_JP_JD_JL;Public enterprises;59096;RSD;RSD;SORS;Average net earnings;A;Normal value
2403040104IND01;RS;REPUBLIC OF SERBIA;09;2017;0_JS;Public sector;49602;RSD;RSD;SORS;Average net earnings;A;Normal value
2403040104IND01;RS;REPUBLIC OF SERBIA;09;2017;0_VJS;Non-public sector;47004;RSD;RSD;SORS;Average net earnings;A;Normal value
2403040104IND01;RS;REPUBLIC OF SERBIA;09;2017;1_JD;Public state enterprises;68303;RSD;RSD;SORS;Average net earnings;A;Normal value
2403040104IND01;RS;REPUBLIC OF SERBIA;09;2017;2_JL;Public local enterprises;46428;RSD;RSD;SORS;Average net earnings;A;Normal value
2403040104IND01;RS;REPUBLIC OF SERBIA;09;2017;3_4_5_BK;General government;45540;RSD;RSD;SORS;Average net earnings;A;Normal value
2403040104IND01;RS;REPUBLIC OF SERBIA;09;2017;3_ZS;Health and social work;44112;RSD;RSD;SORS;Average net earnings;A;Normal value
2403040104IND01;RS;REPUBLIC OF SERBIA;09;2017;4_OK;Education and culture;44390;RSD;RSD;SORS;Average net earnings;A;Normal value
2403040104IND01;RS;REPUBLIC OF SERBIA;09;2017;5_AD;Administration - all levels;50817;RSD;RSD;SORS;Average net earnings;A;Normal value
2403040104IND01;RS;REPUBLIC OF SERBIA;09;2017;5_AD2;Administration - government  level;;RSD;RSD;SORS;Average net earnings;O;Not available
2403040104IND01;RS;REPUBLIC OF SERBIA;09;2017;5_AD3;Administration - autonomous  province level;;RSD;RSD;SORS;Average net earnings;O;Not available
2403040104IND01;RS;REPUBLIC OF SERBIA;09;2017;5_AD4;Administration - local authorities’ level;;RSD;RSD;SORS;Average net earnings;O;Not available
2403040104IND01;RS;REPUBLIC OF SERBIA;09;2018;0;Total;47920;RSD;RSD;SORS;Average net earnings;A;Normal value
2403040104IND01;RS;REPUBLIC OF SERBIA;09;2018;0_JP_JD_JL;Public enterprises;56220;RSD;RSD;SORS;Average net earnings;A;Normal value
2403040104IND01;RS;REPUBLIC OF SERBIA;09;2018;0_JS;Public sector;54031;RSD;RSD;SORS;Average net earnings;A;Normal value
2403040104IND01;RS;REPUBLIC OF SERBIA;09;2018;0_VJS;Non-public sector;44934;RSD;RSD;SORS;Average net earnings;A;Normal value
2403040104IND01;RS;REPUBLIC OF SERBIA;09;2018;1_JD;Public state enterprises;63182;RSD;RSD;SORS;Average net earnings;A;Normal value
2403040104IND01;RS;REPUBLIC OF SERBIA;09;2018;2_JL;Public local enterprises;46121;RSD;RSD;SORS;Average net earnings;A;Normal value
2403040104IND01;RS;REPUBLIC OF SERBIA;09;2018;3_4_5_BK;General government;53298;RSD;RSD;SORS;Average net earnings;A;Normal value
2403040104IND01;RS;REPUBLIC OF SERBIA;09;2018;3_ZS;Health and social work;48959;RSD;RSD;SORS;Average net earnings;A;Normal value
2403040104IND01;RS;REPUBLIC OF SERBIA;09;2018;4_OK;Education and culture;51936;RSD;RSD;SORS;Average net earnings;A;Normal value
2403040104IND01;RS;REPUBLIC OF SERBIA;09;2018;5_AD;Administration - all levels;58514;RSD;RSD;SORS;Average net earnings;A;Normal value
2403040104IND01;RS;REPUBLIC OF SERBIA;09;2018;5_AD2;Administration - government  level;61097;RSD;RSD;SORS;Average net earnings;A;Normal value
2403040104IND01;RS;REPUBLIC OF SERBIA;09;2018;5_AD3;Administration - autonomous  province level;60990;RSD;RSD;SORS;Average net earnings;A;Normal value
2403040104IND01;RS;REPUBLIC OF SERBIA;09;2018;5_AD4;Administration - local authorities’ level;46276;RSD;RSD;SORS;Average net earnings;A;Normal value
2403040104IND01;RS;REPUBLIC OF SERBIA;09;2019;0;Total;53698;RSD;RSD;SORS;Average net earnings;A;Normal value
2403040104IND01;RS;REPUBLIC OF SERBIA;09;2019;0_JP_JD_JL;Public enterprises;63652;RSD;RSD;SORS;Average net earnings;A;Normal value
2403040104IND01;RS;REPUBLIC OF SERBIA;09;2019;0_JS;Public sector;59871;RSD;RSD;SORS;Average net earnings;A;Normal value
2403040104IND01;RS;REPUBLIC OF SERBIA;09;2019;0_VJS;Non-public sector;50860;RSD;RSD;SORS;Average net earnings;A;Normal value
2403040104IND01;RS;REPUBLIC OF SERBIA;09;2019;1_JD;Public state enterprises;73072;RSD;RSD;SORS;Average net earnings;A;Normal value
2403040104IND01;RS;REPUBLIC OF SERBIA;09;2019;2_JL;Public local enterprises;50902;RSD;RSD;SORS;Average net earnings;A;Normal value
2403040104IND01;RS;REPUBLIC OF SERBIA;09;2019;3_4_5_BK;General government;58648;RSD;RSD;SORS;Average net earnings;A;Normal value
2403040104IND01;RS;REPUBLIC OF SERBIA;09;2019;3_ZS;Health and social work;54629;RSD;RSD;SORS;Average net earnings;A;Normal value
2403040104IND01;RS;REPUBLIC OF SERBIA;09;2019;4_OK;Education and culture;57167;RSD;RSD;SORS;Average net earnings;A;Normal value
2403040104IND01;RS;REPUBLIC OF SERBIA;09;2019;5_AD;Administration - all levels;63671;RSD;RSD;SORS;Average net earnings;A;Normal value
2403040104IND01;RS;REPUBLIC OF SERBIA;09;2019;5_AD2;Administration - government  level;66258;RSD;RSD;SORS;Average net earnings;A;Normal value
2403040104IND01;RS;REPUBLIC OF SERBIA;09;2019;5_AD3;Administration - autonomous  province level;66860;RSD;RSD;SORS;Average net earnings;A;Normal value
2403040104IND01;RS;REPUBLIC OF SERBIA;09;2019;5_AD4;Administration - local authorities’ level;51042;RSD;RSD;SORS;Average net earnings;A;Normal value
2403040104IND01;RS;REPUBLIC OF SERBIA;09;2020;0;Total;59698;RSD;RSD;SORS;Average net earnings;A;Normal value
2403040104IND01;RS;REPUBLIC OF SERBIA;09;2020;0_JP_JD_JL;Public enterprises;70915;RSD;RSD;SORS;Average net earnings;A;Normal value
2403040104IND01;RS;REPUBLIC OF SERBIA;09;2020;0_JS;Public sector;67658;RSD;RSD;SORS;Average net earnings;A;Normal value
2403040104IND01;RS;REPUBLIC OF SERBIA;09;2020;0_VJS;Non-public sector;56250;RSD;RSD;SORS;Average net earnings;A;Normal value
2403040104IND01;RS;REPUBLIC OF SERBIA;09;2020;1_JD;Public state enterprises;79663;RSD;RSD;SORS;Average net earnings;A;Normal value
2403040104IND01;RS;REPUBLIC OF SERBIA;09;2020;2_JL;Public local enterprises;58959;RSD;RSD;SORS;Average net earnings;A;Normal value
2403040104IND01;RS;REPUBLIC OF SERBIA;09;2020;3_4_5_BK;General government;66614;RSD;RSD;SORS;Average net earnings;A;Normal value
2403040104IND01;RS;REPUBLIC OF SERBIA;09;2020;3_ZS;Health and social work;66521;RSD;RSD;SORS;Average net earnings;A;Normal value
2403040104IND01;RS;REPUBLIC OF SERBIA;09;2020;4_OK;Education and culture;62814;RSD;RSD;SORS;Average net earnings;A;Normal value
2403040104IND01;RS;REPUBLIC OF SERBIA;09;2020;5_AD;Administration - all levels;70223;RSD;RSD;SORS;Average net earnings;A;Normal value
2403040104IND01;RS;REPUBLIC OF SERBIA;09;2020;5_AD2;Administration - government  level;73054;RSD;RSD;SORS;Average net earnings;A;Normal value
2403040104IND01;RS;REPUBLIC OF SERBIA;09;2020;5_AD3;Administration - autonomous  province level;74538;RSD;RSD;SORS;Average net earnings;A;Normal value
2403040104IND01;RS;REPUBLIC OF SERBIA;09;2020;5_AD4;Administration - local authorities’ level;56355;RSD;RSD;SORS;Average net earnings;A;Normal value
2403040104IND01;RS;REPUBLIC OF SERBIA;09;2021;0;Total;65218;RSD;RSD;SORS;Average net earnings;A;Normal value
2403040104IND01;RS;REPUBLIC OF SERBIA;09;2021;0_JP_JD_JL;Public enterprises;73953;RSD;RSD;SORS;Average net earnings;A;Normal value
2403040104IND01;RS;REPUBLIC OF SERBIA;09;2021;0_JS;Public sector;72235;RSD;RSD;SORS;Average net earnings;A;Normal value
2403040104IND01;RS;REPUBLIC OF SERBIA;09;2021;0_VJS;Non-public sector;62276;RSD;RSD;SORS;Average net earnings;A;Normal value
2403040104IND01;RS;REPUBLIC OF SERBIA;09;2021;1_JD;Public state enterprises;82344;RSD;RSD;SORS;Average net earnings;A;Normal value
2403040104IND01;RS;REPUBLIC OF SERBIA;09;2021;2_JL;Public local enterprises;62471;RSD;RSD;SORS;Average net earnings;A;Normal value
2403040104IND01;RS;REPUBLIC OF SERBIA;09;2021;3_4_5_BK;General government;71686;RSD;RSD;SORS;Average net earnings;A;Normal value
2403040104IND01;RS;REPUBLIC OF SERBIA;09;2021;3_ZS;Health and social work;72892;RSD;RSD;SORS;Average net earnings;A;Normal value
2403040104IND01;RS;REPUBLIC OF SERBIA;09;2021;4_OK;Education and culture;66401;RSD;RSD;SORS;Average net earnings;A;Normal value
2403040104IND01;RS;REPUBLIC OF SERBIA;09;2021;5_AD;Administration - all levels;75556;RSD;RSD;SORS;Average net earnings;A;Normal value
2403040104IND01;RS;REPUBLIC OF SERBIA;09;2021;5_AD2;Administration - government  level;78740;RSD;RSD;SORS;Average net earnings;A;Normal value
2403040104IND01;RS;REPUBLIC OF SERBIA;09;2021;5_AD3;Administration - autonomous  province level;79284;RSD;RSD;SORS;Average net earnings;A;Normal value
2403040104IND01;RS;REPUBLIC OF SERBIA;09;2021;5_AD4;Administration - local authorities’ level;60006;RSD;RSD;SORS;Average net earnings;A;Normal value
2403040104IND01;RS;REPUBLIC OF SERBIA;09;2022;0;Total;74981;RSD;RSD;SORS;Average net earnings;A;Normal value
2403040104IND01;RS;REPUBLIC OF SERBIA;09;2022;0_JP_JD_JL;Public enterprises;79994;RSD;RSD;SORS;Average net earnings;A;Normal value
2403040104IND01;RS;REPUBLIC OF SERBIA;09;2022;0_JS;Public sector;77302;RSD;RSD;SORS;Average net earnings;A;Normal value
2403040104IND01;RS;REPUBLIC OF SERBIA;09;2022;0_VJS;Non-public sector;74014;RSD;RSD;SORS;Average net earnings;A;Normal value
2403040104IND01;RS;REPUBLIC OF SERBIA;09;2022;1_JD;Public state enterprises;88413;RSD;RSD;SORS;Average net earnings;A;Normal value
2403040104IND01;RS;REPUBLIC OF SERBIA;09;2022;2_JL;Public local enterprises;68427;RSD;RSD;SORS;Average net earnings;A;Normal value
2403040104IND01;RS;REPUBLIC OF SERBIA;09;2022;3_4_5_BK;General government;76454;RSD;RSD;SORS;Average net earnings;A;Normal value
2403040104IND01;RS;REPUBLIC OF SERBIA;09;2022;3_ZS;Health and social work;76506;RSD;RSD;SORS;Average net earnings;A;Normal value
2403040104IND01;RS;REPUBLIC OF SERBIA;09;2022;4_OK;Education and culture;71237;RSD;RSD;SORS;Average net earnings;A;Normal value
2403040104IND01;RS;REPUBLIC OF SERBIA;09;2022;5_AD;Administration - all levels;81279;RSD;RSD;SORS;Average net earnings;A;Normal value
2403040104IND01;RS;REPUBLIC OF SERBIA;09;2022;5_AD2;Administration - government  level;84617;RSD;RSD;SORS;Average net earnings;A;Normal value
2403040104IND01;RS;REPUBLIC OF SERBIA;09;2022;5_AD3;Administration - autonomous  province level;85061;RSD;RSD;SORS;Average net earnings;A;Normal value
2403040104IND01;RS;REPUBLIC OF SERBIA;09;2022;5_AD4;Administration - local authorities’ level;64874;RSD;RSD;SORS;Average net earnings;A;Normal value
2403040104IND01;RS;REPUBLIC OF SERBIA;09;2023;0;Total;85066;RSD;RSD;SORS;Average net earnings;A;Normal value
2403040104IND01;RS;REPUBLIC OF SERBIA;09;2023;0_JP_JD_JL;Public enterprises;88298;RSD;RSD;SORS;Average net earnings;A;Normal value
2403040104IND01;RS;REPUBLIC OF SERBIA;09;2023;0_JS;Public sector;88537;RSD;RSD;SORS;Average net earnings;A;Normal value
2403040104IND01;RS;REPUBLIC OF SERBIA;09;2023;0_VJS;Non-public sector;83661;RSD;RSD;SORS;Average net earnings;A;Normal value
2403040104IND01;RS;REPUBLIC OF SERBIA;09;2023;1_JD;Public state enterprises;96880;RSD;RSD;SORS;Average net earnings;A;Normal value
2403040104IND01;RS;REPUBLIC OF SERBIA;09;2023;2_JL;Public local enterprises;76721;RSD;RSD;SORS;Average net earnings;A;Normal value
2403040104IND01;RS;REPUBLIC OF SERBIA;09;2023;3_4_5_BK;General government;88612;RSD;RSD;SORS;Average net earnings;A;Normal value
2403040104IND01;RS;REPUBLIC OF SERBIA;09;2023;3_ZS;Health and social work;86127;RSD;RSD;SORS;Average net earnings;A;Normal value
2403040104IND01;RS;REPUBLIC OF SERBIA;09;2023;4_OK;Education and culture;84122;RSD;RSD;SORS;Average net earnings;A;Normal value
2403040104IND01;RS;REPUBLIC OF SERBIA;09;2023;5_AD;Administration - all levels;95105;RSD;RSD;SORS;Average net earnings;A;Normal value
2403040104IND01;RS;REPUBLIC OF SERBIA;09;2023;5_AD2;Administration - government  level;99420;RSD;RSD;SORS;Average net earnings;A;Normal value
2403040104IND01;RS;REPUBLIC OF SERBIA;09;2023;5_AD3;Administration - autonomous  province level;103523;RSD;RSD;SORS;Average net earnings;A;Normal value
2403040104IND01;RS;REPUBLIC OF SERBIA;09;2023;5_AD4;Administration - local authorities’ level;73717;RSD;RSD;SORS;Average net earnings;A;Normal value
2403040104IND01;RS;REPUBLIC OF SERBIA;09;2024;0;Total;96115;RSD;RSD;SORS;Average net earnings;A;Normal value
2403040104IND01;RS;REPUBLIC OF SERBIA;09;2024;0_JP_JD_JL;Public enterprises;99528;RSD;RSD;SORS;Average net earnings;A;Normal value
2403040104IND01;RS;REPUBLIC OF SERBIA;09;2024;0_JS;Public sector;99363;RSD;RSD;SORS;Average net earnings;A;Normal value
2403040104IND01;RS;REPUBLIC OF SERBIA;09;2024;0_VJS;Non-public sector;94803;RSD;RSD;SORS;Average net earnings;A;Normal value
2403040104IND01;RS;REPUBLIC OF SERBIA;09;2024;1_JD;Public state enterprises;107660;RSD;RSD;SORS;Average net earnings;A;Normal value
2403040104IND01;RS;REPUBLIC OF SERBIA;09;2024;2_JL;Public local enterprises;88572;RSD;RSD;SORS;Average net earnings;A;Normal value
2403040104IND01;RS;REPUBLIC OF SERBIA;09;2024;3_4_5_BK;General government;99312;RSD;RSD;SORS;Average net earnings;A;Normal value
2403040104IND01;RS;REPUBLIC OF SERBIA;09;2024;3_ZS;Health and social work;97632;RSD;RSD;SORS;Average net earnings;A;Normal value
2403040104IND01;RS;REPUBLIC OF SERBIA;09;2024;4_OK;Education and culture;93693;RSD;RSD;SORS;Average net earnings;A;Normal value
2403040104IND01;RS;REPUBLIC OF SERBIA;09;2024;5_AD;Administration - all levels;106153;RSD;RSD;SORS;Average net earnings;A;Normal value
2403040104IND01;RS;REPUBLIC OF SERBIA;09;2024;5_AD2;Administration - government  level;110758;RSD;RSD;SORS;Average net earnings;A;Normal value
2403040104IND01;RS;REPUBLIC OF SERBIA;09;2024;5_AD3;Administration - autonomous  province level;107126;RSD;RSD;SORS;Average net earnings;A;Normal value
2403040104IND01;RS;REPUBLIC OF SERBIA;09;2024;5_AD4;Administration - local authorities’ level;83387;RSD;RSD;SORS;Average net earnings;A;Normal value
2403040104IND01;RS;REPUBLIC OF SERBIA;09;2025;0;Total;109147;RSD;RSD;SORS;Average net earnings;A;Normal value
2403040104IND01;RS;REPUBLIC OF SERBIA;09;2025;0_JP_JD_JL;Public enterprises;114591;RSD;RSD;SORS;Average net earnings;A;Normal value
2403040104IND01;RS;REPUBLIC OF SERBIA;09;2025;0_JS;Public sector;113025;RSD;RSD;SORS;Average net earnings;A;Normal value
2403040104IND01;RS;REPUBLIC OF SERBIA;09;2025;0_VJS;Non-public sector;107588;RSD;RSD;SORS;Average net earnings;A;Normal value
2403040104IND01;RS;REPUBLIC OF SERBIA;09;2025;1_JD;Public state enterprises;122422;RSD;RSD;SORS;Average net earnings;A;Normal value
2403040104IND01;RS;REPUBLIC OF SERBIA;09;2025;2_JL;Public local enterprises;103972;RSD;RSD;SORS;Average net earnings;A;Normal value
2403040104IND01;RS;REPUBLIC OF SERBIA;09;2025;3_4_5_BK;General government;112550;RSD;RSD;SORS;Average net earnings;A;Normal value
2403040104IND01;RS;REPUBLIC OF SERBIA;09;2025;3_ZS;Health and social work;108289;RSD;RSD;SORS;Average net earnings;A;Normal value
2403040104IND01;RS;REPUBLIC OF SERBIA;09;2025;4_OK;Education and culture;110344;RSD;RSD;SORS;Average net earnings;A;Normal value
2403040104IND01;RS;REPUBLIC OF SERBIA;09;2025;5_AD;Administration - all levels;118970;RSD;RSD;SORS;Average net earnings;A;Normal value
2403040104IND01;RS;REPUBLIC OF SERBIA;09;2025;5_AD2;Administration - government  level;123479;RSD;RSD;SORS;Average net earnings;A;Normal value
2403040104IND01;RS;REPUBLIC OF SERBIA;09;2025;5_AD3;Administration - autonomous  province level;121219;RSD;RSD;SORS;Average net earnings;A;Normal value
2403040104IND01;RS;REPUBLIC OF SERBIA;09;2025;5_AD4;Administration - local authorities’ level;96403;RSD;RSD;SORS;Average net earnings;A;Normal value
2403040104IND01;RS;REPUBLIC OF SERBIA;10;2003;0;Total;12432;RSD;RSD;SORS;Average net earnings;A;Normal value
2403040104IND01;RS;REPUBLIC OF SERBIA;10;2003;0_JP_JD_JL;Public enterprises;17045;RSD;RSD;SORS;Average net earnings;A;Normal value
2403040104IND01;RS;REPUBLIC OF SERBIA;10;2003;0_JS;Public sector;15521;RSD;RSD;SORS;Average net earnings;A;Normal value
2403040104IND01;RS;REPUBLIC OF SERBIA;10;2003;0_VJS;Non-public sector;10242;RSD;RSD;SORS;Average net earnings;A;Normal value
2403040104IND01;RS;REPUBLIC OF SERBIA;10;2003;1_JD;Public state enterprises;17391;RSD;RSD;SORS;Average net earnings;A;Normal value
2403040104IND01;RS;REPUBLIC OF SERBIA;10;2003;2_JL;Public local enterprises;16255;RSD;RSD;SORS;Average net earnings;A;Normal value
2403040104IND01;RS;REPUBLIC OF SERBIA;10;2003;3_4_5_BK;General government;14666;RSD;RSD;SORS;Average net earnings;A;Normal value
2403040104IND01;RS;REPUBLIC OF SERBIA;10;2003;3_ZS;Health and social work;13576;RSD;RSD;SORS;Average net earnings;A;Normal value
2403040104IND01;RS;REPUBLIC OF SERBIA;10;2003;4_OK;Education and culture;14292;RSD;RSD;SORS;Average net earnings;A;Normal value
2403040104IND01;RS;REPUBLIC OF SERBIA;10;2003;5_AD;Administration - all levels;17962;RSD;RSD;SORS;Average net earnings;A;Normal value
2403040104IND01;RS;REPUBLIC OF SERBIA;10;2003;5_AD2;Administration - government  level;;RSD;RSD;SORS;Average net earnings;O;Not available
2403040104IND01;RS;REPUBLIC OF SERBIA;10;2003;5_AD3;Administration - autonomous  province level;;RSD;RSD;SORS;Average net earnings;O;Not available
2403040104IND01;RS;REPUBLIC OF SERBIA;10;2003;5_AD4;Administration - local authorities’ level;;RSD;RSD;SORS;Average net earnings;O;Not available
2403040104IND01;RS;REPUBLIC OF SERBIA;10;2004;0;Total;14639;RSD;RSD;SORS;Average net earnings;A;Normal value
2403040104IND01;RS;REPUBLIC OF SERBIA;10;2004;0_JP_JD_JL;Public enterprises;19946;RSD;RSD;SORS;Average net earnings;A;Normal value
2403040104IND01;RS;REPUBLIC OF SERBIA;10;2004;0_JS;Public sector;18008;RSD;RSD;SORS;Average net earnings;A;Normal value
2403040104IND01;RS;REPUBLIC OF SERBIA;10;2004;0_VJS;Non-public sector;12036;RSD;RSD;SORS;Average net earnings;A;Normal value
2403040104IND01;RS;REPUBLIC OF SERBIA;10;2004;1_JD;Public state enterprises;19899;RSD;RSD;SORS;Average net earnings;A;Normal value
2403040104IND01;RS;REPUBLIC OF SERBIA;10;2004;2_JL;Public local enterprises;20048;RSD;RSD;SORS;Average net earnings;A;Normal value
2403040104IND01;RS;REPUBLIC OF SERBIA;10;2004;3_4_5_BK;General government;16939;RSD;RSD;SORS;Average net earnings;A;Normal value
2403040104IND01;RS;REPUBLIC OF SERBIA;10;2004;3_ZS;Health and social work;16732;RSD;RSD;SORS;Average net earnings;A;Normal value
2403040104IND01;RS;REPUBLIC OF SERBIA;10;2004;4_OK;Education and culture;16082;RSD;RSD;SORS;Average net earnings;A;Normal value
2403040104IND01;RS;REPUBLIC OF SERBIA;10;2004;5_AD;Administration - all levels;19018;RSD;RSD;SORS;Average net earnings;A;Normal value
2403040104IND01;RS;REPUBLIC OF SERBIA;10;2004;5_AD2;Administration - government  level;;RSD;RSD;SORS;Average net earnings;O;Not available
2403040104IND01;RS;REPUBLIC OF SERBIA;10;2004;5_AD3;Administration - autonomous  province level;;RSD;RSD;SORS;Average net earnings;O;Not available
2403040104IND01;RS;REPUBLIC OF SERBIA;10;2004;5_AD4;Administration - local authorities’ level;;RSD;RSD;SORS;Average net earnings;O;Not available
2403040104IND01;RS;REPUBLIC OF SERBIA;10;2005;0;Total;18265;RSD;RSD;SORS;Average net earnings;A;Normal value
2403040104IND01;RS;REPUBLIC OF SERBIA;10;2005;0_JP_JD_JL;Public enterprises;23446;RSD;RSD;SORS;Average net earnings;A;Normal value
2403040104IND01;RS;REPUBLIC OF SERBIA;10;2005;0_JS;Public sector;21286;RSD;RSD;SORS;Average net earnings;A;Normal value
2403040104IND01;RS;REPUBLIC OF SERBIA;10;2005;0_VJS;Non-public sector;15679;RSD;RSD;SORS;Average net earnings;A;Normal value
2403040104IND01;RS;REPUBLIC OF SERBIA;10;2005;1_JD;Public state enterprises;23537;RSD;RSD;SORS;Average net earnings;A;Normal value
2403040104IND01;RS;REPUBLIC OF SERBIA;10;2005;2_JL;Public local enterprises;23280;RSD;RSD;SORS;Average net earnings;A;Normal value
2403040104IND01;RS;REPUBLIC OF SERBIA;10;2005;3_4_5_BK;General government;20137;RSD;RSD;SORS;Average net earnings;A;Normal value
2403040104IND01;RS;REPUBLIC OF SERBIA;10;2005;3_ZS;Health and social work;18857;RSD;RSD;SORS;Average net earnings;A;Normal value
2403040104IND01;RS;REPUBLIC OF SERBIA;10;2005;4_OK;Education and culture;19773;RSD;RSD;SORS;Average net earnings;A;Normal value
2403040104IND01;RS;REPUBLIC OF SERBIA;10;2005;5_AD;Administration - all levels;23988;RSD;RSD;SORS;Average net earnings;A;Normal value
2403040104IND01;RS;REPUBLIC OF SERBIA;10;2005;5_AD2;Administration - government  level;;RSD;RSD;SORS;Average net earnings;O;Not available
2403040104IND01;RS;REPUBLIC OF SERBIA;10;2005;5_AD3;Administration - autonomous  province level;;RSD;RSD;SORS;Average net earnings;O;Not available
2403040104IND01;RS;REPUBLIC OF SERBIA;10;2005;5_AD4;Administration - local authorities’ level;;RSD;RSD;SORS;Average net earnings;O;Not available
2403040104IND01;RS;REPUBLIC OF SERBIA;10;2006;0;Total;22340;RSD;RSD;SORS;Average net earnings;A;Normal value
2403040104IND01;RS;REPUBLIC OF SERBIA;10;2006;0_JP_JD_JL;Public enterprises;28139;RSD;RSD;SORS;Average net earnings;A;Normal value
2403040104IND01;RS;REPUBLIC OF SERBIA;10;2006;0_JS;Public sector;25851;RSD;RSD;SORS;Average net earnings;A;Normal value
2403040104IND01;RS;REPUBLIC OF SERBIA;10;2006;0_VJS;Non-public sector;19147;RSD;RSD;SORS;Average net earnings;A;Normal value
2403040104IND01;RS;REPUBLIC OF SERBIA;10;2006;1_JD;Public state enterprises;28352;RSD;RSD;SORS;Average net earnings;A;Normal value
2403040104IND01;RS;REPUBLIC OF SERBIA;10;2006;2_JL;Public local enterprises;27770;RSD;RSD;SORS;Average net earnings;A;Normal value
2403040104IND01;RS;REPUBLIC OF SERBIA;10;2006;3_4_5_BK;General government;24661;RSD;RSD;SORS;Average net earnings;A;Normal value
2403040104IND01;RS;REPUBLIC OF SERBIA;10;2006;3_ZS;Health and social work;23319;RSD;RSD;SORS;Average net earnings;A;Normal value
2403040104IND01;RS;REPUBLIC OF SERBIA;10;2006;4_OK;Education and culture;23796;RSD;RSD;SORS;Average net earnings;A;Normal value
2403040104IND01;RS;REPUBLIC OF SERBIA;10;2006;5_AD;Administration - all levels;29597;RSD;RSD;SORS;Average net earnings;A;Normal value
2403040104IND01;RS;REPUBLIC OF SERBIA;10;2006;5_AD2;Administration - government  level;;RSD;RSD;SORS;Average net earnings;O;Not available
2403040104IND01;RS;REPUBLIC OF SERBIA;10;2006;5_AD3;Administration - autonomous  province level;;RSD;RSD;SORS;Average net earnings;O;Not available
2403040104IND01;RS;REPUBLIC OF SERBIA;10;2006;5_AD4;Administration - local authorities’ level;;RSD;RSD;SORS;Average net earnings;O;Not available
2403040104IND01;RS;REPUBLIC OF SERBIA;10;2007;0;Total;28720;RSD;RSD;SORS;Average net earnings;A;Normal value
2403040104IND01;RS;REPUBLIC OF SERBIA;10;2007;0_JP_JD_JL;Public enterprises;34714;RSD;RSD;SORS;Average net earnings;A;Normal value
2403040104IND01;RS;REPUBLIC OF SERBIA;10;2007;0_JS;Public sector;33240;RSD;RSD;SORS;Average net earnings;A;Normal value
2403040104IND01;RS;REPUBLIC OF SERBIA;10;2007;0_VJS;Non-public sector;24192;RSD;RSD;SORS;Average net earnings;A;Normal value
2403040104IND01;RS;REPUBLIC OF SERBIA;10;2007;1_JD;Public state enterprises;36431;RSD;RSD;SORS;Average net earnings;A;Normal value
2403040104IND01;RS;REPUBLIC OF SERBIA;10;2007;2_JL;Public local enterprises;31768;RSD;RSD;SORS;Average net earnings;A;Normal value
2403040104IND01;RS;REPUBLIC OF SERBIA;10;2007;3_4_5_BK;General government;32510;RSD;RSD;SORS;Average net earnings;A;Normal value
2403040104IND01;RS;REPUBLIC OF SERBIA;10;2007;3_ZS;Health and social work;32126;RSD;RSD;SORS;Average net earnings;A;Normal value
2403040104IND01;RS;REPUBLIC OF SERBIA;10;2007;4_OK;Education and culture;30956;RSD;RSD;SORS;Average net earnings;A;Normal value
2403040104IND01;RS;REPUBLIC OF SERBIA;10;2007;5_AD;Administration - all levels;36632;RSD;RSD;SORS;Average net earnings;A;Normal value
2403040104IND01;RS;REPUBLIC OF SERBIA;10;2007;5_AD2;Administration - government  level;;RSD;RSD;SORS;Average net earnings;O;Not available
2403040104IND01;RS;REPUBLIC OF SERBIA;10;2007;5_AD3;Administration - autonomous  province level;;RSD;RSD;SORS;Average net earnings;O;Not available
2403040104IND01;RS;REPUBLIC OF SERBIA;10;2007;5_AD4;Administration - local authorities’ level;;RSD;RSD;SORS;Average net earnings;O;Not available
2403040104IND01;RS;REPUBLIC OF SERBIA;10;2008;0;Total;34311;RSD;RSD;SORS;Average net earnings;A;Normal value
2403040104IND01;RS;REPUBLIC OF SERBIA;10;2008;0_JP_JD_JL;Public enterprises;40795;RSD;RSD;SORS;Average net earnings;A;Normal value
2403040104IND01;RS;REPUBLIC OF SERBIA;10;2008;0_JS;Public sector;39043;RSD;RSD;SORS;Average net earnings;A;Normal value
2403040104IND01;RS;REPUBLIC OF SERBIA;10;2008;0_VJS;Non-public sector;29187;RSD;RSD;SORS;Average net earnings;A;Normal value
2403040104IND01;RS;REPUBLIC OF SERBIA;10;2008;1_JD;Public state enterprises;43030;RSD;RSD;SORS;Average net earnings;A;Normal value
2403040104IND01;RS;REPUBLIC OF SERBIA;10;2008;2_JL;Public local enterprises;36939;RSD;RSD;SORS;Average net earnings;A;Normal value
2403040104IND01;RS;REPUBLIC OF SERBIA;10;2008;3_4_5_BK;General government;38200;RSD;RSD;SORS;Average net earnings;A;Normal value
2403040104IND01;RS;REPUBLIC OF SERBIA;10;2008;3_ZS;Health and social work;37782;RSD;RSD;SORS;Average net earnings;A;Normal value
2403040104IND01;RS;REPUBLIC OF SERBIA;10;2008;4_OK;Education and culture;36142;RSD;RSD;SORS;Average net earnings;A;Normal value
2403040104IND01;RS;REPUBLIC OF SERBIA;10;2008;5_AD;Administration - all levels;43352;RSD;RSD;SORS;Average net earnings;A;Normal value
2403040104IND01;RS;REPUBLIC OF SERBIA;10;2008;5_AD2;Administration - government  level;;RSD;RSD;SORS;Average net earnings;O;Not available
2403040104IND01;RS;REPUBLIC OF SERBIA;10;2008;5_AD3;Administration - autonomous  province level;;RSD;RSD;SORS;Average net earnings;O;Not available
2403040104IND01;RS;REPUBLIC OF SERBIA;10;2008;5_AD4;Administration - local authorities’ level;;RSD;RSD;SORS;Average net earnings;O;Not available
2403040104IND01;RS;REPUBLIC OF SERBIA;10;2009;0;Total;31734;RSD;RSD;SORS;Average net earnings;A;Normal value
2403040104IND01;RS;REPUBLIC OF SERBIA;10;2009;0_JP_JD_JL;Public enterprises;41948;RSD;RSD;SORS;Average net earnings;A;Normal value
2403040104IND01;RS;REPUBLIC OF SERBIA;10;2009;0_JS;Public sector;38814;RSD;RSD;SORS;Average net earnings;A;Normal value
2403040104IND01;RS;REPUBLIC OF SERBIA;10;2009;0_VJS;Non-public sector;26071;RSD;RSD;SORS;Average net earnings;A;Normal value
2403040104IND01;RS;REPUBLIC OF SERBIA;10;2009;1_JD;Public state enterprises;44606;RSD;RSD;SORS;Average net earnings;A;Normal value
2403040104IND01;RS;REPUBLIC OF SERBIA;10;2009;2_JL;Public local enterprises;37820;RSD;RSD;SORS;Average net earnings;A;Normal value
2403040104IND01;RS;REPUBLIC OF SERBIA;10;2009;3_4_5_BK;General government;37442;RSD;RSD;SORS;Average net earnings;A;Normal value
2403040104IND01;RS;REPUBLIC OF SERBIA;10;2009;3_ZS;Health and social work;36549;RSD;RSD;SORS;Average net earnings;A;Normal value
2403040104IND01;RS;REPUBLIC OF SERBIA;10;2009;4_OK;Education and culture;36357;RSD;RSD;SORS;Average net earnings;A;Normal value
2403040104IND01;RS;REPUBLIC OF SERBIA;10;2009;5_AD;Administration - all levels;41559;RSD;RSD;SORS;Average net earnings;A;Normal value
2403040104IND01;RS;REPUBLIC OF SERBIA;10;2009;5_AD2;Administration - government  level;;RSD;RSD;SORS;Average net earnings;O;Not available
2403040104IND01;RS;REPUBLIC OF SERBIA;10;2009;5_AD3;Administration - autonomous  province level;;RSD;RSD;SORS;Average net earnings;O;Not available
2403040104IND01;RS;REPUBLIC OF SERBIA;10;2009;5_AD4;Administration - local authorities’ level;;RSD;RSD;SORS;Average net earnings;O;Not available
2403040104IND01;RS;REPUBLIC OF SERBIA;10;2010;0;Total;34422;RSD;RSD;SORS;Average net earnings;A;Normal value
2403040104IND01;RS;REPUBLIC OF SERBIA;10;2010;0_JP_JD_JL;Public enterprises;42215;RSD;RSD;SORS;Average net earnings;A;Normal value
2403040104IND01;RS;REPUBLIC OF SERBIA;10;2010;0_JS;Public sector;39408;RSD;RSD;SORS;Average net earnings;A;Normal value
2403040104IND01;RS;REPUBLIC OF SERBIA;10;2010;0_VJS;Non-public sector;30142;RSD;RSD;SORS;Average net earnings;A;Normal value
2403040104IND01;RS;REPUBLIC OF SERBIA;10;2010;1_JD;Public state enterprises;45122;RSD;RSD;SORS;Average net earnings;A;Normal value
2403040104IND01;RS;REPUBLIC OF SERBIA;10;2010;2_JL;Public local enterprises;37787;RSD;RSD;SORS;Average net earnings;A;Normal value
2403040104IND01;RS;REPUBLIC OF SERBIA;10;2010;3_4_5_BK;General government;38198;RSD;RSD;SORS;Average net earnings;A;Normal value
2403040104IND01;RS;REPUBLIC OF SERBIA;10;2010;3_ZS;Health and social work;36843;RSD;RSD;SORS;Average net earnings;A;Normal value
2403040104IND01;RS;REPUBLIC OF SERBIA;10;2010;4_OK;Education and culture;36703;RSD;RSD;SORS;Average net earnings;A;Normal value
2403040104IND01;RS;REPUBLIC OF SERBIA;10;2010;5_AD;Administration - all levels;44293;RSD;RSD;SORS;Average net earnings;A;Normal value
2403040104IND01;RS;REPUBLIC OF SERBIA;10;2010;5_AD2;Administration - government  level;;RSD;RSD;SORS;Average net earnings;O;Not available
2403040104IND01;RS;REPUBLIC OF SERBIA;10;2010;5_AD3;Administration - autonomous  province level;;RSD;RSD;SORS;Average net earnings;O;Not available
2403040104IND01;RS;REPUBLIC OF SERBIA;10;2010;5_AD4;Administration - local authorities’ level;;RSD;RSD;SORS;Average net earnings;O;Not available
2403040104IND01;RS;REPUBLIC OF SERBIA;10;2011;0;Total;38167;RSD;RSD;SORS;Average net earnings;A;Normal value
2403040104IND01;RS;REPUBLIC OF SERBIA;10;2011;0_JP_JD_JL;Public enterprises;48513;RSD;RSD;SORS;Average net earnings;A;Normal value
2403040104IND01;RS;REPUBLIC OF SERBIA;10;2011;0_JS;Public sector;43642;RSD;RSD;SORS;Average net earnings;A;Normal value
2403040104IND01;RS;REPUBLIC OF SERBIA;10;2011;0_VJS;Non-public sector;33360;RSD;RSD;SORS;Average net earnings;A;Normal value
2403040104IND01;RS;REPUBLIC OF SERBIA;10;2011;1_JD;Public state enterprises;53233;RSD;RSD;SORS;Average net earnings;A;Normal value
2403040104IND01;RS;REPUBLIC OF SERBIA;10;2011;2_JL;Public local enterprises;41549;RSD;RSD;SORS;Average net earnings;A;Normal value
2403040104IND01;RS;REPUBLIC OF SERBIA;10;2011;3_4_5_BK;General government;41549;RSD;RSD;SORS;Average net earnings;A;Normal value
2403040104IND01;RS;REPUBLIC OF SERBIA;10;2011;3_ZS;Health and social work;39981;RSD;RSD;SORS;Average net earnings;A;Normal value
2403040104IND01;RS;REPUBLIC OF SERBIA;10;2011;4_OK;Education and culture;39792;RSD;RSD;SORS;Average net earnings;A;Normal value
2403040104IND01;RS;REPUBLIC OF SERBIA;10;2011;5_AD;Administration - all levels;48591;RSD;RSD;SORS;Average net earnings;A;Normal value
2403040104IND01;RS;REPUBLIC OF SERBIA;10;2011;5_AD2;Administration - government  level;;RSD;RSD;SORS;Average net earnings;O;Not available
2403040104IND01;RS;REPUBLIC OF SERBIA;10;2011;5_AD3;Administration - autonomous  province level;;RSD;RSD;SORS;Average net earnings;O;Not available
2403040104IND01;RS;REPUBLIC OF SERBIA;10;2011;5_AD4;Administration - local authorities’ level;;RSD;RSD;SORS;Average net earnings;O;Not available
2403040104IND01;RS;REPUBLIC OF SERBIA;10;2012;0;Total;41558;RSD;RSD;SORS;Average net earnings;A;Normal value
2403040104IND01;RS;REPUBLIC OF SERBIA;10;2012;0_JP_JD_JL;Public enterprises;54413;RSD;RSD;SORS;Average net earnings;A;Normal value
2403040104IND01;RS;REPUBLIC OF SERBIA;10;2012;0_JS;Public sector;47275;RSD;RSD;SORS;Average net earnings;A;Normal value
2403040104IND01;RS;REPUBLIC OF SERBIA;10;2012;0_VJS;Non-public sector;36248;RSD;RSD;SORS;Average net earnings;A;Normal value
2403040104IND01;RS;REPUBLIC OF SERBIA;10;2012;1_JD;Public state enterprises;61960;RSD;RSD;SORS;Average net earnings;A;Normal value
2403040104IND01;RS;REPUBLIC OF SERBIA;10;2012;2_JL;Public local enterprises;43445;RSD;RSD;SORS;Average net earnings;A;Normal value
2403040104IND01;RS;REPUBLIC OF SERBIA;10;2012;3_4_5_BK;General government;44173;RSD;RSD;SORS;Average net earnings;A;Normal value
2403040104IND01;RS;REPUBLIC OF SERBIA;10;2012;3_ZS;Health and social work;42385;RSD;RSD;SORS;Average net earnings;A;Normal value
2403040104IND01;RS;REPUBLIC OF SERBIA;10;2012;4_OK;Education and culture;41665;RSD;RSD;SORS;Average net earnings;A;Normal value
2403040104IND01;RS;REPUBLIC OF SERBIA;10;2012;5_AD;Administration - all levels;52869;RSD;RSD;SORS;Average net earnings;A;Normal value
2403040104IND01;RS;REPUBLIC OF SERBIA;10;2012;5_AD2;Administration - government  level;;RSD;RSD;SORS;Average net earnings;O;Not available
2403040104IND01;RS;REPUBLIC OF SERBIA;10;2012;5_AD3;Administration - autonomous  province level;;RSD;RSD;SORS;Average net earnings;O;Not available
2403040104IND01;RS;REPUBLIC OF SERBIA;10;2012;5_AD4;Administration - local authorities’ level;;RSD;RSD;SORS;Average net earnings;O;Not available
2403040104IND01;RS;REPUBLIC OF SERBIA;10;2013;0;Total;43615;RSD;RSD;SORS;Average net earnings;A;Normal value
2403040104IND01;RS;REPUBLIC OF SERBIA;10;2013;0_JP_JD_JL;Public enterprises;57008;RSD;RSD;SORS;Average net earnings;A;Normal value
2403040104IND01;RS;REPUBLIC OF SERBIA;10;2013;0_JS;Public sector;49302;RSD;RSD;SORS;Average net earnings;A;Normal value
2403040104IND01;RS;REPUBLIC OF SERBIA;10;2013;0_VJS;Non-public sector;38066;RSD;RSD;SORS;Average net earnings;A;Normal value
2403040104IND01;RS;REPUBLIC OF SERBIA;10;2013;1_JD;Public state enterprises;65124;RSD;RSD;SORS;Average net earnings;A;Normal value
2403040104IND01;RS;REPUBLIC OF SERBIA;10;2013;2_JL;Public local enterprises;45270;RSD;RSD;SORS;Average net earnings;A;Normal value
2403040104IND01;RS;REPUBLIC OF SERBIA;10;2013;3_4_5_BK;General government;45948;RSD;RSD;SORS;Average net earnings;A;Normal value
2403040104IND01;RS;REPUBLIC OF SERBIA;10;2013;3_ZS;Health and social work;43851;RSD;RSD;SORS;Average net earnings;A;Normal value
2403040104IND01;RS;REPUBLIC OF SERBIA;10;2013;4_OK;Education and culture;43492;RSD;RSD;SORS;Average net earnings;A;Normal value
2403040104IND01;RS;REPUBLIC OF SERBIA;10;2013;5_AD;Administration - all levels;55155;RSD;RSD;SORS;Average net earnings;A;Normal value
2403040104IND01;RS;REPUBLIC OF SERBIA;10;2013;5_AD2;Administration - government  level;;RSD;RSD;SORS;Average net earnings;O;Not available
2403040104IND01;RS;REPUBLIC OF SERBIA;10;2013;5_AD3;Administration - autonomous  province level;;RSD;RSD;SORS;Average net earnings;O;Not available
2403040104IND01;RS;REPUBLIC OF SERBIA;10;2013;5_AD4;Administration - local authorities’ level;;RSD;RSD;SORS;Average net earnings;O;Not available
2403040104IND01;RS;REPUBLIC OF SERBIA;10;2014;0;Total;44938;RSD;RSD;SORS;Average net earnings;A;Normal value
2403040104IND01;RS;REPUBLIC OF SERBIA;10;2014;0_JP_JD_JL;Public enterprises;57696;RSD;RSD;SORS;Average net earnings;A;Normal value
2403040104IND01;RS;REPUBLIC OF SERBIA;10;2014;0_JS;Public sector;49654;RSD;RSD;SORS;Average net earnings;A;Normal value
2403040104IND01;RS;REPUBLIC OF SERBIA;10;2014;0_VJS;Non-public sector;40543;RSD;RSD;SORS;Average net earnings;A;Normal value
2403040104IND01;RS;REPUBLIC OF SERBIA;10;2014;1_JD;Public state enterprises;66170;RSD;RSD;SORS;Average net earnings;A;Normal value
2403040104IND01;RS;REPUBLIC OF SERBIA;10;2014;2_JL;Public local enterprises;45223;RSD;RSD;SORS;Average net earnings;A;Normal value
2403040104IND01;RS;REPUBLIC OF SERBIA;10;2014;3_4_5_BK;General government;46178;RSD;RSD;SORS;Average net earnings;A;Normal value
2403040104IND01;RS;REPUBLIC OF SERBIA;10;2014;3_ZS;Health and social work;44159;RSD;RSD;SORS;Average net earnings;A;Normal value
2403040104IND01;RS;REPUBLIC OF SERBIA;10;2014;4_OK;Education and culture;44147;RSD;RSD;SORS;Average net earnings;A;Normal value
2403040104IND01;RS;REPUBLIC OF SERBIA;10;2014;5_AD;Administration - all levels;54555;RSD;RSD;SORS;Average net earnings;A;Normal value
2403040104IND01;RS;REPUBLIC OF SERBIA;10;2014;5_AD2;Administration - government  level;;RSD;RSD;SORS;Average net earnings;O;Not available
2403040104IND01;RS;REPUBLIC OF SERBIA;10;2014;5_AD3;Administration - autonomous  province level;;RSD;RSD;SORS;Average net earnings;O;Not available
2403040104IND01;RS;REPUBLIC OF SERBIA;10;2014;5_AD4;Administration - local authorities’ level;;RSD;RSD;SORS;Average net earnings;O;Not available
2403040104IND01;RS;REPUBLIC OF SERBIA;10;2015;0;Total;44124;RSD;RSD;SORS;Average net earnings;A;Normal value
2403040104IND01;RS;REPUBLIC OF SERBIA;10;2015;0_JP_JD_JL;Public enterprises;55754;RSD;RSD;SORS;Average net earnings;A;Normal value
2403040104IND01;RS;REPUBLIC OF SERBIA;10;2015;0_JS;Public sector;46492;RSD;RSD;SORS;Average net earnings;A;Normal value
2403040104IND01;RS;REPUBLIC OF SERBIA;10;2015;0_VJS;Non-public sector;41905;RSD;RSD;SORS;Average net earnings;A;Normal value
2403040104IND01;RS;REPUBLIC OF SERBIA;10;2015;1_JD;Public state enterprises;64485;RSD;RSD;SORS;Average net earnings;A;Normal value
2403040104IND01;RS;REPUBLIC OF SERBIA;10;2015;2_JL;Public local enterprises;43594;RSD;RSD;SORS;Average net earnings;A;Normal value
2403040104IND01;RS;REPUBLIC OF SERBIA;10;2015;3_4_5_BK;General government;42411;RSD;RSD;SORS;Average net earnings;A;Normal value
2403040104IND01;RS;REPUBLIC OF SERBIA;10;2015;3_ZS;Health and social work;40639;RSD;RSD;SORS;Average net earnings;A;Normal value
2403040104IND01;RS;REPUBLIC OF SERBIA;10;2015;4_OK;Education and culture;40709;RSD;RSD;SORS;Average net earnings;A;Normal value
2403040104IND01;RS;REPUBLIC OF SERBIA;10;2015;5_AD;Administration - all levels;49590;RSD;RSD;SORS;Average net earnings;A;Normal value
2403040104IND01;RS;REPUBLIC OF SERBIA;10;2015;5_AD2;Administration - government  level;;RSD;RSD;SORS;Average net earnings;O;Not available
2403040104IND01;RS;REPUBLIC OF SERBIA;10;2015;5_AD3;Administration - autonomous  province level;;RSD;RSD;SORS;Average net earnings;O;Not available
2403040104IND01;RS;REPUBLIC OF SERBIA;10;2015;5_AD4;Administration - local authorities’ level;;RSD;RSD;SORS;Average net earnings;O;Not available
2403040104IND01;RS;REPUBLIC OF SERBIA;10;2016;0;Total;45281;RSD;RSD;SORS;Average net earnings;A;Normal value
2403040104IND01;RS;REPUBLIC OF SERBIA;10;2016;0_JP_JD_JL;Public enterprises;56262;RSD;RSD;SORS;Average net earnings;A;Normal value
2403040104IND01;RS;REPUBLIC OF SERBIA;10;2016;0_JS;Public sector;47077;RSD;RSD;SORS;Average net earnings;A;Normal value
2403040104IND01;RS;REPUBLIC OF SERBIA;10;2016;0_VJS;Non-public sector;43674;RSD;RSD;SORS;Average net earnings;A;Normal value
2403040104IND01;RS;REPUBLIC OF SERBIA;10;2016;1_JD;Public state enterprises;64595;RSD;RSD;SORS;Average net earnings;A;Normal value
2403040104IND01;RS;REPUBLIC OF SERBIA;10;2016;2_JL;Public local enterprises;44614;RSD;RSD;SORS;Average net earnings;A;Normal value
2403040104IND01;RS;REPUBLIC OF SERBIA;10;2016;3_4_5_BK;General government;43076;RSD;RSD;SORS;Average net earnings;A;Normal value
2403040104IND01;RS;REPUBLIC OF SERBIA;10;2016;3_ZS;Health and social work;41678;RSD;RSD;SORS;Average net earnings;A;Normal value
2403040104IND01;RS;REPUBLIC OF SERBIA;10;2016;4_OK;Education and culture;41436;RSD;RSD;SORS;Average net earnings;A;Normal value
2403040104IND01;RS;REPUBLIC OF SERBIA;10;2016;5_AD;Administration - all levels;49367;RSD;RSD;SORS;Average net earnings;A;Normal value
2403040104IND01;RS;REPUBLIC OF SERBIA;10;2016;5_AD2;Administration - government  level;;RSD;RSD;SORS;Average net earnings;O;Not available
2403040104IND01;RS;REPUBLIC OF SERBIA;10;2016;5_AD3;Administration - autonomous  province level;;RSD;RSD;SORS;Average net earnings;O;Not available
2403040104IND01;RS;REPUBLIC OF SERBIA;10;2016;5_AD4;Administration - local authorities’ level;;RSD;RSD;SORS;Average net earnings;O;Not available
2403040104IND01;RS;REPUBLIC OF SERBIA;10;2017;0;Total;46879;RSD;RSD;SORS;Average net earnings;A;Normal value
2403040104IND01;RS;REPUBLIC OF SERBIA;10;2017;0_JP_JD_JL;Public enterprises;56712;RSD;RSD;SORS;Average net earnings;A;Normal value
2403040104IND01;RS;REPUBLIC OF SERBIA;10;2017;0_JS;Public sector;48414;RSD;RSD;SORS;Average net earnings;A;Normal value
2403040104IND01;RS;REPUBLIC OF SERBIA;10;2017;0_VJS;Non-public sector;45542;RSD;RSD;SORS;Average net earnings;A;Normal value
2403040104IND01;RS;REPUBLIC OF SERBIA;10;2017;1_JD;Public state enterprises;65271;RSD;RSD;SORS;Average net earnings;A;Normal value
2403040104IND01;RS;REPUBLIC OF SERBIA;10;2017;2_JL;Public local enterprises;44943;RSD;RSD;SORS;Average net earnings;A;Normal value
2403040104IND01;RS;REPUBLIC OF SERBIA;10;2017;3_4_5_BK;General government;44895;RSD;RSD;SORS;Average net earnings;A;Normal value
2403040104IND01;RS;REPUBLIC OF SERBIA;10;2017;3_ZS;Health and social work;43499;RSD;RSD;SORS;Average net earnings;A;Normal value
2403040104IND01;RS;REPUBLIC OF SERBIA;10;2017;4_OK;Education and culture;43390;RSD;RSD;SORS;Average net earnings;A;Normal value
2403040104IND01;RS;REPUBLIC OF SERBIA;10;2017;5_AD;Administration - all levels;50878;RSD;RSD;SORS;Average net earnings;A;Normal value
2403040104IND01;RS;REPUBLIC OF SERBIA;10;2017;5_AD2;Administration - government  level;;RSD;RSD;SORS;Average net earnings;O;Not available
2403040104IND01;RS;REPUBLIC OF SERBIA;10;2017;5_AD3;Administration - autonomous  province level;;RSD;RSD;SORS;Average net earnings;O;Not available
2403040104IND01;RS;REPUBLIC OF SERBIA;10;2017;5_AD4;Administration - local authorities’ level;;RSD;RSD;SORS;Average net earnings;O;Not available
2403040104IND01;RS;REPUBLIC OF SERBIA;10;2018;0;Total;49901;RSD;RSD;SORS;Average net earnings;A;Normal value
2403040104IND01;RS;REPUBLIC OF SERBIA;10;2018;0_JP_JD_JL;Public enterprises;60278;RSD;RSD;SORS;Average net earnings;A;Normal value
2403040104IND01;RS;REPUBLIC OF SERBIA;10;2018;0_JS;Public sector;55637;RSD;RSD;SORS;Average net earnings;A;Normal value
2403040104IND01;RS;REPUBLIC OF SERBIA;10;2018;0_VJS;Non-public sector;47140;RSD;RSD;SORS;Average net earnings;A;Normal value
2403040104IND01;RS;REPUBLIC OF SERBIA;10;2018;1_JD;Public state enterprises;68184;RSD;RSD;SORS;Average net earnings;A;Normal value
2403040104IND01;RS;REPUBLIC OF SERBIA;10;2018;2_JL;Public local enterprises;48595;RSD;RSD;SORS;Average net earnings;A;Normal value
2403040104IND01;RS;REPUBLIC OF SERBIA;10;2018;3_4_5_BK;General government;54082;RSD;RSD;SORS;Average net earnings;A;Normal value
2403040104IND01;RS;REPUBLIC OF SERBIA;10;2018;3_ZS;Health and social work;50092;RSD;RSD;SORS;Average net earnings;A;Normal value
2403040104IND01;RS;REPUBLIC OF SERBIA;10;2018;4_OK;Education and culture;52952;RSD;RSD;SORS;Average net earnings;A;Normal value
2403040104IND01;RS;REPUBLIC OF SERBIA;10;2018;5_AD;Administration - all levels;58754;RSD;RSD;SORS;Average net earnings;A;Normal value
2403040104IND01;RS;REPUBLIC OF SERBIA;10;2018;5_AD2;Administration - government  level;61155;RSD;RSD;SORS;Average net earnings;A;Normal value
2403040104IND01;RS;REPUBLIC OF SERBIA;10;2018;5_AD3;Administration - autonomous  province level;62481;RSD;RSD;SORS;Average net earnings;A;Normal value
2403040104IND01;RS;REPUBLIC OF SERBIA;10;2018;5_AD4;Administration - local authorities’ level;47180;RSD;RSD;SORS;Average net earnings;A;Normal value
2403040104IND01;RS;REPUBLIC OF SERBIA;10;2019;0;Total;55065;RSD;RSD;SORS;Average net earnings;A;Normal value
2403040104IND01;RS;REPUBLIC OF SERBIA;10;2019;0_JP_JD_JL;Public enterprises;65898;RSD;RSD;SORS;Average net earnings;A;Normal value
2403040104IND01;RS;REPUBLIC OF SERBIA;10;2019;0_JS;Public sector;60913;RSD;RSD;SORS;Average net earnings;A;Normal value
2403040104IND01;RS;REPUBLIC OF SERBIA;10;2019;0_VJS;Non-public sector;52396;RSD;RSD;SORS;Average net earnings;A;Normal value
2403040104IND01;RS;REPUBLIC OF SERBIA;10;2019;1_JD;Public state enterprises;75712;RSD;RSD;SORS;Average net earnings;A;Normal value
2403040104IND01;RS;REPUBLIC OF SERBIA;10;2019;2_JL;Public local enterprises;52446;RSD;RSD;SORS;Average net earnings;A;Normal value
2403040104IND01;RS;REPUBLIC OF SERBIA;10;2019;3_4_5_BK;General government;59309;RSD;RSD;SORS;Average net earnings;A;Normal value
2403040104IND01;RS;REPUBLIC OF SERBIA;10;2019;3_ZS;Health and social work;55251;RSD;RSD;SORS;Average net earnings;A;Normal value
2403040104IND01;RS;REPUBLIC OF SERBIA;10;2019;4_OK;Education and culture;58019;RSD;RSD;SORS;Average net earnings;A;Normal value
2403040104IND01;RS;REPUBLIC OF SERBIA;10;2019;5_AD;Administration - all levels;64184;RSD;RSD;SORS;Average net earnings;A;Normal value
2403040104IND01;RS;REPUBLIC OF SERBIA;10;2019;5_AD2;Administration - government  level;66640;RSD;RSD;SORS;Average net earnings;A;Normal value
2403040104IND01;RS;REPUBLIC OF SERBIA;10;2019;5_AD3;Administration - autonomous  province level;67225;RSD;RSD;SORS;Average net earnings;A;Normal value
2403040104IND01;RS;REPUBLIC OF SERBIA;10;2019;5_AD4;Administration - local authorities’ level;52076;RSD;RSD;SORS;Average net earnings;A;Normal value
2403040104IND01;RS;REPUBLIC OF SERBIA;10;2020;0;Total;60109;RSD;RSD;SORS;Average net earnings;A;Normal value
2403040104IND01;RS;REPUBLIC OF SERBIA;10;2020;0_JP_JD_JL;Public enterprises;70811;RSD;RSD;SORS;Average net earnings;A;Normal value
2403040104IND01;RS;REPUBLIC OF SERBIA;10;2020;0_JS;Public sector;68021;RSD;RSD;SORS;Average net earnings;A;Normal value
2403040104IND01;RS;REPUBLIC OF SERBIA;10;2020;0_VJS;Non-public sector;56700;RSD;RSD;SORS;Average net earnings;A;Normal value
2403040104IND01;RS;REPUBLIC OF SERBIA;10;2020;1_JD;Public state enterprises;79223;RSD;RSD;SORS;Average net earnings;A;Normal value
2403040104IND01;RS;REPUBLIC OF SERBIA;10;2020;2_JL;Public local enterprises;59266;RSD;RSD;SORS;Average net earnings;A;Normal value
2403040104IND01;RS;REPUBLIC OF SERBIA;10;2020;3_4_5_BK;General government;67130;RSD;RSD;SORS;Average net earnings;A;Normal value
2403040104IND01;RS;REPUBLIC OF SERBIA;10;2020;3_ZS;Health and social work;67860;RSD;RSD;SORS;Average net earnings;A;Normal value
2403040104IND01;RS;REPUBLIC OF SERBIA;10;2020;4_OK;Education and culture;63081;RSD;RSD;SORS;Average net earnings;A;Normal value
2403040104IND01;RS;REPUBLIC OF SERBIA;10;2020;5_AD;Administration - all levels;70190;RSD;RSD;SORS;Average net earnings;A;Normal value
2403040104IND01;RS;REPUBLIC OF SERBIA;10;2020;5_AD2;Administration - government  level;72852;RSD;RSD;SORS;Average net earnings;A;Normal value
2403040104IND01;RS;REPUBLIC OF SERBIA;10;2020;5_AD3;Administration - autonomous  province level;74967;RSD;RSD;SORS;Average net earnings;A;Normal value
2403040104IND01;RS;REPUBLIC OF SERBIA;10;2020;5_AD4;Administration - local authorities’ level;57100;RSD;RSD;SORS;Average net earnings;A;Normal value
2403040104IND01;RS;REPUBLIC OF SERBIA;10;2021;0;Total;66048;RSD;RSD;SORS;Average net earnings;A;Normal value
2403040104IND01;RS;REPUBLIC OF SERBIA;10;2021;0_JP_JD_JL;Public enterprises;73181;RSD;RSD;SORS;Average net earnings;A;Normal value
2403040104IND01;RS;REPUBLIC OF SERBIA;10;2021;0_JS;Public sector;72296;RSD;RSD;SORS;Average net earnings;A;Normal value
2403040104IND01;RS;REPUBLIC OF SERBIA;10;2021;0_VJS;Non-public sector;63424;RSD;RSD;SORS;Average net earnings;A;Normal value
2403040104IND01;RS;REPUBLIC OF SERBIA;10;2021;1_JD;Public state enterprises;81383;RSD;RSD;SORS;Average net earnings;A;Normal value
2403040104IND01;RS;REPUBLIC OF SERBIA;10;2021;2_JL;Public local enterprises;61882;RSD;RSD;SORS;Average net earnings;A;Normal value
2403040104IND01;RS;REPUBLIC OF SERBIA;10;2021;3_4_5_BK;General government;72016;RSD;RSD;SORS;Average net earnings;A;Normal value
2403040104IND01;RS;REPUBLIC OF SERBIA;10;2021;3_ZS;Health and social work;74068;RSD;RSD;SORS;Average net earnings;A;Normal value
2403040104IND01;RS;REPUBLIC OF SERBIA;10;2021;4_OK;Education and culture;66318;RSD;RSD;SORS;Average net earnings;A;Normal value
2403040104IND01;RS;REPUBLIC OF SERBIA;10;2021;5_AD;Administration - all levels;75501;RSD;RSD;SORS;Average net earnings;A;Normal value
2403040104IND01;RS;REPUBLIC OF SERBIA;10;2021;5_AD2;Administration - government  level;78756;RSD;RSD;SORS;Average net earnings;A;Normal value
2403040104IND01;RS;REPUBLIC OF SERBIA;10;2021;5_AD3;Administration - autonomous  province level;79372;RSD;RSD;SORS;Average net earnings;A;Normal value
2403040104IND01;RS;REPUBLIC OF SERBIA;10;2021;5_AD4;Administration - local authorities’ level;59904;RSD;RSD;SORS;Average net earnings;A;Normal value
2403040104IND01;RS;REPUBLIC OF SERBIA;10;2022;0;Total;75353;RSD;RSD;SORS;Average net earnings;A;Normal value
2403040104IND01;RS;REPUBLIC OF SERBIA;10;2022;0_JP_JD_JL;Public enterprises;79848;RSD;RSD;SORS;Average net earnings;A;Normal value
2403040104IND01;RS;REPUBLIC OF SERBIA;10;2022;0_JS;Public sector;77381;RSD;RSD;SORS;Average net earnings;A;Normal value
2403040104IND01;RS;REPUBLIC OF SERBIA;10;2022;0_VJS;Non-public sector;74506;RSD;RSD;SORS;Average net earnings;A;Normal value
2403040104IND01;RS;REPUBLIC OF SERBIA;10;2022;1_JD;Public state enterprises;88552;RSD;RSD;SORS;Average net earnings;A;Normal value
2403040104IND01;RS;REPUBLIC OF SERBIA;10;2022;2_JL;Public local enterprises;67850;RSD;RSD;SORS;Average net earnings;A;Normal value
2403040104IND01;RS;REPUBLIC OF SERBIA;10;2022;3_4_5_BK;General government;76621;RSD;RSD;SORS;Average net earnings;A;Normal value
2403040104IND01;RS;REPUBLIC OF SERBIA;10;2022;3_ZS;Health and social work;76601;RSD;RSD;SORS;Average net earnings;A;Normal value
2403040104IND01;RS;REPUBLIC OF SERBIA;10;2022;4_OK;Education and culture;71073;RSD;RSD;SORS;Average net earnings;A;Normal value
2403040104IND01;RS;REPUBLIC OF SERBIA;10;2022;5_AD;Administration - all levels;81556;RSD;RSD;SORS;Average net earnings;A;Normal value
2403040104IND01;RS;REPUBLIC OF SERBIA;10;2022;5_AD2;Administration - government  level;84671;RSD;RSD;SORS;Average net earnings;A;Normal value
2403040104IND01;RS;REPUBLIC OF SERBIA;10;2022;5_AD3;Administration - autonomous  province level;85815;RSD;RSD;SORS;Average net earnings;A;Normal value
2403040104IND01;RS;REPUBLIC OF SERBIA;10;2022;5_AD4;Administration - local authorities’ level;65035;RSD;RSD;SORS;Average net earnings;A;Normal value
2403040104IND01;RS;REPUBLIC OF SERBIA;10;2023;0;Total;86738;RSD;RSD;SORS;Average net earnings;A;Normal value
2403040104IND01;RS;REPUBLIC OF SERBIA;10;2023;0_JP_JD_JL;Public enterprises;90703;RSD;RSD;SORS;Average net earnings;A;Normal value
2403040104IND01;RS;REPUBLIC OF SERBIA;10;2023;0_JS;Public sector;89543;RSD;RSD;SORS;Average net earnings;A;Normal value
2403040104IND01;RS;REPUBLIC OF SERBIA;10;2023;0_VJS;Non-public sector;85604;RSD;RSD;SORS;Average net earnings;A;Normal value
2403040104IND01;RS;REPUBLIC OF SERBIA;10;2023;1_JD;Public state enterprises;99124;RSD;RSD;SORS;Average net earnings;A;Normal value
2403040104IND01;RS;REPUBLIC OF SERBIA;10;2023;2_JL;Public local enterprises;79363;RSD;RSD;SORS;Average net earnings;A;Normal value
2403040104IND01;RS;REPUBLIC OF SERBIA;10;2023;3_4_5_BK;General government;89183;RSD;RSD;SORS;Average net earnings;A;Normal value
2403040104IND01;RS;REPUBLIC OF SERBIA;10;2023;3_ZS;Health and social work;87456;RSD;RSD;SORS;Average net earnings;A;Normal value
2403040104IND01;RS;REPUBLIC OF SERBIA;10;2023;4_OK;Education and culture;84515;RSD;RSD;SORS;Average net earnings;A;Normal value
2403040104IND01;RS;REPUBLIC OF SERBIA;10;2023;5_AD;Administration - all levels;95057;RSD;RSD;SORS;Average net earnings;A;Normal value
2403040104IND01;RS;REPUBLIC OF SERBIA;10;2023;5_AD2;Administration - government  level;99168;RSD;RSD;SORS;Average net earnings;A;Normal value
2403040104IND01;RS;REPUBLIC OF SERBIA;10;2023;5_AD3;Administration - autonomous  province level;97425;RSD;RSD;SORS;Average net earnings;A;Normal value
2403040104IND01;RS;REPUBLIC OF SERBIA;10;2023;5_AD4;Administration - local authorities’ level;74699;RSD;RSD;SORS;Average net earnings;A;Normal value
2403040104IND01;RS;REPUBLIC OF SERBIA;10;2024;0;Total;98538;RSD;RSD;SORS;Average net earnings;A;Normal value
2403040104IND01;RS;REPUBLIC OF SERBIA;10;2024;0_JP_JD_JL;Public enterprises;103608;RSD;RSD;SORS;Average net earnings;A;Normal value
2403040104IND01;RS;REPUBLIC OF SERBIA;10;2024;0_JS;Public sector;100912;RSD;RSD;SORS;Average net earnings;A;Normal value
2403040104IND01;RS;REPUBLIC OF SERBIA;10;2024;0_VJS;Non-public sector;97581;RSD;RSD;SORS;Average net earnings;A;Normal value
2403040104IND01;RS;REPUBLIC OF SERBIA;10;2024;1_JD;Public state enterprises;111517;RSD;RSD;SORS;Average net earnings;A;Normal value
2403040104IND01;RS;REPUBLIC OF SERBIA;10;2024;2_JL;Public local enterprises;92954;RSD;RSD;SORS;Average net earnings;A;Normal value
2403040104IND01;RS;REPUBLIC OF SERBIA;10;2024;3_4_5_BK;General government;100087;RSD;RSD;SORS;Average net earnings;A;Normal value
2403040104IND01;RS;REPUBLIC OF SERBIA;10;2024;3_ZS;Health and social work;98015;RSD;RSD;SORS;Average net earnings;A;Normal value
2403040104IND01;RS;REPUBLIC OF SERBIA;10;2024;4_OK;Education and culture;95497;RSD;RSD;SORS;Average net earnings;A;Normal value
2403040104IND01;RS;REPUBLIC OF SERBIA;10;2024;5_AD;Administration - all levels;106390;RSD;RSD;SORS;Average net earnings;A;Normal value
2403040104IND01;RS;REPUBLIC OF SERBIA;10;2024;5_AD2;Administration - government  level;110694;RSD;RSD;SORS;Average net earnings;A;Normal value
2403040104IND01;RS;REPUBLIC OF SERBIA;10;2024;5_AD3;Administration - autonomous  province level;108441;RSD;RSD;SORS;Average net earnings;A;Normal value
2403040104IND01;RS;REPUBLIC OF SERBIA;10;2024;5_AD4;Administration - local authorities’ level;85052;RSD;RSD;SORS;Average net earnings;A;Normal value
2403040104IND01;RS;REPUBLIC OF SERBIA;10;2025;0;Total;110670;RSD;RSD;SORS;Average net earnings;A;Normal value
2403040104IND01;RS;REPUBLIC OF SERBIA;10;2025;0_JP_JD_JL;Public enterprises;117997;RSD;RSD;SORS;Average net earnings;A;Normal value
2403040104IND01;RS;REPUBLIC OF SERBIA;10;2025;0_JS;Public sector;115983;RSD;RSD;SORS;Average net earnings;A;Normal value
2403040104IND01;RS;REPUBLIC OF SERBIA;10;2025;0_VJS;Non-public sector;108534;RSD;RSD;SORS;Average net earnings;A;Normal value
2403040104IND01;RS;REPUBLIC OF SERBIA;10;2025;1_JD;Public state enterprises;124196;RSD;RSD;SORS;Average net earnings;A;Normal value
2403040104IND01;RS;REPUBLIC OF SERBIA;10;2025;2_JL;Public local enterprises;109561;RSD;RSD;SORS;Average net earnings;A;Normal value
2403040104IND01;RS;REPUBLIC OF SERBIA;10;2025;3_4_5_BK;General government;115373;RSD;RSD;SORS;Average net earnings;A;Normal value
2403040104IND01;RS;REPUBLIC OF SERBIA;10;2025;3_ZS;Health and social work;112356;RSD;RSD;SORS;Average net earnings;A;Normal value
2403040104IND01;RS;REPUBLIC OF SERBIA;10;2025;4_OK;Education and culture;114770;RSD;RSD;SORS;Average net earnings;A;Normal value
2403040104IND01;RS;REPUBLIC OF SERBIA;10;2025;5_AD;Administration - all levels;119038;RSD;RSD;SORS;Average net earnings;A;Normal value
2403040104IND01;RS;REPUBLIC OF SERBIA;10;2025;5_AD2;Administration - government  level;123390;RSD;RSD;SORS;Average net earnings;A;Normal value
2403040104IND01;RS;REPUBLIC OF SERBIA;10;2025;5_AD3;Administration - autonomous  province level;118094;RSD;RSD;SORS;Average net earnings;A;Normal value
2403040104IND01;RS;REPUBLIC OF SERBIA;10;2025;5_AD4;Administration - local authorities’ level;97236;RSD;RSD;SORS;Average net earnings;A;Normal value
2403040104IND01;RS;REPUBLIC OF SERBIA;11;2003;0;Total;12254;RSD;RSD;SORS;Average net earnings;A;Normal value
2403040104IND01;RS;REPUBLIC OF SERBIA;11;2003;0_JP_JD_JL;Public enterprises;17374;RSD;RSD;SORS;Average net earnings;A;Normal value
2403040104IND01;RS;REPUBLIC OF SERBIA;11;2003;0_JS;Public sector;15527;RSD;RSD;SORS;Average net earnings;A;Normal value
2403040104IND01;RS;REPUBLIC OF SERBIA;11;2003;0_VJS;Non-public sector;9901;RSD;RSD;SORS;Average net earnings;A;Normal value
2403040104IND01;RS;REPUBLIC OF SERBIA;11;2003;1_JD;Public state enterprises;17868;RSD;RSD;SORS;Average net earnings;A;Normal value
2403040104IND01;RS;REPUBLIC OF SERBIA;11;2003;2_JL;Public local enterprises;16280;RSD;RSD;SORS;Average net earnings;A;Normal value
2403040104IND01;RS;REPUBLIC OF SERBIA;11;2003;3_4_5_BK;General government;14486;RSD;RSD;SORS;Average net earnings;A;Normal value
2403040104IND01;RS;REPUBLIC OF SERBIA;11;2003;3_ZS;Health and social work;13835;RSD;RSD;SORS;Average net earnings;A;Normal value
2403040104IND01;RS;REPUBLIC OF SERBIA;11;2003;4_OK;Education and culture;13873;RSD;RSD;SORS;Average net earnings;A;Normal value
2403040104IND01;RS;REPUBLIC OF SERBIA;11;2003;5_AD;Administration - all levels;17184;RSD;RSD;SORS;Average net earnings;A;Normal value
2403040104IND01;RS;REPUBLIC OF SERBIA;11;2003;5_AD2;Administration - government  level;;RSD;RSD;SORS;Average net earnings;O;Not available
2403040104IND01;RS;REPUBLIC OF SERBIA;11;2003;5_AD3;Administration - autonomous  province level;;RSD;RSD;SORS;Average net earnings;O;Not available
2403040104IND01;RS;REPUBLIC OF SERBIA;11;2003;5_AD4;Administration - local authorities’ level;;RSD;RSD;SORS;Average net earnings;O;Not available
2403040104IND01;RS;REPUBLIC OF SERBIA;11;2004;0;Total;15042;RSD;RSD;SORS;Average net earnings;A;Normal value
2403040104IND01;RS;REPUBLIC OF SERBIA;11;2004;0_JP_JD_JL;Public enterprises;21274;RSD;RSD;SORS;Average net earnings;A;Normal value
2403040104IND01;RS;REPUBLIC OF SERBIA;11;2004;0_JS;Public sector;18815;RSD;RSD;SORS;Average net earnings;A;Normal value
2403040104IND01;RS;REPUBLIC OF SERBIA;11;2004;0_VJS;Non-public sector;12087;RSD;RSD;SORS;Average net earnings;A;Normal value
2403040104IND01;RS;REPUBLIC OF SERBIA;11;2004;1_JD;Public state enterprises;21338;RSD;RSD;SORS;Average net earnings;A;Normal value
2403040104IND01;RS;REPUBLIC OF SERBIA;11;2004;2_JL;Public local enterprises;21137;RSD;RSD;SORS;Average net earnings;A;Normal value
2403040104IND01;RS;REPUBLIC OF SERBIA;11;2004;3_4_5_BK;General government;17464;RSD;RSD;SORS;Average net earnings;A;Normal value
2403040104IND01;RS;REPUBLIC OF SERBIA;11;2004;3_ZS;Health and social work;16812;RSD;RSD;SORS;Average net earnings;A;Normal value
2403040104IND01;RS;REPUBLIC OF SERBIA;11;2004;4_OK;Education and culture;16587;RSD;RSD;SORS;Average net earnings;A;Normal value
2403040104IND01;RS;REPUBLIC OF SERBIA;11;2004;5_AD;Administration - all levels;20619;RSD;RSD;SORS;Average net earnings;A;Normal value
2403040104IND01;RS;REPUBLIC OF SERBIA;11;2004;5_AD2;Administration - government  level;;RSD;RSD;SORS;Average net earnings;O;Not available
2403040104IND01;RS;REPUBLIC OF SERBIA;11;2004;5_AD3;Administration - autonomous  province level;;RSD;RSD;SORS;Average net earnings;O;Not available
2403040104IND01;RS;REPUBLIC OF SERBIA;11;2004;5_AD4;Administration - local authorities’ level;;RSD;RSD;SORS;Average net earnings;O;Not available
2403040104IND01;RS;REPUBLIC OF SERBIA;11;2005;0;Total;18697;RSD;RSD;SORS;Average net earnings;A;Normal value
2403040104IND01;RS;REPUBLIC OF SERBIA;11;2005;0_JP_JD_JL;Public enterprises;24072;RSD;RSD;SORS;Average net earnings;A;Normal value
2403040104IND01;RS;REPUBLIC OF SERBIA;11;2005;0_JS;Public sector;22016;RSD;RSD;SORS;Average net earnings;A;Normal value
2403040104IND01;RS;REPUBLIC OF SERBIA;11;2005;0_VJS;Non-public sector;15847;RSD;RSD;SORS;Average net earnings;A;Normal value
2403040104IND01;RS;REPUBLIC OF SERBIA;11;2005;1_JD;Public state enterprises;24424;RSD;RSD;SORS;Average net earnings;A;Normal value
2403040104IND01;RS;REPUBLIC OF SERBIA;11;2005;2_JL;Public local enterprises;23429;RSD;RSD;SORS;Average net earnings;A;Normal value
2403040104IND01;RS;REPUBLIC OF SERBIA;11;2005;3_4_5_BK;General government;20917;RSD;RSD;SORS;Average net earnings;A;Normal value
2403040104IND01;RS;REPUBLIC OF SERBIA;11;2005;3_ZS;Health and social work;19165;RSD;RSD;SORS;Average net earnings;A;Normal value
2403040104IND01;RS;REPUBLIC OF SERBIA;11;2005;4_OK;Education and culture;20541;RSD;RSD;SORS;Average net earnings;A;Normal value
2403040104IND01;RS;REPUBLIC OF SERBIA;11;2005;5_AD;Administration - all levels;25841;RSD;RSD;SORS;Average net earnings;A;Normal value
2403040104IND01;RS;REPUBLIC OF SERBIA;11;2005;5_AD2;Administration - government  level;;RSD;RSD;SORS;Average net earnings;O;Not available
2403040104IND01;RS;REPUBLIC OF SERBIA;11;2005;5_AD3;Administration - autonomous  province level;;RSD;RSD;SORS;Average net earnings;O;Not available
2403040104IND01;RS;REPUBLIC OF SERBIA;11;2005;5_AD4;Administration - local authorities’ level;;RSD;RSD;SORS;Average net earnings;O;Not available
2403040104IND01;RS;REPUBLIC OF SERBIA;11;2006;0;Total;23148;RSD;RSD;SORS;Average net earnings;A;Normal value
2403040104IND01;RS;REPUBLIC OF SERBIA;11;2006;0_JP_JD_JL;Public enterprises;29510;RSD;RSD;SORS;Average net earnings;A;Normal value
2403040104IND01;RS;REPUBLIC OF SERBIA;11;2006;0_JS;Public sector;26852;RSD;RSD;SORS;Average net earnings;A;Normal value
2403040104IND01;RS;REPUBLIC OF SERBIA;11;2006;0_VJS;Non-public sector;19736;RSD;RSD;SORS;Average net earnings;A;Normal value
2403040104IND01;RS;REPUBLIC OF SERBIA;11;2006;1_JD;Public state enterprises;30656;RSD;RSD;SORS;Average net earnings;A;Normal value
2403040104IND01;RS;REPUBLIC OF SERBIA;11;2006;2_JL;Public local enterprises;27523;RSD;RSD;SORS;Average net earnings;A;Normal value
2403040104IND01;RS;REPUBLIC OF SERBIA;11;2006;3_4_5_BK;General government;25472;RSD;RSD;SORS;Average net earnings;A;Normal value
2403040104IND01;RS;REPUBLIC OF SERBIA;11;2006;3_ZS;Health and social work;25158;RSD;RSD;SORS;Average net earnings;A;Normal value
2403040104IND01;RS;REPUBLIC OF SERBIA;11;2006;4_OK;Education and culture;23764;RSD;RSD;SORS;Average net earnings;A;Normal value
2403040104IND01;RS;REPUBLIC OF SERBIA;11;2006;5_AD;Administration - all levels;29748;RSD;RSD;SORS;Average net earnings;A;Normal value
2403040104IND01;RS;REPUBLIC OF SERBIA;11;2006;5_AD2;Administration - government  level;;RSD;RSD;SORS;Average net earnings;O;Not available
2403040104IND01;RS;REPUBLIC OF SERBIA;11;2006;5_AD3;Administration - autonomous  province level;;RSD;RSD;SORS;Average net earnings;O;Not available
2403040104IND01;RS;REPUBLIC OF SERBIA;11;2006;5_AD4;Administration - local authorities’ level;;RSD;RSD;SORS;Average net earnings;O;Not available
2403040104IND01;RS;REPUBLIC OF SERBIA;11;2007;0;Total;29373;RSD;RSD;SORS;Average net earnings;A;Normal value
2403040104IND01;RS;REPUBLIC OF SERBIA;11;2007;0_JP_JD_JL;Public enterprises;36156;RSD;RSD;SORS;Average net earnings;A;Normal value
2403040104IND01;RS;REPUBLIC OF SERBIA;11;2007;0_JS;Public sector;34055;RSD;RSD;SORS;Average net earnings;A;Normal value
2403040104IND01;RS;REPUBLIC OF SERBIA;11;2007;0_VJS;Non-public sector;24637;RSD;RSD;SORS;Average net earnings;A;Normal value
2403040104IND01;RS;REPUBLIC OF SERBIA;11;2007;1_JD;Public state enterprises;38776;RSD;RSD;SORS;Average net earnings;A;Normal value
2403040104IND01;RS;REPUBLIC OF SERBIA;11;2007;2_JL;Public local enterprises;31676;RSD;RSD;SORS;Average net earnings;A;Normal value
2403040104IND01;RS;REPUBLIC OF SERBIA;11;2007;3_4_5_BK;General government;33021;RSD;RSD;SORS;Average net earnings;A;Normal value
2403040104IND01;RS;REPUBLIC OF SERBIA;11;2007;3_ZS;Health and social work;32613;RSD;RSD;SORS;Average net earnings;A;Normal value
2403040104IND01;RS;REPUBLIC OF SERBIA;11;2007;4_OK;Education and culture;31126;RSD;RSD;SORS;Average net earnings;A;Normal value
2403040104IND01;RS;REPUBLIC OF SERBIA;11;2007;5_AD;Administration - all levels;37901;RSD;RSD;SORS;Average net earnings;A;Normal value
2403040104IND01;RS;REPUBLIC OF SERBIA;11;2007;5_AD2;Administration - government  level;;RSD;RSD;SORS;Average net earnings;O;Not available
2403040104IND01;RS;REPUBLIC OF SERBIA;11;2007;5_AD3;Administration - autonomous  province level;;RSD;RSD;SORS;Average net earnings;O;Not available
2403040104IND01;RS;REPUBLIC OF SERBIA;11;2007;5_AD4;Administration - local authorities’ level;;RSD;RSD;SORS;Average net earnings;O;Not available
2403040104IND01;RS;REPUBLIC OF SERBIA;11;2008;0;Total;33613;RSD;RSD;SORS;Average net earnings;A;Normal value
2403040104IND01;RS;REPUBLIC OF SERBIA;11;2008;0_JP_JD_JL;Public enterprises;41029;RSD;RSD;SORS;Average net earnings;A;Normal value
2403040104IND01;RS;REPUBLIC OF SERBIA;11;2008;0_JS;Public sector;38435;RSD;RSD;SORS;Average net earnings;A;Normal value
2403040104IND01;RS;REPUBLIC OF SERBIA;11;2008;0_VJS;Non-public sector;28349;RSD;RSD;SORS;Average net earnings;A;Normal value
2403040104IND01;RS;REPUBLIC OF SERBIA;11;2008;1_JD;Public state enterprises;43963;RSD;RSD;SORS;Average net earnings;A;Normal value
2403040104IND01;RS;REPUBLIC OF SERBIA;11;2008;2_JL;Public local enterprises;35950;RSD;RSD;SORS;Average net earnings;A;Normal value
2403040104IND01;RS;REPUBLIC OF SERBIA;11;2008;3_4_5_BK;General government;37186;RSD;RSD;SORS;Average net earnings;A;Normal value
2403040104IND01;RS;REPUBLIC OF SERBIA;11;2008;3_ZS;Health and social work;36032;RSD;RSD;SORS;Average net earnings;A;Normal value
2403040104IND01;RS;REPUBLIC OF SERBIA;11;2008;4_OK;Education and culture;36564;RSD;RSD;SORS;Average net earnings;A;Normal value
2403040104IND01;RS;REPUBLIC OF SERBIA;11;2008;5_AD;Administration - all levels;41134;RSD;RSD;SORS;Average net earnings;A;Normal value
2403040104IND01;RS;REPUBLIC OF SERBIA;11;2008;5_AD2;Administration - government  level;;RSD;RSD;SORS;Average net earnings;O;Not available
2403040104IND01;RS;REPUBLIC OF SERBIA;11;2008;5_AD3;Administration - autonomous  province level;;RSD;RSD;SORS;Average net earnings;O;Not available
2403040104IND01;RS;REPUBLIC OF SERBIA;11;2008;5_AD4;Administration - local authorities’ level;;RSD;RSD;SORS;Average net earnings;O;Not available
2403040104IND01;RS;REPUBLIC OF SERBIA;11;2009;0;Total;31576;RSD;RSD;SORS;Average net earnings;A;Normal value
2403040104IND01;RS;REPUBLIC OF SERBIA;11;2009;0_JP_JD_JL;Public enterprises;41219;RSD;RSD;SORS;Average net earnings;A;Normal value
2403040104IND01;RS;REPUBLIC OF SERBIA;11;2009;0_JS;Public sector;38501;RSD;RSD;SORS;Average net earnings;A;Normal value
2403040104IND01;RS;REPUBLIC OF SERBIA;11;2009;0_VJS;Non-public sector;25971;RSD;RSD;SORS;Average net earnings;A;Normal value
2403040104IND01;RS;REPUBLIC OF SERBIA;11;2009;1_JD;Public state enterprises;43925;RSD;RSD;SORS;Average net earnings;A;Normal value
2403040104IND01;RS;REPUBLIC OF SERBIA;11;2009;2_JL;Public local enterprises;37014;RSD;RSD;SORS;Average net earnings;A;Normal value
2403040104IND01;RS;REPUBLIC OF SERBIA;11;2009;3_4_5_BK;General government;37310;RSD;RSD;SORS;Average net earnings;A;Normal value
2403040104IND01;RS;REPUBLIC OF SERBIA;11;2009;3_ZS;Health and social work;36729;RSD;RSD;SORS;Average net earnings;A;Normal value
2403040104IND01;RS;REPUBLIC OF SERBIA;11;2009;4_OK;Education and culture;36214;RSD;RSD;SORS;Average net earnings;A;Normal value
2403040104IND01;RS;REPUBLIC OF SERBIA;11;2009;5_AD;Administration - all levels;40743;RSD;RSD;SORS;Average net earnings;A;Normal value
2403040104IND01;RS;REPUBLIC OF SERBIA;11;2009;5_AD2;Administration - government  level;;RSD;RSD;SORS;Average net earnings;O;Not available
2403040104IND01;RS;REPUBLIC OF SERBIA;11;2009;5_AD3;Administration - autonomous  province level;;RSD;RSD;SORS;Average net earnings;O;Not available
2403040104IND01;RS;REPUBLIC OF SERBIA;11;2009;5_AD4;Administration - local authorities’ level;;RSD;RSD;SORS;Average net earnings;O;Not available
2403040104IND01;RS;REPUBLIC OF SERBIA;11;2010;0;Total;34444;RSD;RSD;SORS;Average net earnings;A;Normal value
2403040104IND01;RS;REPUBLIC OF SERBIA;11;2010;0_JP_JD_JL;Public enterprises;43574;RSD;RSD;SORS;Average net earnings;A;Normal value
2403040104IND01;RS;REPUBLIC OF SERBIA;11;2010;0_JS;Public sector;39855;RSD;RSD;SORS;Average net earnings;A;Normal value
2403040104IND01;RS;REPUBLIC OF SERBIA;11;2010;0_VJS;Non-public sector;29740;RSD;RSD;SORS;Average net earnings;A;Normal value
2403040104IND01;RS;REPUBLIC OF SERBIA;11;2010;1_JD;Public state enterprises;45936;RSD;RSD;SORS;Average net earnings;A;Normal value
2403040104IND01;RS;REPUBLIC OF SERBIA;11;2010;2_JL;Public local enterprises;39992;RSD;RSD;SORS;Average net earnings;A;Normal value
2403040104IND01;RS;REPUBLIC OF SERBIA;11;2010;3_4_5_BK;General government;38264;RSD;RSD;SORS;Average net earnings;A;Normal value
2403040104IND01;RS;REPUBLIC OF SERBIA;11;2010;3_ZS;Health and social work;36771;RSD;RSD;SORS;Average net earnings;A;Normal value
2403040104IND01;RS;REPUBLIC OF SERBIA;11;2010;4_OK;Education and culture;36881;RSD;RSD;SORS;Average net earnings;A;Normal value
2403040104IND01;RS;REPUBLIC OF SERBIA;11;2010;5_AD;Administration - all levels;44451;RSD;RSD;SORS;Average net earnings;A;Normal value
2403040104IND01;RS;REPUBLIC OF SERBIA;11;2010;5_AD2;Administration - government  level;;RSD;RSD;SORS;Average net earnings;O;Not available
2403040104IND01;RS;REPUBLIC OF SERBIA;11;2010;5_AD3;Administration - autonomous  province level;;RSD;RSD;SORS;Average net earnings;O;Not available
2403040104IND01;RS;REPUBLIC OF SERBIA;11;2010;5_AD4;Administration - local authorities’ level;;RSD;RSD;SORS;Average net earnings;O;Not available
2403040104IND01;RS;REPUBLIC OF SERBIA;11;2011;0;Total;38363;RSD;RSD;SORS;Average net earnings;A;Normal value
2403040104IND01;RS;REPUBLIC OF SERBIA;11;2011;0_JP_JD_JL;Public enterprises;48907;RSD;RSD;SORS;Average net earnings;A;Normal value
2403040104IND01;RS;REPUBLIC OF SERBIA;11;2011;0_JS;Public sector;44140;RSD;RSD;SORS;Average net earnings;A;Normal value
2403040104IND01;RS;REPUBLIC OF SERBIA;11;2011;0_VJS;Non-public sector;33200;RSD;RSD;SORS;Average net earnings;A;Normal value
2403040104IND01;RS;REPUBLIC OF SERBIA;11;2011;1_JD;Public state enterprises;53414;RSD;RSD;SORS;Average net earnings;A;Normal value
2403040104IND01;RS;REPUBLIC OF SERBIA;11;2011;2_JL;Public local enterprises;42246;RSD;RSD;SORS;Average net earnings;A;Normal value
2403040104IND01;RS;REPUBLIC OF SERBIA;11;2011;3_4_5_BK;General government;42097;RSD;RSD;SORS;Average net earnings;A;Normal value
2403040104IND01;RS;REPUBLIC OF SERBIA;11;2011;3_ZS;Health and social work;40468;RSD;RSD;SORS;Average net earnings;A;Normal value
2403040104IND01;RS;REPUBLIC OF SERBIA;11;2011;4_OK;Education and culture;40287;RSD;RSD;SORS;Average net earnings;A;Normal value
2403040104IND01;RS;REPUBLIC OF SERBIA;11;2011;5_AD;Administration - all levels;49390;RSD;RSD;SORS;Average net earnings;A;Normal value
2403040104IND01;RS;REPUBLIC OF SERBIA;11;2011;5_AD2;Administration - government  level;;RSD;RSD;SORS;Average net earnings;O;Not available
2403040104IND01;RS;REPUBLIC OF SERBIA;11;2011;5_AD3;Administration - autonomous  province level;;RSD;RSD;SORS;Average net earnings;O;Not available
2403040104IND01;RS;REPUBLIC OF SERBIA;11;2011;5_AD4;Administration - local authorities’ level;;RSD;RSD;SORS;Average net earnings;O;Not available
2403040104IND01;RS;REPUBLIC OF SERBIA;11;2012;0;Total;42395;RSD;RSD;SORS;Average net earnings;A;Normal value
2403040104IND01;RS;REPUBLIC OF SERBIA;11;2012;0_JP_JD_JL;Public enterprises;53228;RSD;RSD;SORS;Average net earnings;A;Normal value
2403040104IND01;RS;REPUBLIC OF SERBIA;11;2012;0_JS;Public sector;47645;RSD;RSD;SORS;Average net earnings;A;Normal value
2403040104IND01;RS;REPUBLIC OF SERBIA;11;2012;0_VJS;Non-public sector;37338;RSD;RSD;SORS;Average net earnings;A;Normal value
2403040104IND01;RS;REPUBLIC OF SERBIA;11;2012;1_JD;Public state enterprises;59504;RSD;RSD;SORS;Average net earnings;A;Normal value
2403040104IND01;RS;REPUBLIC OF SERBIA;11;2012;2_JL;Public local enterprises;44094;RSD;RSD;SORS;Average net earnings;A;Normal value
2403040104IND01;RS;REPUBLIC OF SERBIA;11;2012;3_4_5_BK;General government;45223;RSD;RSD;SORS;Average net earnings;A;Normal value
2403040104IND01;RS;REPUBLIC OF SERBIA;11;2012;3_ZS;Health and social work;43453;RSD;RSD;SORS;Average net earnings;A;Normal value
2403040104IND01;RS;REPUBLIC OF SERBIA;11;2012;4_OK;Education and culture;42674;RSD;RSD;SORS;Average net earnings;A;Normal value
2403040104IND01;RS;REPUBLIC OF SERBIA;11;2012;5_AD;Administration - all levels;53910;RSD;RSD;SORS;Average net earnings;A;Normal value
2403040104IND01;RS;REPUBLIC OF SERBIA;11;2012;5_AD2;Administration - government  level;;RSD;RSD;SORS;Average net earnings;O;Not available
2403040104IND01;RS;REPUBLIC OF SERBIA;11;2012;5_AD3;Administration - autonomous  province level;;RSD;RSD;SORS;Average net earnings;O;Not available
2403040104IND01;RS;REPUBLIC OF SERBIA;11;2012;5_AD4;Administration - local authorities’ level;;RSD;RSD;SORS;Average net earnings;O;Not available
2403040104IND01;RS;REPUBLIC OF SERBIA;11;2013;0;Total;44120;RSD;RSD;SORS;Average net earnings;A;Normal value
2403040104IND01;RS;REPUBLIC OF SERBIA;11;2013;0_JP_JD_JL;Public enterprises;56369;RSD;RSD;SORS;Average net earnings;A;Normal value
2403040104IND01;RS;REPUBLIC OF SERBIA;11;2013;0_JS;Public sector;49320;RSD;RSD;SORS;Average net earnings;A;Normal value
2403040104IND01;RS;REPUBLIC OF SERBIA;11;2013;0_VJS;Non-public sector;39000;RSD;RSD;SORS;Average net earnings;A;Normal value
2403040104IND01;RS;REPUBLIC OF SERBIA;11;2013;1_JD;Public state enterprises;64767;RSD;RSD;SORS;Average net earnings;A;Normal value
2403040104IND01;RS;REPUBLIC OF SERBIA;11;2013;2_JL;Public local enterprises;44185;RSD;RSD;SORS;Average net earnings;A;Normal value
2403040104IND01;RS;REPUBLIC OF SERBIA;11;2013;3_4_5_BK;General government;46261;RSD;RSD;SORS;Average net earnings;A;Normal value
2403040104IND01;RS;REPUBLIC OF SERBIA;11;2013;3_ZS;Health and social work;44245;RSD;RSD;SORS;Average net earnings;A;Normal value
2403040104IND01;RS;REPUBLIC OF SERBIA;11;2013;4_OK;Education and culture;43918;RSD;RSD;SORS;Average net earnings;A;Normal value
2403040104IND01;RS;REPUBLIC OF SERBIA;11;2013;5_AD;Administration - all levels;55114;RSD;RSD;SORS;Average net earnings;A;Normal value
2403040104IND01;RS;REPUBLIC OF SERBIA;11;2013;5_AD2;Administration - government  level;;RSD;RSD;SORS;Average net earnings;O;Not available
2403040104IND01;RS;REPUBLIC OF SERBIA;11;2013;5_AD3;Administration - autonomous  province level;;RSD;RSD;SORS;Average net earnings;O;Not available
2403040104IND01;RS;REPUBLIC OF SERBIA;11;2013;5_AD4;Administration - local authorities’ level;;RSD;RSD;SORS;Average net earnings;O;Not available
2403040104IND01;RS;REPUBLIC OF SERBIA;11;2014;0;Total;44206;RSD;RSD;SORS;Average net earnings;A;Normal value
2403040104IND01;RS;REPUBLIC OF SERBIA;11;2014;0_JP_JD_JL;Public enterprises;57702;RSD;RSD;SORS;Average net earnings;A;Normal value
2403040104IND01;RS;REPUBLIC OF SERBIA;11;2014;0_JS;Public sector;48945;RSD;RSD;SORS;Average net earnings;A;Normal value
2403040104IND01;RS;REPUBLIC OF SERBIA;11;2014;0_VJS;Non-public sector;39764;RSD;RSD;SORS;Average net earnings;A;Normal value
2403040104IND01;RS;REPUBLIC OF SERBIA;11;2014;1_JD;Public state enterprises;67090;RSD;RSD;SORS;Average net earnings;A;Normal value
2403040104IND01;RS;REPUBLIC OF SERBIA;11;2014;2_JL;Public local enterprises;43860;RSD;RSD;SORS;Average net earnings;A;Normal value
2403040104IND01;RS;REPUBLIC OF SERBIA;11;2014;3_4_5_BK;General government;45164;RSD;RSD;SORS;Average net earnings;A;Normal value
2403040104IND01;RS;REPUBLIC OF SERBIA;11;2014;3_ZS;Health and social work;42336;RSD;RSD;SORS;Average net earnings;A;Normal value
2403040104IND01;RS;REPUBLIC OF SERBIA;11;2014;4_OK;Education and culture;44086;RSD;RSD;SORS;Average net earnings;A;Normal value
2403040104IND01;RS;REPUBLIC OF SERBIA;11;2014;5_AD;Administration - all levels;53502;RSD;RSD;SORS;Average net earnings;A;Normal value
2403040104IND01;RS;REPUBLIC OF SERBIA;11;2014;5_AD2;Administration - government  level;;RSD;RSD;SORS;Average net earnings;O;Not available
2403040104IND01;RS;REPUBLIC OF SERBIA;11;2014;5_AD3;Administration - autonomous  province level;;RSD;RSD;SORS;Average net earnings;O;Not available
2403040104IND01;RS;REPUBLIC OF SERBIA;11;2014;5_AD4;Administration - local authorities’ level;;RSD;RSD;SORS;Average net earnings;O;Not available
2403040104IND01;RS;REPUBLIC OF SERBIA;11;2015;0;Total;44166;RSD;RSD;SORS;Average net earnings;A;Normal value
2403040104IND01;RS;REPUBLIC OF SERBIA;11;2015;0_JP_JD_JL;Public enterprises;54155;RSD;RSD;SORS;Average net earnings;A;Normal value
2403040104IND01;RS;REPUBLIC OF SERBIA;11;2015;0_JS;Public sector;46581;RSD;RSD;SORS;Average net earnings;A;Normal value
2403040104IND01;RS;REPUBLIC OF SERBIA;11;2015;0_VJS;Non-public sector;41896;RSD;RSD;SORS;Average net earnings;A;Normal value
2403040104IND01;RS;REPUBLIC OF SERBIA;11;2015;1_JD;Public state enterprises;62486;RSD;RSD;SORS;Average net earnings;A;Normal value
2403040104IND01;RS;REPUBLIC OF SERBIA;11;2015;2_JL;Public local enterprises;42555;RSD;RSD;SORS;Average net earnings;A;Normal value
2403040104IND01;RS;REPUBLIC OF SERBIA;11;2015;3_4_5_BK;General government;43246;RSD;RSD;SORS;Average net earnings;A;Normal value
2403040104IND01;RS;REPUBLIC OF SERBIA;11;2015;3_ZS;Health and social work;40718;RSD;RSD;SORS;Average net earnings;A;Normal value
2403040104IND01;RS;REPUBLIC OF SERBIA;11;2015;4_OK;Education and culture;42987;RSD;RSD;SORS;Average net earnings;A;Normal value
2403040104IND01;RS;REPUBLIC OF SERBIA;11;2015;5_AD;Administration - all levels;49198;RSD;RSD;SORS;Average net earnings;A;Normal value
2403040104IND01;RS;REPUBLIC OF SERBIA;11;2015;5_AD2;Administration - government  level;;RSD;RSD;SORS;Average net earnings;O;Not available
2403040104IND01;RS;REPUBLIC OF SERBIA;11;2015;5_AD3;Administration - autonomous  province level;;RSD;RSD;SORS;Average net earnings;O;Not available
2403040104IND01;RS;REPUBLIC OF SERBIA;11;2015;5_AD4;Administration - local authorities’ level;;RSD;RSD;SORS;Average net earnings;O;Not available
2403040104IND01;RS;REPUBLIC OF SERBIA;11;2016;0;Total;45767;RSD;RSD;SORS;Average net earnings;A;Normal value
2403040104IND01;RS;REPUBLIC OF SERBIA;11;2016;0_JP_JD_JL;Public enterprises;57143;RSD;RSD;SORS;Average net earnings;A;Normal value
2403040104IND01;RS;REPUBLIC OF SERBIA;11;2016;0_JS;Public sector;47513;RSD;RSD;SORS;Average net earnings;A;Normal value
2403040104IND01;RS;REPUBLIC OF SERBIA;11;2016;0_VJS;Non-public sector;44200;RSD;RSD;SORS;Average net earnings;A;Normal value
2403040104IND01;RS;REPUBLIC OF SERBIA;11;2016;1_JD;Public state enterprises;64553;RSD;RSD;SORS;Average net earnings;A;Normal value
2403040104IND01;RS;REPUBLIC OF SERBIA;11;2016;2_JL;Public local enterprises;46745;RSD;RSD;SORS;Average net earnings;A;Normal value
2403040104IND01;RS;REPUBLIC OF SERBIA;11;2016;3_4_5_BK;General government;43323;RSD;RSD;SORS;Average net earnings;A;Normal value
2403040104IND01;RS;REPUBLIC OF SERBIA;11;2016;3_ZS;Health and social work;41976;RSD;RSD;SORS;Average net earnings;A;Normal value
2403040104IND01;RS;REPUBLIC OF SERBIA;11;2016;4_OK;Education and culture;41799;RSD;RSD;SORS;Average net earnings;A;Normal value
2403040104IND01;RS;REPUBLIC OF SERBIA;11;2016;5_AD;Administration - all levels;49292;RSD;RSD;SORS;Average net earnings;A;Normal value
2403040104IND01;RS;REPUBLIC OF SERBIA;11;2016;5_AD2;Administration - government  level;;RSD;RSD;SORS;Average net earnings;O;Not available
2403040104IND01;RS;REPUBLIC OF SERBIA;11;2016;5_AD3;Administration - autonomous  province level;;RSD;RSD;SORS;Average net earnings;O;Not available
2403040104IND01;RS;REPUBLIC OF SERBIA;11;2016;5_AD4;Administration - local authorities’ level;;RSD;RSD;SORS;Average net earnings;O;Not available
2403040104IND01;RS;REPUBLIC OF SERBIA;11;2017;0;Total;47575;RSD;RSD;SORS;Average net earnings;A;Normal value
2403040104IND01;RS;REPUBLIC OF SERBIA;11;2017;0_JP_JD_JL;Public enterprises;58397;RSD;RSD;SORS;Average net earnings;A;Normal value
2403040104IND01;RS;REPUBLIC OF SERBIA;11;2017;0_JS;Public sector;49251;RSD;RSD;SORS;Average net earnings;A;Normal value
2403040104IND01;RS;REPUBLIC OF SERBIA;11;2017;0_VJS;Non-public sector;46116;RSD;RSD;SORS;Average net earnings;A;Normal value
2403040104IND01;RS;REPUBLIC OF SERBIA;11;2017;1_JD;Public state enterprises;67335;RSD;RSD;SORS;Average net earnings;A;Normal value
2403040104IND01;RS;REPUBLIC OF SERBIA;11;2017;2_JL;Public local enterprises;46145;RSD;RSD;SORS;Average net earnings;A;Normal value
2403040104IND01;RS;REPUBLIC OF SERBIA;11;2017;3_4_5_BK;General government;45366;RSD;RSD;SORS;Average net earnings;A;Normal value
2403040104IND01;RS;REPUBLIC OF SERBIA;11;2017;3_ZS;Health and social work;44244;RSD;RSD;SORS;Average net earnings;A;Normal value
2403040104IND01;RS;REPUBLIC OF SERBIA;11;2017;4_OK;Education and culture;43684;RSD;RSD;SORS;Average net earnings;A;Normal value
2403040104IND01;RS;REPUBLIC OF SERBIA;11;2017;5_AD;Administration - all levels;51119;RSD;RSD;SORS;Average net earnings;A;Normal value
2403040104IND01;RS;REPUBLIC OF SERBIA;11;2017;5_AD2;Administration - government  level;;RSD;RSD;SORS;Average net earnings;O;Not available
2403040104IND01;RS;REPUBLIC OF SERBIA;11;2017;5_AD3;Administration - autonomous  province level;;RSD;RSD;SORS;Average net earnings;O;Not available
2403040104IND01;RS;REPUBLIC OF SERBIA;11;2017;5_AD4;Administration - local authorities’ level;;RSD;RSD;SORS;Average net earnings;O;Not available
2403040104IND01;RS;REPUBLIC OF SERBIA;11;2018;0;Total;50556;RSD;RSD;SORS;Average net earnings;A;Normal value
2403040104IND01;RS;REPUBLIC OF SERBIA;11;2018;0_JP_JD_JL;Public enterprises;60746;RSD;RSD;SORS;Average net earnings;A;Normal value
2403040104IND01;RS;REPUBLIC OF SERBIA;11;2018;0_JS;Public sector;56283;RSD;RSD;SORS;Average net earnings;A;Normal value
2403040104IND01;RS;REPUBLIC OF SERBIA;11;2018;0_VJS;Non-public sector;47782;RSD;RSD;SORS;Average net earnings;A;Normal value
2403040104IND01;RS;REPUBLIC OF SERBIA;11;2018;1_JD;Public state enterprises;68638;RSD;RSD;SORS;Average net earnings;A;Normal value
2403040104IND01;RS;REPUBLIC OF SERBIA;11;2018;2_JL;Public local enterprises;48990;RSD;RSD;SORS;Average net earnings;A;Normal value
2403040104IND01;RS;REPUBLIC OF SERBIA;11;2018;3_4_5_BK;General government;54792;RSD;RSD;SORS;Average net earnings;A;Normal value
2403040104IND01;RS;REPUBLIC OF SERBIA;11;2018;3_ZS;Health and social work;50996;RSD;RSD;SORS;Average net earnings;A;Normal value
2403040104IND01;RS;REPUBLIC OF SERBIA;11;2018;4_OK;Education and culture;54080;RSD;RSD;SORS;Average net earnings;A;Normal value
2403040104IND01;RS;REPUBLIC OF SERBIA;11;2018;5_AD;Administration - all levels;58863;RSD;RSD;SORS;Average net earnings;A;Normal value
2403040104IND01;RS;REPUBLIC OF SERBIA;11;2018;5_AD2;Administration - government  level;61109;RSD;RSD;SORS;Average net earnings;A;Normal value
2403040104IND01;RS;REPUBLIC OF SERBIA;11;2018;5_AD3;Administration - autonomous  province level;62669;RSD;RSD;SORS;Average net earnings;A;Normal value
2403040104IND01;RS;REPUBLIC OF SERBIA;11;2018;5_AD4;Administration - local authorities’ level;47787;RSD;RSD;SORS;Average net earnings;A;Normal value
2403040104IND01;RS;REPUBLIC OF SERBIA;11;2019;0;Total;56331;RSD;RSD;SORS;Average net earnings;A;Normal value
2403040104IND01;RS;REPUBLIC OF SERBIA;11;2019;0_JP_JD_JL;Public enterprises;64281;RSD;RSD;SORS;Average net earnings;A;Normal value
2403040104IND01;RS;REPUBLIC OF SERBIA;11;2019;0_JS;Public sector;64598;RSD;RSD;SORS;Average net earnings;A;Normal value
2403040104IND01;RS;REPUBLIC OF SERBIA;11;2019;0_VJS;Non-public sector;52567;RSD;RSD;SORS;Average net earnings;A;Normal value
2403040104IND01;RS;REPUBLIC OF SERBIA;11;2019;1_JD;Public state enterprises;73014;RSD;RSD;SORS;Average net earnings;A;Normal value
2403040104IND01;RS;REPUBLIC OF SERBIA;11;2019;2_JL;Public local enterprises;52237;RSD;RSD;SORS;Average net earnings;A;Normal value
2403040104IND01;RS;REPUBLIC OF SERBIA;11;2019;3_4_5_BK;General government;64700;RSD;RSD;SORS;Average net earnings;A;Normal value
2403040104IND01;RS;REPUBLIC OF SERBIA;11;2019;3_ZS;Health and social work;60852;RSD;RSD;SORS;Average net earnings;A;Normal value
2403040104IND01;RS;REPUBLIC OF SERBIA;11;2019;4_OK;Education and culture;62702;RSD;RSD;SORS;Average net earnings;A;Normal value
2403040104IND01;RS;REPUBLIC OF SERBIA;11;2019;5_AD;Administration - all levels;70043;RSD;RSD;SORS;Average net earnings;A;Normal value
2403040104IND01;RS;REPUBLIC OF SERBIA;11;2019;5_AD2;Administration - government  level;72989;RSD;RSD;SORS;Average net earnings;A;Normal value
2403040104IND01;RS;REPUBLIC OF SERBIA;11;2019;5_AD3;Administration - autonomous  province level;71545;RSD;RSD;SORS;Average net earnings;A;Normal value
2403040104IND01;RS;REPUBLIC OF SERBIA;11;2019;5_AD4;Administration - local authorities’ level;55574;RSD;RSD;SORS;Average net earnings;A;Normal value
2403040104IND01;RS;REPUBLIC OF SERBIA;11;2020;0;Total;60926;RSD;RSD;SORS;Average net earnings;A;Normal value
2403040104IND01;RS;REPUBLIC OF SERBIA;11;2020;0_JP_JD_JL;Public enterprises;70810;RSD;RSD;SORS;Average net earnings;A;Normal value
2403040104IND01;RS;REPUBLIC OF SERBIA;11;2020;0_JS;Public sector;68848;RSD;RSD;SORS;Average net earnings;A;Normal value
2403040104IND01;RS;REPUBLIC OF SERBIA;11;2020;0_VJS;Non-public sector;57542;RSD;RSD;SORS;Average net earnings;A;Normal value
2403040104IND01;RS;REPUBLIC OF SERBIA;11;2020;1_JD;Public state enterprises;78952;RSD;RSD;SORS;Average net earnings;A;Normal value
2403040104IND01;RS;REPUBLIC OF SERBIA;11;2020;2_JL;Public local enterprises;59637;RSD;RSD;SORS;Average net earnings;A;Normal value
2403040104IND01;RS;REPUBLIC OF SERBIA;11;2020;3_4_5_BK;General government;68223;RSD;RSD;SORS;Average net earnings;A;Normal value
2403040104IND01;RS;REPUBLIC OF SERBIA;11;2020;3_ZS;Health and social work;69643;RSD;RSD;SORS;Average net earnings;A;Normal value
2403040104IND01;RS;REPUBLIC OF SERBIA;11;2020;4_OK;Education and culture;64007;RSD;RSD;SORS;Average net earnings;A;Normal value
2403040104IND01;RS;REPUBLIC OF SERBIA;11;2020;5_AD;Administration - all levels;70831;RSD;RSD;SORS;Average net earnings;A;Normal value
2403040104IND01;RS;REPUBLIC OF SERBIA;11;2020;5_AD2;Administration - government  level;73562;RSD;RSD;SORS;Average net earnings;A;Normal value
2403040104IND01;RS;REPUBLIC OF SERBIA;11;2020;5_AD3;Administration - autonomous  province level;75207;RSD;RSD;SORS;Average net earnings;A;Normal value
2403040104IND01;RS;REPUBLIC OF SERBIA;11;2020;5_AD4;Administration - local authorities’ level;57374;RSD;RSD;SORS;Average net earnings;A;Normal value
2403040104IND01;RS;REPUBLIC OF SERBIA;11;2021;0;Total;69136;RSD;RSD;SORS;Average net earnings;A;Normal value
2403040104IND01;RS;REPUBLIC OF SERBIA;11;2021;0_JP_JD_JL;Public enterprises;77583;RSD;RSD;SORS;Average net earnings;A;Normal value
2403040104IND01;RS;REPUBLIC OF SERBIA;11;2021;0_JS;Public sector;74575;RSD;RSD;SORS;Average net earnings;A;Normal value
2403040104IND01;RS;REPUBLIC OF SERBIA;11;2021;0_VJS;Non-public sector;66865;RSD;RSD;SORS;Average net earnings;A;Normal value
2403040104IND01;RS;REPUBLIC OF SERBIA;11;2021;1_JD;Public state enterprises;85960;RSD;RSD;SORS;Average net earnings;A;Normal value
2403040104IND01;RS;REPUBLIC OF SERBIA;11;2021;2_JL;Public local enterprises;66030;RSD;RSD;SORS;Average net earnings;A;Normal value
2403040104IND01;RS;REPUBLIC OF SERBIA;11;2021;3_4_5_BK;General government;73619;RSD;RSD;SORS;Average net earnings;A;Normal value
2403040104IND01;RS;REPUBLIC OF SERBIA;11;2021;3_ZS;Health and social work;75591;RSD;RSD;SORS;Average net earnings;A;Normal value
2403040104IND01;RS;REPUBLIC OF SERBIA;11;2021;4_OK;Education and culture;68121;RSD;RSD;SORS;Average net earnings;A;Normal value
2403040104IND01;RS;REPUBLIC OF SERBIA;11;2021;5_AD;Administration - all levels;76949;RSD;RSD;SORS;Average net earnings;A;Normal value
2403040104IND01;RS;REPUBLIC OF SERBIA;11;2021;5_AD2;Administration - government  level;80263;RSD;RSD;SORS;Average net earnings;A;Normal value
2403040104IND01;RS;REPUBLIC OF SERBIA;11;2021;5_AD3;Administration - autonomous  province level;80608;RSD;RSD;SORS;Average net earnings;A;Normal value
2403040104IND01;RS;REPUBLIC OF SERBIA;11;2021;5_AD4;Administration - local authorities’ level;60830;RSD;RSD;SORS;Average net earnings;A;Normal value
2403040104IND01;RS;REPUBLIC OF SERBIA;11;2022;0;Total;78326;RSD;RSD;SORS;Average net earnings;A;Normal value
2403040104IND01;RS;REPUBLIC OF SERBIA;11;2022;0_JP_JD_JL;Public enterprises;81132;RSD;RSD;SORS;Average net earnings;A;Normal value
2403040104IND01;RS;REPUBLIC OF SERBIA;11;2022;0_JS;Public sector;78530;RSD;RSD;SORS;Average net earnings;A;Normal value
2403040104IND01;RS;REPUBLIC OF SERBIA;11;2022;0_VJS;Non-public sector;78242;RSD;RSD;SORS;Average net earnings;A;Normal value
2403040104IND01;RS;REPUBLIC OF SERBIA;11;2022;1_JD;Public state enterprises;88860;RSD;RSD;SORS;Average net earnings;A;Normal value
2403040104IND01;RS;REPUBLIC OF SERBIA;11;2022;2_JL;Public local enterprises;70464;RSD;RSD;SORS;Average net earnings;A;Normal value
2403040104IND01;RS;REPUBLIC OF SERBIA;11;2022;3_4_5_BK;General government;77714;RSD;RSD;SORS;Average net earnings;A;Normal value
2403040104IND01;RS;REPUBLIC OF SERBIA;11;2022;3_ZS;Health and social work;77610;RSD;RSD;SORS;Average net earnings;A;Normal value
2403040104IND01;RS;REPUBLIC OF SERBIA;11;2022;4_OK;Education and culture;72867;RSD;RSD;SORS;Average net earnings;A;Normal value
2403040104IND01;RS;REPUBLIC OF SERBIA;11;2022;5_AD;Administration - all levels;82382;RSD;RSD;SORS;Average net earnings;A;Normal value
2403040104IND01;RS;REPUBLIC OF SERBIA;11;2022;5_AD2;Administration - government  level;85654;RSD;RSD;SORS;Average net earnings;A;Normal value
2403040104IND01;RS;REPUBLIC OF SERBIA;11;2022;5_AD3;Administration - autonomous  province level;87482;RSD;RSD;SORS;Average net earnings;A;Normal value
2403040104IND01;RS;REPUBLIC OF SERBIA;11;2022;5_AD4;Administration - local authorities’ level;66145;RSD;RSD;SORS;Average net earnings;A;Normal value
2403040104IND01;RS;REPUBLIC OF SERBIA;11;2023;0;Total;89956;RSD;RSD;SORS;Average net earnings;A;Normal value
2403040104IND01;RS;REPUBLIC OF SERBIA;11;2023;0_JP_JD_JL;Public enterprises;93795;RSD;RSD;SORS;Average net earnings;A;Normal value
2403040104IND01;RS;REPUBLIC OF SERBIA;11;2023;0_JS;Public sector;91144;RSD;RSD;SORS;Average net earnings;A;Normal value
2403040104IND01;RS;REPUBLIC OF SERBIA;11;2023;0_VJS;Non-public sector;89476;RSD;RSD;SORS;Average net earnings;A;Normal value
2403040104IND01;RS;REPUBLIC OF SERBIA;11;2023;1_JD;Public state enterprises;103693;RSD;RSD;SORS;Average net earnings;A;Normal value
2403040104IND01;RS;REPUBLIC OF SERBIA;11;2023;2_JL;Public local enterprises;80444;RSD;RSD;SORS;Average net earnings;A;Normal value
2403040104IND01;RS;REPUBLIC OF SERBIA;11;2023;3_4_5_BK;General government;90322;RSD;RSD;SORS;Average net earnings;A;Normal value
2403040104IND01;RS;REPUBLIC OF SERBIA;11;2023;3_ZS;Health and social work;88620;RSD;RSD;SORS;Average net earnings;A;Normal value
2403040104IND01;RS;REPUBLIC OF SERBIA;11;2023;4_OK;Education and culture;85836;RSD;RSD;SORS;Average net earnings;A;Normal value
2403040104IND01;RS;REPUBLIC OF SERBIA;11;2023;5_AD;Administration - all levels;96023;RSD;RSD;SORS;Average net earnings;A;Normal value
2403040104IND01;RS;REPUBLIC OF SERBIA;11;2023;5_AD2;Administration - government  level;100121;RSD;RSD;SORS;Average net earnings;A;Normal value
2403040104IND01;RS;REPUBLIC OF SERBIA;11;2023;5_AD3;Administration - autonomous  province level;98903;RSD;RSD;SORS;Average net earnings;A;Normal value
2403040104IND01;RS;REPUBLIC OF SERBIA;11;2023;5_AD4;Administration - local authorities’ level;75573;RSD;RSD;SORS;Average net earnings;A;Normal value
2403040104IND01;RS;REPUBLIC OF SERBIA;11;2024;0;Total;100738;RSD;RSD;SORS;Average net earnings;A;Normal value
2403040104IND01;RS;REPUBLIC OF SERBIA;11;2024;0_JP_JD_JL;Public enterprises;102089;RSD;RSD;SORS;Average net earnings;A;Normal value
2403040104IND01;RS;REPUBLIC OF SERBIA;11;2024;0_JS;Public sector;100971;RSD;RSD;SORS;Average net earnings;A;Normal value
2403040104IND01;RS;REPUBLIC OF SERBIA;11;2024;0_VJS;Non-public sector;100645;RSD;RSD;SORS;Average net earnings;A;Normal value
2403040104IND01;RS;REPUBLIC OF SERBIA;11;2024;1_JD;Public state enterprises;110526;RSD;RSD;SORS;Average net earnings;A;Normal value
2403040104IND01;RS;REPUBLIC OF SERBIA;11;2024;2_JL;Public local enterprises;90644;RSD;RSD;SORS;Average net earnings;A;Normal value
2403040104IND01;RS;REPUBLIC OF SERBIA;11;2024;3_4_5_BK;General government;100630;RSD;RSD;SORS;Average net earnings;A;Normal value
2403040104IND01;RS;REPUBLIC OF SERBIA;11;2024;3_ZS;Health and social work;98343;RSD;RSD;SORS;Average net earnings;A;Normal value
2403040104IND01;RS;REPUBLIC OF SERBIA;11;2024;4_OK;Education and culture;95316;RSD;RSD;SORS;Average net earnings;A;Normal value
2403040104IND01;RS;REPUBLIC OF SERBIA;11;2024;5_AD;Administration - all levels;107842;RSD;RSD;SORS;Average net earnings;A;Normal value
2403040104IND01;RS;REPUBLIC OF SERBIA;11;2024;5_AD2;Administration - government  level;112440;RSD;RSD;SORS;Average net earnings;A;Normal value
2403040104IND01;RS;REPUBLIC OF SERBIA;11;2024;5_AD3;Administration - autonomous  province level;109763;RSD;RSD;SORS;Average net earnings;A;Normal value
2403040104IND01;RS;REPUBLIC OF SERBIA;11;2024;5_AD4;Administration - local authorities’ level;84953;RSD;RSD;SORS;Average net earnings;A;Normal value
2403040104IND01;RS;REPUBLIC OF SERBIA;11;2025;0;Total;111987;RSD;RSD;SORS;Average net earnings;A;Normal value
2403040104IND01;RS;REPUBLIC OF SERBIA;11;2025;0_JP_JD_JL;Public enterprises;114321;RSD;RSD;SORS;Average net earnings;A;Normal value
2403040104IND01;RS;REPUBLIC OF SERBIA;11;2025;0_JS;Public sector;115725;RSD;RSD;SORS;Average net earnings;A;Normal value
2403040104IND01;RS;REPUBLIC OF SERBIA;11;2025;0_VJS;Non-public sector;110488;RSD;RSD;SORS;Average net earnings;A;Normal value
2403040104IND01;RS;REPUBLIC OF SERBIA;11;2025;1_JD;Public state enterprises;122361;RSD;RSD;SORS;Average net earnings;A;Normal value
2403040104IND01;RS;REPUBLIC OF SERBIA;11;2025;2_JL;Public local enterprises;103434;RSD;RSD;SORS;Average net earnings;A;Normal value
2403040104IND01;RS;REPUBLIC OF SERBIA;11;2025;3_4_5_BK;General government;116148;RSD;RSD;SORS;Average net earnings;A;Normal value
2403040104IND01;RS;REPUBLIC OF SERBIA;11;2025;3_ZS;Health and social work;112209;RSD;RSD;SORS;Average net earnings;A;Normal value
2403040104IND01;RS;REPUBLIC OF SERBIA;11;2025;4_OK;Education and culture;115770;RSD;RSD;SORS;Average net earnings;A;Normal value
2403040104IND01;RS;REPUBLIC OF SERBIA;11;2025;5_AD;Administration - all levels;120579;RSD;RSD;SORS;Average net earnings;A;Normal value
2403040104IND01;RS;REPUBLIC OF SERBIA;11;2025;5_AD2;Administration - government  level;125448;RSD;RSD;SORS;Average net earnings;A;Normal value
2403040104IND01;RS;REPUBLIC OF SERBIA;11;2025;5_AD3;Administration - autonomous  province level;119961;RSD;RSD;SORS;Average net earnings;A;Normal value
2403040104IND01;RS;REPUBLIC OF SERBIA;11;2025;5_AD4;Administration - local authorities’ level;96205;RSD;RSD;SORS;Average net earnings;A;Normal value
2403040104IND01;RS;REPUBLIC OF SERBIA;12;2003;0;Total;14528;RSD;RSD;SORS;Average net earnings;A;Normal value
2403040104IND01;RS;REPUBLIC OF SERBIA;12;2003;0_JP_JD_JL;Public enterprises;19594;RSD;RSD;SORS;Average net earnings;A;Normal value
2403040104IND01;RS;REPUBLIC OF SERBIA;12;2003;0_JS;Public sector;18830;RSD;RSD;SORS;Average net earnings;A;Normal value
2403040104IND01;RS;REPUBLIC OF SERBIA;12;2003;0_VJS;Non-public sector;11400;RSD;RSD;SORS;Average net earnings;A;Normal value
2403040104IND01;RS;REPUBLIC OF SERBIA;12;2003;1_JD;Public state enterprises;19086;RSD;RSD;SORS;Average net earnings;A;Normal value
2403040104IND01;RS;REPUBLIC OF SERBIA;12;2003;2_JL;Public local enterprises;20722;RSD;RSD;SORS;Average net earnings;A;Normal value
2403040104IND01;RS;REPUBLIC OF SERBIA;12;2003;3_4_5_BK;General government;18402;RSD;RSD;SORS;Average net earnings;A;Normal value
2403040104IND01;RS;REPUBLIC OF SERBIA;12;2003;3_ZS;Health and social work;19077;RSD;RSD;SORS;Average net earnings;A;Normal value
2403040104IND01;RS;REPUBLIC OF SERBIA;12;2003;4_OK;Education and culture;16012;RSD;RSD;SORS;Average net earnings;A;Normal value
2403040104IND01;RS;REPUBLIC OF SERBIA;12;2003;5_AD;Administration - all levels;21270;RSD;RSD;SORS;Average net earnings;A;Normal value
2403040104IND01;RS;REPUBLIC OF SERBIA;12;2003;5_AD2;Administration - government  level;;RSD;RSD;SORS;Average net earnings;O;Not available
2403040104IND01;RS;REPUBLIC OF SERBIA;12;2003;5_AD3;Administration - autonomous  province level;;RSD;RSD;SORS;Average net earnings;O;Not available
2403040104IND01;RS;REPUBLIC OF SERBIA;12;2003;5_AD4;Administration - local authorities’ level;;RSD;RSD;SORS;Average net earnings;O;Not available
2403040104IND01;RS;REPUBLIC OF SERBIA;12;2004;0;Total;17346;RSD;RSD;SORS;Average net earnings;A;Normal value
2403040104IND01;RS;REPUBLIC OF SERBIA;12;2004;0_JP_JD_JL;Public enterprises;21972;RSD;RSD;SORS;Average net earnings;A;Normal value
2403040104IND01;RS;REPUBLIC OF SERBIA;12;2004;0_JS;Public sector;21207;RSD;RSD;SORS;Average net earnings;A;Normal value
2403040104IND01;RS;REPUBLIC OF SERBIA;12;2004;0_VJS;Non-public sector;14305;RSD;RSD;SORS;Average net earnings;A;Normal value
2403040104IND01;RS;REPUBLIC OF SERBIA;12;2004;1_JD;Public state enterprises;21629;RSD;RSD;SORS;Average net earnings;A;Normal value
2403040104IND01;RS;REPUBLIC OF SERBIA;12;2004;2_JL;Public local enterprises;22710;RSD;RSD;SORS;Average net earnings;A;Normal value
2403040104IND01;RS;REPUBLIC OF SERBIA;12;2004;3_4_5_BK;General government;20787;RSD;RSD;SORS;Average net earnings;A;Normal value
2403040104IND01;RS;REPUBLIC OF SERBIA;12;2004;3_ZS;Health and social work;22241;RSD;RSD;SORS;Average net earnings;A;Normal value
2403040104IND01;RS;REPUBLIC OF SERBIA;12;2004;4_OK;Education and culture;17875;RSD;RSD;SORS;Average net earnings;A;Normal value
2403040104IND01;RS;REPUBLIC OF SERBIA;12;2004;5_AD;Administration - all levels;22846;RSD;RSD;SORS;Average net earnings;A;Normal value
2403040104IND01;RS;REPUBLIC OF SERBIA;12;2004;5_AD2;Administration - government  level;;RSD;RSD;SORS;Average net earnings;O;Not available
2403040104IND01;RS;REPUBLIC OF SERBIA;12;2004;5_AD3;Administration - autonomous  province level;;RSD;RSD;SORS;Average net earnings;O;Not available
2403040104IND01;RS;REPUBLIC OF SERBIA;12;2004;5_AD4;Administration - local authorities’ level;;RSD;RSD;SORS;Average net earnings;O;Not available
2403040104IND01;RS;REPUBLIC OF SERBIA;12;2005;0;Total;22079;RSD;RSD;SORS;Average net earnings;A;Normal value
2403040104IND01;RS;REPUBLIC OF SERBIA;12;2005;0_JP_JD_JL;Public enterprises;27574;RSD;RSD;SORS;Average net earnings;A;Normal value
2403040104IND01;RS;REPUBLIC OF SERBIA;12;2005;0_JS;Public sector;26215;RSD;RSD;SORS;Average net earnings;A;Normal value
2403040104IND01;RS;REPUBLIC OF SERBIA;12;2005;0_VJS;Non-public sector;18528;RSD;RSD;SORS;Average net earnings;A;Normal value
2403040104IND01;RS;REPUBLIC OF SERBIA;12;2005;1_JD;Public state enterprises;28003;RSD;RSD;SORS;Average net earnings;A;Normal value
2403040104IND01;RS;REPUBLIC OF SERBIA;12;2005;2_JL;Public local enterprises;26795;RSD;RSD;SORS;Average net earnings;A;Normal value
2403040104IND01;RS;REPUBLIC OF SERBIA;12;2005;3_4_5_BK;General government;25489;RSD;RSD;SORS;Average net earnings;A;Normal value
2403040104IND01;RS;REPUBLIC OF SERBIA;12;2005;3_ZS;Health and social work;25838;RSD;RSD;SORS;Average net earnings;A;Normal value
2403040104IND01;RS;REPUBLIC OF SERBIA;12;2005;4_OK;Education and culture;22419;RSD;RSD;SORS;Average net earnings;A;Normal value
2403040104IND01;RS;REPUBLIC OF SERBIA;12;2005;5_AD;Administration - all levels;30760;RSD;RSD;SORS;Average net earnings;A;Normal value
2403040104IND01;RS;REPUBLIC OF SERBIA;12;2005;5_AD2;Administration - government  level;;RSD;RSD;SORS;Average net earnings;O;Not available
2403040104IND01;RS;REPUBLIC OF SERBIA;12;2005;5_AD3;Administration - autonomous  province level;;RSD;RSD;SORS;Average net earnings;O;Not available
2403040104IND01;RS;REPUBLIC OF SERBIA;12;2005;5_AD4;Administration - local authorities’ level;;RSD;RSD;SORS;Average net earnings;O;Not available
2403040104IND01;RS;REPUBLIC OF SERBIA;12;2006;0;Total;28267;RSD;RSD;SORS;Average net earnings;A;Normal value
2403040104IND01;RS;REPUBLIC OF SERBIA;12;2006;0_JP_JD_JL;Public enterprises;33641;RSD;RSD;SORS;Average net earnings;A;Normal value
2403040104IND01;RS;REPUBLIC OF SERBIA;12;2006;0_JS;Public sector;34471;RSD;RSD;SORS;Average net earnings;A;Normal value
2403040104IND01;RS;REPUBLIC OF SERBIA;12;2006;0_VJS;Non-public sector;22553;RSD;RSD;SORS;Average net earnings;A;Normal value
2403040104IND01;RS;REPUBLIC OF SERBIA;12;2006;1_JD;Public state enterprises;35257;RSD;RSD;SORS;Average net earnings;A;Normal value
2403040104IND01;RS;REPUBLIC OF SERBIA;12;2006;2_JL;Public local enterprises;30898;RSD;RSD;SORS;Average net earnings;A;Normal value
2403040104IND01;RS;REPUBLIC OF SERBIA;12;2006;3_4_5_BK;General government;34894;RSD;RSD;SORS;Average net earnings;A;Normal value
2403040104IND01;RS;REPUBLIC OF SERBIA;12;2006;3_ZS;Health and social work;38522;RSD;RSD;SORS;Average net earnings;A;Normal value
2403040104IND01;RS;REPUBLIC OF SERBIA;12;2006;4_OK;Education and culture;28382;RSD;RSD;SORS;Average net earnings;A;Normal value
2403040104IND01;RS;REPUBLIC OF SERBIA;12;2006;5_AD;Administration - all levels;39777;RSD;RSD;SORS;Average net earnings;A;Normal value
2403040104IND01;RS;REPUBLIC OF SERBIA;12;2006;5_AD2;Administration - government  level;;RSD;RSD;SORS;Average net earnings;O;Not available
2403040104IND01;RS;REPUBLIC OF SERBIA;12;2006;5_AD3;Administration - autonomous  province level;;RSD;RSD;SORS;Average net earnings;O;Not available
2403040104IND01;RS;REPUBLIC OF SERBIA;12;2006;5_AD4;Administration - local authorities’ level;;RSD;RSD;SORS;Average net earnings;O;Not available
2403040104IND01;RS;REPUBLIC OF SERBIA;12;2007;0;Total;34471;RSD;RSD;SORS;Average net earnings;A;Normal value
2403040104IND01;RS;REPUBLIC OF SERBIA;12;2007;0_JP_JD_JL;Public enterprises;37694;RSD;RSD;SORS;Average net earnings;A;Normal value
2403040104IND01;RS;REPUBLIC OF SERBIA;12;2007;0_JS;Public sector;40097;RSD;RSD;SORS;Average net earnings;A;Normal value
2403040104IND01;RS;REPUBLIC OF SERBIA;12;2007;0_VJS;Non-public sector;28738;RSD;RSD;SORS;Average net earnings;A;Normal value
2403040104IND01;RS;REPUBLIC OF SERBIA;12;2007;1_JD;Public state enterprises;40075;RSD;RSD;SORS;Average net earnings;A;Normal value
2403040104IND01;RS;REPUBLIC OF SERBIA;12;2007;2_JL;Public local enterprises;33602;RSD;RSD;SORS;Average net earnings;A;Normal value
2403040104IND01;RS;REPUBLIC OF SERBIA;12;2007;3_4_5_BK;General government;41273;RSD;RSD;SORS;Average net earnings;A;Normal value
2403040104IND01;RS;REPUBLIC OF SERBIA;12;2007;3_ZS;Health and social work;47201;RSD;RSD;SORS;Average net earnings;A;Normal value
2403040104IND01;RS;REPUBLIC OF SERBIA;12;2007;4_OK;Education and culture;35007;RSD;RSD;SORS;Average net earnings;A;Normal value
2403040104IND01;RS;REPUBLIC OF SERBIA;12;2007;5_AD;Administration - all levels;40337;RSD;RSD;SORS;Average net earnings;A;Normal value
2403040104IND01;RS;REPUBLIC OF SERBIA;12;2007;5_AD2;Administration - government  level;;RSD;RSD;SORS;Average net earnings;O;Not available
2403040104IND01;RS;REPUBLIC OF SERBIA;12;2007;5_AD3;Administration - autonomous  province level;;RSD;RSD;SORS;Average net earnings;O;Not available
2403040104IND01;RS;REPUBLIC OF SERBIA;12;2007;5_AD4;Administration - local authorities’ level;;RSD;RSD;SORS;Average net earnings;O;Not available
2403040104IND01;RS;REPUBLIC OF SERBIA;12;2008;0;Total;38626;RSD;RSD;SORS;Average net earnings;A;Normal value
2403040104IND01;RS;REPUBLIC OF SERBIA;12;2008;0_JP_JD_JL;Public enterprises;43087;RSD;RSD;SORS;Average net earnings;A;Normal value
2403040104IND01;RS;REPUBLIC OF SERBIA;12;2008;0_JS;Public sector;44083;RSD;RSD;SORS;Average net earnings;A;Normal value
2403040104IND01;RS;REPUBLIC OF SERBIA;12;2008;0_VJS;Non-public sector;32622;RSD;RSD;SORS;Average net earnings;A;Normal value
2403040104IND01;RS;REPUBLIC OF SERBIA;12;2008;1_JD;Public state enterprises;45412;RSD;RSD;SORS;Average net earnings;A;Normal value
2403040104IND01;RS;REPUBLIC OF SERBIA;12;2008;2_JL;Public local enterprises;39033;RSD;RSD;SORS;Average net earnings;A;Normal value
2403040104IND01;RS;REPUBLIC OF SERBIA;12;2008;3_4_5_BK;General government;44562;RSD;RSD;SORS;Average net earnings;A;Normal value
2403040104IND01;RS;REPUBLIC OF SERBIA;12;2008;3_ZS;Health and social work;48913;RSD;RSD;SORS;Average net earnings;A;Normal value
2403040104IND01;RS;REPUBLIC OF SERBIA;12;2008;4_OK;Education and culture;38505;RSD;RSD;SORS;Average net earnings;A;Normal value
2403040104IND01;RS;REPUBLIC OF SERBIA;12;2008;5_AD;Administration - all levels;46742;RSD;RSD;SORS;Average net earnings;A;Normal value
2403040104IND01;RS;REPUBLIC OF SERBIA;12;2008;5_AD2;Administration - government  level;;RSD;RSD;SORS;Average net earnings;O;Not available
2403040104IND01;RS;REPUBLIC OF SERBIA;12;2008;5_AD3;Administration - autonomous  province level;;RSD;RSD;SORS;Average net earnings;O;Not available
2403040104IND01;RS;REPUBLIC OF SERBIA;12;2008;5_AD4;Administration - local authorities’ level;;RSD;RSD;SORS;Average net earnings;O;Not available
2403040104IND01;RS;REPUBLIC OF SERBIA;12;2009;0;Total;36789;RSD;RSD;SORS;Average net earnings;A;Normal value
2403040104IND01;RS;REPUBLIC OF SERBIA;12;2009;0_JP_JD_JL;Public enterprises;43307;RSD;RSD;SORS;Average net earnings;A;Normal value
2403040104IND01;RS;REPUBLIC OF SERBIA;12;2009;0_JS;Public sector;43886;RSD;RSD;SORS;Average net earnings;A;Normal value
2403040104IND01;RS;REPUBLIC OF SERBIA;12;2009;0_VJS;Non-public sector;30787;RSD;RSD;SORS;Average net earnings;A;Normal value
2403040104IND01;RS;REPUBLIC OF SERBIA;12;2009;1_JD;Public state enterprises;46107;RSD;RSD;SORS;Average net earnings;A;Normal value
2403040104IND01;RS;REPUBLIC OF SERBIA;12;2009;2_JL;Public local enterprises;38961;RSD;RSD;SORS;Average net earnings;A;Normal value
2403040104IND01;RS;REPUBLIC OF SERBIA;12;2009;3_4_5_BK;General government;44139;RSD;RSD;SORS;Average net earnings;A;Normal value
2403040104IND01;RS;REPUBLIC OF SERBIA;12;2009;3_ZS;Health and social work;48348;RSD;RSD;SORS;Average net earnings;A;Normal value
2403040104IND01;RS;REPUBLIC OF SERBIA;12;2009;4_OK;Education and culture;37886;RSD;RSD;SORS;Average net earnings;A;Normal value
2403040104IND01;RS;REPUBLIC OF SERBIA;12;2009;5_AD;Administration - all levels;46969;RSD;RSD;SORS;Average net earnings;A;Normal value
2403040104IND01;RS;REPUBLIC OF SERBIA;12;2009;5_AD2;Administration - government  level;;RSD;RSD;SORS;Average net earnings;O;Not available
2403040104IND01;RS;REPUBLIC OF SERBIA;12;2009;5_AD3;Administration - autonomous  province level;;RSD;RSD;SORS;Average net earnings;O;Not available
2403040104IND01;RS;REPUBLIC OF SERBIA;12;2009;5_AD4;Administration - local authorities’ level;;RSD;RSD;SORS;Average net earnings;O;Not available
2403040104IND01;RS;REPUBLIC OF SERBIA;12;2010;0;Total;39580;RSD;RSD;SORS;Average net earnings;A;Normal value
2403040104IND01;RS;REPUBLIC OF SERBIA;12;2010;0_JP_JD_JL;Public enterprises;45188;RSD;RSD;SORS;Average net earnings;A;Normal value
2403040104IND01;RS;REPUBLIC OF SERBIA;12;2010;0_JS;Public sector;45265;RSD;RSD;SORS;Average net earnings;A;Normal value
2403040104IND01;RS;REPUBLIC OF SERBIA;12;2010;0_VJS;Non-public sector;34601;RSD;RSD;SORS;Average net earnings;A;Normal value
2403040104IND01;RS;REPUBLIC OF SERBIA;12;2010;1_JD;Public state enterprises;47308;RSD;RSD;SORS;Average net earnings;A;Normal value
2403040104IND01;RS;REPUBLIC OF SERBIA;12;2010;2_JL;Public local enterprises;41990;RSD;RSD;SORS;Average net earnings;A;Normal value
2403040104IND01;RS;REPUBLIC OF SERBIA;12;2010;3_4_5_BK;General government;45298;RSD;RSD;SORS;Average net earnings;A;Normal value
2403040104IND01;RS;REPUBLIC OF SERBIA;12;2010;3_ZS;Health and social work;48110;RSD;RSD;SORS;Average net earnings;A;Normal value
2403040104IND01;RS;REPUBLIC OF SERBIA;12;2010;4_OK;Education and culture;38604;RSD;RSD;SORS;Average net earnings;A;Normal value
2403040104IND01;RS;REPUBLIC OF SERBIA;12;2010;5_AD;Administration - all levels;52171;RSD;RSD;SORS;Average net earnings;A;Normal value
2403040104IND01;RS;REPUBLIC OF SERBIA;12;2010;5_AD2;Administration - government  level;;RSD;RSD;SORS;Average net earnings;O;Not available
2403040104IND01;RS;REPUBLIC OF SERBIA;12;2010;5_AD3;Administration - autonomous  province level;;RSD;RSD;SORS;Average net earnings;O;Not available
2403040104IND01;RS;REPUBLIC OF SERBIA;12;2010;5_AD4;Administration - local authorities’ level;;RSD;RSD;SORS;Average net earnings;O;Not available
2403040104IND01;RS;REPUBLIC OF SERBIA;12;2011;0;Total;43887;RSD;RSD;SORS;Average net earnings;A;Normal value
2403040104IND01;RS;REPUBLIC OF SERBIA;12;2011;0_JP_JD_JL;Public enterprises;49693;RSD;RSD;SORS;Average net earnings;A;Normal value
2403040104IND01;RS;REPUBLIC OF SERBIA;12;2011;0_JS;Public sector;49595;RSD;RSD;SORS;Average net earnings;A;Normal value
2403040104IND01;RS;REPUBLIC OF SERBIA;12;2011;0_VJS;Non-public sector;38495;RSD;RSD;SORS;Average net earnings;A;Normal value
2403040104IND01;RS;REPUBLIC OF SERBIA;12;2011;1_JD;Public state enterprises;53431;RSD;RSD;SORS;Average net earnings;A;Normal value
2403040104IND01;RS;REPUBLIC OF SERBIA;12;2011;2_JL;Public local enterprises;44137;RSD;RSD;SORS;Average net earnings;A;Normal value
2403040104IND01;RS;REPUBLIC OF SERBIA;12;2011;3_4_5_BK;General government;49553;RSD;RSD;SORS;Average net earnings;A;Normal value
2403040104IND01;RS;REPUBLIC OF SERBIA;12;2011;3_ZS;Health and social work;53981;RSD;RSD;SORS;Average net earnings;A;Normal value
2403040104IND01;RS;REPUBLIC OF SERBIA;12;2011;4_OK;Education and culture;42127;RSD;RSD;SORS;Average net earnings;A;Normal value
2403040104IND01;RS;REPUBLIC OF SERBIA;12;2011;5_AD;Administration - all levels;54104;RSD;RSD;SORS;Average net earnings;A;Normal value
2403040104IND01;RS;REPUBLIC OF SERBIA;12;2011;5_AD2;Administration - government  level;;RSD;RSD;SORS;Average net earnings;O;Not available
2403040104IND01;RS;REPUBLIC OF SERBIA;12;2011;5_AD3;Administration - autonomous  province level;;RSD;RSD;SORS;Average net earnings;O;Not available
2403040104IND01;RS;REPUBLIC OF SERBIA;12;2011;5_AD4;Administration - local authorities’ level;;RSD;RSD;SORS;Average net earnings;O;Not available
2403040104IND01;RS;REPUBLIC OF SERBIA;12;2012;0;Total;46923;RSD;RSD;SORS;Average net earnings;A;Normal value
2403040104IND01;RS;REPUBLIC OF SERBIA;12;2012;0_JP_JD_JL;Public enterprises;54203;RSD;RSD;SORS;Average net earnings;A;Normal value
2403040104IND01;RS;REPUBLIC OF SERBIA;12;2012;0_JS;Public sector;52689;RSD;RSD;SORS;Average net earnings;A;Normal value
2403040104IND01;RS;REPUBLIC OF SERBIA;12;2012;0_VJS;Non-public sector;41581;RSD;RSD;SORS;Average net earnings;A;Normal value
2403040104IND01;RS;REPUBLIC OF SERBIA;12;2012;1_JD;Public state enterprises;60110;RSD;RSD;SORS;Average net earnings;A;Normal value
2403040104IND01;RS;REPUBLIC OF SERBIA;12;2012;2_JL;Public local enterprises;45638;RSD;RSD;SORS;Average net earnings;A;Normal value
2403040104IND01;RS;REPUBLIC OF SERBIA;12;2012;3_4_5_BK;General government;52032;RSD;RSD;SORS;Average net earnings;A;Normal value
2403040104IND01;RS;REPUBLIC OF SERBIA;12;2012;3_ZS;Health and social work;55552;RSD;RSD;SORS;Average net earnings;A;Normal value
2403040104IND01;RS;REPUBLIC OF SERBIA;12;2012;4_OK;Education and culture;44997;RSD;RSD;SORS;Average net earnings;A;Normal value
2403040104IND01;RS;REPUBLIC OF SERBIA;12;2012;5_AD;Administration - all levels;57498;RSD;RSD;SORS;Average net earnings;A;Normal value
2403040104IND01;RS;REPUBLIC OF SERBIA;12;2012;5_AD2;Administration - government  level;;RSD;RSD;SORS;Average net earnings;O;Not available
2403040104IND01;RS;REPUBLIC OF SERBIA;12;2012;5_AD3;Administration - autonomous  province level;;RSD;RSD;SORS;Average net earnings;O;Not available
2403040104IND01;RS;REPUBLIC OF SERBIA;12;2012;5_AD4;Administration - local authorities’ level;;RSD;RSD;SORS;Average net earnings;O;Not available
2403040104IND01;RS;REPUBLIC OF SERBIA;12;2013;0;Total;50820;RSD;RSD;SORS;Average net earnings;A;Normal value
2403040104IND01;RS;REPUBLIC OF SERBIA;12;2013;0_JP_JD_JL;Public enterprises;57914;RSD;RSD;SORS;Average net earnings;A;Normal value
2403040104IND01;RS;REPUBLIC OF SERBIA;12;2013;0_JS;Public sector;55999;RSD;RSD;SORS;Average net earnings;A;Normal value
2403040104IND01;RS;REPUBLIC OF SERBIA;12;2013;0_VJS;Non-public sector;45627;RSD;RSD;SORS;Average net earnings;A;Normal value
2403040104IND01;RS;REPUBLIC OF SERBIA;12;2013;1_JD;Public state enterprises;64570;RSD;RSD;SORS;Average net earnings;A;Normal value
2403040104IND01;RS;REPUBLIC OF SERBIA;12;2013;2_JL;Public local enterprises;48484;RSD;RSD;SORS;Average net earnings;A;Normal value
2403040104IND01;RS;REPUBLIC OF SERBIA;12;2013;3_4_5_BK;General government;55155;RSD;RSD;SORS;Average net earnings;A;Normal value
2403040104IND01;RS;REPUBLIC OF SERBIA;12;2013;3_ZS;Health and social work;59855;RSD;RSD;SORS;Average net earnings;A;Normal value
2403040104IND01;RS;REPUBLIC OF SERBIA;12;2013;4_OK;Education and culture;46436;RSD;RSD;SORS;Average net earnings;A;Normal value
2403040104IND01;RS;REPUBLIC OF SERBIA;12;2013;5_AD;Administration - all levels;61563;RSD;RSD;SORS;Average net earnings;A;Normal value
2403040104IND01;RS;REPUBLIC OF SERBIA;12;2013;5_AD2;Administration - government  level;;RSD;RSD;SORS;Average net earnings;O;Not available
2403040104IND01;RS;REPUBLIC OF SERBIA;12;2013;5_AD3;Administration - autonomous  province level;;RSD;RSD;SORS;Average net earnings;O;Not available
2403040104IND01;RS;REPUBLIC OF SERBIA;12;2013;5_AD4;Administration - local authorities’ level;;RSD;RSD;SORS;Average net earnings;O;Not available
2403040104IND01;RS;REPUBLIC OF SERBIA;12;2014;0;Total;49970;RSD;RSD;SORS;Average net earnings;A;Normal value
2403040104IND01;RS;REPUBLIC OF SERBIA;12;2014;0_JP_JD_JL;Public enterprises;55561;RSD;RSD;SORS;Average net earnings;A;Normal value
2403040104IND01;RS;REPUBLIC OF SERBIA;12;2014;0_JS;Public sector;52203;RSD;RSD;SORS;Average net earnings;A;Normal value
2403040104IND01;RS;REPUBLIC OF SERBIA;12;2014;0_VJS;Non-public sector;47854;RSD;RSD;SORS;Average net earnings;A;Normal value
2403040104IND01;RS;REPUBLIC OF SERBIA;12;2014;1_JD;Public state enterprises;62105;RSD;RSD;SORS;Average net earnings;A;Normal value
2403040104IND01;RS;REPUBLIC OF SERBIA;12;2014;2_JL;Public local enterprises;46147;RSD;RSD;SORS;Average net earnings;A;Normal value
2403040104IND01;RS;REPUBLIC OF SERBIA;12;2014;3_4_5_BK;General government;50731;RSD;RSD;SORS;Average net earnings;A;Normal value
2403040104IND01;RS;REPUBLIC OF SERBIA;12;2014;3_ZS;Health and social work;55325;RSD;RSD;SORS;Average net earnings;A;Normal value
2403040104IND01;RS;REPUBLIC OF SERBIA;12;2014;4_OK;Education and culture;42389;RSD;RSD;SORS;Average net earnings;A;Normal value
2403040104IND01;RS;REPUBLIC OF SERBIA;12;2014;5_AD;Administration - all levels;57023;RSD;RSD;SORS;Average net earnings;A;Normal value
2403040104IND01;RS;REPUBLIC OF SERBIA;12;2014;5_AD2;Administration - government  level;;RSD;RSD;SORS;Average net earnings;O;Not available
2403040104IND01;RS;REPUBLIC OF SERBIA;12;2014;5_AD3;Administration - autonomous  province level;;RSD;RSD;SORS;Average net earnings;O;Not available
2403040104IND01;RS;REPUBLIC OF SERBIA;12;2014;5_AD4;Administration - local authorities’ level;;RSD;RSD;SORS;Average net earnings;O;Not available
2403040104IND01;RS;REPUBLIC OF SERBIA;12;2015;0;Total;51485;RSD;RSD;SORS;Average net earnings;A;Normal value
2403040104IND01;RS;REPUBLIC OF SERBIA;12;2015;0_JP_JD_JL;Public enterprises;57617;RSD;RSD;SORS;Average net earnings;A;Normal value
2403040104IND01;RS;REPUBLIC OF SERBIA;12;2015;0_JS;Public sector;52873;RSD;RSD;SORS;Average net earnings;A;Normal value
2403040104IND01;RS;REPUBLIC OF SERBIA;12;2015;0_VJS;Non-public sector;50178;RSD;RSD;SORS;Average net earnings;A;Normal value
2403040104IND01;RS;REPUBLIC OF SERBIA;12;2015;1_JD;Public state enterprises;64748;RSD;RSD;SORS;Average net earnings;A;Normal value
2403040104IND01;RS;REPUBLIC OF SERBIA;12;2015;2_JL;Public local enterprises;47676;RSD;RSD;SORS;Average net earnings;A;Normal value
2403040104IND01;RS;REPUBLIC OF SERBIA;12;2015;3_4_5_BK;General government;50788;RSD;RSD;SORS;Average net earnings;A;Normal value
2403040104IND01;RS;REPUBLIC OF SERBIA;12;2015;3_ZS;Health and social work;54791;RSD;RSD;SORS;Average net earnings;A;Normal value
2403040104IND01;RS;REPUBLIC OF SERBIA;12;2015;4_OK;Education and culture;44497;RSD;RSD;SORS;Average net earnings;A;Normal value
2403040104IND01;RS;REPUBLIC OF SERBIA;12;2015;5_AD;Administration - all levels;54668;RSD;RSD;SORS;Average net earnings;A;Normal value
2403040104IND01;RS;REPUBLIC OF SERBIA;12;2015;5_AD2;Administration - government  level;;RSD;RSD;SORS;Average net earnings;O;Not available
2403040104IND01;RS;REPUBLIC OF SERBIA;12;2015;5_AD3;Administration - autonomous  province level;;RSD;RSD;SORS;Average net earnings;O;Not available
2403040104IND01;RS;REPUBLIC OF SERBIA;12;2015;5_AD4;Administration - local authorities’ level;;RSD;RSD;SORS;Average net earnings;O;Not available
2403040104IND01;RS;REPUBLIC OF SERBIA;12;2016;0;Total;53456;RSD;RSD;SORS;Average net earnings;A;Normal value
2403040104IND01;RS;REPUBLIC OF SERBIA;12;2016;0_JP_JD_JL;Public enterprises;60406;RSD;RSD;SORS;Average net earnings;A;Normal value
2403040104IND01;RS;REPUBLIC OF SERBIA;12;2016;0_JS;Public sector;54203;RSD;RSD;SORS;Average net earnings;A;Normal value
2403040104IND01;RS;REPUBLIC OF SERBIA;12;2016;0_VJS;Non-public sector;52786;RSD;RSD;SORS;Average net earnings;A;Normal value
2403040104IND01;RS;REPUBLIC OF SERBIA;12;2016;1_JD;Public state enterprises;67975;RSD;RSD;SORS;Average net earnings;A;Normal value
2403040104IND01;RS;REPUBLIC OF SERBIA;12;2016;2_JL;Public local enterprises;49718;RSD;RSD;SORS;Average net earnings;A;Normal value
2403040104IND01;RS;REPUBLIC OF SERBIA;12;2016;3_4_5_BK;General government;51526;RSD;RSD;SORS;Average net earnings;A;Normal value
2403040104IND01;RS;REPUBLIC OF SERBIA;12;2016;3_ZS;Health and social work;56020;RSD;RSD;SORS;Average net earnings;A;Normal value
2403040104IND01;RS;REPUBLIC OF SERBIA;12;2016;4_OK;Education and culture;43942;RSD;RSD;SORS;Average net earnings;A;Normal value
2403040104IND01;RS;REPUBLIC OF SERBIA;12;2016;5_AD;Administration - all levels;57213;RSD;RSD;SORS;Average net earnings;A;Normal value
2403040104IND01;RS;REPUBLIC OF SERBIA;12;2016;5_AD2;Administration - government  level;;RSD;RSD;SORS;Average net earnings;O;Not available
2403040104IND01;RS;REPUBLIC OF SERBIA;12;2016;5_AD3;Administration - autonomous  province level;;RSD;RSD;SORS;Average net earnings;O;Not available
2403040104IND01;RS;REPUBLIC OF SERBIA;12;2016;5_AD4;Administration - local authorities’ level;;RSD;RSD;SORS;Average net earnings;O;Not available
2403040104IND01;RS;REPUBLIC OF SERBIA;12;2017;0;Total;54344;RSD;RSD;SORS;Average net earnings;A;Normal value
2403040104IND01;RS;REPUBLIC OF SERBIA;12;2017;0_JP_JD_JL;Public enterprises;59458;RSD;RSD;SORS;Average net earnings;A;Normal value
2403040104IND01;RS;REPUBLIC OF SERBIA;12;2017;0_JS;Public sector;52373;RSD;RSD;SORS;Average net earnings;A;Normal value
2403040104IND01;RS;REPUBLIC OF SERBIA;12;2017;0_VJS;Non-public sector;56053;RSD;RSD;SORS;Average net earnings;A;Normal value
2403040104IND01;RS;REPUBLIC OF SERBIA;12;2017;1_JD;Public state enterprises;66875;RSD;RSD;SORS;Average net earnings;A;Normal value
2403040104IND01;RS;REPUBLIC OF SERBIA;12;2017;2_JL;Public local enterprises;49270;RSD;RSD;SORS;Average net earnings;A;Normal value
2403040104IND01;RS;REPUBLIC OF SERBIA;12;2017;3_4_5_BK;General government;49367;RSD;RSD;SORS;Average net earnings;A;Normal value
2403040104IND01;RS;REPUBLIC OF SERBIA;12;2017;3_ZS;Health and social work;47235;RSD;RSD;SORS;Average net earnings;A;Normal value
2403040104IND01;RS;REPUBLIC OF SERBIA;12;2017;4_OK;Education and culture;46563;RSD;RSD;SORS;Average net earnings;A;Normal value
2403040104IND01;RS;REPUBLIC OF SERBIA;12;2017;5_AD;Administration - all levels;59514;RSD;RSD;SORS;Average net earnings;A;Normal value
2403040104IND01;RS;REPUBLIC OF SERBIA;12;2017;5_AD2;Administration - government  level;;RSD;RSD;SORS;Average net earnings;O;Not available
2403040104IND01;RS;REPUBLIC OF SERBIA;12;2017;5_AD3;Administration - autonomous  province level;;RSD;RSD;SORS;Average net earnings;O;Not available
2403040104IND01;RS;REPUBLIC OF SERBIA;12;2017;5_AD4;Administration - local authorities’ level;;RSD;RSD;SORS;Average net earnings;O;Not available
2403040104IND01;RS;REPUBLIC OF SERBIA;12;2018;0;Total;52372;RSD;RSD;SORS;Average net earnings;A;Normal value
2403040104IND01;RS;REPUBLIC OF SERBIA;12;2018;0_JP_JD_JL;Public enterprises;62273;RSD;RSD;SORS;Average net earnings;A;Normal value
2403040104IND01;RS;REPUBLIC OF SERBIA;12;2018;0_JS;Public sector;56431;RSD;RSD;SORS;Average net earnings;A;Normal value
2403040104IND01;RS;REPUBLIC OF SERBIA;12;2018;0_VJS;Non-public sector;50422;RSD;RSD;SORS;Average net earnings;A;Normal value
2403040104IND01;RS;REPUBLIC OF SERBIA;12;2018;1_JD;Public state enterprises;71177;RSD;RSD;SORS;Average net earnings;A;Normal value
2403040104IND01;RS;REPUBLIC OF SERBIA;12;2018;2_JL;Public local enterprises;49147;RSD;RSD;SORS;Average net earnings;A;Normal value
2403040104IND01;RS;REPUBLIC OF SERBIA;12;2018;3_4_5_BK;General government;54492;RSD;RSD;SORS;Average net earnings;A;Normal value
2403040104IND01;RS;REPUBLIC OF SERBIA;12;2018;3_ZS;Health and social work;50609;RSD;RSD;SORS;Average net earnings;A;Normal value
2403040104IND01;RS;REPUBLIC OF SERBIA;12;2018;4_OK;Education and culture;53163;RSD;RSD;SORS;Average net earnings;A;Normal value
2403040104IND01;RS;REPUBLIC OF SERBIA;12;2018;5_AD;Administration - all levels;59246;RSD;RSD;SORS;Average net earnings;A;Normal value
2403040104IND01;RS;REPUBLIC OF SERBIA;12;2018;5_AD2;Administration - government  level;61207;RSD;RSD;SORS;Average net earnings;A;Normal value
2403040104IND01;RS;REPUBLIC OF SERBIA;12;2018;5_AD3;Administration - autonomous  province level;64045;RSD;RSD;SORS;Average net earnings;A;Normal value
2403040104IND01;RS;REPUBLIC OF SERBIA;12;2018;5_AD4;Administration - local authorities’ level;49250;RSD;RSD;SORS;Average net earnings;A;Normal value
2403040104IND01;RS;REPUBLIC OF SERBIA;12;2019;0;Total;59772;RSD;RSD;SORS;Average net earnings;A;Normal value
2403040104IND01;RS;REPUBLIC OF SERBIA;12;2019;0_JP_JD_JL;Public enterprises;69287;RSD;RSD;SORS;Average net earnings;A;Normal value
2403040104IND01;RS;REPUBLIC OF SERBIA;12;2019;0_JS;Public sector;65987;RSD;RSD;SORS;Average net earnings;A;Normal value
2403040104IND01;RS;REPUBLIC OF SERBIA;12;2019;0_VJS;Non-public sector;56959;RSD;RSD;SORS;Average net earnings;A;Normal value
2403040104IND01;RS;REPUBLIC OF SERBIA;12;2019;1_JD;Public state enterprises;80639;RSD;RSD;SORS;Average net earnings;A;Normal value
2403040104IND01;RS;REPUBLIC OF SERBIA;12;2019;2_JL;Public local enterprises;53652;RSD;RSD;SORS;Average net earnings;A;Normal value
2403040104IND01;RS;REPUBLIC OF SERBIA;12;2019;3_4_5_BK;General government;64933;RSD;RSD;SORS;Average net earnings;A;Normal value
2403040104IND01;RS;REPUBLIC OF SERBIA;12;2019;3_ZS;Health and social work;61633;RSD;RSD;SORS;Average net earnings;A;Normal value
2403040104IND01;RS;REPUBLIC OF SERBIA;12;2019;4_OK;Education and culture;62507;RSD;RSD;SORS;Average net earnings;A;Normal value
2403040104IND01;RS;REPUBLIC OF SERBIA;12;2019;5_AD;Administration - all levels;70164;RSD;RSD;SORS;Average net earnings;A;Normal value
2403040104IND01;RS;REPUBLIC OF SERBIA;12;2019;5_AD2;Administration - government  level;72617;RSD;RSD;SORS;Average net earnings;A;Normal value
2403040104IND01;RS;REPUBLIC OF SERBIA;12;2019;5_AD3;Administration - autonomous  province level;74008;RSD;RSD;SORS;Average net earnings;A;Normal value
2403040104IND01;RS;REPUBLIC OF SERBIA;12;2019;5_AD4;Administration - local authorities’ level;57902;RSD;RSD;SORS;Average net earnings;A;Normal value
2403040104IND01;RS;REPUBLIC OF SERBIA;12;2020;0;Total;66092;RSD;RSD;SORS;Average net earnings;A;Normal value
2403040104IND01;RS;REPUBLIC OF SERBIA;12;2020;0_JP_JD_JL;Public enterprises;74345;RSD;RSD;SORS;Average net earnings;A;Normal value
2403040104IND01;RS;REPUBLIC OF SERBIA;12;2020;0_JS;Public sector;71800;RSD;RSD;SORS;Average net earnings;A;Normal value
2403040104IND01;RS;REPUBLIC OF SERBIA;12;2020;0_VJS;Non-public sector;63656;RSD;RSD;SORS;Average net earnings;A;Normal value
2403040104IND01;RS;REPUBLIC OF SERBIA;12;2020;1_JD;Public state enterprises;82106;RSD;RSD;SORS;Average net earnings;A;Normal value
2403040104IND01;RS;REPUBLIC OF SERBIA;12;2020;2_JL;Public local enterprises;63696;RSD;RSD;SORS;Average net earnings;A;Normal value
2403040104IND01;RS;REPUBLIC OF SERBIA;12;2020;3_4_5_BK;General government;70991;RSD;RSD;SORS;Average net earnings;A;Normal value
2403040104IND01;RS;REPUBLIC OF SERBIA;12;2020;3_ZS;Health and social work;74211;RSD;RSD;SORS;Average net earnings;A;Normal value
2403040104IND01;RS;REPUBLIC OF SERBIA;12;2020;4_OK;Education and culture;65759;RSD;RSD;SORS;Average net earnings;A;Normal value
2403040104IND01;RS;REPUBLIC OF SERBIA;12;2020;5_AD;Administration - all levels;72876;RSD;RSD;SORS;Average net earnings;A;Normal value
2403040104IND01;RS;REPUBLIC OF SERBIA;12;2020;5_AD2;Administration - government  level;75559;RSD;RSD;SORS;Average net earnings;A;Normal value
2403040104IND01;RS;REPUBLIC OF SERBIA;12;2020;5_AD3;Administration - autonomous  province level;80540;RSD;RSD;SORS;Average net earnings;A;Normal value
2403040104IND01;RS;REPUBLIC OF SERBIA;12;2020;5_AD4;Administration - local authorities’ level;59351;RSD;RSD;SORS;Average net earnings;A;Normal value
2403040104IND01;RS;REPUBLIC OF SERBIA;12;2021;0;Total;74629;RSD;RSD;SORS;Average net earnings;A;Normal value
2403040104IND01;RS;REPUBLIC OF SERBIA;12;2021;0_JP_JD_JL;Public enterprises;78474;RSD;RSD;SORS;Average net earnings;A;Normal value
2403040104IND01;RS;REPUBLIC OF SERBIA;12;2021;0_JS;Public sector;74526;RSD;RSD;SORS;Average net earnings;A;Normal value
2403040104IND01;RS;REPUBLIC OF SERBIA;12;2021;0_VJS;Non-public sector;74673;RSD;RSD;SORS;Average net earnings;A;Normal value
2403040104IND01;RS;REPUBLIC OF SERBIA;12;2021;1_JD;Public state enterprises;86891;RSD;RSD;SORS;Average net earnings;A;Normal value
2403040104IND01;RS;REPUBLIC OF SERBIA;12;2021;2_JL;Public local enterprises;66774;RSD;RSD;SORS;Average net earnings;A;Normal value
2403040104IND01;RS;REPUBLIC OF SERBIA;12;2021;3_4_5_BK;General government;73271;RSD;RSD;SORS;Average net earnings;A;Normal value
2403040104IND01;RS;REPUBLIC OF SERBIA;12;2021;3_ZS;Health and social work;74857;RSD;RSD;SORS;Average net earnings;A;Normal value
2403040104IND01;RS;REPUBLIC OF SERBIA;12;2021;4_OK;Education and culture;68130;RSD;RSD;SORS;Average net earnings;A;Normal value
2403040104IND01;RS;REPUBLIC OF SERBIA;12;2021;5_AD;Administration - all levels;76603;RSD;RSD;SORS;Average net earnings;A;Normal value
2403040104IND01;RS;REPUBLIC OF SERBIA;12;2021;5_AD2;Administration - government  level;79381;RSD;RSD;SORS;Average net earnings;A;Normal value
2403040104IND01;RS;REPUBLIC OF SERBIA;12;2021;5_AD3;Administration - autonomous  province level;82490;RSD;RSD;SORS;Average net earnings;A;Normal value
2403040104IND01;RS;REPUBLIC OF SERBIA;12;2021;5_AD4;Administration - local authorities’ level;62796;RSD;RSD;SORS;Average net earnings;A;Normal value
2403040104IND01;RS;REPUBLIC OF SERBIA;12;2022;0;Total;84227;RSD;RSD;SORS;Average net earnings;A;Normal value
2403040104IND01;RS;REPUBLIC OF SERBIA;12;2022;0_JP_JD_JL;Public enterprises;84378;RSD;RSD;SORS;Average net earnings;A;Normal value
2403040104IND01;RS;REPUBLIC OF SERBIA;12;2022;0_JS;Public sector;79491;RSD;RSD;SORS;Average net earnings;A;Normal value
2403040104IND01;RS;REPUBLIC OF SERBIA;12;2022;0_VJS;Non-public sector;86162;RSD;RSD;SORS;Average net earnings;A;Normal value
2403040104IND01;RS;REPUBLIC OF SERBIA;12;2022;1_JD;Public state enterprises;91279;RSD;RSD;SORS;Average net earnings;A;Normal value
2403040104IND01;RS;REPUBLIC OF SERBIA;12;2022;2_JL;Public local enterprises;74849;RSD;RSD;SORS;Average net earnings;A;Normal value
2403040104IND01;RS;REPUBLIC OF SERBIA;12;2022;3_4_5_BK;General government;77955;RSD;RSD;SORS;Average net earnings;A;Normal value
2403040104IND01;RS;REPUBLIC OF SERBIA;12;2022;3_ZS;Health and social work;78487;RSD;RSD;SORS;Average net earnings;A;Normal value
2403040104IND01;RS;REPUBLIC OF SERBIA;12;2022;4_OK;Education and culture;72905;RSD;RSD;SORS;Average net earnings;A;Normal value
2403040104IND01;RS;REPUBLIC OF SERBIA;12;2022;5_AD;Administration - all levels;82189;RSD;RSD;SORS;Average net earnings;A;Normal value
2403040104IND01;RS;REPUBLIC OF SERBIA;12;2022;5_AD2;Administration - government  level;85116;RSD;RSD;SORS;Average net earnings;A;Normal value
2403040104IND01;RS;REPUBLIC OF SERBIA;12;2022;5_AD3;Administration - autonomous  province level;87574;RSD;RSD;SORS;Average net earnings;A;Normal value
2403040104IND01;RS;REPUBLIC OF SERBIA;12;2022;5_AD4;Administration - local authorities’ level;67536;RSD;RSD;SORS;Average net earnings;A;Normal value
2403040104IND01;RS;REPUBLIC OF SERBIA;12;2023;0;Total;95093;RSD;RSD;SORS;Average net earnings;A;Normal value
2403040104IND01;RS;REPUBLIC OF SERBIA;12;2023;0_JP_JD_JL;Public enterprises;97565;RSD;RSD;SORS;Average net earnings;A;Normal value
2403040104IND01;RS;REPUBLIC OF SERBIA;12;2023;0_JS;Public sector;92234;RSD;RSD;SORS;Average net earnings;A;Normal value
2403040104IND01;RS;REPUBLIC OF SERBIA;12;2023;0_VJS;Non-public sector;96249;RSD;RSD;SORS;Average net earnings;A;Normal value
2403040104IND01;RS;REPUBLIC OF SERBIA;12;2023;1_JD;Public state enterprises;106987;RSD;RSD;SORS;Average net earnings;A;Normal value
2403040104IND01;RS;REPUBLIC OF SERBIA;12;2023;2_JL;Public local enterprises;84822;RSD;RSD;SORS;Average net earnings;A;Normal value
2403040104IND01;RS;REPUBLIC OF SERBIA;12;2023;3_4_5_BK;General government;90581;RSD;RSD;SORS;Average net earnings;A;Normal value
2403040104IND01;RS;REPUBLIC OF SERBIA;12;2023;3_ZS;Health and social work;89379;RSD;RSD;SORS;Average net earnings;A;Normal value
2403040104IND01;RS;REPUBLIC OF SERBIA;12;2023;4_OK;Education and culture;85635;RSD;RSD;SORS;Average net earnings;A;Normal value
2403040104IND01;RS;REPUBLIC OF SERBIA;12;2023;5_AD;Administration - all levels;96229;RSD;RSD;SORS;Average net earnings;A;Normal value
2403040104IND01;RS;REPUBLIC OF SERBIA;12;2023;5_AD2;Administration - government  level;100148;RSD;RSD;SORS;Average net earnings;A;Normal value
2403040104IND01;RS;REPUBLIC OF SERBIA;12;2023;5_AD3;Administration - autonomous  province level;100771;RSD;RSD;SORS;Average net earnings;A;Normal value
2403040104IND01;RS;REPUBLIC OF SERBIA;12;2023;5_AD4;Administration - local authorities’ level;76645;RSD;RSD;SORS;Average net earnings;A;Normal value
2403040104IND01;RS;REPUBLIC OF SERBIA;12;2024;0;Total;108312;RSD;RSD;SORS;Average net earnings;A;Normal value
2403040104IND01;RS;REPUBLIC OF SERBIA;12;2024;0_JP_JD_JL;Public enterprises;110507;RSD;RSD;SORS;Average net earnings;A;Normal value
2403040104IND01;RS;REPUBLIC OF SERBIA;12;2024;0_JS;Public sector;103394;RSD;RSD;SORS;Average net earnings;A;Normal value
2403040104IND01;RS;REPUBLIC OF SERBIA;12;2024;0_VJS;Non-public sector;110288;RSD;RSD;SORS;Average net earnings;A;Normal value
2403040104IND01;RS;REPUBLIC OF SERBIA;12;2024;1_JD;Public state enterprises;120901;RSD;RSD;SORS;Average net earnings;A;Normal value
2403040104IND01;RS;REPUBLIC OF SERBIA;12;2024;2_JL;Public local enterprises;96441;RSD;RSD;SORS;Average net earnings;A;Normal value
2403040104IND01;RS;REPUBLIC OF SERBIA;12;2024;3_4_5_BK;General government;101211;RSD;RSD;SORS;Average net earnings;A;Normal value
2403040104IND01;RS;REPUBLIC OF SERBIA;12;2024;3_ZS;Health and social work;99577;RSD;RSD;SORS;Average net earnings;A;Normal value
2403040104IND01;RS;REPUBLIC OF SERBIA;12;2024;4_OK;Education and culture;95642;RSD;RSD;SORS;Average net earnings;A;Normal value
2403040104IND01;RS;REPUBLIC OF SERBIA;12;2024;5_AD;Administration - all levels;107972;RSD;RSD;SORS;Average net earnings;A;Normal value
2403040104IND01;RS;REPUBLIC OF SERBIA;12;2024;5_AD2;Administration - government  level;112171;RSD;RSD;SORS;Average net earnings;A;Normal value
2403040104IND01;RS;REPUBLIC OF SERBIA;12;2024;5_AD3;Administration - autonomous  province level;111278;RSD;RSD;SORS;Average net earnings;A;Normal value
2403040104IND01;RS;REPUBLIC OF SERBIA;12;2024;5_AD4;Administration - local authorities’ level;86916;RSD;RSD;SORS;Average net earnings;A;Normal value
2403040104IND01;RS;REPUBLIC OF SERBIA;12;2025;0;Total;124089;RSD;RSD;SORS;Average net earnings;A;Normal value
2403040104IND01;RS;REPUBLIC OF SERBIA;12;2025;0_JP_JD_JL;Public enterprises;126813;RSD;RSD;SORS;Average net earnings;A;Normal value
2403040104IND01;RS;REPUBLIC OF SERBIA;12;2025;0_JS;Public sector;119345;RSD;RSD;SORS;Average net earnings;A;Normal value
2403040104IND01;RS;REPUBLIC OF SERBIA;12;2025;0_VJS;Non-public sector;125999;RSD;RSD;SORS;Average net earnings;A;Normal value
2403040104IND01;RS;REPUBLIC OF SERBIA;12;2025;1_JD;Public state enterprises;134364;RSD;RSD;SORS;Average net earnings;A;Normal value
2403040104IND01;RS;REPUBLIC OF SERBIA;12;2025;2_JL;Public local enterprises;116659;RSD;RSD;SORS;Average net earnings;A;Normal value
2403040104IND01;RS;REPUBLIC OF SERBIA;12;2025;3_4_5_BK;General government;117088;RSD;RSD;SORS;Average net earnings;A;Normal value
2403040104IND01;RS;REPUBLIC OF SERBIA;12;2025;3_ZS;Health and social work;114721;RSD;RSD;SORS;Average net earnings;A;Normal value
2403040104IND01;RS;REPUBLIC OF SERBIA;12;2025;4_OK;Education and culture;115485;RSD;RSD;SORS;Average net earnings;A;Normal value
2403040104IND01;RS;REPUBLIC OF SERBIA;12;2025;5_AD;Administration - all levels;120990;RSD;RSD;SORS;Average net earnings;A;Normal value
2403040104IND01;RS;REPUBLIC OF SERBIA;12;2025;5_AD2;Administration - government  level;125004;RSD;RSD;SORS;Average net earnings;A;Normal value
2403040104IND01;RS;REPUBLIC OF SERBIA;12;2025;5_AD3;Administration - autonomous  province level;121148;RSD;RSD;SORS;Average net earnings;A;Normal value
2403040104IND01;RS;REPUBLIC OF SERBIA;12;2025;5_AD4;Administration - local authorities’ level;100767;RSD;RSD;SORS;Average net earnings;A;Normal value
