idindikator;IDTer;nTer;mes;god;IDJavniSEK;nJavniSEK;vrednost;idJedinicaMere;nJedinicaMere;nIzvorI;Indikator;IDStatusPodatka;nStatusPodatka
2403040104IND02;RS;REPUBLIC OF SERBIA;01;2003;0;Total;13659;RSD;RSD;SORS;Average gross earnings;A;Normal value
2403040104IND02;RS;REPUBLIC OF SERBIA;01;2003;0_JP_JD_JL;Public enterprises;21260;RSD;RSD;SORS;Average gross earnings;A;Normal value
2403040104IND02;RS;REPUBLIC OF SERBIA;01;2003;0_JS;Public sector;17550;RSD;RSD;SORS;Average gross earnings;A;Normal value
2403040104IND02;RS;REPUBLIC OF SERBIA;01;2003;0_VJS;Non-public sector;11064;RSD;RSD;SORS;Average gross earnings;A;Normal value
2403040104IND02;RS;REPUBLIC OF SERBIA;01;2003;1_JD;Public state enterprises;22100;RSD;RSD;SORS;Average gross earnings;A;Normal value
2403040104IND02;RS;REPUBLIC OF SERBIA;01;2003;2_JL;Public local enterprises;19254;RSD;RSD;SORS;Average gross earnings;A;Normal value
2403040104IND02;RS;REPUBLIC OF SERBIA;01;2003;3_4_5_BK;General government;15439;RSD;RSD;SORS;Average gross earnings;A;Normal value
2403040104IND02;RS;REPUBLIC OF SERBIA;01;2003;3_ZS;Health and social work;12323;RSD;RSD;SORS;Average gross earnings;A;Normal value
2403040104IND02;RS;REPUBLIC OF SERBIA;01;2003;4_OK;Education and culture;17953;RSD;RSD;SORS;Average gross earnings;A;Normal value
2403040104IND02;RS;REPUBLIC OF SERBIA;01;2003;5_AD;Administration - all levels;18331;RSD;RSD;SORS;Average gross earnings;A;Normal value
2403040104IND02;RS;REPUBLIC OF SERBIA;01;2003;5_AD2;Administration - government  level;;RSD;RSD;SORS;Average gross earnings;O;Not available
2403040104IND02;RS;REPUBLIC OF SERBIA;01;2003;5_AD3;Administration - autonomous  province level;;RSD;RSD;SORS;Average gross earnings;O;Not available
2403040104IND02;RS;REPUBLIC OF SERBIA;01;2003;5_AD4;Administration - local authorities’ level;;RSD;RSD;SORS;Average gross earnings;O;Not available
2403040104IND02;RS;REPUBLIC OF SERBIA;01;2004;0;Total;17498;RSD;RSD;SORS;Average gross earnings;A;Normal value
2403040104IND02;RS;REPUBLIC OF SERBIA;01;2004;0_JP_JD_JL;Public enterprises;26406;RSD;RSD;SORS;Average gross earnings;A;Normal value
2403040104IND02;RS;REPUBLIC OF SERBIA;01;2004;0_JS;Public sector;21573;RSD;RSD;SORS;Average gross earnings;A;Normal value
2403040104IND02;RS;REPUBLIC OF SERBIA;01;2004;0_VJS;Non-public sector;14515;RSD;RSD;SORS;Average gross earnings;A;Normal value
2403040104IND02;RS;REPUBLIC OF SERBIA;01;2004;1_JD;Public state enterprises;27328;RSD;RSD;SORS;Average gross earnings;A;Normal value
2403040104IND02;RS;REPUBLIC OF SERBIA;01;2004;2_JL;Public local enterprises;24316;RSD;RSD;SORS;Average gross earnings;A;Normal value
2403040104IND02;RS;REPUBLIC OF SERBIA;01;2004;3_4_5_BK;General government;18892;RSD;RSD;SORS;Average gross earnings;A;Normal value
2403040104IND02;RS;REPUBLIC OF SERBIA;01;2004;3_ZS;Health and social work;14937;RSD;RSD;SORS;Average gross earnings;A;Normal value
2403040104IND02;RS;REPUBLIC OF SERBIA;01;2004;4_OK;Education and culture;21016;RSD;RSD;SORS;Average gross earnings;A;Normal value
2403040104IND02;RS;REPUBLIC OF SERBIA;01;2004;5_AD;Administration - all levels;24189;RSD;RSD;SORS;Average gross earnings;A;Normal value
2403040104IND02;RS;REPUBLIC OF SERBIA;01;2004;5_AD2;Administration - government  level;;RSD;RSD;SORS;Average gross earnings;O;Not available
2403040104IND02;RS;REPUBLIC OF SERBIA;01;2004;5_AD3;Administration - autonomous  province level;;RSD;RSD;SORS;Average gross earnings;O;Not available
2403040104IND02;RS;REPUBLIC OF SERBIA;01;2004;5_AD4;Administration - local authorities’ level;;RSD;RSD;SORS;Average gross earnings;O;Not available
2403040104IND02;RS;REPUBLIC OF SERBIA;01;2005;0;Total;20897;RSD;RSD;SORS;Average gross earnings;A;Normal value
2403040104IND02;RS;REPUBLIC OF SERBIA;01;2005;0_JP_JD_JL;Public enterprises;31314;RSD;RSD;SORS;Average gross earnings;A;Normal value
2403040104IND02;RS;REPUBLIC OF SERBIA;01;2005;0_JS;Public sector;25403;RSD;RSD;SORS;Average gross earnings;A;Normal value
2403040104IND02;RS;REPUBLIC OF SERBIA;01;2005;0_VJS;Non-public sector;17212;RSD;RSD;SORS;Average gross earnings;A;Normal value
2403040104IND02;RS;REPUBLIC OF SERBIA;01;2005;1_JD;Public state enterprises;31702;RSD;RSD;SORS;Average gross earnings;A;Normal value
2403040104IND02;RS;REPUBLIC OF SERBIA;01;2005;2_JL;Public local enterprises;30508;RSD;RSD;SORS;Average gross earnings;A;Normal value
2403040104IND02;RS;REPUBLIC OF SERBIA;01;2005;3_4_5_BK;General government;22130;RSD;RSD;SORS;Average gross earnings;A;Normal value
2403040104IND02;RS;REPUBLIC OF SERBIA;01;2005;3_ZS;Health and social work;18074;RSD;RSD;SORS;Average gross earnings;A;Normal value
2403040104IND02;RS;REPUBLIC OF SERBIA;01;2005;4_OK;Education and culture;24107;RSD;RSD;SORS;Average gross earnings;A;Normal value
2403040104IND02;RS;REPUBLIC OF SERBIA;01;2005;5_AD;Administration - all levels;27873;RSD;RSD;SORS;Average gross earnings;A;Normal value
2403040104IND02;RS;REPUBLIC OF SERBIA;01;2005;5_AD2;Administration - government  level;;RSD;RSD;SORS;Average gross earnings;O;Not available
2403040104IND02;RS;REPUBLIC OF SERBIA;01;2005;5_AD3;Administration - autonomous  province level;;RSD;RSD;SORS;Average gross earnings;O;Not available
2403040104IND02;RS;REPUBLIC OF SERBIA;01;2005;5_AD4;Administration - local authorities’ level;;RSD;RSD;SORS;Average gross earnings;O;Not available
2403040104IND02;RS;REPUBLIC OF SERBIA;01;2006;0;Total;26603;RSD;RSD;SORS;Average gross earnings;A;Normal value
2403040104IND02;RS;REPUBLIC OF SERBIA;01;2006;0_JP_JD_JL;Public enterprises;36509;RSD;RSD;SORS;Average gross earnings;A;Normal value
2403040104IND02;RS;REPUBLIC OF SERBIA;01;2006;0_JS;Public sector;31262;RSD;RSD;SORS;Average gross earnings;A;Normal value
2403040104IND02;RS;REPUBLIC OF SERBIA;01;2006;0_VJS;Non-public sector;22602;RSD;RSD;SORS;Average gross earnings;A;Normal value
2403040104IND02;RS;REPUBLIC OF SERBIA;01;2006;1_JD;Public state enterprises;38813;RSD;RSD;SORS;Average gross earnings;A;Normal value
2403040104IND02;RS;REPUBLIC OF SERBIA;01;2006;2_JL;Public local enterprises;32440;RSD;RSD;SORS;Average gross earnings;A;Normal value
2403040104IND02;RS;REPUBLIC OF SERBIA;01;2006;3_4_5_BK;General government;28510;RSD;RSD;SORS;Average gross earnings;A;Normal value
2403040104IND02;RS;REPUBLIC OF SERBIA;01;2006;3_ZS;Health and social work;20883;RSD;RSD;SORS;Average gross earnings;A;Normal value
2403040104IND02;RS;REPUBLIC OF SERBIA;01;2006;4_OK;Education and culture;32258;RSD;RSD;SORS;Average gross earnings;A;Normal value
2403040104IND02;RS;REPUBLIC OF SERBIA;01;2006;5_AD;Administration - all levels;39209;RSD;RSD;SORS;Average gross earnings;A;Normal value
2403040104IND02;RS;REPUBLIC OF SERBIA;01;2006;5_AD2;Administration - government  level;;RSD;RSD;SORS;Average gross earnings;O;Not available
2403040104IND02;RS;REPUBLIC OF SERBIA;01;2006;5_AD3;Administration - autonomous  province level;;RSD;RSD;SORS;Average gross earnings;O;Not available
2403040104IND02;RS;REPUBLIC OF SERBIA;01;2006;5_AD4;Administration - local authorities’ level;;RSD;RSD;SORS;Average gross earnings;O;Not available
2403040104IND02;RS;REPUBLIC OF SERBIA;01;2007;0;Total;33770;RSD;RSD;SORS;Average gross earnings;A;Normal value
2403040104IND02;RS;REPUBLIC OF SERBIA;01;2007;0_JP_JD_JL;Public enterprises;52717;RSD;RSD;SORS;Average gross earnings;A;Normal value
2403040104IND02;RS;REPUBLIC OF SERBIA;01;2007;0_JS;Public sector;40886;RSD;RSD;SORS;Average gross earnings;A;Normal value
2403040104IND02;RS;REPUBLIC OF SERBIA;01;2007;0_VJS;Non-public sector;27126;RSD;RSD;SORS;Average gross earnings;A;Normal value
2403040104IND02;RS;REPUBLIC OF SERBIA;01;2007;1_JD;Public state enterprises;59690;RSD;RSD;SORS;Average gross earnings;A;Normal value
2403040104IND02;RS;REPUBLIC OF SERBIA;01;2007;2_JL;Public local enterprises;40819;RSD;RSD;SORS;Average gross earnings;A;Normal value
2403040104IND02;RS;REPUBLIC OF SERBIA;01;2007;3_4_5_BK;General government;34874;RSD;RSD;SORS;Average gross earnings;A;Normal value
2403040104IND02;RS;REPUBLIC OF SERBIA;01;2007;3_ZS;Health and social work;27515;RSD;RSD;SORS;Average gross earnings;A;Normal value
2403040104IND02;RS;REPUBLIC OF SERBIA;01;2007;4_OK;Education and culture;38199;RSD;RSD;SORS;Average gross earnings;A;Normal value
2403040104IND02;RS;REPUBLIC OF SERBIA;01;2007;5_AD;Administration - all levels;45285;RSD;RSD;SORS;Average gross earnings;A;Normal value
2403040104IND02;RS;REPUBLIC OF SERBIA;01;2007;5_AD2;Administration - government  level;;RSD;RSD;SORS;Average gross earnings;O;Not available
2403040104IND02;RS;REPUBLIC OF SERBIA;01;2007;5_AD3;Administration - autonomous  province level;;RSD;RSD;SORS;Average gross earnings;O;Not available
2403040104IND02;RS;REPUBLIC OF SERBIA;01;2007;5_AD4;Administration - local authorities’ level;;RSD;RSD;SORS;Average gross earnings;O;Not available
2403040104IND02;RS;REPUBLIC OF SERBIA;01;2008;0;Total;39331;RSD;RSD;SORS;Average gross earnings;A;Normal value
2403040104IND02;RS;REPUBLIC OF SERBIA;01;2008;0_JP_JD_JL;Public enterprises;52180;RSD;RSD;SORS;Average gross earnings;A;Normal value
2403040104IND02;RS;REPUBLIC OF SERBIA;01;2008;0_JS;Public sector;45164;RSD;RSD;SORS;Average gross earnings;A;Normal value
2403040104IND02;RS;REPUBLIC OF SERBIA;01;2008;0_VJS;Non-public sector;33355;RSD;RSD;SORS;Average gross earnings;A;Normal value
2403040104IND02;RS;REPUBLIC OF SERBIA;01;2008;1_JD;Public state enterprises;56325;RSD;RSD;SORS;Average gross earnings;A;Normal value
2403040104IND02;RS;REPUBLIC OF SERBIA;01;2008;2_JL;Public local enterprises;45027;RSD;RSD;SORS;Average gross earnings;A;Normal value
2403040104IND02;RS;REPUBLIC OF SERBIA;01;2008;3_4_5_BK;General government;41728;RSD;RSD;SORS;Average gross earnings;A;Normal value
2403040104IND02;RS;REPUBLIC OF SERBIA;01;2008;3_ZS;Health and social work;32530;RSD;RSD;SORS;Average gross earnings;A;Normal value
2403040104IND02;RS;REPUBLIC OF SERBIA;01;2008;4_OK;Education and culture;47184;RSD;RSD;SORS;Average gross earnings;A;Normal value
2403040104IND02;RS;REPUBLIC OF SERBIA;01;2008;5_AD;Administration - all levels;51942;RSD;RSD;SORS;Average gross earnings;A;Normal value
2403040104IND02;RS;REPUBLIC OF SERBIA;01;2008;5_AD2;Administration - government  level;;RSD;RSD;SORS;Average gross earnings;O;Not available
2403040104IND02;RS;REPUBLIC OF SERBIA;01;2008;5_AD3;Administration - autonomous  province level;;RSD;RSD;SORS;Average gross earnings;O;Not available
2403040104IND02;RS;REPUBLIC OF SERBIA;01;2008;5_AD4;Administration - local authorities’ level;;RSD;RSD;SORS;Average gross earnings;O;Not available
2403040104IND02;RS;REPUBLIC OF SERBIA;01;2009;0;Total;40245;RSD;RSD;SORS;Average gross earnings;B;Time series break
2403040104IND02;RS;REPUBLIC OF SERBIA;01;2009;0_JP_JD_JL;Public enterprises;58680;RSD;RSD;SORS;Average gross earnings;B;Time series break
2403040104IND02;RS;REPUBLIC OF SERBIA;01;2009;0_JS;Public sector;49715;RSD;RSD;SORS;Average gross earnings;B;Time series break
2403040104IND02;RS;REPUBLIC OF SERBIA;01;2009;0_VJS;Non-public sector;32602;RSD;RSD;SORS;Average gross earnings;B;Time series break
2403040104IND02;RS;REPUBLIC OF SERBIA;01;2009;1_JD;Public state enterprises;62923;RSD;RSD;SORS;Average gross earnings;B;Time series break
2403040104IND02;RS;REPUBLIC OF SERBIA;01;2009;2_JL;Public local enterprises;51310;RSD;RSD;SORS;Average gross earnings;B;Time series break
2403040104IND02;RS;REPUBLIC OF SERBIA;01;2009;3_4_5_BK;General government;45414;RSD;RSD;SORS;Average gross earnings;B;Time series break
2403040104IND02;RS;REPUBLIC OF SERBIA;01;2009;3_ZS;Health and social work;35608;RSD;RSD;SORS;Average gross earnings;B;Time series break
2403040104IND02;RS;REPUBLIC OF SERBIA;01;2009;4_OK;Education and culture;50054;RSD;RSD;SORS;Average gross earnings;B;Time series break
2403040104IND02;RS;REPUBLIC OF SERBIA;01;2009;5_AD;Administration - all levels;58669;RSD;RSD;SORS;Average gross earnings;B;Time series break
2403040104IND02;RS;REPUBLIC OF SERBIA;01;2009;5_AD2;Administration - government  level;;RSD;RSD;SORS;Average gross earnings;O;Not available
2403040104IND02;RS;REPUBLIC OF SERBIA;01;2009;5_AD3;Administration - autonomous  province level;;RSD;RSD;SORS;Average gross earnings;O;Not available
2403040104IND02;RS;REPUBLIC OF SERBIA;01;2009;5_AD4;Administration - local authorities’ level;;RSD;RSD;SORS;Average gross earnings;O;Not available
2403040104IND02;RS;REPUBLIC OF SERBIA;01;2010;0;Total;41651;RSD;RSD;SORS;Average gross earnings;A;Normal value
2403040104IND02;RS;REPUBLIC OF SERBIA;01;2010;0_JP_JD_JL;Public enterprises;60612;RSD;RSD;SORS;Average gross earnings;A;Normal value
2403040104IND02;RS;REPUBLIC OF SERBIA;01;2010;0_JS;Public sector;49335;RSD;RSD;SORS;Average gross earnings;A;Normal value
2403040104IND02;RS;REPUBLIC OF SERBIA;01;2010;0_VJS;Non-public sector;35254;RSD;RSD;SORS;Average gross earnings;A;Normal value
2403040104IND02;RS;REPUBLIC OF SERBIA;01;2010;1_JD;Public state enterprises;67378;RSD;RSD;SORS;Average gross earnings;A;Normal value
2403040104IND02;RS;REPUBLIC OF SERBIA;01;2010;2_JL;Public local enterprises;50110;RSD;RSD;SORS;Average gross earnings;A;Normal value
2403040104IND02;RS;REPUBLIC OF SERBIA;01;2010;3_4_5_BK;General government;44401;RSD;RSD;SORS;Average gross earnings;A;Normal value
2403040104IND02;RS;REPUBLIC OF SERBIA;01;2010;3_ZS;Health and social work;35621;RSD;RSD;SORS;Average gross earnings;A;Normal value
2403040104IND02;RS;REPUBLIC OF SERBIA;01;2010;4_OK;Education and culture;50018;RSD;RSD;SORS;Average gross earnings;A;Normal value
2403040104IND02;RS;REPUBLIC OF SERBIA;01;2010;5_AD;Administration - all levels;53049;RSD;RSD;SORS;Average gross earnings;A;Normal value
2403040104IND02;RS;REPUBLIC OF SERBIA;01;2010;5_AD2;Administration - government  level;;RSD;RSD;SORS;Average gross earnings;O;Not available
2403040104IND02;RS;REPUBLIC OF SERBIA;01;2010;5_AD3;Administration - autonomous  province level;;RSD;RSD;SORS;Average gross earnings;O;Not available
2403040104IND02;RS;REPUBLIC OF SERBIA;01;2010;5_AD4;Administration - local authorities’ level;;RSD;RSD;SORS;Average gross earnings;O;Not available
2403040104IND02;RS;REPUBLIC OF SERBIA;01;2011;0;Total;47382;RSD;RSD;SORS;Average gross earnings;A;Normal value
2403040104IND02;RS;REPUBLIC OF SERBIA;01;2011;0_JP_JD_JL;Public enterprises;71947;RSD;RSD;SORS;Average gross earnings;A;Normal value
2403040104IND02;RS;REPUBLIC OF SERBIA;01;2011;0_JS;Public sector;55094;RSD;RSD;SORS;Average gross earnings;A;Normal value
2403040104IND02;RS;REPUBLIC OF SERBIA;01;2011;0_VJS;Non-public sector;40664;RSD;RSD;SORS;Average gross earnings;A;Normal value
2403040104IND02;RS;REPUBLIC OF SERBIA;01;2011;1_JD;Public state enterprises;84620;RSD;RSD;SORS;Average gross earnings;A;Normal value
2403040104IND02;RS;REPUBLIC OF SERBIA;01;2011;2_JL;Public local enterprises;52890;RSD;RSD;SORS;Average gross earnings;A;Normal value
2403040104IND02;RS;REPUBLIC OF SERBIA;01;2011;3_4_5_BK;General government;47908;RSD;RSD;SORS;Average gross earnings;A;Normal value
2403040104IND02;RS;REPUBLIC OF SERBIA;01;2011;3_ZS;Health and social work;37962;RSD;RSD;SORS;Average gross earnings;A;Normal value
2403040104IND02;RS;REPUBLIC OF SERBIA;01;2011;4_OK;Education and culture;51202;RSD;RSD;SORS;Average gross earnings;A;Normal value
2403040104IND02;RS;REPUBLIC OF SERBIA;01;2011;5_AD;Administration - all levels;64130;RSD;RSD;SORS;Average gross earnings;A;Normal value
2403040104IND02;RS;REPUBLIC OF SERBIA;01;2011;5_AD2;Administration - government  level;;RSD;RSD;SORS;Average gross earnings;O;Not available
2403040104IND02;RS;REPUBLIC OF SERBIA;01;2011;5_AD3;Administration - autonomous  province level;;RSD;RSD;SORS;Average gross earnings;O;Not available
2403040104IND02;RS;REPUBLIC OF SERBIA;01;2011;5_AD4;Administration - local authorities’ level;;RSD;RSD;SORS;Average gross earnings;O;Not available
2403040104IND02;RS;REPUBLIC OF SERBIA;01;2012;0;Total;50829;RSD;RSD;SORS;Average gross earnings;A;Normal value
2403040104IND02;RS;REPUBLIC OF SERBIA;01;2012;0_JP_JD_JL;Public enterprises;69069;RSD;RSD;SORS;Average gross earnings;A;Normal value
2403040104IND02;RS;REPUBLIC OF SERBIA;01;2012;0_JS;Public sector;56574;RSD;RSD;SORS;Average gross earnings;A;Normal value
2403040104IND02;RS;REPUBLIC OF SERBIA;01;2012;0_VJS;Non-public sector;45643;RSD;RSD;SORS;Average gross earnings;A;Normal value
2403040104IND02;RS;REPUBLIC OF SERBIA;01;2012;1_JD;Public state enterprises;76050;RSD;RSD;SORS;Average gross earnings;A;Normal value
2403040104IND02;RS;REPUBLIC OF SERBIA;01;2012;2_JL;Public local enterprises;58667;RSD;RSD;SORS;Average gross earnings;A;Normal value
2403040104IND02;RS;REPUBLIC OF SERBIA;01;2012;3_4_5_BK;General government;51216;RSD;RSD;SORS;Average gross earnings;A;Normal value
2403040104IND02;RS;REPUBLIC OF SERBIA;01;2012;3_ZS;Health and social work;40847;RSD;RSD;SORS;Average gross earnings;A;Normal value
2403040104IND02;RS;REPUBLIC OF SERBIA;01;2012;4_OK;Education and culture;55750;RSD;RSD;SORS;Average gross earnings;A;Normal value
2403040104IND02;RS;REPUBLIC OF SERBIA;01;2012;5_AD;Administration - all levels;65836;RSD;RSD;SORS;Average gross earnings;A;Normal value
2403040104IND02;RS;REPUBLIC OF SERBIA;01;2012;5_AD2;Administration - government  level;;RSD;RSD;SORS;Average gross earnings;O;Not available
2403040104IND02;RS;REPUBLIC OF SERBIA;01;2012;5_AD3;Administration - autonomous  province level;;RSD;RSD;SORS;Average gross earnings;O;Not available
2403040104IND02;RS;REPUBLIC OF SERBIA;01;2012;5_AD4;Administration - local authorities’ level;;RSD;RSD;SORS;Average gross earnings;O;Not available
2403040104IND02;RS;REPUBLIC OF SERBIA;01;2013;0;Total;54447;RSD;RSD;SORS;Average gross earnings;A;Normal value
2403040104IND02;RS;REPUBLIC OF SERBIA;01;2013;0_JP_JD_JL;Public enterprises;72302;RSD;RSD;SORS;Average gross earnings;A;Normal value
2403040104IND02;RS;REPUBLIC OF SERBIA;01;2013;0_JS;Public sector;61629;RSD;RSD;SORS;Average gross earnings;A;Normal value
2403040104IND02;RS;REPUBLIC OF SERBIA;01;2013;0_VJS;Non-public sector;47497;RSD;RSD;SORS;Average gross earnings;A;Normal value
2403040104IND02;RS;REPUBLIC OF SERBIA;01;2013;1_JD;Public state enterprises;81600;RSD;RSD;SORS;Average gross earnings;A;Normal value
2403040104IND02;RS;REPUBLIC OF SERBIA;01;2013;2_JL;Public local enterprises;58858;RSD;RSD;SORS;Average gross earnings;A;Normal value
2403040104IND02;RS;REPUBLIC OF SERBIA;01;2013;3_4_5_BK;General government;57004;RSD;RSD;SORS;Average gross earnings;A;Normal value
2403040104IND02;RS;REPUBLIC OF SERBIA;01;2013;3_ZS;Health and social work;45978;RSD;RSD;SORS;Average gross earnings;A;Normal value
2403040104IND02;RS;REPUBLIC OF SERBIA;01;2013;4_OK;Education and culture;61453;RSD;RSD;SORS;Average gross earnings;A;Normal value
2403040104IND02;RS;REPUBLIC OF SERBIA;01;2013;5_AD;Administration - all levels;72691;RSD;RSD;SORS;Average gross earnings;A;Normal value
2403040104IND02;RS;REPUBLIC OF SERBIA;01;2013;5_AD2;Administration - government  level;;RSD;RSD;SORS;Average gross earnings;O;Not available
2403040104IND02;RS;REPUBLIC OF SERBIA;01;2013;5_AD3;Administration - autonomous  province level;;RSD;RSD;SORS;Average gross earnings;O;Not available
2403040104IND02;RS;REPUBLIC OF SERBIA;01;2013;5_AD4;Administration - local authorities’ level;;RSD;RSD;SORS;Average gross earnings;O;Not available
2403040104IND02;RS;REPUBLIC OF SERBIA;01;2014;0;Total;52438;RSD;RSD;SORS;Average gross earnings;A;Normal value
2403040104IND02;RS;REPUBLIC OF SERBIA;01;2014;0_JP_JD_JL;Public enterprises;75878;RSD;RSD;SORS;Average gross earnings;A;Normal value
2403040104IND02;RS;REPUBLIC OF SERBIA;01;2014;0_JS;Public sector;60635;RSD;RSD;SORS;Average gross earnings;A;Normal value
2403040104IND02;RS;REPUBLIC OF SERBIA;01;2014;0_VJS;Non-public sector;44483;RSD;RSD;SORS;Average gross earnings;A;Normal value
2403040104IND02;RS;REPUBLIC OF SERBIA;01;2014;1_JD;Public state enterprises;91008;RSD;RSD;SORS;Average gross earnings;A;Normal value
2403040104IND02;RS;REPUBLIC OF SERBIA;01;2014;2_JL;Public local enterprises;54538;RSD;RSD;SORS;Average gross earnings;A;Normal value
2403040104IND02;RS;REPUBLIC OF SERBIA;01;2014;3_4_5_BK;General government;53924;RSD;RSD;SORS;Average gross earnings;A;Normal value
2403040104IND02;RS;REPUBLIC OF SERBIA;01;2014;3_ZS;Health and social work;42016;RSD;RSD;SORS;Average gross earnings;A;Normal value
2403040104IND02;RS;REPUBLIC OF SERBIA;01;2014;4_OK;Education and culture;59795;RSD;RSD;SORS;Average gross earnings;A;Normal value
2403040104IND02;RS;REPUBLIC OF SERBIA;01;2014;5_AD;Administration - all levels;68198;RSD;RSD;SORS;Average gross earnings;A;Normal value
2403040104IND02;RS;REPUBLIC OF SERBIA;01;2014;5_AD2;Administration - government  level;;RSD;RSD;SORS;Average gross earnings;O;Not available
2403040104IND02;RS;REPUBLIC OF SERBIA;01;2014;5_AD3;Administration - autonomous  province level;;RSD;RSD;SORS;Average gross earnings;O;Not available
2403040104IND02;RS;REPUBLIC OF SERBIA;01;2014;5_AD4;Administration - local authorities’ level;;RSD;RSD;SORS;Average gross earnings;O;Not available
2403040104IND02;RS;REPUBLIC OF SERBIA;01;2015;0;Total;54208;RSD;RSD;SORS;Average gross earnings;A;Normal value
2403040104IND02;RS;REPUBLIC OF SERBIA;01;2015;0_JP_JD_JL;Public enterprises;74215;RSD;RSD;SORS;Average gross earnings;A;Normal value
2403040104IND02;RS;REPUBLIC OF SERBIA;01;2015;0_JS;Public sector;57212;RSD;RSD;SORS;Average gross earnings;A;Normal value
2403040104IND02;RS;REPUBLIC OF SERBIA;01;2015;0_VJS;Non-public sector;51371;RSD;RSD;SORS;Average gross earnings;A;Normal value
2403040104IND02;RS;REPUBLIC OF SERBIA;01;2015;1_JD;Public state enterprises;86166;RSD;RSD;SORS;Average gross earnings;A;Normal value
2403040104IND02;RS;REPUBLIC OF SERBIA;01;2015;2_JL;Public local enterprises;57031;RSD;RSD;SORS;Average gross earnings;A;Normal value
2403040104IND02;RS;REPUBLIC OF SERBIA;01;2015;3_4_5_BK;General government;49754;RSD;RSD;SORS;Average gross earnings;A;Normal value
2403040104IND02;RS;REPUBLIC OF SERBIA;01;2015;3_ZS;Health and social work;38569;RSD;RSD;SORS;Average gross earnings;A;Normal value
2403040104IND02;RS;REPUBLIC OF SERBIA;01;2015;4_OK;Education and culture;55237;RSD;RSD;SORS;Average gross earnings;A;Normal value
2403040104IND02;RS;REPUBLIC OF SERBIA;01;2015;5_AD;Administration - all levels;63226;RSD;RSD;SORS;Average gross earnings;A;Normal value
2403040104IND02;RS;REPUBLIC OF SERBIA;01;2015;5_AD2;Administration - government  level;;RSD;RSD;SORS;Average gross earnings;O;Not available
2403040104IND02;RS;REPUBLIC OF SERBIA;01;2015;5_AD3;Administration - autonomous  province level;;RSD;RSD;SORS;Average gross earnings;O;Not available
2403040104IND02;RS;REPUBLIC OF SERBIA;01;2015;5_AD4;Administration - local authorities’ level;;RSD;RSD;SORS;Average gross earnings;O;Not available
2403040104IND02;RS;REPUBLIC OF SERBIA;01;2016;0;Total;55763;RSD;RSD;SORS;Average gross earnings;A;Normal value
2403040104IND02;RS;REPUBLIC OF SERBIA;01;2016;0_JP_JD_JL;Public enterprises;75690;RSD;RSD;SORS;Average gross earnings;A;Normal value
2403040104IND02;RS;REPUBLIC OF SERBIA;01;2016;0_JS;Public sector;58163;RSD;RSD;SORS;Average gross earnings;A;Normal value
2403040104IND02;RS;REPUBLIC OF SERBIA;01;2016;0_VJS;Non-public sector;53498;RSD;RSD;SORS;Average gross earnings;A;Normal value
2403040104IND02;RS;REPUBLIC OF SERBIA;01;2016;1_JD;Public state enterprises;88699;RSD;RSD;SORS;Average gross earnings;A;Normal value
2403040104IND02;RS;REPUBLIC OF SERBIA;01;2016;2_JL;Public local enterprises;57385;RSD;RSD;SORS;Average gross earnings;A;Normal value
2403040104IND02;RS;REPUBLIC OF SERBIA;01;2016;3_4_5_BK;General government;50414;RSD;RSD;SORS;Average gross earnings;A;Normal value
2403040104IND02;RS;REPUBLIC OF SERBIA;01;2016;3_ZS;Health and social work;39417;RSD;RSD;SORS;Average gross earnings;A;Normal value
2403040104IND02;RS;REPUBLIC OF SERBIA;01;2016;4_OK;Education and culture;56201;RSD;RSD;SORS;Average gross earnings;A;Normal value
2403040104IND02;RS;REPUBLIC OF SERBIA;01;2016;5_AD;Administration - all levels;62540;RSD;RSD;SORS;Average gross earnings;A;Normal value
2403040104IND02;RS;REPUBLIC OF SERBIA;01;2016;5_AD2;Administration - government  level;;RSD;RSD;SORS;Average gross earnings;O;Not available
2403040104IND02;RS;REPUBLIC OF SERBIA;01;2016;5_AD3;Administration - autonomous  province level;;RSD;RSD;SORS;Average gross earnings;O;Not available
2403040104IND02;RS;REPUBLIC OF SERBIA;01;2016;5_AD4;Administration - local authorities’ level;;RSD;RSD;SORS;Average gross earnings;O;Not available
2403040104IND02;RS;REPUBLIC OF SERBIA;01;2017;0;Total;57231;RSD;RSD;SORS;Average gross earnings;A;Normal value
2403040104IND02;RS;REPUBLIC OF SERBIA;01;2017;0_JP_JD_JL;Public enterprises;75129;RSD;RSD;SORS;Average gross earnings;A;Normal value
2403040104IND02;RS;REPUBLIC OF SERBIA;01;2017;0_JS;Public sector;58770;RSD;RSD;SORS;Average gross earnings;A;Normal value
2403040104IND02;RS;REPUBLIC OF SERBIA;01;2017;0_VJS;Non-public sector;55853;RSD;RSD;SORS;Average gross earnings;A;Normal value
2403040104IND02;RS;REPUBLIC OF SERBIA;01;2017;1_JD;Public state enterprises;87229;RSD;RSD;SORS;Average gross earnings;A;Normal value
2403040104IND02;RS;REPUBLIC OF SERBIA;01;2017;2_JL;Public local enterprises;58300;RSD;RSD;SORS;Average gross earnings;A;Normal value
2403040104IND02;RS;REPUBLIC OF SERBIA;01;2017;3_4_5_BK;General government;51771;RSD;RSD;SORS;Average gross earnings;A;Normal value
2403040104IND02;RS;REPUBLIC OF SERBIA;01;2017;3_ZS;Health and social work;40936;RSD;RSD;SORS;Average gross earnings;A;Normal value
2403040104IND02;RS;REPUBLIC OF SERBIA;01;2017;4_OK;Education and culture;58620;RSD;RSD;SORS;Average gross earnings;A;Normal value
2403040104IND02;RS;REPUBLIC OF SERBIA;01;2017;5_AD;Administration - all levels;60869;RSD;RSD;SORS;Average gross earnings;A;Normal value
2403040104IND02;RS;REPUBLIC OF SERBIA;01;2017;5_AD2;Administration - government  level;;RSD;RSD;SORS;Average gross earnings;O;Not available
2403040104IND02;RS;REPUBLIC OF SERBIA;01;2017;5_AD3;Administration - autonomous  province level;;RSD;RSD;SORS;Average gross earnings;O;Not available
2403040104IND02;RS;REPUBLIC OF SERBIA;01;2017;5_AD4;Administration - local authorities’ level;;RSD;RSD;SORS;Average gross earnings;O;Not available
2403040104IND02;RS;REPUBLIC OF SERBIA;01;2018;0;Total;69218;RSD;RSD;SORS;Average gross earnings;B;Time series break
2403040104IND02;RS;REPUBLIC OF SERBIA;01;2018;0_JP_JD_JL;Public enterprises;86455;RSD;RSD;SORS;Average gross earnings;B;Time series break
2403040104IND02;RS;REPUBLIC OF SERBIA;01;2018;0_JS;Public sector;78582;RSD;RSD;SORS;Average gross earnings;B;Time series break
2403040104IND02;RS;REPUBLIC OF SERBIA;01;2018;0_VJS;Non-public sector;64394;RSD;RSD;SORS;Average gross earnings;B;Time series break
2403040104IND02;RS;REPUBLIC OF SERBIA;01;2018;1_JD;Public state enterprises;99630;RSD;RSD;SORS;Average gross earnings;B;Time series break
2403040104IND02;RS;REPUBLIC OF SERBIA;01;2018;2_JL;Public local enterprises;66524;RSD;RSD;SORS;Average gross earnings;B;Time series break
2403040104IND02;RS;REPUBLIC OF SERBIA;01;2018;3_4_5_BK;General government;75968;RSD;RSD;SORS;Average gross earnings;B;Time series break
2403040104IND02;RS;REPUBLIC OF SERBIA;01;2018;3_ZS;Health and social work;70756;RSD;RSD;SORS;Average gross earnings;B;Time series break
2403040104IND02;RS;REPUBLIC OF SERBIA;01;2018;4_OK;Education and culture;73391;RSD;RSD;SORS;Average gross earnings;B;Time series break
2403040104IND02;RS;REPUBLIC OF SERBIA;01;2018;5_AD;Administration - all levels;83029;RSD;RSD;SORS;Average gross earnings;B;Time series break
2403040104IND02;RS;REPUBLIC OF SERBIA;01;2018;5_AD2;Administration - government  level;86317;RSD;RSD;SORS;Average gross earnings;B;Time series break
2403040104IND02;RS;REPUBLIC OF SERBIA;01;2018;5_AD3;Administration - autonomous  province level;86801;RSD;RSD;SORS;Average gross earnings;B;Time series break
2403040104IND02;RS;REPUBLIC OF SERBIA;01;2018;5_AD4;Administration - local authorities’ level;66706;RSD;RSD;SORS;Average gross earnings;B;Time series break
2403040104IND02;RS;REPUBLIC OF SERBIA;01;2019;0;Total;75296;RSD;RSD;SORS;Average gross earnings;A;Normal value
2403040104IND02;RS;REPUBLIC OF SERBIA;01;2019;0_JP_JD_JL;Public enterprises;93275;RSD;RSD;SORS;Average gross earnings;A;Normal value
2403040104IND02;RS;REPUBLIC OF SERBIA;01;2019;0_JS;Public sector;85552;RSD;RSD;SORS;Average gross earnings;A;Normal value
2403040104IND02;RS;REPUBLIC OF SERBIA;01;2019;0_VJS;Non-public sector;70386;RSD;RSD;SORS;Average gross earnings;A;Normal value
2403040104IND02;RS;REPUBLIC OF SERBIA;01;2019;1_JD;Public state enterprises;107438;RSD;RSD;SORS;Average gross earnings;A;Normal value
2403040104IND02;RS;REPUBLIC OF SERBIA;01;2019;2_JL;Public local enterprises;73391;RSD;RSD;SORS;Average gross earnings;A;Normal value
2403040104IND02;RS;REPUBLIC OF SERBIA;01;2019;3_4_5_BK;General government;83062;RSD;RSD;SORS;Average gross earnings;A;Normal value
2403040104IND02;RS;REPUBLIC OF SERBIA;01;2019;3_ZS;Health and social work;77910;RSD;RSD;SORS;Average gross earnings;A;Normal value
2403040104IND02;RS;REPUBLIC OF SERBIA;01;2019;4_OK;Education and culture;79530;RSD;RSD;SORS;Average gross earnings;A;Normal value
2403040104IND02;RS;REPUBLIC OF SERBIA;01;2019;5_AD;Administration - all levels;90990;RSD;RSD;SORS;Average gross earnings;A;Normal value
2403040104IND02;RS;REPUBLIC OF SERBIA;01;2019;5_AD2;Administration - government  level;94721;RSD;RSD;SORS;Average gross earnings;A;Normal value
2403040104IND02;RS;REPUBLIC OF SERBIA;01;2019;5_AD3;Administration - autonomous  province level;93550;RSD;RSD;SORS;Average gross earnings;A;Normal value
2403040104IND02;RS;REPUBLIC OF SERBIA;01;2019;5_AD4;Administration - local authorities’ level;72308;RSD;RSD;SORS;Average gross earnings;A;Normal value
2403040104IND02;RS;REPUBLIC OF SERBIA;01;2020;0;Total;82836;RSD;RSD;SORS;Average gross earnings;A;Normal value
2403040104IND02;RS;REPUBLIC OF SERBIA;01;2020;0_JP_JD_JL;Public enterprises;103019;RSD;RSD;SORS;Average gross earnings;A;Normal value
2403040104IND02;RS;REPUBLIC OF SERBIA;01;2020;0_JS;Public sector;94561;RSD;RSD;SORS;Average gross earnings;A;Normal value
2403040104IND02;RS;REPUBLIC OF SERBIA;01;2020;0_VJS;Non-public sector;77518;RSD;RSD;SORS;Average gross earnings;A;Normal value
2403040104IND02;RS;REPUBLIC OF SERBIA;01;2020;1_JD;Public state enterprises;116361;RSD;RSD;SORS;Average gross earnings;A;Normal value
2403040104IND02;RS;REPUBLIC OF SERBIA;01;2020;2_JL;Public local enterprises;84566;RSD;RSD;SORS;Average gross earnings;A;Normal value
2403040104IND02;RS;REPUBLIC OF SERBIA;01;2020;3_4_5_BK;General government;91863;RSD;RSD;SORS;Average gross earnings;A;Normal value
2403040104IND02;RS;REPUBLIC OF SERBIA;01;2020;3_ZS;Health and social work;87547;RSD;RSD;SORS;Average gross earnings;A;Normal value
2403040104IND02;RS;REPUBLIC OF SERBIA;01;2020;4_OK;Education and culture;87365;RSD;RSD;SORS;Average gross earnings;A;Normal value
2403040104IND02;RS;REPUBLIC OF SERBIA;01;2020;5_AD;Administration - all levels;99919;RSD;RSD;SORS;Average gross earnings;A;Normal value
2403040104IND02;RS;REPUBLIC OF SERBIA;01;2020;5_AD2;Administration - government  level;104210;RSD;RSD;SORS;Average gross earnings;A;Normal value
2403040104IND02;RS;REPUBLIC OF SERBIA;01;2020;5_AD3;Administration - autonomous  province level;101470;RSD;RSD;SORS;Average gross earnings;A;Normal value
2403040104IND02;RS;REPUBLIC OF SERBIA;01;2020;5_AD4;Administration - local authorities’ level;78657;RSD;RSD;SORS;Average gross earnings;A;Normal value
2403040104IND02;RS;REPUBLIC OF SERBIA;01;2021;0;Total;87058;RSD;RSD;SORS;Average gross earnings;A;Normal value
2403040104IND02;RS;REPUBLIC OF SERBIA;01;2021;0_JP_JD_JL;Public enterprises;101322;RSD;RSD;SORS;Average gross earnings;A;Normal value
2403040104IND02;RS;REPUBLIC OF SERBIA;01;2021;0_JS;Public sector;100228;RSD;RSD;SORS;Average gross earnings;A;Normal value
2403040104IND02;RS;REPUBLIC OF SERBIA;01;2021;0_VJS;Non-public sector;81390;RSD;RSD;SORS;Average gross earnings;A;Normal value
2403040104IND02;RS;REPUBLIC OF SERBIA;01;2021;1_JD;Public state enterprises;112116;RSD;RSD;SORS;Average gross earnings;A;Normal value
2403040104IND02;RS;REPUBLIC OF SERBIA;01;2021;2_JL;Public local enterprises;86239;RSD;RSD;SORS;Average gross earnings;A;Normal value
2403040104IND02;RS;REPUBLIC OF SERBIA;01;2021;3_4_5_BK;General government;99879;RSD;RSD;SORS;Average gross earnings;A;Normal value
2403040104IND02;RS;REPUBLIC OF SERBIA;01;2021;3_ZS;Health and social work;105122;RSD;RSD;SORS;Average gross earnings;A;Normal value
2403040104IND02;RS;REPUBLIC OF SERBIA;01;2021;4_OK;Education and culture;89834;RSD;RSD;SORS;Average gross earnings;A;Normal value
2403040104IND02;RS;REPUBLIC OF SERBIA;01;2021;5_AD;Administration - all levels;104298;RSD;RSD;SORS;Average gross earnings;A;Normal value
2403040104IND02;RS;REPUBLIC OF SERBIA;01;2021;5_AD2;Administration - government  level;108776;RSD;RSD;SORS;Average gross earnings;A;Normal value
2403040104IND02;RS;REPUBLIC OF SERBIA;01;2021;5_AD3;Administration - autonomous  province level;108862;RSD;RSD;SORS;Average gross earnings;A;Normal value
2403040104IND02;RS;REPUBLIC OF SERBIA;01;2021;5_AD4;Administration - local authorities’ level;81845;RSD;RSD;SORS;Average gross earnings;A;Normal value
2403040104IND02;RS;REPUBLIC OF SERBIA;01;2022;0;Total;97877;RSD;RSD;SORS;Average gross earnings;A;Normal value
2403040104IND02;RS;REPUBLIC OF SERBIA;01;2022;0_JP_JD_JL;Public enterprises;107986;RSD;RSD;SORS;Average gross earnings;A;Normal value
2403040104IND02;RS;REPUBLIC OF SERBIA;01;2022;0_JS;Public sector;108721;RSD;RSD;SORS;Average gross earnings;A;Normal value
2403040104IND02;RS;REPUBLIC OF SERBIA;01;2022;0_VJS;Non-public sector;93334;RSD;RSD;SORS;Average gross earnings;A;Normal value
2403040104IND02;RS;REPUBLIC OF SERBIA;01;2022;1_JD;Public state enterprises;118620;RSD;RSD;SORS;Average gross earnings;A;Normal value
2403040104IND02;RS;REPUBLIC OF SERBIA;01;2022;2_JL;Public local enterprises;93206;RSD;RSD;SORS;Average gross earnings;A;Normal value
2403040104IND02;RS;REPUBLIC OF SERBIA;01;2022;3_4_5_BK;General government;108954;RSD;RSD;SORS;Average gross earnings;A;Normal value
2403040104IND02;RS;REPUBLIC OF SERBIA;01;2022;3_ZS;Health and social work;113579;RSD;RSD;SORS;Average gross earnings;A;Normal value
2403040104IND02;RS;REPUBLIC OF SERBIA;01;2022;4_OK;Education and culture;96783;RSD;RSD;SORS;Average gross earnings;A;Normal value
2403040104IND02;RS;REPUBLIC OF SERBIA;01;2022;5_AD;Administration - all levels;115922;RSD;RSD;SORS;Average gross earnings;A;Normal value
2403040104IND02;RS;REPUBLIC OF SERBIA;01;2022;5_AD2;Administration - government  level;121289;RSD;RSD;SORS;Average gross earnings;A;Normal value
2403040104IND02;RS;REPUBLIC OF SERBIA;01;2022;5_AD3;Administration - autonomous  province level;117575;RSD;RSD;SORS;Average gross earnings;A;Normal value
2403040104IND02;RS;REPUBLIC OF SERBIA;01;2022;5_AD4;Administration - local authorities’ level;89282;RSD;RSD;SORS;Average gross earnings;A;Normal value
2403040104IND02;RS;REPUBLIC OF SERBIA;01;2023;0;Total;114228;RSD;RSD;SORS;Average gross earnings;A;Normal value
2403040104IND02;RS;REPUBLIC OF SERBIA;01;2023;0_JP_JD_JL;Public enterprises;120481;RSD;RSD;SORS;Average gross earnings;A;Normal value
2403040104IND02;RS;REPUBLIC OF SERBIA;01;2023;0_JS;Public sector;121471;RSD;RSD;SORS;Average gross earnings;A;Normal value
2403040104IND02;RS;REPUBLIC OF SERBIA;01;2023;0_VJS;Non-public sector;111283;RSD;RSD;SORS;Average gross earnings;A;Normal value
2403040104IND02;RS;REPUBLIC OF SERBIA;01;2023;1_JD;Public state enterprises;129196;RSD;RSD;SORS;Average gross earnings;A;Normal value
2403040104IND02;RS;REPUBLIC OF SERBIA;01;2023;2_JL;Public local enterprises;108408;RSD;RSD;SORS;Average gross earnings;A;Normal value
2403040104IND02;RS;REPUBLIC OF SERBIA;01;2023;3_4_5_BK;General government;121783;RSD;RSD;SORS;Average gross earnings;A;Normal value
2403040104IND02;RS;REPUBLIC OF SERBIA;01;2023;3_ZS;Health and social work;122190;RSD;RSD;SORS;Average gross earnings;A;Normal value
2403040104IND02;RS;REPUBLIC OF SERBIA;01;2023;4_OK;Education and culture;109804;RSD;RSD;SORS;Average gross earnings;A;Normal value
2403040104IND02;RS;REPUBLIC OF SERBIA;01;2023;5_AD;Administration - all levels;132552;RSD;RSD;SORS;Average gross earnings;A;Normal value
2403040104IND02;RS;REPUBLIC OF SERBIA;01;2023;5_AD2;Administration - government  level;138820;RSD;RSD;SORS;Average gross earnings;A;Normal value
2403040104IND02;RS;REPUBLIC OF SERBIA;01;2023;5_AD3;Administration - autonomous  province level;132717;RSD;RSD;SORS;Average gross earnings;A;Normal value
2403040104IND02;RS;REPUBLIC OF SERBIA;01;2023;5_AD4;Administration - local authorities’ level;101573;RSD;RSD;SORS;Average gross earnings;A;Normal value
2403040104IND02;RS;REPUBLIC OF SERBIA;01;2024;0;Total;132372;RSD;RSD;SORS;Average gross earnings;A;Normal value
2403040104IND02;RS;REPUBLIC OF SERBIA;01;2024;0_JP_JD_JL;Public enterprises;143200;RSD;RSD;SORS;Average gross earnings;A;Normal value
2403040104IND02;RS;REPUBLIC OF SERBIA;01;2024;0_JS;Public sector;141110;RSD;RSD;SORS;Average gross earnings;A;Normal value
2403040104IND02;RS;REPUBLIC OF SERBIA;01;2024;0_VJS;Non-public sector;128842;RSD;RSD;SORS;Average gross earnings;A;Normal value
2403040104IND02;RS;REPUBLIC OF SERBIA;01;2024;1_JD;Public state enterprises;154034;RSD;RSD;SORS;Average gross earnings;A;Normal value
2403040104IND02;RS;REPUBLIC OF SERBIA;01;2024;2_JL;Public local enterprises;128326;RSD;RSD;SORS;Average gross earnings;A;Normal value
2403040104IND02;RS;REPUBLIC OF SERBIA;01;2024;3_4_5_BK;General government;140462;RSD;RSD;SORS;Average gross earnings;A;Normal value
2403040104IND02;RS;REPUBLIC OF SERBIA;01;2024;3_ZS;Health and social work;139626;RSD;RSD;SORS;Average gross earnings;A;Normal value
2403040104IND02;RS;REPUBLIC OF SERBIA;01;2024;4_OK;Education and culture;128834;RSD;RSD;SORS;Average gross earnings;A;Normal value
2403040104IND02;RS;REPUBLIC OF SERBIA;01;2024;5_AD;Administration - all levels;151728;RSD;RSD;SORS;Average gross earnings;A;Normal value
2403040104IND02;RS;REPUBLIC OF SERBIA;01;2024;5_AD2;Administration - government  level;158981;RSD;RSD;SORS;Average gross earnings;A;Normal value
2403040104IND02;RS;REPUBLIC OF SERBIA;01;2024;5_AD3;Administration - autonomous  province level;150576;RSD;RSD;SORS;Average gross earnings;A;Normal value
2403040104IND02;RS;REPUBLIC OF SERBIA;01;2024;5_AD4;Administration - local authorities’ level;115584;RSD;RSD;SORS;Average gross earnings;A;Normal value
2403040104IND02;RS;REPUBLIC OF SERBIA;01;2025;0;Total;148440;RSD;RSD;SORS;Average gross earnings;A;Normal value
2403040104IND02;RS;REPUBLIC OF SERBIA;01;2025;0_JP_JD_JL;Public enterprises;162848;RSD;RSD;SORS;Average gross earnings;A;Normal value
2403040104IND02;RS;REPUBLIC OF SERBIA;01;2025;0_JS;Public sector;156398;RSD;RSD;SORS;Average gross earnings;A;Normal value
2403040104IND02;RS;REPUBLIC OF SERBIA;01;2025;0_VJS;Non-public sector;145244;RSD;RSD;SORS;Average gross earnings;A;Normal value
2403040104IND02;RS;REPUBLIC OF SERBIA;01;2025;1_JD;Public state enterprises;176298;RSD;RSD;SORS;Average gross earnings;A;Normal value
2403040104IND02;RS;REPUBLIC OF SERBIA;01;2025;2_JL;Public local enterprises;144516;RSD;RSD;SORS;Average gross earnings;A;Normal value
2403040104IND02;RS;REPUBLIC OF SERBIA;01;2025;3_4_5_BK;General government;154423;RSD;RSD;SORS;Average gross earnings;A;Normal value
2403040104IND02;RS;REPUBLIC OF SERBIA;01;2025;3_ZS;Health and social work;152689;RSD;RSD;SORS;Average gross earnings;A;Normal value
2403040104IND02;RS;REPUBLIC OF SERBIA;01;2025;4_OK;Education and culture;142532;RSD;RSD;SORS;Average gross earnings;A;Normal value
2403040104IND02;RS;REPUBLIC OF SERBIA;01;2025;5_AD;Administration - all levels;167046;RSD;RSD;SORS;Average gross earnings;A;Normal value
2403040104IND02;RS;REPUBLIC OF SERBIA;01;2025;5_AD2;Administration - government  level;174644;RSD;RSD;SORS;Average gross earnings;A;Normal value
2403040104IND02;RS;REPUBLIC OF SERBIA;01;2025;5_AD3;Administration - autonomous  province level;163836;RSD;RSD;SORS;Average gross earnings;A;Normal value
2403040104IND02;RS;REPUBLIC OF SERBIA;01;2025;5_AD4;Administration - local authorities’ level;129166;RSD;RSD;SORS;Average gross earnings;A;Normal value
2403040104IND02;RS;REPUBLIC OF SERBIA;01;2026;0;Total;163385;RSD;RSD;SORS;Average gross earnings;A;Normal value
2403040104IND02;RS;REPUBLIC OF SERBIA;01;2026;0_JP_JD_JL;Public enterprises;184086;RSD;RSD;SORS;Average gross earnings;A;Normal value
2403040104IND02;RS;REPUBLIC OF SERBIA;01;2026;0_JS;Public sector;175340;RSD;RSD;SORS;Average gross earnings;A;Normal value
2403040104IND02;RS;REPUBLIC OF SERBIA;01;2026;0_VJS;Non-public sector;158539;RSD;RSD;SORS;Average gross earnings;A;Normal value
2403040104IND02;RS;REPUBLIC OF SERBIA;01;2026;1_JD;Public state enterprises;198992;RSD;RSD;SORS;Average gross earnings;A;Normal value
2403040104IND02;RS;REPUBLIC OF SERBIA;01;2026;2_JL;Public local enterprises;164024;RSD;RSD;SORS;Average gross earnings;A;Normal value
2403040104IND02;RS;REPUBLIC OF SERBIA;01;2026;3_4_5_BK;General government;172706;RSD;RSD;SORS;Average gross earnings;A;Normal value
2403040104IND02;RS;REPUBLIC OF SERBIA;01;2026;3_ZS;Health and social work;171769;RSD;RSD;SORS;Average gross earnings;A;Normal value
2403040104IND02;RS;REPUBLIC OF SERBIA;01;2026;4_OK;Education and culture;164507;RSD;RSD;SORS;Average gross earnings;A;Normal value
2403040104IND02;RS;REPUBLIC OF SERBIA;01;2026;5_AD;Administration - all levels;181270;RSD;RSD;SORS;Average gross earnings;A;Normal value
2403040104IND02;RS;REPUBLIC OF SERBIA;01;2026;5_AD2;Administration - government  level;188960;RSD;RSD;SORS;Average gross earnings;A;Normal value
2403040104IND02;RS;REPUBLIC OF SERBIA;01;2026;5_AD3;Administration - autonomous  province level;170694;RSD;RSD;SORS;Average gross earnings;A;Normal value
2403040104IND02;RS;REPUBLIC OF SERBIA;01;2026;5_AD4;Administration - local authorities’ level;142447;RSD;RSD;SORS;Average gross earnings;A;Normal value
2403040104IND02;RS;REPUBLIC OF SERBIA;02;2003;0;Total;14925;RSD;RSD;SORS;Average gross earnings;A;Normal value
2403040104IND02;RS;REPUBLIC OF SERBIA;02;2003;0_JP_JD_JL;Public enterprises;21754;RSD;RSD;SORS;Average gross earnings;A;Normal value
2403040104IND02;RS;REPUBLIC OF SERBIA;02;2003;0_JS;Public sector;19732;RSD;RSD;SORS;Average gross earnings;A;Normal value
2403040104IND02;RS;REPUBLIC OF SERBIA;02;2003;0_VJS;Non-public sector;11741;RSD;RSD;SORS;Average gross earnings;A;Normal value
2403040104IND02;RS;REPUBLIC OF SERBIA;02;2003;1_JD;Public state enterprises;22560;RSD;RSD;SORS;Average gross earnings;A;Normal value
2403040104IND02;RS;REPUBLIC OF SERBIA;02;2003;2_JL;Public local enterprises;19836;RSD;RSD;SORS;Average gross earnings;A;Normal value
2403040104IND02;RS;REPUBLIC OF SERBIA;02;2003;3_4_5_BK;General government;18588;RSD;RSD;SORS;Average gross earnings;A;Normal value
2403040104IND02;RS;REPUBLIC OF SERBIA;02;2003;3_ZS;Health and social work;17041;RSD;RSD;SORS;Average gross earnings;A;Normal value
2403040104IND02;RS;REPUBLIC OF SERBIA;02;2003;4_OK;Education and culture;17955;RSD;RSD;SORS;Average gross earnings;A;Normal value
2403040104IND02;RS;REPUBLIC OF SERBIA;02;2003;5_AD;Administration - all levels;23560;RSD;RSD;SORS;Average gross earnings;A;Normal value
2403040104IND02;RS;REPUBLIC OF SERBIA;02;2003;5_AD2;Administration - government  level;;RSD;RSD;SORS;Average gross earnings;O;Not available
2403040104IND02;RS;REPUBLIC OF SERBIA;02;2003;5_AD3;Administration - autonomous  province level;;RSD;RSD;SORS;Average gross earnings;O;Not available
2403040104IND02;RS;REPUBLIC OF SERBIA;02;2003;5_AD4;Administration - local authorities’ level;;RSD;RSD;SORS;Average gross earnings;O;Not available
2403040104IND02;RS;REPUBLIC OF SERBIA;02;2004;0;Total;18414;RSD;RSD;SORS;Average gross earnings;A;Normal value
2403040104IND02;RS;REPUBLIC OF SERBIA;02;2004;0_JP_JD_JL;Public enterprises;26636;RSD;RSD;SORS;Average gross earnings;A;Normal value
2403040104IND02;RS;REPUBLIC OF SERBIA;02;2004;0_JS;Public sector;23724;RSD;RSD;SORS;Average gross earnings;A;Normal value
2403040104IND02;RS;REPUBLIC OF SERBIA;02;2004;0_VJS;Non-public sector;14479;RSD;RSD;SORS;Average gross earnings;A;Normal value
2403040104IND02;RS;REPUBLIC OF SERBIA;02;2004;1_JD;Public state enterprises;27187;RSD;RSD;SORS;Average gross earnings;A;Normal value
2403040104IND02;RS;REPUBLIC OF SERBIA;02;2004;2_JL;Public local enterprises;25411;RSD;RSD;SORS;Average gross earnings;A;Normal value
2403040104IND02;RS;REPUBLIC OF SERBIA;02;2004;3_4_5_BK;General government;22107;RSD;RSD;SORS;Average gross earnings;A;Normal value
2403040104IND02;RS;REPUBLIC OF SERBIA;02;2004;3_ZS;Health and social work;20993;RSD;RSD;SORS;Average gross earnings;A;Normal value
2403040104IND02;RS;REPUBLIC OF SERBIA;02;2004;4_OK;Education and culture;21397;RSD;RSD;SORS;Average gross earnings;A;Normal value
2403040104IND02;RS;REPUBLIC OF SERBIA;02;2004;5_AD;Administration - all levels;26058;RSD;RSD;SORS;Average gross earnings;A;Normal value
2403040104IND02;RS;REPUBLIC OF SERBIA;02;2004;5_AD2;Administration - government  level;;RSD;RSD;SORS;Average gross earnings;O;Not available
2403040104IND02;RS;REPUBLIC OF SERBIA;02;2004;5_AD3;Administration - autonomous  province level;;RSD;RSD;SORS;Average gross earnings;O;Not available
2403040104IND02;RS;REPUBLIC OF SERBIA;02;2004;5_AD4;Administration - local authorities’ level;;RSD;RSD;SORS;Average gross earnings;O;Not available
2403040104IND02;RS;REPUBLIC OF SERBIA;02;2005;0;Total;22402;RSD;RSD;SORS;Average gross earnings;A;Normal value
2403040104IND02;RS;REPUBLIC OF SERBIA;02;2005;0_JP_JD_JL;Public enterprises;30704;RSD;RSD;SORS;Average gross earnings;A;Normal value
2403040104IND02;RS;REPUBLIC OF SERBIA;02;2005;0_JS;Public sector;27764;RSD;RSD;SORS;Average gross earnings;A;Normal value
2403040104IND02;RS;REPUBLIC OF SERBIA;02;2005;0_VJS;Non-public sector;17954;RSD;RSD;SORS;Average gross earnings;A;Normal value
2403040104IND02;RS;REPUBLIC OF SERBIA;02;2005;1_JD;Public state enterprises;30866;RSD;RSD;SORS;Average gross earnings;A;Normal value
2403040104IND02;RS;REPUBLIC OF SERBIA;02;2005;2_JL;Public local enterprises;30377;RSD;RSD;SORS;Average gross earnings;A;Normal value
2403040104IND02;RS;REPUBLIC OF SERBIA;02;2005;3_4_5_BK;General government;26126;RSD;RSD;SORS;Average gross earnings;A;Normal value
2403040104IND02;RS;REPUBLIC OF SERBIA;02;2005;3_ZS;Health and social work;24809;RSD;RSD;SORS;Average gross earnings;A;Normal value
2403040104IND02;RS;REPUBLIC OF SERBIA;02;2005;4_OK;Education and culture;24302;RSD;RSD;SORS;Average gross earnings;A;Normal value
2403040104IND02;RS;REPUBLIC OF SERBIA;02;2005;5_AD;Administration - all levels;32670;RSD;RSD;SORS;Average gross earnings;A;Normal value
2403040104IND02;RS;REPUBLIC OF SERBIA;02;2005;5_AD2;Administration - government  level;;RSD;RSD;SORS;Average gross earnings;O;Not available
2403040104IND02;RS;REPUBLIC OF SERBIA;02;2005;5_AD3;Administration - autonomous  province level;;RSD;RSD;SORS;Average gross earnings;O;Not available
2403040104IND02;RS;REPUBLIC OF SERBIA;02;2005;5_AD4;Administration - local authorities’ level;;RSD;RSD;SORS;Average gross earnings;O;Not available
2403040104IND02;RS;REPUBLIC OF SERBIA;02;2006;0;Total;28657;RSD;RSD;SORS;Average gross earnings;A;Normal value
2403040104IND02;RS;REPUBLIC OF SERBIA;02;2006;0_JP_JD_JL;Public enterprises;37150;RSD;RSD;SORS;Average gross earnings;A;Normal value
2403040104IND02;RS;REPUBLIC OF SERBIA;02;2006;0_JS;Public sector;33879;RSD;RSD;SORS;Average gross earnings;A;Normal value
2403040104IND02;RS;REPUBLIC OF SERBIA;02;2006;0_VJS;Non-public sector;24177;RSD;RSD;SORS;Average gross earnings;A;Normal value
2403040104IND02;RS;REPUBLIC OF SERBIA;02;2006;1_JD;Public state enterprises;38931;RSD;RSD;SORS;Average gross earnings;A;Normal value
2403040104IND02;RS;REPUBLIC OF SERBIA;02;2006;2_JL;Public local enterprises;34070;RSD;RSD;SORS;Average gross earnings;A;Normal value
2403040104IND02;RS;REPUBLIC OF SERBIA;02;2006;3_4_5_BK;General government;32183;RSD;RSD;SORS;Average gross earnings;A;Normal value
2403040104IND02;RS;REPUBLIC OF SERBIA;02;2006;3_ZS;Health and social work;29699;RSD;RSD;SORS;Average gross earnings;A;Normal value
2403040104IND02;RS;REPUBLIC OF SERBIA;02;2006;4_OK;Education and culture;31411;RSD;RSD;SORS;Average gross earnings;A;Normal value
2403040104IND02;RS;REPUBLIC OF SERBIA;02;2006;5_AD;Administration - all levels;39666;RSD;RSD;SORS;Average gross earnings;A;Normal value
2403040104IND02;RS;REPUBLIC OF SERBIA;02;2006;5_AD2;Administration - government  level;;RSD;RSD;SORS;Average gross earnings;O;Not available
2403040104IND02;RS;REPUBLIC OF SERBIA;02;2006;5_AD3;Administration - autonomous  province level;;RSD;RSD;SORS;Average gross earnings;O;Not available
2403040104IND02;RS;REPUBLIC OF SERBIA;02;2006;5_AD4;Administration - local authorities’ level;;RSD;RSD;SORS;Average gross earnings;O;Not available
2403040104IND02;RS;REPUBLIC OF SERBIA;02;2007;0;Total;35219;RSD;RSD;SORS;Average gross earnings;A;Normal value
2403040104IND02;RS;REPUBLIC OF SERBIA;02;2007;0_JP_JD_JL;Public enterprises;45513;RSD;RSD;SORS;Average gross earnings;A;Normal value
2403040104IND02;RS;REPUBLIC OF SERBIA;02;2007;0_JS;Public sector;41682;RSD;RSD;SORS;Average gross earnings;A;Normal value
2403040104IND02;RS;REPUBLIC OF SERBIA;02;2007;0_VJS;Non-public sector;29131;RSD;RSD;SORS;Average gross earnings;A;Normal value
2403040104IND02;RS;REPUBLIC OF SERBIA;02;2007;1_JD;Public state enterprises;48227;RSD;RSD;SORS;Average gross earnings;A;Normal value
2403040104IND02;RS;REPUBLIC OF SERBIA;02;2007;2_JL;Public local enterprises;40914;RSD;RSD;SORS;Average gross earnings;A;Normal value
2403040104IND02;RS;REPUBLIC OF SERBIA;02;2007;3_4_5_BK;General government;39755;RSD;RSD;SORS;Average gross earnings;A;Normal value
2403040104IND02;RS;REPUBLIC OF SERBIA;02;2007;3_ZS;Health and social work;39022;RSD;RSD;SORS;Average gross earnings;A;Normal value
2403040104IND02;RS;REPUBLIC OF SERBIA;02;2007;4_OK;Education and culture;37002;RSD;RSD;SORS;Average gross earnings;A;Normal value
2403040104IND02;RS;REPUBLIC OF SERBIA;02;2007;5_AD;Administration - all levels;47208;RSD;RSD;SORS;Average gross earnings;A;Normal value
2403040104IND02;RS;REPUBLIC OF SERBIA;02;2007;5_AD2;Administration - government  level;;RSD;RSD;SORS;Average gross earnings;O;Not available
2403040104IND02;RS;REPUBLIC OF SERBIA;02;2007;5_AD3;Administration - autonomous  province level;;RSD;RSD;SORS;Average gross earnings;O;Not available
2403040104IND02;RS;REPUBLIC OF SERBIA;02;2007;5_AD4;Administration - local authorities’ level;;RSD;RSD;SORS;Average gross earnings;O;Not available
2403040104IND02;RS;REPUBLIC OF SERBIA;02;2008;0;Total;43218;RSD;RSD;SORS;Average gross earnings;A;Normal value
2403040104IND02;RS;REPUBLIC OF SERBIA;02;2008;0_JP_JD_JL;Public enterprises;53687;RSD;RSD;SORS;Average gross earnings;A;Normal value
2403040104IND02;RS;REPUBLIC OF SERBIA;02;2008;0_JS;Public sector;49933;RSD;RSD;SORS;Average gross earnings;A;Normal value
2403040104IND02;RS;REPUBLIC OF SERBIA;02;2008;0_VJS;Non-public sector;36228;RSD;RSD;SORS;Average gross earnings;A;Normal value
2403040104IND02;RS;REPUBLIC OF SERBIA;02;2008;1_JD;Public state enterprises;57657;RSD;RSD;SORS;Average gross earnings;A;Normal value
2403040104IND02;RS;REPUBLIC OF SERBIA;02;2008;2_JL;Public local enterprises;46829;RSD;RSD;SORS;Average gross earnings;A;Normal value
2403040104IND02;RS;REPUBLIC OF SERBIA;02;2008;3_4_5_BK;General government;48103;RSD;RSD;SORS;Average gross earnings;A;Normal value
2403040104IND02;RS;REPUBLIC OF SERBIA;02;2008;3_ZS;Health and social work;46738;RSD;RSD;SORS;Average gross earnings;A;Normal value
2403040104IND02;RS;REPUBLIC OF SERBIA;02;2008;4_OK;Education and culture;46962;RSD;RSD;SORS;Average gross earnings;A;Normal value
2403040104IND02;RS;REPUBLIC OF SERBIA;02;2008;5_AD;Administration - all levels;53650;RSD;RSD;SORS;Average gross earnings;A;Normal value
2403040104IND02;RS;REPUBLIC OF SERBIA;02;2008;5_AD2;Administration - government  level;;RSD;RSD;SORS;Average gross earnings;O;Not available
2403040104IND02;RS;REPUBLIC OF SERBIA;02;2008;5_AD3;Administration - autonomous  province level;;RSD;RSD;SORS;Average gross earnings;O;Not available
2403040104IND02;RS;REPUBLIC OF SERBIA;02;2008;5_AD4;Administration - local authorities’ level;;RSD;RSD;SORS;Average gross earnings;O;Not available
2403040104IND02;RS;REPUBLIC OF SERBIA;02;2009;0;Total;43353;RSD;RSD;SORS;Average gross earnings;A;Normal value
2403040104IND02;RS;REPUBLIC OF SERBIA;02;2009;0_JP_JD_JL;Public enterprises;57830;RSD;RSD;SORS;Average gross earnings;A;Normal value
2403040104IND02;RS;REPUBLIC OF SERBIA;02;2009;0_JS;Public sector;53945;RSD;RSD;SORS;Average gross earnings;A;Normal value
2403040104IND02;RS;REPUBLIC OF SERBIA;02;2009;0_VJS;Non-public sector;34937;RSD;RSD;SORS;Average gross earnings;A;Normal value
2403040104IND02;RS;REPUBLIC OF SERBIA;02;2009;1_JD;Public state enterprises;62268;RSD;RSD;SORS;Average gross earnings;A;Normal value
2403040104IND02;RS;REPUBLIC OF SERBIA;02;2009;2_JL;Public local enterprises;50926;RSD;RSD;SORS;Average gross earnings;A;Normal value
2403040104IND02;RS;REPUBLIC OF SERBIA;02;2009;3_4_5_BK;General government;52203;RSD;RSD;SORS;Average gross earnings;A;Normal value
2403040104IND02;RS;REPUBLIC OF SERBIA;02;2009;3_ZS;Health and social work;52149;RSD;RSD;SORS;Average gross earnings;A;Normal value
2403040104IND02;RS;REPUBLIC OF SERBIA;02;2009;4_OK;Education and culture;50343;RSD;RSD;SORS;Average gross earnings;A;Normal value
2403040104IND02;RS;REPUBLIC OF SERBIA;02;2009;5_AD;Administration - all levels;56099;RSD;RSD;SORS;Average gross earnings;A;Normal value
2403040104IND02;RS;REPUBLIC OF SERBIA;02;2009;5_AD2;Administration - government  level;;RSD;RSD;SORS;Average gross earnings;O;Not available
2403040104IND02;RS;REPUBLIC OF SERBIA;02;2009;5_AD3;Administration - autonomous  province level;;RSD;RSD;SORS;Average gross earnings;O;Not available
2403040104IND02;RS;REPUBLIC OF SERBIA;02;2009;5_AD4;Administration - local authorities’ level;;RSD;RSD;SORS;Average gross earnings;O;Not available
2403040104IND02;RS;REPUBLIC OF SERBIA;02;2010;0;Total;44871;RSD;RSD;SORS;Average gross earnings;A;Normal value
2403040104IND02;RS;REPUBLIC OF SERBIA;02;2010;0_JP_JD_JL;Public enterprises;58888;RSD;RSD;SORS;Average gross earnings;A;Normal value
2403040104IND02;RS;REPUBLIC OF SERBIA;02;2010;0_JS;Public sector;54657;RSD;RSD;SORS;Average gross earnings;A;Normal value
2403040104IND02;RS;REPUBLIC OF SERBIA;02;2010;0_VJS;Non-public sector;36761;RSD;RSD;SORS;Average gross earnings;A;Normal value
2403040104IND02;RS;REPUBLIC OF SERBIA;02;2010;1_JD;Public state enterprises;63913;RSD;RSD;SORS;Average gross earnings;A;Normal value
2403040104IND02;RS;REPUBLIC OF SERBIA;02;2010;2_JL;Public local enterprises;51124;RSD;RSD;SORS;Average gross earnings;A;Normal value
2403040104IND02;RS;REPUBLIC OF SERBIA;02;2010;3_4_5_BK;General government;52818;RSD;RSD;SORS;Average gross earnings;A;Normal value
2403040104IND02;RS;REPUBLIC OF SERBIA;02;2010;3_ZS;Health and social work;51471;RSD;RSD;SORS;Average gross earnings;A;Normal value
2403040104IND02;RS;REPUBLIC OF SERBIA;02;2010;4_OK;Education and culture;50823;RSD;RSD;SORS;Average gross earnings;A;Normal value
2403040104IND02;RS;REPUBLIC OF SERBIA;02;2010;5_AD;Administration - all levels;59842;RSD;RSD;SORS;Average gross earnings;A;Normal value
2403040104IND02;RS;REPUBLIC OF SERBIA;02;2010;5_AD2;Administration - government  level;;RSD;RSD;SORS;Average gross earnings;O;Not available
2403040104IND02;RS;REPUBLIC OF SERBIA;02;2010;5_AD3;Administration - autonomous  province level;;RSD;RSD;SORS;Average gross earnings;O;Not available
2403040104IND02;RS;REPUBLIC OF SERBIA;02;2010;5_AD4;Administration - local authorities’ level;;RSD;RSD;SORS;Average gross earnings;O;Not available
2403040104IND02;RS;REPUBLIC OF SERBIA;02;2011;0;Total;49394;RSD;RSD;SORS;Average gross earnings;A;Normal value
2403040104IND02;RS;REPUBLIC OF SERBIA;02;2011;0_JP_JD_JL;Public enterprises;62622;RSD;RSD;SORS;Average gross earnings;A;Normal value
2403040104IND02;RS;REPUBLIC OF SERBIA;02;2011;0_JS;Public sector;57267;RSD;RSD;SORS;Average gross earnings;A;Normal value
2403040104IND02;RS;REPUBLIC OF SERBIA;02;2011;0_VJS;Non-public sector;42269;RSD;RSD;SORS;Average gross earnings;A;Normal value
2403040104IND02;RS;REPUBLIC OF SERBIA;02;2011;1_JD;Public state enterprises;67545;RSD;RSD;SORS;Average gross earnings;A;Normal value
2403040104IND02;RS;REPUBLIC OF SERBIA;02;2011;2_JL;Public local enterprises;55142;RSD;RSD;SORS;Average gross earnings;A;Normal value
2403040104IND02;RS;REPUBLIC OF SERBIA;02;2011;3_4_5_BK;General government;54983;RSD;RSD;SORS;Average gross earnings;A;Normal value
2403040104IND02;RS;REPUBLIC OF SERBIA;02;2011;3_ZS;Health and social work;53722;RSD;RSD;SORS;Average gross earnings;A;Normal value
2403040104IND02;RS;REPUBLIC OF SERBIA;02;2011;4_OK;Education and culture;52017;RSD;RSD;SORS;Average gross earnings;A;Normal value
2403040104IND02;RS;REPUBLIC OF SERBIA;02;2011;5_AD;Administration - all levels;63897;RSD;RSD;SORS;Average gross earnings;A;Normal value
2403040104IND02;RS;REPUBLIC OF SERBIA;02;2011;5_AD2;Administration - government  level;;RSD;RSD;SORS;Average gross earnings;O;Not available
2403040104IND02;RS;REPUBLIC OF SERBIA;02;2011;5_AD3;Administration - autonomous  province level;;RSD;RSD;SORS;Average gross earnings;O;Not available
2403040104IND02;RS;REPUBLIC OF SERBIA;02;2011;5_AD4;Administration - local authorities’ level;;RSD;RSD;SORS;Average gross earnings;O;Not available
2403040104IND02;RS;REPUBLIC OF SERBIA;02;2012;0;Total;55505;RSD;RSD;SORS;Average gross earnings;A;Normal value
2403040104IND02;RS;REPUBLIC OF SERBIA;02;2012;0_JP_JD_JL;Public enterprises;76183;RSD;RSD;SORS;Average gross earnings;A;Normal value
2403040104IND02;RS;REPUBLIC OF SERBIA;02;2012;0_JS;Public sector;64634;RSD;RSD;SORS;Average gross earnings;A;Normal value
2403040104IND02;RS;REPUBLIC OF SERBIA;02;2012;0_VJS;Non-public sector;46663;RSD;RSD;SORS;Average gross earnings;A;Normal value
2403040104IND02;RS;REPUBLIC OF SERBIA;02;2012;1_JD;Public state enterprises;88189;RSD;RSD;SORS;Average gross earnings;A;Normal value
2403040104IND02;RS;REPUBLIC OF SERBIA;02;2012;2_JL;Public local enterprises;58287;RSD;RSD;SORS;Average gross earnings;A;Normal value
2403040104IND02;RS;REPUBLIC OF SERBIA;02;2012;3_4_5_BK;General government;59679;RSD;RSD;SORS;Average gross earnings;A;Normal value
2403040104IND02;RS;REPUBLIC OF SERBIA;02;2012;3_ZS;Health and social work;57236;RSD;RSD;SORS;Average gross earnings;A;Normal value
2403040104IND02;RS;REPUBLIC OF SERBIA;02;2012;4_OK;Education and culture;56082;RSD;RSD;SORS;Average gross earnings;A;Normal value
2403040104IND02;RS;REPUBLIC OF SERBIA;02;2012;5_AD;Administration - all levels;72286;RSD;RSD;SORS;Average gross earnings;A;Normal value
2403040104IND02;RS;REPUBLIC OF SERBIA;02;2012;5_AD2;Administration - government  level;;RSD;RSD;SORS;Average gross earnings;O;Not available
2403040104IND02;RS;REPUBLIC OF SERBIA;02;2012;5_AD3;Administration - autonomous  province level;;RSD;RSD;SORS;Average gross earnings;O;Not available
2403040104IND02;RS;REPUBLIC OF SERBIA;02;2012;5_AD4;Administration - local authorities’ level;;RSD;RSD;SORS;Average gross earnings;O;Not available
2403040104IND02;RS;REPUBLIC OF SERBIA;02;2013;0;Total;60199;RSD;RSD;SORS;Average gross earnings;A;Normal value
2403040104IND02;RS;REPUBLIC OF SERBIA;02;2013;0_JP_JD_JL;Public enterprises;75478;RSD;RSD;SORS;Average gross earnings;A;Normal value
2403040104IND02;RS;REPUBLIC OF SERBIA;02;2013;0_JS;Public sector;67047;RSD;RSD;SORS;Average gross earnings;A;Normal value
2403040104IND02;RS;REPUBLIC OF SERBIA;02;2013;0_VJS;Non-public sector;53202;RSD;RSD;SORS;Average gross earnings;A;Normal value
2403040104IND02;RS;REPUBLIC OF SERBIA;02;2013;1_JD;Public state enterprises;85659;RSD;RSD;SORS;Average gross earnings;A;Normal value
2403040104IND02;RS;REPUBLIC OF SERBIA;02;2013;2_JL;Public local enterprises;60764;RSD;RSD;SORS;Average gross earnings;A;Normal value
2403040104IND02;RS;REPUBLIC OF SERBIA;02;2013;3_4_5_BK;General government;63383;RSD;RSD;SORS;Average gross earnings;A;Normal value
2403040104IND02;RS;REPUBLIC OF SERBIA;02;2013;3_ZS;Health and social work;60937;RSD;RSD;SORS;Average gross earnings;A;Normal value
2403040104IND02;RS;REPUBLIC OF SERBIA;02;2013;4_OK;Education and culture;59771;RSD;RSD;SORS;Average gross earnings;A;Normal value
2403040104IND02;RS;REPUBLIC OF SERBIA;02;2013;5_AD;Administration - all levels;75489;RSD;RSD;SORS;Average gross earnings;A;Normal value
2403040104IND02;RS;REPUBLIC OF SERBIA;02;2013;5_AD2;Administration - government  level;;RSD;RSD;SORS;Average gross earnings;O;Not available
2403040104IND02;RS;REPUBLIC OF SERBIA;02;2013;5_AD3;Administration - autonomous  province level;;RSD;RSD;SORS;Average gross earnings;O;Not available
2403040104IND02;RS;REPUBLIC OF SERBIA;02;2013;5_AD4;Administration - local authorities’ level;;RSD;RSD;SORS;Average gross earnings;O;Not available
2403040104IND02;RS;REPUBLIC OF SERBIA;02;2014;0;Total;60845;RSD;RSD;SORS;Average gross earnings;A;Normal value
2403040104IND02;RS;REPUBLIC OF SERBIA;02;2014;0_JP_JD_JL;Public enterprises;79677;RSD;RSD;SORS;Average gross earnings;A;Normal value
2403040104IND02;RS;REPUBLIC OF SERBIA;02;2014;0_JS;Public sector;69266;RSD;RSD;SORS;Average gross earnings;A;Normal value
2403040104IND02;RS;REPUBLIC OF SERBIA;02;2014;0_VJS;Non-public sector;52793;RSD;RSD;SORS;Average gross earnings;A;Normal value
2403040104IND02;RS;REPUBLIC OF SERBIA;02;2014;1_JD;Public state enterprises;91467;RSD;RSD;SORS;Average gross earnings;A;Normal value
2403040104IND02;RS;REPUBLIC OF SERBIA;02;2014;2_JL;Public local enterprises;62987;RSD;RSD;SORS;Average gross earnings;A;Normal value
2403040104IND02;RS;REPUBLIC OF SERBIA;02;2014;3_4_5_BK;General government;64679;RSD;RSD;SORS;Average gross earnings;A;Normal value
2403040104IND02;RS;REPUBLIC OF SERBIA;02;2014;3_ZS;Health and social work;62876;RSD;RSD;SORS;Average gross earnings;A;Normal value
2403040104IND02;RS;REPUBLIC OF SERBIA;02;2014;4_OK;Education and culture;61008;RSD;RSD;SORS;Average gross earnings;A;Normal value
2403040104IND02;RS;REPUBLIC OF SERBIA;02;2014;5_AD;Administration - all levels;75549;RSD;RSD;SORS;Average gross earnings;A;Normal value
2403040104IND02;RS;REPUBLIC OF SERBIA;02;2014;5_AD2;Administration - government  level;;RSD;RSD;SORS;Average gross earnings;O;Not available
2403040104IND02;RS;REPUBLIC OF SERBIA;02;2014;5_AD3;Administration - autonomous  province level;;RSD;RSD;SORS;Average gross earnings;O;Not available
2403040104IND02;RS;REPUBLIC OF SERBIA;02;2014;5_AD4;Administration - local authorities’ level;;RSD;RSD;SORS;Average gross earnings;O;Not available
2403040104IND02;RS;REPUBLIC OF SERBIA;02;2015;0;Total;58992;RSD;RSD;SORS;Average gross earnings;A;Normal value
2403040104IND02;RS;REPUBLIC OF SERBIA;02;2015;0_JP_JD_JL;Public enterprises;76405;RSD;RSD;SORS;Average gross earnings;A;Normal value
2403040104IND02;RS;REPUBLIC OF SERBIA;02;2015;0_JS;Public sector;64494;RSD;RSD;SORS;Average gross earnings;A;Normal value
2403040104IND02;RS;REPUBLIC OF SERBIA;02;2015;0_VJS;Non-public sector;53699;RSD;RSD;SORS;Average gross earnings;A;Normal value
2403040104IND02;RS;REPUBLIC OF SERBIA;02;2015;1_JD;Public state enterprises;87046;RSD;RSD;SORS;Average gross earnings;A;Normal value
2403040104IND02;RS;REPUBLIC OF SERBIA;02;2015;2_JL;Public local enterprises;61216;RSD;RSD;SORS;Average gross earnings;A;Normal value
2403040104IND02;RS;REPUBLIC OF SERBIA;02;2015;3_4_5_BK;General government;59286;RSD;RSD;SORS;Average gross earnings;A;Normal value
2403040104IND02;RS;REPUBLIC OF SERBIA;02;2015;3_ZS;Health and social work;57790;RSD;RSD;SORS;Average gross earnings;A;Normal value
2403040104IND02;RS;REPUBLIC OF SERBIA;02;2015;4_OK;Education and culture;56213;RSD;RSD;SORS;Average gross earnings;A;Normal value
2403040104IND02;RS;REPUBLIC OF SERBIA;02;2015;5_AD;Administration - all levels;68588;RSD;RSD;SORS;Average gross earnings;A;Normal value
2403040104IND02;RS;REPUBLIC OF SERBIA;02;2015;5_AD2;Administration - government  level;;RSD;RSD;SORS;Average gross earnings;O;Not available
2403040104IND02;RS;REPUBLIC OF SERBIA;02;2015;5_AD3;Administration - autonomous  province level;;RSD;RSD;SORS;Average gross earnings;O;Not available
2403040104IND02;RS;REPUBLIC OF SERBIA;02;2015;5_AD4;Administration - local authorities’ level;;RSD;RSD;SORS;Average gross earnings;O;Not available
2403040104IND02;RS;REPUBLIC OF SERBIA;02;2016;0;Total;61279;RSD;RSD;SORS;Average gross earnings;A;Normal value
2403040104IND02;RS;REPUBLIC OF SERBIA;02;2016;0_JP_JD_JL;Public enterprises;75481;RSD;RSD;SORS;Average gross earnings;A;Normal value
2403040104IND02;RS;REPUBLIC OF SERBIA;02;2016;0_JS;Public sector;64473;RSD;RSD;SORS;Average gross earnings;A;Normal value
2403040104IND02;RS;REPUBLIC OF SERBIA;02;2016;0_VJS;Non-public sector;58242;RSD;RSD;SORS;Average gross earnings;A;Normal value
2403040104IND02;RS;REPUBLIC OF SERBIA;02;2016;1_JD;Public state enterprises;84609;RSD;RSD;SORS;Average gross earnings;A;Normal value
2403040104IND02;RS;REPUBLIC OF SERBIA;02;2016;2_JL;Public local enterprises;62624;RSD;RSD;SORS;Average gross earnings;A;Normal value
2403040104IND02;RS;REPUBLIC OF SERBIA;02;2016;3_4_5_BK;General government;59626;RSD;RSD;SORS;Average gross earnings;A;Normal value
2403040104IND02;RS;REPUBLIC OF SERBIA;02;2016;3_ZS;Health and social work;58385;RSD;RSD;SORS;Average gross earnings;A;Normal value
2403040104IND02;RS;REPUBLIC OF SERBIA;02;2016;4_OK;Education and culture;57072;RSD;RSD;SORS;Average gross earnings;A;Normal value
2403040104IND02;RS;REPUBLIC OF SERBIA;02;2016;5_AD;Administration - all levels;67352;RSD;RSD;SORS;Average gross earnings;A;Normal value
2403040104IND02;RS;REPUBLIC OF SERBIA;02;2016;5_AD2;Administration - government  level;;RSD;RSD;SORS;Average gross earnings;O;Not available
2403040104IND02;RS;REPUBLIC OF SERBIA;02;2016;5_AD3;Administration - autonomous  province level;;RSD;RSD;SORS;Average gross earnings;O;Not available
2403040104IND02;RS;REPUBLIC OF SERBIA;02;2016;5_AD4;Administration - local authorities’ level;;RSD;RSD;SORS;Average gross earnings;O;Not available
2403040104IND02;RS;REPUBLIC OF SERBIA;02;2017;0;Total;64847;RSD;RSD;SORS;Average gross earnings;A;Normal value
2403040104IND02;RS;REPUBLIC OF SERBIA;02;2017;0_JP_JD_JL;Public enterprises;81560;RSD;RSD;SORS;Average gross earnings;A;Normal value
2403040104IND02;RS;REPUBLIC OF SERBIA;02;2017;0_JS;Public sector;68603;RSD;RSD;SORS;Average gross earnings;A;Normal value
2403040104IND02;RS;REPUBLIC OF SERBIA;02;2017;0_VJS;Non-public sector;61493;RSD;RSD;SORS;Average gross earnings;A;Normal value
2403040104IND02;RS;REPUBLIC OF SERBIA;02;2017;1_JD;Public state enterprises;93807;RSD;RSD;SORS;Average gross earnings;A;Normal value
2403040104IND02;RS;REPUBLIC OF SERBIA;02;2017;2_JL;Public local enterprises;64887;RSD;RSD;SORS;Average gross earnings;A;Normal value
2403040104IND02;RS;REPUBLIC OF SERBIA;02;2017;3_4_5_BK;General government;63126;RSD;RSD;SORS;Average gross earnings;A;Normal value
2403040104IND02;RS;REPUBLIC OF SERBIA;02;2017;3_ZS;Health and social work;61511;RSD;RSD;SORS;Average gross earnings;A;Normal value
2403040104IND02;RS;REPUBLIC OF SERBIA;02;2017;4_OK;Education and culture;60016;RSD;RSD;SORS;Average gross earnings;A;Normal value
2403040104IND02;RS;REPUBLIC OF SERBIA;02;2017;5_AD;Administration - all levels;72752;RSD;RSD;SORS;Average gross earnings;A;Normal value
2403040104IND02;RS;REPUBLIC OF SERBIA;02;2017;5_AD2;Administration - government  level;;RSD;RSD;SORS;Average gross earnings;O;Not available
2403040104IND02;RS;REPUBLIC OF SERBIA;02;2017;5_AD3;Administration - autonomous  province level;;RSD;RSD;SORS;Average gross earnings;O;Not available
2403040104IND02;RS;REPUBLIC OF SERBIA;02;2017;5_AD4;Administration - local authorities’ level;;RSD;RSD;SORS;Average gross earnings;O;Not available
2403040104IND02;RS;REPUBLIC OF SERBIA;02;2018;0;Total;66084;RSD;RSD;SORS;Average gross earnings;A;Normal value
2403040104IND02;RS;REPUBLIC OF SERBIA;02;2018;0_JP_JD_JL;Public enterprises;78035;RSD;RSD;SORS;Average gross earnings;A;Normal value
2403040104IND02;RS;REPUBLIC OF SERBIA;02;2018;0_JS;Public sector;75171;RSD;RSD;SORS;Average gross earnings;A;Normal value
2403040104IND02;RS;REPUBLIC OF SERBIA;02;2018;0_VJS;Non-public sector;61417;RSD;RSD;SORS;Average gross earnings;A;Normal value
2403040104IND02;RS;REPUBLIC OF SERBIA;02;2018;1_JD;Public state enterprises;87139;RSD;RSD;SORS;Average gross earnings;A;Normal value
2403040104IND02;RS;REPUBLIC OF SERBIA;02;2018;2_JL;Public local enterprises;64167;RSD;RSD;SORS;Average gross earnings;A;Normal value
2403040104IND02;RS;REPUBLIC OF SERBIA;02;2018;3_4_5_BK;General government;74228;RSD;RSD;SORS;Average gross earnings;A;Normal value
2403040104IND02;RS;REPUBLIC OF SERBIA;02;2018;3_ZS;Health and social work;68772;RSD;RSD;SORS;Average gross earnings;A;Normal value
2403040104IND02;RS;REPUBLIC OF SERBIA;02;2018;4_OK;Education and culture;71706;RSD;RSD;SORS;Average gross earnings;A;Normal value
2403040104IND02;RS;REPUBLIC OF SERBIA;02;2018;5_AD;Administration - all levels;81433;RSD;RSD;SORS;Average gross earnings;A;Normal value
2403040104IND02;RS;REPUBLIC OF SERBIA;02;2018;5_AD2;Administration - government  level;84660;RSD;RSD;SORS;Average gross earnings;A;Normal value
2403040104IND02;RS;REPUBLIC OF SERBIA;02;2018;5_AD3;Administration - autonomous  province level;84714;RSD;RSD;SORS;Average gross earnings;A;Normal value
2403040104IND02;RS;REPUBLIC OF SERBIA;02;2018;5_AD4;Administration - local authorities’ level;65394;RSD;RSD;SORS;Average gross earnings;A;Normal value
2403040104IND02;RS;REPUBLIC OF SERBIA;02;2019;0;Total;72350;RSD;RSD;SORS;Average gross earnings;A;Normal value
2403040104IND02;RS;REPUBLIC OF SERBIA;02;2019;0_JP_JD_JL;Public enterprises;86856;RSD;RSD;SORS;Average gross earnings;A;Normal value
2403040104IND02;RS;REPUBLIC OF SERBIA;02;2019;0_JS;Public sector;83102;RSD;RSD;SORS;Average gross earnings;A;Normal value
2403040104IND02;RS;REPUBLIC OF SERBIA;02;2019;0_VJS;Non-public sector;67268;RSD;RSD;SORS;Average gross earnings;A;Normal value
2403040104IND02;RS;REPUBLIC OF SERBIA;02;2019;1_JD;Public state enterprises;98445;RSD;RSD;SORS;Average gross earnings;A;Normal value
2403040104IND02;RS;REPUBLIC OF SERBIA;02;2019;2_JL;Public local enterprises;70765;RSD;RSD;SORS;Average gross earnings;A;Normal value
2403040104IND02;RS;REPUBLIC OF SERBIA;02;2019;3_4_5_BK;General government;81889;RSD;RSD;SORS;Average gross earnings;A;Normal value
2403040104IND02;RS;REPUBLIC OF SERBIA;02;2019;3_ZS;Health and social work;75945;RSD;RSD;SORS;Average gross earnings;A;Normal value
2403040104IND02;RS;REPUBLIC OF SERBIA;02;2019;4_OK;Education and culture;78269;RSD;RSD;SORS;Average gross earnings;A;Normal value
2403040104IND02;RS;REPUBLIC OF SERBIA;02;2019;5_AD;Administration - all levels;90653;RSD;RSD;SORS;Average gross earnings;A;Normal value
2403040104IND02;RS;REPUBLIC OF SERBIA;02;2019;5_AD2;Administration - government  level;94460;RSD;RSD;SORS;Average gross earnings;A;Normal value
2403040104IND02;RS;REPUBLIC OF SERBIA;02;2019;5_AD3;Administration - autonomous  province level;115192;RSD;RSD;SORS;Average gross earnings;A;Normal value
2403040104IND02;RS;REPUBLIC OF SERBIA;02;2019;5_AD4;Administration - local authorities’ level;70683;RSD;RSD;SORS;Average gross earnings;A;Normal value
2403040104IND02;RS;REPUBLIC OF SERBIA;02;2020;0;Total;80288;RSD;RSD;SORS;Average gross earnings;A;Normal value
2403040104IND02;RS;REPUBLIC OF SERBIA;02;2020;0_JP_JD_JL;Public enterprises;96332;RSD;RSD;SORS;Average gross earnings;A;Normal value
2403040104IND02;RS;REPUBLIC OF SERBIA;02;2020;0_JS;Public sector;92060;RSD;RSD;SORS;Average gross earnings;A;Normal value
2403040104IND02;RS;REPUBLIC OF SERBIA;02;2020;0_VJS;Non-public sector;74947;RSD;RSD;SORS;Average gross earnings;A;Normal value
2403040104IND02;RS;REPUBLIC OF SERBIA;02;2020;1_JD;Public state enterprises;107280;RSD;RSD;SORS;Average gross earnings;A;Normal value
2403040104IND02;RS;REPUBLIC OF SERBIA;02;2020;2_JL;Public local enterprises;81124;RSD;RSD;SORS;Average gross earnings;A;Normal value
2403040104IND02;RS;REPUBLIC OF SERBIA;02;2020;3_4_5_BK;General government;90699;RSD;RSD;SORS;Average gross earnings;A;Normal value
2403040104IND02;RS;REPUBLIC OF SERBIA;02;2020;3_ZS;Health and social work;86037;RSD;RSD;SORS;Average gross earnings;A;Normal value
2403040104IND02;RS;REPUBLIC OF SERBIA;02;2020;4_OK;Education and culture;85958;RSD;RSD;SORS;Average gross earnings;A;Normal value
2403040104IND02;RS;REPUBLIC OF SERBIA;02;2020;5_AD;Administration - all levels;99278;RSD;RSD;SORS;Average gross earnings;A;Normal value
2403040104IND02;RS;REPUBLIC OF SERBIA;02;2020;5_AD2;Administration - government  level;103298;RSD;RSD;SORS;Average gross earnings;A;Normal value
2403040104IND02;RS;REPUBLIC OF SERBIA;02;2020;5_AD3;Administration - autonomous  province level;126863;RSD;RSD;SORS;Average gross earnings;A;Normal value
2403040104IND02;RS;REPUBLIC OF SERBIA;02;2020;5_AD4;Administration - local authorities’ level;78088;RSD;RSD;SORS;Average gross earnings;A;Normal value
2403040104IND02;RS;REPUBLIC OF SERBIA;02;2021;0;Total;85864;RSD;RSD;SORS;Average gross earnings;A;Normal value
2403040104IND02;RS;REPUBLIC OF SERBIA;02;2021;0_JP_JD_JL;Public enterprises;97938;RSD;RSD;SORS;Average gross earnings;A;Normal value
2403040104IND02;RS;REPUBLIC OF SERBIA;02;2021;0_JS;Public sector;98139;RSD;RSD;SORS;Average gross earnings;A;Normal value
2403040104IND02;RS;REPUBLIC OF SERBIA;02;2021;0_VJS;Non-public sector;80586;RSD;RSD;SORS;Average gross earnings;A;Normal value
2403040104IND02;RS;REPUBLIC OF SERBIA;02;2021;1_JD;Public state enterprises;107690;RSD;RSD;SORS;Average gross earnings;A;Normal value
2403040104IND02;RS;REPUBLIC OF SERBIA;02;2021;2_JL;Public local enterprises;84289;RSD;RSD;SORS;Average gross earnings;A;Normal value
2403040104IND02;RS;REPUBLIC OF SERBIA;02;2021;3_4_5_BK;General government;98203;RSD;RSD;SORS;Average gross earnings;A;Normal value
2403040104IND02;RS;REPUBLIC OF SERBIA;02;2021;3_ZS;Health and social work;102156;RSD;RSD;SORS;Average gross earnings;A;Normal value
2403040104IND02;RS;REPUBLIC OF SERBIA;02;2021;4_OK;Education and culture;89132;RSD;RSD;SORS;Average gross earnings;A;Normal value
2403040104IND02;RS;REPUBLIC OF SERBIA;02;2021;5_AD;Administration - all levels;103021;RSD;RSD;SORS;Average gross earnings;A;Normal value
2403040104IND02;RS;REPUBLIC OF SERBIA;02;2021;5_AD2;Administration - government  level;107125;RSD;RSD;SORS;Average gross earnings;A;Normal value
2403040104IND02;RS;REPUBLIC OF SERBIA;02;2021;5_AD3;Administration - autonomous  province level;132812;RSD;RSD;SORS;Average gross earnings;A;Normal value
2403040104IND02;RS;REPUBLIC OF SERBIA;02;2021;5_AD4;Administration - local authorities’ level;81212;RSD;RSD;SORS;Average gross earnings;A;Normal value
2403040104IND02;RS;REPUBLIC OF SERBIA;02;2022;0;Total;97392;RSD;RSD;SORS;Average gross earnings;A;Normal value
2403040104IND02;RS;REPUBLIC OF SERBIA;02;2022;0_JP_JD_JL;Public enterprises;105990;RSD;RSD;SORS;Average gross earnings;A;Normal value
2403040104IND02;RS;REPUBLIC OF SERBIA;02;2022;0_JS;Public sector;107343;RSD;RSD;SORS;Average gross earnings;A;Normal value
2403040104IND02;RS;REPUBLIC OF SERBIA;02;2022;0_VJS;Non-public sector;93217;RSD;RSD;SORS;Average gross earnings;A;Normal value
2403040104IND02;RS;REPUBLIC OF SERBIA;02;2022;1_JD;Public state enterprises;116295;RSD;RSD;SORS;Average gross earnings;A;Normal value
2403040104IND02;RS;REPUBLIC OF SERBIA;02;2022;2_JL;Public local enterprises;91670;RSD;RSD;SORS;Average gross earnings;A;Normal value
2403040104IND02;RS;REPUBLIC OF SERBIA;02;2022;3_4_5_BK;General government;107770;RSD;RSD;SORS;Average gross earnings;A;Normal value
2403040104IND02;RS;REPUBLIC OF SERBIA;02;2022;3_ZS;Health and social work;111085;RSD;RSD;SORS;Average gross earnings;A;Normal value
2403040104IND02;RS;REPUBLIC OF SERBIA;02;2022;4_OK;Education and culture;96618;RSD;RSD;SORS;Average gross earnings;A;Normal value
2403040104IND02;RS;REPUBLIC OF SERBIA;02;2022;5_AD;Administration - all levels;115123;RSD;RSD;SORS;Average gross earnings;A;Normal value
2403040104IND02;RS;REPUBLIC OF SERBIA;02;2022;5_AD2;Administration - government  level;119920;RSD;RSD;SORS;Average gross earnings;A;Normal value
2403040104IND02;RS;REPUBLIC OF SERBIA;02;2022;5_AD3;Administration - autonomous  province level;145065;RSD;RSD;SORS;Average gross earnings;A;Normal value
2403040104IND02;RS;REPUBLIC OF SERBIA;02;2022;5_AD4;Administration - local authorities’ level;90116;RSD;RSD;SORS;Average gross earnings;A;Normal value
2403040104IND02;RS;REPUBLIC OF SERBIA;02;2023;0;Total;112212;RSD;RSD;SORS;Average gross earnings;A;Normal value
2403040104IND02;RS;REPUBLIC OF SERBIA;02;2023;0_JP_JD_JL;Public enterprises;117983;RSD;RSD;SORS;Average gross earnings;A;Normal value
2403040104IND02;RS;REPUBLIC OF SERBIA;02;2023;0_JS;Public sector;119079;RSD;RSD;SORS;Average gross earnings;A;Normal value
2403040104IND02;RS;REPUBLIC OF SERBIA;02;2023;0_VJS;Non-public sector;109423;RSD;RSD;SORS;Average gross earnings;A;Normal value
2403040104IND02;RS;REPUBLIC OF SERBIA;02;2023;1_JD;Public state enterprises;127712;RSD;RSD;SORS;Average gross earnings;A;Normal value
2403040104IND02;RS;REPUBLIC OF SERBIA;02;2023;2_JL;Public local enterprises;104547;RSD;RSD;SORS;Average gross earnings;A;Normal value
2403040104IND02;RS;REPUBLIC OF SERBIA;02;2023;3_4_5_BK;General government;119423;RSD;RSD;SORS;Average gross earnings;A;Normal value
2403040104IND02;RS;REPUBLIC OF SERBIA;02;2023;3_ZS;Health and social work;118669;RSD;RSD;SORS;Average gross earnings;A;Normal value
2403040104IND02;RS;REPUBLIC OF SERBIA;02;2023;4_OK;Education and culture;108174;RSD;RSD;SORS;Average gross earnings;A;Normal value
2403040104IND02;RS;REPUBLIC OF SERBIA;02;2023;5_AD;Administration - all levels;130674;RSD;RSD;SORS;Average gross earnings;A;Normal value
2403040104IND02;RS;REPUBLIC OF SERBIA;02;2023;5_AD2;Administration - government  level;136212;RSD;RSD;SORS;Average gross earnings;A;Normal value
2403040104IND02;RS;REPUBLIC OF SERBIA;02;2023;5_AD3;Administration - autonomous  province level;178995;RSD;RSD;SORS;Average gross earnings;A;Normal value
2403040104IND02;RS;REPUBLIC OF SERBIA;02;2023;5_AD4;Administration - local authorities’ level;100982;RSD;RSD;SORS;Average gross earnings;A;Normal value
2403040104IND02;RS;REPUBLIC OF SERBIA;02;2024;0;Total;129934;RSD;RSD;SORS;Average gross earnings;A;Normal value
2403040104IND02;RS;REPUBLIC OF SERBIA;02;2024;0_JP_JD_JL;Public enterprises;136529;RSD;RSD;SORS;Average gross earnings;A;Normal value
2403040104IND02;RS;REPUBLIC OF SERBIA;02;2024;0_JS;Public sector;137508;RSD;RSD;SORS;Average gross earnings;A;Normal value
2403040104IND02;RS;REPUBLIC OF SERBIA;02;2024;0_VJS;Non-public sector;126871;RSD;RSD;SORS;Average gross earnings;A;Normal value
2403040104IND02;RS;REPUBLIC OF SERBIA;02;2024;1_JD;Public state enterprises;146928;RSD;RSD;SORS;Average gross earnings;A;Normal value
2403040104IND02;RS;REPUBLIC OF SERBIA;02;2024;2_JL;Public local enterprises;122321;RSD;RSD;SORS;Average gross earnings;A;Normal value
2403040104IND02;RS;REPUBLIC OF SERBIA;02;2024;3_4_5_BK;General government;137811;RSD;RSD;SORS;Average gross earnings;A;Normal value
2403040104IND02;RS;REPUBLIC OF SERBIA;02;2024;3_ZS;Health and social work;135557;RSD;RSD;SORS;Average gross earnings;A;Normal value
2403040104IND02;RS;REPUBLIC OF SERBIA;02;2024;4_OK;Education and culture;128207;RSD;RSD;SORS;Average gross earnings;A;Normal value
2403040104IND02;RS;REPUBLIC OF SERBIA;02;2024;5_AD;Administration - all levels;148805;RSD;RSD;SORS;Average gross earnings;A;Normal value
2403040104IND02;RS;REPUBLIC OF SERBIA;02;2024;5_AD2;Administration - government  level;155803;RSD;RSD;SORS;Average gross earnings;A;Normal value
2403040104IND02;RS;REPUBLIC OF SERBIA;02;2024;5_AD3;Administration - autonomous  province level;149315;RSD;RSD;SORS;Average gross earnings;A;Normal value
2403040104IND02;RS;REPUBLIC OF SERBIA;02;2024;5_AD4;Administration - local authorities’ level;113876;RSD;RSD;SORS;Average gross earnings;A;Normal value
2403040104IND02;RS;REPUBLIC OF SERBIA;02;2025;0;Total;142908;RSD;RSD;SORS;Average gross earnings;A;Normal value
2403040104IND02;RS;REPUBLIC OF SERBIA;02;2025;0_JP_JD_JL;Public enterprises;149467;RSD;RSD;SORS;Average gross earnings;A;Normal value
2403040104IND02;RS;REPUBLIC OF SERBIA;02;2025;0_JS;Public sector;150227;RSD;RSD;SORS;Average gross earnings;A;Normal value
2403040104IND02;RS;REPUBLIC OF SERBIA;02;2025;0_VJS;Non-public sector;140023;RSD;RSD;SORS;Average gross earnings;A;Normal value
2403040104IND02;RS;REPUBLIC OF SERBIA;02;2025;1_JD;Public state enterprises;160379;RSD;RSD;SORS;Average gross earnings;A;Normal value
2403040104IND02;RS;REPUBLIC OF SERBIA;02;2025;2_JL;Public local enterprises;134718;RSD;RSD;SORS;Average gross earnings;A;Normal value
2403040104IND02;RS;REPUBLIC OF SERBIA;02;2025;3_4_5_BK;General government;150464;RSD;RSD;SORS;Average gross earnings;A;Normal value
2403040104IND02;RS;REPUBLIC OF SERBIA;02;2025;3_ZS;Health and social work;148608;RSD;RSD;SORS;Average gross earnings;A;Normal value
2403040104IND02;RS;REPUBLIC OF SERBIA;02;2025;4_OK;Education and culture;136235;RSD;RSD;SORS;Average gross earnings;A;Normal value
2403040104IND02;RS;REPUBLIC OF SERBIA;02;2025;5_AD;Administration - all levels;164517;RSD;RSD;SORS;Average gross earnings;A;Normal value
2403040104IND02;RS;REPUBLIC OF SERBIA;02;2025;5_AD2;Administration - government  level;172362;RSD;RSD;SORS;Average gross earnings;A;Normal value
2403040104IND02;RS;REPUBLIC OF SERBIA;02;2025;5_AD3;Administration - autonomous  province level;160532;RSD;RSD;SORS;Average gross earnings;A;Normal value
2403040104IND02;RS;REPUBLIC OF SERBIA;02;2025;5_AD4;Administration - local authorities’ level;125965;RSD;RSD;SORS;Average gross earnings;A;Normal value
2403040104IND02;RS;REPUBLIC OF SERBIA;02;2026;0;Total;160067;RSD;RSD;SORS;Average gross earnings;A;Normal value
2403040104IND02;RS;REPUBLIC OF SERBIA;02;2026;0_JP_JD_JL;Public enterprises;166070;RSD;RSD;SORS;Average gross earnings;A;Normal value
2403040104IND02;RS;REPUBLIC OF SERBIA;02;2026;0_JS;Public sector;169580;RSD;RSD;SORS;Average gross earnings;A;Normal value
2403040104IND02;RS;REPUBLIC OF SERBIA;02;2026;0_VJS;Non-public sector;156211;RSD;RSD;SORS;Average gross earnings;A;Normal value
2403040104IND02;RS;REPUBLIC OF SERBIA;02;2026;1_JD;Public state enterprises;174902;RSD;RSD;SORS;Average gross earnings;A;Normal value
2403040104IND02;RS;REPUBLIC OF SERBIA;02;2026;2_JL;Public local enterprises;154267;RSD;RSD;SORS;Average gross earnings;A;Normal value
2403040104IND02;RS;REPUBLIC OF SERBIA;02;2026;3_4_5_BK;General government;170632;RSD;RSD;SORS;Average gross earnings;A;Normal value
2403040104IND02;RS;REPUBLIC OF SERBIA;02;2026;3_ZS;Health and social work;169118;RSD;RSD;SORS;Average gross earnings;A;Normal value
2403040104IND02;RS;REPUBLIC OF SERBIA;02;2026;4_OK;Education and culture;163833;RSD;RSD;SORS;Average gross earnings;A;Normal value
2403040104IND02;RS;REPUBLIC OF SERBIA;02;2026;5_AD;Administration - all levels;178546;RSD;RSD;SORS;Average gross earnings;A;Normal value
2403040104IND02;RS;REPUBLIC OF SERBIA;02;2026;5_AD2;Administration - government  level;186217;RSD;RSD;SORS;Average gross earnings;A;Normal value
2403040104IND02;RS;REPUBLIC OF SERBIA;02;2026;5_AD3;Administration - autonomous  province level;169252;RSD;RSD;SORS;Average gross earnings;A;Normal value
2403040104IND02;RS;REPUBLIC OF SERBIA;02;2026;5_AD4;Administration - local authorities’ level;140114;RSD;RSD;SORS;Average gross earnings;A;Normal value
2403040104IND02;RS;REPUBLIC OF SERBIA;03;2003;0;Total;14579;RSD;RSD;SORS;Average gross earnings;A;Normal value
2403040104IND02;RS;REPUBLIC OF SERBIA;03;2003;0_JP_JD_JL;Public enterprises;21924;RSD;RSD;SORS;Average gross earnings;A;Normal value
2403040104IND02;RS;REPUBLIC OF SERBIA;03;2003;0_JS;Public sector;18767;RSD;RSD;SORS;Average gross earnings;A;Normal value
2403040104IND02;RS;REPUBLIC OF SERBIA;03;2003;0_VJS;Non-public sector;11762;RSD;RSD;SORS;Average gross earnings;A;Normal value
2403040104IND02;RS;REPUBLIC OF SERBIA;03;2003;1_JD;Public state enterprises;22653;RSD;RSD;SORS;Average gross earnings;A;Normal value
2403040104IND02;RS;REPUBLIC OF SERBIA;03;2003;2_JL;Public local enterprises;20198;RSD;RSD;SORS;Average gross earnings;A;Normal value
2403040104IND02;RS;REPUBLIC OF SERBIA;03;2003;3_4_5_BK;General government;16980;RSD;RSD;SORS;Average gross earnings;A;Normal value
2403040104IND02;RS;REPUBLIC OF SERBIA;03;2003;3_ZS;Health and social work;17523;RSD;RSD;SORS;Average gross earnings;A;Normal value
2403040104IND02;RS;REPUBLIC OF SERBIA;03;2003;4_OK;Education and culture;14723;RSD;RSD;SORS;Average gross earnings;A;Normal value
2403040104IND02;RS;REPUBLIC OF SERBIA;03;2003;5_AD;Administration - all levels;19997;RSD;RSD;SORS;Average gross earnings;A;Normal value
2403040104IND02;RS;REPUBLIC OF SERBIA;03;2003;5_AD2;Administration - government  level;;RSD;RSD;SORS;Average gross earnings;O;Not available
2403040104IND02;RS;REPUBLIC OF SERBIA;03;2003;5_AD3;Administration - autonomous  province level;;RSD;RSD;SORS;Average gross earnings;O;Not available
2403040104IND02;RS;REPUBLIC OF SERBIA;03;2003;5_AD4;Administration - local authorities’ level;;RSD;RSD;SORS;Average gross earnings;O;Not available
2403040104IND02;RS;REPUBLIC OF SERBIA;03;2004;0;Total;18681;RSD;RSD;SORS;Average gross earnings;A;Normal value
2403040104IND02;RS;REPUBLIC OF SERBIA;03;2004;0_JP_JD_JL;Public enterprises;26029;RSD;RSD;SORS;Average gross earnings;A;Normal value
2403040104IND02;RS;REPUBLIC OF SERBIA;03;2004;0_JS;Public sector;23605;RSD;RSD;SORS;Average gross earnings;A;Normal value
2403040104IND02;RS;REPUBLIC OF SERBIA;03;2004;0_VJS;Non-public sector;15023;RSD;RSD;SORS;Average gross earnings;A;Normal value
2403040104IND02;RS;REPUBLIC OF SERBIA;03;2004;1_JD;Public state enterprises;26092;RSD;RSD;SORS;Average gross earnings;A;Normal value
2403040104IND02;RS;REPUBLIC OF SERBIA;03;2004;2_JL;Public local enterprises;25891;RSD;RSD;SORS;Average gross earnings;A;Normal value
2403040104IND02;RS;REPUBLIC OF SERBIA;03;2004;3_4_5_BK;General government;22261;RSD;RSD;SORS;Average gross earnings;A;Normal value
2403040104IND02;RS;REPUBLIC OF SERBIA;03;2004;3_ZS;Health and social work;21178;RSD;RSD;SORS;Average gross earnings;A;Normal value
2403040104IND02;RS;REPUBLIC OF SERBIA;03;2004;4_OK;Education and culture;21878;RSD;RSD;SORS;Average gross earnings;A;Normal value
2403040104IND02;RS;REPUBLIC OF SERBIA;03;2004;5_AD;Administration - all levels;25501;RSD;RSD;SORS;Average gross earnings;A;Normal value
2403040104IND02;RS;REPUBLIC OF SERBIA;03;2004;5_AD2;Administration - government  level;;RSD;RSD;SORS;Average gross earnings;O;Not available
2403040104IND02;RS;REPUBLIC OF SERBIA;03;2004;5_AD3;Administration - autonomous  province level;;RSD;RSD;SORS;Average gross earnings;O;Not available
2403040104IND02;RS;REPUBLIC OF SERBIA;03;2004;5_AD4;Administration - local authorities’ level;;RSD;RSD;SORS;Average gross earnings;O;Not available
2403040104IND02;RS;REPUBLIC OF SERBIA;03;2005;0;Total;23198;RSD;RSD;SORS;Average gross earnings;A;Normal value
2403040104IND02;RS;REPUBLIC OF SERBIA;03;2005;0_JP_JD_JL;Public enterprises;31683;RSD;RSD;SORS;Average gross earnings;A;Normal value
2403040104IND02;RS;REPUBLIC OF SERBIA;03;2005;0_JS;Public sector;29129;RSD;RSD;SORS;Average gross earnings;A;Normal value
2403040104IND02;RS;REPUBLIC OF SERBIA;03;2005;0_VJS;Non-public sector;18227;RSD;RSD;SORS;Average gross earnings;A;Normal value
2403040104IND02;RS;REPUBLIC OF SERBIA;03;2005;1_JD;Public state enterprises;31256;RSD;RSD;SORS;Average gross earnings;A;Normal value
2403040104IND02;RS;REPUBLIC OF SERBIA;03;2005;2_JL;Public local enterprises;32544;RSD;RSD;SORS;Average gross earnings;A;Normal value
2403040104IND02;RS;REPUBLIC OF SERBIA;03;2005;3_4_5_BK;General government;27758;RSD;RSD;SORS;Average gross earnings;A;Normal value
2403040104IND02;RS;REPUBLIC OF SERBIA;03;2005;3_ZS;Health and social work;25942;RSD;RSD;SORS;Average gross earnings;A;Normal value
2403040104IND02;RS;REPUBLIC OF SERBIA;03;2005;4_OK;Education and culture;27051;RSD;RSD;SORS;Average gross earnings;A;Normal value
2403040104IND02;RS;REPUBLIC OF SERBIA;03;2005;5_AD;Administration - all levels;33120;RSD;RSD;SORS;Average gross earnings;A;Normal value
2403040104IND02;RS;REPUBLIC OF SERBIA;03;2005;5_AD2;Administration - government  level;;RSD;RSD;SORS;Average gross earnings;O;Not available
2403040104IND02;RS;REPUBLIC OF SERBIA;03;2005;5_AD3;Administration - autonomous  province level;;RSD;RSD;SORS;Average gross earnings;O;Not available
2403040104IND02;RS;REPUBLIC OF SERBIA;03;2005;5_AD4;Administration - local authorities’ level;;RSD;RSD;SORS;Average gross earnings;O;Not available
2403040104IND02;RS;REPUBLIC OF SERBIA;03;2006;0;Total;29367;RSD;RSD;SORS;Average gross earnings;A;Normal value
2403040104IND02;RS;REPUBLIC OF SERBIA;03;2006;0_JP_JD_JL;Public enterprises;38604;RSD;RSD;SORS;Average gross earnings;A;Normal value
2403040104IND02;RS;REPUBLIC OF SERBIA;03;2006;0_JS;Public sector;34896;RSD;RSD;SORS;Average gross earnings;A;Normal value
2403040104IND02;RS;REPUBLIC OF SERBIA;03;2006;0_VJS;Non-public sector;24579;RSD;RSD;SORS;Average gross earnings;A;Normal value
2403040104IND02;RS;REPUBLIC OF SERBIA;03;2006;1_JD;Public state enterprises;39346;RSD;RSD;SORS;Average gross earnings;A;Normal value
2403040104IND02;RS;REPUBLIC OF SERBIA;03;2006;2_JL;Public local enterprises;37312;RSD;RSD;SORS;Average gross earnings;A;Normal value
2403040104IND02;RS;REPUBLIC OF SERBIA;03;2006;3_4_5_BK;General government;32961;RSD;RSD;SORS;Average gross earnings;A;Normal value
2403040104IND02;RS;REPUBLIC OF SERBIA;03;2006;3_ZS;Health and social work;30078;RSD;RSD;SORS;Average gross earnings;A;Normal value
2403040104IND02;RS;REPUBLIC OF SERBIA;03;2006;4_OK;Education and culture;32427;RSD;RSD;SORS;Average gross earnings;A;Normal value
2403040104IND02;RS;REPUBLIC OF SERBIA;03;2006;5_AD;Administration - all levels;40843;RSD;RSD;SORS;Average gross earnings;A;Normal value
2403040104IND02;RS;REPUBLIC OF SERBIA;03;2006;5_AD2;Administration - government  level;;RSD;RSD;SORS;Average gross earnings;O;Not available
2403040104IND02;RS;REPUBLIC OF SERBIA;03;2006;5_AD3;Administration - autonomous  province level;;RSD;RSD;SORS;Average gross earnings;O;Not available
2403040104IND02;RS;REPUBLIC OF SERBIA;03;2006;5_AD4;Administration - local authorities’ level;;RSD;RSD;SORS;Average gross earnings;O;Not available
2403040104IND02;RS;REPUBLIC OF SERBIA;03;2007;0;Total;36148;RSD;RSD;SORS;Average gross earnings;A;Normal value
2403040104IND02;RS;REPUBLIC OF SERBIA;03;2007;0_JP_JD_JL;Public enterprises;47949;RSD;RSD;SORS;Average gross earnings;A;Normal value
2403040104IND02;RS;REPUBLIC OF SERBIA;03;2007;0_JS;Public sector;42954;RSD;RSD;SORS;Average gross earnings;A;Normal value
2403040104IND02;RS;REPUBLIC OF SERBIA;03;2007;0_VJS;Non-public sector;29738;RSD;RSD;SORS;Average gross earnings;A;Normal value
2403040104IND02;RS;REPUBLIC OF SERBIA;03;2007;1_JD;Public state enterprises;51360;RSD;RSD;SORS;Average gross earnings;A;Normal value
2403040104IND02;RS;REPUBLIC OF SERBIA;03;2007;2_JL;Public local enterprises;42150;RSD;RSD;SORS;Average gross earnings;A;Normal value
2403040104IND02;RS;REPUBLIC OF SERBIA;03;2007;3_4_5_BK;General government;40455;RSD;RSD;SORS;Average gross earnings;A;Normal value
2403040104IND02;RS;REPUBLIC OF SERBIA;03;2007;3_ZS;Health and social work;39498;RSD;RSD;SORS;Average gross earnings;A;Normal value
2403040104IND02;RS;REPUBLIC OF SERBIA;03;2007;4_OK;Education and culture;38190;RSD;RSD;SORS;Average gross earnings;A;Normal value
2403040104IND02;RS;REPUBLIC OF SERBIA;03;2007;5_AD;Administration - all levels;47405;RSD;RSD;SORS;Average gross earnings;A;Normal value
2403040104IND02;RS;REPUBLIC OF SERBIA;03;2007;5_AD2;Administration - government  level;;RSD;RSD;SORS;Average gross earnings;O;Not available
2403040104IND02;RS;REPUBLIC OF SERBIA;03;2007;5_AD3;Administration - autonomous  province level;;RSD;RSD;SORS;Average gross earnings;O;Not available
2403040104IND02;RS;REPUBLIC OF SERBIA;03;2007;5_AD4;Administration - local authorities’ level;;RSD;RSD;SORS;Average gross earnings;O;Not available
2403040104IND02;RS;REPUBLIC OF SERBIA;03;2008;0;Total;42873;RSD;RSD;SORS;Average gross earnings;A;Normal value
2403040104IND02;RS;REPUBLIC OF SERBIA;03;2008;0_JP_JD_JL;Public enterprises;52745;RSD;RSD;SORS;Average gross earnings;A;Normal value
2403040104IND02;RS;REPUBLIC OF SERBIA;03;2008;0_JS;Public sector;49596;RSD;RSD;SORS;Average gross earnings;A;Normal value
2403040104IND02;RS;REPUBLIC OF SERBIA;03;2008;0_VJS;Non-public sector;35878;RSD;RSD;SORS;Average gross earnings;A;Normal value
2403040104IND02;RS;REPUBLIC OF SERBIA;03;2008;1_JD;Public state enterprises;56342;RSD;RSD;SORS;Average gross earnings;A;Normal value
2403040104IND02;RS;REPUBLIC OF SERBIA;03;2008;2_JL;Public local enterprises;46542;RSD;RSD;SORS;Average gross earnings;A;Normal value
2403040104IND02;RS;REPUBLIC OF SERBIA;03;2008;3_4_5_BK;General government;48068;RSD;RSD;SORS;Average gross earnings;A;Normal value
2403040104IND02;RS;REPUBLIC OF SERBIA;03;2008;3_ZS;Health and social work;47754;RSD;RSD;SORS;Average gross earnings;A;Normal value
2403040104IND02;RS;REPUBLIC OF SERBIA;03;2008;4_OK;Education and culture;46637;RSD;RSD;SORS;Average gross earnings;A;Normal value
2403040104IND02;RS;REPUBLIC OF SERBIA;03;2008;5_AD;Administration - all levels;51771;RSD;RSD;SORS;Average gross earnings;A;Normal value
2403040104IND02;RS;REPUBLIC OF SERBIA;03;2008;5_AD2;Administration - government  level;;RSD;RSD;SORS;Average gross earnings;O;Not available
2403040104IND02;RS;REPUBLIC OF SERBIA;03;2008;5_AD3;Administration - autonomous  province level;;RSD;RSD;SORS;Average gross earnings;O;Not available
2403040104IND02;RS;REPUBLIC OF SERBIA;03;2008;5_AD4;Administration - local authorities’ level;;RSD;RSD;SORS;Average gross earnings;O;Not available
2403040104IND02;RS;REPUBLIC OF SERBIA;03;2009;0;Total;42213;RSD;RSD;SORS;Average gross earnings;A;Normal value
2403040104IND02;RS;REPUBLIC OF SERBIA;03;2009;0_JP_JD_JL;Public enterprises;56181;RSD;RSD;SORS;Average gross earnings;A;Normal value
2403040104IND02;RS;REPUBLIC OF SERBIA;03;2009;0_JS;Public sector;53668;RSD;RSD;SORS;Average gross earnings;A;Normal value
2403040104IND02;RS;REPUBLIC OF SERBIA;03;2009;0_VJS;Non-public sector;33635;RSD;RSD;SORS;Average gross earnings;A;Normal value
2403040104IND02;RS;REPUBLIC OF SERBIA;03;2009;1_JD;Public state enterprises;59346;RSD;RSD;SORS;Average gross earnings;A;Normal value
2403040104IND02;RS;REPUBLIC OF SERBIA;03;2009;2_JL;Public local enterprises;51256;RSD;RSD;SORS;Average gross earnings;A;Normal value
2403040104IND02;RS;REPUBLIC OF SERBIA;03;2009;3_4_5_BK;General government;52555;RSD;RSD;SORS;Average gross earnings;A;Normal value
2403040104IND02;RS;REPUBLIC OF SERBIA;03;2009;3_ZS;Health and social work;51178;RSD;RSD;SORS;Average gross earnings;A;Normal value
2403040104IND02;RS;REPUBLIC OF SERBIA;03;2009;4_OK;Education and culture;51328;RSD;RSD;SORS;Average gross earnings;A;Normal value
2403040104IND02;RS;REPUBLIC OF SERBIA;03;2009;5_AD;Administration - all levels;57995;RSD;RSD;SORS;Average gross earnings;A;Normal value
2403040104IND02;RS;REPUBLIC OF SERBIA;03;2009;5_AD2;Administration - government  level;;RSD;RSD;SORS;Average gross earnings;O;Not available
2403040104IND02;RS;REPUBLIC OF SERBIA;03;2009;5_AD3;Administration - autonomous  province level;;RSD;RSD;SORS;Average gross earnings;O;Not available
2403040104IND02;RS;REPUBLIC OF SERBIA;03;2009;5_AD4;Administration - local authorities’ level;;RSD;RSD;SORS;Average gross earnings;O;Not available
2403040104IND02;RS;REPUBLIC OF SERBIA;03;2010;0;Total;46457;RSD;RSD;SORS;Average gross earnings;A;Normal value
2403040104IND02;RS;REPUBLIC OF SERBIA;03;2010;0_JP_JD_JL;Public enterprises;62001;RSD;RSD;SORS;Average gross earnings;A;Normal value
2403040104IND02;RS;REPUBLIC OF SERBIA;03;2010;0_JS;Public sector;56093;RSD;RSD;SORS;Average gross earnings;A;Normal value
2403040104IND02;RS;REPUBLIC OF SERBIA;03;2010;0_VJS;Non-public sector;38211;RSD;RSD;SORS;Average gross earnings;A;Normal value
2403040104IND02;RS;REPUBLIC OF SERBIA;03;2010;1_JD;Public state enterprises;65876;RSD;RSD;SORS;Average gross earnings;A;Normal value
2403040104IND02;RS;REPUBLIC OF SERBIA;03;2010;2_JL;Public local enterprises;56003;RSD;RSD;SORS;Average gross earnings;A;Normal value
2403040104IND02;RS;REPUBLIC OF SERBIA;03;2010;3_4_5_BK;General government;53525;RSD;RSD;SORS;Average gross earnings;A;Normal value
2403040104IND02;RS;REPUBLIC OF SERBIA;03;2010;3_ZS;Health and social work;52469;RSD;RSD;SORS;Average gross earnings;A;Normal value
2403040104IND02;RS;REPUBLIC OF SERBIA;03;2010;4_OK;Education and culture;51464;RSD;RSD;SORS;Average gross earnings;A;Normal value
2403040104IND02;RS;REPUBLIC OF SERBIA;03;2010;5_AD;Administration - all levels;60030;RSD;RSD;SORS;Average gross earnings;A;Normal value
2403040104IND02;RS;REPUBLIC OF SERBIA;03;2010;5_AD2;Administration - government  level;;RSD;RSD;SORS;Average gross earnings;O;Not available
2403040104IND02;RS;REPUBLIC OF SERBIA;03;2010;5_AD3;Administration - autonomous  province level;;RSD;RSD;SORS;Average gross earnings;O;Not available
2403040104IND02;RS;REPUBLIC OF SERBIA;03;2010;5_AD4;Administration - local authorities’ level;;RSD;RSD;SORS;Average gross earnings;O;Not available
2403040104IND02;RS;REPUBLIC OF SERBIA;03;2011;0;Total;49633;RSD;RSD;SORS;Average gross earnings;A;Normal value
2403040104IND02;RS;REPUBLIC OF SERBIA;03;2011;0_JP_JD_JL;Public enterprises;64826;RSD;RSD;SORS;Average gross earnings;A;Normal value
2403040104IND02;RS;REPUBLIC OF SERBIA;03;2011;0_JS;Public sector;57091;RSD;RSD;SORS;Average gross earnings;A;Normal value
2403040104IND02;RS;REPUBLIC OF SERBIA;03;2011;0_VJS;Non-public sector;43137;RSD;RSD;SORS;Average gross earnings;A;Normal value
2403040104IND02;RS;REPUBLIC OF SERBIA;03;2011;1_JD;Public state enterprises;71249;RSD;RSD;SORS;Average gross earnings;A;Normal value
2403040104IND02;RS;REPUBLIC OF SERBIA;03;2011;2_JL;Public local enterprises;55260;RSD;RSD;SORS;Average gross earnings;A;Normal value
2403040104IND02;RS;REPUBLIC OF SERBIA;03;2011;3_4_5_BK;General government;53773;RSD;RSD;SORS;Average gross earnings;A;Normal value
2403040104IND02;RS;REPUBLIC OF SERBIA;03;2011;3_ZS;Health and social work;52924;RSD;RSD;SORS;Average gross earnings;A;Normal value
2403040104IND02;RS;REPUBLIC OF SERBIA;03;2011;4_OK;Education and culture;50118;RSD;RSD;SORS;Average gross earnings;A;Normal value
2403040104IND02;RS;REPUBLIC OF SERBIA;03;2011;5_AD;Administration - all levels;63116;RSD;RSD;SORS;Average gross earnings;A;Normal value
2403040104IND02;RS;REPUBLIC OF SERBIA;03;2011;5_AD2;Administration - government  level;;RSD;RSD;SORS;Average gross earnings;O;Not available
2403040104IND02;RS;REPUBLIC OF SERBIA;03;2011;5_AD3;Administration - autonomous  province level;;RSD;RSD;SORS;Average gross earnings;O;Not available
2403040104IND02;RS;REPUBLIC OF SERBIA;03;2011;5_AD4;Administration - local authorities’ level;;RSD;RSD;SORS;Average gross earnings;O;Not available
2403040104IND02;RS;REPUBLIC OF SERBIA;03;2012;0;Total;56125;RSD;RSD;SORS;Average gross earnings;A;Normal value
2403040104IND02;RS;REPUBLIC OF SERBIA;03;2012;0_JP_JD_JL;Public enterprises;76129;RSD;RSD;SORS;Average gross earnings;A;Normal value
2403040104IND02;RS;REPUBLIC OF SERBIA;03;2012;0_JS;Public sector;64588;RSD;RSD;SORS;Average gross earnings;A;Normal value
2403040104IND02;RS;REPUBLIC OF SERBIA;03;2012;0_VJS;Non-public sector;48425;RSD;RSD;SORS;Average gross earnings;A;Normal value
2403040104IND02;RS;REPUBLIC OF SERBIA;03;2012;1_JD;Public state enterprises;86789;RSD;RSD;SORS;Average gross earnings;A;Normal value
2403040104IND02;RS;REPUBLIC OF SERBIA;03;2012;2_JL;Public local enterprises;60217;RSD;RSD;SORS;Average gross earnings;A;Normal value
2403040104IND02;RS;REPUBLIC OF SERBIA;03;2012;3_4_5_BK;General government;59618;RSD;RSD;SORS;Average gross earnings;A;Normal value
2403040104IND02;RS;REPUBLIC OF SERBIA;03;2012;3_ZS;Health and social work;57078;RSD;RSD;SORS;Average gross earnings;A;Normal value
2403040104IND02;RS;REPUBLIC OF SERBIA;03;2012;4_OK;Education and culture;56559;RSD;RSD;SORS;Average gross earnings;A;Normal value
2403040104IND02;RS;REPUBLIC OF SERBIA;03;2012;5_AD;Administration - all levels;71315;RSD;RSD;SORS;Average gross earnings;A;Normal value
2403040104IND02;RS;REPUBLIC OF SERBIA;03;2012;5_AD2;Administration - government  level;;RSD;RSD;SORS;Average gross earnings;O;Not available
2403040104IND02;RS;REPUBLIC OF SERBIA;03;2012;5_AD3;Administration - autonomous  province level;;RSD;RSD;SORS;Average gross earnings;O;Not available
2403040104IND02;RS;REPUBLIC OF SERBIA;03;2012;5_AD4;Administration - local authorities’ level;;RSD;RSD;SORS;Average gross earnings;O;Not available
2403040104IND02;RS;REPUBLIC OF SERBIA;03;2013;0;Total;57628;RSD;RSD;SORS;Average gross earnings;A;Normal value
2403040104IND02;RS;REPUBLIC OF SERBIA;03;2013;0_JP_JD_JL;Public enterprises;72728;RSD;RSD;SORS;Average gross earnings;A;Normal value
2403040104IND02;RS;REPUBLIC OF SERBIA;03;2013;0_JS;Public sector;65715;RSD;RSD;SORS;Average gross earnings;A;Normal value
2403040104IND02;RS;REPUBLIC OF SERBIA;03;2013;0_VJS;Non-public sector;50068;RSD;RSD;SORS;Average gross earnings;A;Normal value
2403040104IND02;RS;REPUBLIC OF SERBIA;03;2013;1_JD;Public state enterprises;80479;RSD;RSD;SORS;Average gross earnings;A;Normal value
2403040104IND02;RS;REPUBLIC OF SERBIA;03;2013;2_JL;Public local enterprises;61560;RSD;RSD;SORS;Average gross earnings;A;Normal value
2403040104IND02;RS;REPUBLIC OF SERBIA;03;2013;3_4_5_BK;General government;62678;RSD;RSD;SORS;Average gross earnings;A;Normal value
2403040104IND02;RS;REPUBLIC OF SERBIA;03;2013;3_ZS;Health and social work;60047;RSD;RSD;SORS;Average gross earnings;A;Normal value
2403040104IND02;RS;REPUBLIC OF SERBIA;03;2013;4_OK;Education and culture;59141;RSD;RSD;SORS;Average gross earnings;A;Normal value
2403040104IND02;RS;REPUBLIC OF SERBIA;03;2013;5_AD;Administration - all levels;75058;RSD;RSD;SORS;Average gross earnings;A;Normal value
2403040104IND02;RS;REPUBLIC OF SERBIA;03;2013;5_AD2;Administration - government  level;;RSD;RSD;SORS;Average gross earnings;O;Not available
2403040104IND02;RS;REPUBLIC OF SERBIA;03;2013;5_AD3;Administration - autonomous  province level;;RSD;RSD;SORS;Average gross earnings;O;Not available
2403040104IND02;RS;REPUBLIC OF SERBIA;03;2013;5_AD4;Administration - local authorities’ level;;RSD;RSD;SORS;Average gross earnings;O;Not available
2403040104IND02;RS;REPUBLIC OF SERBIA;03;2014;0;Total;59782;RSD;RSD;SORS;Average gross earnings;A;Normal value
2403040104IND02;RS;REPUBLIC OF SERBIA;03;2014;0_JP_JD_JL;Public enterprises;77565;RSD;RSD;SORS;Average gross earnings;A;Normal value
2403040104IND02;RS;REPUBLIC OF SERBIA;03;2014;0_JS;Public sector;68561;RSD;RSD;SORS;Average gross earnings;A;Normal value
2403040104IND02;RS;REPUBLIC OF SERBIA;03;2014;0_VJS;Non-public sector;51616;RSD;RSD;SORS;Average gross earnings;A;Normal value
2403040104IND02;RS;REPUBLIC OF SERBIA;03;2014;1_JD;Public state enterprises;88043;RSD;RSD;SORS;Average gross earnings;A;Normal value
2403040104IND02;RS;REPUBLIC OF SERBIA;03;2014;2_JL;Public local enterprises;62369;RSD;RSD;SORS;Average gross earnings;A;Normal value
2403040104IND02;RS;REPUBLIC OF SERBIA;03;2014;3_4_5_BK;General government;64674;RSD;RSD;SORS;Average gross earnings;A;Normal value
2403040104IND02;RS;REPUBLIC OF SERBIA;03;2014;3_ZS;Health and social work;61699;RSD;RSD;SORS;Average gross earnings;A;Normal value
2403040104IND02;RS;REPUBLIC OF SERBIA;03;2014;4_OK;Education and culture;61015;RSD;RSD;SORS;Average gross earnings;A;Normal value
2403040104IND02;RS;REPUBLIC OF SERBIA;03;2014;5_AD;Administration - all levels;78326;RSD;RSD;SORS;Average gross earnings;A;Normal value
2403040104IND02;RS;REPUBLIC OF SERBIA;03;2014;5_AD2;Administration - government  level;;RSD;RSD;SORS;Average gross earnings;O;Not available
2403040104IND02;RS;REPUBLIC OF SERBIA;03;2014;5_AD3;Administration - autonomous  province level;;RSD;RSD;SORS;Average gross earnings;O;Not available
2403040104IND02;RS;REPUBLIC OF SERBIA;03;2014;5_AD4;Administration - local authorities’ level;;RSD;RSD;SORS;Average gross earnings;O;Not available
2403040104IND02;RS;REPUBLIC OF SERBIA;03;2015;0;Total;59141;RSD;RSD;SORS;Average gross earnings;A;Normal value
2403040104IND02;RS;REPUBLIC OF SERBIA;03;2015;0_JP_JD_JL;Public enterprises;73255;RSD;RSD;SORS;Average gross earnings;A;Normal value
2403040104IND02;RS;REPUBLIC OF SERBIA;03;2015;0_JS;Public sector;63218;RSD;RSD;SORS;Average gross earnings;A;Normal value
2403040104IND02;RS;REPUBLIC OF SERBIA;03;2015;0_VJS;Non-public sector;55492;RSD;RSD;SORS;Average gross earnings;A;Normal value
2403040104IND02;RS;REPUBLIC OF SERBIA;03;2015;1_JD;Public state enterprises;83095;RSD;RSD;SORS;Average gross earnings;A;Normal value
2403040104IND02;RS;REPUBLIC OF SERBIA;03;2015;2_JL;Public local enterprises;59412;RSD;RSD;SORS;Average gross earnings;A;Normal value
2403040104IND02;RS;REPUBLIC OF SERBIA;03;2015;3_4_5_BK;General government;58792;RSD;RSD;SORS;Average gross earnings;A;Normal value
2403040104IND02;RS;REPUBLIC OF SERBIA;03;2015;3_ZS;Health and social work;56988;RSD;RSD;SORS;Average gross earnings;A;Normal value
2403040104IND02;RS;REPUBLIC OF SERBIA;03;2015;4_OK;Education and culture;56128;RSD;RSD;SORS;Average gross earnings;A;Normal value
2403040104IND02;RS;REPUBLIC OF SERBIA;03;2015;5_AD;Administration - all levels;67930;RSD;RSD;SORS;Average gross earnings;A;Normal value
2403040104IND02;RS;REPUBLIC OF SERBIA;03;2015;5_AD2;Administration - government  level;;RSD;RSD;SORS;Average gross earnings;O;Not available
2403040104IND02;RS;REPUBLIC OF SERBIA;03;2015;5_AD3;Administration - autonomous  province level;;RSD;RSD;SORS;Average gross earnings;O;Not available
2403040104IND02;RS;REPUBLIC OF SERBIA;03;2015;5_AD4;Administration - local authorities’ level;;RSD;RSD;SORS;Average gross earnings;O;Not available
2403040104IND02;RS;REPUBLIC OF SERBIA;03;2016;0;Total;63029;RSD;RSD;SORS;Average gross earnings;A;Normal value
2403040104IND02;RS;REPUBLIC OF SERBIA;03;2016;0_JP_JD_JL;Public enterprises;79910;RSD;RSD;SORS;Average gross earnings;A;Normal value
2403040104IND02;RS;REPUBLIC OF SERBIA;03;2016;0_JS;Public sector;66090;RSD;RSD;SORS;Average gross earnings;A;Normal value
2403040104IND02;RS;REPUBLIC OF SERBIA;03;2016;0_VJS;Non-public sector;60241;RSD;RSD;SORS;Average gross earnings;A;Normal value
2403040104IND02;RS;REPUBLIC OF SERBIA;03;2016;1_JD;Public state enterprises;92754;RSD;RSD;SORS;Average gross earnings;A;Normal value
2403040104IND02;RS;REPUBLIC OF SERBIA;03;2016;2_JL;Public local enterprises;61967;RSD;RSD;SORS;Average gross earnings;A;Normal value
2403040104IND02;RS;REPUBLIC OF SERBIA;03;2016;3_4_5_BK;General government;60013;RSD;RSD;SORS;Average gross earnings;A;Normal value
2403040104IND02;RS;REPUBLIC OF SERBIA;03;2016;3_ZS;Health and social work;58006;RSD;RSD;SORS;Average gross earnings;A;Normal value
2403040104IND02;RS;REPUBLIC OF SERBIA;03;2016;4_OK;Education and culture;57605;RSD;RSD;SORS;Average gross earnings;A;Normal value
2403040104IND02;RS;REPUBLIC OF SERBIA;03;2016;5_AD;Administration - all levels;69187;RSD;RSD;SORS;Average gross earnings;A;Normal value
2403040104IND02;RS;REPUBLIC OF SERBIA;03;2016;5_AD2;Administration - government  level;;RSD;RSD;SORS;Average gross earnings;O;Not available
2403040104IND02;RS;REPUBLIC OF SERBIA;03;2016;5_AD3;Administration - autonomous  province level;;RSD;RSD;SORS;Average gross earnings;O;Not available
2403040104IND02;RS;REPUBLIC OF SERBIA;03;2016;5_AD4;Administration - local authorities’ level;;RSD;RSD;SORS;Average gross earnings;O;Not available
2403040104IND02;RS;REPUBLIC OF SERBIA;03;2017;0;Total;65695;RSD;RSD;SORS;Average gross earnings;A;Normal value
2403040104IND02;RS;REPUBLIC OF SERBIA;03;2017;0_JP_JD_JL;Public enterprises;81868;RSD;RSD;SORS;Average gross earnings;A;Normal value
2403040104IND02;RS;REPUBLIC OF SERBIA;03;2017;0_JS;Public sector;68236;RSD;RSD;SORS;Average gross earnings;A;Normal value
2403040104IND02;RS;REPUBLIC OF SERBIA;03;2017;0_VJS;Non-public sector;63437;RSD;RSD;SORS;Average gross earnings;A;Normal value
2403040104IND02;RS;REPUBLIC OF SERBIA;03;2017;1_JD;Public state enterprises;93360;RSD;RSD;SORS;Average gross earnings;A;Normal value
2403040104IND02;RS;REPUBLIC OF SERBIA;03;2017;2_JL;Public local enterprises;66341;RSD;RSD;SORS;Average gross earnings;A;Normal value
2403040104IND02;RS;REPUBLIC OF SERBIA;03;2017;3_4_5_BK;General government;62462;RSD;RSD;SORS;Average gross earnings;A;Normal value
2403040104IND02;RS;REPUBLIC OF SERBIA;03;2017;3_ZS;Health and social work;60593;RSD;RSD;SORS;Average gross earnings;A;Normal value
2403040104IND02;RS;REPUBLIC OF SERBIA;03;2017;4_OK;Education and culture;59961;RSD;RSD;SORS;Average gross earnings;A;Normal value
2403040104IND02;RS;REPUBLIC OF SERBIA;03;2017;5_AD;Administration - all levels;71392;RSD;RSD;SORS;Average gross earnings;A;Normal value
2403040104IND02;RS;REPUBLIC OF SERBIA;03;2017;5_AD2;Administration - government  level;;RSD;RSD;SORS;Average gross earnings;O;Not available
2403040104IND02;RS;REPUBLIC OF SERBIA;03;2017;5_AD3;Administration - autonomous  province level;;RSD;RSD;SORS;Average gross earnings;O;Not available
2403040104IND02;RS;REPUBLIC OF SERBIA;03;2017;5_AD4;Administration - local authorities’ level;;RSD;RSD;SORS;Average gross earnings;O;Not available
2403040104IND02;RS;REPUBLIC OF SERBIA;03;2018;0;Total;68251;RSD;RSD;SORS;Average gross earnings;A;Normal value
2403040104IND02;RS;REPUBLIC OF SERBIA;03;2018;0_JP_JD_JL;Public enterprises;83981;RSD;RSD;SORS;Average gross earnings;A;Normal value
2403040104IND02;RS;REPUBLIC OF SERBIA;03;2018;0_JS;Public sector;76703;RSD;RSD;SORS;Average gross earnings;A;Normal value
2403040104IND02;RS;REPUBLIC OF SERBIA;03;2018;0_VJS;Non-public sector;63943;RSD;RSD;SORS;Average gross earnings;A;Normal value
2403040104IND02;RS;REPUBLIC OF SERBIA;03;2018;1_JD;Public state enterprises;96238;RSD;RSD;SORS;Average gross earnings;A;Normal value
2403040104IND02;RS;REPUBLIC OF SERBIA;03;2018;2_JL;Public local enterprises;65647;RSD;RSD;SORS;Average gross earnings;A;Normal value
2403040104IND02;RS;REPUBLIC OF SERBIA;03;2018;3_4_5_BK;General government;74299;RSD;RSD;SORS;Average gross earnings;A;Normal value
2403040104IND02;RS;REPUBLIC OF SERBIA;03;2018;3_ZS;Health and social work;68956;RSD;RSD;SORS;Average gross earnings;A;Normal value
2403040104IND02;RS;REPUBLIC OF SERBIA;03;2018;4_OK;Education and culture;72498;RSD;RSD;SORS;Average gross earnings;A;Normal value
2403040104IND02;RS;REPUBLIC OF SERBIA;03;2018;5_AD;Administration - all levels;80754;RSD;RSD;SORS;Average gross earnings;A;Normal value
2403040104IND02;RS;REPUBLIC OF SERBIA;03;2018;5_AD2;Administration - government  level;83744;RSD;RSD;SORS;Average gross earnings;A;Normal value
2403040104IND02;RS;REPUBLIC OF SERBIA;03;2018;5_AD3;Administration - autonomous  province level;86159;RSD;RSD;SORS;Average gross earnings;A;Normal value
2403040104IND02;RS;REPUBLIC OF SERBIA;03;2018;5_AD4;Administration - local authorities’ level;65760;RSD;RSD;SORS;Average gross earnings;A;Normal value
2403040104IND02;RS;REPUBLIC OF SERBIA;03;2019;0;Total;74755;RSD;RSD;SORS;Average gross earnings;A;Normal value
2403040104IND02;RS;REPUBLIC OF SERBIA;03;2019;0_JP_JD_JL;Public enterprises;90280;RSD;RSD;SORS;Average gross earnings;A;Normal value
2403040104IND02;RS;REPUBLIC OF SERBIA;03;2019;0_JS;Public sector;83718;RSD;RSD;SORS;Average gross earnings;A;Normal value
2403040104IND02;RS;REPUBLIC OF SERBIA;03;2019;0_VJS;Non-public sector;70529;RSD;RSD;SORS;Average gross earnings;A;Normal value
2403040104IND02;RS;REPUBLIC OF SERBIA;03;2019;1_JD;Public state enterprises;104060;RSD;RSD;SORS;Average gross earnings;A;Normal value
2403040104IND02;RS;REPUBLIC OF SERBIA;03;2019;2_JL;Public local enterprises;71050;RSD;RSD;SORS;Average gross earnings;A;Normal value
2403040104IND02;RS;REPUBLIC OF SERBIA;03;2019;3_4_5_BK;General government;81609;RSD;RSD;SORS;Average gross earnings;A;Normal value
2403040104IND02;RS;REPUBLIC OF SERBIA;03;2019;3_ZS;Health and social work;75757;RSD;RSD;SORS;Average gross earnings;A;Normal value
2403040104IND02;RS;REPUBLIC OF SERBIA;03;2019;4_OK;Education and culture;79006;RSD;RSD;SORS;Average gross earnings;A;Normal value
2403040104IND02;RS;REPUBLIC OF SERBIA;03;2019;5_AD;Administration - all levels;89369;RSD;RSD;SORS;Average gross earnings;A;Normal value
2403040104IND02;RS;REPUBLIC OF SERBIA;03;2019;5_AD2;Administration - government  level;93002;RSD;RSD;SORS;Average gross earnings;A;Normal value
2403040104IND02;RS;REPUBLIC OF SERBIA;03;2019;5_AD3;Administration - autonomous  province level;92547;RSD;RSD;SORS;Average gross earnings;A;Normal value
2403040104IND02;RS;REPUBLIC OF SERBIA;03;2019;5_AD4;Administration - local authorities’ level;71298;RSD;RSD;SORS;Average gross earnings;A;Normal value
2403040104IND02;RS;REPUBLIC OF SERBIA;03;2020;0;Total;82320;RSD;RSD;SORS;Average gross earnings;A;Normal value
2403040104IND02;RS;REPUBLIC OF SERBIA;03;2020;0_JP_JD_JL;Public enterprises;102949;RSD;RSD;SORS;Average gross earnings;A;Normal value
2403040104IND02;RS;REPUBLIC OF SERBIA;03;2020;0_JS;Public sector;92810;RSD;RSD;SORS;Average gross earnings;A;Normal value
2403040104IND02;RS;REPUBLIC OF SERBIA;03;2020;0_VJS;Non-public sector;77660;RSD;RSD;SORS;Average gross earnings;A;Normal value
2403040104IND02;RS;REPUBLIC OF SERBIA;03;2020;1_JD;Public state enterprises;118261;RSD;RSD;SORS;Average gross earnings;A;Normal value
2403040104IND02;RS;REPUBLIC OF SERBIA;03;2020;2_JL;Public local enterprises;81647;RSD;RSD;SORS;Average gross earnings;A;Normal value
2403040104IND02;RS;REPUBLIC OF SERBIA;03;2020;3_4_5_BK;General government;89557;RSD;RSD;SORS;Average gross earnings;A;Normal value
2403040104IND02;RS;REPUBLIC OF SERBIA;03;2020;3_ZS;Health and social work;84816;RSD;RSD;SORS;Average gross earnings;A;Normal value
2403040104IND02;RS;REPUBLIC OF SERBIA;03;2020;4_OK;Education and culture;86142;RSD;RSD;SORS;Average gross earnings;A;Normal value
2403040104IND02;RS;REPUBLIC OF SERBIA;03;2020;5_AD;Administration - all levels;97006;RSD;RSD;SORS;Average gross earnings;A;Normal value
2403040104IND02;RS;REPUBLIC OF SERBIA;03;2020;5_AD2;Administration - government  level;100728;RSD;RSD;SORS;Average gross earnings;A;Normal value
2403040104IND02;RS;REPUBLIC OF SERBIA;03;2020;5_AD3;Administration - autonomous  province level;110900;RSD;RSD;SORS;Average gross earnings;A;Normal value
2403040104IND02;RS;REPUBLIC OF SERBIA;03;2020;5_AD4;Administration - local authorities’ level;77933;RSD;RSD;SORS;Average gross earnings;A;Normal value
2403040104IND02;RS;REPUBLIC OF SERBIA;03;2021;0;Total;89894;RSD;RSD;SORS;Average gross earnings;A;Normal value
2403040104IND02;RS;REPUBLIC OF SERBIA;03;2021;0_JP_JD_JL;Public enterprises;103190;RSD;RSD;SORS;Average gross earnings;A;Normal value
2403040104IND02;RS;REPUBLIC OF SERBIA;03;2021;0_JS;Public sector;100700;RSD;RSD;SORS;Average gross earnings;A;Normal value
2403040104IND02;RS;REPUBLIC OF SERBIA;03;2021;0_VJS;Non-public sector;85266;RSD;RSD;SORS;Average gross earnings;A;Normal value
2403040104IND02;RS;REPUBLIC OF SERBIA;03;2021;1_JD;Public state enterprises;114097;RSD;RSD;SORS;Average gross earnings;A;Normal value
2403040104IND02;RS;REPUBLIC OF SERBIA;03;2021;2_JL;Public local enterprises;88037;RSD;RSD;SORS;Average gross earnings;A;Normal value
2403040104IND02;RS;REPUBLIC OF SERBIA;03;2021;3_4_5_BK;General government;99915;RSD;RSD;SORS;Average gross earnings;A;Normal value
2403040104IND02;RS;REPUBLIC OF SERBIA;03;2021;3_ZS;Health and social work;102702;RSD;RSD;SORS;Average gross earnings;A;Normal value
2403040104IND02;RS;REPUBLIC OF SERBIA;03;2021;4_OK;Education and culture;92387;RSD;RSD;SORS;Average gross earnings;A;Normal value
2403040104IND02;RS;REPUBLIC OF SERBIA;03;2021;5_AD;Administration - all levels;104375;RSD;RSD;SORS;Average gross earnings;A;Normal value
2403040104IND02;RS;REPUBLIC OF SERBIA;03;2021;5_AD2;Administration - government  level;108471;RSD;RSD;SORS;Average gross earnings;A;Normal value
2403040104IND02;RS;REPUBLIC OF SERBIA;03;2021;5_AD3;Administration - autonomous  province level;110437;RSD;RSD;SORS;Average gross earnings;A;Normal value
2403040104IND02;RS;REPUBLIC OF SERBIA;03;2021;5_AD4;Administration - local authorities’ level;83901;RSD;RSD;SORS;Average gross earnings;A;Normal value
2403040104IND02;RS;REPUBLIC OF SERBIA;03;2022;0;Total;102781;RSD;RSD;SORS;Average gross earnings;A;Normal value
2403040104IND02;RS;REPUBLIC OF SERBIA;03;2022;0_JP_JD_JL;Public enterprises;118010;RSD;RSD;SORS;Average gross earnings;A;Normal value
2403040104IND02;RS;REPUBLIC OF SERBIA;03;2022;0_JS;Public sector;110249;RSD;RSD;SORS;Average gross earnings;A;Normal value
2403040104IND02;RS;REPUBLIC OF SERBIA;03;2022;0_VJS;Non-public sector;99652;RSD;RSD;SORS;Average gross earnings;A;Normal value
2403040104IND02;RS;REPUBLIC OF SERBIA;03;2022;1_JD;Public state enterprises;133912;RSD;RSD;SORS;Average gross earnings;A;Normal value
2403040104IND02;RS;REPUBLIC OF SERBIA;03;2022;2_JL;Public local enterprises;95919;RSD;RSD;SORS;Average gross earnings;A;Normal value
2403040104IND02;RS;REPUBLIC OF SERBIA;03;2022;3_4_5_BK;General government;107793;RSD;RSD;SORS;Average gross earnings;A;Normal value
2403040104IND02;RS;REPUBLIC OF SERBIA;03;2022;3_ZS;Health and social work;110076;RSD;RSD;SORS;Average gross earnings;A;Normal value
2403040104IND02;RS;REPUBLIC OF SERBIA;03;2022;4_OK;Education and culture;99197;RSD;RSD;SORS;Average gross earnings;A;Normal value
2403040104IND02;RS;REPUBLIC OF SERBIA;03;2022;5_AD;Administration - all levels;113668;RSD;RSD;SORS;Average gross earnings;A;Normal value
2403040104IND02;RS;REPUBLIC OF SERBIA;03;2022;5_AD2;Administration - government  level;118100;RSD;RSD;SORS;Average gross earnings;A;Normal value
2403040104IND02;RS;REPUBLIC OF SERBIA;03;2022;5_AD3;Administration - autonomous  province level;119490;RSD;RSD;SORS;Average gross earnings;A;Normal value
2403040104IND02;RS;REPUBLIC OF SERBIA;03;2022;5_AD4;Administration - local authorities’ level;91677;RSD;RSD;SORS;Average gross earnings;A;Normal value
2403040104IND02;RS;REPUBLIC OF SERBIA;03;2023;0;Total;117669;RSD;RSD;SORS;Average gross earnings;A;Normal value
2403040104IND02;RS;REPUBLIC OF SERBIA;03;2023;0_JP_JD_JL;Public enterprises;123714;RSD;RSD;SORS;Average gross earnings;A;Normal value
2403040104IND02;RS;REPUBLIC OF SERBIA;03;2023;0_JS;Public sector;121165;RSD;RSD;SORS;Average gross earnings;A;Normal value
2403040104IND02;RS;REPUBLIC OF SERBIA;03;2023;0_VJS;Non-public sector;116255;RSD;RSD;SORS;Average gross earnings;A;Normal value
2403040104IND02;RS;REPUBLIC OF SERBIA;03;2023;1_JD;Public state enterprises;133971;RSD;RSD;SORS;Average gross earnings;A;Normal value
2403040104IND02;RS;REPUBLIC OF SERBIA;03;2023;2_JL;Public local enterprises;109671;RSD;RSD;SORS;Average gross earnings;A;Normal value
2403040104IND02;RS;REPUBLIC OF SERBIA;03;2023;3_4_5_BK;General government;120371;RSD;RSD;SORS;Average gross earnings;A;Normal value
2403040104IND02;RS;REPUBLIC OF SERBIA;03;2023;3_ZS;Health and social work;119153;RSD;RSD;SORS;Average gross earnings;A;Normal value
2403040104IND02;RS;REPUBLIC OF SERBIA;03;2023;4_OK;Education and culture;111466;RSD;RSD;SORS;Average gross earnings;A;Normal value
2403040104IND02;RS;REPUBLIC OF SERBIA;03;2023;5_AD;Administration - all levels;129877;RSD;RSD;SORS;Average gross earnings;A;Normal value
2403040104IND02;RS;REPUBLIC OF SERBIA;03;2023;5_AD2;Administration - government  level;135227;RSD;RSD;SORS;Average gross earnings;A;Normal value
2403040104IND02;RS;REPUBLIC OF SERBIA;03;2023;5_AD3;Administration - autonomous  province level;135478;RSD;RSD;SORS;Average gross earnings;A;Normal value
2403040104IND02;RS;REPUBLIC OF SERBIA;03;2023;5_AD4;Administration - local authorities’ level;103250;RSD;RSD;SORS;Average gross earnings;A;Normal value
2403040104IND02;RS;REPUBLIC OF SERBIA;03;2024;0;Total;133373;RSD;RSD;SORS;Average gross earnings;A;Normal value
2403040104IND02;RS;REPUBLIC OF SERBIA;03;2024;0_JP_JD_JL;Public enterprises;136427;RSD;RSD;SORS;Average gross earnings;A;Normal value
2403040104IND02;RS;REPUBLIC OF SERBIA;03;2024;0_JS;Public sector;137419;RSD;RSD;SORS;Average gross earnings;A;Normal value
2403040104IND02;RS;REPUBLIC OF SERBIA;03;2024;0_VJS;Non-public sector;131740;RSD;RSD;SORS;Average gross earnings;A;Normal value
2403040104IND02;RS;REPUBLIC OF SERBIA;03;2024;1_JD;Public state enterprises;147844;RSD;RSD;SORS;Average gross earnings;A;Normal value
2403040104IND02;RS;REPUBLIC OF SERBIA;03;2024;2_JL;Public local enterprises;120873;RSD;RSD;SORS;Average gross earnings;A;Normal value
2403040104IND02;RS;REPUBLIC OF SERBIA;03;2024;3_4_5_BK;General government;137726;RSD;RSD;SORS;Average gross earnings;A;Normal value
2403040104IND02;RS;REPUBLIC OF SERBIA;03;2024;3_ZS;Health and social work;134842;RSD;RSD;SORS;Average gross earnings;A;Normal value
2403040104IND02;RS;REPUBLIC OF SERBIA;03;2024;4_OK;Education and culture;129944;RSD;RSD;SORS;Average gross earnings;A;Normal value
2403040104IND02;RS;REPUBLIC OF SERBIA;03;2024;5_AD;Administration - all levels;147693;RSD;RSD;SORS;Average gross earnings;A;Normal value
2403040104IND02;RS;REPUBLIC OF SERBIA;03;2024;5_AD2;Administration - government  level;154343;RSD;RSD;SORS;Average gross earnings;A;Normal value
2403040104IND02;RS;REPUBLIC OF SERBIA;03;2024;5_AD3;Administration - autonomous  province level;148542;RSD;RSD;SORS;Average gross earnings;A;Normal value
2403040104IND02;RS;REPUBLIC OF SERBIA;03;2024;5_AD4;Administration - local authorities’ level;114573;RSD;RSD;SORS;Average gross earnings;A;Normal value
2403040104IND02;RS;REPUBLIC OF SERBIA;03;2025;0;Total;148652;RSD;RSD;SORS;Average gross earnings;A;Normal value
2403040104IND02;RS;REPUBLIC OF SERBIA;03;2025;0_JP_JD_JL;Public enterprises;153381;RSD;RSD;SORS;Average gross earnings;A;Normal value
2403040104IND02;RS;REPUBLIC OF SERBIA;03;2025;0_JS;Public sector;151971;RSD;RSD;SORS;Average gross earnings;A;Normal value
2403040104IND02;RS;REPUBLIC OF SERBIA;03;2025;0_VJS;Non-public sector;147342;RSD;RSD;SORS;Average gross earnings;A;Normal value
2403040104IND02;RS;REPUBLIC OF SERBIA;03;2025;1_JD;Public state enterprises;165236;RSD;RSD;SORS;Average gross earnings;A;Normal value
2403040104IND02;RS;REPUBLIC OF SERBIA;03;2025;2_JL;Public local enterprises;137333;RSD;RSD;SORS;Average gross earnings;A;Normal value
2403040104IND02;RS;REPUBLIC OF SERBIA;03;2025;3_4_5_BK;General government;151533;RSD;RSD;SORS;Average gross earnings;A;Normal value
2403040104IND02;RS;REPUBLIC OF SERBIA;03;2025;3_ZS;Health and social work;147688;RSD;RSD;SORS;Average gross earnings;A;Normal value
2403040104IND02;RS;REPUBLIC OF SERBIA;03;2025;4_OK;Education and culture;141399;RSD;RSD;SORS;Average gross earnings;A;Normal value
2403040104IND02;RS;REPUBLIC OF SERBIA;03;2025;5_AD;Administration - all levels;164281;RSD;RSD;SORS;Average gross earnings;A;Normal value
2403040104IND02;RS;REPUBLIC OF SERBIA;03;2025;5_AD2;Administration - government  level;171896;RSD;RSD;SORS;Average gross earnings;A;Normal value
2403040104IND02;RS;REPUBLIC OF SERBIA;03;2025;5_AD3;Administration - autonomous  province level;161144;RSD;RSD;SORS;Average gross earnings;A;Normal value
2403040104IND02;RS;REPUBLIC OF SERBIA;03;2025;5_AD4;Administration - local authorities’ level;126568;RSD;RSD;SORS;Average gross earnings;A;Normal value
2403040104IND02;RS;REPUBLIC OF SERBIA;04;2003;0;Total;16018;RSD;RSD;SORS;Average gross earnings;A;Normal value
2403040104IND02;RS;REPUBLIC OF SERBIA;04;2003;0_JP_JD_JL;Public enterprises;22883;RSD;RSD;SORS;Average gross earnings;A;Normal value
2403040104IND02;RS;REPUBLIC OF SERBIA;04;2003;0_JS;Public sector;20772;RSD;RSD;SORS;Average gross earnings;A;Normal value
2403040104IND02;RS;REPUBLIC OF SERBIA;04;2003;0_VJS;Non-public sector;12820;RSD;RSD;SORS;Average gross earnings;A;Normal value
2403040104IND02;RS;REPUBLIC OF SERBIA;04;2003;1_JD;Public state enterprises;23689;RSD;RSD;SORS;Average gross earnings;A;Normal value
2403040104IND02;RS;REPUBLIC OF SERBIA;04;2003;2_JL;Public local enterprises;20986;RSD;RSD;SORS;Average gross earnings;A;Normal value
2403040104IND02;RS;REPUBLIC OF SERBIA;04;2003;3_4_5_BK;General government;19576;RSD;RSD;SORS;Average gross earnings;A;Normal value
2403040104IND02;RS;REPUBLIC OF SERBIA;04;2003;3_ZS;Health and social work;17484;RSD;RSD;SORS;Average gross earnings;A;Normal value
2403040104IND02;RS;REPUBLIC OF SERBIA;04;2003;4_OK;Education and culture;20955;RSD;RSD;SORS;Average gross earnings;A;Normal value
2403040104IND02;RS;REPUBLIC OF SERBIA;04;2003;5_AD;Administration - all levels;22006;RSD;RSD;SORS;Average gross earnings;A;Normal value
2403040104IND02;RS;REPUBLIC OF SERBIA;04;2003;5_AD2;Administration - government  level;;RSD;RSD;SORS;Average gross earnings;O;Not available
2403040104IND02;RS;REPUBLIC OF SERBIA;04;2003;5_AD3;Administration - autonomous  province level;;RSD;RSD;SORS;Average gross earnings;O;Not available
2403040104IND02;RS;REPUBLIC OF SERBIA;04;2003;5_AD4;Administration - local authorities’ level;;RSD;RSD;SORS;Average gross earnings;O;Not available
2403040104IND02;RS;REPUBLIC OF SERBIA;04;2004;0;Total;20807;RSD;RSD;SORS;Average gross earnings;A;Normal value
2403040104IND02;RS;REPUBLIC OF SERBIA;04;2004;0_JP_JD_JL;Public enterprises;32238;RSD;RSD;SORS;Average gross earnings;A;Normal value
2403040104IND02;RS;REPUBLIC OF SERBIA;04;2004;0_JS;Public sector;26735;RSD;RSD;SORS;Average gross earnings;A;Normal value
2403040104IND02;RS;REPUBLIC OF SERBIA;04;2004;0_VJS;Non-public sector;16378;RSD;RSD;SORS;Average gross earnings;A;Normal value
2403040104IND02;RS;REPUBLIC OF SERBIA;04;2004;1_JD;Public state enterprises;34924;RSD;RSD;SORS;Average gross earnings;A;Normal value
2403040104IND02;RS;REPUBLIC OF SERBIA;04;2004;2_JL;Public local enterprises;26330;RSD;RSD;SORS;Average gross earnings;A;Normal value
2403040104IND02;RS;REPUBLIC OF SERBIA;04;2004;3_4_5_BK;General government;23687;RSD;RSD;SORS;Average gross earnings;A;Normal value
2403040104IND02;RS;REPUBLIC OF SERBIA;04;2004;3_ZS;Health and social work;21779;RSD;RSD;SORS;Average gross earnings;A;Normal value
2403040104IND02;RS;REPUBLIC OF SERBIA;04;2004;4_OK;Education and culture;22068;RSD;RSD;SORS;Average gross earnings;A;Normal value
2403040104IND02;RS;REPUBLIC OF SERBIA;04;2004;5_AD;Administration - all levels;31155;RSD;RSD;SORS;Average gross earnings;A;Normal value
2403040104IND02;RS;REPUBLIC OF SERBIA;04;2004;5_AD2;Administration - government  level;;RSD;RSD;SORS;Average gross earnings;O;Not available
2403040104IND02;RS;REPUBLIC OF SERBIA;04;2004;5_AD3;Administration - autonomous  province level;;RSD;RSD;SORS;Average gross earnings;O;Not available
2403040104IND02;RS;REPUBLIC OF SERBIA;04;2004;5_AD4;Administration - local authorities’ level;;RSD;RSD;SORS;Average gross earnings;O;Not available
2403040104IND02;RS;REPUBLIC OF SERBIA;04;2005;0;Total;25153;RSD;RSD;SORS;Average gross earnings;A;Normal value
2403040104IND02;RS;REPUBLIC OF SERBIA;04;2005;0_JP_JD_JL;Public enterprises;32006;RSD;RSD;SORS;Average gross earnings;A;Normal value
2403040104IND02;RS;REPUBLIC OF SERBIA;04;2005;0_JS;Public sector;29935;RSD;RSD;SORS;Average gross earnings;A;Normal value
2403040104IND02;RS;REPUBLIC OF SERBIA;04;2005;0_VJS;Non-public sector;21124;RSD;RSD;SORS;Average gross earnings;A;Normal value
2403040104IND02;RS;REPUBLIC OF SERBIA;04;2005;1_JD;Public state enterprises;31686;RSD;RSD;SORS;Average gross earnings;A;Normal value
2403040104IND02;RS;REPUBLIC OF SERBIA;04;2005;2_JL;Public local enterprises;32643;RSD;RSD;SORS;Average gross earnings;A;Normal value
2403040104IND02;RS;REPUBLIC OF SERBIA;04;2005;3_4_5_BK;General government;28795;RSD;RSD;SORS;Average gross earnings;A;Normal value
2403040104IND02;RS;REPUBLIC OF SERBIA;04;2005;3_ZS;Health and social work;26540;RSD;RSD;SORS;Average gross earnings;A;Normal value
2403040104IND02;RS;REPUBLIC OF SERBIA;04;2005;4_OK;Education and culture;27859;RSD;RSD;SORS;Average gross earnings;A;Normal value
2403040104IND02;RS;REPUBLIC OF SERBIA;04;2005;5_AD;Administration - all levels;35817;RSD;RSD;SORS;Average gross earnings;A;Normal value
2403040104IND02;RS;REPUBLIC OF SERBIA;04;2005;5_AD2;Administration - government  level;;RSD;RSD;SORS;Average gross earnings;O;Not available
2403040104IND02;RS;REPUBLIC OF SERBIA;04;2005;5_AD3;Administration - autonomous  province level;;RSD;RSD;SORS;Average gross earnings;O;Not available
2403040104IND02;RS;REPUBLIC OF SERBIA;04;2005;5_AD4;Administration - local authorities’ level;;RSD;RSD;SORS;Average gross earnings;O;Not available
2403040104IND02;RS;REPUBLIC OF SERBIA;04;2006;0;Total;30572;RSD;RSD;SORS;Average gross earnings;A;Normal value
2403040104IND02;RS;REPUBLIC OF SERBIA;04;2006;0_JP_JD_JL;Public enterprises;39850;RSD;RSD;SORS;Average gross earnings;A;Normal value
2403040104IND02;RS;REPUBLIC OF SERBIA;04;2006;0_JS;Public sector;35519;RSD;RSD;SORS;Average gross earnings;A;Normal value
2403040104IND02;RS;REPUBLIC OF SERBIA;04;2006;0_VJS;Non-public sector;26282;RSD;RSD;SORS;Average gross earnings;A;Normal value
2403040104IND02;RS;REPUBLIC OF SERBIA;04;2006;1_JD;Public state enterprises;40670;RSD;RSD;SORS;Average gross earnings;A;Normal value
2403040104IND02;RS;REPUBLIC OF SERBIA;04;2006;2_JL;Public local enterprises;38434;RSD;RSD;SORS;Average gross earnings;A;Normal value
2403040104IND02;RS;REPUBLIC OF SERBIA;04;2006;3_4_5_BK;General government;33266;RSD;RSD;SORS;Average gross earnings;A;Normal value
2403040104IND02;RS;REPUBLIC OF SERBIA;04;2006;3_ZS;Health and social work;30587;RSD;RSD;SORS;Average gross earnings;A;Normal value
2403040104IND02;RS;REPUBLIC OF SERBIA;04;2006;4_OK;Education and culture;32236;RSD;RSD;SORS;Average gross earnings;A;Normal value
2403040104IND02;RS;REPUBLIC OF SERBIA;04;2006;5_AD;Administration - all levels;41603;RSD;RSD;SORS;Average gross earnings;A;Normal value
2403040104IND02;RS;REPUBLIC OF SERBIA;04;2006;5_AD2;Administration - government  level;;RSD;RSD;SORS;Average gross earnings;O;Not available
2403040104IND02;RS;REPUBLIC OF SERBIA;04;2006;5_AD3;Administration - autonomous  province level;;RSD;RSD;SORS;Average gross earnings;O;Not available
2403040104IND02;RS;REPUBLIC OF SERBIA;04;2006;5_AD4;Administration - local authorities’ level;;RSD;RSD;SORS;Average gross earnings;O;Not available
2403040104IND02;RS;REPUBLIC OF SERBIA;04;2007;0;Total;37117;RSD;RSD;SORS;Average gross earnings;A;Normal value
2403040104IND02;RS;REPUBLIC OF SERBIA;04;2007;0_JP_JD_JL;Public enterprises;45824;RSD;RSD;SORS;Average gross earnings;A;Normal value
2403040104IND02;RS;REPUBLIC OF SERBIA;04;2007;0_JS;Public sector;42690;RSD;RSD;SORS;Average gross earnings;A;Normal value
2403040104IND02;RS;REPUBLIC OF SERBIA;04;2007;0_VJS;Non-public sector;31873;RSD;RSD;SORS;Average gross earnings;A;Normal value
2403040104IND02;RS;REPUBLIC OF SERBIA;04;2007;1_JD;Public state enterprises;48735;RSD;RSD;SORS;Average gross earnings;A;Normal value
2403040104IND02;RS;REPUBLIC OF SERBIA;04;2007;2_JL;Public local enterprises;40912;RSD;RSD;SORS;Average gross earnings;A;Normal value
2403040104IND02;RS;REPUBLIC OF SERBIA;04;2007;3_4_5_BK;General government;41109;RSD;RSD;SORS;Average gross earnings;A;Normal value
2403040104IND02;RS;REPUBLIC OF SERBIA;04;2007;3_ZS;Health and social work;40561;RSD;RSD;SORS;Average gross earnings;A;Normal value
2403040104IND02;RS;REPUBLIC OF SERBIA;04;2007;4_OK;Education and culture;37811;RSD;RSD;SORS;Average gross earnings;A;Normal value
2403040104IND02;RS;REPUBLIC OF SERBIA;04;2007;5_AD;Administration - all levels;49225;RSD;RSD;SORS;Average gross earnings;A;Normal value
2403040104IND02;RS;REPUBLIC OF SERBIA;04;2007;5_AD2;Administration - government  level;;RSD;RSD;SORS;Average gross earnings;O;Not available
2403040104IND02;RS;REPUBLIC OF SERBIA;04;2007;5_AD3;Administration - autonomous  province level;;RSD;RSD;SORS;Average gross earnings;O;Not available
2403040104IND02;RS;REPUBLIC OF SERBIA;04;2007;5_AD4;Administration - local authorities’ level;;RSD;RSD;SORS;Average gross earnings;O;Not available
2403040104IND02;RS;REPUBLIC OF SERBIA;04;2008;0;Total;45355;RSD;RSD;SORS;Average gross earnings;A;Normal value
2403040104IND02;RS;REPUBLIC OF SERBIA;04;2008;0_JP_JD_JL;Public enterprises;53966;RSD;RSD;SORS;Average gross earnings;A;Normal value
2403040104IND02;RS;REPUBLIC OF SERBIA;04;2008;0_JS;Public sector;51513;RSD;RSD;SORS;Average gross earnings;A;Normal value
2403040104IND02;RS;REPUBLIC OF SERBIA;04;2008;0_VJS;Non-public sector;38913;RSD;RSD;SORS;Average gross earnings;A;Normal value
2403040104IND02;RS;REPUBLIC OF SERBIA;04;2008;1_JD;Public state enterprises;57168;RSD;RSD;SORS;Average gross earnings;A;Normal value
2403040104IND02;RS;REPUBLIC OF SERBIA;04;2008;2_JL;Public local enterprises;48477;RSD;RSD;SORS;Average gross earnings;A;Normal value
2403040104IND02;RS;REPUBLIC OF SERBIA;04;2008;3_4_5_BK;General government;50318;RSD;RSD;SORS;Average gross earnings;A;Normal value
2403040104IND02;RS;REPUBLIC OF SERBIA;04;2008;3_ZS;Health and social work;48523;RSD;RSD;SORS;Average gross earnings;A;Normal value
2403040104IND02;RS;REPUBLIC OF SERBIA;04;2008;4_OK;Education and culture;47679;RSD;RSD;SORS;Average gross earnings;A;Normal value
2403040104IND02;RS;REPUBLIC OF SERBIA;04;2008;5_AD;Administration - all levels;60026;RSD;RSD;SORS;Average gross earnings;A;Normal value
2403040104IND02;RS;REPUBLIC OF SERBIA;04;2008;5_AD2;Administration - government  level;;RSD;RSD;SORS;Average gross earnings;O;Not available
2403040104IND02;RS;REPUBLIC OF SERBIA;04;2008;5_AD3;Administration - autonomous  province level;;RSD;RSD;SORS;Average gross earnings;O;Not available
2403040104IND02;RS;REPUBLIC OF SERBIA;04;2008;5_AD4;Administration - local authorities’ level;;RSD;RSD;SORS;Average gross earnings;O;Not available
2403040104IND02;RS;REPUBLIC OF SERBIA;04;2009;0;Total;45304;RSD;RSD;SORS;Average gross earnings;A;Normal value
2403040104IND02;RS;REPUBLIC OF SERBIA;04;2009;0_JP_JD_JL;Public enterprises;59761;RSD;RSD;SORS;Average gross earnings;A;Normal value
2403040104IND02;RS;REPUBLIC OF SERBIA;04;2009;0_JS;Public sector;55865;RSD;RSD;SORS;Average gross earnings;A;Normal value
2403040104IND02;RS;REPUBLIC OF SERBIA;04;2009;0_VJS;Non-public sector;36666;RSD;RSD;SORS;Average gross earnings;A;Normal value
2403040104IND02;RS;REPUBLIC OF SERBIA;04;2009;1_JD;Public state enterprises;63124;RSD;RSD;SORS;Average gross earnings;A;Normal value
2403040104IND02;RS;REPUBLIC OF SERBIA;04;2009;2_JL;Public local enterprises;54537;RSD;RSD;SORS;Average gross earnings;A;Normal value
2403040104IND02;RS;REPUBLIC OF SERBIA;04;2009;3_4_5_BK;General government;54139;RSD;RSD;SORS;Average gross earnings;A;Normal value
2403040104IND02;RS;REPUBLIC OF SERBIA;04;2009;3_ZS;Health and social work;53507;RSD;RSD;SORS;Average gross earnings;A;Normal value
2403040104IND02;RS;REPUBLIC OF SERBIA;04;2009;4_OK;Education and culture;51001;RSD;RSD;SORS;Average gross earnings;A;Normal value
2403040104IND02;RS;REPUBLIC OF SERBIA;04;2009;5_AD;Administration - all levels;61695;RSD;RSD;SORS;Average gross earnings;A;Normal value
2403040104IND02;RS;REPUBLIC OF SERBIA;04;2009;5_AD2;Administration - government  level;;RSD;RSD;SORS;Average gross earnings;O;Not available
2403040104IND02;RS;REPUBLIC OF SERBIA;04;2009;5_AD3;Administration - autonomous  province level;;RSD;RSD;SORS;Average gross earnings;O;Not available
2403040104IND02;RS;REPUBLIC OF SERBIA;04;2009;5_AD4;Administration - local authorities’ level;;RSD;RSD;SORS;Average gross earnings;O;Not available
2403040104IND02;RS;REPUBLIC OF SERBIA;04;2010;0;Total;48525;RSD;RSD;SORS;Average gross earnings;A;Normal value
2403040104IND02;RS;REPUBLIC OF SERBIA;04;2010;0_JP_JD_JL;Public enterprises;62741;RSD;RSD;SORS;Average gross earnings;A;Normal value
2403040104IND02;RS;REPUBLIC OF SERBIA;04;2010;0_JS;Public sector;57111;RSD;RSD;SORS;Average gross earnings;A;Normal value
2403040104IND02;RS;REPUBLIC OF SERBIA;04;2010;0_VJS;Non-public sector;41150;RSD;RSD;SORS;Average gross earnings;A;Normal value
2403040104IND02;RS;REPUBLIC OF SERBIA;04;2010;1_JD;Public state enterprises;67609;RSD;RSD;SORS;Average gross earnings;A;Normal value
2403040104IND02;RS;REPUBLIC OF SERBIA;04;2010;2_JL;Public local enterprises;55273;RSD;RSD;SORS;Average gross earnings;A;Normal value
2403040104IND02;RS;REPUBLIC OF SERBIA;04;2010;3_4_5_BK;General government;54683;RSD;RSD;SORS;Average gross earnings;A;Normal value
2403040104IND02;RS;REPUBLIC OF SERBIA;04;2010;3_ZS;Health and social work;51912;RSD;RSD;SORS;Average gross earnings;A;Normal value
2403040104IND02;RS;REPUBLIC OF SERBIA;04;2010;4_OK;Education and culture;51411;RSD;RSD;SORS;Average gross earnings;A;Normal value
2403040104IND02;RS;REPUBLIC OF SERBIA;04;2010;5_AD;Administration - all levels;67489;RSD;RSD;SORS;Average gross earnings;A;Normal value
2403040104IND02;RS;REPUBLIC OF SERBIA;04;2010;5_AD2;Administration - government  level;;RSD;RSD;SORS;Average gross earnings;O;Not available
2403040104IND02;RS;REPUBLIC OF SERBIA;04;2010;5_AD3;Administration - autonomous  province level;;RSD;RSD;SORS;Average gross earnings;O;Not available
2403040104IND02;RS;REPUBLIC OF SERBIA;04;2010;5_AD4;Administration - local authorities’ level;;RSD;RSD;SORS;Average gross earnings;O;Not available
2403040104IND02;RS;REPUBLIC OF SERBIA;04;2011;0;Total;54532;RSD;RSD;SORS;Average gross earnings;A;Normal value
2403040104IND02;RS;REPUBLIC OF SERBIA;04;2011;0_JP_JD_JL;Public enterprises;66375;RSD;RSD;SORS;Average gross earnings;A;Normal value
2403040104IND02;RS;REPUBLIC OF SERBIA;04;2011;0_JS;Public sector;64766;RSD;RSD;SORS;Average gross earnings;A;Normal value
2403040104IND02;RS;REPUBLIC OF SERBIA;04;2011;0_VJS;Non-public sector;45630;RSD;RSD;SORS;Average gross earnings;A;Normal value
2403040104IND02;RS;REPUBLIC OF SERBIA;04;2011;1_JD;Public state enterprises;72803;RSD;RSD;SORS;Average gross earnings;A;Normal value
2403040104IND02;RS;REPUBLIC OF SERBIA;04;2011;2_JL;Public local enterprises;56891;RSD;RSD;SORS;Average gross earnings;A;Normal value
2403040104IND02;RS;REPUBLIC OF SERBIA;04;2011;3_4_5_BK;General government;64076;RSD;RSD;SORS;Average gross earnings;A;Normal value
2403040104IND02;RS;REPUBLIC OF SERBIA;04;2011;3_ZS;Health and social work;70185;RSD;RSD;SORS;Average gross earnings;A;Normal value
2403040104IND02;RS;REPUBLIC OF SERBIA;04;2011;4_OK;Education and culture;54917;RSD;RSD;SORS;Average gross earnings;A;Normal value
2403040104IND02;RS;REPUBLIC OF SERBIA;04;2011;5_AD;Administration - all levels;68297;RSD;RSD;SORS;Average gross earnings;A;Normal value
2403040104IND02;RS;REPUBLIC OF SERBIA;04;2011;5_AD2;Administration - government  level;;RSD;RSD;SORS;Average gross earnings;O;Not available
2403040104IND02;RS;REPUBLIC OF SERBIA;04;2011;5_AD3;Administration - autonomous  province level;;RSD;RSD;SORS;Average gross earnings;O;Not available
2403040104IND02;RS;REPUBLIC OF SERBIA;04;2011;5_AD4;Administration - local authorities’ level;;RSD;RSD;SORS;Average gross earnings;O;Not available
2403040104IND02;RS;REPUBLIC OF SERBIA;04;2012;0;Total;58465;RSD;RSD;SORS;Average gross earnings;A;Normal value
2403040104IND02;RS;REPUBLIC OF SERBIA;04;2012;0_JP_JD_JL;Public enterprises;72842;RSD;RSD;SORS;Average gross earnings;A;Normal value
2403040104IND02;RS;REPUBLIC OF SERBIA;04;2012;0_JS;Public sector;64734;RSD;RSD;SORS;Average gross earnings;A;Normal value
2403040104IND02;RS;REPUBLIC OF SERBIA;04;2012;0_VJS;Non-public sector;52593;RSD;RSD;SORS;Average gross earnings;A;Normal value
2403040104IND02;RS;REPUBLIC OF SERBIA;04;2012;1_JD;Public state enterprises;80862;RSD;RSD;SORS;Average gross earnings;A;Normal value
2403040104IND02;RS;REPUBLIC OF SERBIA;04;2012;2_JL;Public local enterprises;60928;RSD;RSD;SORS;Average gross earnings;A;Normal value
2403040104IND02;RS;REPUBLIC OF SERBIA;04;2012;3_4_5_BK;General government;61239;RSD;RSD;SORS;Average gross earnings;A;Normal value
2403040104IND02;RS;REPUBLIC OF SERBIA;04;2012;3_ZS;Health and social work;58209;RSD;RSD;SORS;Average gross earnings;A;Normal value
2403040104IND02;RS;REPUBLIC OF SERBIA;04;2012;4_OK;Education and culture;57053;RSD;RSD;SORS;Average gross earnings;A;Normal value
2403040104IND02;RS;REPUBLIC OF SERBIA;04;2012;5_AD;Administration - all levels;76146;RSD;RSD;SORS;Average gross earnings;A;Normal value
2403040104IND02;RS;REPUBLIC OF SERBIA;04;2012;5_AD2;Administration - government  level;;RSD;RSD;SORS;Average gross earnings;O;Not available
2403040104IND02;RS;REPUBLIC OF SERBIA;04;2012;5_AD3;Administration - autonomous  province level;;RSD;RSD;SORS;Average gross earnings;O;Not available
2403040104IND02;RS;REPUBLIC OF SERBIA;04;2012;5_AD4;Administration - local authorities’ level;;RSD;RSD;SORS;Average gross earnings;O;Not available
2403040104IND02;RS;REPUBLIC OF SERBIA;04;2013;0;Total;64249;RSD;RSD;SORS;Average gross earnings;A;Normal value
2403040104IND02;RS;REPUBLIC OF SERBIA;04;2013;0_JP_JD_JL;Public enterprises;77859;RSD;RSD;SORS;Average gross earnings;A;Normal value
2403040104IND02;RS;REPUBLIC OF SERBIA;04;2013;0_JS;Public sector;68889;RSD;RSD;SORS;Average gross earnings;A;Normal value
2403040104IND02;RS;REPUBLIC OF SERBIA;04;2013;0_VJS;Non-public sector;59569;RSD;RSD;SORS;Average gross earnings;A;Normal value
2403040104IND02;RS;REPUBLIC OF SERBIA;04;2013;1_JD;Public state enterprises;87012;RSD;RSD;SORS;Average gross earnings;A;Normal value
2403040104IND02;RS;REPUBLIC OF SERBIA;04;2013;2_JL;Public local enterprises;64651;RSD;RSD;SORS;Average gross earnings;A;Normal value
2403040104IND02;RS;REPUBLIC OF SERBIA;04;2013;3_4_5_BK;General government;65018;RSD;RSD;SORS;Average gross earnings;A;Normal value
2403040104IND02;RS;REPUBLIC OF SERBIA;04;2013;3_ZS;Health and social work;61588;RSD;RSD;SORS;Average gross earnings;A;Normal value
2403040104IND02;RS;REPUBLIC OF SERBIA;04;2013;4_OK;Education and culture;59674;RSD;RSD;SORS;Average gross earnings;A;Normal value
2403040104IND02;RS;REPUBLIC OF SERBIA;04;2013;5_AD;Administration - all levels;82622;RSD;RSD;SORS;Average gross earnings;A;Normal value
2403040104IND02;RS;REPUBLIC OF SERBIA;04;2013;5_AD2;Administration - government  level;;RSD;RSD;SORS;Average gross earnings;O;Not available
2403040104IND02;RS;REPUBLIC OF SERBIA;04;2013;5_AD3;Administration - autonomous  province level;;RSD;RSD;SORS;Average gross earnings;O;Not available
2403040104IND02;RS;REPUBLIC OF SERBIA;04;2013;5_AD4;Administration - local authorities’ level;;RSD;RSD;SORS;Average gross earnings;O;Not available
2403040104IND02;RS;REPUBLIC OF SERBIA;04;2014;0;Total;63167;RSD;RSD;SORS;Average gross earnings;A;Normal value
2403040104IND02;RS;REPUBLIC OF SERBIA;04;2014;0_JP_JD_JL;Public enterprises;80235;RSD;RSD;SORS;Average gross earnings;A;Normal value
2403040104IND02;RS;REPUBLIC OF SERBIA;04;2014;0_JS;Public sector;69683;RSD;RSD;SORS;Average gross earnings;A;Normal value
2403040104IND02;RS;REPUBLIC OF SERBIA;04;2014;0_VJS;Non-public sector;57152;RSD;RSD;SORS;Average gross earnings;A;Normal value
2403040104IND02;RS;REPUBLIC OF SERBIA;04;2014;1_JD;Public state enterprises;92989;RSD;RSD;SORS;Average gross earnings;A;Normal value
2403040104IND02;RS;REPUBLIC OF SERBIA;04;2014;2_JL;Public local enterprises;61717;RSD;RSD;SORS;Average gross earnings;A;Normal value
2403040104IND02;RS;REPUBLIC OF SERBIA;04;2014;3_4_5_BK;General government;65132;RSD;RSD;SORS;Average gross earnings;A;Normal value
2403040104IND02;RS;REPUBLIC OF SERBIA;04;2014;3_ZS;Health and social work;62609;RSD;RSD;SORS;Average gross earnings;A;Normal value
2403040104IND02;RS;REPUBLIC OF SERBIA;04;2014;4_OK;Education and culture;61007;RSD;RSD;SORS;Average gross earnings;A;Normal value
2403040104IND02;RS;REPUBLIC OF SERBIA;04;2014;5_AD;Administration - all levels;78653;RSD;RSD;SORS;Average gross earnings;A;Normal value
2403040104IND02;RS;REPUBLIC OF SERBIA;04;2014;5_AD2;Administration - government  level;;RSD;RSD;SORS;Average gross earnings;O;Not available
2403040104IND02;RS;REPUBLIC OF SERBIA;04;2014;5_AD3;Administration - autonomous  province level;;RSD;RSD;SORS;Average gross earnings;O;Not available
2403040104IND02;RS;REPUBLIC OF SERBIA;04;2014;5_AD4;Administration - local authorities’ level;;RSD;RSD;SORS;Average gross earnings;O;Not available
2403040104IND02;RS;REPUBLIC OF SERBIA;04;2015;0;Total;62532;RSD;RSD;SORS;Average gross earnings;A;Normal value
2403040104IND02;RS;REPUBLIC OF SERBIA;04;2015;0_JP_JD_JL;Public enterprises;78096;RSD;RSD;SORS;Average gross earnings;A;Normal value
2403040104IND02;RS;REPUBLIC OF SERBIA;04;2015;0_JS;Public sector;65240;RSD;RSD;SORS;Average gross earnings;A;Normal value
2403040104IND02;RS;REPUBLIC OF SERBIA;04;2015;0_VJS;Non-public sector;60136;RSD;RSD;SORS;Average gross earnings;A;Normal value
2403040104IND02;RS;REPUBLIC OF SERBIA;04;2015;1_JD;Public state enterprises;90013;RSD;RSD;SORS;Average gross earnings;A;Normal value
2403040104IND02;RS;REPUBLIC OF SERBIA;04;2015;2_JL;Public local enterprises;61328;RSD;RSD;SORS;Average gross earnings;A;Normal value
2403040104IND02;RS;REPUBLIC OF SERBIA;04;2015;3_4_5_BK;General government;59566;RSD;RSD;SORS;Average gross earnings;A;Normal value
2403040104IND02;RS;REPUBLIC OF SERBIA;04;2015;3_ZS;Health and social work;57735;RSD;RSD;SORS;Average gross earnings;A;Normal value
2403040104IND02;RS;REPUBLIC OF SERBIA;04;2015;4_OK;Education and culture;55932;RSD;RSD;SORS;Average gross earnings;A;Normal value
2403040104IND02;RS;REPUBLIC OF SERBIA;04;2015;5_AD;Administration - all levels;70677;RSD;RSD;SORS;Average gross earnings;A;Normal value
2403040104IND02;RS;REPUBLIC OF SERBIA;04;2015;5_AD2;Administration - government  level;;RSD;RSD;SORS;Average gross earnings;O;Not available
2403040104IND02;RS;REPUBLIC OF SERBIA;04;2015;5_AD3;Administration - autonomous  province level;;RSD;RSD;SORS;Average gross earnings;O;Not available
2403040104IND02;RS;REPUBLIC OF SERBIA;04;2015;5_AD4;Administration - local authorities’ level;;RSD;RSD;SORS;Average gross earnings;O;Not available
2403040104IND02;RS;REPUBLIC OF SERBIA;04;2016;0;Total;67464;RSD;RSD;SORS;Average gross earnings;A;Normal value
2403040104IND02;RS;REPUBLIC OF SERBIA;04;2016;0_JP_JD_JL;Public enterprises;83442;RSD;RSD;SORS;Average gross earnings;A;Normal value
2403040104IND02;RS;REPUBLIC OF SERBIA;04;2016;0_JS;Public sector;68279;RSD;RSD;SORS;Average gross earnings;A;Normal value
2403040104IND02;RS;REPUBLIC OF SERBIA;04;2016;0_VJS;Non-public sector;66726;RSD;RSD;SORS;Average gross earnings;A;Normal value
2403040104IND02;RS;REPUBLIC OF SERBIA;04;2016;1_JD;Public state enterprises;95708;RSD;RSD;SORS;Average gross earnings;A;Normal value
2403040104IND02;RS;REPUBLIC OF SERBIA;04;2016;2_JL;Public local enterprises;66229;RSD;RSD;SORS;Average gross earnings;A;Normal value
2403040104IND02;RS;REPUBLIC OF SERBIA;04;2016;3_4_5_BK;General government;61630;RSD;RSD;SORS;Average gross earnings;A;Normal value
2403040104IND02;RS;REPUBLIC OF SERBIA;04;2016;3_ZS;Health and social work;59566;RSD;RSD;SORS;Average gross earnings;A;Normal value
2403040104IND02;RS;REPUBLIC OF SERBIA;04;2016;4_OK;Education and culture;58237;RSD;RSD;SORS;Average gross earnings;A;Normal value
2403040104IND02;RS;REPUBLIC OF SERBIA;04;2016;5_AD;Administration - all levels;72869;RSD;RSD;SORS;Average gross earnings;A;Normal value
2403040104IND02;RS;REPUBLIC OF SERBIA;04;2016;5_AD2;Administration - government  level;;RSD;RSD;SORS;Average gross earnings;O;Not available
2403040104IND02;RS;REPUBLIC OF SERBIA;04;2016;5_AD3;Administration - autonomous  province level;;RSD;RSD;SORS;Average gross earnings;O;Not available
2403040104IND02;RS;REPUBLIC OF SERBIA;04;2016;5_AD4;Administration - local authorities’ level;;RSD;RSD;SORS;Average gross earnings;O;Not available
2403040104IND02;RS;REPUBLIC OF SERBIA;04;2017;0;Total;68246;RSD;RSD;SORS;Average gross earnings;A;Normal value
2403040104IND02;RS;REPUBLIC OF SERBIA;04;2017;0_JP_JD_JL;Public enterprises;83586;RSD;RSD;SORS;Average gross earnings;A;Normal value
2403040104IND02;RS;REPUBLIC OF SERBIA;04;2017;0_JS;Public sector;69336;RSD;RSD;SORS;Average gross earnings;A;Normal value
2403040104IND02;RS;REPUBLIC OF SERBIA;04;2017;0_VJS;Non-public sector;67281;RSD;RSD;SORS;Average gross earnings;A;Normal value
2403040104IND02;RS;REPUBLIC OF SERBIA;04;2017;1_JD;Public state enterprises;98165;RSD;RSD;SORS;Average gross earnings;A;Normal value
2403040104IND02;RS;REPUBLIC OF SERBIA;04;2017;2_JL;Public local enterprises;63866;RSD;RSD;SORS;Average gross earnings;A;Normal value
2403040104IND02;RS;REPUBLIC OF SERBIA;04;2017;3_4_5_BK;General government;63306;RSD;RSD;SORS;Average gross earnings;A;Normal value
2403040104IND02;RS;REPUBLIC OF SERBIA;04;2017;3_ZS;Health and social work;61256;RSD;RSD;SORS;Average gross earnings;A;Normal value
2403040104IND02;RS;REPUBLIC OF SERBIA;04;2017;4_OK;Education and culture;60696;RSD;RSD;SORS;Average gross earnings;A;Normal value
2403040104IND02;RS;REPUBLIC OF SERBIA;04;2017;5_AD;Administration - all levels;72889;RSD;RSD;SORS;Average gross earnings;A;Normal value
2403040104IND02;RS;REPUBLIC OF SERBIA;04;2017;5_AD2;Administration - government  level;;RSD;RSD;SORS;Average gross earnings;O;Not available
2403040104IND02;RS;REPUBLIC OF SERBIA;04;2017;5_AD3;Administration - autonomous  province level;;RSD;RSD;SORS;Average gross earnings;O;Not available
2403040104IND02;RS;REPUBLIC OF SERBIA;04;2017;5_AD4;Administration - local authorities’ level;;RSD;RSD;SORS;Average gross earnings;O;Not available
2403040104IND02;RS;REPUBLIC OF SERBIA;04;2018;0;Total;67901;RSD;RSD;SORS;Average gross earnings;A;Normal value
2403040104IND02;RS;REPUBLIC OF SERBIA;04;2018;0_JP_JD_JL;Public enterprises;81780;RSD;RSD;SORS;Average gross earnings;A;Normal value
2403040104IND02;RS;REPUBLIC OF SERBIA;04;2018;0_JS;Public sector;76970;RSD;RSD;SORS;Average gross earnings;A;Normal value
2403040104IND02;RS;REPUBLIC OF SERBIA;04;2018;0_VJS;Non-public sector;63342;RSD;RSD;SORS;Average gross earnings;A;Normal value
2403040104IND02;RS;REPUBLIC OF SERBIA;04;2018;1_JD;Public state enterprises;91976;RSD;RSD;SORS;Average gross earnings;A;Normal value
2403040104IND02;RS;REPUBLIC OF SERBIA;04;2018;2_JL;Public local enterprises;66513;RSD;RSD;SORS;Average gross earnings;A;Normal value
2403040104IND02;RS;REPUBLIC OF SERBIA;04;2018;3_4_5_BK;General government;75384;RSD;RSD;SORS;Average gross earnings;A;Normal value
2403040104IND02;RS;REPUBLIC OF SERBIA;04;2018;3_ZS;Health and social work;70825;RSD;RSD;SORS;Average gross earnings;A;Normal value
2403040104IND02;RS;REPUBLIC OF SERBIA;04;2018;4_OK;Education and culture;72019;RSD;RSD;SORS;Average gross earnings;A;Normal value
2403040104IND02;RS;REPUBLIC OF SERBIA;04;2018;5_AD;Administration - all levels;82587;RSD;RSD;SORS;Average gross earnings;A;Normal value
2403040104IND02;RS;REPUBLIC OF SERBIA;04;2018;5_AD2;Administration - government  level;85989;RSD;RSD;SORS;Average gross earnings;A;Normal value
2403040104IND02;RS;REPUBLIC OF SERBIA;04;2018;5_AD3;Administration - autonomous  province level;84980;RSD;RSD;SORS;Average gross earnings;A;Normal value
2403040104IND02;RS;REPUBLIC OF SERBIA;04;2018;5_AD4;Administration - local authorities’ level;65619;RSD;RSD;SORS;Average gross earnings;A;Normal value
2403040104IND02;RS;REPUBLIC OF SERBIA;04;2019;0;Total;75441;RSD;RSD;SORS;Average gross earnings;A;Normal value
2403040104IND02;RS;REPUBLIC OF SERBIA;04;2019;0_JP_JD_JL;Public enterprises;91655;RSD;RSD;SORS;Average gross earnings;A;Normal value
2403040104IND02;RS;REPUBLIC OF SERBIA;04;2019;0_JS;Public sector;85049;RSD;RSD;SORS;Average gross earnings;A;Normal value
2403040104IND02;RS;REPUBLIC OF SERBIA;04;2019;0_VJS;Non-public sector;70934;RSD;RSD;SORS;Average gross earnings;A;Normal value
2403040104IND02;RS;REPUBLIC OF SERBIA;04;2019;1_JD;Public state enterprises;104994;RSD;RSD;SORS;Average gross earnings;A;Normal value
2403040104IND02;RS;REPUBLIC OF SERBIA;04;2019;2_JL;Public local enterprises;73131;RSD;RSD;SORS;Average gross earnings;A;Normal value
2403040104IND02;RS;REPUBLIC OF SERBIA;04;2019;3_4_5_BK;General government;82925;RSD;RSD;SORS;Average gross earnings;A;Normal value
2403040104IND02;RS;REPUBLIC OF SERBIA;04;2019;3_ZS;Health and social work;78041;RSD;RSD;SORS;Average gross earnings;A;Normal value
2403040104IND02;RS;REPUBLIC OF SERBIA;04;2019;4_OK;Education and culture;78999;RSD;RSD;SORS;Average gross earnings;A;Normal value
2403040104IND02;RS;REPUBLIC OF SERBIA;04;2019;5_AD;Administration - all levels;91015;RSD;RSD;SORS;Average gross earnings;A;Normal value
2403040104IND02;RS;REPUBLIC OF SERBIA;04;2019;5_AD2;Administration - government  level;94963;RSD;RSD;SORS;Average gross earnings;A;Normal value
2403040104IND02;RS;REPUBLIC OF SERBIA;04;2019;5_AD3;Administration - autonomous  province level;91756;RSD;RSD;SORS;Average gross earnings;A;Normal value
2403040104IND02;RS;REPUBLIC OF SERBIA;04;2019;5_AD4;Administration - local authorities’ level;71428;RSD;RSD;SORS;Average gross earnings;A;Normal value
2403040104IND02;RS;REPUBLIC OF SERBIA;04;2020;0;Total;81486;RSD;RSD;SORS;Average gross earnings;A;Normal value
2403040104IND02;RS;REPUBLIC OF SERBIA;04;2020;0_JP_JD_JL;Public enterprises;99777;RSD;RSD;SORS;Average gross earnings;A;Normal value
2403040104IND02;RS;REPUBLIC OF SERBIA;04;2020;0_JS;Public sector;94801;RSD;RSD;SORS;Average gross earnings;A;Normal value
2403040104IND02;RS;REPUBLIC OF SERBIA;04;2020;0_VJS;Non-public sector;75569;RSD;RSD;SORS;Average gross earnings;A;Normal value
2403040104IND02;RS;REPUBLIC OF SERBIA;04;2020;1_JD;Public state enterprises;112497;RSD;RSD;SORS;Average gross earnings;A;Normal value
2403040104IND02;RS;REPUBLIC OF SERBIA;04;2020;2_JL;Public local enterprises;82096;RSD;RSD;SORS;Average gross earnings;A;Normal value
2403040104IND02;RS;REPUBLIC OF SERBIA;04;2020;3_4_5_BK;General government;93207;RSD;RSD;SORS;Average gross earnings;A;Normal value
2403040104IND02;RS;REPUBLIC OF SERBIA;04;2020;3_ZS;Health and social work;93524;RSD;RSD;SORS;Average gross earnings;A;Normal value
2403040104IND02;RS;REPUBLIC OF SERBIA;04;2020;4_OK;Education and culture;86354;RSD;RSD;SORS;Average gross earnings;A;Normal value
2403040104IND02;RS;REPUBLIC OF SERBIA;04;2020;5_AD;Administration - all levels;99201;RSD;RSD;SORS;Average gross earnings;A;Normal value
2403040104IND02;RS;REPUBLIC OF SERBIA;04;2020;5_AD2;Administration - government  level;103548;RSD;RSD;SORS;Average gross earnings;A;Normal value
2403040104IND02;RS;REPUBLIC OF SERBIA;04;2020;5_AD3;Administration - autonomous  province level;103725;RSD;RSD;SORS;Average gross earnings;A;Normal value
2403040104IND02;RS;REPUBLIC OF SERBIA;04;2020;5_AD4;Administration - local authorities’ level;77505;RSD;RSD;SORS;Average gross earnings;A;Normal value
2403040104IND02;RS;REPUBLIC OF SERBIA;04;2021;0;Total;89582;RSD;RSD;SORS;Average gross earnings;A;Normal value
2403040104IND02;RS;REPUBLIC OF SERBIA;04;2021;0_JP_JD_JL;Public enterprises;107738;RSD;RSD;SORS;Average gross earnings;A;Normal value
2403040104IND02;RS;REPUBLIC OF SERBIA;04;2021;0_JS;Public sector;102214;RSD;RSD;SORS;Average gross earnings;A;Normal value
2403040104IND02;RS;REPUBLIC OF SERBIA;04;2021;0_VJS;Non-public sector;84220;RSD;RSD;SORS;Average gross earnings;A;Normal value
2403040104IND02;RS;REPUBLIC OF SERBIA;04;2021;1_JD;Public state enterprises;122482;RSD;RSD;SORS;Average gross earnings;A;Normal value
2403040104IND02;RS;REPUBLIC OF SERBIA;04;2021;2_JL;Public local enterprises;87325;RSD;RSD;SORS;Average gross earnings;A;Normal value
2403040104IND02;RS;REPUBLIC OF SERBIA;04;2021;3_4_5_BK;General government;100474;RSD;RSD;SORS;Average gross earnings;A;Normal value
2403040104IND02;RS;REPUBLIC OF SERBIA;04;2021;3_ZS;Health and social work;104448;RSD;RSD;SORS;Average gross earnings;A;Normal value
2403040104IND02;RS;REPUBLIC OF SERBIA;04;2021;4_OK;Education and culture;91664;RSD;RSD;SORS;Average gross earnings;A;Normal value
2403040104IND02;RS;REPUBLIC OF SERBIA;04;2021;5_AD;Administration - all levels;104998;RSD;RSD;SORS;Average gross earnings;A;Normal value
2403040104IND02;RS;REPUBLIC OF SERBIA;04;2021;5_AD2;Administration - government  level;109317;RSD;RSD;SORS;Average gross earnings;A;Normal value
2403040104IND02;RS;REPUBLIC OF SERBIA;04;2021;5_AD3;Administration - autonomous  province level;111284;RSD;RSD;SORS;Average gross earnings;A;Normal value
2403040104IND02;RS;REPUBLIC OF SERBIA;04;2021;5_AD4;Administration - local authorities’ level;83387;RSD;RSD;SORS;Average gross earnings;A;Normal value
2403040104IND02;RS;REPUBLIC OF SERBIA;04;2022;0;Total;100727;RSD;RSD;SORS;Average gross earnings;A;Normal value
2403040104IND02;RS;REPUBLIC OF SERBIA;04;2022;0_JP_JD_JL;Public enterprises;109186;RSD;RSD;SORS;Average gross earnings;A;Normal value
2403040104IND02;RS;REPUBLIC OF SERBIA;04;2022;0_JS;Public sector;108365;RSD;RSD;SORS;Average gross earnings;A;Normal value
2403040104IND02;RS;REPUBLIC OF SERBIA;04;2022;0_VJS;Non-public sector;97535;RSD;RSD;SORS;Average gross earnings;A;Normal value
2403040104IND02;RS;REPUBLIC OF SERBIA;04;2022;1_JD;Public state enterprises;119957;RSD;RSD;SORS;Average gross earnings;A;Normal value
2403040104IND02;RS;REPUBLIC OF SERBIA;04;2022;2_JL;Public local enterprises;94267;RSD;RSD;SORS;Average gross earnings;A;Normal value
2403040104IND02;RS;REPUBLIC OF SERBIA;04;2022;3_4_5_BK;General government;108105;RSD;RSD;SORS;Average gross earnings;A;Normal value
2403040104IND02;RS;REPUBLIC OF SERBIA;04;2022;3_ZS;Health and social work;110066;RSD;RSD;SORS;Average gross earnings;A;Normal value
2403040104IND02;RS;REPUBLIC OF SERBIA;04;2022;4_OK;Education and culture;97749;RSD;RSD;SORS;Average gross earnings;A;Normal value
2403040104IND02;RS;REPUBLIC OF SERBIA;04;2022;5_AD;Administration - all levels;115881;RSD;RSD;SORS;Average gross earnings;A;Normal value
2403040104IND02;RS;REPUBLIC OF SERBIA;04;2022;5_AD2;Administration - government  level;121229;RSD;RSD;SORS;Average gross earnings;A;Normal value
2403040104IND02;RS;REPUBLIC OF SERBIA;04;2022;5_AD3;Administration - autonomous  province level;116921;RSD;RSD;SORS;Average gross earnings;A;Normal value
2403040104IND02;RS;REPUBLIC OF SERBIA;04;2022;5_AD4;Administration - local authorities’ level;89780;RSD;RSD;SORS;Average gross earnings;A;Normal value
2403040104IND02;RS;REPUBLIC OF SERBIA;04;2023;0;Total;115631;RSD;RSD;SORS;Average gross earnings;A;Normal value
2403040104IND02;RS;REPUBLIC OF SERBIA;04;2023;0_JP_JD_JL;Public enterprises;128738;RSD;RSD;SORS;Average gross earnings;A;Normal value
2403040104IND02;RS;REPUBLIC OF SERBIA;04;2023;0_JS;Public sector;122926;RSD;RSD;SORS;Average gross earnings;A;Normal value
2403040104IND02;RS;REPUBLIC OF SERBIA;04;2023;0_VJS;Non-public sector;112690;RSD;RSD;SORS;Average gross earnings;A;Normal value
2403040104IND02;RS;REPUBLIC OF SERBIA;04;2023;1_JD;Public state enterprises;145369;RSD;RSD;SORS;Average gross earnings;A;Normal value
2403040104IND02;RS;REPUBLIC OF SERBIA;04;2023;2_JL;Public local enterprises;105933;RSD;RSD;SORS;Average gross earnings;A;Normal value
2403040104IND02;RS;REPUBLIC OF SERBIA;04;2023;3_4_5_BK;General government;121114;RSD;RSD;SORS;Average gross earnings;A;Normal value
2403040104IND02;RS;REPUBLIC OF SERBIA;04;2023;3_ZS;Health and social work;121294;RSD;RSD;SORS;Average gross earnings;A;Normal value
2403040104IND02;RS;REPUBLIC OF SERBIA;04;2023;4_OK;Education and culture;108535;RSD;RSD;SORS;Average gross earnings;A;Normal value
2403040104IND02;RS;REPUBLIC OF SERBIA;04;2023;5_AD;Administration - all levels;132653;RSD;RSD;SORS;Average gross earnings;A;Normal value
2403040104IND02;RS;REPUBLIC OF SERBIA;04;2023;5_AD2;Administration - government  level;139047;RSD;RSD;SORS;Average gross earnings;A;Normal value
2403040104IND02;RS;REPUBLIC OF SERBIA;04;2023;5_AD3;Administration - autonomous  province level;135732;RSD;RSD;SORS;Average gross earnings;A;Normal value
2403040104IND02;RS;REPUBLIC OF SERBIA;04;2023;5_AD4;Administration - local authorities’ level;101049;RSD;RSD;SORS;Average gross earnings;A;Normal value
2403040104IND02;RS;REPUBLIC OF SERBIA;04;2024;0;Total;133356;RSD;RSD;SORS;Average gross earnings;A;Normal value
2403040104IND02;RS;REPUBLIC OF SERBIA;04;2024;0_JP_JD_JL;Public enterprises;149530;RSD;RSD;SORS;Average gross earnings;A;Normal value
2403040104IND02;RS;REPUBLIC OF SERBIA;04;2024;0_JS;Public sector;140481;RSD;RSD;SORS;Average gross earnings;A;Normal value
2403040104IND02;RS;REPUBLIC OF SERBIA;04;2024;0_VJS;Non-public sector;130488;RSD;RSD;SORS;Average gross earnings;A;Normal value
2403040104IND02;RS;REPUBLIC OF SERBIA;04;2024;1_JD;Public state enterprises;168766;RSD;RSD;SORS;Average gross earnings;A;Normal value
2403040104IND02;RS;REPUBLIC OF SERBIA;04;2024;2_JL;Public local enterprises;123531;RSD;RSD;SORS;Average gross earnings;A;Normal value
2403040104IND02;RS;REPUBLIC OF SERBIA;04;2024;3_4_5_BK;General government;137677;RSD;RSD;SORS;Average gross earnings;A;Normal value
2403040104IND02;RS;REPUBLIC OF SERBIA;04;2024;3_ZS;Health and social work;134849;RSD;RSD;SORS;Average gross earnings;A;Normal value
2403040104IND02;RS;REPUBLIC OF SERBIA;04;2024;4_OK;Education and culture;129915;RSD;RSD;SORS;Average gross earnings;A;Normal value
2403040104IND02;RS;REPUBLIC OF SERBIA;04;2024;5_AD;Administration - all levels;147567;RSD;RSD;SORS;Average gross earnings;A;Normal value
2403040104IND02;RS;REPUBLIC OF SERBIA;04;2024;5_AD2;Administration - government  level;154021;RSD;RSD;SORS;Average gross earnings;A;Normal value
2403040104IND02;RS;REPUBLIC OF SERBIA;04;2024;5_AD3;Administration - autonomous  province level;148671;RSD;RSD;SORS;Average gross earnings;A;Normal value
2403040104IND02;RS;REPUBLIC OF SERBIA;04;2024;5_AD4;Administration - local authorities’ level;115563;RSD;RSD;SORS;Average gross earnings;A;Normal value
2403040104IND02;RS;REPUBLIC OF SERBIA;04;2025;0;Total;150777;RSD;RSD;SORS;Average gross earnings;A;Normal value
2403040104IND02;RS;REPUBLIC OF SERBIA;04;2025;0_JP_JD_JL;Public enterprises;171909;RSD;RSD;SORS;Average gross earnings;A;Normal value
2403040104IND02;RS;REPUBLIC OF SERBIA;04;2025;0_JS;Public sector;158080;RSD;RSD;SORS;Average gross earnings;A;Normal value
2403040104IND02;RS;REPUBLIC OF SERBIA;04;2025;0_VJS;Non-public sector;147885;RSD;RSD;SORS;Average gross earnings;A;Normal value
2403040104IND02;RS;REPUBLIC OF SERBIA;04;2025;1_JD;Public state enterprises;192330;RSD;RSD;SORS;Average gross earnings;A;Normal value
2403040104IND02;RS;REPUBLIC OF SERBIA;04;2025;2_JL;Public local enterprises;144147;RSD;RSD;SORS;Average gross earnings;A;Normal value
2403040104IND02;RS;REPUBLIC OF SERBIA;04;2025;3_4_5_BK;General government;153832;RSD;RSD;SORS;Average gross earnings;A;Normal value
2403040104IND02;RS;REPUBLIC OF SERBIA;04;2025;3_ZS;Health and social work;152212;RSD;RSD;SORS;Average gross earnings;A;Normal value
2403040104IND02;RS;REPUBLIC OF SERBIA;04;2025;4_OK;Education and culture;139325;RSD;RSD;SORS;Average gross earnings;A;Normal value
2403040104IND02;RS;REPUBLIC OF SERBIA;04;2025;5_AD;Administration - all levels;168362;RSD;RSD;SORS;Average gross earnings;A;Normal value
2403040104IND02;RS;REPUBLIC OF SERBIA;04;2025;5_AD2;Administration - government  level;176690;RSD;RSD;SORS;Average gross earnings;A;Normal value
2403040104IND02;RS;REPUBLIC OF SERBIA;04;2025;5_AD3;Administration - autonomous  province level;161328;RSD;RSD;SORS;Average gross earnings;A;Normal value
2403040104IND02;RS;REPUBLIC OF SERBIA;04;2025;5_AD4;Administration - local authorities’ level;127630;RSD;RSD;SORS;Average gross earnings;A;Normal value
2403040104IND02;RS;REPUBLIC OF SERBIA;05;2003;0;Total;15973;RSD;RSD;SORS;Average gross earnings;A;Normal value
2403040104IND02;RS;REPUBLIC OF SERBIA;05;2003;0_JP_JD_JL;Public enterprises;24202;RSD;RSD;SORS;Average gross earnings;A;Normal value
2403040104IND02;RS;REPUBLIC OF SERBIA;05;2003;0_JS;Public sector;20536;RSD;RSD;SORS;Average gross earnings;A;Normal value
2403040104IND02;RS;REPUBLIC OF SERBIA;05;2003;0_VJS;Non-public sector;12874;RSD;RSD;SORS;Average gross earnings;A;Normal value
2403040104IND02;RS;REPUBLIC OF SERBIA;05;2003;1_JD;Public state enterprises;25510;RSD;RSD;SORS;Average gross earnings;A;Normal value
2403040104IND02;RS;REPUBLIC OF SERBIA;05;2003;2_JL;Public local enterprises;21141;RSD;RSD;SORS;Average gross earnings;A;Normal value
2403040104IND02;RS;REPUBLIC OF SERBIA;05;2003;3_4_5_BK;General government;18459;RSD;RSD;SORS;Average gross earnings;A;Normal value
2403040104IND02;RS;REPUBLIC OF SERBIA;05;2003;3_ZS;Health and social work;18247;RSD;RSD;SORS;Average gross earnings;A;Normal value
2403040104IND02;RS;REPUBLIC OF SERBIA;05;2003;4_OK;Education and culture;18671;RSD;RSD;SORS;Average gross earnings;A;Normal value
2403040104IND02;RS;REPUBLIC OF SERBIA;05;2003;5_AD;Administration - all levels;18569;RSD;RSD;SORS;Average gross earnings;A;Normal value
2403040104IND02;RS;REPUBLIC OF SERBIA;05;2003;5_AD2;Administration - government  level;;RSD;RSD;SORS;Average gross earnings;O;Not available
2403040104IND02;RS;REPUBLIC OF SERBIA;05;2003;5_AD3;Administration - autonomous  province level;;RSD;RSD;SORS;Average gross earnings;O;Not available
2403040104IND02;RS;REPUBLIC OF SERBIA;05;2003;5_AD4;Administration - local authorities’ level;;RSD;RSD;SORS;Average gross earnings;O;Not available
2403040104IND02;RS;REPUBLIC OF SERBIA;05;2004;0;Total;19451;RSD;RSD;SORS;Average gross earnings;A;Normal value
2403040104IND02;RS;REPUBLIC OF SERBIA;05;2004;0_JP_JD_JL;Public enterprises;27069;RSD;RSD;SORS;Average gross earnings;A;Normal value
2403040104IND02;RS;REPUBLIC OF SERBIA;05;2004;0_JS;Public sector;24279;RSD;RSD;SORS;Average gross earnings;A;Normal value
2403040104IND02;RS;REPUBLIC OF SERBIA;05;2004;0_VJS;Non-public sector;15827;RSD;RSD;SORS;Average gross earnings;A;Normal value
2403040104IND02;RS;REPUBLIC OF SERBIA;05;2004;1_JD;Public state enterprises;27334;RSD;RSD;SORS;Average gross earnings;A;Normal value
2403040104IND02;RS;REPUBLIC OF SERBIA;05;2004;2_JL;Public local enterprises;26484;RSD;RSD;SORS;Average gross earnings;A;Normal value
2403040104IND02;RS;REPUBLIC OF SERBIA;05;2004;3_4_5_BK;General government;22740;RSD;RSD;SORS;Average gross earnings;A;Normal value
2403040104IND02;RS;REPUBLIC OF SERBIA;05;2004;3_ZS;Health and social work;21755;RSD;RSD;SORS;Average gross earnings;A;Normal value
2403040104IND02;RS;REPUBLIC OF SERBIA;05;2004;4_OK;Education and culture;22216;RSD;RSD;SORS;Average gross earnings;A;Normal value
2403040104IND02;RS;REPUBLIC OF SERBIA;05;2004;5_AD;Administration - all levels;26019;RSD;RSD;SORS;Average gross earnings;A;Normal value
2403040104IND02;RS;REPUBLIC OF SERBIA;05;2004;5_AD2;Administration - government  level;;RSD;RSD;SORS;Average gross earnings;O;Not available
2403040104IND02;RS;REPUBLIC OF SERBIA;05;2004;5_AD3;Administration - autonomous  province level;;RSD;RSD;SORS;Average gross earnings;O;Not available
2403040104IND02;RS;REPUBLIC OF SERBIA;05;2004;5_AD4;Administration - local authorities’ level;;RSD;RSD;SORS;Average gross earnings;O;Not available
2403040104IND02;RS;REPUBLIC OF SERBIA;05;2005;0;Total;24449;RSD;RSD;SORS;Average gross earnings;A;Normal value
2403040104IND02;RS;REPUBLIC OF SERBIA;05;2005;0_JP_JD_JL;Public enterprises;32600;RSD;RSD;SORS;Average gross earnings;A;Normal value
2403040104IND02;RS;REPUBLIC OF SERBIA;05;2005;0_JS;Public sector;29940;RSD;RSD;SORS;Average gross earnings;A;Normal value
2403040104IND02;RS;REPUBLIC OF SERBIA;05;2005;0_VJS;Non-public sector;19792;RSD;RSD;SORS;Average gross earnings;A;Normal value
2403040104IND02;RS;REPUBLIC OF SERBIA;05;2005;1_JD;Public state enterprises;32752;RSD;RSD;SORS;Average gross earnings;A;Normal value
2403040104IND02;RS;REPUBLIC OF SERBIA;05;2005;2_JL;Public local enterprises;32301;RSD;RSD;SORS;Average gross earnings;A;Normal value
2403040104IND02;RS;REPUBLIC OF SERBIA;05;2005;3_4_5_BK;General government;28488;RSD;RSD;SORS;Average gross earnings;A;Normal value
2403040104IND02;RS;REPUBLIC OF SERBIA;05;2005;3_ZS;Health and social work;26331;RSD;RSD;SORS;Average gross earnings;A;Normal value
2403040104IND02;RS;REPUBLIC OF SERBIA;05;2005;4_OK;Education and culture;28301;RSD;RSD;SORS;Average gross earnings;A;Normal value
2403040104IND02;RS;REPUBLIC OF SERBIA;05;2005;5_AD;Administration - all levels;33873;RSD;RSD;SORS;Average gross earnings;A;Normal value
2403040104IND02;RS;REPUBLIC OF SERBIA;05;2005;5_AD2;Administration - government  level;;RSD;RSD;SORS;Average gross earnings;O;Not available
2403040104IND02;RS;REPUBLIC OF SERBIA;05;2005;5_AD3;Administration - autonomous  province level;;RSD;RSD;SORS;Average gross earnings;O;Not available
2403040104IND02;RS;REPUBLIC OF SERBIA;05;2005;5_AD4;Administration - local authorities’ level;;RSD;RSD;SORS;Average gross earnings;O;Not available
2403040104IND02;RS;REPUBLIC OF SERBIA;05;2006;0;Total;30305;RSD;RSD;SORS;Average gross earnings;A;Normal value
2403040104IND02;RS;REPUBLIC OF SERBIA;05;2006;0_JP_JD_JL;Public enterprises;38557;RSD;RSD;SORS;Average gross earnings;A;Normal value
2403040104IND02;RS;REPUBLIC OF SERBIA;05;2006;0_JS;Public sector;35089;RSD;RSD;SORS;Average gross earnings;A;Normal value
2403040104IND02;RS;REPUBLIC OF SERBIA;05;2006;0_VJS;Non-public sector;26134;RSD;RSD;SORS;Average gross earnings;A;Normal value
2403040104IND02;RS;REPUBLIC OF SERBIA;05;2006;1_JD;Public state enterprises;39155;RSD;RSD;SORS;Average gross earnings;A;Normal value
2403040104IND02;RS;REPUBLIC OF SERBIA;05;2006;2_JL;Public local enterprises;37531;RSD;RSD;SORS;Average gross earnings;A;Normal value
2403040104IND02;RS;REPUBLIC OF SERBIA;05;2006;3_4_5_BK;General government;33296;RSD;RSD;SORS;Average gross earnings;A;Normal value
2403040104IND02;RS;REPUBLIC OF SERBIA;05;2006;3_ZS;Health and social work;31605;RSD;RSD;SORS;Average gross earnings;A;Normal value
2403040104IND02;RS;REPUBLIC OF SERBIA;05;2006;4_OK;Education and culture;32197;RSD;RSD;SORS;Average gross earnings;A;Normal value
2403040104IND02;RS;REPUBLIC OF SERBIA;05;2006;5_AD;Administration - all levels;39473;RSD;RSD;SORS;Average gross earnings;A;Normal value
2403040104IND02;RS;REPUBLIC OF SERBIA;05;2006;5_AD2;Administration - government  level;;RSD;RSD;SORS;Average gross earnings;O;Not available
2403040104IND02;RS;REPUBLIC OF SERBIA;05;2006;5_AD3;Administration - autonomous  province level;;RSD;RSD;SORS;Average gross earnings;O;Not available
2403040104IND02;RS;REPUBLIC OF SERBIA;05;2006;5_AD4;Administration - local authorities’ level;;RSD;RSD;SORS;Average gross earnings;O;Not available
2403040104IND02;RS;REPUBLIC OF SERBIA;05;2007;0;Total;37668;RSD;RSD;SORS;Average gross earnings;A;Normal value
2403040104IND02;RS;REPUBLIC OF SERBIA;05;2007;0_JP_JD_JL;Public enterprises;46982;RSD;RSD;SORS;Average gross earnings;A;Normal value
2403040104IND02;RS;REPUBLIC OF SERBIA;05;2007;0_JS;Public sector;44862;RSD;RSD;SORS;Average gross earnings;A;Normal value
2403040104IND02;RS;REPUBLIC OF SERBIA;05;2007;0_VJS;Non-public sector;30810;RSD;RSD;SORS;Average gross earnings;A;Normal value
2403040104IND02;RS;REPUBLIC OF SERBIA;05;2007;1_JD;Public state enterprises;50399;RSD;RSD;SORS;Average gross earnings;A;Normal value
2403040104IND02;RS;REPUBLIC OF SERBIA;05;2007;2_JL;Public local enterprises;41182;RSD;RSD;SORS;Average gross earnings;A;Normal value
2403040104IND02;RS;REPUBLIC OF SERBIA;05;2007;3_4_5_BK;General government;43802;RSD;RSD;SORS;Average gross earnings;A;Normal value
2403040104IND02;RS;REPUBLIC OF SERBIA;05;2007;3_ZS;Health and social work;44389;RSD;RSD;SORS;Average gross earnings;A;Normal value
2403040104IND02;RS;REPUBLIC OF SERBIA;05;2007;4_OK;Education and culture;40597;RSD;RSD;SORS;Average gross earnings;A;Normal value
2403040104IND02;RS;REPUBLIC OF SERBIA;05;2007;5_AD;Administration - all levels;49042;RSD;RSD;SORS;Average gross earnings;A;Normal value
2403040104IND02;RS;REPUBLIC OF SERBIA;05;2007;5_AD2;Administration - government  level;;RSD;RSD;SORS;Average gross earnings;O;Not available
2403040104IND02;RS;REPUBLIC OF SERBIA;05;2007;5_AD3;Administration - autonomous  province level;;RSD;RSD;SORS;Average gross earnings;O;Not available
2403040104IND02;RS;REPUBLIC OF SERBIA;05;2007;5_AD4;Administration - local authorities’ level;;RSD;RSD;SORS;Average gross earnings;O;Not available
2403040104IND02;RS;REPUBLIC OF SERBIA;05;2008;0;Total;44835;RSD;RSD;SORS;Average gross earnings;A;Normal value
2403040104IND02;RS;REPUBLIC OF SERBIA;05;2008;0_JP_JD_JL;Public enterprises;55345;RSD;RSD;SORS;Average gross earnings;A;Normal value
2403040104IND02;RS;REPUBLIC OF SERBIA;05;2008;0_JS;Public sector;51989;RSD;RSD;SORS;Average gross earnings;A;Normal value
2403040104IND02;RS;REPUBLIC OF SERBIA;05;2008;0_VJS;Non-public sector;37271;RSD;RSD;SORS;Average gross earnings;A;Normal value
2403040104IND02;RS;REPUBLIC OF SERBIA;05;2008;1_JD;Public state enterprises;59395;RSD;RSD;SORS;Average gross earnings;A;Normal value
2403040104IND02;RS;REPUBLIC OF SERBIA;05;2008;2_JL;Public local enterprises;48379;RSD;RSD;SORS;Average gross earnings;A;Normal value
2403040104IND02;RS;REPUBLIC OF SERBIA;05;2008;3_4_5_BK;General government;50357;RSD;RSD;SORS;Average gross earnings;A;Normal value
2403040104IND02;RS;REPUBLIC OF SERBIA;05;2008;3_ZS;Health and social work;49638;RSD;RSD;SORS;Average gross earnings;A;Normal value
2403040104IND02;RS;REPUBLIC OF SERBIA;05;2008;4_OK;Education and culture;48731;RSD;RSD;SORS;Average gross earnings;A;Normal value
2403040104IND02;RS;REPUBLIC OF SERBIA;05;2008;5_AD;Administration - all levels;55436;RSD;RSD;SORS;Average gross earnings;A;Normal value
2403040104IND02;RS;REPUBLIC OF SERBIA;05;2008;5_AD2;Administration - government  level;;RSD;RSD;SORS;Average gross earnings;O;Not available
2403040104IND02;RS;REPUBLIC OF SERBIA;05;2008;5_AD3;Administration - autonomous  province level;;RSD;RSD;SORS;Average gross earnings;O;Not available
2403040104IND02;RS;REPUBLIC OF SERBIA;05;2008;5_AD4;Administration - local authorities’ level;;RSD;RSD;SORS;Average gross earnings;O;Not available
2403040104IND02;RS;REPUBLIC OF SERBIA;05;2009;0;Total;43183;RSD;RSD;SORS;Average gross earnings;A;Normal value
2403040104IND02;RS;REPUBLIC OF SERBIA;05;2009;0_JP_JD_JL;Public enterprises;58607;RSD;RSD;SORS;Average gross earnings;A;Normal value
2403040104IND02;RS;REPUBLIC OF SERBIA;05;2009;0_JS;Public sector;54112;RSD;RSD;SORS;Average gross earnings;A;Normal value
2403040104IND02;RS;REPUBLIC OF SERBIA;05;2009;0_VJS;Non-public sector;34749;RSD;RSD;SORS;Average gross earnings;A;Normal value
2403040104IND02;RS;REPUBLIC OF SERBIA;05;2009;1_JD;Public state enterprises;63747;RSD;RSD;SORS;Average gross earnings;A;Normal value
2403040104IND02;RS;REPUBLIC OF SERBIA;05;2009;2_JL;Public local enterprises;50614;RSD;RSD;SORS;Average gross earnings;A;Normal value
2403040104IND02;RS;REPUBLIC OF SERBIA;05;2009;3_4_5_BK;General government;52119;RSD;RSD;SORS;Average gross earnings;A;Normal value
2403040104IND02;RS;REPUBLIC OF SERBIA;05;2009;3_ZS;Health and social work;51395;RSD;RSD;SORS;Average gross earnings;A;Normal value
2403040104IND02;RS;REPUBLIC OF SERBIA;05;2009;4_OK;Education and culture;51721;RSD;RSD;SORS;Average gross earnings;A;Normal value
2403040104IND02;RS;REPUBLIC OF SERBIA;05;2009;5_AD;Administration - all levels;54505;RSD;RSD;SORS;Average gross earnings;A;Normal value
2403040104IND02;RS;REPUBLIC OF SERBIA;05;2009;5_AD2;Administration - government  level;;RSD;RSD;SORS;Average gross earnings;O;Not available
2403040104IND02;RS;REPUBLIC OF SERBIA;05;2009;5_AD3;Administration - autonomous  province level;;RSD;RSD;SORS;Average gross earnings;O;Not available
2403040104IND02;RS;REPUBLIC OF SERBIA;05;2009;5_AD4;Administration - local authorities’ level;;RSD;RSD;SORS;Average gross earnings;O;Not available
2403040104IND02;RS;REPUBLIC OF SERBIA;05;2010;0;Total;46454;RSD;RSD;SORS;Average gross earnings;A;Normal value
2403040104IND02;RS;REPUBLIC OF SERBIA;05;2010;0_JP_JD_JL;Public enterprises;60544;RSD;RSD;SORS;Average gross earnings;A;Normal value
2403040104IND02;RS;REPUBLIC OF SERBIA;05;2010;0_JS;Public sector;54855;RSD;RSD;SORS;Average gross earnings;A;Normal value
2403040104IND02;RS;REPUBLIC OF SERBIA;05;2010;0_VJS;Non-public sector;39423;RSD;RSD;SORS;Average gross earnings;A;Normal value
2403040104IND02;RS;REPUBLIC OF SERBIA;05;2010;1_JD;Public state enterprises;65651;RSD;RSD;SORS;Average gross earnings;A;Normal value
2403040104IND02;RS;REPUBLIC OF SERBIA;05;2010;2_JL;Public local enterprises;52692;RSD;RSD;SORS;Average gross earnings;A;Normal value
2403040104IND02;RS;REPUBLIC OF SERBIA;05;2010;3_4_5_BK;General government;52395;RSD;RSD;SORS;Average gross earnings;A;Normal value
2403040104IND02;RS;REPUBLIC OF SERBIA;05;2010;3_ZS;Health and social work;51849;RSD;RSD;SORS;Average gross earnings;A;Normal value
2403040104IND02;RS;REPUBLIC OF SERBIA;05;2010;4_OK;Education and culture;51330;RSD;RSD;SORS;Average gross earnings;A;Normal value
2403040104IND02;RS;REPUBLIC OF SERBIA;05;2010;5_AD;Administration - all levels;55738;RSD;RSD;SORS;Average gross earnings;A;Normal value
2403040104IND02;RS;REPUBLIC OF SERBIA;05;2010;5_AD2;Administration - government  level;;RSD;RSD;SORS;Average gross earnings;O;Not available
2403040104IND02;RS;REPUBLIC OF SERBIA;05;2010;5_AD3;Administration - autonomous  province level;;RSD;RSD;SORS;Average gross earnings;O;Not available
2403040104IND02;RS;REPUBLIC OF SERBIA;05;2010;5_AD4;Administration - local authorities’ level;;RSD;RSD;SORS;Average gross earnings;O;Not available
2403040104IND02;RS;REPUBLIC OF SERBIA;05;2011;0;Total;49064;RSD;RSD;SORS;Average gross earnings;A;Normal value
2403040104IND02;RS;REPUBLIC OF SERBIA;05;2011;0_JP_JD_JL;Public enterprises;68035;RSD;RSD;SORS;Average gross earnings;A;Normal value
2403040104IND02;RS;REPUBLIC OF SERBIA;05;2011;0_JS;Public sector;56887;RSD;RSD;SORS;Average gross earnings;A;Normal value
2403040104IND02;RS;REPUBLIC OF SERBIA;05;2011;0_VJS;Non-public sector;42408;RSD;RSD;SORS;Average gross earnings;A;Normal value
2403040104IND02;RS;REPUBLIC OF SERBIA;05;2011;1_JD;Public state enterprises;75406;RSD;RSD;SORS;Average gross earnings;A;Normal value
2403040104IND02;RS;REPUBLIC OF SERBIA;05;2011;2_JL;Public local enterprises;57122;RSD;RSD;SORS;Average gross earnings;A;Normal value
2403040104IND02;RS;REPUBLIC OF SERBIA;05;2011;3_4_5_BK;General government;52106;RSD;RSD;SORS;Average gross earnings;A;Normal value
2403040104IND02;RS;REPUBLIC OF SERBIA;05;2011;3_ZS;Health and social work;44009;RSD;RSD;SORS;Average gross earnings;A;Normal value
2403040104IND02;RS;REPUBLIC OF SERBIA;05;2011;4_OK;Education and culture;55422;RSD;RSD;SORS;Average gross earnings;A;Normal value
2403040104IND02;RS;REPUBLIC OF SERBIA;05;2011;5_AD;Administration - all levels;64195;RSD;RSD;SORS;Average gross earnings;A;Normal value
2403040104IND02;RS;REPUBLIC OF SERBIA;05;2011;5_AD2;Administration - government  level;;RSD;RSD;SORS;Average gross earnings;O;Not available
2403040104IND02;RS;REPUBLIC OF SERBIA;05;2011;5_AD3;Administration - autonomous  province level;;RSD;RSD;SORS;Average gross earnings;O;Not available
2403040104IND02;RS;REPUBLIC OF SERBIA;05;2011;5_AD4;Administration - local authorities’ level;;RSD;RSD;SORS;Average gross earnings;O;Not available
2403040104IND02;RS;REPUBLIC OF SERBIA;05;2012;0;Total;56206;RSD;RSD;SORS;Average gross earnings;A;Normal value
2403040104IND02;RS;REPUBLIC OF SERBIA;05;2012;0_JP_JD_JL;Public enterprises;72693;RSD;RSD;SORS;Average gross earnings;A;Normal value
2403040104IND02;RS;REPUBLIC OF SERBIA;05;2012;0_JS;Public sector;65179;RSD;RSD;SORS;Average gross earnings;A;Normal value
2403040104IND02;RS;REPUBLIC OF SERBIA;05;2012;0_VJS;Non-public sector;48092;RSD;RSD;SORS;Average gross earnings;A;Normal value
2403040104IND02;RS;REPUBLIC OF SERBIA;05;2012;1_JD;Public state enterprises;81614;RSD;RSD;SORS;Average gross earnings;A;Normal value
2403040104IND02;RS;REPUBLIC OF SERBIA;05;2012;2_JL;Public local enterprises;59534;RSD;RSD;SORS;Average gross earnings;A;Normal value
2403040104IND02;RS;REPUBLIC OF SERBIA;05;2012;3_4_5_BK;General government;61922;RSD;RSD;SORS;Average gross earnings;A;Normal value
2403040104IND02;RS;REPUBLIC OF SERBIA;05;2012;3_ZS;Health and social work;60164;RSD;RSD;SORS;Average gross earnings;A;Normal value
2403040104IND02;RS;REPUBLIC OF SERBIA;05;2012;4_OK;Education and culture;58073;RSD;RSD;SORS;Average gross earnings;A;Normal value
2403040104IND02;RS;REPUBLIC OF SERBIA;05;2012;5_AD;Administration - all levels;73271;RSD;RSD;SORS;Average gross earnings;A;Normal value
2403040104IND02;RS;REPUBLIC OF SERBIA;05;2012;5_AD2;Administration - government  level;;RSD;RSD;SORS;Average gross earnings;O;Not available
2403040104IND02;RS;REPUBLIC OF SERBIA;05;2012;5_AD3;Administration - autonomous  province level;;RSD;RSD;SORS;Average gross earnings;O;Not available
2403040104IND02;RS;REPUBLIC OF SERBIA;05;2012;5_AD4;Administration - local authorities’ level;;RSD;RSD;SORS;Average gross earnings;O;Not available
2403040104IND02;RS;REPUBLIC OF SERBIA;05;2013;0;Total;57921;RSD;RSD;SORS;Average gross earnings;A;Normal value
2403040104IND02;RS;REPUBLIC OF SERBIA;05;2013;0_JP_JD_JL;Public enterprises;74472;RSD;RSD;SORS;Average gross earnings;A;Normal value
2403040104IND02;RS;REPUBLIC OF SERBIA;05;2013;0_JS;Public sector;66003;RSD;RSD;SORS;Average gross earnings;A;Normal value
2403040104IND02;RS;REPUBLIC OF SERBIA;05;2013;0_VJS;Non-public sector;49771;RSD;RSD;SORS;Average gross earnings;A;Normal value
2403040104IND02;RS;REPUBLIC OF SERBIA;05;2013;1_JD;Public state enterprises;84346;RSD;RSD;SORS;Average gross earnings;A;Normal value
2403040104IND02;RS;REPUBLIC OF SERBIA;05;2013;2_JL;Public local enterprises;60236;RSD;RSD;SORS;Average gross earnings;A;Normal value
2403040104IND02;RS;REPUBLIC OF SERBIA;05;2013;3_4_5_BK;General government;62341;RSD;RSD;SORS;Average gross earnings;A;Normal value
2403040104IND02;RS;REPUBLIC OF SERBIA;05;2013;3_ZS;Health and social work;60763;RSD;RSD;SORS;Average gross earnings;A;Normal value
2403040104IND02;RS;REPUBLIC OF SERBIA;05;2013;4_OK;Education and culture;59951;RSD;RSD;SORS;Average gross earnings;A;Normal value
2403040104IND02;RS;REPUBLIC OF SERBIA;05;2013;5_AD;Administration - all levels;70300;RSD;RSD;SORS;Average gross earnings;A;Normal value
2403040104IND02;RS;REPUBLIC OF SERBIA;05;2013;5_AD2;Administration - government  level;;RSD;RSD;SORS;Average gross earnings;O;Not available
2403040104IND02;RS;REPUBLIC OF SERBIA;05;2013;5_AD3;Administration - autonomous  province level;;RSD;RSD;SORS;Average gross earnings;O;Not available
2403040104IND02;RS;REPUBLIC OF SERBIA;05;2013;5_AD4;Administration - local authorities’ level;;RSD;RSD;SORS;Average gross earnings;O;Not available
2403040104IND02;RS;REPUBLIC OF SERBIA;05;2014;0;Total;60966;RSD;RSD;SORS;Average gross earnings;A;Normal value
2403040104IND02;RS;REPUBLIC OF SERBIA;05;2014;0_JP_JD_JL;Public enterprises;80065;RSD;RSD;SORS;Average gross earnings;A;Normal value
2403040104IND02;RS;REPUBLIC OF SERBIA;05;2014;0_JS;Public sector;70212;RSD;RSD;SORS;Average gross earnings;A;Normal value
2403040104IND02;RS;REPUBLIC OF SERBIA;05;2014;0_VJS;Non-public sector;52283;RSD;RSD;SORS;Average gross earnings;A;Normal value
2403040104IND02;RS;REPUBLIC OF SERBIA;05;2014;1_JD;Public state enterprises;93221;RSD;RSD;SORS;Average gross earnings;A;Normal value
2403040104IND02;RS;REPUBLIC OF SERBIA;05;2014;2_JL;Public local enterprises;61016;RSD;RSD;SORS;Average gross earnings;A;Normal value
2403040104IND02;RS;REPUBLIC OF SERBIA;05;2014;3_4_5_BK;General government;65966;RSD;RSD;SORS;Average gross earnings;A;Normal value
2403040104IND02;RS;REPUBLIC OF SERBIA;05;2014;3_ZS;Health and social work;64406;RSD;RSD;SORS;Average gross earnings;A;Normal value
2403040104IND02;RS;REPUBLIC OF SERBIA;05;2014;4_OK;Education and culture;61555;RSD;RSD;SORS;Average gross earnings;A;Normal value
2403040104IND02;RS;REPUBLIC OF SERBIA;05;2014;5_AD;Administration - all levels;77965;RSD;RSD;SORS;Average gross earnings;A;Normal value
2403040104IND02;RS;REPUBLIC OF SERBIA;05;2014;5_AD2;Administration - government  level;;RSD;RSD;SORS;Average gross earnings;O;Not available
2403040104IND02;RS;REPUBLIC OF SERBIA;05;2014;5_AD3;Administration - autonomous  province level;;RSD;RSD;SORS;Average gross earnings;O;Not available
2403040104IND02;RS;REPUBLIC OF SERBIA;05;2014;5_AD4;Administration - local authorities’ level;;RSD;RSD;SORS;Average gross earnings;O;Not available
2403040104IND02;RS;REPUBLIC OF SERBIA;05;2015;0;Total;60487;RSD;RSD;SORS;Average gross earnings;A;Normal value
2403040104IND02;RS;REPUBLIC OF SERBIA;05;2015;0_JP_JD_JL;Public enterprises;79965;RSD;RSD;SORS;Average gross earnings;A;Normal value
2403040104IND02;RS;REPUBLIC OF SERBIA;05;2015;0_JS;Public sector;65559;RSD;RSD;SORS;Average gross earnings;A;Normal value
2403040104IND02;RS;REPUBLIC OF SERBIA;05;2015;0_VJS;Non-public sector;55919;RSD;RSD;SORS;Average gross earnings;A;Normal value
2403040104IND02;RS;REPUBLIC OF SERBIA;05;2015;1_JD;Public state enterprises;94991;RSD;RSD;SORS;Average gross earnings;A;Normal value
2403040104IND02;RS;REPUBLIC OF SERBIA;05;2015;2_JL;Public local enterprises;58893;RSD;RSD;SORS;Average gross earnings;A;Normal value
2403040104IND02;RS;REPUBLIC OF SERBIA;05;2015;3_4_5_BK;General government;59214;RSD;RSD;SORS;Average gross earnings;A;Normal value
2403040104IND02;RS;REPUBLIC OF SERBIA;05;2015;3_ZS;Health and social work;58294;RSD;RSD;SORS;Average gross earnings;A;Normal value
2403040104IND02;RS;REPUBLIC OF SERBIA;05;2015;4_OK;Education and culture;56509;RSD;RSD;SORS;Average gross earnings;A;Normal value
2403040104IND02;RS;REPUBLIC OF SERBIA;05;2015;5_AD;Administration - all levels;66557;RSD;RSD;SORS;Average gross earnings;A;Normal value
2403040104IND02;RS;REPUBLIC OF SERBIA;05;2015;5_AD2;Administration - government  level;;RSD;RSD;SORS;Average gross earnings;O;Not available
2403040104IND02;RS;REPUBLIC OF SERBIA;05;2015;5_AD3;Administration - autonomous  province level;;RSD;RSD;SORS;Average gross earnings;O;Not available
2403040104IND02;RS;REPUBLIC OF SERBIA;05;2015;5_AD4;Administration - local authorities’ level;;RSD;RSD;SORS;Average gross earnings;O;Not available
2403040104IND02;RS;REPUBLIC OF SERBIA;05;2016;0;Total;60520;RSD;RSD;SORS;Average gross earnings;A;Normal value
2403040104IND02;RS;REPUBLIC OF SERBIA;05;2016;0_JP_JD_JL;Public enterprises;75654;RSD;RSD;SORS;Average gross earnings;A;Normal value
2403040104IND02;RS;REPUBLIC OF SERBIA;05;2016;0_JS;Public sector;63958;RSD;RSD;SORS;Average gross earnings;A;Normal value
2403040104IND02;RS;REPUBLIC OF SERBIA;05;2016;0_VJS;Non-public sector;57412;RSD;RSD;SORS;Average gross earnings;A;Normal value
2403040104IND02;RS;REPUBLIC OF SERBIA;05;2016;1_JD;Public state enterprises;87423;RSD;RSD;SORS;Average gross earnings;A;Normal value
2403040104IND02;RS;REPUBLIC OF SERBIA;05;2016;2_JL;Public local enterprises;59123;RSD;RSD;SORS;Average gross earnings;A;Normal value
2403040104IND02;RS;REPUBLIC OF SERBIA;05;2016;3_4_5_BK;General government;58836;RSD;RSD;SORS;Average gross earnings;A;Normal value
2403040104IND02;RS;REPUBLIC OF SERBIA;05;2016;3_ZS;Health and social work;57571;RSD;RSD;SORS;Average gross earnings;A;Normal value
2403040104IND02;RS;REPUBLIC OF SERBIA;05;2016;4_OK;Education and culture;56755;RSD;RSD;SORS;Average gross earnings;A;Normal value
2403040104IND02;RS;REPUBLIC OF SERBIA;05;2016;5_AD;Administration - all levels;65739;RSD;RSD;SORS;Average gross earnings;A;Normal value
2403040104IND02;RS;REPUBLIC OF SERBIA;05;2016;5_AD2;Administration - government  level;;RSD;RSD;SORS;Average gross earnings;O;Not available
2403040104IND02;RS;REPUBLIC OF SERBIA;05;2016;5_AD3;Administration - autonomous  province level;;RSD;RSD;SORS;Average gross earnings;O;Not available
2403040104IND02;RS;REPUBLIC OF SERBIA;05;2016;5_AD4;Administration - local authorities’ level;;RSD;RSD;SORS;Average gross earnings;O;Not available
2403040104IND02;RS;REPUBLIC OF SERBIA;05;2017;0;Total;64860;RSD;RSD;SORS;Average gross earnings;A;Normal value
2403040104IND02;RS;REPUBLIC OF SERBIA;05;2017;0_JP_JD_JL;Public enterprises;79610;RSD;RSD;SORS;Average gross earnings;A;Normal value
2403040104IND02;RS;REPUBLIC OF SERBIA;05;2017;0_JS;Public sector;67200;RSD;RSD;SORS;Average gross earnings;A;Normal value
2403040104IND02;RS;REPUBLIC OF SERBIA;05;2017;0_VJS;Non-public sector;62792;RSD;RSD;SORS;Average gross earnings;A;Normal value
2403040104IND02;RS;REPUBLIC OF SERBIA;05;2017;1_JD;Public state enterprises;92949;RSD;RSD;SORS;Average gross earnings;A;Normal value
2403040104IND02;RS;REPUBLIC OF SERBIA;05;2017;2_JL;Public local enterprises;61478;RSD;RSD;SORS;Average gross earnings;A;Normal value
2403040104IND02;RS;REPUBLIC OF SERBIA;05;2017;3_4_5_BK;General government;61938;RSD;RSD;SORS;Average gross earnings;A;Normal value
2403040104IND02;RS;REPUBLIC OF SERBIA;05;2017;3_ZS;Health and social work;62071;RSD;RSD;SORS;Average gross earnings;A;Normal value
2403040104IND02;RS;REPUBLIC OF SERBIA;05;2017;4_OK;Education and culture;59161;RSD;RSD;SORS;Average gross earnings;A;Normal value
2403040104IND02;RS;REPUBLIC OF SERBIA;05;2017;5_AD;Administration - all levels;67245;RSD;RSD;SORS;Average gross earnings;A;Normal value
2403040104IND02;RS;REPUBLIC OF SERBIA;05;2017;5_AD2;Administration - government  level;;RSD;RSD;SORS;Average gross earnings;O;Not available
2403040104IND02;RS;REPUBLIC OF SERBIA;05;2017;5_AD3;Administration - autonomous  province level;;RSD;RSD;SORS;Average gross earnings;O;Not available
2403040104IND02;RS;REPUBLIC OF SERBIA;05;2017;5_AD4;Administration - local authorities’ level;;RSD;RSD;SORS;Average gross earnings;O;Not available
2403040104IND02;RS;REPUBLIC OF SERBIA;05;2018;0;Total;69684;RSD;RSD;SORS;Average gross earnings;A;Normal value
2403040104IND02;RS;REPUBLIC OF SERBIA;05;2018;0_JP_JD_JL;Public enterprises;84978;RSD;RSD;SORS;Average gross earnings;A;Normal value
2403040104IND02;RS;REPUBLIC OF SERBIA;05;2018;0_JS;Public sector;78128;RSD;RSD;SORS;Average gross earnings;A;Normal value
2403040104IND02;RS;REPUBLIC OF SERBIA;05;2018;0_VJS;Non-public sector;65467;RSD;RSD;SORS;Average gross earnings;A;Normal value
2403040104IND02;RS;REPUBLIC OF SERBIA;05;2018;1_JD;Public state enterprises;96865;RSD;RSD;SORS;Average gross earnings;A;Normal value
2403040104IND02;RS;REPUBLIC OF SERBIA;05;2018;2_JL;Public local enterprises;67267;RSD;RSD;SORS;Average gross earnings;A;Normal value
2403040104IND02;RS;REPUBLIC OF SERBIA;05;2018;3_4_5_BK;General government;75867;RSD;RSD;SORS;Average gross earnings;A;Normal value
2403040104IND02;RS;REPUBLIC OF SERBIA;05;2018;3_ZS;Health and social work;70819;RSD;RSD;SORS;Average gross earnings;A;Normal value
2403040104IND02;RS;REPUBLIC OF SERBIA;05;2018;4_OK;Education and culture;73546;RSD;RSD;SORS;Average gross earnings;A;Normal value
2403040104IND02;RS;REPUBLIC OF SERBIA;05;2018;5_AD;Administration - all levels;82576;RSD;RSD;SORS;Average gross earnings;A;Normal value
2403040104IND02;RS;REPUBLIC OF SERBIA;05;2018;5_AD2;Administration - government  level;85787;RSD;RSD;SORS;Average gross earnings;A;Normal value
2403040104IND02;RS;REPUBLIC OF SERBIA;05;2018;5_AD3;Administration - autonomous  province level;86411;RSD;RSD;SORS;Average gross earnings;A;Normal value
2403040104IND02;RS;REPUBLIC OF SERBIA;05;2018;5_AD4;Administration - local authorities’ level;66453;RSD;RSD;SORS;Average gross earnings;A;Normal value
2403040104IND02;RS;REPUBLIC OF SERBIA;05;2019;0;Total;76511;RSD;RSD;SORS;Average gross earnings;A;Normal value
2403040104IND02;RS;REPUBLIC OF SERBIA;05;2019;0_JP_JD_JL;Public enterprises;92643;RSD;RSD;SORS;Average gross earnings;A;Normal value
2403040104IND02;RS;REPUBLIC OF SERBIA;05;2019;0_JS;Public sector;85464;RSD;RSD;SORS;Average gross earnings;A;Normal value
2403040104IND02;RS;REPUBLIC OF SERBIA;05;2019;0_VJS;Non-public sector;72330;RSD;RSD;SORS;Average gross earnings;A;Normal value
2403040104IND02;RS;REPUBLIC OF SERBIA;05;2019;1_JD;Public state enterprises;106370;RSD;RSD;SORS;Average gross earnings;A;Normal value
2403040104IND02;RS;REPUBLIC OF SERBIA;05;2019;2_JL;Public local enterprises;73716;RSD;RSD;SORS;Average gross earnings;A;Normal value
2403040104IND02;RS;REPUBLIC OF SERBIA;05;2019;3_4_5_BK;General government;83155;RSD;RSD;SORS;Average gross earnings;A;Normal value
2403040104IND02;RS;REPUBLIC OF SERBIA;05;2019;3_ZS;Health and social work;78133;RSD;RSD;SORS;Average gross earnings;A;Normal value
2403040104IND02;RS;REPUBLIC OF SERBIA;05;2019;4_OK;Education and culture;80864;RSD;RSD;SORS;Average gross earnings;A;Normal value
2403040104IND02;RS;REPUBLIC OF SERBIA;05;2019;5_AD;Administration - all levels;89810;RSD;RSD;SORS;Average gross earnings;A;Normal value
2403040104IND02;RS;REPUBLIC OF SERBIA;05;2019;5_AD2;Administration - government  level;93249;RSD;RSD;SORS;Average gross earnings;A;Normal value
2403040104IND02;RS;REPUBLIC OF SERBIA;05;2019;5_AD3;Administration - autonomous  province level;97168;RSD;RSD;SORS;Average gross earnings;A;Normal value
2403040104IND02;RS;REPUBLIC OF SERBIA;05;2019;5_AD4;Administration - local authorities’ level;72339;RSD;RSD;SORS;Average gross earnings;A;Normal value
2403040104IND02;RS;REPUBLIC OF SERBIA;05;2020;0;Total;81464;RSD;RSD;SORS;Average gross earnings;A;Normal value
2403040104IND02;RS;REPUBLIC OF SERBIA;05;2020;0_JP_JD_JL;Public enterprises;97678;RSD;RSD;SORS;Average gross earnings;A;Normal value
2403040104IND02;RS;REPUBLIC OF SERBIA;05;2020;0_JS;Public sector;94019;RSD;RSD;SORS;Average gross earnings;A;Normal value
2403040104IND02;RS;REPUBLIC OF SERBIA;05;2020;0_VJS;Non-public sector;75928;RSD;RSD;SORS;Average gross earnings;A;Normal value
2403040104IND02;RS;REPUBLIC OF SERBIA;05;2020;1_JD;Public state enterprises;108620;RSD;RSD;SORS;Average gross earnings;A;Normal value
2403040104IND02;RS;REPUBLIC OF SERBIA;05;2020;2_JL;Public local enterprises;82522;RSD;RSD;SORS;Average gross earnings;A;Normal value
2403040104IND02;RS;REPUBLIC OF SERBIA;05;2020;3_4_5_BK;General government;92841;RSD;RSD;SORS;Average gross earnings;A;Normal value
2403040104IND02;RS;REPUBLIC OF SERBIA;05;2020;3_ZS;Health and social work;92613;RSD;RSD;SORS;Average gross earnings;A;Normal value
2403040104IND02;RS;REPUBLIC OF SERBIA;05;2020;4_OK;Education and culture;86891;RSD;RSD;SORS;Average gross earnings;A;Normal value
2403040104IND02;RS;REPUBLIC OF SERBIA;05;2020;5_AD;Administration - all levels;98482;RSD;RSD;SORS;Average gross earnings;A;Normal value
2403040104IND02;RS;REPUBLIC OF SERBIA;05;2020;5_AD2;Administration - government  level;102481;RSD;RSD;SORS;Average gross earnings;A;Normal value
2403040104IND02;RS;REPUBLIC OF SERBIA;05;2020;5_AD3;Administration - autonomous  province level;103262;RSD;RSD;SORS;Average gross earnings;A;Normal value
2403040104IND02;RS;REPUBLIC OF SERBIA;05;2020;5_AD4;Administration - local authorities’ level;78274;RSD;RSD;SORS;Average gross earnings;A;Normal value
2403040104IND02;RS;REPUBLIC OF SERBIA;05;2021;0;Total;89720;RSD;RSD;SORS;Average gross earnings;A;Normal value
2403040104IND02;RS;REPUBLIC OF SERBIA;05;2021;0_JP_JD_JL;Public enterprises;102833;RSD;RSD;SORS;Average gross earnings;A;Normal value
2403040104IND02;RS;REPUBLIC OF SERBIA;05;2021;0_JS;Public sector;101938;RSD;RSD;SORS;Average gross earnings;A;Normal value
2403040104IND02;RS;REPUBLIC OF SERBIA;05;2021;0_VJS;Non-public sector;84544;RSD;RSD;SORS;Average gross earnings;A;Normal value
2403040104IND02;RS;REPUBLIC OF SERBIA;05;2021;1_JD;Public state enterprises;114285;RSD;RSD;SORS;Average gross earnings;A;Normal value
2403040104IND02;RS;REPUBLIC OF SERBIA;05;2021;2_JL;Public local enterprises;87006;RSD;RSD;SORS;Average gross earnings;A;Normal value
2403040104IND02;RS;REPUBLIC OF SERBIA;05;2021;3_4_5_BK;General government;101656;RSD;RSD;SORS;Average gross earnings;A;Normal value
2403040104IND02;RS;REPUBLIC OF SERBIA;05;2021;3_ZS;Health and social work;105688;RSD;RSD;SORS;Average gross earnings;A;Normal value
2403040104IND02;RS;REPUBLIC OF SERBIA;05;2021;4_OK;Education and culture;91703;RSD;RSD;SORS;Average gross earnings;A;Normal value
2403040104IND02;RS;REPUBLIC OF SERBIA;05;2021;5_AD;Administration - all levels;107170;RSD;RSD;SORS;Average gross earnings;A;Normal value
2403040104IND02;RS;REPUBLIC OF SERBIA;05;2021;5_AD2;Administration - government  level;111997;RSD;RSD;SORS;Average gross earnings;A;Normal value
2403040104IND02;RS;REPUBLIC OF SERBIA;05;2021;5_AD3;Administration - autonomous  province level;109333;RSD;RSD;SORS;Average gross earnings;A;Normal value
2403040104IND02;RS;REPUBLIC OF SERBIA;05;2021;5_AD4;Administration - local authorities’ level;83240;RSD;RSD;SORS;Average gross earnings;A;Normal value
2403040104IND02;RS;REPUBLIC OF SERBIA;05;2022;0;Total;102432;RSD;RSD;SORS;Average gross earnings;A;Normal value
2403040104IND02;RS;REPUBLIC OF SERBIA;05;2022;0_JP_JD_JL;Public enterprises;111841;RSD;RSD;SORS;Average gross earnings;A;Normal value
2403040104IND02;RS;REPUBLIC OF SERBIA;05;2022;0_JS;Public sector;109487;RSD;RSD;SORS;Average gross earnings;A;Normal value
2403040104IND02;RS;REPUBLIC OF SERBIA;05;2022;0_VJS;Non-public sector;99485;RSD;RSD;SORS;Average gross earnings;A;Normal value
2403040104IND02;RS;REPUBLIC OF SERBIA;05;2022;1_JD;Public state enterprises;123576;RSD;RSD;SORS;Average gross earnings;A;Normal value
2403040104IND02;RS;REPUBLIC OF SERBIA;05;2022;2_JL;Public local enterprises;95737;RSD;RSD;SORS;Average gross earnings;A;Normal value
2403040104IND02;RS;REPUBLIC OF SERBIA;05;2022;3_4_5_BK;General government;108741;RSD;RSD;SORS;Average gross earnings;A;Normal value
2403040104IND02;RS;REPUBLIC OF SERBIA;05;2022;3_ZS;Health and social work;110570;RSD;RSD;SORS;Average gross earnings;A;Normal value
2403040104IND02;RS;REPUBLIC OF SERBIA;05;2022;4_OK;Education and culture;99456;RSD;RSD;SORS;Average gross earnings;A;Normal value
2403040104IND02;RS;REPUBLIC OF SERBIA;05;2022;5_AD;Administration - all levels;115648;RSD;RSD;SORS;Average gross earnings;A;Normal value
2403040104IND02;RS;REPUBLIC OF SERBIA;05;2022;5_AD2;Administration - government  level;120810;RSD;RSD;SORS;Average gross earnings;A;Normal value
2403040104IND02;RS;REPUBLIC OF SERBIA;05;2022;5_AD3;Administration - autonomous  province level;118850;RSD;RSD;SORS;Average gross earnings;A;Normal value
2403040104IND02;RS;REPUBLIC OF SERBIA;05;2022;5_AD4;Administration - local authorities’ level;90296;RSD;RSD;SORS;Average gross earnings;A;Normal value
2403040104IND02;RS;REPUBLIC OF SERBIA;05;2023;0;Total;118992;RSD;RSD;SORS;Average gross earnings;A;Normal value
2403040104IND02;RS;REPUBLIC OF SERBIA;05;2023;0_JP_JD_JL;Public enterprises;127313;RSD;RSD;SORS;Average gross earnings;A;Normal value
2403040104IND02;RS;REPUBLIC OF SERBIA;05;2023;0_JS;Public sector;123322;RSD;RSD;SORS;Average gross earnings;A;Normal value
2403040104IND02;RS;REPUBLIC OF SERBIA;05;2023;0_VJS;Non-public sector;117244;RSD;RSD;SORS;Average gross earnings;A;Normal value
2403040104IND02;RS;REPUBLIC OF SERBIA;05;2023;1_JD;Public state enterprises;138186;RSD;RSD;SORS;Average gross earnings;A;Normal value
2403040104IND02;RS;REPUBLIC OF SERBIA;05;2023;2_JL;Public local enterprises;112349;RSD;RSD;SORS;Average gross earnings;A;Normal value
2403040104IND02;RS;REPUBLIC OF SERBIA;05;2023;3_4_5_BK;General government;122073;RSD;RSD;SORS;Average gross earnings;A;Normal value
2403040104IND02;RS;REPUBLIC OF SERBIA;05;2023;3_ZS;Health and social work;121834;RSD;RSD;SORS;Average gross earnings;A;Normal value
2403040104IND02;RS;REPUBLIC OF SERBIA;05;2023;4_OK;Education and culture;112352;RSD;RSD;SORS;Average gross earnings;A;Normal value
2403040104IND02;RS;REPUBLIC OF SERBIA;05;2023;5_AD;Administration - all levels;131378;RSD;RSD;SORS;Average gross earnings;A;Normal value
2403040104IND02;RS;REPUBLIC OF SERBIA;05;2023;5_AD2;Administration - government  level;137077;RSD;RSD;SORS;Average gross earnings;A;Normal value
2403040104IND02;RS;REPUBLIC OF SERBIA;05;2023;5_AD3;Administration - autonomous  province level;135916;RSD;RSD;SORS;Average gross earnings;A;Normal value
2403040104IND02;RS;REPUBLIC OF SERBIA;05;2023;5_AD4;Administration - local authorities’ level;103166;RSD;RSD;SORS;Average gross earnings;A;Normal value
2403040104IND02;RS;REPUBLIC OF SERBIA;05;2024;0;Total;138332;RSD;RSD;SORS;Average gross earnings;A;Normal value
2403040104IND02;RS;REPUBLIC OF SERBIA;05;2024;0_JP_JD_JL;Public enterprises;148741;RSD;RSD;SORS;Average gross earnings;A;Normal value
2403040104IND02;RS;REPUBLIC OF SERBIA;05;2024;0_JS;Public sector;144258;RSD;RSD;SORS;Average gross earnings;A;Normal value
2403040104IND02;RS;REPUBLIC OF SERBIA;05;2024;0_VJS;Non-public sector;135940;RSD;RSD;SORS;Average gross earnings;A;Normal value
2403040104IND02;RS;REPUBLIC OF SERBIA;05;2024;1_JD;Public state enterprises;159361;RSD;RSD;SORS;Average gross earnings;A;Normal value
2403040104IND02;RS;REPUBLIC OF SERBIA;05;2024;2_JL;Public local enterprises;134411;RSD;RSD;SORS;Average gross earnings;A;Normal value
2403040104IND02;RS;REPUBLIC OF SERBIA;05;2024;3_4_5_BK;General government;142871;RSD;RSD;SORS;Average gross earnings;A;Normal value
2403040104IND02;RS;REPUBLIC OF SERBIA;05;2024;3_ZS;Health and social work;142966;RSD;RSD;SORS;Average gross earnings;A;Normal value
2403040104IND02;RS;REPUBLIC OF SERBIA;05;2024;4_OK;Education and culture;131378;RSD;RSD;SORS;Average gross earnings;A;Normal value
2403040104IND02;RS;REPUBLIC OF SERBIA;05;2024;5_AD;Administration - all levels;153178;RSD;RSD;SORS;Average gross earnings;A;Normal value
2403040104IND02;RS;REPUBLIC OF SERBIA;05;2024;5_AD2;Administration - government  level;160238;RSD;RSD;SORS;Average gross earnings;A;Normal value
2403040104IND02;RS;REPUBLIC OF SERBIA;05;2024;5_AD3;Administration - autonomous  province level;150794;RSD;RSD;SORS;Average gross earnings;A;Normal value
2403040104IND02;RS;REPUBLIC OF SERBIA;05;2024;5_AD4;Administration - local authorities’ level;118177;RSD;RSD;SORS;Average gross earnings;A;Normal value
2403040104IND02;RS;REPUBLIC OF SERBIA;05;2025;0;Total;148930;RSD;RSD;SORS;Average gross earnings;A;Normal value
2403040104IND02;RS;REPUBLIC OF SERBIA;05;2025;0_JP_JD_JL;Public enterprises;158557;RSD;RSD;SORS;Average gross earnings;A;Normal value
2403040104IND02;RS;REPUBLIC OF SERBIA;05;2025;0_JS;Public sector;154548;RSD;RSD;SORS;Average gross earnings;A;Normal value
2403040104IND02;RS;REPUBLIC OF SERBIA;05;2025;0_VJS;Non-public sector;146694;RSD;RSD;SORS;Average gross earnings;A;Normal value
2403040104IND02;RS;REPUBLIC OF SERBIA;05;2025;1_JD;Public state enterprises;169558;RSD;RSD;SORS;Average gross earnings;A;Normal value
2403040104IND02;RS;REPUBLIC OF SERBIA;05;2025;2_JL;Public local enterprises;143661;RSD;RSD;SORS;Average gross earnings;A;Normal value
2403040104IND02;RS;REPUBLIC OF SERBIA;05;2025;3_4_5_BK;General government;153327;RSD;RSD;SORS;Average gross earnings;A;Normal value
2403040104IND02;RS;REPUBLIC OF SERBIA;05;2025;3_ZS;Health and social work;151085;RSD;RSD;SORS;Average gross earnings;A;Normal value
2403040104IND02;RS;REPUBLIC OF SERBIA;05;2025;4_OK;Education and culture;141368;RSD;RSD;SORS;Average gross earnings;A;Normal value
2403040104IND02;RS;REPUBLIC OF SERBIA;05;2025;5_AD;Administration - all levels;166437;RSD;RSD;SORS;Average gross earnings;A;Normal value
2403040104IND02;RS;REPUBLIC OF SERBIA;05;2025;5_AD2;Administration - government  level;173721;RSD;RSD;SORS;Average gross earnings;A;Normal value
2403040104IND02;RS;REPUBLIC OF SERBIA;05;2025;5_AD3;Administration - autonomous  province level;161491;RSD;RSD;SORS;Average gross earnings;A;Normal value
2403040104IND02;RS;REPUBLIC OF SERBIA;05;2025;5_AD4;Administration - local authorities’ level;130464;RSD;RSD;SORS;Average gross earnings;A;Normal value
2403040104IND02;RS;REPUBLIC OF SERBIA;06;2003;0;Total;16425;RSD;RSD;SORS;Average gross earnings;A;Normal value
2403040104IND02;RS;REPUBLIC OF SERBIA;06;2003;0_JP_JD_JL;Public enterprises;23336;RSD;RSD;SORS;Average gross earnings;A;Normal value
2403040104IND02;RS;REPUBLIC OF SERBIA;06;2003;0_JS;Public sector;20652;RSD;RSD;SORS;Average gross earnings;A;Normal value
2403040104IND02;RS;REPUBLIC OF SERBIA;06;2003;0_VJS;Non-public sector;13531;RSD;RSD;SORS;Average gross earnings;A;Normal value
2403040104IND02;RS;REPUBLIC OF SERBIA;06;2003;1_JD;Public state enterprises;24087;RSD;RSD;SORS;Average gross earnings;A;Normal value
2403040104IND02;RS;REPUBLIC OF SERBIA;06;2003;2_JL;Public local enterprises;21589;RSD;RSD;SORS;Average gross earnings;A;Normal value
2403040104IND02;RS;REPUBLIC OF SERBIA;06;2003;3_4_5_BK;General government;19128;RSD;RSD;SORS;Average gross earnings;A;Normal value
2403040104IND02;RS;REPUBLIC OF SERBIA;06;2003;3_ZS;Health and social work;18707;RSD;RSD;SORS;Average gross earnings;A;Normal value
2403040104IND02;RS;REPUBLIC OF SERBIA;06;2003;4_OK;Education and culture;16379;RSD;RSD;SORS;Average gross earnings;A;Normal value
2403040104IND02;RS;REPUBLIC OF SERBIA;06;2003;5_AD;Administration - all levels;25369;RSD;RSD;SORS;Average gross earnings;A;Normal value
2403040104IND02;RS;REPUBLIC OF SERBIA;06;2003;5_AD2;Administration - government  level;;RSD;RSD;SORS;Average gross earnings;O;Not available
2403040104IND02;RS;REPUBLIC OF SERBIA;06;2003;5_AD3;Administration - autonomous  province level;;RSD;RSD;SORS;Average gross earnings;O;Not available
2403040104IND02;RS;REPUBLIC OF SERBIA;06;2003;5_AD4;Administration - local authorities’ level;;RSD;RSD;SORS;Average gross earnings;O;Not available
2403040104IND02;RS;REPUBLIC OF SERBIA;06;2004;0;Total;19700;RSD;RSD;SORS;Average gross earnings;A;Normal value
2403040104IND02;RS;REPUBLIC OF SERBIA;06;2004;0_JP_JD_JL;Public enterprises;24698;RSD;RSD;SORS;Average gross earnings;A;Normal value
2403040104IND02;RS;REPUBLIC OF SERBIA;06;2004;0_JS;Public sector;24267;RSD;RSD;SORS;Average gross earnings;A;Normal value
2403040104IND02;RS;REPUBLIC OF SERBIA;06;2004;0_VJS;Non-public sector;16260;RSD;RSD;SORS;Average gross earnings;A;Normal value
2403040104IND02;RS;REPUBLIC OF SERBIA;06;2004;1_JD;Public state enterprises;23183;RSD;RSD;SORS;Average gross earnings;A;Normal value
2403040104IND02;RS;REPUBLIC OF SERBIA;06;2004;2_JL;Public local enterprises;28014;RSD;RSD;SORS;Average gross earnings;A;Normal value
2403040104IND02;RS;REPUBLIC OF SERBIA;06;2004;3_4_5_BK;General government;24029;RSD;RSD;SORS;Average gross earnings;A;Normal value
2403040104IND02;RS;REPUBLIC OF SERBIA;06;2004;3_ZS;Health and social work;23109;RSD;RSD;SORS;Average gross earnings;A;Normal value
2403040104IND02;RS;REPUBLIC OF SERBIA;06;2004;4_OK;Education and culture;22600;RSD;RSD;SORS;Average gross earnings;A;Normal value
2403040104IND02;RS;REPUBLIC OF SERBIA;06;2004;5_AD;Administration - all levels;28821;RSD;RSD;SORS;Average gross earnings;A;Normal value
2403040104IND02;RS;REPUBLIC OF SERBIA;06;2004;5_AD2;Administration - government  level;;RSD;RSD;SORS;Average gross earnings;O;Not available
2403040104IND02;RS;REPUBLIC OF SERBIA;06;2004;5_AD3;Administration - autonomous  province level;;RSD;RSD;SORS;Average gross earnings;O;Not available
2403040104IND02;RS;REPUBLIC OF SERBIA;06;2004;5_AD4;Administration - local authorities’ level;;RSD;RSD;SORS;Average gross earnings;O;Not available
2403040104IND02;RS;REPUBLIC OF SERBIA;06;2005;0;Total;25503;RSD;RSD;SORS;Average gross earnings;A;Normal value
2403040104IND02;RS;REPUBLIC OF SERBIA;06;2005;0_JP_JD_JL;Public enterprises;33084;RSD;RSD;SORS;Average gross earnings;A;Normal value
2403040104IND02;RS;REPUBLIC OF SERBIA;06;2005;0_JS;Public sector;30213;RSD;RSD;SORS;Average gross earnings;A;Normal value
2403040104IND02;RS;REPUBLIC OF SERBIA;06;2005;0_VJS;Non-public sector;21519;RSD;RSD;SORS;Average gross earnings;A;Normal value
2403040104IND02;RS;REPUBLIC OF SERBIA;06;2005;1_JD;Public state enterprises;33153;RSD;RSD;SORS;Average gross earnings;A;Normal value
2403040104IND02;RS;REPUBLIC OF SERBIA;06;2005;2_JL;Public local enterprises;32954;RSD;RSD;SORS;Average gross earnings;A;Normal value
2403040104IND02;RS;REPUBLIC OF SERBIA;06;2005;3_4_5_BK;General government;28672;RSD;RSD;SORS;Average gross earnings;A;Normal value
2403040104IND02;RS;REPUBLIC OF SERBIA;06;2005;3_ZS;Health and social work;26965;RSD;RSD;SORS;Average gross earnings;A;Normal value
2403040104IND02;RS;REPUBLIC OF SERBIA;06;2005;4_OK;Education and culture;28252;RSD;RSD;SORS;Average gross earnings;A;Normal value
2403040104IND02;RS;REPUBLIC OF SERBIA;06;2005;5_AD;Administration - all levels;33424;RSD;RSD;SORS;Average gross earnings;A;Normal value
2403040104IND02;RS;REPUBLIC OF SERBIA;06;2005;5_AD2;Administration - government  level;;RSD;RSD;SORS;Average gross earnings;O;Not available
2403040104IND02;RS;REPUBLIC OF SERBIA;06;2005;5_AD3;Administration - autonomous  province level;;RSD;RSD;SORS;Average gross earnings;O;Not available
2403040104IND02;RS;REPUBLIC OF SERBIA;06;2005;5_AD4;Administration - local authorities’ level;;RSD;RSD;SORS;Average gross earnings;O;Not available
2403040104IND02;RS;REPUBLIC OF SERBIA;06;2006;0;Total;31864;RSD;RSD;SORS;Average gross earnings;A;Normal value
2403040104IND02;RS;REPUBLIC OF SERBIA;06;2006;0_JP_JD_JL;Public enterprises;41091;RSD;RSD;SORS;Average gross earnings;A;Normal value
2403040104IND02;RS;REPUBLIC OF SERBIA;06;2006;0_JS;Public sector;36102;RSD;RSD;SORS;Average gross earnings;A;Normal value
2403040104IND02;RS;REPUBLIC OF SERBIA;06;2006;0_VJS;Non-public sector;28143;RSD;RSD;SORS;Average gross earnings;A;Normal value
2403040104IND02;RS;REPUBLIC OF SERBIA;06;2006;1_JD;Public state enterprises;42367;RSD;RSD;SORS;Average gross earnings;A;Normal value
2403040104IND02;RS;REPUBLIC OF SERBIA;06;2006;2_JL;Public local enterprises;38921;RSD;RSD;SORS;Average gross earnings;A;Normal value
2403040104IND02;RS;REPUBLIC OF SERBIA;06;2006;3_4_5_BK;General government;33535;RSD;RSD;SORS;Average gross earnings;A;Normal value
2403040104IND02;RS;REPUBLIC OF SERBIA;06;2006;3_ZS;Health and social work;31773;RSD;RSD;SORS;Average gross earnings;A;Normal value
2403040104IND02;RS;REPUBLIC OF SERBIA;06;2006;4_OK;Education and culture;32737;RSD;RSD;SORS;Average gross earnings;A;Normal value
2403040104IND02;RS;REPUBLIC OF SERBIA;06;2006;5_AD;Administration - all levels;39277;RSD;RSD;SORS;Average gross earnings;A;Normal value
2403040104IND02;RS;REPUBLIC OF SERBIA;06;2006;5_AD2;Administration - government  level;;RSD;RSD;SORS;Average gross earnings;O;Not available
2403040104IND02;RS;REPUBLIC OF SERBIA;06;2006;5_AD3;Administration - autonomous  province level;;RSD;RSD;SORS;Average gross earnings;O;Not available
2403040104IND02;RS;REPUBLIC OF SERBIA;06;2006;5_AD4;Administration - local authorities’ level;;RSD;RSD;SORS;Average gross earnings;O;Not available
2403040104IND02;RS;REPUBLIC OF SERBIA;06;2007;0;Total;38916;RSD;RSD;SORS;Average gross earnings;A;Normal value
2403040104IND02;RS;REPUBLIC OF SERBIA;06;2007;0_JP_JD_JL;Public enterprises;47631;RSD;RSD;SORS;Average gross earnings;A;Normal value
2403040104IND02;RS;REPUBLIC OF SERBIA;06;2007;0_JS;Public sector;44799;RSD;RSD;SORS;Average gross earnings;A;Normal value
2403040104IND02;RS;REPUBLIC OF SERBIA;06;2007;0_VJS;Non-public sector;33251;RSD;RSD;SORS;Average gross earnings;A;Normal value
2403040104IND02;RS;REPUBLIC OF SERBIA;06;2007;1_JD;Public state enterprises;50955;RSD;RSD;SORS;Average gross earnings;A;Normal value
2403040104IND02;RS;REPUBLIC OF SERBIA;06;2007;2_JL;Public local enterprises;42009;RSD;RSD;SORS;Average gross earnings;A;Normal value
2403040104IND02;RS;REPUBLIC OF SERBIA;06;2007;3_4_5_BK;General government;43384;RSD;RSD;SORS;Average gross earnings;A;Normal value
2403040104IND02;RS;REPUBLIC OF SERBIA;06;2007;3_ZS;Health and social work;42700;RSD;RSD;SORS;Average gross earnings;A;Normal value
2403040104IND02;RS;REPUBLIC OF SERBIA;06;2007;4_OK;Education and culture;41315;RSD;RSD;SORS;Average gross earnings;A;Normal value
2403040104IND02;RS;REPUBLIC OF SERBIA;06;2007;5_AD;Administration - all levels;49232;RSD;RSD;SORS;Average gross earnings;A;Normal value
2403040104IND02;RS;REPUBLIC OF SERBIA;06;2007;5_AD2;Administration - government  level;;RSD;RSD;SORS;Average gross earnings;O;Not available
2403040104IND02;RS;REPUBLIC OF SERBIA;06;2007;5_AD3;Administration - autonomous  province level;;RSD;RSD;SORS;Average gross earnings;O;Not available
2403040104IND02;RS;REPUBLIC OF SERBIA;06;2007;5_AD4;Administration - local authorities’ level;;RSD;RSD;SORS;Average gross earnings;O;Not available
2403040104IND02;RS;REPUBLIC OF SERBIA;06;2008;0;Total;45608;RSD;RSD;SORS;Average gross earnings;A;Normal value
2403040104IND02;RS;REPUBLIC OF SERBIA;06;2008;0_JP_JD_JL;Public enterprises;54803;RSD;RSD;SORS;Average gross earnings;A;Normal value
2403040104IND02;RS;REPUBLIC OF SERBIA;06;2008;0_JS;Public sector;51520;RSD;RSD;SORS;Average gross earnings;A;Normal value
2403040104IND02;RS;REPUBLIC OF SERBIA;06;2008;0_VJS;Non-public sector;39325;RSD;RSD;SORS;Average gross earnings;A;Normal value
2403040104IND02;RS;REPUBLIC OF SERBIA;06;2008;1_JD;Public state enterprises;58690;RSD;RSD;SORS;Average gross earnings;A;Normal value
2403040104IND02;RS;REPUBLIC OF SERBIA;06;2008;2_JL;Public local enterprises;48124;RSD;RSD;SORS;Average gross earnings;A;Normal value
2403040104IND02;RS;REPUBLIC OF SERBIA;06;2008;3_4_5_BK;General government;49919;RSD;RSD;SORS;Average gross earnings;A;Normal value
2403040104IND02;RS;REPUBLIC OF SERBIA;06;2008;3_ZS;Health and social work;48721;RSD;RSD;SORS;Average gross earnings;A;Normal value
2403040104IND02;RS;REPUBLIC OF SERBIA;06;2008;4_OK;Education and culture;48955;RSD;RSD;SORS;Average gross earnings;A;Normal value
2403040104IND02;RS;REPUBLIC OF SERBIA;06;2008;5_AD;Administration - all levels;54728;RSD;RSD;SORS;Average gross earnings;A;Normal value
2403040104IND02;RS;REPUBLIC OF SERBIA;06;2008;5_AD2;Administration - government  level;;RSD;RSD;SORS;Average gross earnings;O;Not available
2403040104IND02;RS;REPUBLIC OF SERBIA;06;2008;5_AD3;Administration - autonomous  province level;;RSD;RSD;SORS;Average gross earnings;O;Not available
2403040104IND02;RS;REPUBLIC OF SERBIA;06;2008;5_AD4;Administration - local authorities’ level;;RSD;RSD;SORS;Average gross earnings;O;Not available
2403040104IND02;RS;REPUBLIC OF SERBIA;06;2009;0;Total;44246;RSD;RSD;SORS;Average gross earnings;A;Normal value
2403040104IND02;RS;REPUBLIC OF SERBIA;06;2009;0_JP_JD_JL;Public enterprises;57746;RSD;RSD;SORS;Average gross earnings;A;Normal value
2403040104IND02;RS;REPUBLIC OF SERBIA;06;2009;0_JS;Public sector;54291;RSD;RSD;SORS;Average gross earnings;A;Normal value
2403040104IND02;RS;REPUBLIC OF SERBIA;06;2009;0_VJS;Non-public sector;36124;RSD;RSD;SORS;Average gross earnings;A;Normal value
2403040104IND02;RS;REPUBLIC OF SERBIA;06;2009;1_JD;Public state enterprises;61870;RSD;RSD;SORS;Average gross earnings;A;Normal value
2403040104IND02;RS;REPUBLIC OF SERBIA;06;2009;2_JL;Public local enterprises;51361;RSD;RSD;SORS;Average gross earnings;A;Normal value
2403040104IND02;RS;REPUBLIC OF SERBIA;06;2009;3_4_5_BK;General government;52760;RSD;RSD;SORS;Average gross earnings;A;Normal value
2403040104IND02;RS;REPUBLIC OF SERBIA;06;2009;3_ZS;Health and social work;51832;RSD;RSD;SORS;Average gross earnings;A;Normal value
2403040104IND02;RS;REPUBLIC OF SERBIA;06;2009;4_OK;Education and culture;51253;RSD;RSD;SORS;Average gross earnings;A;Normal value
2403040104IND02;RS;REPUBLIC OF SERBIA;06;2009;5_AD;Administration - all levels;57757;RSD;RSD;SORS;Average gross earnings;A;Normal value
2403040104IND02;RS;REPUBLIC OF SERBIA;06;2009;5_AD2;Administration - government  level;;RSD;RSD;SORS;Average gross earnings;O;Not available
2403040104IND02;RS;REPUBLIC OF SERBIA;06;2009;5_AD3;Administration - autonomous  province level;;RSD;RSD;SORS;Average gross earnings;O;Not available
2403040104IND02;RS;REPUBLIC OF SERBIA;06;2009;5_AD4;Administration - local authorities’ level;;RSD;RSD;SORS;Average gross earnings;O;Not available
2403040104IND02;RS;REPUBLIC OF SERBIA;06;2010;0;Total;47486;RSD;RSD;SORS;Average gross earnings;A;Normal value
2403040104IND02;RS;REPUBLIC OF SERBIA;06;2010;0_JP_JD_JL;Public enterprises;61169;RSD;RSD;SORS;Average gross earnings;A;Normal value
2403040104IND02;RS;REPUBLIC OF SERBIA;06;2010;0_JS;Public sector;55641;RSD;RSD;SORS;Average gross earnings;A;Normal value
2403040104IND02;RS;REPUBLIC OF SERBIA;06;2010;0_VJS;Non-public sector;40408;RSD;RSD;SORS;Average gross earnings;A;Normal value
2403040104IND02;RS;REPUBLIC OF SERBIA;06;2010;1_JD;Public state enterprises;67125;RSD;RSD;SORS;Average gross earnings;A;Normal value
2403040104IND02;RS;REPUBLIC OF SERBIA;06;2010;2_JL;Public local enterprises;52019;RSD;RSD;SORS;Average gross earnings;A;Normal value
2403040104IND02;RS;REPUBLIC OF SERBIA;06;2010;3_4_5_BK;General government;53247;RSD;RSD;SORS;Average gross earnings;A;Normal value
2403040104IND02;RS;REPUBLIC OF SERBIA;06;2010;3_ZS;Health and social work;51346;RSD;RSD;SORS;Average gross earnings;A;Normal value
2403040104IND02;RS;REPUBLIC OF SERBIA;06;2010;4_OK;Education and culture;52222;RSD;RSD;SORS;Average gross earnings;A;Normal value
2403040104IND02;RS;REPUBLIC OF SERBIA;06;2010;5_AD;Administration - all levels;59576;RSD;RSD;SORS;Average gross earnings;A;Normal value
2403040104IND02;RS;REPUBLIC OF SERBIA;06;2010;5_AD2;Administration - government  level;;RSD;RSD;SORS;Average gross earnings;O;Not available
2403040104IND02;RS;REPUBLIC OF SERBIA;06;2010;5_AD3;Administration - autonomous  province level;;RSD;RSD;SORS;Average gross earnings;O;Not available
2403040104IND02;RS;REPUBLIC OF SERBIA;06;2010;5_AD4;Administration - local authorities’ level;;RSD;RSD;SORS;Average gross earnings;O;Not available
2403040104IND02;RS;REPUBLIC OF SERBIA;06;2011;0;Total;54616;RSD;RSD;SORS;Average gross earnings;A;Normal value
2403040104IND02;RS;REPUBLIC OF SERBIA;06;2011;0_JP_JD_JL;Public enterprises;70488;RSD;RSD;SORS;Average gross earnings;A;Normal value
2403040104IND02;RS;REPUBLIC OF SERBIA;06;2011;0_JS;Public sector;62728;RSD;RSD;SORS;Average gross earnings;A;Normal value
2403040104IND02;RS;REPUBLIC OF SERBIA;06;2011;0_VJS;Non-public sector;47106;RSD;RSD;SORS;Average gross earnings;A;Normal value
2403040104IND02;RS;REPUBLIC OF SERBIA;06;2011;1_JD;Public state enterprises;79312;RSD;RSD;SORS;Average gross earnings;A;Normal value
2403040104IND02;RS;REPUBLIC OF SERBIA;06;2011;2_JL;Public local enterprises;57506;RSD;RSD;SORS;Average gross earnings;A;Normal value
2403040104IND02;RS;REPUBLIC OF SERBIA;06;2011;3_4_5_BK;General government;59391;RSD;RSD;SORS;Average gross earnings;A;Normal value
2403040104IND02;RS;REPUBLIC OF SERBIA;06;2011;3_ZS;Health and social work;57429;RSD;RSD;SORS;Average gross earnings;A;Normal value
2403040104IND02;RS;REPUBLIC OF SERBIA;06;2011;4_OK;Education and culture;55968;RSD;RSD;SORS;Average gross earnings;A;Normal value
2403040104IND02;RS;REPUBLIC OF SERBIA;06;2011;5_AD;Administration - all levels;70731;RSD;RSD;SORS;Average gross earnings;A;Normal value
2403040104IND02;RS;REPUBLIC OF SERBIA;06;2011;5_AD2;Administration - government  level;;RSD;RSD;SORS;Average gross earnings;O;Not available
2403040104IND02;RS;REPUBLIC OF SERBIA;06;2011;5_AD3;Administration - autonomous  province level;;RSD;RSD;SORS;Average gross earnings;O;Not available
2403040104IND02;RS;REPUBLIC OF SERBIA;06;2011;5_AD4;Administration - local authorities’ level;;RSD;RSD;SORS;Average gross earnings;O;Not available
2403040104IND02;RS;REPUBLIC OF SERBIA;06;2012;0;Total;58712;RSD;RSD;SORS;Average gross earnings;A;Normal value
2403040104IND02;RS;REPUBLIC OF SERBIA;06;2012;0_JP_JD_JL;Public enterprises;73597;RSD;RSD;SORS;Average gross earnings;A;Normal value
2403040104IND02;RS;REPUBLIC OF SERBIA;06;2012;0_JS;Public sector;65701;RSD;RSD;SORS;Average gross earnings;A;Normal value
2403040104IND02;RS;REPUBLIC OF SERBIA;06;2012;0_VJS;Non-public sector;52126;RSD;RSD;SORS;Average gross earnings;A;Normal value
2403040104IND02;RS;REPUBLIC OF SERBIA;06;2012;1_JD;Public state enterprises;82363;RSD;RSD;SORS;Average gross earnings;A;Normal value
2403040104IND02;RS;REPUBLIC OF SERBIA;06;2012;2_JL;Public local enterprises;60840;RSD;RSD;SORS;Average gross earnings;A;Normal value
2403040104IND02;RS;REPUBLIC OF SERBIA;06;2012;3_4_5_BK;General government;62278;RSD;RSD;SORS;Average gross earnings;A;Normal value
2403040104IND02;RS;REPUBLIC OF SERBIA;06;2012;3_ZS;Health and social work;59931;RSD;RSD;SORS;Average gross earnings;A;Normal value
2403040104IND02;RS;REPUBLIC OF SERBIA;06;2012;4_OK;Education and culture;59193;RSD;RSD;SORS;Average gross earnings;A;Normal value
2403040104IND02;RS;REPUBLIC OF SERBIA;06;2012;5_AD;Administration - all levels;73440;RSD;RSD;SORS;Average gross earnings;A;Normal value
2403040104IND02;RS;REPUBLIC OF SERBIA;06;2012;5_AD2;Administration - government  level;;RSD;RSD;SORS;Average gross earnings;O;Not available
2403040104IND02;RS;REPUBLIC OF SERBIA;06;2012;5_AD3;Administration - autonomous  province level;;RSD;RSD;SORS;Average gross earnings;O;Not available
2403040104IND02;RS;REPUBLIC OF SERBIA;06;2012;5_AD4;Administration - local authorities’ level;;RSD;RSD;SORS;Average gross earnings;O;Not available
2403040104IND02;RS;REPUBLIC OF SERBIA;06;2013;0;Total;61399;RSD;RSD;SORS;Average gross earnings;A;Normal value
2403040104IND02;RS;REPUBLIC OF SERBIA;06;2013;0_JP_JD_JL;Public enterprises;77838;RSD;RSD;SORS;Average gross earnings;A;Normal value
2403040104IND02;RS;REPUBLIC OF SERBIA;06;2013;0_JS;Public sector;68595;RSD;RSD;SORS;Average gross earnings;A;Normal value
2403040104IND02;RS;REPUBLIC OF SERBIA;06;2013;0_VJS;Non-public sector;54298;RSD;RSD;SORS;Average gross earnings;A;Normal value
2403040104IND02;RS;REPUBLIC OF SERBIA;06;2013;1_JD;Public state enterprises;88859;RSD;RSD;SORS;Average gross earnings;A;Normal value
2403040104IND02;RS;REPUBLIC OF SERBIA;06;2013;2_JL;Public local enterprises;61944;RSD;RSD;SORS;Average gross earnings;A;Normal value
2403040104IND02;RS;REPUBLIC OF SERBIA;06;2013;3_4_5_BK;General government;64580;RSD;RSD;SORS;Average gross earnings;A;Normal value
2403040104IND02;RS;REPUBLIC OF SERBIA;06;2013;3_ZS;Health and social work;63295;RSD;RSD;SORS;Average gross earnings;A;Normal value
2403040104IND02;RS;REPUBLIC OF SERBIA;06;2013;4_OK;Education and culture;59828;RSD;RSD;SORS;Average gross earnings;A;Normal value
2403040104IND02;RS;REPUBLIC OF SERBIA;06;2013;5_AD;Administration - all levels;76286;RSD;RSD;SORS;Average gross earnings;A;Normal value
2403040104IND02;RS;REPUBLIC OF SERBIA;06;2013;5_AD2;Administration - government  level;;RSD;RSD;SORS;Average gross earnings;O;Not available
2403040104IND02;RS;REPUBLIC OF SERBIA;06;2013;5_AD3;Administration - autonomous  province level;;RSD;RSD;SORS;Average gross earnings;O;Not available
2403040104IND02;RS;REPUBLIC OF SERBIA;06;2013;5_AD4;Administration - local authorities’ level;;RSD;RSD;SORS;Average gross earnings;O;Not available
2403040104IND02;RS;REPUBLIC OF SERBIA;06;2014;0;Total;61992;RSD;RSD;SORS;Average gross earnings;A;Normal value
2403040104IND02;RS;REPUBLIC OF SERBIA;06;2014;0_JP_JD_JL;Public enterprises;79959;RSD;RSD;SORS;Average gross earnings;A;Normal value
2403040104IND02;RS;REPUBLIC OF SERBIA;06;2014;0_JS;Public sector;69527;RSD;RSD;SORS;Average gross earnings;A;Normal value
2403040104IND02;RS;REPUBLIC OF SERBIA;06;2014;0_VJS;Non-public sector;54763;RSD;RSD;SORS;Average gross earnings;A;Normal value
2403040104IND02;RS;REPUBLIC OF SERBIA;06;2014;1_JD;Public state enterprises;91224;RSD;RSD;SORS;Average gross earnings;A;Normal value
2403040104IND02;RS;REPUBLIC OF SERBIA;06;2014;2_JL;Public local enterprises;63648;RSD;RSD;SORS;Average gross earnings;A;Normal value
2403040104IND02;RS;REPUBLIC OF SERBIA;06;2014;3_4_5_BK;General government;65040;RSD;RSD;SORS;Average gross earnings;A;Normal value
2403040104IND02;RS;REPUBLIC OF SERBIA;06;2014;3_ZS;Health and social work;62269;RSD;RSD;SORS;Average gross earnings;A;Normal value
2403040104IND02;RS;REPUBLIC OF SERBIA;06;2014;4_OK;Education and culture;61710;RSD;RSD;SORS;Average gross earnings;A;Normal value
2403040104IND02;RS;REPUBLIC OF SERBIA;06;2014;5_AD;Administration - all levels;77522;RSD;RSD;SORS;Average gross earnings;A;Normal value
2403040104IND02;RS;REPUBLIC OF SERBIA;06;2014;5_AD2;Administration - government  level;;RSD;RSD;SORS;Average gross earnings;O;Not available
2403040104IND02;RS;REPUBLIC OF SERBIA;06;2014;5_AD3;Administration - autonomous  province level;;RSD;RSD;SORS;Average gross earnings;O;Not available
2403040104IND02;RS;REPUBLIC OF SERBIA;06;2014;5_AD4;Administration - local authorities’ level;;RSD;RSD;SORS;Average gross earnings;O;Not available
2403040104IND02;RS;REPUBLIC OF SERBIA;06;2015;0;Total;61302;RSD;RSD;SORS;Average gross earnings;A;Normal value
2403040104IND02;RS;REPUBLIC OF SERBIA;06;2015;0_JP_JD_JL;Public enterprises;76431;RSD;RSD;SORS;Average gross earnings;A;Normal value
2403040104IND02;RS;REPUBLIC OF SERBIA;06;2015;0_JS;Public sector;65145;RSD;RSD;SORS;Average gross earnings;A;Normal value
2403040104IND02;RS;REPUBLIC OF SERBIA;06;2015;0_VJS;Non-public sector;57741;RSD;RSD;SORS;Average gross earnings;A;Normal value
2403040104IND02;RS;REPUBLIC OF SERBIA;06;2015;1_JD;Public state enterprises;88096;RSD;RSD;SORS;Average gross earnings;A;Normal value
2403040104IND02;RS;REPUBLIC OF SERBIA;06;2015;2_JL;Public local enterprises;60248;RSD;RSD;SORS;Average gross earnings;A;Normal value
2403040104IND02;RS;REPUBLIC OF SERBIA;06;2015;3_4_5_BK;General government;60128;RSD;RSD;SORS;Average gross earnings;A;Normal value
2403040104IND02;RS;REPUBLIC OF SERBIA;06;2015;3_ZS;Health and social work;57628;RSD;RSD;SORS;Average gross earnings;A;Normal value
2403040104IND02;RS;REPUBLIC OF SERBIA;06;2015;4_OK;Education and culture;57558;RSD;RSD;SORS;Average gross earnings;A;Normal value
2403040104IND02;RS;REPUBLIC OF SERBIA;06;2015;5_AD;Administration - all levels;70597;RSD;RSD;SORS;Average gross earnings;A;Normal value
2403040104IND02;RS;REPUBLIC OF SERBIA;06;2015;5_AD2;Administration - government  level;;RSD;RSD;SORS;Average gross earnings;O;Not available
2403040104IND02;RS;REPUBLIC OF SERBIA;06;2015;5_AD3;Administration - autonomous  province level;;RSD;RSD;SORS;Average gross earnings;O;Not available
2403040104IND02;RS;REPUBLIC OF SERBIA;06;2015;5_AD4;Administration - local authorities’ level;;RSD;RSD;SORS;Average gross earnings;O;Not available
2403040104IND02;RS;REPUBLIC OF SERBIA;06;2016;0;Total;64019;RSD;RSD;SORS;Average gross earnings;A;Normal value
2403040104IND02;RS;REPUBLIC OF SERBIA;06;2016;0_JP_JD_JL;Public enterprises;80184;RSD;RSD;SORS;Average gross earnings;A;Normal value
2403040104IND02;RS;REPUBLIC OF SERBIA;06;2016;0_JS;Public sector;66569;RSD;RSD;SORS;Average gross earnings;A;Normal value
2403040104IND02;RS;REPUBLIC OF SERBIA;06;2016;0_VJS;Non-public sector;61725;RSD;RSD;SORS;Average gross earnings;A;Normal value
2403040104IND02;RS;REPUBLIC OF SERBIA;06;2016;1_JD;Public state enterprises;91165;RSD;RSD;SORS;Average gross earnings;A;Normal value
2403040104IND02;RS;REPUBLIC OF SERBIA;06;2016;2_JL;Public local enterprises;64717;RSD;RSD;SORS;Average gross earnings;A;Normal value
2403040104IND02;RS;REPUBLIC OF SERBIA;06;2016;3_4_5_BK;General government;60602;RSD;RSD;SORS;Average gross earnings;A;Normal value
2403040104IND02;RS;REPUBLIC OF SERBIA;06;2016;3_ZS;Health and social work;58947;RSD;RSD;SORS;Average gross earnings;A;Normal value
2403040104IND02;RS;REPUBLIC OF SERBIA;06;2016;4_OK;Education and culture;57938;RSD;RSD;SORS;Average gross earnings;A;Normal value
2403040104IND02;RS;REPUBLIC OF SERBIA;06;2016;5_AD;Administration - all levels;69477;RSD;RSD;SORS;Average gross earnings;A;Normal value
2403040104IND02;RS;REPUBLIC OF SERBIA;06;2016;5_AD2;Administration - government  level;;RSD;RSD;SORS;Average gross earnings;O;Not available
2403040104IND02;RS;REPUBLIC OF SERBIA;06;2016;5_AD3;Administration - autonomous  province level;;RSD;RSD;SORS;Average gross earnings;O;Not available
2403040104IND02;RS;REPUBLIC OF SERBIA;06;2016;5_AD4;Administration - local authorities’ level;;RSD;RSD;SORS;Average gross earnings;O;Not available
2403040104IND02;RS;REPUBLIC OF SERBIA;06;2017;0;Total;67857;RSD;RSD;SORS;Average gross earnings;A;Normal value
2403040104IND02;RS;REPUBLIC OF SERBIA;06;2017;0_JP_JD_JL;Public enterprises;82968;RSD;RSD;SORS;Average gross earnings;A;Normal value
2403040104IND02;RS;REPUBLIC OF SERBIA;06;2017;0_JS;Public sector;69101;RSD;RSD;SORS;Average gross earnings;A;Normal value
2403040104IND02;RS;REPUBLIC OF SERBIA;06;2017;0_VJS;Non-public sector;66761;RSD;RSD;SORS;Average gross earnings;A;Normal value
2403040104IND02;RS;REPUBLIC OF SERBIA;06;2017;1_JD;Public state enterprises;95921;RSD;RSD;SORS;Average gross earnings;A;Normal value
2403040104IND02;RS;REPUBLIC OF SERBIA;06;2017;2_JL;Public local enterprises;65354;RSD;RSD;SORS;Average gross earnings;A;Normal value
2403040104IND02;RS;REPUBLIC OF SERBIA;06;2017;3_4_5_BK;General government;63236;RSD;RSD;SORS;Average gross earnings;A;Normal value
2403040104IND02;RS;REPUBLIC OF SERBIA;06;2017;3_ZS;Health and social work;61355;RSD;RSD;SORS;Average gross earnings;A;Normal value
2403040104IND02;RS;REPUBLIC OF SERBIA;06;2017;4_OK;Education and culture;61302;RSD;RSD;SORS;Average gross earnings;A;Normal value
2403040104IND02;RS;REPUBLIC OF SERBIA;06;2017;5_AD;Administration - all levels;71087;RSD;RSD;SORS;Average gross earnings;A;Normal value
2403040104IND02;RS;REPUBLIC OF SERBIA;06;2017;5_AD2;Administration - government  level;;RSD;RSD;SORS;Average gross earnings;O;Not available
2403040104IND02;RS;REPUBLIC OF SERBIA;06;2017;5_AD3;Administration - autonomous  province level;;RSD;RSD;SORS;Average gross earnings;O;Not available
2403040104IND02;RS;REPUBLIC OF SERBIA;06;2017;5_AD4;Administration - local authorities’ level;;RSD;RSD;SORS;Average gross earnings;O;Not available
2403040104IND02;RS;REPUBLIC OF SERBIA;06;2018;0;Total;68047;RSD;RSD;SORS;Average gross earnings;A;Normal value
2403040104IND02;RS;REPUBLIC OF SERBIA;06;2018;0_JP_JD_JL;Public enterprises;79994;RSD;RSD;SORS;Average gross earnings;A;Normal value
2403040104IND02;RS;REPUBLIC OF SERBIA;06;2018;0_JS;Public sector;75707;RSD;RSD;SORS;Average gross earnings;A;Normal value
2403040104IND02;RS;REPUBLIC OF SERBIA;06;2018;0_VJS;Non-public sector;64238;RSD;RSD;SORS;Average gross earnings;A;Normal value
2403040104IND02;RS;REPUBLIC OF SERBIA;06;2018;1_JD;Public state enterprises;90532;RSD;RSD;SORS;Average gross earnings;A;Normal value
2403040104IND02;RS;REPUBLIC OF SERBIA;06;2018;2_JL;Public local enterprises;64569;RSD;RSD;SORS;Average gross earnings;A;Normal value
2403040104IND02;RS;REPUBLIC OF SERBIA;06;2018;3_4_5_BK;General government;74286;RSD;RSD;SORS;Average gross earnings;A;Normal value
2403040104IND02;RS;REPUBLIC OF SERBIA;06;2018;3_ZS;Health and social work;67897;RSD;RSD;SORS;Average gross earnings;A;Normal value
2403040104IND02;RS;REPUBLIC OF SERBIA;06;2018;4_OK;Education and culture;72865;RSD;RSD;SORS;Average gross earnings;A;Normal value
2403040104IND02;RS;REPUBLIC OF SERBIA;06;2018;5_AD;Administration - all levels;81352;RSD;RSD;SORS;Average gross earnings;A;Normal value
2403040104IND02;RS;REPUBLIC OF SERBIA;06;2018;5_AD2;Administration - government  level;84801;RSD;RSD;SORS;Average gross earnings;A;Normal value
2403040104IND02;RS;REPUBLIC OF SERBIA;06;2018;5_AD3;Administration - autonomous  province level;84222;RSD;RSD;SORS;Average gross earnings;A;Normal value
2403040104IND02;RS;REPUBLIC OF SERBIA;06;2018;5_AD4;Administration - local authorities’ level;64560;RSD;RSD;SORS;Average gross earnings;A;Normal value
2403040104IND02;RS;REPUBLIC OF SERBIA;06;2019;0;Total;74009;RSD;RSD;SORS;Average gross earnings;A;Normal value
2403040104IND02;RS;REPUBLIC OF SERBIA;06;2019;0_JP_JD_JL;Public enterprises;85813;RSD;RSD;SORS;Average gross earnings;A;Normal value
2403040104IND02;RS;REPUBLIC OF SERBIA;06;2019;0_JS;Public sector;82474;RSD;RSD;SORS;Average gross earnings;A;Normal value
2403040104IND02;RS;REPUBLIC OF SERBIA;06;2019;0_VJS;Non-public sector;70079;RSD;RSD;SORS;Average gross earnings;A;Normal value
2403040104IND02;RS;REPUBLIC OF SERBIA;06;2019;1_JD;Public state enterprises;97675;RSD;RSD;SORS;Average gross earnings;A;Normal value
2403040104IND02;RS;REPUBLIC OF SERBIA;06;2019;2_JL;Public local enterprises;69224;RSD;RSD;SORS;Average gross earnings;A;Normal value
2403040104IND02;RS;REPUBLIC OF SERBIA;06;2019;3_4_5_BK;General government;81404;RSD;RSD;SORS;Average gross earnings;A;Normal value
2403040104IND02;RS;REPUBLIC OF SERBIA;06;2019;3_ZS;Health and social work;74702;RSD;RSD;SORS;Average gross earnings;A;Normal value
2403040104IND02;RS;REPUBLIC OF SERBIA;06;2019;4_OK;Education and culture;79444;RSD;RSD;SORS;Average gross earnings;A;Normal value
2403040104IND02;RS;REPUBLIC OF SERBIA;06;2019;5_AD;Administration - all levels;89322;RSD;RSD;SORS;Average gross earnings;A;Normal value
2403040104IND02;RS;REPUBLIC OF SERBIA;06;2019;5_AD2;Administration - government  level;93326;RSD;RSD;SORS;Average gross earnings;A;Normal value
2403040104IND02;RS;REPUBLIC OF SERBIA;06;2019;5_AD3;Administration - autonomous  province level;89604;RSD;RSD;SORS;Average gross earnings;A;Normal value
2403040104IND02;RS;REPUBLIC OF SERBIA;06;2019;5_AD4;Administration - local authorities’ level;69821;RSD;RSD;SORS;Average gross earnings;A;Normal value
2403040104IND02;RS;REPUBLIC OF SERBIA;06;2020;0;Total;82572;RSD;RSD;SORS;Average gross earnings;A;Normal value
2403040104IND02;RS;REPUBLIC OF SERBIA;06;2020;0_JP_JD_JL;Public enterprises;97893;RSD;RSD;SORS;Average gross earnings;A;Normal value
2403040104IND02;RS;REPUBLIC OF SERBIA;06;2020;0_JS;Public sector;93803;RSD;RSD;SORS;Average gross earnings;A;Normal value
2403040104IND02;RS;REPUBLIC OF SERBIA;06;2020;0_VJS;Non-public sector;77635;RSD;RSD;SORS;Average gross earnings;A;Normal value
2403040104IND02;RS;REPUBLIC OF SERBIA;06;2020;1_JD;Public state enterprises;109597;RSD;RSD;SORS;Average gross earnings;A;Normal value
2403040104IND02;RS;REPUBLIC OF SERBIA;06;2020;2_JL;Public local enterprises;81849;RSD;RSD;SORS;Average gross earnings;A;Normal value
2403040104IND02;RS;REPUBLIC OF SERBIA;06;2020;3_4_5_BK;General government;92487;RSD;RSD;SORS;Average gross earnings;A;Normal value
2403040104IND02;RS;REPUBLIC OF SERBIA;06;2020;3_ZS;Health and social work;90249;RSD;RSD;SORS;Average gross earnings;A;Normal value
2403040104IND02;RS;REPUBLIC OF SERBIA;06;2020;4_OK;Education and culture;87810;RSD;RSD;SORS;Average gross earnings;A;Normal value
2403040104IND02;RS;REPUBLIC OF SERBIA;06;2020;5_AD;Administration - all levels;98801;RSD;RSD;SORS;Average gross earnings;A;Normal value
2403040104IND02;RS;REPUBLIC OF SERBIA;06;2020;5_AD2;Administration - government  level;102866;RSD;RSD;SORS;Average gross earnings;A;Normal value
2403040104IND02;RS;REPUBLIC OF SERBIA;06;2020;5_AD3;Administration - autonomous  province level;103942;RSD;RSD;SORS;Average gross earnings;A;Normal value
2403040104IND02;RS;REPUBLIC OF SERBIA;06;2020;5_AD4;Administration - local authorities’ level;78409;RSD;RSD;SORS;Average gross earnings;A;Normal value
2403040104IND02;RS;REPUBLIC OF SERBIA;06;2021;0;Total;89793;RSD;RSD;SORS;Average gross earnings;A;Normal value
2403040104IND02;RS;REPUBLIC OF SERBIA;06;2021;0_JP_JD_JL;Public enterprises;102685;RSD;RSD;SORS;Average gross earnings;A;Normal value
2403040104IND02;RS;REPUBLIC OF SERBIA;06;2021;0_JS;Public sector;100419;RSD;RSD;SORS;Average gross earnings;A;Normal value
2403040104IND02;RS;REPUBLIC OF SERBIA;06;2021;0_VJS;Non-public sector;85304;RSD;RSD;SORS;Average gross earnings;A;Normal value
2403040104IND02;RS;REPUBLIC OF SERBIA;06;2021;1_JD;Public state enterprises;113710;RSD;RSD;SORS;Average gross earnings;A;Normal value
2403040104IND02;RS;REPUBLIC OF SERBIA;06;2021;2_JL;Public local enterprises;87244;RSD;RSD;SORS;Average gross earnings;A;Normal value
2403040104IND02;RS;REPUBLIC OF SERBIA;06;2021;3_4_5_BK;General government;99693;RSD;RSD;SORS;Average gross earnings;A;Normal value
2403040104IND02;RS;REPUBLIC OF SERBIA;06;2021;3_ZS;Health and social work;99945;RSD;RSD;SORS;Average gross earnings;A;Normal value
2403040104IND02;RS;REPUBLIC OF SERBIA;06;2021;4_OK;Education and culture;92664;RSD;RSD;SORS;Average gross earnings;A;Normal value
2403040104IND02;RS;REPUBLIC OF SERBIA;06;2021;5_AD;Administration - all levels;105986;RSD;RSD;SORS;Average gross earnings;A;Normal value
2403040104IND02;RS;REPUBLIC OF SERBIA;06;2021;5_AD2;Administration - government  level;110602;RSD;RSD;SORS;Average gross earnings;A;Normal value
2403040104IND02;RS;REPUBLIC OF SERBIA;06;2021;5_AD3;Administration - autonomous  province level;110250;RSD;RSD;SORS;Average gross earnings;A;Normal value
2403040104IND02;RS;REPUBLIC OF SERBIA;06;2021;5_AD4;Administration - local authorities’ level;83155;RSD;RSD;SORS;Average gross earnings;A;Normal value
2403040104IND02;RS;REPUBLIC OF SERBIA;06;2022;0;Total;102523;RSD;RSD;SORS;Average gross earnings;A;Normal value
2403040104IND02;RS;REPUBLIC OF SERBIA;06;2022;0_JP_JD_JL;Public enterprises;109730;RSD;RSD;SORS;Average gross earnings;A;Normal value
2403040104IND02;RS;REPUBLIC OF SERBIA;06;2022;0_JS;Public sector;107383;RSD;RSD;SORS;Average gross earnings;A;Normal value
2403040104IND02;RS;REPUBLIC OF SERBIA;06;2022;0_VJS;Non-public sector;100495;RSD;RSD;SORS;Average gross earnings;A;Normal value
2403040104IND02;RS;REPUBLIC OF SERBIA;06;2022;1_JD;Public state enterprises;121109;RSD;RSD;SORS;Average gross earnings;A;Normal value
2403040104IND02;RS;REPUBLIC OF SERBIA;06;2022;2_JL;Public local enterprises;94152;RSD;RSD;SORS;Average gross earnings;A;Normal value
2403040104IND02;RS;REPUBLIC OF SERBIA;06;2022;3_4_5_BK;General government;106639;RSD;RSD;SORS;Average gross earnings;A;Normal value
2403040104IND02;RS;REPUBLIC OF SERBIA;06;2022;3_ZS;Health and social work;105980;RSD;RSD;SORS;Average gross earnings;A;Normal value
2403040104IND02;RS;REPUBLIC OF SERBIA;06;2022;4_OK;Education and culture;99373;RSD;RSD;SORS;Average gross earnings;A;Normal value
2403040104IND02;RS;REPUBLIC OF SERBIA;06;2022;5_AD;Administration - all levels;114012;RSD;RSD;SORS;Average gross earnings;A;Normal value
2403040104IND02;RS;REPUBLIC OF SERBIA;06;2022;5_AD2;Administration - government  level;119091;RSD;RSD;SORS;Average gross earnings;A;Normal value
2403040104IND02;RS;REPUBLIC OF SERBIA;06;2022;5_AD3;Administration - autonomous  province level;117872;RSD;RSD;SORS;Average gross earnings;A;Normal value
2403040104IND02;RS;REPUBLIC OF SERBIA;06;2022;5_AD4;Administration - local authorities’ level;89217;RSD;RSD;SORS;Average gross earnings;A;Normal value
2403040104IND02;RS;REPUBLIC OF SERBIA;06;2023;0;Total;118025;RSD;RSD;SORS;Average gross earnings;A;Normal value
2403040104IND02;RS;REPUBLIC OF SERBIA;06;2023;0_JP_JD_JL;Public enterprises;123748;RSD;RSD;SORS;Average gross earnings;A;Normal value
2403040104IND02;RS;REPUBLIC OF SERBIA;06;2023;0_JS;Public sector;121110;RSD;RSD;SORS;Average gross earnings;A;Normal value
2403040104IND02;RS;REPUBLIC OF SERBIA;06;2023;0_VJS;Non-public sector;116780;RSD;RSD;SORS;Average gross earnings;A;Normal value
2403040104IND02;RS;REPUBLIC OF SERBIA;06;2023;1_JD;Public state enterprises;135293;RSD;RSD;SORS;Average gross earnings;A;Normal value
2403040104IND02;RS;REPUBLIC OF SERBIA;06;2023;2_JL;Public local enterprises;108030;RSD;RSD;SORS;Average gross earnings;A;Normal value
2403040104IND02;RS;REPUBLIC OF SERBIA;06;2023;3_4_5_BK;General government;120282;RSD;RSD;SORS;Average gross earnings;A;Normal value
2403040104IND02;RS;REPUBLIC OF SERBIA;06;2023;3_ZS;Health and social work;118275;RSD;RSD;SORS;Average gross earnings;A;Normal value
2403040104IND02;RS;REPUBLIC OF SERBIA;06;2023;4_OK;Education and culture;111320;RSD;RSD;SORS;Average gross earnings;A;Normal value
2403040104IND02;RS;REPUBLIC OF SERBIA;06;2023;5_AD;Administration - all levels;130514;RSD;RSD;SORS;Average gross earnings;A;Normal value
2403040104IND02;RS;REPUBLIC OF SERBIA;06;2023;5_AD2;Administration - government  level;136303;RSD;RSD;SORS;Average gross earnings;A;Normal value
2403040104IND02;RS;REPUBLIC OF SERBIA;06;2023;5_AD3;Administration - autonomous  province level;144939;RSD;RSD;SORS;Average gross earnings;A;Normal value
2403040104IND02;RS;REPUBLIC OF SERBIA;06;2023;5_AD4;Administration - local authorities’ level;101555;RSD;RSD;SORS;Average gross earnings;A;Normal value
2403040104IND02;RS;REPUBLIC OF SERBIA;06;2024;0;Total;132290;RSD;RSD;SORS;Average gross earnings;A;Normal value
2403040104IND02;RS;REPUBLIC OF SERBIA;06;2024;0_JP_JD_JL;Public enterprises;133281;RSD;RSD;SORS;Average gross earnings;A;Normal value
2403040104IND02;RS;REPUBLIC OF SERBIA;06;2024;0_JS;Public sector;136182;RSD;RSD;SORS;Average gross earnings;A;Normal value
2403040104IND02;RS;REPUBLIC OF SERBIA;06;2024;0_VJS;Non-public sector;130723;RSD;RSD;SORS;Average gross earnings;A;Normal value
2403040104IND02;RS;REPUBLIC OF SERBIA;06;2024;1_JD;Public state enterprises;144376;RSD;RSD;SORS;Average gross earnings;A;Normal value
2403040104IND02;RS;REPUBLIC OF SERBIA;06;2024;2_JL;Public local enterprises;118283;RSD;RSD;SORS;Average gross earnings;A;Normal value
2403040104IND02;RS;REPUBLIC OF SERBIA;06;2024;3_4_5_BK;General government;137081;RSD;RSD;SORS;Average gross earnings;A;Normal value
2403040104IND02;RS;REPUBLIC OF SERBIA;06;2024;3_ZS;Health and social work;133214;RSD;RSD;SORS;Average gross earnings;A;Normal value
2403040104IND02;RS;REPUBLIC OF SERBIA;06;2024;4_OK;Education and culture;129425;RSD;RSD;SORS;Average gross earnings;A;Normal value
2403040104IND02;RS;REPUBLIC OF SERBIA;06;2024;5_AD;Administration - all levels;147938;RSD;RSD;SORS;Average gross earnings;A;Normal value
2403040104IND02;RS;REPUBLIC OF SERBIA;06;2024;5_AD2;Administration - government  level;155252;RSD;RSD;SORS;Average gross earnings;A;Normal value
2403040104IND02;RS;REPUBLIC OF SERBIA;06;2024;5_AD3;Administration - autonomous  province level;149640;RSD;RSD;SORS;Average gross earnings;A;Normal value
2403040104IND02;RS;REPUBLIC OF SERBIA;06;2024;5_AD4;Administration - local authorities’ level;111610;RSD;RSD;SORS;Average gross earnings;A;Normal value
2403040104IND02;RS;REPUBLIC OF SERBIA;06;2025;0;Total;147947;RSD;RSD;SORS;Average gross earnings;A;Normal value
2403040104IND02;RS;REPUBLIC OF SERBIA;06;2025;0_JP_JD_JL;Public enterprises;153758;RSD;RSD;SORS;Average gross earnings;A;Normal value
2403040104IND02;RS;REPUBLIC OF SERBIA;06;2025;0_JS;Public sector;153482;RSD;RSD;SORS;Average gross earnings;A;Normal value
2403040104IND02;RS;REPUBLIC OF SERBIA;06;2025;0_VJS;Non-public sector;145738;RSD;RSD;SORS;Average gross earnings;A;Normal value
2403040104IND02;RS;REPUBLIC OF SERBIA;06;2025;1_JD;Public state enterprises;165114;RSD;RSD;SORS;Average gross earnings;A;Normal value
2403040104IND02;RS;REPUBLIC OF SERBIA;06;2025;2_JL;Public local enterprises;138468;RSD;RSD;SORS;Average gross earnings;A;Normal value
2403040104IND02;RS;REPUBLIC OF SERBIA;06;2025;3_4_5_BK;General government;153398;RSD;RSD;SORS;Average gross earnings;A;Normal value
2403040104IND02;RS;REPUBLIC OF SERBIA;06;2025;3_ZS;Health and social work;146944;RSD;RSD;SORS;Average gross earnings;A;Normal value
2403040104IND02;RS;REPUBLIC OF SERBIA;06;2025;4_OK;Education and culture;146776;RSD;RSD;SORS;Average gross earnings;A;Normal value
2403040104IND02;RS;REPUBLIC OF SERBIA;06;2025;5_AD;Administration - all levels;165987;RSD;RSD;SORS;Average gross earnings;A;Normal value
2403040104IND02;RS;REPUBLIC OF SERBIA;06;2025;5_AD2;Administration - government  level;173896;RSD;RSD;SORS;Average gross earnings;A;Normal value
2403040104IND02;RS;REPUBLIC OF SERBIA;06;2025;5_AD3;Administration - autonomous  province level;157733;RSD;RSD;SORS;Average gross earnings;A;Normal value
2403040104IND02;RS;REPUBLIC OF SERBIA;06;2025;5_AD4;Administration - local authorities’ level;127738;RSD;RSD;SORS;Average gross earnings;A;Normal value
2403040104IND02;RS;REPUBLIC OF SERBIA;07;2003;0;Total;17167;RSD;RSD;SORS;Average gross earnings;A;Normal value
2403040104IND02;RS;REPUBLIC OF SERBIA;07;2003;0_JP_JD_JL;Public enterprises;23110;RSD;RSD;SORS;Average gross earnings;A;Normal value
2403040104IND02;RS;REPUBLIC OF SERBIA;07;2003;0_JS;Public sector;21813;RSD;RSD;SORS;Average gross earnings;A;Normal value
2403040104IND02;RS;REPUBLIC OF SERBIA;07;2003;0_VJS;Non-public sector;13959;RSD;RSD;SORS;Average gross earnings;A;Normal value
2403040104IND02;RS;REPUBLIC OF SERBIA;07;2003;1_JD;Public state enterprises;23516;RSD;RSD;SORS;Average gross earnings;A;Normal value
2403040104IND02;RS;REPUBLIC OF SERBIA;07;2003;2_JL;Public local enterprises;22175;RSD;RSD;SORS;Average gross earnings;A;Normal value
2403040104IND02;RS;REPUBLIC OF SERBIA;07;2003;3_4_5_BK;General government;21079;RSD;RSD;SORS;Average gross earnings;A;Normal value
2403040104IND02;RS;REPUBLIC OF SERBIA;07;2003;3_ZS;Health and social work;18919;RSD;RSD;SORS;Average gross earnings;A;Normal value
2403040104IND02;RS;REPUBLIC OF SERBIA;07;2003;4_OK;Education and culture;21261;RSD;RSD;SORS;Average gross earnings;A;Normal value
2403040104IND02;RS;REPUBLIC OF SERBIA;07;2003;5_AD;Administration - all levels;25878;RSD;RSD;SORS;Average gross earnings;A;Normal value
2403040104IND02;RS;REPUBLIC OF SERBIA;07;2003;5_AD2;Administration - government  level;;RSD;RSD;SORS;Average gross earnings;O;Not available
2403040104IND02;RS;REPUBLIC OF SERBIA;07;2003;5_AD3;Administration - autonomous  province level;;RSD;RSD;SORS;Average gross earnings;O;Not available
2403040104IND02;RS;REPUBLIC OF SERBIA;07;2003;5_AD4;Administration - local authorities’ level;;RSD;RSD;SORS;Average gross earnings;O;Not available
2403040104IND02;RS;REPUBLIC OF SERBIA;07;2004;0;Total;21495;RSD;RSD;SORS;Average gross earnings;A;Normal value
2403040104IND02;RS;REPUBLIC OF SERBIA;07;2004;0_JP_JD_JL;Public enterprises;31198;RSD;RSD;SORS;Average gross earnings;A;Normal value
2403040104IND02;RS;REPUBLIC OF SERBIA;07;2004;0_JS;Public sector;27058;RSD;RSD;SORS;Average gross earnings;A;Normal value
2403040104IND02;RS;REPUBLIC OF SERBIA;07;2004;0_VJS;Non-public sector;17270;RSD;RSD;SORS;Average gross earnings;A;Normal value
2403040104IND02;RS;REPUBLIC OF SERBIA;07;2004;1_JD;Public state enterprises;32769;RSD;RSD;SORS;Average gross earnings;A;Normal value
2403040104IND02;RS;REPUBLIC OF SERBIA;07;2004;2_JL;Public local enterprises;27752;RSD;RSD;SORS;Average gross earnings;A;Normal value
2403040104IND02;RS;REPUBLIC OF SERBIA;07;2004;3_4_5_BK;General government;24766;RSD;RSD;SORS;Average gross earnings;A;Normal value
2403040104IND02;RS;REPUBLIC OF SERBIA;07;2004;3_ZS;Health and social work;24045;RSD;RSD;SORS;Average gross earnings;A;Normal value
2403040104IND02;RS;REPUBLIC OF SERBIA;07;2004;4_OK;Education and culture;23429;RSD;RSD;SORS;Average gross earnings;A;Normal value
2403040104IND02;RS;REPUBLIC OF SERBIA;07;2004;5_AD;Administration - all levels;28904;RSD;RSD;SORS;Average gross earnings;A;Normal value
2403040104IND02;RS;REPUBLIC OF SERBIA;07;2004;5_AD2;Administration - government  level;;RSD;RSD;SORS;Average gross earnings;O;Not available
2403040104IND02;RS;REPUBLIC OF SERBIA;07;2004;5_AD3;Administration - autonomous  province level;;RSD;RSD;SORS;Average gross earnings;O;Not available
2403040104IND02;RS;REPUBLIC OF SERBIA;07;2004;5_AD4;Administration - local authorities’ level;;RSD;RSD;SORS;Average gross earnings;O;Not available
2403040104IND02;RS;REPUBLIC OF SERBIA;07;2005;0;Total;25769;RSD;RSD;SORS;Average gross earnings;A;Normal value
2403040104IND02;RS;REPUBLIC OF SERBIA;07;2005;0_JP_JD_JL;Public enterprises;33388;RSD;RSD;SORS;Average gross earnings;A;Normal value
2403040104IND02;RS;REPUBLIC OF SERBIA;07;2005;0_JS;Public sector;30575;RSD;RSD;SORS;Average gross earnings;A;Normal value
2403040104IND02;RS;REPUBLIC OF SERBIA;07;2005;0_VJS;Non-public sector;21698;RSD;RSD;SORS;Average gross earnings;A;Normal value
2403040104IND02;RS;REPUBLIC OF SERBIA;07;2005;1_JD;Public state enterprises;33526;RSD;RSD;SORS;Average gross earnings;A;Normal value
2403040104IND02;RS;REPUBLIC OF SERBIA;07;2005;2_JL;Public local enterprises;33130;RSD;RSD;SORS;Average gross earnings;A;Normal value
2403040104IND02;RS;REPUBLIC OF SERBIA;07;2005;3_4_5_BK;General government;29075;RSD;RSD;SORS;Average gross earnings;A;Normal value
2403040104IND02;RS;REPUBLIC OF SERBIA;07;2005;3_ZS;Health and social work;27015;RSD;RSD;SORS;Average gross earnings;A;Normal value
2403040104IND02;RS;REPUBLIC OF SERBIA;07;2005;4_OK;Education and culture;29274;RSD;RSD;SORS;Average gross earnings;A;Normal value
2403040104IND02;RS;REPUBLIC OF SERBIA;07;2005;5_AD;Administration - all levels;33500;RSD;RSD;SORS;Average gross earnings;A;Normal value
2403040104IND02;RS;REPUBLIC OF SERBIA;07;2005;5_AD2;Administration - government  level;;RSD;RSD;SORS;Average gross earnings;O;Not available
2403040104IND02;RS;REPUBLIC OF SERBIA;07;2005;5_AD3;Administration - autonomous  province level;;RSD;RSD;SORS;Average gross earnings;O;Not available
2403040104IND02;RS;REPUBLIC OF SERBIA;07;2005;5_AD4;Administration - local authorities’ level;;RSD;RSD;SORS;Average gross earnings;O;Not available
2403040104IND02;RS;REPUBLIC OF SERBIA;07;2006;0;Total;31738;RSD;RSD;SORS;Average gross earnings;A;Normal value
2403040104IND02;RS;REPUBLIC OF SERBIA;07;2006;0_JP_JD_JL;Public enterprises;40455;RSD;RSD;SORS;Average gross earnings;A;Normal value
2403040104IND02;RS;REPUBLIC OF SERBIA;07;2006;0_JS;Public sector;36085;RSD;RSD;SORS;Average gross earnings;A;Normal value
2403040104IND02;RS;REPUBLIC OF SERBIA;07;2006;0_VJS;Non-public sector;27907;RSD;RSD;SORS;Average gross earnings;A;Normal value
2403040104IND02;RS;REPUBLIC OF SERBIA;07;2006;1_JD;Public state enterprises;41794;RSD;RSD;SORS;Average gross earnings;A;Normal value
2403040104IND02;RS;REPUBLIC OF SERBIA;07;2006;2_JL;Public local enterprises;38183;RSD;RSD;SORS;Average gross earnings;A;Normal value
2403040104IND02;RS;REPUBLIC OF SERBIA;07;2006;3_4_5_BK;General government;33835;RSD;RSD;SORS;Average gross earnings;A;Normal value
2403040104IND02;RS;REPUBLIC OF SERBIA;07;2006;3_ZS;Health and social work;31292;RSD;RSD;SORS;Average gross earnings;A;Normal value
2403040104IND02;RS;REPUBLIC OF SERBIA;07;2006;4_OK;Education and culture;33617;RSD;RSD;SORS;Average gross earnings;A;Normal value
2403040104IND02;RS;REPUBLIC OF SERBIA;07;2006;5_AD;Administration - all levels;40274;RSD;RSD;SORS;Average gross earnings;A;Normal value
2403040104IND02;RS;REPUBLIC OF SERBIA;07;2006;5_AD2;Administration - government  level;;RSD;RSD;SORS;Average gross earnings;O;Not available
2403040104IND02;RS;REPUBLIC OF SERBIA;07;2006;5_AD3;Administration - autonomous  province level;;RSD;RSD;SORS;Average gross earnings;O;Not available
2403040104IND02;RS;REPUBLIC OF SERBIA;07;2006;5_AD4;Administration - local authorities’ level;;RSD;RSD;SORS;Average gross earnings;O;Not available
2403040104IND02;RS;REPUBLIC OF SERBIA;07;2007;0;Total;38712;RSD;RSD;SORS;Average gross earnings;A;Normal value
2403040104IND02;RS;REPUBLIC OF SERBIA;07;2007;0_JP_JD_JL;Public enterprises;46524;RSD;RSD;SORS;Average gross earnings;A;Normal value
2403040104IND02;RS;REPUBLIC OF SERBIA;07;2007;0_JS;Public sector;44644;RSD;RSD;SORS;Average gross earnings;A;Normal value
2403040104IND02;RS;REPUBLIC OF SERBIA;07;2007;0_VJS;Non-public sector;32966;RSD;RSD;SORS;Average gross earnings;A;Normal value
2403040104IND02;RS;REPUBLIC OF SERBIA;07;2007;1_JD;Public state enterprises;49421;RSD;RSD;SORS;Average gross earnings;A;Normal value
2403040104IND02;RS;REPUBLIC OF SERBIA;07;2007;2_JL;Public local enterprises;41606;RSD;RSD;SORS;Average gross earnings;A;Normal value
2403040104IND02;RS;REPUBLIC OF SERBIA;07;2007;3_4_5_BK;General government;43701;RSD;RSD;SORS;Average gross earnings;A;Normal value
2403040104IND02;RS;REPUBLIC OF SERBIA;07;2007;3_ZS;Health and social work;43125;RSD;RSD;SORS;Average gross earnings;A;Normal value
2403040104IND02;RS;REPUBLIC OF SERBIA;07;2007;4_OK;Education and culture;41469;RSD;RSD;SORS;Average gross earnings;A;Normal value
2403040104IND02;RS;REPUBLIC OF SERBIA;07;2007;5_AD;Administration - all levels;49644;RSD;RSD;SORS;Average gross earnings;A;Normal value
2403040104IND02;RS;REPUBLIC OF SERBIA;07;2007;5_AD2;Administration - government  level;;RSD;RSD;SORS;Average gross earnings;O;Not available
2403040104IND02;RS;REPUBLIC OF SERBIA;07;2007;5_AD3;Administration - autonomous  province level;;RSD;RSD;SORS;Average gross earnings;O;Not available
2403040104IND02;RS;REPUBLIC OF SERBIA;07;2007;5_AD4;Administration - local authorities’ level;;RSD;RSD;SORS;Average gross earnings;O;Not available
2403040104IND02;RS;REPUBLIC OF SERBIA;07;2008;0;Total;46115;RSD;RSD;SORS;Average gross earnings;A;Normal value
2403040104IND02;RS;REPUBLIC OF SERBIA;07;2008;0_JP_JD_JL;Public enterprises;55848;RSD;RSD;SORS;Average gross earnings;A;Normal value
2403040104IND02;RS;REPUBLIC OF SERBIA;07;2008;0_JS;Public sector;52643;RSD;RSD;SORS;Average gross earnings;A;Normal value
2403040104IND02;RS;REPUBLIC OF SERBIA;07;2008;0_VJS;Non-public sector;39205;RSD;RSD;SORS;Average gross earnings;A;Normal value
2403040104IND02;RS;REPUBLIC OF SERBIA;07;2008;1_JD;Public state enterprises;59169;RSD;RSD;SORS;Average gross earnings;A;Normal value
2403040104IND02;RS;REPUBLIC OF SERBIA;07;2008;2_JL;Public local enterprises;50184;RSD;RSD;SORS;Average gross earnings;A;Normal value
2403040104IND02;RS;REPUBLIC OF SERBIA;07;2008;3_4_5_BK;General government;51085;RSD;RSD;SORS;Average gross earnings;A;Normal value
2403040104IND02;RS;REPUBLIC OF SERBIA;07;2008;3_ZS;Health and social work;49345;RSD;RSD;SORS;Average gross earnings;A;Normal value
2403040104IND02;RS;REPUBLIC OF SERBIA;07;2008;4_OK;Education and culture;49786;RSD;RSD;SORS;Average gross earnings;A;Normal value
2403040104IND02;RS;REPUBLIC OF SERBIA;07;2008;5_AD;Administration - all levels;57800;RSD;RSD;SORS;Average gross earnings;A;Normal value
2403040104IND02;RS;REPUBLIC OF SERBIA;07;2008;5_AD2;Administration - government  level;;RSD;RSD;SORS;Average gross earnings;O;Not available
2403040104IND02;RS;REPUBLIC OF SERBIA;07;2008;5_AD3;Administration - autonomous  province level;;RSD;RSD;SORS;Average gross earnings;O;Not available
2403040104IND02;RS;REPUBLIC OF SERBIA;07;2008;5_AD4;Administration - local authorities’ level;;RSD;RSD;SORS;Average gross earnings;O;Not available
2403040104IND02;RS;REPUBLIC OF SERBIA;07;2009;0;Total;45307;RSD;RSD;SORS;Average gross earnings;A;Normal value
2403040104IND02;RS;REPUBLIC OF SERBIA;07;2009;0_JP_JD_JL;Public enterprises;59565;RSD;RSD;SORS;Average gross earnings;A;Normal value
2403040104IND02;RS;REPUBLIC OF SERBIA;07;2009;0_JS;Public sector;55146;RSD;RSD;SORS;Average gross earnings;A;Normal value
2403040104IND02;RS;REPUBLIC OF SERBIA;07;2009;0_VJS;Non-public sector;37359;RSD;RSD;SORS;Average gross earnings;A;Normal value
2403040104IND02;RS;REPUBLIC OF SERBIA;07;2009;1_JD;Public state enterprises;64253;RSD;RSD;SORS;Average gross earnings;A;Normal value
2403040104IND02;RS;REPUBLIC OF SERBIA;07;2009;2_JL;Public local enterprises;52320;RSD;RSD;SORS;Average gross earnings;A;Normal value
2403040104IND02;RS;REPUBLIC OF SERBIA;07;2009;3_4_5_BK;General government;53186;RSD;RSD;SORS;Average gross earnings;A;Normal value
2403040104IND02;RS;REPUBLIC OF SERBIA;07;2009;3_ZS;Health and social work;51729;RSD;RSD;SORS;Average gross earnings;A;Normal value
2403040104IND02;RS;REPUBLIC OF SERBIA;07;2009;4_OK;Education and culture;51479;RSD;RSD;SORS;Average gross earnings;A;Normal value
2403040104IND02;RS;REPUBLIC OF SERBIA;07;2009;5_AD;Administration - all levels;59748;RSD;RSD;SORS;Average gross earnings;A;Normal value
2403040104IND02;RS;REPUBLIC OF SERBIA;07;2009;5_AD2;Administration - government  level;;RSD;RSD;SORS;Average gross earnings;O;Not available
2403040104IND02;RS;REPUBLIC OF SERBIA;07;2009;5_AD3;Administration - autonomous  province level;;RSD;RSD;SORS;Average gross earnings;O;Not available
2403040104IND02;RS;REPUBLIC OF SERBIA;07;2009;5_AD4;Administration - local authorities’ level;;RSD;RSD;SORS;Average gross earnings;O;Not available
2403040104IND02;RS;REPUBLIC OF SERBIA;07;2010;0;Total;48394;RSD;RSD;SORS;Average gross earnings;A;Normal value
2403040104IND02;RS;REPUBLIC OF SERBIA;07;2010;0_JP_JD_JL;Public enterprises;58652;RSD;RSD;SORS;Average gross earnings;A;Normal value
2403040104IND02;RS;REPUBLIC OF SERBIA;07;2010;0_JS;Public sector;55314;RSD;RSD;SORS;Average gross earnings;A;Normal value
2403040104IND02;RS;REPUBLIC OF SERBIA;07;2010;0_VJS;Non-public sector;42290;RSD;RSD;SORS;Average gross earnings;A;Normal value
2403040104IND02;RS;REPUBLIC OF SERBIA;07;2010;1_JD;Public state enterprises;60991;RSD;RSD;SORS;Average gross earnings;A;Normal value
2403040104IND02;RS;REPUBLIC OF SERBIA;07;2010;2_JL;Public local enterprises;55065;RSD;RSD;SORS;Average gross earnings;A;Normal value
2403040104IND02;RS;REPUBLIC OF SERBIA;07;2010;3_4_5_BK;General government;53867;RSD;RSD;SORS;Average gross earnings;A;Normal value
2403040104IND02;RS;REPUBLIC OF SERBIA;07;2010;3_ZS;Health and social work;52065;RSD;RSD;SORS;Average gross earnings;A;Normal value
2403040104IND02;RS;REPUBLIC OF SERBIA;07;2010;4_OK;Education and culture;51976;RSD;RSD;SORS;Average gross earnings;A;Normal value
2403040104IND02;RS;REPUBLIC OF SERBIA;07;2010;5_AD;Administration - all levels;61657;RSD;RSD;SORS;Average gross earnings;A;Normal value
2403040104IND02;RS;REPUBLIC OF SERBIA;07;2010;5_AD2;Administration - government  level;;RSD;RSD;SORS;Average gross earnings;O;Not available
2403040104IND02;RS;REPUBLIC OF SERBIA;07;2010;5_AD3;Administration - autonomous  province level;;RSD;RSD;SORS;Average gross earnings;O;Not available
2403040104IND02;RS;REPUBLIC OF SERBIA;07;2010;5_AD4;Administration - local authorities’ level;;RSD;RSD;SORS;Average gross earnings;O;Not available
2403040104IND02;RS;REPUBLIC OF SERBIA;07;2011;0;Total;54164;RSD;RSD;SORS;Average gross earnings;A;Normal value
2403040104IND02;RS;REPUBLIC OF SERBIA;07;2011;0_JP_JD_JL;Public enterprises;67194;RSD;RSD;SORS;Average gross earnings;A;Normal value
2403040104IND02;RS;REPUBLIC OF SERBIA;07;2011;0_JS;Public sector;61031;RSD;RSD;SORS;Average gross earnings;A;Normal value
2403040104IND02;RS;REPUBLIC OF SERBIA;07;2011;0_VJS;Non-public sector;48001;RSD;RSD;SORS;Average gross earnings;A;Normal value
2403040104IND02;RS;REPUBLIC OF SERBIA;07;2011;1_JD;Public state enterprises;73777;RSD;RSD;SORS;Average gross earnings;A;Normal value
2403040104IND02;RS;REPUBLIC OF SERBIA;07;2011;2_JL;Public local enterprises;57527;RSD;RSD;SORS;Average gross earnings;A;Normal value
2403040104IND02;RS;REPUBLIC OF SERBIA;07;2011;3_4_5_BK;General government;58373;RSD;RSD;SORS;Average gross earnings;A;Normal value
2403040104IND02;RS;REPUBLIC OF SERBIA;07;2011;3_ZS;Health and social work;55872;RSD;RSD;SORS;Average gross earnings;A;Normal value
2403040104IND02;RS;REPUBLIC OF SERBIA;07;2011;4_OK;Education and culture;56284;RSD;RSD;SORS;Average gross earnings;A;Normal value
2403040104IND02;RS;REPUBLIC OF SERBIA;07;2011;5_AD;Administration - all levels;68287;RSD;RSD;SORS;Average gross earnings;A;Normal value
2403040104IND02;RS;REPUBLIC OF SERBIA;07;2011;5_AD2;Administration - government  level;;RSD;RSD;SORS;Average gross earnings;O;Not available
2403040104IND02;RS;REPUBLIC OF SERBIA;07;2011;5_AD3;Administration - autonomous  province level;;RSD;RSD;SORS;Average gross earnings;O;Not available
2403040104IND02;RS;REPUBLIC OF SERBIA;07;2011;5_AD4;Administration - local authorities’ level;;RSD;RSD;SORS;Average gross earnings;O;Not available
2403040104IND02;RS;REPUBLIC OF SERBIA;07;2012;0;Total;57240;RSD;RSD;SORS;Average gross earnings;A;Normal value
2403040104IND02;RS;REPUBLIC OF SERBIA;07;2012;0_JP_JD_JL;Public enterprises;70072;RSD;RSD;SORS;Average gross earnings;A;Normal value
2403040104IND02;RS;REPUBLIC OF SERBIA;07;2012;0_JS;Public sector;64120;RSD;RSD;SORS;Average gross earnings;A;Normal value
2403040104IND02;RS;REPUBLIC OF SERBIA;07;2012;0_VJS;Non-public sector;50856;RSD;RSD;SORS;Average gross earnings;A;Normal value
2403040104IND02;RS;REPUBLIC OF SERBIA;07;2012;1_JD;Public state enterprises;77588;RSD;RSD;SORS;Average gross earnings;A;Normal value
2403040104IND02;RS;REPUBLIC OF SERBIA;07;2012;2_JL;Public local enterprises;59118;RSD;RSD;SORS;Average gross earnings;A;Normal value
2403040104IND02;RS;REPUBLIC OF SERBIA;07;2012;3_4_5_BK;General government;61535;RSD;RSD;SORS;Average gross earnings;A;Normal value
2403040104IND02;RS;REPUBLIC OF SERBIA;07;2012;3_ZS;Health and social work;58906;RSD;RSD;SORS;Average gross earnings;A;Normal value
2403040104IND02;RS;REPUBLIC OF SERBIA;07;2012;4_OK;Education and culture;58677;RSD;RSD;SORS;Average gross earnings;A;Normal value
2403040104IND02;RS;REPUBLIC OF SERBIA;07;2012;5_AD;Administration - all levels;72831;RSD;RSD;SORS;Average gross earnings;A;Normal value
2403040104IND02;RS;REPUBLIC OF SERBIA;07;2012;5_AD2;Administration - government  level;;RSD;RSD;SORS;Average gross earnings;O;Not available
2403040104IND02;RS;REPUBLIC OF SERBIA;07;2012;5_AD3;Administration - autonomous  province level;;RSD;RSD;SORS;Average gross earnings;O;Not available
2403040104IND02;RS;REPUBLIC OF SERBIA;07;2012;5_AD4;Administration - local authorities’ level;;RSD;RSD;SORS;Average gross earnings;O;Not available
2403040104IND02;RS;REPUBLIC OF SERBIA;07;2013;0;Total;60896;RSD;RSD;SORS;Average gross earnings;A;Normal value
2403040104IND02;RS;REPUBLIC OF SERBIA;07;2013;0_JP_JD_JL;Public enterprises;75349;RSD;RSD;SORS;Average gross earnings;A;Normal value
2403040104IND02;RS;REPUBLIC OF SERBIA;07;2013;0_JS;Public sector;68025;RSD;RSD;SORS;Average gross earnings;A;Normal value
2403040104IND02;RS;REPUBLIC OF SERBIA;07;2013;0_VJS;Non-public sector;53815;RSD;RSD;SORS;Average gross earnings;A;Normal value
2403040104IND02;RS;REPUBLIC OF SERBIA;07;2013;1_JD;Public state enterprises;85467;RSD;RSD;SORS;Average gross earnings;A;Normal value
2403040104IND02;RS;REPUBLIC OF SERBIA;07;2013;2_JL;Public local enterprises;60773;RSD;RSD;SORS;Average gross earnings;A;Normal value
2403040104IND02;RS;REPUBLIC OF SERBIA;07;2013;3_4_5_BK;General government;64838;RSD;RSD;SORS;Average gross earnings;A;Normal value
2403040104IND02;RS;REPUBLIC OF SERBIA;07;2013;3_ZS;Health and social work;61239;RSD;RSD;SORS;Average gross earnings;A;Normal value
2403040104IND02;RS;REPUBLIC OF SERBIA;07;2013;4_OK;Education and culture;61446;RSD;RSD;SORS;Average gross earnings;A;Normal value
2403040104IND02;RS;REPUBLIC OF SERBIA;07;2013;5_AD;Administration - all levels;78969;RSD;RSD;SORS;Average gross earnings;A;Normal value
2403040104IND02;RS;REPUBLIC OF SERBIA;07;2013;5_AD2;Administration - government  level;;RSD;RSD;SORS;Average gross earnings;O;Not available
2403040104IND02;RS;REPUBLIC OF SERBIA;07;2013;5_AD3;Administration - autonomous  province level;;RSD;RSD;SORS;Average gross earnings;O;Not available
2403040104IND02;RS;REPUBLIC OF SERBIA;07;2013;5_AD4;Administration - local authorities’ level;;RSD;RSD;SORS;Average gross earnings;O;Not available
2403040104IND02;RS;REPUBLIC OF SERBIA;07;2014;0;Total;62380;RSD;RSD;SORS;Average gross earnings;A;Normal value
2403040104IND02;RS;REPUBLIC OF SERBIA;07;2014;0_JP_JD_JL;Public enterprises;74147;RSD;RSD;SORS;Average gross earnings;A;Normal value
2403040104IND02;RS;REPUBLIC OF SERBIA;07;2014;0_JS;Public sector;68175;RSD;RSD;SORS;Average gross earnings;A;Normal value
2403040104IND02;RS;REPUBLIC OF SERBIA;07;2014;0_VJS;Non-public sector;56805;RSD;RSD;SORS;Average gross earnings;A;Normal value
2403040104IND02;RS;REPUBLIC OF SERBIA;07;2014;1_JD;Public state enterprises;82091;RSD;RSD;SORS;Average gross earnings;A;Normal value
2403040104IND02;RS;REPUBLIC OF SERBIA;07;2014;2_JL;Public local enterprises;62645;RSD;RSD;SORS;Average gross earnings;A;Normal value
2403040104IND02;RS;REPUBLIC OF SERBIA;07;2014;3_4_5_BK;General government;65607;RSD;RSD;SORS;Average gross earnings;A;Normal value
2403040104IND02;RS;REPUBLIC OF SERBIA;07;2014;3_ZS;Health and social work;62323;RSD;RSD;SORS;Average gross earnings;A;Normal value
2403040104IND02;RS;REPUBLIC OF SERBIA;07;2014;4_OK;Education and culture;62276;RSD;RSD;SORS;Average gross earnings;A;Normal value
2403040104IND02;RS;REPUBLIC OF SERBIA;07;2014;5_AD;Administration - all levels;79158;RSD;RSD;SORS;Average gross earnings;A;Normal value
2403040104IND02;RS;REPUBLIC OF SERBIA;07;2014;5_AD2;Administration - government  level;;RSD;RSD;SORS;Average gross earnings;O;Not available
2403040104IND02;RS;REPUBLIC OF SERBIA;07;2014;5_AD3;Administration - autonomous  province level;;RSD;RSD;SORS;Average gross earnings;O;Not available
2403040104IND02;RS;REPUBLIC OF SERBIA;07;2014;5_AD4;Administration - local authorities’ level;;RSD;RSD;SORS;Average gross earnings;O;Not available
2403040104IND02;RS;REPUBLIC OF SERBIA;07;2015;0;Total;62687;RSD;RSD;SORS;Average gross earnings;A;Normal value
2403040104IND02;RS;REPUBLIC OF SERBIA;07;2015;0_JP_JD_JL;Public enterprises;78226;RSD;RSD;SORS;Average gross earnings;A;Normal value
2403040104IND02;RS;REPUBLIC OF SERBIA;07;2015;0_JS;Public sector;65363;RSD;RSD;SORS;Average gross earnings;A;Normal value
2403040104IND02;RS;REPUBLIC OF SERBIA;07;2015;0_VJS;Non-public sector;60194;RSD;RSD;SORS;Average gross earnings;A;Normal value
2403040104IND02;RS;REPUBLIC OF SERBIA;07;2015;1_JD;Public state enterprises;89683;RSD;RSD;SORS;Average gross earnings;A;Normal value
2403040104IND02;RS;REPUBLIC OF SERBIA;07;2015;2_JL;Public local enterprises;62415;RSD;RSD;SORS;Average gross earnings;A;Normal value
2403040104IND02;RS;REPUBLIC OF SERBIA;07;2015;3_4_5_BK;General government;59649;RSD;RSD;SORS;Average gross earnings;A;Normal value
2403040104IND02;RS;REPUBLIC OF SERBIA;07;2015;3_ZS;Health and social work;57095;RSD;RSD;SORS;Average gross earnings;A;Normal value
2403040104IND02;RS;REPUBLIC OF SERBIA;07;2015;4_OK;Education and culture;57550;RSD;RSD;SORS;Average gross earnings;A;Normal value
2403040104IND02;RS;REPUBLIC OF SERBIA;07;2015;5_AD;Administration - all levels;69270;RSD;RSD;SORS;Average gross earnings;A;Normal value
2403040104IND02;RS;REPUBLIC OF SERBIA;07;2015;5_AD2;Administration - government  level;;RSD;RSD;SORS;Average gross earnings;O;Not available
2403040104IND02;RS;REPUBLIC OF SERBIA;07;2015;5_AD3;Administration - autonomous  province level;;RSD;RSD;SORS;Average gross earnings;O;Not available
2403040104IND02;RS;REPUBLIC OF SERBIA;07;2015;5_AD4;Administration - local authorities’ level;;RSD;RSD;SORS;Average gross earnings;O;Not available
2403040104IND02;RS;REPUBLIC OF SERBIA;07;2016;0;Total;63699;RSD;RSD;SORS;Average gross earnings;A;Normal value
2403040104IND02;RS;REPUBLIC OF SERBIA;07;2016;0_JP_JD_JL;Public enterprises;78160;RSD;RSD;SORS;Average gross earnings;A;Normal value
2403040104IND02;RS;REPUBLIC OF SERBIA;07;2016;0_JS;Public sector;66099;RSD;RSD;SORS;Average gross earnings;A;Normal value
2403040104IND02;RS;REPUBLIC OF SERBIA;07;2016;0_VJS;Non-public sector;61548;RSD;RSD;SORS;Average gross earnings;A;Normal value
2403040104IND02;RS;REPUBLIC OF SERBIA;07;2016;1_JD;Public state enterprises;89023;RSD;RSD;SORS;Average gross earnings;A;Normal value
2403040104IND02;RS;REPUBLIC OF SERBIA;07;2016;2_JL;Public local enterprises;62891;RSD;RSD;SORS;Average gross earnings;A;Normal value
2403040104IND02;RS;REPUBLIC OF SERBIA;07;2016;3_4_5_BK;General government;60803;RSD;RSD;SORS;Average gross earnings;A;Normal value
2403040104IND02;RS;REPUBLIC OF SERBIA;07;2016;3_ZS;Health and social work;58017;RSD;RSD;SORS;Average gross earnings;A;Normal value
2403040104IND02;RS;REPUBLIC OF SERBIA;07;2016;4_OK;Education and culture;58386;RSD;RSD;SORS;Average gross earnings;A;Normal value
2403040104IND02;RS;REPUBLIC OF SERBIA;07;2016;5_AD;Administration - all levels;71535;RSD;RSD;SORS;Average gross earnings;A;Normal value
2403040104IND02;RS;REPUBLIC OF SERBIA;07;2016;5_AD2;Administration - government  level;;RSD;RSD;SORS;Average gross earnings;O;Not available
2403040104IND02;RS;REPUBLIC OF SERBIA;07;2016;5_AD3;Administration - autonomous  province level;;RSD;RSD;SORS;Average gross earnings;O;Not available
2403040104IND02;RS;REPUBLIC OF SERBIA;07;2016;5_AD4;Administration - local authorities’ level;;RSD;RSD;SORS;Average gross earnings;O;Not available
2403040104IND02;RS;REPUBLIC OF SERBIA;07;2017;0;Total;66251;RSD;RSD;SORS;Average gross earnings;A;Normal value
2403040104IND02;RS;REPUBLIC OF SERBIA;07;2017;0_JP_JD_JL;Public enterprises;79767;RSD;RSD;SORS;Average gross earnings;A;Normal value
2403040104IND02;RS;REPUBLIC OF SERBIA;07;2017;0_JS;Public sector;67952;RSD;RSD;SORS;Average gross earnings;A;Normal value
2403040104IND02;RS;REPUBLIC OF SERBIA;07;2017;0_VJS;Non-public sector;64758;RSD;RSD;SORS;Average gross earnings;A;Normal value
2403040104IND02;RS;REPUBLIC OF SERBIA;07;2017;1_JD;Public state enterprises;92721;RSD;RSD;SORS;Average gross earnings;A;Normal value
2403040104IND02;RS;REPUBLIC OF SERBIA;07;2017;2_JL;Public local enterprises;62042;RSD;RSD;SORS;Average gross earnings;A;Normal value
2403040104IND02;RS;REPUBLIC OF SERBIA;07;2017;3_4_5_BK;General government;62944;RSD;RSD;SORS;Average gross earnings;A;Normal value
2403040104IND02;RS;REPUBLIC OF SERBIA;07;2017;3_ZS;Health and social work;60421;RSD;RSD;SORS;Average gross earnings;A;Normal value
2403040104IND02;RS;REPUBLIC OF SERBIA;07;2017;4_OK;Education and culture;61103;RSD;RSD;SORS;Average gross earnings;A;Normal value
2403040104IND02;RS;REPUBLIC OF SERBIA;07;2017;5_AD;Administration - all levels;71861;RSD;RSD;SORS;Average gross earnings;A;Normal value
2403040104IND02;RS;REPUBLIC OF SERBIA;07;2017;5_AD2;Administration - government  level;;RSD;RSD;SORS;Average gross earnings;O;Not available
2403040104IND02;RS;REPUBLIC OF SERBIA;07;2017;5_AD3;Administration - autonomous  province level;;RSD;RSD;SORS;Average gross earnings;O;Not available
2403040104IND02;RS;REPUBLIC OF SERBIA;07;2017;5_AD4;Administration - local authorities’ level;;RSD;RSD;SORS;Average gross earnings;O;Not available
2403040104IND02;RS;REPUBLIC OF SERBIA;07;2018;0;Total;68029;RSD;RSD;SORS;Average gross earnings;A;Normal value
2403040104IND02;RS;REPUBLIC OF SERBIA;07;2018;0_JP_JD_JL;Public enterprises;81860;RSD;RSD;SORS;Average gross earnings;A;Normal value
2403040104IND02;RS;REPUBLIC OF SERBIA;07;2018;0_JS;Public sector;76183;RSD;RSD;SORS;Average gross earnings;A;Normal value
2403040104IND02;RS;REPUBLIC OF SERBIA;07;2018;0_VJS;Non-public sector;64012;RSD;RSD;SORS;Average gross earnings;A;Normal value
2403040104IND02;RS;REPUBLIC OF SERBIA;07;2018;1_JD;Public state enterprises;93173;RSD;RSD;SORS;Average gross earnings;A;Normal value
2403040104IND02;RS;REPUBLIC OF SERBIA;07;2018;2_JL;Public local enterprises;65326;RSD;RSD;SORS;Average gross earnings;A;Normal value
2403040104IND02;RS;REPUBLIC OF SERBIA;07;2018;3_4_5_BK;General government;74284;RSD;RSD;SORS;Average gross earnings;A;Normal value
2403040104IND02;RS;REPUBLIC OF SERBIA;07;2018;3_ZS;Health and social work;69066;RSD;RSD;SORS;Average gross earnings;A;Normal value
2403040104IND02;RS;REPUBLIC OF SERBIA;07;2018;4_OK;Education and culture;72352;RSD;RSD;SORS;Average gross earnings;A;Normal value
2403040104IND02;RS;REPUBLIC OF SERBIA;07;2018;5_AD;Administration - all levels;80775;RSD;RSD;SORS;Average gross earnings;A;Normal value
2403040104IND02;RS;REPUBLIC OF SERBIA;07;2018;5_AD2;Administration - government  level;84056;RSD;RSD;SORS;Average gross earnings;A;Normal value
2403040104IND02;RS;REPUBLIC OF SERBIA;07;2018;5_AD3;Administration - autonomous  province level;85557;RSD;RSD;SORS;Average gross earnings;A;Normal value
2403040104IND02;RS;REPUBLIC OF SERBIA;07;2018;5_AD4;Administration - local authorities’ level;64834;RSD;RSD;SORS;Average gross earnings;A;Normal value
2403040104IND02;RS;REPUBLIC OF SERBIA;07;2019;0;Total;76056;RSD;RSD;SORS;Average gross earnings;A;Normal value
2403040104IND02;RS;REPUBLIC OF SERBIA;07;2019;0_JP_JD_JL;Public enterprises;95741;RSD;RSD;SORS;Average gross earnings;A;Normal value
2403040104IND02;RS;REPUBLIC OF SERBIA;07;2019;0_JS;Public sector;85632;RSD;RSD;SORS;Average gross earnings;A;Normal value
2403040104IND02;RS;REPUBLIC OF SERBIA;07;2019;0_VJS;Non-public sector;71647;RSD;RSD;SORS;Average gross earnings;A;Normal value
2403040104IND02;RS;REPUBLIC OF SERBIA;07;2019;1_JD;Public state enterprises;112882;RSD;RSD;SORS;Average gross earnings;A;Normal value
2403040104IND02;RS;REPUBLIC OF SERBIA;07;2019;2_JL;Public local enterprises;72372;RSD;RSD;SORS;Average gross earnings;A;Normal value
2403040104IND02;RS;REPUBLIC OF SERBIA;07;2019;3_4_5_BK;General government;82352;RSD;RSD;SORS;Average gross earnings;A;Normal value
2403040104IND02;RS;REPUBLIC OF SERBIA;07;2019;3_ZS;Health and social work;76840;RSD;RSD;SORS;Average gross earnings;A;Normal value
2403040104IND02;RS;REPUBLIC OF SERBIA;07;2019;4_OK;Education and culture;80863;RSD;RSD;SORS;Average gross earnings;A;Normal value
2403040104IND02;RS;REPUBLIC OF SERBIA;07;2019;5_AD;Administration - all levels;88715;RSD;RSD;SORS;Average gross earnings;A;Normal value
2403040104IND02;RS;REPUBLIC OF SERBIA;07;2019;5_AD2;Administration - government  level;92158;RSD;RSD;SORS;Average gross earnings;A;Normal value
2403040104IND02;RS;REPUBLIC OF SERBIA;07;2019;5_AD3;Administration - autonomous  province level;94460;RSD;RSD;SORS;Average gross earnings;A;Normal value
2403040104IND02;RS;REPUBLIC OF SERBIA;07;2019;5_AD4;Administration - local authorities’ level;71681;RSD;RSD;SORS;Average gross earnings;A;Normal value
2403040104IND02;RS;REPUBLIC OF SERBIA;07;2020;0;Total;83016;RSD;RSD;SORS;Average gross earnings;A;Normal value
2403040104IND02;RS;REPUBLIC OF SERBIA;07;2020;0_JP_JD_JL;Public enterprises;100388;RSD;RSD;SORS;Average gross earnings;A;Normal value
2403040104IND02;RS;REPUBLIC OF SERBIA;07;2020;0_JS;Public sector;94897;RSD;RSD;SORS;Average gross earnings;A;Normal value
2403040104IND02;RS;REPUBLIC OF SERBIA;07;2020;0_VJS;Non-public sector;77846;RSD;RSD;SORS;Average gross earnings;A;Normal value
2403040104IND02;RS;REPUBLIC OF SERBIA;07;2020;1_JD;Public state enterprises;113199;RSD;RSD;SORS;Average gross earnings;A;Normal value
2403040104IND02;RS;REPUBLIC OF SERBIA;07;2020;2_JL;Public local enterprises;82898;RSD;RSD;SORS;Average gross earnings;A;Normal value
2403040104IND02;RS;REPUBLIC OF SERBIA;07;2020;3_4_5_BK;General government;93122;RSD;RSD;SORS;Average gross earnings;A;Normal value
2403040104IND02;RS;REPUBLIC OF SERBIA;07;2020;3_ZS;Health and social work;92363;RSD;RSD;SORS;Average gross earnings;A;Normal value
2403040104IND02;RS;REPUBLIC OF SERBIA;07;2020;4_OK;Education and culture;89067;RSD;RSD;SORS;Average gross earnings;A;Normal value
2403040104IND02;RS;REPUBLIC OF SERBIA;07;2020;5_AD;Administration - all levels;97498;RSD;RSD;SORS;Average gross earnings;A;Normal value
2403040104IND02;RS;REPUBLIC OF SERBIA;07;2020;5_AD2;Administration - government  level;101382;RSD;RSD;SORS;Average gross earnings;A;Normal value
2403040104IND02;RS;REPUBLIC OF SERBIA;07;2020;5_AD3;Administration - autonomous  province level;105059;RSD;RSD;SORS;Average gross earnings;A;Normal value
2403040104IND02;RS;REPUBLIC OF SERBIA;07;2020;5_AD4;Administration - local authorities’ level;78059;RSD;RSD;SORS;Average gross earnings;A;Normal value
2403040104IND02;RS;REPUBLIC OF SERBIA;07;2021;0;Total;89330;RSD;RSD;SORS;Average gross earnings;A;Normal value
2403040104IND02;RS;REPUBLIC OF SERBIA;07;2021;0_JP_JD_JL;Public enterprises;103373;RSD;RSD;SORS;Average gross earnings;A;Normal value
2403040104IND02;RS;REPUBLIC OF SERBIA;07;2021;0_JS;Public sector;100478;RSD;RSD;SORS;Average gross earnings;A;Normal value
2403040104IND02;RS;REPUBLIC OF SERBIA;07;2021;0_VJS;Non-public sector;84655;RSD;RSD;SORS;Average gross earnings;A;Normal value
2403040104IND02;RS;REPUBLIC OF SERBIA;07;2021;1_JD;Public state enterprises;115343;RSD;RSD;SORS;Average gross earnings;A;Normal value
2403040104IND02;RS;REPUBLIC OF SERBIA;07;2021;2_JL;Public local enterprises;86659;RSD;RSD;SORS;Average gross earnings;A;Normal value
2403040104IND02;RS;REPUBLIC OF SERBIA;07;2021;3_4_5_BK;General government;99545;RSD;RSD;SORS;Average gross earnings;A;Normal value
2403040104IND02;RS;REPUBLIC OF SERBIA;07;2021;3_ZS;Health and social work;101478;RSD;RSD;SORS;Average gross earnings;A;Normal value
2403040104IND02;RS;REPUBLIC OF SERBIA;07;2021;4_OK;Education and culture;91607;RSD;RSD;SORS;Average gross earnings;A;Normal value
2403040104IND02;RS;REPUBLIC OF SERBIA;07;2021;5_AD;Administration - all levels;105054;RSD;RSD;SORS;Average gross earnings;A;Normal value
2403040104IND02;RS;REPUBLIC OF SERBIA;07;2021;5_AD2;Administration - government  level;109509;RSD;RSD;SORS;Average gross earnings;A;Normal value
2403040104IND02;RS;REPUBLIC OF SERBIA;07;2021;5_AD3;Administration - autonomous  province level;109843;RSD;RSD;SORS;Average gross earnings;A;Normal value
2403040104IND02;RS;REPUBLIC OF SERBIA;07;2021;5_AD4;Administration - local authorities’ level;83114;RSD;RSD;SORS;Average gross earnings;A;Normal value
2403040104IND02;RS;REPUBLIC OF SERBIA;07;2022;0;Total;100937;RSD;RSD;SORS;Average gross earnings;A;Normal value
2403040104IND02;RS;REPUBLIC OF SERBIA;07;2022;0_JP_JD_JL;Public enterprises;108485;RSD;RSD;SORS;Average gross earnings;A;Normal value
2403040104IND02;RS;REPUBLIC OF SERBIA;07;2022;0_JS;Public sector;105857;RSD;RSD;SORS;Average gross earnings;A;Normal value
2403040104IND02;RS;REPUBLIC OF SERBIA;07;2022;0_VJS;Non-public sector;98894;RSD;RSD;SORS;Average gross earnings;A;Normal value
2403040104IND02;RS;REPUBLIC OF SERBIA;07;2022;1_JD;Public state enterprises;120285;RSD;RSD;SORS;Average gross earnings;A;Normal value
2403040104IND02;RS;REPUBLIC OF SERBIA;07;2022;2_JL;Public local enterprises;92385;RSD;RSD;SORS;Average gross earnings;A;Normal value
2403040104IND02;RS;REPUBLIC OF SERBIA;07;2022;3_4_5_BK;General government;105020;RSD;RSD;SORS;Average gross earnings;A;Normal value
2403040104IND02;RS;REPUBLIC OF SERBIA;07;2022;3_ZS;Health and social work;105751;RSD;RSD;SORS;Average gross earnings;A;Normal value
2403040104IND02;RS;REPUBLIC OF SERBIA;07;2022;4_OK;Education and culture;95398;RSD;RSD;SORS;Average gross earnings;A;Normal value
2403040104IND02;RS;REPUBLIC OF SERBIA;07;2022;5_AD;Administration - all levels;113151;RSD;RSD;SORS;Average gross earnings;A;Normal value
2403040104IND02;RS;REPUBLIC OF SERBIA;07;2022;5_AD2;Administration - government  level;118109;RSD;RSD;SORS;Average gross earnings;A;Normal value
2403040104IND02;RS;REPUBLIC OF SERBIA;07;2022;5_AD3;Administration - autonomous  province level;117193;RSD;RSD;SORS;Average gross earnings;A;Normal value
2403040104IND02;RS;REPUBLIC OF SERBIA;07;2022;5_AD4;Administration - local authorities’ level;88985;RSD;RSD;SORS;Average gross earnings;A;Normal value
2403040104IND02;RS;REPUBLIC OF SERBIA;07;2023;0;Total;115664;RSD;RSD;SORS;Average gross earnings;A;Normal value
2403040104IND02;RS;REPUBLIC OF SERBIA;07;2023;0_JP_JD_JL;Public enterprises;122688;RSD;RSD;SORS;Average gross earnings;A;Normal value
2403040104IND02;RS;REPUBLIC OF SERBIA;07;2023;0_JS;Public sector;119210;RSD;RSD;SORS;Average gross earnings;A;Normal value
2403040104IND02;RS;REPUBLIC OF SERBIA;07;2023;0_VJS;Non-public sector;114240;RSD;RSD;SORS;Average gross earnings;A;Normal value
2403040104IND02;RS;REPUBLIC OF SERBIA;07;2023;1_JD;Public state enterprises;134746;RSD;RSD;SORS;Average gross earnings;A;Normal value
2403040104IND02;RS;REPUBLIC OF SERBIA;07;2023;2_JL;Public local enterprises;106368;RSD;RSD;SORS;Average gross earnings;A;Normal value
2403040104IND02;RS;REPUBLIC OF SERBIA;07;2023;3_4_5_BK;General government;118112;RSD;RSD;SORS;Average gross earnings;A;Normal value
2403040104IND02;RS;REPUBLIC OF SERBIA;07;2023;3_ZS;Health and social work;117440;RSD;RSD;SORS;Average gross earnings;A;Normal value
2403040104IND02;RS;REPUBLIC OF SERBIA;07;2023;4_OK;Education and culture;105952;RSD;RSD;SORS;Average gross earnings;A;Normal value
2403040104IND02;RS;REPUBLIC OF SERBIA;07;2023;5_AD;Administration - all levels;129937;RSD;RSD;SORS;Average gross earnings;A;Normal value
2403040104IND02;RS;REPUBLIC OF SERBIA;07;2023;5_AD2;Administration - government  level;135720;RSD;RSD;SORS;Average gross earnings;A;Normal value
2403040104IND02;RS;REPUBLIC OF SERBIA;07;2023;5_AD3;Administration - autonomous  province level;135506;RSD;RSD;SORS;Average gross earnings;A;Normal value
2403040104IND02;RS;REPUBLIC OF SERBIA;07;2023;5_AD4;Administration - local authorities’ level;101490;RSD;RSD;SORS;Average gross earnings;A;Normal value
2403040104IND02;RS;REPUBLIC OF SERBIA;07;2024;0;Total;135195;RSD;RSD;SORS;Average gross earnings;A;Normal value
2403040104IND02;RS;REPUBLIC OF SERBIA;07;2024;0_JP_JD_JL;Public enterprises;143741;RSD;RSD;SORS;Average gross earnings;A;Normal value
2403040104IND02;RS;REPUBLIC OF SERBIA;07;2024;0_JS;Public sector;140129;RSD;RSD;SORS;Average gross earnings;A;Normal value
2403040104IND02;RS;REPUBLIC OF SERBIA;07;2024;0_VJS;Non-public sector;133211;RSD;RSD;SORS;Average gross earnings;A;Normal value
2403040104IND02;RS;REPUBLIC OF SERBIA;07;2024;1_JD;Public state enterprises;155402;RSD;RSD;SORS;Average gross earnings;A;Normal value
2403040104IND02;RS;REPUBLIC OF SERBIA;07;2024;2_JL;Public local enterprises;128006;RSD;RSD;SORS;Average gross earnings;A;Normal value
2403040104IND02;RS;REPUBLIC OF SERBIA;07;2024;3_4_5_BK;General government;139008;RSD;RSD;SORS;Average gross earnings;A;Normal value
2403040104IND02;RS;REPUBLIC OF SERBIA;07;2024;3_ZS;Health and social work;136796;RSD;RSD;SORS;Average gross earnings;A;Normal value
2403040104IND02;RS;REPUBLIC OF SERBIA;07;2024;4_OK;Education and culture;131528;RSD;RSD;SORS;Average gross earnings;A;Normal value
2403040104IND02;RS;REPUBLIC OF SERBIA;07;2024;5_AD;Administration - all levels;147944;RSD;RSD;SORS;Average gross earnings;A;Normal value
2403040104IND02;RS;REPUBLIC OF SERBIA;07;2024;5_AD2;Administration - government  level;154228;RSD;RSD;SORS;Average gross earnings;A;Normal value
2403040104IND02;RS;REPUBLIC OF SERBIA;07;2024;5_AD3;Administration - autonomous  province level;150065;RSD;RSD;SORS;Average gross earnings;A;Normal value
2403040104IND02;RS;REPUBLIC OF SERBIA;07;2024;5_AD4;Administration - local authorities’ level;116628;RSD;RSD;SORS;Average gross earnings;A;Normal value
2403040104IND02;RS;REPUBLIC OF SERBIA;07;2025;0;Total;150646;RSD;RSD;SORS;Average gross earnings;A;Normal value
2403040104IND02;RS;REPUBLIC OF SERBIA;07;2025;0_JP_JD_JL;Public enterprises;160291;RSD;RSD;SORS;Average gross earnings;A;Normal value
2403040104IND02;RS;REPUBLIC OF SERBIA;07;2025;0_JS;Public sector;156677;RSD;RSD;SORS;Average gross earnings;A;Normal value
2403040104IND02;RS;REPUBLIC OF SERBIA;07;2025;0_VJS;Non-public sector;148238;RSD;RSD;SORS;Average gross earnings;A;Normal value
2403040104IND02;RS;REPUBLIC OF SERBIA;07;2025;1_JD;Public state enterprises;171460;RSD;RSD;SORS;Average gross earnings;A;Normal value
2403040104IND02;RS;REPUBLIC OF SERBIA;07;2025;2_JL;Public local enterprises;145167;RSD;RSD;SORS;Average gross earnings;A;Normal value
2403040104IND02;RS;REPUBLIC OF SERBIA;07;2025;3_4_5_BK;General government;155577;RSD;RSD;SORS;Average gross earnings;A;Normal value
2403040104IND02;RS;REPUBLIC OF SERBIA;07;2025;3_ZS;Health and social work;149748;RSD;RSD;SORS;Average gross earnings;A;Normal value
2403040104IND02;RS;REPUBLIC OF SERBIA;07;2025;4_OK;Education and culture;150835;RSD;RSD;SORS;Average gross earnings;A;Normal value
2403040104IND02;RS;REPUBLIC OF SERBIA;07;2025;5_AD;Administration - all levels;165865;RSD;RSD;SORS;Average gross earnings;A;Normal value
2403040104IND02;RS;REPUBLIC OF SERBIA;07;2025;5_AD2;Administration - government  level;172592;RSD;RSD;SORS;Average gross earnings;A;Normal value
2403040104IND02;RS;REPUBLIC OF SERBIA;07;2025;5_AD3;Administration - autonomous  province level;165256;RSD;RSD;SORS;Average gross earnings;A;Normal value
2403040104IND02;RS;REPUBLIC OF SERBIA;07;2025;5_AD4;Administration - local authorities’ level;132280;RSD;RSD;SORS;Average gross earnings;A;Normal value
2403040104IND02;RS;REPUBLIC OF SERBIA;08;2003;0;Total;16932;RSD;RSD;SORS;Average gross earnings;A;Normal value
2403040104IND02;RS;REPUBLIC OF SERBIA;08;2003;0_JP_JD_JL;Public enterprises;24256;RSD;RSD;SORS;Average gross earnings;A;Normal value
2403040104IND02;RS;REPUBLIC OF SERBIA;08;2003;0_JS;Public sector;21338;RSD;RSD;SORS;Average gross earnings;A;Normal value
2403040104IND02;RS;REPUBLIC OF SERBIA;08;2003;0_VJS;Non-public sector;13881;RSD;RSD;SORS;Average gross earnings;A;Normal value
2403040104IND02;RS;REPUBLIC OF SERBIA;08;2003;1_JD;Public state enterprises;25005;RSD;RSD;SORS;Average gross earnings;A;Normal value
2403040104IND02;RS;REPUBLIC OF SERBIA;08;2003;2_JL;Public local enterprises;22529;RSD;RSD;SORS;Average gross earnings;A;Normal value
2403040104IND02;RS;REPUBLIC OF SERBIA;08;2003;3_4_5_BK;General government;19682;RSD;RSD;SORS;Average gross earnings;A;Normal value
2403040104IND02;RS;REPUBLIC OF SERBIA;08;2003;3_ZS;Health and social work;19026;RSD;RSD;SORS;Average gross earnings;A;Normal value
2403040104IND02;RS;REPUBLIC OF SERBIA;08;2003;4_OK;Education and culture;17054;RSD;RSD;SORS;Average gross earnings;A;Normal value
2403040104IND02;RS;REPUBLIC OF SERBIA;08;2003;5_AD;Administration - all levels;26115;RSD;RSD;SORS;Average gross earnings;A;Normal value
2403040104IND02;RS;REPUBLIC OF SERBIA;08;2003;5_AD2;Administration - government  level;;RSD;RSD;SORS;Average gross earnings;O;Not available
2403040104IND02;RS;REPUBLIC OF SERBIA;08;2003;5_AD3;Administration - autonomous  province level;;RSD;RSD;SORS;Average gross earnings;O;Not available
2403040104IND02;RS;REPUBLIC OF SERBIA;08;2003;5_AD4;Administration - local authorities’ level;;RSD;RSD;SORS;Average gross earnings;O;Not available
2403040104IND02;RS;REPUBLIC OF SERBIA;08;2004;0;Total;20823;RSD;RSD;SORS;Average gross earnings;A;Normal value
2403040104IND02;RS;REPUBLIC OF SERBIA;08;2004;0_JP_JD_JL;Public enterprises;28757;RSD;RSD;SORS;Average gross earnings;A;Normal value
2403040104IND02;RS;REPUBLIC OF SERBIA;08;2004;0_JS;Public sector;25882;RSD;RSD;SORS;Average gross earnings;A;Normal value
2403040104IND02;RS;REPUBLIC OF SERBIA;08;2004;0_VJS;Non-public sector;16968;RSD;RSD;SORS;Average gross earnings;A;Normal value
2403040104IND02;RS;REPUBLIC OF SERBIA;08;2004;1_JD;Public state enterprises;28901;RSD;RSD;SORS;Average gross earnings;A;Normal value
2403040104IND02;RS;REPUBLIC OF SERBIA;08;2004;2_JL;Public local enterprises;28442;RSD;RSD;SORS;Average gross earnings;A;Normal value
2403040104IND02;RS;REPUBLIC OF SERBIA;08;2004;3_4_5_BK;General government;24294;RSD;RSD;SORS;Average gross earnings;A;Normal value
2403040104IND02;RS;REPUBLIC OF SERBIA;08;2004;3_ZS;Health and social work;23178;RSD;RSD;SORS;Average gross earnings;A;Normal value
2403040104IND02;RS;REPUBLIC OF SERBIA;08;2004;4_OK;Education and culture;23165;RSD;RSD;SORS;Average gross earnings;A;Normal value
2403040104IND02;RS;REPUBLIC OF SERBIA;08;2004;5_AD;Administration - all levels;28956;RSD;RSD;SORS;Average gross earnings;A;Normal value
2403040104IND02;RS;REPUBLIC OF SERBIA;08;2004;5_AD2;Administration - government  level;;RSD;RSD;SORS;Average gross earnings;O;Not available
2403040104IND02;RS;REPUBLIC OF SERBIA;08;2004;5_AD3;Administration - autonomous  province level;;RSD;RSD;SORS;Average gross earnings;O;Not available
2403040104IND02;RS;REPUBLIC OF SERBIA;08;2004;5_AD4;Administration - local authorities’ level;;RSD;RSD;SORS;Average gross earnings;O;Not available
2403040104IND02;RS;REPUBLIC OF SERBIA;08;2005;0;Total;26252;RSD;RSD;SORS;Average gross earnings;A;Normal value
2403040104IND02;RS;REPUBLIC OF SERBIA;08;2005;0_JP_JD_JL;Public enterprises;34522;RSD;RSD;SORS;Average gross earnings;A;Normal value
2403040104IND02;RS;REPUBLIC OF SERBIA;08;2005;0_JS;Public sector;30944;RSD;RSD;SORS;Average gross earnings;A;Normal value
2403040104IND02;RS;REPUBLIC OF SERBIA;08;2005;0_VJS;Non-public sector;22300;RSD;RSD;SORS;Average gross earnings;A;Normal value
2403040104IND02;RS;REPUBLIC OF SERBIA;08;2005;1_JD;Public state enterprises;35099;RSD;RSD;SORS;Average gross earnings;A;Normal value
2403040104IND02;RS;REPUBLIC OF SERBIA;08;2005;2_JL;Public local enterprises;33460;RSD;RSD;SORS;Average gross earnings;A;Normal value
2403040104IND02;RS;REPUBLIC OF SERBIA;08;2005;3_4_5_BK;General government;29034;RSD;RSD;SORS;Average gross earnings;A;Normal value
2403040104IND02;RS;REPUBLIC OF SERBIA;08;2005;3_ZS;Health and social work;27228;RSD;RSD;SORS;Average gross earnings;A;Normal value
2403040104IND02;RS;REPUBLIC OF SERBIA;08;2005;4_OK;Education and culture;28656;RSD;RSD;SORS;Average gross earnings;A;Normal value
2403040104IND02;RS;REPUBLIC OF SERBIA;08;2005;5_AD;Administration - all levels;34054;RSD;RSD;SORS;Average gross earnings;A;Normal value
2403040104IND02;RS;REPUBLIC OF SERBIA;08;2005;5_AD2;Administration - government  level;;RSD;RSD;SORS;Average gross earnings;O;Not available
2403040104IND02;RS;REPUBLIC OF SERBIA;08;2005;5_AD3;Administration - autonomous  province level;;RSD;RSD;SORS;Average gross earnings;O;Not available
2403040104IND02;RS;REPUBLIC OF SERBIA;08;2005;5_AD4;Administration - local authorities’ level;;RSD;RSD;SORS;Average gross earnings;O;Not available
2403040104IND02;RS;REPUBLIC OF SERBIA;08;2006;0;Total;32098;RSD;RSD;SORS;Average gross earnings;A;Normal value
2403040104IND02;RS;REPUBLIC OF SERBIA;08;2006;0_JP_JD_JL;Public enterprises;40819;RSD;RSD;SORS;Average gross earnings;A;Normal value
2403040104IND02;RS;REPUBLIC OF SERBIA;08;2006;0_JS;Public sector;36426;RSD;RSD;SORS;Average gross earnings;A;Normal value
2403040104IND02;RS;REPUBLIC OF SERBIA;08;2006;0_VJS;Non-public sector;28267;RSD;RSD;SORS;Average gross earnings;A;Normal value
2403040104IND02;RS;REPUBLIC OF SERBIA;08;2006;1_JD;Public state enterprises;41935;RSD;RSD;SORS;Average gross earnings;A;Normal value
2403040104IND02;RS;REPUBLIC OF SERBIA;08;2006;2_JL;Public local enterprises;38935;RSD;RSD;SORS;Average gross earnings;A;Normal value
2403040104IND02;RS;REPUBLIC OF SERBIA;08;2006;3_4_5_BK;General government;34168;RSD;RSD;SORS;Average gross earnings;A;Normal value
2403040104IND02;RS;REPUBLIC OF SERBIA;08;2006;3_ZS;Health and social work;31558;RSD;RSD;SORS;Average gross earnings;A;Normal value
2403040104IND02;RS;REPUBLIC OF SERBIA;08;2006;4_OK;Education and culture;33702;RSD;RSD;SORS;Average gross earnings;A;Normal value
2403040104IND02;RS;REPUBLIC OF SERBIA;08;2006;5_AD;Administration - all levels;41294;RSD;RSD;SORS;Average gross earnings;A;Normal value
2403040104IND02;RS;REPUBLIC OF SERBIA;08;2006;5_AD2;Administration - government  level;;RSD;RSD;SORS;Average gross earnings;O;Not available
2403040104IND02;RS;REPUBLIC OF SERBIA;08;2006;5_AD3;Administration - autonomous  province level;;RSD;RSD;SORS;Average gross earnings;O;Not available
2403040104IND02;RS;REPUBLIC OF SERBIA;08;2006;5_AD4;Administration - local authorities’ level;;RSD;RSD;SORS;Average gross earnings;O;Not available
2403040104IND02;RS;REPUBLIC OF SERBIA;08;2007;0;Total;39302;RSD;RSD;SORS;Average gross earnings;A;Normal value
2403040104IND02;RS;REPUBLIC OF SERBIA;08;2007;0_JP_JD_JL;Public enterprises;49002;RSD;RSD;SORS;Average gross earnings;A;Normal value
2403040104IND02;RS;REPUBLIC OF SERBIA;08;2007;0_JS;Public sector;45811;RSD;RSD;SORS;Average gross earnings;A;Normal value
2403040104IND02;RS;REPUBLIC OF SERBIA;08;2007;0_VJS;Non-public sector;32939;RSD;RSD;SORS;Average gross earnings;A;Normal value
2403040104IND02;RS;REPUBLIC OF SERBIA;08;2007;1_JD;Public state enterprises;52025;RSD;RSD;SORS;Average gross earnings;A;Normal value
2403040104IND02;RS;REPUBLIC OF SERBIA;08;2007;2_JL;Public local enterprises;43815;RSD;RSD;SORS;Average gross earnings;A;Normal value
2403040104IND02;RS;REPUBLIC OF SERBIA;08;2007;3_4_5_BK;General government;44213;RSD;RSD;SORS;Average gross earnings;A;Normal value
2403040104IND02;RS;REPUBLIC OF SERBIA;08;2007;3_ZS;Health and social work;43400;RSD;RSD;SORS;Average gross earnings;A;Normal value
2403040104IND02;RS;REPUBLIC OF SERBIA;08;2007;4_OK;Education and culture;42144;RSD;RSD;SORS;Average gross earnings;A;Normal value
2403040104IND02;RS;REPUBLIC OF SERBIA;08;2007;5_AD;Administration - all levels;50343;RSD;RSD;SORS;Average gross earnings;A;Normal value
2403040104IND02;RS;REPUBLIC OF SERBIA;08;2007;5_AD2;Administration - government  level;;RSD;RSD;SORS;Average gross earnings;O;Not available
2403040104IND02;RS;REPUBLIC OF SERBIA;08;2007;5_AD3;Administration - autonomous  province level;;RSD;RSD;SORS;Average gross earnings;O;Not available
2403040104IND02;RS;REPUBLIC OF SERBIA;08;2007;5_AD4;Administration - local authorities’ level;;RSD;RSD;SORS;Average gross earnings;O;Not available
2403040104IND02;RS;REPUBLIC OF SERBIA;08;2008;0;Total;46222;RSD;RSD;SORS;Average gross earnings;A;Normal value
2403040104IND02;RS;REPUBLIC OF SERBIA;08;2008;0_JP_JD_JL;Public enterprises;56023;RSD;RSD;SORS;Average gross earnings;A;Normal value
2403040104IND02;RS;REPUBLIC OF SERBIA;08;2008;0_JS;Public sector;52413;RSD;RSD;SORS;Average gross earnings;A;Normal value
2403040104IND02;RS;REPUBLIC OF SERBIA;08;2008;0_VJS;Non-public sector;39668;RSD;RSD;SORS;Average gross earnings;A;Normal value
2403040104IND02;RS;REPUBLIC OF SERBIA;08;2008;1_JD;Public state enterprises;59698;RSD;RSD;SORS;Average gross earnings;A;Normal value
2403040104IND02;RS;REPUBLIC OF SERBIA;08;2008;2_JL;Public local enterprises;49725;RSD;RSD;SORS;Average gross earnings;A;Normal value
2403040104IND02;RS;REPUBLIC OF SERBIA;08;2008;3_4_5_BK;General government;50657;RSD;RSD;SORS;Average gross earnings;A;Normal value
2403040104IND02;RS;REPUBLIC OF SERBIA;08;2008;3_ZS;Health and social work;49288;RSD;RSD;SORS;Average gross earnings;A;Normal value
2403040104IND02;RS;REPUBLIC OF SERBIA;08;2008;4_OK;Education and culture;49147;RSD;RSD;SORS;Average gross earnings;A;Normal value
2403040104IND02;RS;REPUBLIC OF SERBIA;08;2008;5_AD;Administration - all levels;56881;RSD;RSD;SORS;Average gross earnings;A;Normal value
2403040104IND02;RS;REPUBLIC OF SERBIA;08;2008;5_AD2;Administration - government  level;;RSD;RSD;SORS;Average gross earnings;O;Not available
2403040104IND02;RS;REPUBLIC OF SERBIA;08;2008;5_AD3;Administration - autonomous  province level;;RSD;RSD;SORS;Average gross earnings;O;Not available
2403040104IND02;RS;REPUBLIC OF SERBIA;08;2008;5_AD4;Administration - local authorities’ level;;RSD;RSD;SORS;Average gross earnings;O;Not available
2403040104IND02;RS;REPUBLIC OF SERBIA;08;2009;0;Total;43597;RSD;RSD;SORS;Average gross earnings;A;Normal value
2403040104IND02;RS;REPUBLIC OF SERBIA;08;2009;0_JP_JD_JL;Public enterprises;57478;RSD;RSD;SORS;Average gross earnings;A;Normal value
2403040104IND02;RS;REPUBLIC OF SERBIA;08;2009;0_JS;Public sector;53851;RSD;RSD;SORS;Average gross earnings;A;Normal value
2403040104IND02;RS;REPUBLIC OF SERBIA;08;2009;0_VJS;Non-public sector;35581;RSD;RSD;SORS;Average gross earnings;A;Normal value
2403040104IND02;RS;REPUBLIC OF SERBIA;08;2009;1_JD;Public state enterprises;62077;RSD;RSD;SORS;Average gross earnings;A;Normal value
2403040104IND02;RS;REPUBLIC OF SERBIA;08;2009;2_JL;Public local enterprises;50348;RSD;RSD;SORS;Average gross earnings;A;Normal value
2403040104IND02;RS;REPUBLIC OF SERBIA;08;2009;3_4_5_BK;General government;52240;RSD;RSD;SORS;Average gross earnings;A;Normal value
2403040104IND02;RS;REPUBLIC OF SERBIA;08;2009;3_ZS;Health and social work;51664;RSD;RSD;SORS;Average gross earnings;A;Normal value
2403040104IND02;RS;REPUBLIC OF SERBIA;08;2009;4_OK;Education and culture;50759;RSD;RSD;SORS;Average gross earnings;A;Normal value
2403040104IND02;RS;REPUBLIC OF SERBIA;08;2009;5_AD;Administration - all levels;56364;RSD;RSD;SORS;Average gross earnings;A;Normal value
2403040104IND02;RS;REPUBLIC OF SERBIA;08;2009;5_AD2;Administration - government  level;;RSD;RSD;SORS;Average gross earnings;O;Not available
2403040104IND02;RS;REPUBLIC OF SERBIA;08;2009;5_AD3;Administration - autonomous  province level;;RSD;RSD;SORS;Average gross earnings;O;Not available
2403040104IND02;RS;REPUBLIC OF SERBIA;08;2009;5_AD4;Administration - local authorities’ level;;RSD;RSD;SORS;Average gross earnings;O;Not available
2403040104IND02;RS;REPUBLIC OF SERBIA;08;2010;0;Total;47190;RSD;RSD;SORS;Average gross earnings;A;Normal value
2403040104IND02;RS;REPUBLIC OF SERBIA;08;2010;0_JP_JD_JL;Public enterprises;59602;RSD;RSD;SORS;Average gross earnings;A;Normal value
2403040104IND02;RS;REPUBLIC OF SERBIA;08;2010;0_JS;Public sector;55255;RSD;RSD;SORS;Average gross earnings;A;Normal value
2403040104IND02;RS;REPUBLIC OF SERBIA;08;2010;0_VJS;Non-public sector;40306;RSD;RSD;SORS;Average gross earnings;A;Normal value
2403040104IND02;RS;REPUBLIC OF SERBIA;08;2010;1_JD;Public state enterprises;62912;RSD;RSD;SORS;Average gross earnings;A;Normal value
2403040104IND02;RS;REPUBLIC OF SERBIA;08;2010;2_JL;Public local enterprises;54555;RSD;RSD;SORS;Average gross earnings;A;Normal value
2403040104IND02;RS;REPUBLIC OF SERBIA;08;2010;3_4_5_BK;General government;53363;RSD;RSD;SORS;Average gross earnings;A;Normal value
2403040104IND02;RS;REPUBLIC OF SERBIA;08;2010;3_ZS;Health and social work;51574;RSD;RSD;SORS;Average gross earnings;A;Normal value
2403040104IND02;RS;REPUBLIC OF SERBIA;08;2010;4_OK;Education and culture;51612;RSD;RSD;SORS;Average gross earnings;A;Normal value
2403040104IND02;RS;REPUBLIC OF SERBIA;08;2010;5_AD;Administration - all levels;60871;RSD;RSD;SORS;Average gross earnings;A;Normal value
2403040104IND02;RS;REPUBLIC OF SERBIA;08;2010;5_AD2;Administration - government  level;;RSD;RSD;SORS;Average gross earnings;O;Not available
2403040104IND02;RS;REPUBLIC OF SERBIA;08;2010;5_AD3;Administration - autonomous  province level;;RSD;RSD;SORS;Average gross earnings;O;Not available
2403040104IND02;RS;REPUBLIC OF SERBIA;08;2010;5_AD4;Administration - local authorities’ level;;RSD;RSD;SORS;Average gross earnings;O;Not available
2403040104IND02;RS;REPUBLIC OF SERBIA;08;2011;0;Total;53285;RSD;RSD;SORS;Average gross earnings;A;Normal value
2403040104IND02;RS;REPUBLIC OF SERBIA;08;2011;0_JP_JD_JL;Public enterprises;68305;RSD;RSD;SORS;Average gross earnings;A;Normal value
2403040104IND02;RS;REPUBLIC OF SERBIA;08;2011;0_JS;Public sector;61070;RSD;RSD;SORS;Average gross earnings;A;Normal value
2403040104IND02;RS;REPUBLIC OF SERBIA;08;2011;0_VJS;Non-public sector;46366;RSD;RSD;SORS;Average gross earnings;A;Normal value
2403040104IND02;RS;REPUBLIC OF SERBIA;08;2011;1_JD;Public state enterprises;75586;RSD;RSD;SORS;Average gross earnings;A;Normal value
2403040104IND02;RS;REPUBLIC OF SERBIA;08;2011;2_JL;Public local enterprises;57566;RSD;RSD;SORS;Average gross earnings;A;Normal value
2403040104IND02;RS;REPUBLIC OF SERBIA;08;2011;3_4_5_BK;General government;57937;RSD;RSD;SORS;Average gross earnings;A;Normal value
2403040104IND02;RS;REPUBLIC OF SERBIA;08;2011;3_ZS;Health and social work;55699;RSD;RSD;SORS;Average gross earnings;A;Normal value
2403040104IND02;RS;REPUBLIC OF SERBIA;08;2011;4_OK;Education and culture;55529;RSD;RSD;SORS;Average gross earnings;A;Normal value
2403040104IND02;RS;REPUBLIC OF SERBIA;08;2011;5_AD;Administration - all levels;67768;RSD;RSD;SORS;Average gross earnings;A;Normal value
2403040104IND02;RS;REPUBLIC OF SERBIA;08;2011;5_AD2;Administration - government  level;;RSD;RSD;SORS;Average gross earnings;O;Not available
2403040104IND02;RS;REPUBLIC OF SERBIA;08;2011;5_AD3;Administration - autonomous  province level;;RSD;RSD;SORS;Average gross earnings;O;Not available
2403040104IND02;RS;REPUBLIC OF SERBIA;08;2011;5_AD4;Administration - local authorities’ level;;RSD;RSD;SORS;Average gross earnings;O;Not available
2403040104IND02;RS;REPUBLIC OF SERBIA;08;2012;0;Total;58503;RSD;RSD;SORS;Average gross earnings;A;Normal value
2403040104IND02;RS;REPUBLIC OF SERBIA;08;2012;0_JP_JD_JL;Public enterprises;73741;RSD;RSD;SORS;Average gross earnings;A;Normal value
2403040104IND02;RS;REPUBLIC OF SERBIA;08;2012;0_JS;Public sector;65565;RSD;RSD;SORS;Average gross earnings;A;Normal value
2403040104IND02;RS;REPUBLIC OF SERBIA;08;2012;0_VJS;Non-public sector;51875;RSD;RSD;SORS;Average gross earnings;A;Normal value
2403040104IND02;RS;REPUBLIC OF SERBIA;08;2012;1_JD;Public state enterprises;82642;RSD;RSD;SORS;Average gross earnings;A;Normal value
2403040104IND02;RS;REPUBLIC OF SERBIA;08;2012;2_JL;Public local enterprises;60764;RSD;RSD;SORS;Average gross earnings;A;Normal value
2403040104IND02;RS;REPUBLIC OF SERBIA;08;2012;3_4_5_BK;General government;61995;RSD;RSD;SORS;Average gross earnings;A;Normal value
2403040104IND02;RS;REPUBLIC OF SERBIA;08;2012;3_ZS;Health and social work;59473;RSD;RSD;SORS;Average gross earnings;A;Normal value
2403040104IND02;RS;REPUBLIC OF SERBIA;08;2012;4_OK;Education and culture;58368;RSD;RSD;SORS;Average gross earnings;A;Normal value
2403040104IND02;RS;REPUBLIC OF SERBIA;08;2012;5_AD;Administration - all levels;74407;RSD;RSD;SORS;Average gross earnings;A;Normal value
2403040104IND02;RS;REPUBLIC OF SERBIA;08;2012;5_AD2;Administration - government  level;;RSD;RSD;SORS;Average gross earnings;O;Not available
2403040104IND02;RS;REPUBLIC OF SERBIA;08;2012;5_AD3;Administration - autonomous  province level;;RSD;RSD;SORS;Average gross earnings;O;Not available
2403040104IND02;RS;REPUBLIC OF SERBIA;08;2012;5_AD4;Administration - local authorities’ level;;RSD;RSD;SORS;Average gross earnings;O;Not available
2403040104IND02;RS;REPUBLIC OF SERBIA;08;2013;0;Total;61797;RSD;RSD;SORS;Average gross earnings;A;Normal value
2403040104IND02;RS;REPUBLIC OF SERBIA;08;2013;0_JP_JD_JL;Public enterprises;78533;RSD;RSD;SORS;Average gross earnings;A;Normal value
2403040104IND02;RS;REPUBLIC OF SERBIA;08;2013;0_JS;Public sector;69343;RSD;RSD;SORS;Average gross earnings;A;Normal value
2403040104IND02;RS;REPUBLIC OF SERBIA;08;2013;0_VJS;Non-public sector;54337;RSD;RSD;SORS;Average gross earnings;A;Normal value
2403040104IND02;RS;REPUBLIC OF SERBIA;08;2013;1_JD;Public state enterprises;90205;RSD;RSD;SORS;Average gross earnings;A;Normal value
2403040104IND02;RS;REPUBLIC OF SERBIA;08;2013;2_JL;Public local enterprises;61709;RSD;RSD;SORS;Average gross earnings;A;Normal value
2403040104IND02;RS;REPUBLIC OF SERBIA;08;2013;3_4_5_BK;General government;65328;RSD;RSD;SORS;Average gross earnings;A;Normal value
2403040104IND02;RS;REPUBLIC OF SERBIA;08;2013;3_ZS;Health and social work;62300;RSD;RSD;SORS;Average gross earnings;A;Normal value
2403040104IND02;RS;REPUBLIC OF SERBIA;08;2013;4_OK;Education and culture;61209;RSD;RSD;SORS;Average gross earnings;A;Normal value
2403040104IND02;RS;REPUBLIC OF SERBIA;08;2013;5_AD;Administration - all levels;79495;RSD;RSD;SORS;Average gross earnings;A;Normal value
2403040104IND02;RS;REPUBLIC OF SERBIA;08;2013;5_AD2;Administration - government  level;;RSD;RSD;SORS;Average gross earnings;O;Not available
2403040104IND02;RS;REPUBLIC OF SERBIA;08;2013;5_AD3;Administration - autonomous  province level;;RSD;RSD;SORS;Average gross earnings;O;Not available
2403040104IND02;RS;REPUBLIC OF SERBIA;08;2013;5_AD4;Administration - local authorities’ level;;RSD;RSD;SORS;Average gross earnings;O;Not available
2403040104IND02;RS;REPUBLIC OF SERBIA;08;2014;0;Total;62992;RSD;RSD;SORS;Average gross earnings;A;Normal value
2403040104IND02;RS;REPUBLIC OF SERBIA;08;2014;0_JP_JD_JL;Public enterprises;83696;RSD;RSD;SORS;Average gross earnings;A;Normal value
2403040104IND02;RS;REPUBLIC OF SERBIA;08;2014;0_JS;Public sector;70809;RSD;RSD;SORS;Average gross earnings;A;Normal value
2403040104IND02;RS;REPUBLIC OF SERBIA;08;2014;0_VJS;Non-public sector;55547;RSD;RSD;SORS;Average gross earnings;A;Normal value
2403040104IND02;RS;REPUBLIC OF SERBIA;08;2014;1_JD;Public state enterprises;98298;RSD;RSD;SORS;Average gross earnings;A;Normal value
2403040104IND02;RS;REPUBLIC OF SERBIA;08;2014;2_JL;Public local enterprises;62569;RSD;RSD;SORS;Average gross earnings;A;Normal value
2403040104IND02;RS;REPUBLIC OF SERBIA;08;2014;3_4_5_BK;General government;65251;RSD;RSD;SORS;Average gross earnings;A;Normal value
2403040104IND02;RS;REPUBLIC OF SERBIA;08;2014;3_ZS;Health and social work;62357;RSD;RSD;SORS;Average gross earnings;A;Normal value
2403040104IND02;RS;REPUBLIC OF SERBIA;08;2014;4_OK;Education and culture;62477;RSD;RSD;SORS;Average gross earnings;A;Normal value
2403040104IND02;RS;REPUBLIC OF SERBIA;08;2014;5_AD;Administration - all levels;76827;RSD;RSD;SORS;Average gross earnings;A;Normal value
2403040104IND02;RS;REPUBLIC OF SERBIA;08;2014;5_AD2;Administration - government  level;;RSD;RSD;SORS;Average gross earnings;O;Not available
2403040104IND02;RS;REPUBLIC OF SERBIA;08;2014;5_AD3;Administration - autonomous  province level;;RSD;RSD;SORS;Average gross earnings;O;Not available
2403040104IND02;RS;REPUBLIC OF SERBIA;08;2014;5_AD4;Administration - local authorities’ level;;RSD;RSD;SORS;Average gross earnings;O;Not available
2403040104IND02;RS;REPUBLIC OF SERBIA;08;2015;0;Total;61538;RSD;RSD;SORS;Average gross earnings;A;Normal value
2403040104IND02;RS;REPUBLIC OF SERBIA;08;2015;0_JP_JD_JL;Public enterprises;77932;RSD;RSD;SORS;Average gross earnings;A;Normal value
2403040104IND02;RS;REPUBLIC OF SERBIA;08;2015;0_JS;Public sector;65029;RSD;RSD;SORS;Average gross earnings;A;Normal value
2403040104IND02;RS;REPUBLIC OF SERBIA;08;2015;0_VJS;Non-public sector;58294;RSD;RSD;SORS;Average gross earnings;A;Normal value
2403040104IND02;RS;REPUBLIC OF SERBIA;08;2015;1_JD;Public state enterprises;89972;RSD;RSD;SORS;Average gross earnings;A;Normal value
2403040104IND02;RS;REPUBLIC OF SERBIA;08;2015;2_JL;Public local enterprises;61280;RSD;RSD;SORS;Average gross earnings;A;Normal value
2403040104IND02;RS;REPUBLIC OF SERBIA;08;2015;3_4_5_BK;General government;59295;RSD;RSD;SORS;Average gross earnings;A;Normal value
2403040104IND02;RS;REPUBLIC OF SERBIA;08;2015;3_ZS;Health and social work;56817;RSD;RSD;SORS;Average gross earnings;A;Normal value
2403040104IND02;RS;REPUBLIC OF SERBIA;08;2015;4_OK;Education and culture;57216;RSD;RSD;SORS;Average gross earnings;A;Normal value
2403040104IND02;RS;REPUBLIC OF SERBIA;08;2015;5_AD;Administration - all levels;68669;RSD;RSD;SORS;Average gross earnings;A;Normal value
2403040104IND02;RS;REPUBLIC OF SERBIA;08;2015;5_AD2;Administration - government  level;;RSD;RSD;SORS;Average gross earnings;O;Not available
2403040104IND02;RS;REPUBLIC OF SERBIA;08;2015;5_AD3;Administration - autonomous  province level;;RSD;RSD;SORS;Average gross earnings;O;Not available
2403040104IND02;RS;REPUBLIC OF SERBIA;08;2015;5_AD4;Administration - local authorities’ level;;RSD;RSD;SORS;Average gross earnings;O;Not available
2403040104IND02;RS;REPUBLIC OF SERBIA;08;2016;0;Total;62474;RSD;RSD;SORS;Average gross earnings;A;Normal value
2403040104IND02;RS;REPUBLIC OF SERBIA;08;2016;0_JP_JD_JL;Public enterprises;78805;RSD;RSD;SORS;Average gross earnings;A;Normal value
2403040104IND02;RS;REPUBLIC OF SERBIA;08;2016;0_JS;Public sector;65645;RSD;RSD;SORS;Average gross earnings;A;Normal value
2403040104IND02;RS;REPUBLIC OF SERBIA;08;2016;0_VJS;Non-public sector;59640;RSD;RSD;SORS;Average gross earnings;A;Normal value
2403040104IND02;RS;REPUBLIC OF SERBIA;08;2016;1_JD;Public state enterprises;89681;RSD;RSD;SORS;Average gross earnings;A;Normal value
2403040104IND02;RS;REPUBLIC OF SERBIA;08;2016;2_JL;Public local enterprises;63519;RSD;RSD;SORS;Average gross earnings;A;Normal value
2403040104IND02;RS;REPUBLIC OF SERBIA;08;2016;3_4_5_BK;General government;59840;RSD;RSD;SORS;Average gross earnings;A;Normal value
2403040104IND02;RS;REPUBLIC OF SERBIA;08;2016;3_ZS;Health and social work;58075;RSD;RSD;SORS;Average gross earnings;A;Normal value
2403040104IND02;RS;REPUBLIC OF SERBIA;08;2016;4_OK;Education and culture;56712;RSD;RSD;SORS;Average gross earnings;A;Normal value
2403040104IND02;RS;REPUBLIC OF SERBIA;08;2016;5_AD;Administration - all levels;69741;RSD;RSD;SORS;Average gross earnings;A;Normal value
2403040104IND02;RS;REPUBLIC OF SERBIA;08;2016;5_AD2;Administration - government  level;;RSD;RSD;SORS;Average gross earnings;O;Not available
2403040104IND02;RS;REPUBLIC OF SERBIA;08;2016;5_AD3;Administration - autonomous  province level;;RSD;RSD;SORS;Average gross earnings;O;Not available
2403040104IND02;RS;REPUBLIC OF SERBIA;08;2016;5_AD4;Administration - local authorities’ level;;RSD;RSD;SORS;Average gross earnings;O;Not available
2403040104IND02;RS;REPUBLIC OF SERBIA;08;2017;0;Total;65094;RSD;RSD;SORS;Average gross earnings;A;Normal value
2403040104IND02;RS;REPUBLIC OF SERBIA;08;2017;0_JP_JD_JL;Public enterprises;80725;RSD;RSD;SORS;Average gross earnings;A;Normal value
2403040104IND02;RS;REPUBLIC OF SERBIA;08;2017;0_JS;Public sector;67731;RSD;RSD;SORS;Average gross earnings;A;Normal value
2403040104IND02;RS;REPUBLIC OF SERBIA;08;2017;0_VJS;Non-public sector;62799;RSD;RSD;SORS;Average gross earnings;A;Normal value
2403040104IND02;RS;REPUBLIC OF SERBIA;08;2017;1_JD;Public state enterprises;93256;RSD;RSD;SORS;Average gross earnings;A;Normal value
2403040104IND02;RS;REPUBLIC OF SERBIA;08;2017;2_JL;Public local enterprises;63535;RSD;RSD;SORS;Average gross earnings;A;Normal value
2403040104IND02;RS;REPUBLIC OF SERBIA;08;2017;3_4_5_BK;General government;62181;RSD;RSD;SORS;Average gross earnings;A;Normal value
2403040104IND02;RS;REPUBLIC OF SERBIA;08;2017;3_ZS;Health and social work;60670;RSD;RSD;SORS;Average gross earnings;A;Normal value
2403040104IND02;RS;REPUBLIC OF SERBIA;08;2017;4_OK;Education and culture;59582;RSD;RSD;SORS;Average gross earnings;A;Normal value
2403040104IND02;RS;REPUBLIC OF SERBIA;08;2017;5_AD;Administration - all levels;70469;RSD;RSD;SORS;Average gross earnings;A;Normal value
2403040104IND02;RS;REPUBLIC OF SERBIA;08;2017;5_AD2;Administration - government  level;;RSD;RSD;SORS;Average gross earnings;O;Not available
2403040104IND02;RS;REPUBLIC OF SERBIA;08;2017;5_AD3;Administration - autonomous  province level;;RSD;RSD;SORS;Average gross earnings;O;Not available
2403040104IND02;RS;REPUBLIC OF SERBIA;08;2017;5_AD4;Administration - local authorities’ level;;RSD;RSD;SORS;Average gross earnings;O;Not available
2403040104IND02;RS;REPUBLIC OF SERBIA;08;2018;0;Total;68831;RSD;RSD;SORS;Average gross earnings;A;Normal value
2403040104IND02;RS;REPUBLIC OF SERBIA;08;2018;0_JP_JD_JL;Public enterprises;83556;RSD;RSD;SORS;Average gross earnings;A;Normal value
2403040104IND02;RS;REPUBLIC OF SERBIA;08;2018;0_JS;Public sector;77070;RSD;RSD;SORS;Average gross earnings;A;Normal value
2403040104IND02;RS;REPUBLIC OF SERBIA;08;2018;0_VJS;Non-public sector;64790;RSD;RSD;SORS;Average gross earnings;A;Normal value
2403040104IND02;RS;REPUBLIC OF SERBIA;08;2018;1_JD;Public state enterprises;95644;RSD;RSD;SORS;Average gross earnings;A;Normal value
2403040104IND02;RS;REPUBLIC OF SERBIA;08;2018;2_JL;Public local enterprises;66009;RSD;RSD;SORS;Average gross earnings;A;Normal value
2403040104IND02;RS;REPUBLIC OF SERBIA;08;2018;3_4_5_BK;General government;74891;RSD;RSD;SORS;Average gross earnings;A;Normal value
2403040104IND02;RS;REPUBLIC OF SERBIA;08;2018;3_ZS;Health and social work;69578;RSD;RSD;SORS;Average gross earnings;A;Normal value
2403040104IND02;RS;REPUBLIC OF SERBIA;08;2018;4_OK;Education and culture;73799;RSD;RSD;SORS;Average gross earnings;A;Normal value
2403040104IND02;RS;REPUBLIC OF SERBIA;08;2018;5_AD;Administration - all levels;80699;RSD;RSD;SORS;Average gross earnings;A;Normal value
2403040104IND02;RS;REPUBLIC OF SERBIA;08;2018;5_AD2;Administration - government  level;83859;RSD;RSD;SORS;Average gross earnings;A;Normal value
2403040104IND02;RS;REPUBLIC OF SERBIA;08;2018;5_AD3;Administration - autonomous  province level;86414;RSD;RSD;SORS;Average gross earnings;A;Normal value
2403040104IND02;RS;REPUBLIC OF SERBIA;08;2018;5_AD4;Administration - local authorities’ level;65462;RSD;RSD;SORS;Average gross earnings;A;Normal value
2403040104IND02;RS;REPUBLIC OF SERBIA;08;2019;0;Total;74768;RSD;RSD;SORS;Average gross earnings;A;Normal value
2403040104IND02;RS;REPUBLIC OF SERBIA;08;2019;0_JP_JD_JL;Public enterprises;90509;RSD;RSD;SORS;Average gross earnings;A;Normal value
2403040104IND02;RS;REPUBLIC OF SERBIA;08;2019;0_JS;Public sector;83688;RSD;RSD;SORS;Average gross earnings;A;Normal value
2403040104IND02;RS;REPUBLIC OF SERBIA;08;2019;0_VJS;Non-public sector;70669;RSD;RSD;SORS;Average gross earnings;A;Normal value
2403040104IND02;RS;REPUBLIC OF SERBIA;08;2019;1_JD;Public state enterprises;104347;RSD;RSD;SORS;Average gross earnings;A;Normal value
2403040104IND02;RS;REPUBLIC OF SERBIA;08;2019;2_JL;Public local enterprises;71785;RSD;RSD;SORS;Average gross earnings;A;Normal value
2403040104IND02;RS;REPUBLIC OF SERBIA;08;2019;3_4_5_BK;General government;81473;RSD;RSD;SORS;Average gross earnings;A;Normal value
2403040104IND02;RS;REPUBLIC OF SERBIA;08;2019;3_ZS;Health and social work;76008;RSD;RSD;SORS;Average gross earnings;A;Normal value
2403040104IND02;RS;REPUBLIC OF SERBIA;08;2019;4_OK;Education and culture;79300;RSD;RSD;SORS;Average gross earnings;A;Normal value
2403040104IND02;RS;REPUBLIC OF SERBIA;08;2019;5_AD;Administration - all levels;88404;RSD;RSD;SORS;Average gross earnings;A;Normal value
2403040104IND02;RS;REPUBLIC OF SERBIA;08;2019;5_AD2;Administration - government  level;91995;RSD;RSD;SORS;Average gross earnings;A;Normal value
2403040104IND02;RS;REPUBLIC OF SERBIA;08;2019;5_AD3;Administration - autonomous  province level;93482;RSD;RSD;SORS;Average gross earnings;A;Normal value
2403040104IND02;RS;REPUBLIC OF SERBIA;08;2019;5_AD4;Administration - local authorities’ level;70816;RSD;RSD;SORS;Average gross earnings;A;Normal value
2403040104IND02;RS;REPUBLIC OF SERBIA;08;2020;0;Total;80901;RSD;RSD;SORS;Average gross earnings;A;Normal value
2403040104IND02;RS;REPUBLIC OF SERBIA;08;2020;0_JP_JD_JL;Public enterprises;97062;RSD;RSD;SORS;Average gross earnings;A;Normal value
2403040104IND02;RS;REPUBLIC OF SERBIA;08;2020;0_JS;Public sector;92541;RSD;RSD;SORS;Average gross earnings;A;Normal value
2403040104IND02;RS;REPUBLIC OF SERBIA;08;2020;0_VJS;Non-public sector;75894;RSD;RSD;SORS;Average gross earnings;A;Normal value
2403040104IND02;RS;REPUBLIC OF SERBIA;08;2020;1_JD;Public state enterprises;108856;RSD;RSD;SORS;Average gross earnings;A;Normal value
2403040104IND02;RS;REPUBLIC OF SERBIA;08;2020;2_JL;Public local enterprises;80905;RSD;RSD;SORS;Average gross earnings;A;Normal value
2403040104IND02;RS;REPUBLIC OF SERBIA;08;2020;3_4_5_BK;General government;91079;RSD;RSD;SORS;Average gross earnings;A;Normal value
2403040104IND02;RS;REPUBLIC OF SERBIA;08;2020;3_ZS;Health and social work;90658;RSD;RSD;SORS;Average gross earnings;A;Normal value
2403040104IND02;RS;REPUBLIC OF SERBIA;08;2020;4_OK;Education and culture;85087;RSD;RSD;SORS;Average gross earnings;A;Normal value
2403040104IND02;RS;REPUBLIC OF SERBIA;08;2020;5_AD;Administration - all levels;96900;RSD;RSD;SORS;Average gross earnings;A;Normal value
2403040104IND02;RS;REPUBLIC OF SERBIA;08;2020;5_AD2;Administration - government  level;100874;RSD;RSD;SORS;Average gross earnings;A;Normal value
2403040104IND02;RS;REPUBLIC OF SERBIA;08;2020;5_AD3;Administration - autonomous  province level;102282;RSD;RSD;SORS;Average gross earnings;A;Normal value
2403040104IND02;RS;REPUBLIC OF SERBIA;08;2020;5_AD4;Administration - local authorities’ level;77261;RSD;RSD;SORS;Average gross earnings;A;Normal value
2403040104IND02;RS;REPUBLIC OF SERBIA;08;2021;0;Total;89202;RSD;RSD;SORS;Average gross earnings;A;Normal value
2403040104IND02;RS;REPUBLIC OF SERBIA;08;2021;0_JP_JD_JL;Public enterprises;103722;RSD;RSD;SORS;Average gross earnings;A;Normal value
2403040104IND02;RS;REPUBLIC OF SERBIA;08;2021;0_JS;Public sector;100280;RSD;RSD;SORS;Average gross earnings;A;Normal value
2403040104IND02;RS;REPUBLIC OF SERBIA;08;2021;0_VJS;Non-public sector;84578;RSD;RSD;SORS;Average gross earnings;A;Normal value
2403040104IND02;RS;REPUBLIC OF SERBIA;08;2021;1_JD;Public state enterprises;115379;RSD;RSD;SORS;Average gross earnings;A;Normal value
2403040104IND02;RS;REPUBLIC OF SERBIA;08;2021;2_JL;Public local enterprises;87558;RSD;RSD;SORS;Average gross earnings;A;Normal value
2403040104IND02;RS;REPUBLIC OF SERBIA;08;2021;3_4_5_BK;General government;99169;RSD;RSD;SORS;Average gross earnings;A;Normal value
2403040104IND02;RS;REPUBLIC OF SERBIA;08;2021;3_ZS;Health and social work;99975;RSD;RSD;SORS;Average gross earnings;A;Normal value
2403040104IND02;RS;REPUBLIC OF SERBIA;08;2021;4_OK;Education and culture;91903;RSD;RSD;SORS;Average gross earnings;A;Normal value
2403040104IND02;RS;REPUBLIC OF SERBIA;08;2021;5_AD;Administration - all levels;105105;RSD;RSD;SORS;Average gross earnings;A;Normal value
2403040104IND02;RS;REPUBLIC OF SERBIA;08;2021;5_AD2;Administration - government  level;109587;RSD;RSD;SORS;Average gross earnings;A;Normal value
2403040104IND02;RS;REPUBLIC OF SERBIA;08;2021;5_AD3;Administration - autonomous  province level;110559;RSD;RSD;SORS;Average gross earnings;A;Normal value
2403040104IND02;RS;REPUBLIC OF SERBIA;08;2021;5_AD4;Administration - local authorities’ level;83092;RSD;RSD;SORS;Average gross earnings;A;Normal value
2403040104IND02;RS;REPUBLIC OF SERBIA;08;2022;0;Total;103963;RSD;RSD;SORS;Average gross earnings;A;Normal value
2403040104IND02;RS;REPUBLIC OF SERBIA;08;2022;0_JP_JD_JL;Public enterprises;113455;RSD;RSD;SORS;Average gross earnings;A;Normal value
2403040104IND02;RS;REPUBLIC OF SERBIA;08;2022;0_JS;Public sector;108934;RSD;RSD;SORS;Average gross earnings;A;Normal value
2403040104IND02;RS;REPUBLIC OF SERBIA;08;2022;0_VJS;Non-public sector;101897;RSD;RSD;SORS;Average gross earnings;A;Normal value
2403040104IND02;RS;REPUBLIC OF SERBIA;08;2022;1_JD;Public state enterprises;125537;RSD;RSD;SORS;Average gross earnings;A;Normal value
2403040104IND02;RS;REPUBLIC OF SERBIA;08;2022;2_JL;Public local enterprises;97011;RSD;RSD;SORS;Average gross earnings;A;Normal value
2403040104IND02;RS;REPUBLIC OF SERBIA;08;2022;3_4_5_BK;General government;107495;RSD;RSD;SORS;Average gross earnings;A;Normal value
2403040104IND02;RS;REPUBLIC OF SERBIA;08;2022;3_ZS;Health and social work;108311;RSD;RSD;SORS;Average gross earnings;A;Normal value
2403040104IND02;RS;REPUBLIC OF SERBIA;08;2022;4_OK;Education and culture;100172;RSD;RSD;SORS;Average gross earnings;A;Normal value
2403040104IND02;RS;REPUBLIC OF SERBIA;08;2022;5_AD;Administration - all levels;113455;RSD;RSD;SORS;Average gross earnings;A;Normal value
2403040104IND02;RS;REPUBLIC OF SERBIA;08;2022;5_AD2;Administration - government  level;118157;RSD;RSD;SORS;Average gross earnings;A;Normal value
2403040104IND02;RS;REPUBLIC OF SERBIA;08;2022;5_AD3;Administration - autonomous  province level;120098;RSD;RSD;SORS;Average gross earnings;A;Normal value
2403040104IND02;RS;REPUBLIC OF SERBIA;08;2022;5_AD4;Administration - local authorities’ level;90489;RSD;RSD;SORS;Average gross earnings;A;Normal value
2403040104IND02;RS;REPUBLIC OF SERBIA;08;2023;0;Total;118918;RSD;RSD;SORS;Average gross earnings;A;Normal value
2403040104IND02;RS;REPUBLIC OF SERBIA;08;2023;0_JP_JD_JL;Public enterprises;128410;RSD;RSD;SORS;Average gross earnings;A;Normal value
2403040104IND02;RS;REPUBLIC OF SERBIA;08;2023;0_JS;Public sector;123281;RSD;RSD;SORS;Average gross earnings;A;Normal value
2403040104IND02;RS;REPUBLIC OF SERBIA;08;2023;0_VJS;Non-public sector;117167;RSD;RSD;SORS;Average gross earnings;A;Normal value
2403040104IND02;RS;REPUBLIC OF SERBIA;08;2023;1_JD;Public state enterprises;140507;RSD;RSD;SORS;Average gross earnings;A;Normal value
2403040104IND02;RS;REPUBLIC OF SERBIA;08;2023;2_JL;Public local enterprises;111859;RSD;RSD;SORS;Average gross earnings;A;Normal value
2403040104IND02;RS;REPUBLIC OF SERBIA;08;2023;3_4_5_BK;General government;121669;RSD;RSD;SORS;Average gross earnings;A;Normal value
2403040104IND02;RS;REPUBLIC OF SERBIA;08;2023;3_ZS;Health and social work;119894;RSD;RSD;SORS;Average gross earnings;A;Normal value
2403040104IND02;RS;REPUBLIC OF SERBIA;08;2023;4_OK;Education and culture;111994;RSD;RSD;SORS;Average gross earnings;A;Normal value
2403040104IND02;RS;REPUBLIC OF SERBIA;08;2023;5_AD;Administration - all levels;132246;RSD;RSD;SORS;Average gross earnings;A;Normal value
2403040104IND02;RS;REPUBLIC OF SERBIA;08;2023;5_AD2;Administration - government  level;138020;RSD;RSD;SORS;Average gross earnings;A;Normal value
2403040104IND02;RS;REPUBLIC OF SERBIA;08;2023;5_AD3;Administration - autonomous  province level;135706;RSD;RSD;SORS;Average gross earnings;A;Normal value
2403040104IND02;RS;REPUBLIC OF SERBIA;08;2023;5_AD4;Administration - local authorities’ level;103776;RSD;RSD;SORS;Average gross earnings;A;Normal value
2403040104IND02;RS;REPUBLIC OF SERBIA;08;2024;0;Total;133591;RSD;RSD;SORS;Average gross earnings;A;Normal value
2403040104IND02;RS;REPUBLIC OF SERBIA;08;2024;0_JP_JD_JL;Public enterprises;141084;RSD;RSD;SORS;Average gross earnings;A;Normal value
2403040104IND02;RS;REPUBLIC OF SERBIA;08;2024;0_JS;Public sector;138626;RSD;RSD;SORS;Average gross earnings;A;Normal value
2403040104IND02;RS;REPUBLIC OF SERBIA;08;2024;0_VJS;Non-public sector;131568;RSD;RSD;SORS;Average gross earnings;A;Normal value
2403040104IND02;RS;REPUBLIC OF SERBIA;08;2024;1_JD;Public state enterprises;152997;RSD;RSD;SORS;Average gross earnings;A;Normal value
2403040104IND02;RS;REPUBLIC OF SERBIA;08;2024;2_JL;Public local enterprises;124982;RSD;RSD;SORS;Average gross earnings;A;Normal value
2403040104IND02;RS;REPUBLIC OF SERBIA;08;2024;3_4_5_BK;General government;137864;RSD;RSD;SORS;Average gross earnings;A;Normal value
2403040104IND02;RS;REPUBLIC OF SERBIA;08;2024;3_ZS;Health and social work;135323;RSD;RSD;SORS;Average gross earnings;A;Normal value
2403040104IND02;RS;REPUBLIC OF SERBIA;08;2024;4_OK;Education and culture;129650;RSD;RSD;SORS;Average gross earnings;A;Normal value
2403040104IND02;RS;REPUBLIC OF SERBIA;08;2024;5_AD;Administration - all levels;147772;RSD;RSD;SORS;Average gross earnings;A;Normal value
2403040104IND02;RS;REPUBLIC OF SERBIA;08;2024;5_AD2;Administration - government  level;154170;RSD;RSD;SORS;Average gross earnings;A;Normal value
2403040104IND02;RS;REPUBLIC OF SERBIA;08;2024;5_AD3;Administration - autonomous  province level;149144;RSD;RSD;SORS;Average gross earnings;A;Normal value
2403040104IND02;RS;REPUBLIC OF SERBIA;08;2024;5_AD4;Administration - local authorities’ level;115905;RSD;RSD;SORS;Average gross earnings;A;Normal value
2403040104IND02;RS;REPUBLIC OF SERBIA;08;2025;0;Total;146026;RSD;RSD;SORS;Average gross earnings;A;Normal value
2403040104IND02;RS;REPUBLIC OF SERBIA;08;2025;0_JP_JD_JL;Public enterprises;154212;RSD;RSD;SORS;Average gross earnings;A;Normal value
2403040104IND02;RS;REPUBLIC OF SERBIA;08;2025;0_JS;Public sector;153305;RSD;RSD;SORS;Average gross earnings;A;Normal value
2403040104IND02;RS;REPUBLIC OF SERBIA;08;2025;0_VJS;Non-public sector;143116;RSD;RSD;SORS;Average gross earnings;A;Normal value
2403040104IND02;RS;REPUBLIC OF SERBIA;08;2025;1_JD;Public state enterprises;165239;RSD;RSD;SORS;Average gross earnings;A;Normal value
2403040104IND02;RS;REPUBLIC OF SERBIA;08;2025;2_JL;Public local enterprises;139286;RSD;RSD;SORS;Average gross earnings;A;Normal value
2403040104IND02;RS;REPUBLIC OF SERBIA;08;2025;3_4_5_BK;General government;153029;RSD;RSD;SORS;Average gross earnings;A;Normal value
2403040104IND02;RS;REPUBLIC OF SERBIA;08;2025;3_ZS;Health and social work;147680;RSD;RSD;SORS;Average gross earnings;A;Normal value
2403040104IND02;RS;REPUBLIC OF SERBIA;08;2025;4_OK;Education and culture;145430;RSD;RSD;SORS;Average gross earnings;A;Normal value
2403040104IND02;RS;REPUBLIC OF SERBIA;08;2025;5_AD;Administration - all levels;165366;RSD;RSD;SORS;Average gross earnings;A;Normal value
2403040104IND02;RS;REPUBLIC OF SERBIA;08;2025;5_AD2;Administration - government  level;172649;RSD;RSD;SORS;Average gross earnings;A;Normal value
2403040104IND02;RS;REPUBLIC OF SERBIA;08;2025;5_AD3;Administration - autonomous  province level;160138;RSD;RSD;SORS;Average gross earnings;A;Normal value
2403040104IND02;RS;REPUBLIC OF SERBIA;08;2025;5_AD4;Administration - local authorities’ level;129318;RSD;RSD;SORS;Average gross earnings;A;Normal value
2403040104IND02;RS;REPUBLIC OF SERBIA;09;2003;0;Total;17277;RSD;RSD;SORS;Average gross earnings;A;Normal value
2403040104IND02;RS;REPUBLIC OF SERBIA;09;2003;0_JP_JD_JL;Public enterprises;23598;RSD;RSD;SORS;Average gross earnings;A;Normal value
2403040104IND02;RS;REPUBLIC OF SERBIA;09;2003;0_JS;Public sector;22198;RSD;RSD;SORS;Average gross earnings;A;Normal value
2403040104IND02;RS;REPUBLIC OF SERBIA;09;2003;0_VJS;Non-public sector;13818;RSD;RSD;SORS;Average gross earnings;A;Normal value
2403040104IND02;RS;REPUBLIC OF SERBIA;09;2003;1_JD;Public state enterprises;24181;RSD;RSD;SORS;Average gross earnings;A;Normal value
2403040104IND02;RS;REPUBLIC OF SERBIA;09;2003;2_JL;Public local enterprises;22262;RSD;RSD;SORS;Average gross earnings;A;Normal value
2403040104IND02;RS;REPUBLIC OF SERBIA;09;2003;3_4_5_BK;General government;21408;RSD;RSD;SORS;Average gross earnings;A;Normal value
2403040104IND02;RS;REPUBLIC OF SERBIA;09;2003;3_ZS;Health and social work;19189;RSD;RSD;SORS;Average gross earnings;A;Normal value
2403040104IND02;RS;REPUBLIC OF SERBIA;09;2003;4_OK;Education and culture;22183;RSD;RSD;SORS;Average gross earnings;A;Normal value
2403040104IND02;RS;REPUBLIC OF SERBIA;09;2003;5_AD;Administration - all levels;25224;RSD;RSD;SORS;Average gross earnings;A;Normal value
2403040104IND02;RS;REPUBLIC OF SERBIA;09;2003;5_AD2;Administration - government  level;;RSD;RSD;SORS;Average gross earnings;O;Not available
2403040104IND02;RS;REPUBLIC OF SERBIA;09;2003;5_AD3;Administration - autonomous  province level;;RSD;RSD;SORS;Average gross earnings;O;Not available
2403040104IND02;RS;REPUBLIC OF SERBIA;09;2003;5_AD4;Administration - local authorities’ level;;RSD;RSD;SORS;Average gross earnings;O;Not available
2403040104IND02;RS;REPUBLIC OF SERBIA;09;2004;0;Total;21130;RSD;RSD;SORS;Average gross earnings;A;Normal value
2403040104IND02;RS;REPUBLIC OF SERBIA;09;2004;0_JP_JD_JL;Public enterprises;29231;RSD;RSD;SORS;Average gross earnings;A;Normal value
2403040104IND02;RS;REPUBLIC OF SERBIA;09;2004;0_JS;Public sector;26411;RSD;RSD;SORS;Average gross earnings;A;Normal value
2403040104IND02;RS;REPUBLIC OF SERBIA;09;2004;0_VJS;Non-public sector;17064;RSD;RSD;SORS;Average gross earnings;A;Normal value
2403040104IND02;RS;REPUBLIC OF SERBIA;09;2004;1_JD;Public state enterprises;29306;RSD;RSD;SORS;Average gross earnings;A;Normal value
2403040104IND02;RS;REPUBLIC OF SERBIA;09;2004;2_JL;Public local enterprises;29068;RSD;RSD;SORS;Average gross earnings;A;Normal value
2403040104IND02;RS;REPUBLIC OF SERBIA;09;2004;3_4_5_BK;General government;24851;RSD;RSD;SORS;Average gross earnings;A;Normal value
2403040104IND02;RS;REPUBLIC OF SERBIA;09;2004;3_ZS;Health and social work;24842;RSD;RSD;SORS;Average gross earnings;A;Normal value
2403040104IND02;RS;REPUBLIC OF SERBIA;09;2004;4_OK;Education and culture;23221;RSD;RSD;SORS;Average gross earnings;A;Normal value
2403040104IND02;RS;REPUBLIC OF SERBIA;09;2004;5_AD;Administration - all levels;27858;RSD;RSD;SORS;Average gross earnings;A;Normal value
2403040104IND02;RS;REPUBLIC OF SERBIA;09;2004;5_AD2;Administration - government  level;;RSD;RSD;SORS;Average gross earnings;O;Not available
2403040104IND02;RS;REPUBLIC OF SERBIA;09;2004;5_AD3;Administration - autonomous  province level;;RSD;RSD;SORS;Average gross earnings;O;Not available
2403040104IND02;RS;REPUBLIC OF SERBIA;09;2004;5_AD4;Administration - local authorities’ level;;RSD;RSD;SORS;Average gross earnings;O;Not available
2403040104IND02;RS;REPUBLIC OF SERBIA;09;2005;0;Total;26818;RSD;RSD;SORS;Average gross earnings;A;Normal value
2403040104IND02;RS;REPUBLIC OF SERBIA;09;2005;0_JP_JD_JL;Public enterprises;35863;RSD;RSD;SORS;Average gross earnings;A;Normal value
2403040104IND02;RS;REPUBLIC OF SERBIA;09;2005;0_JS;Public sector;31675;RSD;RSD;SORS;Average gross earnings;A;Normal value
2403040104IND02;RS;REPUBLIC OF SERBIA;09;2005;0_VJS;Non-public sector;22699;RSD;RSD;SORS;Average gross earnings;A;Normal value
2403040104IND02;RS;REPUBLIC OF SERBIA;09;2005;1_JD;Public state enterprises;36614;RSD;RSD;SORS;Average gross earnings;A;Normal value
2403040104IND02;RS;REPUBLIC OF SERBIA;09;2005;2_JL;Public local enterprises;34488;RSD;RSD;SORS;Average gross earnings;A;Normal value
2403040104IND02;RS;REPUBLIC OF SERBIA;09;2005;3_4_5_BK;General government;29438;RSD;RSD;SORS;Average gross earnings;A;Normal value
2403040104IND02;RS;REPUBLIC OF SERBIA;09;2005;3_ZS;Health and social work;27424;RSD;RSD;SORS;Average gross earnings;A;Normal value
2403040104IND02;RS;REPUBLIC OF SERBIA;09;2005;4_OK;Education and culture;29139;RSD;RSD;SORS;Average gross earnings;A;Normal value
2403040104IND02;RS;REPUBLIC OF SERBIA;09;2005;5_AD;Administration - all levels;34884;RSD;RSD;SORS;Average gross earnings;A;Normal value
2403040104IND02;RS;REPUBLIC OF SERBIA;09;2005;5_AD2;Administration - government  level;;RSD;RSD;SORS;Average gross earnings;O;Not available
2403040104IND02;RS;REPUBLIC OF SERBIA;09;2005;5_AD3;Administration - autonomous  province level;;RSD;RSD;SORS;Average gross earnings;O;Not available
2403040104IND02;RS;REPUBLIC OF SERBIA;09;2005;5_AD4;Administration - local authorities’ level;;RSD;RSD;SORS;Average gross earnings;O;Not available
2403040104IND02;RS;REPUBLIC OF SERBIA;09;2006;0;Total;32555;RSD;RSD;SORS;Average gross earnings;A;Normal value
2403040104IND02;RS;REPUBLIC OF SERBIA;09;2006;0_JP_JD_JL;Public enterprises;41615;RSD;RSD;SORS;Average gross earnings;A;Normal value
2403040104IND02;RS;REPUBLIC OF SERBIA;09;2006;0_JS;Public sector;37112;RSD;RSD;SORS;Average gross earnings;A;Normal value
2403040104IND02;RS;REPUBLIC OF SERBIA;09;2006;0_VJS;Non-public sector;28467;RSD;RSD;SORS;Average gross earnings;A;Normal value
2403040104IND02;RS;REPUBLIC OF SERBIA;09;2006;1_JD;Public state enterprises;43408;RSD;RSD;SORS;Average gross earnings;A;Normal value
2403040104IND02;RS;REPUBLIC OF SERBIA;09;2006;2_JL;Public local enterprises;38599;RSD;RSD;SORS;Average gross earnings;A;Normal value
2403040104IND02;RS;REPUBLIC OF SERBIA;09;2006;3_4_5_BK;General government;34780;RSD;RSD;SORS;Average gross earnings;A;Normal value
2403040104IND02;RS;REPUBLIC OF SERBIA;09;2006;3_ZS;Health and social work;32697;RSD;RSD;SORS;Average gross earnings;A;Normal value
2403040104IND02;RS;REPUBLIC OF SERBIA;09;2006;4_OK;Education and culture;33781;RSD;RSD;SORS;Average gross earnings;A;Normal value
2403040104IND02;RS;REPUBLIC OF SERBIA;09;2006;5_AD;Administration - all levels;41750;RSD;RSD;SORS;Average gross earnings;A;Normal value
2403040104IND02;RS;REPUBLIC OF SERBIA;09;2006;5_AD2;Administration - government  level;;RSD;RSD;SORS;Average gross earnings;O;Not available
2403040104IND02;RS;REPUBLIC OF SERBIA;09;2006;5_AD3;Administration - autonomous  province level;;RSD;RSD;SORS;Average gross earnings;O;Not available
2403040104IND02;RS;REPUBLIC OF SERBIA;09;2006;5_AD4;Administration - local authorities’ level;;RSD;RSD;SORS;Average gross earnings;O;Not available
2403040104IND02;RS;REPUBLIC OF SERBIA;09;2007;0;Total;39308;RSD;RSD;SORS;Average gross earnings;A;Normal value
2403040104IND02;RS;REPUBLIC OF SERBIA;09;2007;0_JP_JD_JL;Public enterprises;48165;RSD;RSD;SORS;Average gross earnings;A;Normal value
2403040104IND02;RS;REPUBLIC OF SERBIA;09;2007;0_JS;Public sector;45479;RSD;RSD;SORS;Average gross earnings;A;Normal value
2403040104IND02;RS;REPUBLIC OF SERBIA;09;2007;0_VJS;Non-public sector;33227;RSD;RSD;SORS;Average gross earnings;A;Normal value
2403040104IND02;RS;REPUBLIC OF SERBIA;09;2007;1_JD;Public state enterprises;51133;RSD;RSD;SORS;Average gross earnings;A;Normal value
2403040104IND02;RS;REPUBLIC OF SERBIA;09;2007;2_JL;Public local enterprises;43076;RSD;RSD;SORS;Average gross earnings;A;Normal value
2403040104IND02;RS;REPUBLIC OF SERBIA;09;2007;3_4_5_BK;General government;44139;RSD;RSD;SORS;Average gross earnings;A;Normal value
2403040104IND02;RS;REPUBLIC OF SERBIA;09;2007;3_ZS;Health and social work;43369;RSD;RSD;SORS;Average gross earnings;A;Normal value
2403040104IND02;RS;REPUBLIC OF SERBIA;09;2007;4_OK;Education and culture;42158;RSD;RSD;SORS;Average gross earnings;A;Normal value
2403040104IND02;RS;REPUBLIC OF SERBIA;09;2007;5_AD;Administration - all levels;49989;RSD;RSD;SORS;Average gross earnings;A;Normal value
2403040104IND02;RS;REPUBLIC OF SERBIA;09;2007;5_AD2;Administration - government  level;;RSD;RSD;SORS;Average gross earnings;O;Not available
2403040104IND02;RS;REPUBLIC OF SERBIA;09;2007;5_AD3;Administration - autonomous  province level;;RSD;RSD;SORS;Average gross earnings;O;Not available
2403040104IND02;RS;REPUBLIC OF SERBIA;09;2007;5_AD4;Administration - local authorities’ level;;RSD;RSD;SORS;Average gross earnings;O;Not available
2403040104IND02;RS;REPUBLIC OF SERBIA;09;2008;0;Total;46015;RSD;RSD;SORS;Average gross earnings;A;Normal value
2403040104IND02;RS;REPUBLIC OF SERBIA;09;2008;0_JP_JD_JL;Public enterprises;55517;RSD;RSD;SORS;Average gross earnings;A;Normal value
2403040104IND02;RS;REPUBLIC OF SERBIA;09;2008;0_JS;Public sector;51890;RSD;RSD;SORS;Average gross earnings;A;Normal value
2403040104IND02;RS;REPUBLIC OF SERBIA;09;2008;0_VJS;Non-public sector;39731;RSD;RSD;SORS;Average gross earnings;A;Normal value
2403040104IND02;RS;REPUBLIC OF SERBIA;09;2008;1_JD;Public state enterprises;58707;RSD;RSD;SORS;Average gross earnings;A;Normal value
2403040104IND02;RS;REPUBLIC OF SERBIA;09;2008;2_JL;Public local enterprises;50032;RSD;RSD;SORS;Average gross earnings;A;Normal value
2403040104IND02;RS;REPUBLIC OF SERBIA;09;2008;3_4_5_BK;General government;50125;RSD;RSD;SORS;Average gross earnings;A;Normal value
2403040104IND02;RS;REPUBLIC OF SERBIA;09;2008;3_ZS;Health and social work;48918;RSD;RSD;SORS;Average gross earnings;A;Normal value
2403040104IND02;RS;REPUBLIC OF SERBIA;09;2008;4_OK;Education and culture;48994;RSD;RSD;SORS;Average gross earnings;A;Normal value
2403040104IND02;RS;REPUBLIC OF SERBIA;09;2008;5_AD;Administration - all levels;55196;RSD;RSD;SORS;Average gross earnings;A;Normal value
2403040104IND02;RS;REPUBLIC OF SERBIA;09;2008;5_AD2;Administration - government  level;;RSD;RSD;SORS;Average gross earnings;O;Not available
2403040104IND02;RS;REPUBLIC OF SERBIA;09;2008;5_AD3;Administration - autonomous  province level;;RSD;RSD;SORS;Average gross earnings;O;Not available
2403040104IND02;RS;REPUBLIC OF SERBIA;09;2008;5_AD4;Administration - local authorities’ level;;RSD;RSD;SORS;Average gross earnings;O;Not available
2403040104IND02;RS;REPUBLIC OF SERBIA;09;2009;0;Total;43577;RSD;RSD;SORS;Average gross earnings;A;Normal value
2403040104IND02;RS;REPUBLIC OF SERBIA;09;2009;0_JP_JD_JL;Public enterprises;57773;RSD;RSD;SORS;Average gross earnings;A;Normal value
2403040104IND02;RS;REPUBLIC OF SERBIA;09;2009;0_JS;Public sector;53760;RSD;RSD;SORS;Average gross earnings;A;Normal value
2403040104IND02;RS;REPUBLIC OF SERBIA;09;2009;0_VJS;Non-public sector;35579;RSD;RSD;SORS;Average gross earnings;A;Normal value
2403040104IND02;RS;REPUBLIC OF SERBIA;09;2009;1_JD;Public state enterprises;61629;RSD;RSD;SORS;Average gross earnings;A;Normal value
2403040104IND02;RS;REPUBLIC OF SERBIA;09;2009;2_JL;Public local enterprises;51761;RSD;RSD;SORS;Average gross earnings;A;Normal value
2403040104IND02;RS;REPUBLIC OF SERBIA;09;2009;3_4_5_BK;General government;51987;RSD;RSD;SORS;Average gross earnings;A;Normal value
2403040104IND02;RS;REPUBLIC OF SERBIA;09;2009;3_ZS;Health and social work;50929;RSD;RSD;SORS;Average gross earnings;A;Normal value
2403040104IND02;RS;REPUBLIC OF SERBIA;09;2009;4_OK;Education and culture;51362;RSD;RSD;SORS;Average gross earnings;A;Normal value
2403040104IND02;RS;REPUBLIC OF SERBIA;09;2009;5_AD;Administration - all levels;55543;RSD;RSD;SORS;Average gross earnings;A;Normal value
2403040104IND02;RS;REPUBLIC OF SERBIA;09;2009;5_AD2;Administration - government  level;;RSD;RSD;SORS;Average gross earnings;O;Not available
2403040104IND02;RS;REPUBLIC OF SERBIA;09;2009;5_AD3;Administration - autonomous  province level;;RSD;RSD;SORS;Average gross earnings;O;Not available
2403040104IND02;RS;REPUBLIC OF SERBIA;09;2009;5_AD4;Administration - local authorities’ level;;RSD;RSD;SORS;Average gross earnings;O;Not available
2403040104IND02;RS;REPUBLIC OF SERBIA;09;2010;0;Total;48016;RSD;RSD;SORS;Average gross earnings;A;Normal value
2403040104IND02;RS;REPUBLIC OF SERBIA;09;2010;0_JP_JD_JL;Public enterprises;61021;RSD;RSD;SORS;Average gross earnings;A;Normal value
2403040104IND02;RS;REPUBLIC OF SERBIA;09;2010;0_JS;Public sector;55845;RSD;RSD;SORS;Average gross earnings;A;Normal value
2403040104IND02;RS;REPUBLIC OF SERBIA;09;2010;0_VJS;Non-public sector;41233;RSD;RSD;SORS;Average gross earnings;A;Normal value
2403040104IND02;RS;REPUBLIC OF SERBIA;09;2010;1_JD;Public state enterprises;65291;RSD;RSD;SORS;Average gross earnings;A;Normal value
2403040104IND02;RS;REPUBLIC OF SERBIA;09;2010;2_JL;Public local enterprises;54486;RSD;RSD;SORS;Average gross earnings;A;Normal value
2403040104IND02;RS;REPUBLIC OF SERBIA;09;2010;3_4_5_BK;General government;53596;RSD;RSD;SORS;Average gross earnings;A;Normal value
2403040104IND02;RS;REPUBLIC OF SERBIA;09;2010;3_ZS;Health and social work;51795;RSD;RSD;SORS;Average gross earnings;A;Normal value
2403040104IND02;RS;REPUBLIC OF SERBIA;09;2010;4_OK;Education and culture;51958;RSD;RSD;SORS;Average gross earnings;A;Normal value
2403040104IND02;RS;REPUBLIC OF SERBIA;09;2010;5_AD;Administration - all levels;60901;RSD;RSD;SORS;Average gross earnings;A;Normal value
2403040104IND02;RS;REPUBLIC OF SERBIA;09;2010;5_AD2;Administration - government  level;;RSD;RSD;SORS;Average gross earnings;O;Not available
2403040104IND02;RS;REPUBLIC OF SERBIA;09;2010;5_AD3;Administration - autonomous  province level;;RSD;RSD;SORS;Average gross earnings;O;Not available
2403040104IND02;RS;REPUBLIC OF SERBIA;09;2010;5_AD4;Administration - local authorities’ level;;RSD;RSD;SORS;Average gross earnings;O;Not available
2403040104IND02;RS;REPUBLIC OF SERBIA;09;2011;0;Total;53838;RSD;RSD;SORS;Average gross earnings;A;Normal value
2403040104IND02;RS;REPUBLIC OF SERBIA;09;2011;0_JP_JD_JL;Public enterprises;69413;RSD;RSD;SORS;Average gross earnings;A;Normal value
2403040104IND02;RS;REPUBLIC OF SERBIA;09;2011;0_JS;Public sector;61836;RSD;RSD;SORS;Average gross earnings;A;Normal value
2403040104IND02;RS;REPUBLIC OF SERBIA;09;2011;0_VJS;Non-public sector;46548;RSD;RSD;SORS;Average gross earnings;A;Normal value
2403040104IND02;RS;REPUBLIC OF SERBIA;09;2011;1_JD;Public state enterprises;77344;RSD;RSD;SORS;Average gross earnings;A;Normal value
2403040104IND02;RS;REPUBLIC OF SERBIA;09;2011;2_JL;Public local enterprises;57695;RSD;RSD;SORS;Average gross earnings;A;Normal value
2403040104IND02;RS;REPUBLIC OF SERBIA;09;2011;3_4_5_BK;General government;58559;RSD;RSD;SORS;Average gross earnings;A;Normal value
2403040104IND02;RS;REPUBLIC OF SERBIA;09;2011;3_ZS;Health and social work;56390;RSD;RSD;SORS;Average gross earnings;A;Normal value
2403040104IND02;RS;REPUBLIC OF SERBIA;09;2011;4_OK;Education and culture;56047;RSD;RSD;SORS;Average gross earnings;A;Normal value
2403040104IND02;RS;REPUBLIC OF SERBIA;09;2011;5_AD;Administration - all levels;68444;RSD;RSD;SORS;Average gross earnings;A;Normal value
2403040104IND02;RS;REPUBLIC OF SERBIA;09;2011;5_AD2;Administration - government  level;;RSD;RSD;SORS;Average gross earnings;O;Not available
2403040104IND02;RS;REPUBLIC OF SERBIA;09;2011;5_AD3;Administration - autonomous  province level;;RSD;RSD;SORS;Average gross earnings;O;Not available
2403040104IND02;RS;REPUBLIC OF SERBIA;09;2011;5_AD4;Administration - local authorities’ level;;RSD;RSD;SORS;Average gross earnings;O;Not available
2403040104IND02;RS;REPUBLIC OF SERBIA;09;2012;0;Total;55903;RSD;RSD;SORS;Average gross earnings;A;Normal value
2403040104IND02;RS;REPUBLIC OF SERBIA;09;2012;0_JP_JD_JL;Public enterprises;67992;RSD;RSD;SORS;Average gross earnings;A;Normal value
2403040104IND02;RS;REPUBLIC OF SERBIA;09;2012;0_JS;Public sector;63248;RSD;RSD;SORS;Average gross earnings;A;Normal value
2403040104IND02;RS;REPUBLIC OF SERBIA;09;2012;0_VJS;Non-public sector;49250;RSD;RSD;SORS;Average gross earnings;A;Normal value
2403040104IND02;RS;REPUBLIC OF SERBIA;09;2012;1_JD;Public state enterprises;73126;RSD;RSD;SORS;Average gross earnings;A;Normal value
2403040104IND02;RS;REPUBLIC OF SERBIA;09;2012;2_JL;Public local enterprises;60534;RSD;RSD;SORS;Average gross earnings;A;Normal value
2403040104IND02;RS;REPUBLIC OF SERBIA;09;2012;3_4_5_BK;General government;61176;RSD;RSD;SORS;Average gross earnings;A;Normal value
2403040104IND02;RS;REPUBLIC OF SERBIA;09;2012;3_ZS;Health and social work;58946;RSD;RSD;SORS;Average gross earnings;A;Normal value
2403040104IND02;RS;REPUBLIC OF SERBIA;09;2012;4_OK;Education and culture;58746;RSD;RSD;SORS;Average gross earnings;A;Normal value
2403040104IND02;RS;REPUBLIC OF SERBIA;09;2012;5_AD;Administration - all levels;70697;RSD;RSD;SORS;Average gross earnings;A;Normal value
2403040104IND02;RS;REPUBLIC OF SERBIA;09;2012;5_AD2;Administration - government  level;;RSD;RSD;SORS;Average gross earnings;O;Not available
2403040104IND02;RS;REPUBLIC OF SERBIA;09;2012;5_AD3;Administration - autonomous  province level;;RSD;RSD;SORS;Average gross earnings;O;Not available
2403040104IND02;RS;REPUBLIC OF SERBIA;09;2012;5_AD4;Administration - local authorities’ level;;RSD;RSD;SORS;Average gross earnings;O;Not available
2403040104IND02;RS;REPUBLIC OF SERBIA;09;2013;0;Total;59162;RSD;RSD;SORS;Average gross earnings;A;Normal value
2403040104IND02;RS;REPUBLIC OF SERBIA;09;2013;0_JP_JD_JL;Public enterprises;76849;RSD;RSD;SORS;Average gross earnings;A;Normal value
2403040104IND02;RS;REPUBLIC OF SERBIA;09;2013;0_JS;Public sector;67789;RSD;RSD;SORS;Average gross earnings;A;Normal value
2403040104IND02;RS;REPUBLIC OF SERBIA;09;2013;0_VJS;Non-public sector;51252;RSD;RSD;SORS;Average gross earnings;A;Normal value
2403040104IND02;RS;REPUBLIC OF SERBIA;09;2013;1_JD;Public state enterprises;87539;RSD;RSD;SORS;Average gross earnings;A;Normal value
2403040104IND02;RS;REPUBLIC OF SERBIA;09;2013;2_JL;Public local enterprises;61389;RSD;RSD;SORS;Average gross earnings;A;Normal value
2403040104IND02;RS;REPUBLIC OF SERBIA;09;2013;3_4_5_BK;General government;63824;RSD;RSD;SORS;Average gross earnings;A;Normal value
2403040104IND02;RS;REPUBLIC OF SERBIA;09;2013;3_ZS;Health and social work;60561;RSD;RSD;SORS;Average gross earnings;A;Normal value
2403040104IND02;RS;REPUBLIC OF SERBIA;09;2013;4_OK;Education and culture;61536;RSD;RSD;SORS;Average gross earnings;A;Normal value
2403040104IND02;RS;REPUBLIC OF SERBIA;09;2013;5_AD;Administration - all levels;75158;RSD;RSD;SORS;Average gross earnings;A;Normal value
2403040104IND02;RS;REPUBLIC OF SERBIA;09;2013;5_AD2;Administration - government  level;;RSD;RSD;SORS;Average gross earnings;O;Not available
2403040104IND02;RS;REPUBLIC OF SERBIA;09;2013;5_AD3;Administration - autonomous  province level;;RSD;RSD;SORS;Average gross earnings;O;Not available
2403040104IND02;RS;REPUBLIC OF SERBIA;09;2013;5_AD4;Administration - local authorities’ level;;RSD;RSD;SORS;Average gross earnings;O;Not available
2403040104IND02;RS;REPUBLIC OF SERBIA;09;2014;0;Total;60803;RSD;RSD;SORS;Average gross earnings;A;Normal value
2403040104IND02;RS;REPUBLIC OF SERBIA;09;2014;0_JP_JD_JL;Public enterprises;78935;RSD;RSD;SORS;Average gross earnings;A;Normal value
2403040104IND02;RS;REPUBLIC OF SERBIA;09;2014;0_JS;Public sector;68923;RSD;RSD;SORS;Average gross earnings;A;Normal value
2403040104IND02;RS;REPUBLIC OF SERBIA;09;2014;0_VJS;Non-public sector;53355;RSD;RSD;SORS;Average gross earnings;A;Normal value
2403040104IND02;RS;REPUBLIC OF SERBIA;09;2014;1_JD;Public state enterprises;90469;RSD;RSD;SORS;Average gross earnings;A;Normal value
2403040104IND02;RS;REPUBLIC OF SERBIA;09;2014;2_JL;Public local enterprises;62222;RSD;RSD;SORS;Average gross earnings;A;Normal value
2403040104IND02;RS;REPUBLIC OF SERBIA;09;2014;3_4_5_BK;General government;64601;RSD;RSD;SORS;Average gross earnings;A;Normal value
2403040104IND02;RS;REPUBLIC OF SERBIA;09;2014;3_ZS;Health and social work;61384;RSD;RSD;SORS;Average gross earnings;A;Normal value
2403040104IND02;RS;REPUBLIC OF SERBIA;09;2014;4_OK;Education and culture;62048;RSD;RSD;SORS;Average gross earnings;A;Normal value
2403040104IND02;RS;REPUBLIC OF SERBIA;09;2014;5_AD;Administration - all levels;76513;RSD;RSD;SORS;Average gross earnings;A;Normal value
2403040104IND02;RS;REPUBLIC OF SERBIA;09;2014;5_AD2;Administration - government  level;;RSD;RSD;SORS;Average gross earnings;O;Not available
2403040104IND02;RS;REPUBLIC OF SERBIA;09;2014;5_AD3;Administration - autonomous  province level;;RSD;RSD;SORS;Average gross earnings;O;Not available
2403040104IND02;RS;REPUBLIC OF SERBIA;09;2014;5_AD4;Administration - local authorities’ level;;RSD;RSD;SORS;Average gross earnings;O;Not available
2403040104IND02;RS;REPUBLIC OF SERBIA;09;2015;0;Total;60503;RSD;RSD;SORS;Average gross earnings;A;Normal value
2403040104IND02;RS;REPUBLIC OF SERBIA;09;2015;0_JP_JD_JL;Public enterprises;76217;RSD;RSD;SORS;Average gross earnings;A;Normal value
2403040104IND02;RS;REPUBLIC OF SERBIA;09;2015;0_JS;Public sector;64189;RSD;RSD;SORS;Average gross earnings;A;Normal value
2403040104IND02;RS;REPUBLIC OF SERBIA;09;2015;0_VJS;Non-public sector;57073;RSD;RSD;SORS;Average gross earnings;A;Normal value
2403040104IND02;RS;REPUBLIC OF SERBIA;09;2015;1_JD;Public state enterprises;87374;RSD;RSD;SORS;Average gross earnings;A;Normal value
2403040104IND02;RS;REPUBLIC OF SERBIA;09;2015;2_JL;Public local enterprises;60732;RSD;RSD;SORS;Average gross earnings;A;Normal value
2403040104IND02;RS;REPUBLIC OF SERBIA;09;2015;3_4_5_BK;General government;58840;RSD;RSD;SORS;Average gross earnings;A;Normal value
2403040104IND02;RS;REPUBLIC OF SERBIA;09;2015;3_ZS;Health and social work;56672;RSD;RSD;SORS;Average gross earnings;A;Normal value
2403040104IND02;RS;REPUBLIC OF SERBIA;09;2015;4_OK;Education and culture;56159;RSD;RSD;SORS;Average gross earnings;A;Normal value
2403040104IND02;RS;REPUBLIC OF SERBIA;09;2015;5_AD;Administration - all levels;68718;RSD;RSD;SORS;Average gross earnings;A;Normal value
2403040104IND02;RS;REPUBLIC OF SERBIA;09;2015;5_AD2;Administration - government  level;;RSD;RSD;SORS;Average gross earnings;O;Not available
2403040104IND02;RS;REPUBLIC OF SERBIA;09;2015;5_AD3;Administration - autonomous  province level;;RSD;RSD;SORS;Average gross earnings;O;Not available
2403040104IND02;RS;REPUBLIC OF SERBIA;09;2015;5_AD4;Administration - local authorities’ level;;RSD;RSD;SORS;Average gross earnings;O;Not available
2403040104IND02;RS;REPUBLIC OF SERBIA;09;2016;0;Total;64150;RSD;RSD;SORS;Average gross earnings;A;Normal value
2403040104IND02;RS;REPUBLIC OF SERBIA;09;2016;0_JP_JD_JL;Public enterprises;80822;RSD;RSD;SORS;Average gross earnings;A;Normal value
2403040104IND02;RS;REPUBLIC OF SERBIA;09;2016;0_JS;Public sector;67447;RSD;RSD;SORS;Average gross earnings;A;Normal value
2403040104IND02;RS;REPUBLIC OF SERBIA;09;2016;0_VJS;Non-public sector;61207;RSD;RSD;SORS;Average gross earnings;A;Normal value
2403040104IND02;RS;REPUBLIC OF SERBIA;09;2016;1_JD;Public state enterprises;92320;RSD;RSD;SORS;Average gross earnings;A;Normal value
2403040104IND02;RS;REPUBLIC OF SERBIA;09;2016;2_JL;Public local enterprises;64686;RSD;RSD;SORS;Average gross earnings;A;Normal value
2403040104IND02;RS;REPUBLIC OF SERBIA;09;2016;3_4_5_BK;General government;61558;RSD;RSD;SORS;Average gross earnings;A;Normal value
2403040104IND02;RS;REPUBLIC OF SERBIA;09;2016;3_ZS;Health and social work;58299;RSD;RSD;SORS;Average gross earnings;A;Normal value
2403040104IND02;RS;REPUBLIC OF SERBIA;09;2016;4_OK;Education and culture;61040;RSD;RSD;SORS;Average gross earnings;A;Normal value
2403040104IND02;RS;REPUBLIC OF SERBIA;09;2016;5_AD;Administration - all levels;69539;RSD;RSD;SORS;Average gross earnings;A;Normal value
2403040104IND02;RS;REPUBLIC OF SERBIA;09;2016;5_AD2;Administration - government  level;;RSD;RSD;SORS;Average gross earnings;O;Not available
2403040104IND02;RS;REPUBLIC OF SERBIA;09;2016;5_AD3;Administration - autonomous  province level;;RSD;RSD;SORS;Average gross earnings;O;Not available
2403040104IND02;RS;REPUBLIC OF SERBIA;09;2016;5_AD4;Administration - local authorities’ level;;RSD;RSD;SORS;Average gross earnings;O;Not available
2403040104IND02;RS;REPUBLIC OF SERBIA;09;2017;0;Total;66438;RSD;RSD;SORS;Average gross earnings;A;Normal value
2403040104IND02;RS;REPUBLIC OF SERBIA;09;2017;0_JP_JD_JL;Public enterprises;81771;RSD;RSD;SORS;Average gross earnings;A;Normal value
2403040104IND02;RS;REPUBLIC OF SERBIA;09;2017;0_JS;Public sector;68855;RSD;RSD;SORS;Average gross earnings;A;Normal value
2403040104IND02;RS;REPUBLIC OF SERBIA;09;2017;0_VJS;Non-public sector;64337;RSD;RSD;SORS;Average gross earnings;A;Normal value
2403040104IND02;RS;REPUBLIC OF SERBIA;09;2017;1_JD;Public state enterprises;94212;RSD;RSD;SORS;Average gross earnings;A;Normal value
2403040104IND02;RS;REPUBLIC OF SERBIA;09;2017;2_JL;Public local enterprises;64654;RSD;RSD;SORS;Average gross earnings;A;Normal value
2403040104IND02;RS;REPUBLIC OF SERBIA;09;2017;3_4_5_BK;General government;63327;RSD;RSD;SORS;Average gross earnings;A;Normal value
2403040104IND02;RS;REPUBLIC OF SERBIA;09;2017;3_ZS;Health and social work;61179;RSD;RSD;SORS;Average gross earnings;A;Normal value
2403040104IND02;RS;REPUBLIC OF SERBIA;09;2017;4_OK;Education and culture;61829;RSD;RSD;SORS;Average gross earnings;A;Normal value
2403040104IND02;RS;REPUBLIC OF SERBIA;09;2017;5_AD;Administration - all levels;70809;RSD;RSD;SORS;Average gross earnings;A;Normal value
2403040104IND02;RS;REPUBLIC OF SERBIA;09;2017;5_AD2;Administration - government  level;;RSD;RSD;SORS;Average gross earnings;O;Not available
2403040104IND02;RS;REPUBLIC OF SERBIA;09;2017;5_AD3;Administration - autonomous  province level;;RSD;RSD;SORS;Average gross earnings;O;Not available
2403040104IND02;RS;REPUBLIC OF SERBIA;09;2017;5_AD4;Administration - local authorities’ level;;RSD;RSD;SORS;Average gross earnings;O;Not available
2403040104IND02;RS;REPUBLIC OF SERBIA;09;2018;0;Total;66251;RSD;RSD;SORS;Average gross earnings;A;Normal value
2403040104IND02;RS;REPUBLIC OF SERBIA;09;2018;0_JP_JD_JL;Public enterprises;78071;RSD;RSD;SORS;Average gross earnings;A;Normal value
2403040104IND02;RS;REPUBLIC OF SERBIA;09;2018;0_JS;Public sector;74974;RSD;RSD;SORS;Average gross earnings;A;Normal value
2403040104IND02;RS;REPUBLIC OF SERBIA;09;2018;0_VJS;Non-public sector;61988;RSD;RSD;SORS;Average gross earnings;A;Normal value
2403040104IND02;RS;REPUBLIC OF SERBIA;09;2018;1_JD;Public state enterprises;87929;RSD;RSD;SORS;Average gross earnings;A;Normal value
2403040104IND02;RS;REPUBLIC OF SERBIA;09;2018;2_JL;Public local enterprises;63772;RSD;RSD;SORS;Average gross earnings;A;Normal value
2403040104IND02;RS;REPUBLIC OF SERBIA;09;2018;3_4_5_BK;General government;73937;RSD;RSD;SORS;Average gross earnings;A;Normal value
2403040104IND02;RS;REPUBLIC OF SERBIA;09;2018;3_ZS;Health and social work;67761;RSD;RSD;SORS;Average gross earnings;A;Normal value
2403040104IND02;RS;REPUBLIC OF SERBIA;09;2018;4_OK;Education and culture;71977;RSD;RSD;SORS;Average gross earnings;A;Normal value
2403040104IND02;RS;REPUBLIC OF SERBIA;09;2018;5_AD;Administration - all levels;81379;RSD;RSD;SORS;Average gross earnings;A;Normal value
2403040104IND02;RS;REPUBLIC OF SERBIA;09;2018;5_AD2;Administration - government  level;85018;RSD;RSD;SORS;Average gross earnings;A;Normal value
2403040104IND02;RS;REPUBLIC OF SERBIA;09;2018;5_AD3;Administration - autonomous  province level;85001;RSD;RSD;SORS;Average gross earnings;A;Normal value
2403040104IND02;RS;REPUBLIC OF SERBIA;09;2018;5_AD4;Administration - local authorities’ level;64136;RSD;RSD;SORS;Average gross earnings;A;Normal value
2403040104IND02;RS;REPUBLIC OF SERBIA;09;2019;0;Total;74160;RSD;RSD;SORS;Average gross earnings;A;Normal value
2403040104IND02;RS;REPUBLIC OF SERBIA;09;2019;0_JP_JD_JL;Public enterprises;88478;RSD;RSD;SORS;Average gross earnings;A;Normal value
2403040104IND02;RS;REPUBLIC OF SERBIA;09;2019;0_JS;Public sector;83217;RSD;RSD;SORS;Average gross earnings;A;Normal value
2403040104IND02;RS;REPUBLIC OF SERBIA;09;2019;0_VJS;Non-public sector;69995;RSD;RSD;SORS;Average gross earnings;A;Normal value
2403040104IND02;RS;REPUBLIC OF SERBIA;09;2019;1_JD;Public state enterprises;101735;RSD;RSD;SORS;Average gross earnings;A;Normal value
2403040104IND02;RS;REPUBLIC OF SERBIA;09;2019;2_JL;Public local enterprises;70533;RSD;RSD;SORS;Average gross earnings;A;Normal value
2403040104IND02;RS;REPUBLIC OF SERBIA;09;2019;3_4_5_BK;General government;81515;RSD;RSD;SORS;Average gross earnings;A;Normal value
2403040104IND02;RS;REPUBLIC OF SERBIA;09;2019;3_ZS;Health and social work;75786;RSD;RSD;SORS;Average gross earnings;A;Normal value
2403040104IND02;RS;REPUBLIC OF SERBIA;09;2019;4_OK;Education and culture;79377;RSD;RSD;SORS;Average gross earnings;A;Normal value
2403040104IND02;RS;REPUBLIC OF SERBIA;09;2019;5_AD;Administration - all levels;88700;RSD;RSD;SORS;Average gross earnings;A;Normal value
2403040104IND02;RS;REPUBLIC OF SERBIA;09;2019;5_AD2;Administration - government  level;92353;RSD;RSD;SORS;Average gross earnings;A;Normal value
2403040104IND02;RS;REPUBLIC OF SERBIA;09;2019;5_AD3;Administration - autonomous  province level;93326;RSD;RSD;SORS;Average gross earnings;A;Normal value
2403040104IND02;RS;REPUBLIC OF SERBIA;09;2019;5_AD4;Administration - local authorities’ level;70864;RSD;RSD;SORS;Average gross earnings;A;Normal value
2403040104IND02;RS;REPUBLIC OF SERBIA;09;2020;0;Total;82515;RSD;RSD;SORS;Average gross earnings;A;Normal value
2403040104IND02;RS;REPUBLIC OF SERBIA;09;2020;0_JP_JD_JL;Public enterprises;98776;RSD;RSD;SORS;Average gross earnings;A;Normal value
2403040104IND02;RS;REPUBLIC OF SERBIA;09;2020;0_JS;Public sector;94197;RSD;RSD;SORS;Average gross earnings;A;Normal value
2403040104IND02;RS;REPUBLIC OF SERBIA;09;2020;0_VJS;Non-public sector;77456;RSD;RSD;SORS;Average gross earnings;A;Normal value
2403040104IND02;RS;REPUBLIC OF SERBIA;09;2020;1_JD;Public state enterprises;111130;RSD;RSD;SORS;Average gross earnings;A;Normal value
2403040104IND02;RS;REPUBLIC OF SERBIA;09;2020;2_JL;Public local enterprises;81891;RSD;RSD;SORS;Average gross earnings;A;Normal value
2403040104IND02;RS;REPUBLIC OF SERBIA;09;2020;3_4_5_BK;General government;92730;RSD;RSD;SORS;Average gross earnings;A;Normal value
2403040104IND02;RS;REPUBLIC OF SERBIA;09;2020;3_ZS;Health and social work;92610;RSD;RSD;SORS;Average gross earnings;A;Normal value
2403040104IND02;RS;REPUBLIC OF SERBIA;09;2020;4_OK;Education and culture;87304;RSD;RSD;SORS;Average gross earnings;A;Normal value
2403040104IND02;RS;REPUBLIC OF SERBIA;09;2020;5_AD;Administration - all levels;97869;RSD;RSD;SORS;Average gross earnings;A;Normal value
2403040104IND02;RS;REPUBLIC OF SERBIA;09;2020;5_AD2;Administration - government  level;101856;RSD;RSD;SORS;Average gross earnings;A;Normal value
2403040104IND02;RS;REPUBLIC OF SERBIA;09;2020;5_AD3;Administration - autonomous  province level;104151;RSD;RSD;SORS;Average gross earnings;A;Normal value
2403040104IND02;RS;REPUBLIC OF SERBIA;09;2020;5_AD4;Administration - local authorities’ level;78321;RSD;RSD;SORS;Average gross earnings;A;Normal value
2403040104IND02;RS;REPUBLIC OF SERBIA;09;2021;0;Total;89980;RSD;RSD;SORS;Average gross earnings;A;Normal value
2403040104IND02;RS;REPUBLIC OF SERBIA;09;2021;0_JP_JD_JL;Public enterprises;102832;RSD;RSD;SORS;Average gross earnings;A;Normal value
2403040104IND02;RS;REPUBLIC OF SERBIA;09;2021;0_JS;Public sector;100456;RSD;RSD;SORS;Average gross earnings;A;Normal value
2403040104IND02;RS;REPUBLIC OF SERBIA;09;2021;0_VJS;Non-public sector;85587;RSD;RSD;SORS;Average gross earnings;A;Normal value
2403040104IND02;RS;REPUBLIC OF SERBIA;09;2021;1_JD;Public state enterprises;114704;RSD;RSD;SORS;Average gross earnings;A;Normal value
2403040104IND02;RS;REPUBLIC OF SERBIA;09;2021;2_JL;Public local enterprises;86586;RSD;RSD;SORS;Average gross earnings;A;Normal value
2403040104IND02;RS;REPUBLIC OF SERBIA;09;2021;3_4_5_BK;General government;99697;RSD;RSD;SORS;Average gross earnings;A;Normal value
2403040104IND02;RS;REPUBLIC OF SERBIA;09;2021;3_ZS;Health and social work;101411;RSD;RSD;SORS;Average gross earnings;A;Normal value
2403040104IND02;RS;REPUBLIC OF SERBIA;09;2021;4_OK;Education and culture;92139;RSD;RSD;SORS;Average gross earnings;A;Normal value
2403040104IND02;RS;REPUBLIC OF SERBIA;09;2021;5_AD;Administration - all levels;105242;RSD;RSD;SORS;Average gross earnings;A;Normal value
2403040104IND02;RS;REPUBLIC OF SERBIA;09;2021;5_AD2;Administration - government  level;109742;RSD;RSD;SORS;Average gross earnings;A;Normal value
2403040104IND02;RS;REPUBLIC OF SERBIA;09;2021;5_AD3;Administration - autonomous  province level;110682;RSD;RSD;SORS;Average gross earnings;A;Normal value
2403040104IND02;RS;REPUBLIC OF SERBIA;09;2021;5_AD4;Administration - local authorities’ level;83252;RSD;RSD;SORS;Average gross earnings;A;Normal value
2403040104IND02;RS;REPUBLIC OF SERBIA;09;2022;0;Total;103476;RSD;RSD;SORS;Average gross earnings;A;Normal value
2403040104IND02;RS;REPUBLIC OF SERBIA;09;2022;0_JP_JD_JL;Public enterprises;111254;RSD;RSD;SORS;Average gross earnings;A;Normal value
2403040104IND02;RS;REPUBLIC OF SERBIA;09;2022;0_JS;Public sector;107534;RSD;RSD;SORS;Average gross earnings;A;Normal value
2403040104IND02;RS;REPUBLIC OF SERBIA;09;2022;0_VJS;Non-public sector;101785;RSD;RSD;SORS;Average gross earnings;A;Normal value
2403040104IND02;RS;REPUBLIC OF SERBIA;09;2022;1_JD;Public state enterprises;123142;RSD;RSD;SORS;Average gross earnings;A;Normal value
2403040104IND02;RS;REPUBLIC OF SERBIA;09;2022;2_JL;Public local enterprises;94921;RSD;RSD;SORS;Average gross earnings;A;Normal value
2403040104IND02;RS;REPUBLIC OF SERBIA;09;2022;3_4_5_BK;General government;106362;RSD;RSD;SORS;Average gross earnings;A;Normal value
2403040104IND02;RS;REPUBLIC OF SERBIA;09;2022;3_ZS;Health and social work;106425;RSD;RSD;SORS;Average gross earnings;A;Normal value
2403040104IND02;RS;REPUBLIC OF SERBIA;09;2022;4_OK;Education and culture;98892;RSD;RSD;SORS;Average gross earnings;A;Normal value
2403040104IND02;RS;REPUBLIC OF SERBIA;09;2022;5_AD;Administration - all levels;113282;RSD;RSD;SORS;Average gross earnings;A;Normal value
2403040104IND02;RS;REPUBLIC OF SERBIA;09;2022;5_AD2;Administration - government  level;118006;RSD;RSD;SORS;Average gross earnings;A;Normal value
2403040104IND02;RS;REPUBLIC OF SERBIA;09;2022;5_AD3;Administration - autonomous  province level;118801;RSD;RSD;SORS;Average gross earnings;A;Normal value
2403040104IND02;RS;REPUBLIC OF SERBIA;09;2022;5_AD4;Administration - local authorities’ level;90056;RSD;RSD;SORS;Average gross earnings;A;Normal value
2403040104IND02;RS;REPUBLIC OF SERBIA;09;2023;0;Total;117472;RSD;RSD;SORS;Average gross earnings;A;Normal value
2403040104IND02;RS;REPUBLIC OF SERBIA;09;2023;0_JP_JD_JL;Public enterprises;122754;RSD;RSD;SORS;Average gross earnings;A;Normal value
2403040104IND02;RS;REPUBLIC OF SERBIA;09;2023;0_JS;Public sector;123211;RSD;RSD;SORS;Average gross earnings;A;Normal value
2403040104IND02;RS;REPUBLIC OF SERBIA;09;2023;0_VJS;Non-public sector;115150;RSD;RSD;SORS;Average gross earnings;A;Normal value
2403040104IND02;RS;REPUBLIC OF SERBIA;09;2023;1_JD;Public state enterprises;134826;RSD;RSD;SORS;Average gross earnings;A;Normal value
2403040104IND02;RS;REPUBLIC OF SERBIA;09;2023;2_JL;Public local enterprises;106470;RSD;RSD;SORS;Average gross earnings;A;Normal value
2403040104IND02;RS;REPUBLIC OF SERBIA;09;2023;3_4_5_BK;General government;123354;RSD;RSD;SORS;Average gross earnings;A;Normal value
2403040104IND02;RS;REPUBLIC OF SERBIA;09;2023;3_ZS;Health and social work;119810;RSD;RSD;SORS;Average gross earnings;A;Normal value
2403040104IND02;RS;REPUBLIC OF SERBIA;09;2023;4_OK;Education and culture;116924;RSD;RSD;SORS;Average gross earnings;A;Normal value
2403040104IND02;RS;REPUBLIC OF SERBIA;09;2023;5_AD;Administration - all levels;132639;RSD;RSD;SORS;Average gross earnings;A;Normal value
2403040104IND02;RS;REPUBLIC OF SERBIA;09;2023;5_AD2;Administration - government  level;138745;RSD;RSD;SORS;Average gross earnings;A;Normal value
2403040104IND02;RS;REPUBLIC OF SERBIA;09;2023;5_AD3;Administration - autonomous  province level;144798;RSD;RSD;SORS;Average gross earnings;A;Normal value
2403040104IND02;RS;REPUBLIC OF SERBIA;09;2023;5_AD4;Administration - local authorities’ level;102356;RSD;RSD;SORS;Average gross earnings;A;Normal value
2403040104IND02;RS;REPUBLIC OF SERBIA;09;2024;0;Total;132783;RSD;RSD;SORS;Average gross earnings;A;Normal value
2403040104IND02;RS;REPUBLIC OF SERBIA;09;2024;0_JP_JD_JL;Public enterprises;138309;RSD;RSD;SORS;Average gross earnings;A;Normal value
2403040104IND02;RS;REPUBLIC OF SERBIA;09;2024;0_JS;Public sector;138181;RSD;RSD;SORS;Average gross earnings;A;Normal value
2403040104IND02;RS;REPUBLIC OF SERBIA;09;2024;0_VJS;Non-public sector;130603;RSD;RSD;SORS;Average gross earnings;A;Normal value
2403040104IND02;RS;REPUBLIC OF SERBIA;09;2024;1_JD;Public state enterprises;149754;RSD;RSD;SORS;Average gross earnings;A;Normal value
2403040104IND02;RS;REPUBLIC OF SERBIA;09;2024;2_JL;Public local enterprises;122891;RSD;RSD;SORS;Average gross earnings;A;Normal value
2403040104IND02;RS;REPUBLIC OF SERBIA;09;2024;3_4_5_BK;General government;138142;RSD;RSD;SORS;Average gross earnings;A;Normal value
2403040104IND02;RS;REPUBLIC OF SERBIA;09;2024;3_ZS;Health and social work;135717;RSD;RSD;SORS;Average gross earnings;A;Normal value
2403040104IND02;RS;REPUBLIC OF SERBIA;09;2024;4_OK;Education and culture;130108;RSD;RSD;SORS;Average gross earnings;A;Normal value
2403040104IND02;RS;REPUBLIC OF SERBIA;09;2024;5_AD;Administration - all levels;147944;RSD;RSD;SORS;Average gross earnings;A;Normal value
2403040104IND02;RS;REPUBLIC OF SERBIA;09;2024;5_AD2;Administration - government  level;154468;RSD;RSD;SORS;Average gross earnings;A;Normal value
2403040104IND02;RS;REPUBLIC OF SERBIA;09;2024;5_AD3;Administration - autonomous  province level;149468;RSD;RSD;SORS;Average gross earnings;A;Normal value
2403040104IND02;RS;REPUBLIC OF SERBIA;09;2024;5_AD4;Administration - local authorities’ level;115680;RSD;RSD;SORS;Average gross earnings;A;Normal value
2403040104IND02;RS;REPUBLIC OF SERBIA;09;2025;0;Total;150947;RSD;RSD;SORS;Average gross earnings;A;Normal value
2403040104IND02;RS;REPUBLIC OF SERBIA;09;2025;0_JP_JD_JL;Public enterprises;159312;RSD;RSD;SORS;Average gross earnings;A;Normal value
2403040104IND02;RS;REPUBLIC OF SERBIA;09;2025;0_JS;Public sector;157197;RSD;RSD;SORS;Average gross earnings;A;Normal value
2403040104IND02;RS;REPUBLIC OF SERBIA;09;2025;0_VJS;Non-public sector;148433;RSD;RSD;SORS;Average gross earnings;A;Normal value
2403040104IND02;RS;REPUBLIC OF SERBIA;09;2025;1_JD;Public state enterprises;170300;RSD;RSD;SORS;Average gross earnings;A;Normal value
2403040104IND02;RS;REPUBLIC OF SERBIA;09;2025;2_JL;Public local enterprises;144413;RSD;RSD;SORS;Average gross earnings;A;Normal value
2403040104IND02;RS;REPUBLIC OF SERBIA;09;2025;3_4_5_BK;General government;156556;RSD;RSD;SORS;Average gross earnings;A;Normal value
2403040104IND02;RS;REPUBLIC OF SERBIA;09;2025;3_ZS;Health and social work;150452;RSD;RSD;SORS;Average gross earnings;A;Normal value
2403040104IND02;RS;REPUBLIC OF SERBIA;09;2025;4_OK;Education and culture;153384;RSD;RSD;SORS;Average gross earnings;A;Normal value
2403040104IND02;RS;REPUBLIC OF SERBIA;09;2025;5_AD;Administration - all levels;165761;RSD;RSD;SORS;Average gross earnings;A;Normal value
2403040104IND02;RS;REPUBLIC OF SERBIA;09;2025;5_AD2;Administration - government  level;172143;RSD;RSD;SORS;Average gross earnings;A;Normal value
2403040104IND02;RS;REPUBLIC OF SERBIA;09;2025;5_AD3;Administration - autonomous  province level;169173;RSD;RSD;SORS;Average gross earnings;A;Normal value
2403040104IND02;RS;REPUBLIC OF SERBIA;09;2025;5_AD4;Administration - local authorities’ level;133804;RSD;RSD;SORS;Average gross earnings;A;Normal value
2403040104IND02;RS;REPUBLIC OF SERBIA;10;2003;0;Total;17986;RSD;RSD;SORS;Average gross earnings;A;Normal value
2403040104IND02;RS;REPUBLIC OF SERBIA;10;2003;0_JP_JD_JL;Public enterprises;24632;RSD;RSD;SORS;Average gross earnings;A;Normal value
2403040104IND02;RS;REPUBLIC OF SERBIA;10;2003;0_JS;Public sector;22432;RSD;RSD;SORS;Average gross earnings;A;Normal value
2403040104IND02;RS;REPUBLIC OF SERBIA;10;2003;0_VJS;Non-public sector;14831;RSD;RSD;SORS;Average gross earnings;A;Normal value
2403040104IND02;RS;REPUBLIC OF SERBIA;10;2003;1_JD;Public state enterprises;25141;RSD;RSD;SORS;Average gross earnings;A;Normal value
2403040104IND02;RS;REPUBLIC OF SERBIA;10;2003;2_JL;Public local enterprises;23472;RSD;RSD;SORS;Average gross earnings;A;Normal value
2403040104IND02;RS;REPUBLIC OF SERBIA;10;2003;3_4_5_BK;General government;21196;RSD;RSD;SORS;Average gross earnings;A;Normal value
2403040104IND02;RS;REPUBLIC OF SERBIA;10;2003;3_ZS;Health and social work;19591;RSD;RSD;SORS;Average gross earnings;A;Normal value
2403040104IND02;RS;REPUBLIC OF SERBIA;10;2003;4_OK;Education and culture;20709;RSD;RSD;SORS;Average gross earnings;A;Normal value
2403040104IND02;RS;REPUBLIC OF SERBIA;10;2003;5_AD;Administration - all levels;25931;RSD;RSD;SORS;Average gross earnings;A;Normal value
2403040104IND02;RS;REPUBLIC OF SERBIA;10;2003;5_AD2;Administration - government  level;;RSD;RSD;SORS;Average gross earnings;O;Not available
2403040104IND02;RS;REPUBLIC OF SERBIA;10;2003;5_AD3;Administration - autonomous  province level;;RSD;RSD;SORS;Average gross earnings;O;Not available
2403040104IND02;RS;REPUBLIC OF SERBIA;10;2003;5_AD4;Administration - local authorities’ level;;RSD;RSD;SORS;Average gross earnings;O;Not available
2403040104IND02;RS;REPUBLIC OF SERBIA;10;2004;0;Total;21472;RSD;RSD;SORS;Average gross earnings;A;Normal value
2403040104IND02;RS;REPUBLIC OF SERBIA;10;2004;0_JP_JD_JL;Public enterprises;29264;RSD;RSD;SORS;Average gross earnings;A;Normal value
2403040104IND02;RS;REPUBLIC OF SERBIA;10;2004;0_JS;Public sector;26424;RSD;RSD;SORS;Average gross earnings;A;Normal value
2403040104IND02;RS;REPUBLIC OF SERBIA;10;2004;0_VJS;Non-public sector;17642;RSD;RSD;SORS;Average gross earnings;A;Normal value
2403040104IND02;RS;REPUBLIC OF SERBIA;10;2004;1_JD;Public state enterprises;29189;RSD;RSD;SORS;Average gross earnings;A;Normal value
2403040104IND02;RS;REPUBLIC OF SERBIA;10;2004;2_JL;Public local enterprises;29428;RSD;RSD;SORS;Average gross earnings;A;Normal value
2403040104IND02;RS;REPUBLIC OF SERBIA;10;2004;3_4_5_BK;General government;24859;RSD;RSD;SORS;Average gross earnings;A;Normal value
2403040104IND02;RS;REPUBLIC OF SERBIA;10;2004;3_ZS;Health and social work;24498;RSD;RSD;SORS;Average gross earnings;A;Normal value
2403040104IND02;RS;REPUBLIC OF SERBIA;10;2004;4_OK;Education and culture;23666;RSD;RSD;SORS;Average gross earnings;A;Normal value
2403040104IND02;RS;REPUBLIC OF SERBIA;10;2004;5_AD;Administration - all levels;27923;RSD;RSD;SORS;Average gross earnings;A;Normal value
2403040104IND02;RS;REPUBLIC OF SERBIA;10;2004;5_AD2;Administration - government  level;;RSD;RSD;SORS;Average gross earnings;O;Not available
2403040104IND02;RS;REPUBLIC OF SERBIA;10;2004;5_AD3;Administration - autonomous  province level;;RSD;RSD;SORS;Average gross earnings;O;Not available
2403040104IND02;RS;REPUBLIC OF SERBIA;10;2004;5_AD4;Administration - local authorities’ level;;RSD;RSD;SORS;Average gross earnings;O;Not available
2403040104IND02;RS;REPUBLIC OF SERBIA;10;2005;0;Total;26721;RSD;RSD;SORS;Average gross earnings;A;Normal value
2403040104IND02;RS;REPUBLIC OF SERBIA;10;2005;0_JP_JD_JL;Public enterprises;34357;RSD;RSD;SORS;Average gross earnings;A;Normal value
2403040104IND02;RS;REPUBLIC OF SERBIA;10;2005;0_JS;Public sector;31190;RSD;RSD;SORS;Average gross earnings;A;Normal value
2403040104IND02;RS;REPUBLIC OF SERBIA;10;2005;0_VJS;Non-public sector;22896;RSD;RSD;SORS;Average gross earnings;A;Normal value
2403040104IND02;RS;REPUBLIC OF SERBIA;10;2005;1_JD;Public state enterprises;34463;RSD;RSD;SORS;Average gross earnings;A;Normal value
2403040104IND02;RS;REPUBLIC OF SERBIA;10;2005;2_JL;Public local enterprises;34163;RSD;RSD;SORS;Average gross earnings;A;Normal value
2403040104IND02;RS;REPUBLIC OF SERBIA;10;2005;3_4_5_BK;General government;29505;RSD;RSD;SORS;Average gross earnings;A;Normal value
2403040104IND02;RS;REPUBLIC OF SERBIA;10;2005;3_ZS;Health and social work;27537;RSD;RSD;SORS;Average gross earnings;A;Normal value
2403040104IND02;RS;REPUBLIC OF SERBIA;10;2005;4_OK;Education and culture;29083;RSD;RSD;SORS;Average gross earnings;A;Normal value
2403040104IND02;RS;REPUBLIC OF SERBIA;10;2005;5_AD;Administration - all levels;35157;RSD;RSD;SORS;Average gross earnings;A;Normal value
2403040104IND02;RS;REPUBLIC OF SERBIA;10;2005;5_AD2;Administration - government  level;;RSD;RSD;SORS;Average gross earnings;O;Not available
2403040104IND02;RS;REPUBLIC OF SERBIA;10;2005;5_AD3;Administration - autonomous  province level;;RSD;RSD;SORS;Average gross earnings;O;Not available
2403040104IND02;RS;REPUBLIC OF SERBIA;10;2005;5_AD4;Administration - local authorities’ level;;RSD;RSD;SORS;Average gross earnings;O;Not available
2403040104IND02;RS;REPUBLIC OF SERBIA;10;2006;0;Total;32668;RSD;RSD;SORS;Average gross earnings;A;Normal value
2403040104IND02;RS;REPUBLIC OF SERBIA;10;2006;0_JP_JD_JL;Public enterprises;41190;RSD;RSD;SORS;Average gross earnings;A;Normal value
2403040104IND02;RS;REPUBLIC OF SERBIA;10;2006;0_JS;Public sector;37885;RSD;RSD;SORS;Average gross earnings;A;Normal value
2403040104IND02;RS;REPUBLIC OF SERBIA;10;2006;0_VJS;Non-public sector;27923;RSD;RSD;SORS;Average gross earnings;A;Normal value
2403040104IND02;RS;REPUBLIC OF SERBIA;10;2006;1_JD;Public state enterprises;41571;RSD;RSD;SORS;Average gross earnings;A;Normal value
2403040104IND02;RS;REPUBLIC OF SERBIA;10;2006;2_JL;Public local enterprises;40534;RSD;RSD;SORS;Average gross earnings;A;Normal value
2403040104IND02;RS;REPUBLIC OF SERBIA;10;2006;3_4_5_BK;General government;36166;RSD;RSD;SORS;Average gross earnings;A;Normal value
2403040104IND02;RS;REPUBLIC OF SERBIA;10;2006;3_ZS;Health and social work;34223;RSD;RSD;SORS;Average gross earnings;A;Normal value
2403040104IND02;RS;REPUBLIC OF SERBIA;10;2006;4_OK;Education and culture;34894;RSD;RSD;SORS;Average gross earnings;A;Normal value
2403040104IND02;RS;REPUBLIC OF SERBIA;10;2006;5_AD;Administration - all levels;43351;RSD;RSD;SORS;Average gross earnings;A;Normal value
2403040104IND02;RS;REPUBLIC OF SERBIA;10;2006;5_AD2;Administration - government  level;;RSD;RSD;SORS;Average gross earnings;O;Not available
2403040104IND02;RS;REPUBLIC OF SERBIA;10;2006;5_AD3;Administration - autonomous  province level;;RSD;RSD;SORS;Average gross earnings;O;Not available
2403040104IND02;RS;REPUBLIC OF SERBIA;10;2006;5_AD4;Administration - local authorities’ level;;RSD;RSD;SORS;Average gross earnings;O;Not available
2403040104IND02;RS;REPUBLIC OF SERBIA;10;2007;0;Total;40082;RSD;RSD;SORS;Average gross earnings;A;Normal value
2403040104IND02;RS;REPUBLIC OF SERBIA;10;2007;0_JP_JD_JL;Public enterprises;48770;RSD;RSD;SORS;Average gross earnings;A;Normal value
2403040104IND02;RS;REPUBLIC OF SERBIA;10;2007;0_JS;Public sector;46610;RSD;RSD;SORS;Average gross earnings;A;Normal value
2403040104IND02;RS;REPUBLIC OF SERBIA;10;2007;0_VJS;Non-public sector;33542;RSD;RSD;SORS;Average gross earnings;A;Normal value
2403040104IND02;RS;REPUBLIC OF SERBIA;10;2007;1_JD;Public state enterprises;51217;RSD;RSD;SORS;Average gross earnings;A;Normal value
2403040104IND02;RS;REPUBLIC OF SERBIA;10;2007;2_JL;Public local enterprises;44570;RSD;RSD;SORS;Average gross earnings;A;Normal value
2403040104IND02;RS;REPUBLIC OF SERBIA;10;2007;3_4_5_BK;General government;45539;RSD;RSD;SORS;Average gross earnings;A;Normal value
2403040104IND02;RS;REPUBLIC OF SERBIA;10;2007;3_ZS;Health and social work;44985;RSD;RSD;SORS;Average gross earnings;A;Normal value
2403040104IND02;RS;REPUBLIC OF SERBIA;10;2007;4_OK;Education and culture;43365;RSD;RSD;SORS;Average gross earnings;A;Normal value
2403040104IND02;RS;REPUBLIC OF SERBIA;10;2007;5_AD;Administration - all levels;51350;RSD;RSD;SORS;Average gross earnings;A;Normal value
2403040104IND02;RS;REPUBLIC OF SERBIA;10;2007;5_AD2;Administration - government  level;;RSD;RSD;SORS;Average gross earnings;O;Not available
2403040104IND02;RS;REPUBLIC OF SERBIA;10;2007;5_AD3;Administration - autonomous  province level;;RSD;RSD;SORS;Average gross earnings;O;Not available
2403040104IND02;RS;REPUBLIC OF SERBIA;10;2007;5_AD4;Administration - local authorities’ level;;RSD;RSD;SORS;Average gross earnings;O;Not available
2403040104IND02;RS;REPUBLIC OF SERBIA;10;2008;0;Total;47883;RSD;RSD;SORS;Average gross earnings;A;Normal value
2403040104IND02;RS;REPUBLIC OF SERBIA;10;2008;0_JP_JD_JL;Public enterprises;57242;RSD;RSD;SORS;Average gross earnings;A;Normal value
2403040104IND02;RS;REPUBLIC OF SERBIA;10;2008;0_JS;Public sector;54742;RSD;RSD;SORS;Average gross earnings;A;Normal value
2403040104IND02;RS;REPUBLIC OF SERBIA;10;2008;0_VJS;Non-public sector;40459;RSD;RSD;SORS;Average gross earnings;A;Normal value
2403040104IND02;RS;REPUBLIC OF SERBIA;10;2008;1_JD;Public state enterprises;60359;RSD;RSD;SORS;Average gross earnings;A;Normal value
2403040104IND02;RS;REPUBLIC OF SERBIA;10;2008;2_JL;Public local enterprises;51865;RSD;RSD;SORS;Average gross earnings;A;Normal value
2403040104IND02;RS;REPUBLIC OF SERBIA;10;2008;3_4_5_BK;General government;53537;RSD;RSD;SORS;Average gross earnings;A;Normal value
2403040104IND02;RS;REPUBLIC OF SERBIA;10;2008;3_ZS;Health and social work;52875;RSD;RSD;SORS;Average gross earnings;A;Normal value
2403040104IND02;RS;REPUBLIC OF SERBIA;10;2008;4_OK;Education and culture;50698;RSD;RSD;SORS;Average gross earnings;A;Normal value
2403040104IND02;RS;REPUBLIC OF SERBIA;10;2008;5_AD;Administration - all levels;60842;RSD;RSD;SORS;Average gross earnings;A;Normal value
2403040104IND02;RS;REPUBLIC OF SERBIA;10;2008;5_AD2;Administration - government  level;;RSD;RSD;SORS;Average gross earnings;O;Not available
2403040104IND02;RS;REPUBLIC OF SERBIA;10;2008;5_AD3;Administration - autonomous  province level;;RSD;RSD;SORS;Average gross earnings;O;Not available
2403040104IND02;RS;REPUBLIC OF SERBIA;10;2008;5_AD4;Administration - local authorities’ level;;RSD;RSD;SORS;Average gross earnings;O;Not available
2403040104IND02;RS;REPUBLIC OF SERBIA;10;2009;0;Total;44147;RSD;RSD;SORS;Average gross earnings;A;Normal value
2403040104IND02;RS;REPUBLIC OF SERBIA;10;2009;0_JP_JD_JL;Public enterprises;58911;RSD;RSD;SORS;Average gross earnings;A;Normal value
2403040104IND02;RS;REPUBLIC OF SERBIA;10;2009;0_JS;Public sector;54433;RSD;RSD;SORS;Average gross earnings;A;Normal value
2403040104IND02;RS;REPUBLIC OF SERBIA;10;2009;0_VJS;Non-public sector;35918;RSD;RSD;SORS;Average gross earnings;A;Normal value
2403040104IND02;RS;REPUBLIC OF SERBIA;10;2009;1_JD;Public state enterprises;62677;RSD;RSD;SORS;Average gross earnings;A;Normal value
2403040104IND02;RS;REPUBLIC OF SERBIA;10;2009;2_JL;Public local enterprises;53063;RSD;RSD;SORS;Average gross earnings;A;Normal value
2403040104IND02;RS;REPUBLIC OF SERBIA;10;2009;3_4_5_BK;General government;52472;RSD;RSD;SORS;Average gross earnings;A;Normal value
2403040104IND02;RS;REPUBLIC OF SERBIA;10;2009;3_ZS;Health and social work;51203;RSD;RSD;SORS;Average gross earnings;A;Normal value
2403040104IND02;RS;REPUBLIC OF SERBIA;10;2009;4_OK;Education and culture;50910;RSD;RSD;SORS;Average gross earnings;A;Normal value
2403040104IND02;RS;REPUBLIC OF SERBIA;10;2009;5_AD;Administration - all levels;58361;RSD;RSD;SORS;Average gross earnings;A;Normal value
2403040104IND02;RS;REPUBLIC OF SERBIA;10;2009;5_AD2;Administration - government  level;;RSD;RSD;SORS;Average gross earnings;O;Not available
2403040104IND02;RS;REPUBLIC OF SERBIA;10;2009;5_AD3;Administration - autonomous  province level;;RSD;RSD;SORS;Average gross earnings;O;Not available
2403040104IND02;RS;REPUBLIC OF SERBIA;10;2009;5_AD4;Administration - local authorities’ level;;RSD;RSD;SORS;Average gross earnings;O;Not available
2403040104IND02;RS;REPUBLIC OF SERBIA;10;2010;0;Total;47822;RSD;RSD;SORS;Average gross earnings;A;Normal value
2403040104IND02;RS;REPUBLIC OF SERBIA;10;2010;0_JP_JD_JL;Public enterprises;59084;RSD;RSD;SORS;Average gross earnings;A;Normal value
2403040104IND02;RS;REPUBLIC OF SERBIA;10;2010;0_JS;Public sector;55120;RSD;RSD;SORS;Average gross earnings;A;Normal value
2403040104IND02;RS;REPUBLIC OF SERBIA;10;2010;0_VJS;Non-public sector;41556;RSD;RSD;SORS;Average gross earnings;A;Normal value
2403040104IND02;RS;REPUBLIC OF SERBIA;10;2010;1_JD;Public state enterprises;63195;RSD;RSD;SORS;Average gross earnings;A;Normal value
2403040104IND02;RS;REPUBLIC OF SERBIA;10;2010;2_JL;Public local enterprises;52825;RSD;RSD;SORS;Average gross earnings;A;Normal value
2403040104IND02;RS;REPUBLIC OF SERBIA;10;2010;3_4_5_BK;General government;53411;RSD;RSD;SORS;Average gross earnings;A;Normal value
2403040104IND02;RS;REPUBLIC OF SERBIA;10;2010;3_ZS;Health and social work;51524;RSD;RSD;SORS;Average gross earnings;A;Normal value
2403040104IND02;RS;REPUBLIC OF SERBIA;10;2010;4_OK;Education and culture;51284;RSD;RSD;SORS;Average gross earnings;A;Normal value
2403040104IND02;RS;REPUBLIC OF SERBIA;10;2010;5_AD;Administration - all levels;61993;RSD;RSD;SORS;Average gross earnings;A;Normal value
2403040104IND02;RS;REPUBLIC OF SERBIA;10;2010;5_AD2;Administration - government  level;;RSD;RSD;SORS;Average gross earnings;O;Not available
2403040104IND02;RS;REPUBLIC OF SERBIA;10;2010;5_AD3;Administration - autonomous  province level;;RSD;RSD;SORS;Average gross earnings;O;Not available
2403040104IND02;RS;REPUBLIC OF SERBIA;10;2010;5_AD4;Administration - local authorities’ level;;RSD;RSD;SORS;Average gross earnings;O;Not available
2403040104IND02;RS;REPUBLIC OF SERBIA;10;2011;0;Total;52944;RSD;RSD;SORS;Average gross earnings;A;Normal value
2403040104IND02;RS;REPUBLIC OF SERBIA;10;2011;0_JP_JD_JL;Public enterprises;67908;RSD;RSD;SORS;Average gross earnings;A;Normal value
2403040104IND02;RS;REPUBLIC OF SERBIA;10;2011;0_JS;Public sector;61006;RSD;RSD;SORS;Average gross earnings;A;Normal value
2403040104IND02;RS;REPUBLIC OF SERBIA;10;2011;0_VJS;Non-public sector;45865;RSD;RSD;SORS;Average gross earnings;A;Normal value
2403040104IND02;RS;REPUBLIC OF SERBIA;10;2011;1_JD;Public state enterprises;74627;RSD;RSD;SORS;Average gross earnings;A;Normal value
2403040104IND02;RS;REPUBLIC OF SERBIA;10;2011;2_JL;Public local enterprises;57997;RSD;RSD;SORS;Average gross earnings;A;Normal value
2403040104IND02;RS;REPUBLIC OF SERBIA;10;2011;3_4_5_BK;General government;58041;RSD;RSD;SORS;Average gross earnings;A;Normal value
2403040104IND02;RS;REPUBLIC OF SERBIA;10;2011;3_ZS;Health and social work;55729;RSD;RSD;SORS;Average gross earnings;A;Normal value
2403040104IND02;RS;REPUBLIC OF SERBIA;10;2011;4_OK;Education and culture;55609;RSD;RSD;SORS;Average gross earnings;A;Normal value
2403040104IND02;RS;REPUBLIC OF SERBIA;10;2011;5_AD;Administration - all levels;68111;RSD;RSD;SORS;Average gross earnings;A;Normal value
2403040104IND02;RS;REPUBLIC OF SERBIA;10;2011;5_AD2;Administration - government  level;;RSD;RSD;SORS;Average gross earnings;O;Not available
2403040104IND02;RS;REPUBLIC OF SERBIA;10;2011;5_AD3;Administration - autonomous  province level;;RSD;RSD;SORS;Average gross earnings;O;Not available
2403040104IND02;RS;REPUBLIC OF SERBIA;10;2011;5_AD4;Administration - local authorities’ level;;RSD;RSD;SORS;Average gross earnings;O;Not available
2403040104IND02;RS;REPUBLIC OF SERBIA;10;2012;0;Total;57733;RSD;RSD;SORS;Average gross earnings;A;Normal value
2403040104IND02;RS;REPUBLIC OF SERBIA;10;2012;0_JP_JD_JL;Public enterprises;76244;RSD;RSD;SORS;Average gross earnings;A;Normal value
2403040104IND02;RS;REPUBLIC OF SERBIA;10;2012;0_JS;Public sector;66110;RSD;RSD;SORS;Average gross earnings;A;Normal value
2403040104IND02;RS;REPUBLIC OF SERBIA;10;2012;0_VJS;Non-public sector;49952;RSD;RSD;SORS;Average gross earnings;A;Normal value
2403040104IND02;RS;REPUBLIC OF SERBIA;10;2012;1_JD;Public state enterprises;86967;RSD;RSD;SORS;Average gross earnings;A;Normal value
2403040104IND02;RS;REPUBLIC OF SERBIA;10;2012;2_JL;Public local enterprises;60661;RSD;RSD;SORS;Average gross earnings;A;Normal value
2403040104IND02;RS;REPUBLIC OF SERBIA;10;2012;3_4_5_BK;General government;61705;RSD;RSD;SORS;Average gross earnings;A;Normal value
2403040104IND02;RS;REPUBLIC OF SERBIA;10;2012;3_ZS;Health and social work;59141;RSD;RSD;SORS;Average gross earnings;A;Normal value
2403040104IND02;RS;REPUBLIC OF SERBIA;10;2012;4_OK;Education and culture;58157;RSD;RSD;SORS;Average gross earnings;A;Normal value
2403040104IND02;RS;REPUBLIC OF SERBIA;10;2012;5_AD;Administration - all levels;74083;RSD;RSD;SORS;Average gross earnings;A;Normal value
2403040104IND02;RS;REPUBLIC OF SERBIA;10;2012;5_AD2;Administration - government  level;;RSD;RSD;SORS;Average gross earnings;O;Not available
2403040104IND02;RS;REPUBLIC OF SERBIA;10;2012;5_AD3;Administration - autonomous  province level;;RSD;RSD;SORS;Average gross earnings;O;Not available
2403040104IND02;RS;REPUBLIC OF SERBIA;10;2012;5_AD4;Administration - local authorities’ level;;RSD;RSD;SORS;Average gross earnings;O;Not available
2403040104IND02;RS;REPUBLIC OF SERBIA;10;2013;0;Total;60102;RSD;RSD;SORS;Average gross earnings;A;Normal value
2403040104IND02;RS;REPUBLIC OF SERBIA;10;2013;0_JP_JD_JL;Public enterprises;78668;RSD;RSD;SORS;Average gross earnings;A;Normal value
2403040104IND02;RS;REPUBLIC OF SERBIA;10;2013;0_JS;Public sector;68383;RSD;RSD;SORS;Average gross earnings;A;Normal value
2403040104IND02;RS;REPUBLIC OF SERBIA;10;2013;0_VJS;Non-public sector;52023;RSD;RSD;SORS;Average gross earnings;A;Normal value
2403040104IND02;RS;REPUBLIC OF SERBIA;10;2013;1_JD;Public state enterprises;89535;RSD;RSD;SORS;Average gross earnings;A;Normal value
2403040104IND02;RS;REPUBLIC OF SERBIA;10;2013;2_JL;Public local enterprises;62950;RSD;RSD;SORS;Average gross earnings;A;Normal value
2403040104IND02;RS;REPUBLIC OF SERBIA;10;2013;3_4_5_BK;General government;63907;RSD;RSD;SORS;Average gross earnings;A;Normal value
2403040104IND02;RS;REPUBLIC OF SERBIA;10;2013;3_ZS;Health and social work;60959;RSD;RSD;SORS;Average gross earnings;A;Normal value
2403040104IND02;RS;REPUBLIC OF SERBIA;10;2013;4_OK;Education and culture;60580;RSD;RSD;SORS;Average gross earnings;A;Normal value
2403040104IND02;RS;REPUBLIC OF SERBIA;10;2013;5_AD;Administration - all levels;76613;RSD;RSD;SORS;Average gross earnings;A;Normal value
2403040104IND02;RS;REPUBLIC OF SERBIA;10;2013;5_AD2;Administration - government  level;;RSD;RSD;SORS;Average gross earnings;O;Not available
2403040104IND02;RS;REPUBLIC OF SERBIA;10;2013;5_AD3;Administration - autonomous  province level;;RSD;RSD;SORS;Average gross earnings;O;Not available
2403040104IND02;RS;REPUBLIC OF SERBIA;10;2013;5_AD4;Administration - local authorities’ level;;RSD;RSD;SORS;Average gross earnings;O;Not available
2403040104IND02;RS;REPUBLIC OF SERBIA;10;2014;0;Total;61963;RSD;RSD;SORS;Average gross earnings;A;Normal value
2403040104IND02;RS;REPUBLIC OF SERBIA;10;2014;0_JP_JD_JL;Public enterprises;79923;RSD;RSD;SORS;Average gross earnings;A;Normal value
2403040104IND02;RS;REPUBLIC OF SERBIA;10;2014;0_JS;Public sector;69131;RSD;RSD;SORS;Average gross earnings;A;Normal value
2403040104IND02;RS;REPUBLIC OF SERBIA;10;2014;0_VJS;Non-public sector;55283;RSD;RSD;SORS;Average gross earnings;A;Normal value
2403040104IND02;RS;REPUBLIC OF SERBIA;10;2014;1_JD;Public state enterprises;91469;RSD;RSD;SORS;Average gross earnings;A;Normal value
2403040104IND02;RS;REPUBLIC OF SERBIA;10;2014;2_JL;Public local enterprises;62929;RSD;RSD;SORS;Average gross earnings;A;Normal value
2403040104IND02;RS;REPUBLIC OF SERBIA;10;2014;3_4_5_BK;General government;64467;RSD;RSD;SORS;Average gross earnings;A;Normal value
2403040104IND02;RS;REPUBLIC OF SERBIA;10;2014;3_ZS;Health and social work;61444;RSD;RSD;SORS;Average gross earnings;A;Normal value
2403040104IND02;RS;REPUBLIC OF SERBIA;10;2014;4_OK;Education and culture;61668;RSD;RSD;SORS;Average gross earnings;A;Normal value
2403040104IND02;RS;REPUBLIC OF SERBIA;10;2014;5_AD;Administration - all levels;76541;RSD;RSD;SORS;Average gross earnings;A;Normal value
2403040104IND02;RS;REPUBLIC OF SERBIA;10;2014;5_AD2;Administration - government  level;;RSD;RSD;SORS;Average gross earnings;O;Not available
2403040104IND02;RS;REPUBLIC OF SERBIA;10;2014;5_AD3;Administration - autonomous  province level;;RSD;RSD;SORS;Average gross earnings;O;Not available
2403040104IND02;RS;REPUBLIC OF SERBIA;10;2014;5_AD4;Administration - local authorities’ level;;RSD;RSD;SORS;Average gross earnings;O;Not available
2403040104IND02;RS;REPUBLIC OF SERBIA;10;2015;0;Total;60767;RSD;RSD;SORS;Average gross earnings;A;Normal value
2403040104IND02;RS;REPUBLIC OF SERBIA;10;2015;0_JP_JD_JL;Public enterprises;77074;RSD;RSD;SORS;Average gross earnings;A;Normal value
2403040104IND02;RS;REPUBLIC OF SERBIA;10;2015;0_JS;Public sector;64439;RSD;RSD;SORS;Average gross earnings;A;Normal value
2403040104IND02;RS;REPUBLIC OF SERBIA;10;2015;0_VJS;Non-public sector;57327;RSD;RSD;SORS;Average gross earnings;A;Normal value
2403040104IND02;RS;REPUBLIC OF SERBIA;10;2015;1_JD;Public state enterprises;88985;RSD;RSD;SORS;Average gross earnings;A;Normal value
2403040104IND02;RS;REPUBLIC OF SERBIA;10;2015;2_JL;Public local enterprises;60484;RSD;RSD;SORS;Average gross earnings;A;Normal value
2403040104IND02;RS;REPUBLIC OF SERBIA;10;2015;3_4_5_BK;General government;58872;RSD;RSD;SORS;Average gross earnings;A;Normal value
2403040104IND02;RS;REPUBLIC OF SERBIA;10;2015;3_ZS;Health and social work;56292;RSD;RSD;SORS;Average gross earnings;A;Normal value
2403040104IND02;RS;REPUBLIC OF SERBIA;10;2015;4_OK;Education and culture;56450;RSD;RSD;SORS;Average gross earnings;A;Normal value
2403040104IND02;RS;REPUBLIC OF SERBIA;10;2015;5_AD;Administration - all levels;69209;RSD;RSD;SORS;Average gross earnings;A;Normal value
2403040104IND02;RS;REPUBLIC OF SERBIA;10;2015;5_AD2;Administration - government  level;;RSD;RSD;SORS;Average gross earnings;O;Not available
2403040104IND02;RS;REPUBLIC OF SERBIA;10;2015;5_AD3;Administration - autonomous  province level;;RSD;RSD;SORS;Average gross earnings;O;Not available
2403040104IND02;RS;REPUBLIC OF SERBIA;10;2015;5_AD4;Administration - local authorities’ level;;RSD;RSD;SORS;Average gross earnings;O;Not available
2403040104IND02;RS;REPUBLIC OF SERBIA;10;2016;0;Total;62414;RSD;RSD;SORS;Average gross earnings;A;Normal value
2403040104IND02;RS;REPUBLIC OF SERBIA;10;2016;0_JP_JD_JL;Public enterprises;77890;RSD;RSD;SORS;Average gross earnings;A;Normal value
2403040104IND02;RS;REPUBLIC OF SERBIA;10;2016;0_JS;Public sector;65329;RSD;RSD;SORS;Average gross earnings;A;Normal value
2403040104IND02;RS;REPUBLIC OF SERBIA;10;2016;0_VJS;Non-public sector;59804;RSD;RSD;SORS;Average gross earnings;A;Normal value
2403040104IND02;RS;REPUBLIC OF SERBIA;10;2016;1_JD;Public state enterprises;89132;RSD;RSD;SORS;Average gross earnings;A;Normal value
2403040104IND02;RS;REPUBLIC OF SERBIA;10;2016;2_JL;Public local enterprises;62174;RSD;RSD;SORS;Average gross earnings;A;Normal value
2403040104IND02;RS;REPUBLIC OF SERBIA;10;2016;3_4_5_BK;General government;59859;RSD;RSD;SORS;Average gross earnings;A;Normal value
2403040104IND02;RS;REPUBLIC OF SERBIA;10;2016;3_ZS;Health and social work;57784;RSD;RSD;SORS;Average gross earnings;A;Normal value
2403040104IND02;RS;REPUBLIC OF SERBIA;10;2016;4_OK;Education and culture;57647;RSD;RSD;SORS;Average gross earnings;A;Normal value
2403040104IND02;RS;REPUBLIC OF SERBIA;10;2016;5_AD;Administration - all levels;68748;RSD;RSD;SORS;Average gross earnings;A;Normal value
2403040104IND02;RS;REPUBLIC OF SERBIA;10;2016;5_AD2;Administration - government  level;;RSD;RSD;SORS;Average gross earnings;O;Not available
2403040104IND02;RS;REPUBLIC OF SERBIA;10;2016;5_AD3;Administration - autonomous  province level;;RSD;RSD;SORS;Average gross earnings;O;Not available
2403040104IND02;RS;REPUBLIC OF SERBIA;10;2016;5_AD4;Administration - local authorities’ level;;RSD;RSD;SORS;Average gross earnings;O;Not available
2403040104IND02;RS;REPUBLIC OF SERBIA;10;2017;0;Total;64602;RSD;RSD;SORS;Average gross earnings;A;Normal value
2403040104IND02;RS;REPUBLIC OF SERBIA;10;2017;0_JP_JD_JL;Public enterprises;78334;RSD;RSD;SORS;Average gross earnings;A;Normal value
2403040104IND02;RS;REPUBLIC OF SERBIA;10;2017;0_JS;Public sector;67198;RSD;RSD;SORS;Average gross earnings;A;Normal value
2403040104IND02;RS;REPUBLIC OF SERBIA;10;2017;0_VJS;Non-public sector;62339;RSD;RSD;SORS;Average gross earnings;A;Normal value
2403040104IND02;RS;REPUBLIC OF SERBIA;10;2017;1_JD;Public state enterprises;90055;RSD;RSD;SORS;Average gross earnings;A;Normal value
2403040104IND02;RS;REPUBLIC OF SERBIA;10;2017;2_JL;Public local enterprises;62216;RSD;RSD;SORS;Average gross earnings;A;Normal value
2403040104IND02;RS;REPUBLIC OF SERBIA;10;2017;3_4_5_BK;General government;62477;RSD;RSD;SORS;Average gross earnings;A;Normal value
2403040104IND02;RS;REPUBLIC OF SERBIA;10;2017;3_ZS;Health and social work;60262;RSD;RSD;SORS;Average gross earnings;A;Normal value
2403040104IND02;RS;REPUBLIC OF SERBIA;10;2017;4_OK;Education and culture;60398;RSD;RSD;SORS;Average gross earnings;A;Normal value
2403040104IND02;RS;REPUBLIC OF SERBIA;10;2017;5_AD;Administration - all levels;71342;RSD;RSD;SORS;Average gross earnings;A;Normal value
2403040104IND02;RS;REPUBLIC OF SERBIA;10;2017;5_AD2;Administration - government  level;;RSD;RSD;SORS;Average gross earnings;O;Not available
2403040104IND02;RS;REPUBLIC OF SERBIA;10;2017;5_AD3;Administration - autonomous  province level;;RSD;RSD;SORS;Average gross earnings;O;Not available
2403040104IND02;RS;REPUBLIC OF SERBIA;10;2017;5_AD4;Administration - local authorities’ level;;RSD;RSD;SORS;Average gross earnings;O;Not available
2403040104IND02;RS;REPUBLIC OF SERBIA;10;2018;0;Total;69012;RSD;RSD;SORS;Average gross earnings;A;Normal value
2403040104IND02;RS;REPUBLIC OF SERBIA;10;2018;0_JP_JD_JL;Public enterprises;83787;RSD;RSD;SORS;Average gross earnings;A;Normal value
2403040104IND02;RS;REPUBLIC OF SERBIA;10;2018;0_JS;Public sector;77232;RSD;RSD;SORS;Average gross earnings;A;Normal value
2403040104IND02;RS;REPUBLIC OF SERBIA;10;2018;0_VJS;Non-public sector;65055;RSD;RSD;SORS;Average gross earnings;A;Normal value
2403040104IND02;RS;REPUBLIC OF SERBIA;10;2018;1_JD;Public state enterprises;94962;RSD;RSD;SORS;Average gross earnings;A;Normal value
2403040104IND02;RS;REPUBLIC OF SERBIA;10;2018;2_JL;Public local enterprises;67275;RSD;RSD;SORS;Average gross earnings;A;Normal value
2403040104IND02;RS;REPUBLIC OF SERBIA;10;2018;3_4_5_BK;General government;75036;RSD;RSD;SORS;Average gross earnings;A;Normal value
2403040104IND02;RS;REPUBLIC OF SERBIA;10;2018;3_ZS;Health and social work;69357;RSD;RSD;SORS;Average gross earnings;A;Normal value
2403040104IND02;RS;REPUBLIC OF SERBIA;10;2018;4_OK;Education and culture;73410;RSD;RSD;SORS;Average gross earnings;A;Normal value
2403040104IND02;RS;REPUBLIC OF SERBIA;10;2018;5_AD;Administration - all levels;81703;RSD;RSD;SORS;Average gross earnings;A;Normal value
2403040104IND02;RS;REPUBLIC OF SERBIA;10;2018;5_AD2;Administration - government  level;85078;RSD;RSD;SORS;Average gross earnings;A;Normal value
2403040104IND02;RS;REPUBLIC OF SERBIA;10;2018;5_AD3;Administration - autonomous  province level;87142;RSD;RSD;SORS;Average gross earnings;A;Normal value
2403040104IND02;RS;REPUBLIC OF SERBIA;10;2018;5_AD4;Administration - local authorities’ level;65422;RSD;RSD;SORS;Average gross earnings;A;Normal value
2403040104IND02;RS;REPUBLIC OF SERBIA;10;2019;0;Total;76096;RSD;RSD;SORS;Average gross earnings;A;Normal value
2403040104IND02;RS;REPUBLIC OF SERBIA;10;2019;0_JP_JD_JL;Public enterprises;91675;RSD;RSD;SORS;Average gross earnings;A;Normal value
2403040104IND02;RS;REPUBLIC OF SERBIA;10;2019;0_JS;Public sector;84690;RSD;RSD;SORS;Average gross earnings;A;Normal value
2403040104IND02;RS;REPUBLIC OF SERBIA;10;2019;0_VJS;Non-public sector;72175;RSD;RSD;SORS;Average gross earnings;A;Normal value
2403040104IND02;RS;REPUBLIC OF SERBIA;10;2019;1_JD;Public state enterprises;105512;RSD;RSD;SORS;Average gross earnings;A;Normal value
2403040104IND02;RS;REPUBLIC OF SERBIA;10;2019;2_JL;Public local enterprises;72711;RSD;RSD;SORS;Average gross earnings;A;Normal value
2403040104IND02;RS;REPUBLIC OF SERBIA;10;2019;3_4_5_BK;General government;82443;RSD;RSD;SORS;Average gross earnings;A;Normal value
2403040104IND02;RS;REPUBLIC OF SERBIA;10;2019;3_ZS;Health and social work;76675;RSD;RSD;SORS;Average gross earnings;A;Normal value
2403040104IND02;RS;REPUBLIC OF SERBIA;10;2019;4_OK;Education and culture;80565;RSD;RSD;SORS;Average gross earnings;A;Normal value
2403040104IND02;RS;REPUBLIC OF SERBIA;10;2019;5_AD;Administration - all levels;89410;RSD;RSD;SORS;Average gross earnings;A;Normal value
2403040104IND02;RS;REPUBLIC OF SERBIA;10;2019;5_AD2;Administration - government  level;92876;RSD;RSD;SORS;Average gross earnings;A;Normal value
2403040104IND02;RS;REPUBLIC OF SERBIA;10;2019;5_AD3;Administration - autonomous  province level;93861;RSD;RSD;SORS;Average gross earnings;A;Normal value
2403040104IND02;RS;REPUBLIC OF SERBIA;10;2019;5_AD4;Administration - local authorities’ level;72322;RSD;RSD;SORS;Average gross earnings;A;Normal value
2403040104IND02;RS;REPUBLIC OF SERBIA;10;2020;0;Total;83106;RSD;RSD;SORS;Average gross earnings;A;Normal value
2403040104IND02;RS;REPUBLIC OF SERBIA;10;2020;0_JP_JD_JL;Public enterprises;98616;RSD;RSD;SORS;Average gross earnings;A;Normal value
2403040104IND02;RS;REPUBLIC OF SERBIA;10;2020;0_JS;Public sector;94711;RSD;RSD;SORS;Average gross earnings;A;Normal value
2403040104IND02;RS;REPUBLIC OF SERBIA;10;2020;0_VJS;Non-public sector;78106;RSD;RSD;SORS;Average gross earnings;A;Normal value
2403040104IND02;RS;REPUBLIC OF SERBIA;10;2020;1_JD;Public state enterprises;110494;RSD;RSD;SORS;Average gross earnings;A;Normal value
2403040104IND02;RS;REPUBLIC OF SERBIA;10;2020;2_JL;Public local enterprises;82316;RSD;RSD;SORS;Average gross earnings;A;Normal value
2403040104IND02;RS;REPUBLIC OF SERBIA;10;2020;3_4_5_BK;General government;93463;RSD;RSD;SORS;Average gross earnings;A;Normal value
2403040104IND02;RS;REPUBLIC OF SERBIA;10;2020;3_ZS;Health and social work;94491;RSD;RSD;SORS;Average gross earnings;A;Normal value
2403040104IND02;RS;REPUBLIC OF SERBIA;10;2020;4_OK;Education and culture;87670;RSD;RSD;SORS;Average gross earnings;A;Normal value
2403040104IND02;RS;REPUBLIC OF SERBIA;10;2020;5_AD;Administration - all levels;97856;RSD;RSD;SORS;Average gross earnings;A;Normal value
2403040104IND02;RS;REPUBLIC OF SERBIA;10;2020;5_AD2;Administration - government  level;101611;RSD;RSD;SORS;Average gross earnings;A;Normal value
2403040104IND02;RS;REPUBLIC OF SERBIA;10;2020;5_AD3;Administration - autonomous  province level;104786;RSD;RSD;SORS;Average gross earnings;A;Normal value
2403040104IND02;RS;REPUBLIC OF SERBIA;10;2020;5_AD4;Administration - local authorities’ level;79380;RSD;RSD;SORS;Average gross earnings;A;Normal value
2403040104IND02;RS;REPUBLIC OF SERBIA;10;2021;0;Total;91132;RSD;RSD;SORS;Average gross earnings;A;Normal value
2403040104IND02;RS;REPUBLIC OF SERBIA;10;2021;0_JP_JD_JL;Public enterprises;101714;RSD;RSD;SORS;Average gross earnings;A;Normal value
2403040104IND02;RS;REPUBLIC OF SERBIA;10;2021;0_JS;Public sector;100539;RSD;RSD;SORS;Average gross earnings;A;Normal value
2403040104IND02;RS;REPUBLIC OF SERBIA;10;2021;0_VJS;Non-public sector;87182;RSD;RSD;SORS;Average gross earnings;A;Normal value
2403040104IND02;RS;REPUBLIC OF SERBIA;10;2021;1_JD;Public state enterprises;113316;RSD;RSD;SORS;Average gross earnings;A;Normal value
2403040104IND02;RS;REPUBLIC OF SERBIA;10;2021;2_JL;Public local enterprises;85730;RSD;RSD;SORS;Average gross earnings;A;Normal value
2403040104IND02;RS;REPUBLIC OF SERBIA;10;2021;3_4_5_BK;General government;100167;RSD;RSD;SORS;Average gross earnings;A;Normal value
2403040104IND02;RS;REPUBLIC OF SERBIA;10;2021;3_ZS;Health and social work;103095;RSD;RSD;SORS;Average gross earnings;A;Normal value
2403040104IND02;RS;REPUBLIC OF SERBIA;10;2021;4_OK;Education and culture;92010;RSD;RSD;SORS;Average gross earnings;A;Normal value
2403040104IND02;RS;REPUBLIC OF SERBIA;10;2021;5_AD;Administration - all levels;105162;RSD;RSD;SORS;Average gross earnings;A;Normal value
2403040104IND02;RS;REPUBLIC OF SERBIA;10;2021;5_AD2;Administration - government  level;109767;RSD;RSD;SORS;Average gross earnings;A;Normal value
2403040104IND02;RS;REPUBLIC OF SERBIA;10;2021;5_AD3;Administration - autonomous  province level;110823;RSD;RSD;SORS;Average gross earnings;A;Normal value
2403040104IND02;RS;REPUBLIC OF SERBIA;10;2021;5_AD4;Administration - local authorities’ level;83088;RSD;RSD;SORS;Average gross earnings;A;Normal value
2403040104IND02;RS;REPUBLIC OF SERBIA;10;2022;0;Total;104039;RSD;RSD;SORS;Average gross earnings;A;Normal value
2403040104IND02;RS;REPUBLIC OF SERBIA;10;2022;0_JP_JD_JL;Public enterprises;110781;RSD;RSD;SORS;Average gross earnings;A;Normal value
2403040104IND02;RS;REPUBLIC OF SERBIA;10;2022;0_JS;Public sector;107623;RSD;RSD;SORS;Average gross earnings;A;Normal value
2403040104IND02;RS;REPUBLIC OF SERBIA;10;2022;0_VJS;Non-public sector;102543;RSD;RSD;SORS;Average gross earnings;A;Normal value
2403040104IND02;RS;REPUBLIC OF SERBIA;10;2022;1_JD;Public state enterprises;122892;RSD;RSD;SORS;Average gross earnings;A;Normal value
2403040104IND02;RS;REPUBLIC OF SERBIA;10;2022;2_JL;Public local enterprises;94085;RSD;RSD;SORS;Average gross earnings;A;Normal value
2403040104IND02;RS;REPUBLIC OF SERBIA;10;2022;3_4_5_BK;General government;106650;RSD;RSD;SORS;Average gross earnings;A;Normal value
2403040104IND02;RS;REPUBLIC OF SERBIA;10;2022;3_ZS;Health and social work;106551;RSD;RSD;SORS;Average gross earnings;A;Normal value
2403040104IND02;RS;REPUBLIC OF SERBIA;10;2022;4_OK;Education and culture;98666;RSD;RSD;SORS;Average gross earnings;A;Normal value
2403040104IND02;RS;REPUBLIC OF SERBIA;10;2022;5_AD;Administration - all levels;113817;RSD;RSD;SORS;Average gross earnings;A;Normal value
2403040104IND02;RS;REPUBLIC OF SERBIA;10;2022;5_AD2;Administration - government  level;118257;RSD;RSD;SORS;Average gross earnings;A;Normal value
2403040104IND02;RS;REPUBLIC OF SERBIA;10;2022;5_AD3;Administration - autonomous  province level;119871;RSD;RSD;SORS;Average gross earnings;A;Normal value
2403040104IND02;RS;REPUBLIC OF SERBIA;10;2022;5_AD4;Administration - local authorities’ level;90274;RSD;RSD;SORS;Average gross earnings;A;Normal value
2403040104IND02;RS;REPUBLIC OF SERBIA;10;2023;0;Total;119791;RSD;RSD;SORS;Average gross earnings;A;Normal value
2403040104IND02;RS;REPUBLIC OF SERBIA;10;2023;0_JP_JD_JL;Public enterprises;126165;RSD;RSD;SORS;Average gross earnings;A;Normal value
2403040104IND02;RS;REPUBLIC OF SERBIA;10;2023;0_JS;Public sector;124644;RSD;RSD;SORS;Average gross earnings;A;Normal value
2403040104IND02;RS;REPUBLIC OF SERBIA;10;2023;0_VJS;Non-public sector;117827;RSD;RSD;SORS;Average gross earnings;A;Normal value
2403040104IND02;RS;REPUBLIC OF SERBIA;10;2023;1_JD;Public state enterprises;138001;RSD;RSD;SORS;Average gross earnings;A;Normal value
2403040104IND02;RS;REPUBLIC OF SERBIA;10;2023;2_JL;Public local enterprises;110225;RSD;RSD;SORS;Average gross earnings;A;Normal value
2403040104IND02;RS;REPUBLIC OF SERBIA;10;2023;3_4_5_BK;General government;124172;RSD;RSD;SORS;Average gross earnings;A;Normal value
2403040104IND02;RS;REPUBLIC OF SERBIA;10;2023;3_ZS;Health and social work;121689;RSD;RSD;SORS;Average gross earnings;A;Normal value
2403040104IND02;RS;REPUBLIC OF SERBIA;10;2023;4_OK;Education and culture;117475;RSD;RSD;SORS;Average gross earnings;A;Normal value
2403040104IND02;RS;REPUBLIC OF SERBIA;10;2023;5_AD;Administration - all levels;132605;RSD;RSD;SORS;Average gross earnings;A;Normal value
2403040104IND02;RS;REPUBLIC OF SERBIA;10;2023;5_AD2;Administration - government  level;138428;RSD;RSD;SORS;Average gross earnings;A;Normal value
2403040104IND02;RS;REPUBLIC OF SERBIA;10;2023;5_AD3;Administration - autonomous  province level;136098;RSD;RSD;SORS;Average gross earnings;A;Normal value
2403040104IND02;RS;REPUBLIC OF SERBIA;10;2023;5_AD4;Administration - local authorities’ level;103758;RSD;RSD;SORS;Average gross earnings;A;Normal value
2403040104IND02;RS;REPUBLIC OF SERBIA;10;2024;0;Total;136173;RSD;RSD;SORS;Average gross earnings;A;Normal value
2403040104IND02;RS;REPUBLIC OF SERBIA;10;2024;0_JP_JD_JL;Public enterprises;144120;RSD;RSD;SORS;Average gross earnings;A;Normal value
2403040104IND02;RS;REPUBLIC OF SERBIA;10;2024;0_JS;Public sector;140368;RSD;RSD;SORS;Average gross earnings;A;Normal value
2403040104IND02;RS;REPUBLIC OF SERBIA;10;2024;0_VJS;Non-public sector;134481;RSD;RSD;SORS;Average gross earnings;A;Normal value
2403040104IND02;RS;REPUBLIC OF SERBIA;10;2024;1_JD;Public state enterprises;155232;RSD;RSD;SORS;Average gross earnings;A;Normal value
2403040104IND02;RS;REPUBLIC OF SERBIA;10;2024;2_JL;Public local enterprises;129152;RSD;RSD;SORS;Average gross earnings;A;Normal value
2403040104IND02;RS;REPUBLIC OF SERBIA;10;2024;3_4_5_BK;General government;139219;RSD;RSD;SORS;Average gross earnings;A;Normal value
2403040104IND02;RS;REPUBLIC OF SERBIA;10;2024;3_ZS;Health and social work;136274;RSD;RSD;SORS;Average gross earnings;A;Normal value
2403040104IND02;RS;REPUBLIC OF SERBIA;10;2024;4_OK;Education and culture;132584;RSD;RSD;SORS;Average gross earnings;A;Normal value
2403040104IND02;RS;REPUBLIC OF SERBIA;10;2024;5_AD;Administration - all levels;148282;RSD;RSD;SORS;Average gross earnings;A;Normal value
2403040104IND02;RS;REPUBLIC OF SERBIA;10;2024;5_AD2;Administration - government  level;154380;RSD;RSD;SORS;Average gross earnings;A;Normal value
2403040104IND02;RS;REPUBLIC OF SERBIA;10;2024;5_AD3;Administration - autonomous  province level;151354;RSD;RSD;SORS;Average gross earnings;A;Normal value
2403040104IND02;RS;REPUBLIC OF SERBIA;10;2024;5_AD4;Administration - local authorities’ level;118041;RSD;RSD;SORS;Average gross earnings;A;Normal value
2403040104IND02;RS;REPUBLIC OF SERBIA;10;2025;0;Total;153153;RSD;RSD;SORS;Average gross earnings;A;Normal value
2403040104IND02;RS;REPUBLIC OF SERBIA;10;2025;0_JP_JD_JL;Public enterprises;164171;RSD;RSD;SORS;Average gross earnings;A;Normal value
2403040104IND02;RS;REPUBLIC OF SERBIA;10;2025;0_JS;Public sector;161411;RSD;RSD;SORS;Average gross earnings;A;Normal value
2403040104IND02;RS;REPUBLIC OF SERBIA;10;2025;0_VJS;Non-public sector;149832;RSD;RSD;SORS;Average gross earnings;A;Normal value
2403040104IND02;RS;REPUBLIC OF SERBIA;10;2025;1_JD;Public state enterprises;172842;RSD;RSD;SORS;Average gross earnings;A;Normal value
2403040104IND02;RS;REPUBLIC OF SERBIA;10;2025;2_JL;Public local enterprises;152370;RSD;RSD;SORS;Average gross earnings;A;Normal value
2403040104IND02;RS;REPUBLIC OF SERBIA;10;2025;3_4_5_BK;General government;160576;RSD;RSD;SORS;Average gross earnings;A;Normal value
2403040104IND02;RS;REPUBLIC OF SERBIA;10;2025;3_ZS;Health and social work;156250;RSD;RSD;SORS;Average gross earnings;A;Normal value
2403040104IND02;RS;REPUBLIC OF SERBIA;10;2025;4_OK;Education and culture;159684;RSD;RSD;SORS;Average gross earnings;A;Normal value
2403040104IND02;RS;REPUBLIC OF SERBIA;10;2025;5_AD;Administration - all levels;165853;RSD;RSD;SORS;Average gross earnings;A;Normal value
2403040104IND02;RS;REPUBLIC OF SERBIA;10;2025;5_AD2;Administration - government  level;172017;RSD;RSD;SORS;Average gross earnings;A;Normal value
2403040104IND02;RS;REPUBLIC OF SERBIA;10;2025;5_AD3;Administration - autonomous  province level;164723;RSD;RSD;SORS;Average gross earnings;A;Normal value
2403040104IND02;RS;REPUBLIC OF SERBIA;10;2025;5_AD4;Administration - local authorities’ level;134967;RSD;RSD;SORS;Average gross earnings;A;Normal value
2403040104IND02;RS;REPUBLIC OF SERBIA;11;2003;0;Total;17742;RSD;RSD;SORS;Average gross earnings;A;Normal value
2403040104IND02;RS;REPUBLIC OF SERBIA;11;2003;0_JP_JD_JL;Public enterprises;25123;RSD;RSD;SORS;Average gross earnings;A;Normal value
2403040104IND02;RS;REPUBLIC OF SERBIA;11;2003;0_JS;Public sector;22449;RSD;RSD;SORS;Average gross earnings;A;Normal value
2403040104IND02;RS;REPUBLIC OF SERBIA;11;2003;0_VJS;Non-public sector;14356;RSD;RSD;SORS;Average gross earnings;A;Normal value
2403040104IND02;RS;REPUBLIC OF SERBIA;11;2003;1_JD;Public state enterprises;25845;RSD;RSD;SORS;Average gross earnings;A;Normal value
2403040104IND02;RS;REPUBLIC OF SERBIA;11;2003;2_JL;Public local enterprises;23524;RSD;RSD;SORS;Average gross earnings;A;Normal value
2403040104IND02;RS;REPUBLIC OF SERBIA;11;2003;3_4_5_BK;General government;20942;RSD;RSD;SORS;Average gross earnings;A;Normal value
2403040104IND02;RS;REPUBLIC OF SERBIA;11;2003;3_ZS;Health and social work;19943;RSD;RSD;SORS;Average gross earnings;A;Normal value
2403040104IND02;RS;REPUBLIC OF SERBIA;11;2003;4_OK;Education and culture;20150;RSD;RSD;SORS;Average gross earnings;A;Normal value
2403040104IND02;RS;REPUBLIC OF SERBIA;11;2003;5_AD;Administration - all levels;24804;RSD;RSD;SORS;Average gross earnings;A;Normal value
2403040104IND02;RS;REPUBLIC OF SERBIA;11;2003;5_AD2;Administration - government  level;;RSD;RSD;SORS;Average gross earnings;O;Not available
2403040104IND02;RS;REPUBLIC OF SERBIA;11;2003;5_AD3;Administration - autonomous  province level;;RSD;RSD;SORS;Average gross earnings;O;Not available
2403040104IND02;RS;REPUBLIC OF SERBIA;11;2003;5_AD4;Administration - local authorities’ level;;RSD;RSD;SORS;Average gross earnings;O;Not available
2403040104IND02;RS;REPUBLIC OF SERBIA;11;2004;0;Total;22043;RSD;RSD;SORS;Average gross earnings;A;Normal value
2403040104IND02;RS;REPUBLIC OF SERBIA;11;2004;0_JP_JD_JL;Public enterprises;31198;RSD;RSD;SORS;Average gross earnings;A;Normal value
2403040104IND02;RS;REPUBLIC OF SERBIA;11;2004;0_JS;Public sector;27595;RSD;RSD;SORS;Average gross earnings;A;Normal value
2403040104IND02;RS;REPUBLIC OF SERBIA;11;2004;0_VJS;Non-public sector;17693;RSD;RSD;SORS;Average gross earnings;A;Normal value
2403040104IND02;RS;REPUBLIC OF SERBIA;11;2004;1_JD;Public state enterprises;31288;RSD;RSD;SORS;Average gross earnings;A;Normal value
2403040104IND02;RS;REPUBLIC OF SERBIA;11;2004;2_JL;Public local enterprises;31005;RSD;RSD;SORS;Average gross earnings;A;Normal value
2403040104IND02;RS;REPUBLIC OF SERBIA;11;2004;3_4_5_BK;General government;25614;RSD;RSD;SORS;Average gross earnings;A;Normal value
2403040104IND02;RS;REPUBLIC OF SERBIA;11;2004;3_ZS;Health and social work;24595;RSD;RSD;SORS;Average gross earnings;A;Normal value
2403040104IND02;RS;REPUBLIC OF SERBIA;11;2004;4_OK;Education and culture;24397;RSD;RSD;SORS;Average gross earnings;A;Normal value
2403040104IND02;RS;REPUBLIC OF SERBIA;11;2004;5_AD;Administration - all levels;30259;RSD;RSD;SORS;Average gross earnings;A;Normal value
2403040104IND02;RS;REPUBLIC OF SERBIA;11;2004;5_AD2;Administration - government  level;;RSD;RSD;SORS;Average gross earnings;O;Not available
2403040104IND02;RS;REPUBLIC OF SERBIA;11;2004;5_AD3;Administration - autonomous  province level;;RSD;RSD;SORS;Average gross earnings;O;Not available
2403040104IND02;RS;REPUBLIC OF SERBIA;11;2004;5_AD4;Administration - local authorities’ level;;RSD;RSD;SORS;Average gross earnings;O;Not available
2403040104IND02;RS;REPUBLIC OF SERBIA;11;2005;0;Total;27378;RSD;RSD;SORS;Average gross earnings;A;Normal value
2403040104IND02;RS;REPUBLIC OF SERBIA;11;2005;0_JP_JD_JL;Public enterprises;35259;RSD;RSD;SORS;Average gross earnings;A;Normal value
2403040104IND02;RS;REPUBLIC OF SERBIA;11;2005;0_JS;Public sector;32305;RSD;RSD;SORS;Average gross earnings;A;Normal value
2403040104IND02;RS;REPUBLIC OF SERBIA;11;2005;0_VJS;Non-public sector;23149;RSD;RSD;SORS;Average gross earnings;A;Normal value
2403040104IND02;RS;REPUBLIC OF SERBIA;11;2005;1_JD;Public state enterprises;35742;RSD;RSD;SORS;Average gross earnings;A;Normal value
2403040104IND02;RS;REPUBLIC OF SERBIA;11;2005;2_JL;Public local enterprises;34375;RSD;RSD;SORS;Average gross earnings;A;Normal value
2403040104IND02;RS;REPUBLIC OF SERBIA;11;2005;3_4_5_BK;General government;30726;RSD;RSD;SORS;Average gross earnings;A;Normal value
2403040104IND02;RS;REPUBLIC OF SERBIA;11;2005;3_ZS;Health and social work;28167;RSD;RSD;SORS;Average gross earnings;A;Normal value
2403040104IND02;RS;REPUBLIC OF SERBIA;11;2005;4_OK;Education and culture;30159;RSD;RSD;SORS;Average gross earnings;A;Normal value
2403040104IND02;RS;REPUBLIC OF SERBIA;11;2005;5_AD;Administration - all levels;37951;RSD;RSD;SORS;Average gross earnings;A;Normal value
2403040104IND02;RS;REPUBLIC OF SERBIA;11;2005;5_AD2;Administration - government  level;;RSD;RSD;SORS;Average gross earnings;O;Not available
2403040104IND02;RS;REPUBLIC OF SERBIA;11;2005;5_AD3;Administration - autonomous  province level;;RSD;RSD;SORS;Average gross earnings;O;Not available
2403040104IND02;RS;REPUBLIC OF SERBIA;11;2005;5_AD4;Administration - local authorities’ level;;RSD;RSD;SORS;Average gross earnings;O;Not available
2403040104IND02;RS;REPUBLIC OF SERBIA;11;2006;0;Total;33892;RSD;RSD;SORS;Average gross earnings;A;Normal value
2403040104IND02;RS;REPUBLIC OF SERBIA;11;2006;0_JP_JD_JL;Public enterprises;43278;RSD;RSD;SORS;Average gross earnings;A;Normal value
2403040104IND02;RS;REPUBLIC OF SERBIA;11;2006;0_JS;Public sector;39400;RSD;RSD;SORS;Average gross earnings;A;Normal value
2403040104IND02;RS;REPUBLIC OF SERBIA;11;2006;0_VJS;Non-public sector;28819;RSD;RSD;SORS;Average gross earnings;A;Normal value
2403040104IND02;RS;REPUBLIC OF SERBIA;11;2006;1_JD;Public state enterprises;44947;RSD;RSD;SORS;Average gross earnings;A;Normal value
2403040104IND02;RS;REPUBLIC OF SERBIA;11;2006;2_JL;Public local enterprises;40384;RSD;RSD;SORS;Average gross earnings;A;Normal value
2403040104IND02;RS;REPUBLIC OF SERBIA;11;2006;3_4_5_BK;General government;37385;RSD;RSD;SORS;Average gross earnings;A;Normal value
2403040104IND02;RS;REPUBLIC OF SERBIA;11;2006;3_ZS;Health and social work;36920;RSD;RSD;SORS;Average gross earnings;A;Normal value
2403040104IND02;RS;REPUBLIC OF SERBIA;11;2006;4_OK;Education and culture;34893;RSD;RSD;SORS;Average gross earnings;A;Normal value
2403040104IND02;RS;REPUBLIC OF SERBIA;11;2006;5_AD;Administration - all levels;43637;RSD;RSD;SORS;Average gross earnings;A;Normal value
2403040104IND02;RS;REPUBLIC OF SERBIA;11;2006;5_AD2;Administration - government  level;;RSD;RSD;SORS;Average gross earnings;O;Not available
2403040104IND02;RS;REPUBLIC OF SERBIA;11;2006;5_AD3;Administration - autonomous  province level;;RSD;RSD;SORS;Average gross earnings;O;Not available
2403040104IND02;RS;REPUBLIC OF SERBIA;11;2006;5_AD4;Administration - local authorities’ level;;RSD;RSD;SORS;Average gross earnings;O;Not available
2403040104IND02;RS;REPUBLIC OF SERBIA;11;2007;0;Total;41010;RSD;RSD;SORS;Average gross earnings;A;Normal value
2403040104IND02;RS;REPUBLIC OF SERBIA;11;2007;0_JP_JD_JL;Public enterprises;50746;RSD;RSD;SORS;Average gross earnings;A;Normal value
2403040104IND02;RS;REPUBLIC OF SERBIA;11;2007;0_JS;Public sector;47755;RSD;RSD;SORS;Average gross earnings;A;Normal value
2403040104IND02;RS;REPUBLIC OF SERBIA;11;2007;0_VJS;Non-public sector;34187;RSD;RSD;SORS;Average gross earnings;A;Normal value
2403040104IND02;RS;REPUBLIC OF SERBIA;11;2007;1_JD;Public state enterprises;54418;RSD;RSD;SORS;Average gross earnings;A;Normal value
2403040104IND02;RS;REPUBLIC OF SERBIA;11;2007;2_JL;Public local enterprises;44467;RSD;RSD;SORS;Average gross earnings;A;Normal value
2403040104IND02;RS;REPUBLIC OF SERBIA;11;2007;3_4_5_BK;General government;46282;RSD;RSD;SORS;Average gross earnings;A;Normal value
2403040104IND02;RS;REPUBLIC OF SERBIA;11;2007;3_ZS;Health and social work;45693;RSD;RSD;SORS;Average gross earnings;A;Normal value
2403040104IND02;RS;REPUBLIC OF SERBIA;11;2007;4_OK;Education and culture;43635;RSD;RSD;SORS;Average gross earnings;A;Normal value
2403040104IND02;RS;REPUBLIC OF SERBIA;11;2007;5_AD;Administration - all levels;53145;RSD;RSD;SORS;Average gross earnings;A;Normal value
2403040104IND02;RS;REPUBLIC OF SERBIA;11;2007;5_AD2;Administration - government  level;;RSD;RSD;SORS;Average gross earnings;O;Not available
2403040104IND02;RS;REPUBLIC OF SERBIA;11;2007;5_AD3;Administration - autonomous  province level;;RSD;RSD;SORS;Average gross earnings;O;Not available
2403040104IND02;RS;REPUBLIC OF SERBIA;11;2007;5_AD4;Administration - local authorities’ level;;RSD;RSD;SORS;Average gross earnings;O;Not available
2403040104IND02;RS;REPUBLIC OF SERBIA;11;2008;0;Total;46944;RSD;RSD;SORS;Average gross earnings;A;Normal value
2403040104IND02;RS;REPUBLIC OF SERBIA;11;2008;0_JP_JD_JL;Public enterprises;57615;RSD;RSD;SORS;Average gross earnings;A;Normal value
2403040104IND02;RS;REPUBLIC OF SERBIA;11;2008;0_JS;Public sector;53908;RSD;RSD;SORS;Average gross earnings;A;Normal value
2403040104IND02;RS;REPUBLIC OF SERBIA;11;2008;0_VJS;Non-public sector;39340;RSD;RSD;SORS;Average gross earnings;A;Normal value
2403040104IND02;RS;REPUBLIC OF SERBIA;11;2008;1_JD;Public state enterprises;61733;RSD;RSD;SORS;Average gross earnings;A;Normal value
2403040104IND02;RS;REPUBLIC OF SERBIA;11;2008;2_JL;Public local enterprises;50488;RSD;RSD;SORS;Average gross earnings;A;Normal value
2403040104IND02;RS;REPUBLIC OF SERBIA;11;2008;3_4_5_BK;General government;52124;RSD;RSD;SORS;Average gross earnings;A;Normal value
2403040104IND02;RS;REPUBLIC OF SERBIA;11;2008;3_ZS;Health and social work;50453;RSD;RSD;SORS;Average gross earnings;A;Normal value
2403040104IND02;RS;REPUBLIC OF SERBIA;11;2008;4_OK;Education and culture;51286;RSD;RSD;SORS;Average gross earnings;A;Normal value
2403040104IND02;RS;REPUBLIC OF SERBIA;11;2008;5_AD;Administration - all levels;57716;RSD;RSD;SORS;Average gross earnings;A;Normal value
2403040104IND02;RS;REPUBLIC OF SERBIA;11;2008;5_AD2;Administration - government  level;;RSD;RSD;SORS;Average gross earnings;O;Not available
2403040104IND02;RS;REPUBLIC OF SERBIA;11;2008;5_AD3;Administration - autonomous  province level;;RSD;RSD;SORS;Average gross earnings;O;Not available
2403040104IND02;RS;REPUBLIC OF SERBIA;11;2008;5_AD4;Administration - local authorities’ level;;RSD;RSD;SORS;Average gross earnings;O;Not available
2403040104IND02;RS;REPUBLIC OF SERBIA;11;2009;0;Total;43895;RSD;RSD;SORS;Average gross earnings;A;Normal value
2403040104IND02;RS;REPUBLIC OF SERBIA;11;2009;0_JP_JD_JL;Public enterprises;57796;RSD;RSD;SORS;Average gross earnings;A;Normal value
2403040104IND02;RS;REPUBLIC OF SERBIA;11;2009;0_JS;Public sector;53919;RSD;RSD;SORS;Average gross earnings;A;Normal value
2403040104IND02;RS;REPUBLIC OF SERBIA;11;2009;0_VJS;Non-public sector;35781;RSD;RSD;SORS;Average gross earnings;A;Normal value
2403040104IND02;RS;REPUBLIC OF SERBIA;11;2009;1_JD;Public state enterprises;61629;RSD;RSD;SORS;Average gross earnings;A;Normal value
2403040104IND02;RS;REPUBLIC OF SERBIA;11;2009;2_JL;Public local enterprises;51837;RSD;RSD;SORS;Average gross earnings;A;Normal value
2403040104IND02;RS;REPUBLIC OF SERBIA;11;2009;3_4_5_BK;General government;52220;RSD;RSD;SORS;Average gross earnings;A;Normal value
2403040104IND02;RS;REPUBLIC OF SERBIA;11;2009;3_ZS;Health and social work;51407;RSD;RSD;SORS;Average gross earnings;A;Normal value
2403040104IND02;RS;REPUBLIC OF SERBIA;11;2009;4_OK;Education and culture;50715;RSD;RSD;SORS;Average gross earnings;A;Normal value
2403040104IND02;RS;REPUBLIC OF SERBIA;11;2009;5_AD;Administration - all levels;56966;RSD;RSD;SORS;Average gross earnings;A;Normal value
2403040104IND02;RS;REPUBLIC OF SERBIA;11;2009;5_AD2;Administration - government  level;;RSD;RSD;SORS;Average gross earnings;O;Not available
2403040104IND02;RS;REPUBLIC OF SERBIA;11;2009;5_AD3;Administration - autonomous  province level;;RSD;RSD;SORS;Average gross earnings;O;Not available
2403040104IND02;RS;REPUBLIC OF SERBIA;11;2009;5_AD4;Administration - local authorities’ level;;RSD;RSD;SORS;Average gross earnings;O;Not available
2403040104IND02;RS;REPUBLIC OF SERBIA;11;2010;0;Total;47877;RSD;RSD;SORS;Average gross earnings;A;Normal value
2403040104IND02;RS;REPUBLIC OF SERBIA;11;2010;0_JP_JD_JL;Public enterprises;60984;RSD;RSD;SORS;Average gross earnings;A;Normal value
2403040104IND02;RS;REPUBLIC OF SERBIA;11;2010;0_JS;Public sector;55763;RSD;RSD;SORS;Average gross earnings;A;Normal value
2403040104IND02;RS;REPUBLIC OF SERBIA;11;2010;0_VJS;Non-public sector;41020;RSD;RSD;SORS;Average gross earnings;A;Normal value
2403040104IND02;RS;REPUBLIC OF SERBIA;11;2010;1_JD;Public state enterprises;64359;RSD;RSD;SORS;Average gross earnings;A;Normal value
2403040104IND02;RS;REPUBLIC OF SERBIA;11;2010;2_JL;Public local enterprises;55863;RSD;RSD;SORS;Average gross earnings;A;Normal value
2403040104IND02;RS;REPUBLIC OF SERBIA;11;2010;3_4_5_BK;General government;53532;RSD;RSD;SORS;Average gross earnings;A;Normal value
2403040104IND02;RS;REPUBLIC OF SERBIA;11;2010;3_ZS;Health and social work;51431;RSD;RSD;SORS;Average gross earnings;A;Normal value
2403040104IND02;RS;REPUBLIC OF SERBIA;11;2010;4_OK;Education and culture;51564;RSD;RSD;SORS;Average gross earnings;A;Normal value
2403040104IND02;RS;REPUBLIC OF SERBIA;11;2010;5_AD;Administration - all levels;62278;RSD;RSD;SORS;Average gross earnings;A;Normal value
2403040104IND02;RS;REPUBLIC OF SERBIA;11;2010;5_AD2;Administration - government  level;;RSD;RSD;SORS;Average gross earnings;O;Not available
2403040104IND02;RS;REPUBLIC OF SERBIA;11;2010;5_AD3;Administration - autonomous  province level;;RSD;RSD;SORS;Average gross earnings;O;Not available
2403040104IND02;RS;REPUBLIC OF SERBIA;11;2010;5_AD4;Administration - local authorities’ level;;RSD;RSD;SORS;Average gross earnings;O;Not available
2403040104IND02;RS;REPUBLIC OF SERBIA;11;2011;0;Total;53239;RSD;RSD;SORS;Average gross earnings;A;Normal value
2403040104IND02;RS;REPUBLIC OF SERBIA;11;2011;0_JP_JD_JL;Public enterprises;68472;RSD;RSD;SORS;Average gross earnings;A;Normal value
2403040104IND02;RS;REPUBLIC OF SERBIA;11;2011;0_JS;Public sector;61713;RSD;RSD;SORS;Average gross earnings;A;Normal value
2403040104IND02;RS;REPUBLIC OF SERBIA;11;2011;0_VJS;Non-public sector;45664;RSD;RSD;SORS;Average gross earnings;A;Normal value
2403040104IND02;RS;REPUBLIC OF SERBIA;11;2011;1_JD;Public state enterprises;74885;RSD;RSD;SORS;Average gross earnings;A;Normal value
2403040104IND02;RS;REPUBLIC OF SERBIA;11;2011;2_JL;Public local enterprises;58994;RSD;RSD;SORS;Average gross earnings;A;Normal value
2403040104IND02;RS;REPUBLIC OF SERBIA;11;2011;3_4_5_BK;General government;58817;RSD;RSD;SORS;Average gross earnings;A;Normal value
2403040104IND02;RS;REPUBLIC OF SERBIA;11;2011;3_ZS;Health and social work;56506;RSD;RSD;SORS;Average gross earnings;A;Normal value
2403040104IND02;RS;REPUBLIC OF SERBIA;11;2011;4_OK;Education and culture;56291;RSD;RSD;SORS;Average gross earnings;A;Normal value
2403040104IND02;RS;REPUBLIC OF SERBIA;11;2011;5_AD;Administration - all levels;69081;RSD;RSD;SORS;Average gross earnings;A;Normal value
2403040104IND02;RS;REPUBLIC OF SERBIA;11;2011;5_AD2;Administration - government  level;;RSD;RSD;SORS;Average gross earnings;O;Not available
2403040104IND02;RS;REPUBLIC OF SERBIA;11;2011;5_AD3;Administration - autonomous  province level;;RSD;RSD;SORS;Average gross earnings;O;Not available
2403040104IND02;RS;REPUBLIC OF SERBIA;11;2011;5_AD4;Administration - local authorities’ level;;RSD;RSD;SORS;Average gross earnings;O;Not available
2403040104IND02;RS;REPUBLIC OF SERBIA;11;2012;0;Total;58914;RSD;RSD;SORS;Average gross earnings;A;Normal value
2403040104IND02;RS;REPUBLIC OF SERBIA;11;2012;0_JP_JD_JL;Public enterprises;74651;RSD;RSD;SORS;Average gross earnings;A;Normal value
2403040104IND02;RS;REPUBLIC OF SERBIA;11;2012;0_JS;Public sector;66624;RSD;RSD;SORS;Average gross earnings;A;Normal value
2403040104IND02;RS;REPUBLIC OF SERBIA;11;2012;0_VJS;Non-public sector;51486;RSD;RSD;SORS;Average gross earnings;A;Normal value
2403040104IND02;RS;REPUBLIC OF SERBIA;11;2012;1_JD;Public state enterprises;83649;RSD;RSD;SORS;Average gross earnings;A;Normal value
2403040104IND02;RS;REPUBLIC OF SERBIA;11;2012;2_JL;Public local enterprises;61558;RSD;RSD;SORS;Average gross earnings;A;Normal value
2403040104IND02;RS;REPUBLIC OF SERBIA;11;2012;3_4_5_BK;General government;63141;RSD;RSD;SORS;Average gross earnings;A;Normal value
2403040104IND02;RS;REPUBLIC OF SERBIA;11;2012;3_ZS;Health and social work;60604;RSD;RSD;SORS;Average gross earnings;A;Normal value
2403040104IND02;RS;REPUBLIC OF SERBIA;11;2012;4_OK;Education and culture;59588;RSD;RSD;SORS;Average gross earnings;A;Normal value
2403040104IND02;RS;REPUBLIC OF SERBIA;11;2012;5_AD;Administration - all levels;75404;RSD;RSD;SORS;Average gross earnings;A;Normal value
2403040104IND02;RS;REPUBLIC OF SERBIA;11;2012;5_AD2;Administration - government  level;;RSD;RSD;SORS;Average gross earnings;O;Not available
2403040104IND02;RS;REPUBLIC OF SERBIA;11;2012;5_AD3;Administration - autonomous  province level;;RSD;RSD;SORS;Average gross earnings;O;Not available
2403040104IND02;RS;REPUBLIC OF SERBIA;11;2012;5_AD4;Administration - local authorities’ level;;RSD;RSD;SORS;Average gross earnings;O;Not available
2403040104IND02;RS;REPUBLIC OF SERBIA;11;2013;0;Total;60893;RSD;RSD;SORS;Average gross earnings;A;Normal value
2403040104IND02;RS;REPUBLIC OF SERBIA;11;2013;0_JP_JD_JL;Public enterprises;78219;RSD;RSD;SORS;Average gross earnings;A;Normal value
2403040104IND02;RS;REPUBLIC OF SERBIA;11;2013;0_JS;Public sector;68561;RSD;RSD;SORS;Average gross earnings;A;Normal value
2403040104IND02;RS;REPUBLIC OF SERBIA;11;2013;0_VJS;Non-public sector;53342;RSD;RSD;SORS;Average gross earnings;A;Normal value
2403040104IND02;RS;REPUBLIC OF SERBIA;11;2013;1_JD;Public state enterprises;89771;RSD;RSD;SORS;Average gross earnings;A;Normal value
2403040104IND02;RS;REPUBLIC OF SERBIA;11;2013;2_JL;Public local enterprises;61459;RSD;RSD;SORS;Average gross earnings;A;Normal value
2403040104IND02;RS;REPUBLIC OF SERBIA;11;2013;3_4_5_BK;General government;64368;RSD;RSD;SORS;Average gross earnings;A;Normal value
2403040104IND02;RS;REPUBLIC OF SERBIA;11;2013;3_ZS;Health and social work;61498;RSD;RSD;SORS;Average gross earnings;A;Normal value
2403040104IND02;RS;REPUBLIC OF SERBIA;11;2013;4_OK;Education and culture;61203;RSD;RSD;SORS;Average gross earnings;A;Normal value
2403040104IND02;RS;REPUBLIC OF SERBIA;11;2013;5_AD;Administration - all levels;76654;RSD;RSD;SORS;Average gross earnings;A;Normal value
2403040104IND02;RS;REPUBLIC OF SERBIA;11;2013;5_AD2;Administration - government  level;;RSD;RSD;SORS;Average gross earnings;O;Not available
2403040104IND02;RS;REPUBLIC OF SERBIA;11;2013;5_AD3;Administration - autonomous  province level;;RSD;RSD;SORS;Average gross earnings;O;Not available
2403040104IND02;RS;REPUBLIC OF SERBIA;11;2013;5_AD4;Administration - local authorities’ level;;RSD;RSD;SORS;Average gross earnings;O;Not available
2403040104IND02;RS;REPUBLIC OF SERBIA;11;2014;0;Total;60982;RSD;RSD;SORS;Average gross earnings;A;Normal value
2403040104IND02;RS;REPUBLIC OF SERBIA;11;2014;0_JP_JD_JL;Public enterprises;79872;RSD;RSD;SORS;Average gross earnings;A;Normal value
2403040104IND02;RS;REPUBLIC OF SERBIA;11;2014;0_JS;Public sector;68037;RSD;RSD;SORS;Average gross earnings;A;Normal value
2403040104IND02;RS;REPUBLIC OF SERBIA;11;2014;0_VJS;Non-public sector;54369;RSD;RSD;SORS;Average gross earnings;A;Normal value
2403040104IND02;RS;REPUBLIC OF SERBIA;11;2014;1_JD;Public state enterprises;92655;RSD;RSD;SORS;Average gross earnings;A;Normal value
2403040104IND02;RS;REPUBLIC OF SERBIA;11;2014;2_JL;Public local enterprises;61026;RSD;RSD;SORS;Average gross earnings;A;Normal value
2403040104IND02;RS;REPUBLIC OF SERBIA;11;2014;3_4_5_BK;General government;62927;RSD;RSD;SORS;Average gross earnings;A;Normal value
2403040104IND02;RS;REPUBLIC OF SERBIA;11;2014;3_ZS;Health and social work;58828;RSD;RSD;SORS;Average gross earnings;A;Normal value
2403040104IND02;RS;REPUBLIC OF SERBIA;11;2014;4_OK;Education and culture;61467;RSD;RSD;SORS;Average gross earnings;A;Normal value
2403040104IND02;RS;REPUBLIC OF SERBIA;11;2014;5_AD;Administration - all levels;74813;RSD;RSD;SORS;Average gross earnings;A;Normal value
2403040104IND02;RS;REPUBLIC OF SERBIA;11;2014;5_AD2;Administration - government  level;;RSD;RSD;SORS;Average gross earnings;O;Not available
2403040104IND02;RS;REPUBLIC OF SERBIA;11;2014;5_AD3;Administration - autonomous  province level;;RSD;RSD;SORS;Average gross earnings;O;Not available
2403040104IND02;RS;REPUBLIC OF SERBIA;11;2014;5_AD4;Administration - local authorities’ level;;RSD;RSD;SORS;Average gross earnings;O;Not available
2403040104IND02;RS;REPUBLIC OF SERBIA;11;2015;0;Total;60913;RSD;RSD;SORS;Average gross earnings;A;Normal value
2403040104IND02;RS;REPUBLIC OF SERBIA;11;2015;0_JP_JD_JL;Public enterprises;74919;RSD;RSD;SORS;Average gross earnings;A;Normal value
2403040104IND02;RS;REPUBLIC OF SERBIA;11;2015;0_JS;Public sector;64609;RSD;RSD;SORS;Average gross earnings;A;Normal value
2403040104IND02;RS;REPUBLIC OF SERBIA;11;2015;0_VJS;Non-public sector;57439;RSD;RSD;SORS;Average gross earnings;A;Normal value
2403040104IND02;RS;REPUBLIC OF SERBIA;11;2015;1_JD;Public state enterprises;86179;RSD;RSD;SORS;Average gross earnings;A;Normal value
2403040104IND02;RS;REPUBLIC OF SERBIA;11;2015;2_JL;Public local enterprises;59242;RSD;RSD;SORS;Average gross earnings;A;Normal value
2403040104IND02;RS;REPUBLIC OF SERBIA;11;2015;3_4_5_BK;General government;60069;RSD;RSD;SORS;Average gross earnings;A;Normal value
2403040104IND02;RS;REPUBLIC OF SERBIA;11;2015;3_ZS;Health and social work;56322;RSD;RSD;SORS;Average gross earnings;A;Normal value
2403040104IND02;RS;REPUBLIC OF SERBIA;11;2015;4_OK;Education and culture;59837;RSD;RSD;SORS;Average gross earnings;A;Normal value
2403040104IND02;RS;REPUBLIC OF SERBIA;11;2015;5_AD;Administration - all levels;68588;RSD;RSD;SORS;Average gross earnings;A;Normal value
2403040104IND02;RS;REPUBLIC OF SERBIA;11;2015;5_AD2;Administration - government  level;;RSD;RSD;SORS;Average gross earnings;O;Not available
2403040104IND02;RS;REPUBLIC OF SERBIA;11;2015;5_AD3;Administration - autonomous  province level;;RSD;RSD;SORS;Average gross earnings;O;Not available
2403040104IND02;RS;REPUBLIC OF SERBIA;11;2015;5_AD4;Administration - local authorities’ level;;RSD;RSD;SORS;Average gross earnings;O;Not available
2403040104IND02;RS;REPUBLIC OF SERBIA;11;2016;0;Total;63061;RSD;RSD;SORS;Average gross earnings;A;Normal value
2403040104IND02;RS;REPUBLIC OF SERBIA;11;2016;0_JP_JD_JL;Public enterprises;78774;RSD;RSD;SORS;Average gross earnings;A;Normal value
2403040104IND02;RS;REPUBLIC OF SERBIA;11;2016;0_JS;Public sector;65814;RSD;RSD;SORS;Average gross earnings;A;Normal value
2403040104IND02;RS;REPUBLIC OF SERBIA;11;2016;0_VJS;Non-public sector;60593;RSD;RSD;SORS;Average gross earnings;A;Normal value
2403040104IND02;RS;REPUBLIC OF SERBIA;11;2016;1_JD;Public state enterprises;89116;RSD;RSD;SORS;Average gross earnings;A;Normal value
2403040104IND02;RS;REPUBLIC OF SERBIA;11;2016;2_JL;Public local enterprises;64262;RSD;RSD;SORS;Average gross earnings;A;Normal value
2403040104IND02;RS;REPUBLIC OF SERBIA;11;2016;3_4_5_BK;General government;60176;RSD;RSD;SORS;Average gross earnings;A;Normal value
2403040104IND02;RS;REPUBLIC OF SERBIA;11;2016;3_ZS;Health and social work;58179;RSD;RSD;SORS;Average gross earnings;A;Normal value
2403040104IND02;RS;REPUBLIC OF SERBIA;11;2016;4_OK;Education and culture;58101;RSD;RSD;SORS;Average gross earnings;A;Normal value
2403040104IND02;RS;REPUBLIC OF SERBIA;11;2016;5_AD;Administration - all levels;68648;RSD;RSD;SORS;Average gross earnings;A;Normal value
2403040104IND02;RS;REPUBLIC OF SERBIA;11;2016;5_AD2;Administration - government  level;;RSD;RSD;SORS;Average gross earnings;O;Not available
2403040104IND02;RS;REPUBLIC OF SERBIA;11;2016;5_AD3;Administration - autonomous  province level;;RSD;RSD;SORS;Average gross earnings;O;Not available
2403040104IND02;RS;REPUBLIC OF SERBIA;11;2016;5_AD4;Administration - local authorities’ level;;RSD;RSD;SORS;Average gross earnings;O;Not available
2403040104IND02;RS;REPUBLIC OF SERBIA;11;2017;0;Total;65609;RSD;RSD;SORS;Average gross earnings;A;Normal value
2403040104IND02;RS;REPUBLIC OF SERBIA;11;2017;0_JP_JD_JL;Public enterprises;80796;RSD;RSD;SORS;Average gross earnings;A;Normal value
2403040104IND02;RS;REPUBLIC OF SERBIA;11;2017;0_JS;Public sector;68359;RSD;RSD;SORS;Average gross earnings;A;Normal value
2403040104IND02;RS;REPUBLIC OF SERBIA;11;2017;0_VJS;Non-public sector;63215;RSD;RSD;SORS;Average gross earnings;A;Normal value
2403040104IND02;RS;REPUBLIC OF SERBIA;11;2017;1_JD;Public state enterprises;92976;RSD;RSD;SORS;Average gross earnings;A;Normal value
2403040104IND02;RS;REPUBLIC OF SERBIA;11;2017;2_JL;Public local enterprises;64102;RSD;RSD;SORS;Average gross earnings;A;Normal value
2403040104IND02;RS;REPUBLIC OF SERBIA;11;2017;3_4_5_BK;General government;63076;RSD;RSD;SORS;Average gross earnings;A;Normal value
2403040104IND02;RS;REPUBLIC OF SERBIA;11;2017;3_ZS;Health and social work;61371;RSD;RSD;SORS;Average gross earnings;A;Normal value
2403040104IND02;RS;REPUBLIC OF SERBIA;11;2017;4_OK;Education and culture;60823;RSD;RSD;SORS;Average gross earnings;A;Normal value
2403040104IND02;RS;REPUBLIC OF SERBIA;11;2017;5_AD;Administration - all levels;71210;RSD;RSD;SORS;Average gross earnings;A;Normal value
2403040104IND02;RS;REPUBLIC OF SERBIA;11;2017;5_AD2;Administration - government  level;;RSD;RSD;SORS;Average gross earnings;O;Not available
2403040104IND02;RS;REPUBLIC OF SERBIA;11;2017;5_AD3;Administration - autonomous  province level;;RSD;RSD;SORS;Average gross earnings;O;Not available
2403040104IND02;RS;REPUBLIC OF SERBIA;11;2017;5_AD4;Administration - local authorities’ level;;RSD;RSD;SORS;Average gross earnings;O;Not available
2403040104IND02;RS;REPUBLIC OF SERBIA;11;2018;0;Total;69949;RSD;RSD;SORS;Average gross earnings;A;Normal value
2403040104IND02;RS;REPUBLIC OF SERBIA;11;2018;0_JP_JD_JL;Public enterprises;84491;RSD;RSD;SORS;Average gross earnings;A;Normal value
2403040104IND02;RS;REPUBLIC OF SERBIA;11;2018;0_JS;Public sector;78165;RSD;RSD;SORS;Average gross earnings;A;Normal value
2403040104IND02;RS;REPUBLIC OF SERBIA;11;2018;0_VJS;Non-public sector;65970;RSD;RSD;SORS;Average gross earnings;A;Normal value
2403040104IND02;RS;REPUBLIC OF SERBIA;11;2018;1_JD;Public state enterprises;95661;RSD;RSD;SORS;Average gross earnings;A;Normal value
2403040104IND02;RS;REPUBLIC OF SERBIA;11;2018;2_JL;Public local enterprises;67853;RSD;RSD;SORS;Average gross earnings;A;Normal value
2403040104IND02;RS;REPUBLIC OF SERBIA;11;2018;3_4_5_BK;General government;76051;RSD;RSD;SORS;Average gross earnings;A;Normal value
2403040104IND02;RS;REPUBLIC OF SERBIA;11;2018;3_ZS;Health and social work;70643;RSD;RSD;SORS;Average gross earnings;A;Normal value
2403040104IND02;RS;REPUBLIC OF SERBIA;11;2018;4_OK;Education and culture;74996;RSD;RSD;SORS;Average gross earnings;A;Normal value
2403040104IND02;RS;REPUBLIC OF SERBIA;11;2018;5_AD;Administration - all levels;81888;RSD;RSD;SORS;Average gross earnings;A;Normal value
2403040104IND02;RS;REPUBLIC OF SERBIA;11;2018;5_AD2;Administration - government  level;85059;RSD;RSD;SORS;Average gross earnings;A;Normal value
2403040104IND02;RS;REPUBLIC OF SERBIA;11;2018;5_AD3;Administration - autonomous  province level;87398;RSD;RSD;SORS;Average gross earnings;A;Normal value
2403040104IND02;RS;REPUBLIC OF SERBIA;11;2018;5_AD4;Administration - local authorities’ level;66251;RSD;RSD;SORS;Average gross earnings;A;Normal value
2403040104IND02;RS;REPUBLIC OF SERBIA;11;2019;0;Total;77879;RSD;RSD;SORS;Average gross earnings;A;Normal value
2403040104IND02;RS;REPUBLIC OF SERBIA;11;2019;0_JP_JD_JL;Public enterprises;89368;RSD;RSD;SORS;Average gross earnings;A;Normal value
2403040104IND02;RS;REPUBLIC OF SERBIA;11;2019;0_JS;Public sector;89941;RSD;RSD;SORS;Average gross earnings;A;Normal value
2403040104IND02;RS;REPUBLIC OF SERBIA;11;2019;0_VJS;Non-public sector;72386;RSD;RSD;SORS;Average gross earnings;A;Normal value
2403040104IND02;RS;REPUBLIC OF SERBIA;11;2019;1_JD;Public state enterprises;101721;RSD;RSD;SORS;Average gross earnings;A;Normal value
2403040104IND02;RS;REPUBLIC OF SERBIA;11;2019;2_JL;Public local enterprises;72333;RSD;RSD;SORS;Average gross earnings;A;Normal value
2403040104IND02;RS;REPUBLIC OF SERBIA;11;2019;3_4_5_BK;General government;90125;RSD;RSD;SORS;Average gross earnings;A;Normal value
2403040104IND02;RS;REPUBLIC OF SERBIA;11;2019;3_ZS;Health and social work;84648;RSD;RSD;SORS;Average gross earnings;A;Normal value
2403040104IND02;RS;REPUBLIC OF SERBIA;11;2019;4_OK;Education and culture;87230;RSD;RSD;SORS;Average gross earnings;A;Normal value
2403040104IND02;RS;REPUBLIC OF SERBIA;11;2019;5_AD;Administration - all levels;97776;RSD;RSD;SORS;Average gross earnings;A;Normal value
2403040104IND02;RS;REPUBLIC OF SERBIA;11;2019;5_AD2;Administration - government  level;101943;RSD;RSD;SORS;Average gross earnings;A;Normal value
2403040104IND02;RS;REPUBLIC OF SERBIA;11;2019;5_AD3;Administration - autonomous  province level;100020;RSD;RSD;SORS;Average gross earnings;A;Normal value
2403040104IND02;RS;REPUBLIC OF SERBIA;11;2019;5_AD4;Administration - local authorities’ level;77304;RSD;RSD;SORS;Average gross earnings;A;Normal value
2403040104IND02;RS;REPUBLIC OF SERBIA;11;2020;0;Total;84201;RSD;RSD;SORS;Average gross earnings;A;Normal value
2403040104IND02;RS;REPUBLIC OF SERBIA;11;2020;0_JP_JD_JL;Public enterprises;98619;RSD;RSD;SORS;Average gross earnings;A;Normal value
2403040104IND02;RS;REPUBLIC OF SERBIA;11;2020;0_JS;Public sector;95858;RSD;RSD;SORS;Average gross earnings;A;Normal value
2403040104IND02;RS;REPUBLIC OF SERBIA;11;2020;0_VJS;Non-public sector;79220;RSD;RSD;SORS;Average gross earnings;A;Normal value
2403040104IND02;RS;REPUBLIC OF SERBIA;11;2020;1_JD;Public state enterprises;110129;RSD;RSD;SORS;Average gross earnings;A;Normal value
2403040104IND02;RS;REPUBLIC OF SERBIA;11;2020;2_JL;Public local enterprises;82824;RSD;RSD;SORS;Average gross earnings;A;Normal value
2403040104IND02;RS;REPUBLIC OF SERBIA;11;2020;3_4_5_BK;General government;94979;RSD;RSD;SORS;Average gross earnings;A;Normal value
2403040104IND02;RS;REPUBLIC OF SERBIA;11;2020;3_ZS;Health and social work;96938;RSD;RSD;SORS;Average gross earnings;A;Normal value
2403040104IND02;RS;REPUBLIC OF SERBIA;11;2020;4_OK;Education and culture;88958;RSD;RSD;SORS;Average gross earnings;A;Normal value
2403040104IND02;RS;REPUBLIC OF SERBIA;11;2020;5_AD;Administration - all levels;98767;RSD;RSD;SORS;Average gross earnings;A;Normal value
2403040104IND02;RS;REPUBLIC OF SERBIA;11;2020;5_AD2;Administration - government  level;102625;RSD;RSD;SORS;Average gross earnings;A;Normal value
2403040104IND02;RS;REPUBLIC OF SERBIA;11;2020;5_AD3;Administration - autonomous  province level;105121;RSD;RSD;SORS;Average gross earnings;A;Normal value
2403040104IND02;RS;REPUBLIC OF SERBIA;11;2020;5_AD4;Administration - local authorities’ level;79750;RSD;RSD;SORS;Average gross earnings;A;Normal value
2403040104IND02;RS;REPUBLIC OF SERBIA;11;2021;0;Total;95312;RSD;RSD;SORS;Average gross earnings;A;Normal value
2403040104IND02;RS;REPUBLIC OF SERBIA;11;2021;0_JP_JD_JL;Public enterprises;107987;RSD;RSD;SORS;Average gross earnings;A;Normal value
2403040104IND02;RS;REPUBLIC OF SERBIA;11;2021;0_JS;Public sector;103774;RSD;RSD;SORS;Average gross earnings;A;Normal value
2403040104IND02;RS;REPUBLIC OF SERBIA;11;2021;0_VJS;Non-public sector;91779;RSD;RSD;SORS;Average gross earnings;A;Normal value
2403040104IND02;RS;REPUBLIC OF SERBIA;11;2021;1_JD;Public state enterprises;119851;RSD;RSD;SORS;Average gross earnings;A;Normal value
2403040104IND02;RS;REPUBLIC OF SERBIA;11;2021;2_JL;Public local enterprises;91625;RSD;RSD;SORS;Average gross earnings;A;Normal value
2403040104IND02;RS;REPUBLIC OF SERBIA;11;2021;3_4_5_BK;General government;102436;RSD;RSD;SORS;Average gross earnings;A;Normal value
2403040104IND02;RS;REPUBLIC OF SERBIA;11;2021;3_ZS;Health and social work;105253;RSD;RSD;SORS;Average gross earnings;A;Normal value
2403040104IND02;RS;REPUBLIC OF SERBIA;11;2021;4_OK;Education and culture;94543;RSD;RSD;SORS;Average gross earnings;A;Normal value
2403040104IND02;RS;REPUBLIC OF SERBIA;11;2021;5_AD;Administration - all levels;107228;RSD;RSD;SORS;Average gross earnings;A;Normal value
2403040104IND02;RS;REPUBLIC OF SERBIA;11;2021;5_AD2;Administration - government  level;111917;RSD;RSD;SORS;Average gross earnings;A;Normal value
2403040104IND02;RS;REPUBLIC OF SERBIA;11;2021;5_AD3;Administration - autonomous  province level;112583;RSD;RSD;SORS;Average gross earnings;A;Normal value
2403040104IND02;RS;REPUBLIC OF SERBIA;11;2021;5_AD4;Administration - local authorities’ level;84408;RSD;RSD;SORS;Average gross earnings;A;Normal value
2403040104IND02;RS;REPUBLIC OF SERBIA;11;2022;0;Total;108001;RSD;RSD;SORS;Average gross earnings;A;Normal value
2403040104IND02;RS;REPUBLIC OF SERBIA;11;2022;0_JP_JD_JL;Public enterprises;112861;RSD;RSD;SORS;Average gross earnings;A;Normal value
2403040104IND02;RS;REPUBLIC OF SERBIA;11;2022;0_JS;Public sector;109265;RSD;RSD;SORS;Average gross earnings;A;Normal value
2403040104IND02;RS;REPUBLIC OF SERBIA;11;2022;0_VJS;Non-public sector;107485;RSD;RSD;SORS;Average gross earnings;A;Normal value
2403040104IND02;RS;REPUBLIC OF SERBIA;11;2022;1_JD;Public state enterprises;123778;RSD;RSD;SORS;Average gross earnings;A;Normal value
2403040104IND02;RS;REPUBLIC OF SERBIA;11;2022;2_JL;Public local enterprises;97792;RSD;RSD;SORS;Average gross earnings;A;Normal value
2403040104IND02;RS;REPUBLIC OF SERBIA;11;2022;3_4_5_BK;General government;108136;RSD;RSD;SORS;Average gross earnings;A;Normal value
2403040104IND02;RS;REPUBLIC OF SERBIA;11;2022;3_ZS;Health and social work;107972;RSD;RSD;SORS;Average gross earnings;A;Normal value
2403040104IND02;RS;REPUBLIC OF SERBIA;11;2022;4_OK;Education and culture;101197;RSD;RSD;SORS;Average gross earnings;A;Normal value
2403040104IND02;RS;REPUBLIC OF SERBIA;11;2022;5_AD;Administration - all levels;114834;RSD;RSD;SORS;Average gross earnings;A;Normal value
2403040104IND02;RS;REPUBLIC OF SERBIA;11;2022;5_AD2;Administration - government  level;119465;RSD;RSD;SORS;Average gross earnings;A;Normal value
2403040104IND02;RS;REPUBLIC OF SERBIA;11;2022;5_AD3;Administration - autonomous  province level;122242;RSD;RSD;SORS;Average gross earnings;A;Normal value
2403040104IND02;RS;REPUBLIC OF SERBIA;11;2022;5_AD4;Administration - local authorities’ level;91841;RSD;RSD;SORS;Average gross earnings;A;Normal value
2403040104IND02;RS;REPUBLIC OF SERBIA;11;2023;0;Total;123971;RSD;RSD;SORS;Average gross earnings;A;Normal value
2403040104IND02;RS;REPUBLIC OF SERBIA;11;2023;0_JP_JD_JL;Public enterprises;130595;RSD;RSD;SORS;Average gross earnings;A;Normal value
2403040104IND02;RS;REPUBLIC OF SERBIA;11;2023;0_JS;Public sector;126923;RSD;RSD;SORS;Average gross earnings;A;Normal value
2403040104IND02;RS;REPUBLIC OF SERBIA;11;2023;0_VJS;Non-public sector;122778;RSD;RSD;SORS;Average gross earnings;A;Normal value
2403040104IND02;RS;REPUBLIC OF SERBIA;11;2023;1_JD;Public state enterprises;144555;RSD;RSD;SORS;Average gross earnings;A;Normal value
2403040104IND02;RS;REPUBLIC OF SERBIA;11;2023;2_JL;Public local enterprises;111764;RSD;RSD;SORS;Average gross earnings;A;Normal value
2403040104IND02;RS;REPUBLIC OF SERBIA;11;2023;3_4_5_BK;General government;125785;RSD;RSD;SORS;Average gross earnings;A;Normal value
2403040104IND02;RS;REPUBLIC OF SERBIA;11;2023;3_ZS;Health and social work;123336;RSD;RSD;SORS;Average gross earnings;A;Normal value
2403040104IND02;RS;REPUBLIC OF SERBIA;11;2023;4_OK;Education and culture;119337;RSD;RSD;SORS;Average gross earnings;A;Normal value
2403040104IND02;RS;REPUBLIC OF SERBIA;11;2023;5_AD;Administration - all levels;133981;RSD;RSD;SORS;Average gross earnings;A;Normal value
2403040104IND02;RS;REPUBLIC OF SERBIA;11;2023;5_AD2;Administration - government  level;139788;RSD;RSD;SORS;Average gross earnings;A;Normal value
2403040104IND02;RS;REPUBLIC OF SERBIA;11;2023;5_AD3;Administration - autonomous  province level;138219;RSD;RSD;SORS;Average gross earnings;A;Normal value
2403040104IND02;RS;REPUBLIC OF SERBIA;11;2023;5_AD4;Administration - local authorities’ level;104995;RSD;RSD;SORS;Average gross earnings;A;Normal value
2403040104IND02;RS;REPUBLIC OF SERBIA;11;2024;0;Total;138911;RSD;RSD;SORS;Average gross earnings;A;Normal value
2403040104IND02;RS;REPUBLIC OF SERBIA;11;2024;0_JP_JD_JL;Public enterprises;141958;RSD;RSD;SORS;Average gross earnings;A;Normal value
2403040104IND02;RS;REPUBLIC OF SERBIA;11;2024;0_JS;Public sector;140465;RSD;RSD;SORS;Average gross earnings;A;Normal value
2403040104IND02;RS;REPUBLIC OF SERBIA;11;2024;0_VJS;Non-public sector;138288;RSD;RSD;SORS;Average gross earnings;A;Normal value
2403040104IND02;RS;REPUBLIC OF SERBIA;11;2024;1_JD;Public state enterprises;153810;RSD;RSD;SORS;Average gross earnings;A;Normal value
2403040104IND02;RS;REPUBLIC OF SERBIA;11;2024;2_JL;Public local enterprises;125882;RSD;RSD;SORS;Average gross earnings;A;Normal value
2403040104IND02;RS;REPUBLIC OF SERBIA;11;2024;3_4_5_BK;General government;140009;RSD;RSD;SORS;Average gross earnings;A;Normal value
2403040104IND02;RS;REPUBLIC OF SERBIA;11;2024;3_ZS;Health and social work;136749;RSD;RSD;SORS;Average gross earnings;A;Normal value
2403040104IND02;RS;REPUBLIC OF SERBIA;11;2024;4_OK;Education and culture;132369;RSD;RSD;SORS;Average gross earnings;A;Normal value
2403040104IND02;RS;REPUBLIC OF SERBIA;11;2024;5_AD;Administration - all levels;150351;RSD;RSD;SORS;Average gross earnings;A;Normal value
2403040104IND02;RS;REPUBLIC OF SERBIA;11;2024;5_AD2;Administration - government  level;156868;RSD;RSD;SORS;Average gross earnings;A;Normal value
2403040104IND02;RS;REPUBLIC OF SERBIA;11;2024;5_AD3;Administration - autonomous  province level;153240;RSD;RSD;SORS;Average gross earnings;A;Normal value
2403040104IND02;RS;REPUBLIC OF SERBIA;11;2024;5_AD4;Administration - local authorities’ level;117897;RSD;RSD;SORS;Average gross earnings;A;Normal value
2403040104IND02;RS;REPUBLIC OF SERBIA;11;2025;0;Total;154772;RSD;RSD;SORS;Average gross earnings;A;Normal value
2403040104IND02;RS;REPUBLIC OF SERBIA;11;2025;0_JP_JD_JL;Public enterprises;158804;RSD;RSD;SORS;Average gross earnings;A;Normal value
2403040104IND02;RS;REPUBLIC OF SERBIA;11;2025;0_JS;Public sector;161009;RSD;RSD;SORS;Average gross earnings;A;Normal value
2403040104IND02;RS;REPUBLIC OF SERBIA;11;2025;0_VJS;Non-public sector;152271;RSD;RSD;SORS;Average gross earnings;A;Normal value
2403040104IND02;RS;REPUBLIC OF SERBIA;11;2025;1_JD;Public state enterprises;170014;RSD;RSD;SORS;Average gross earnings;A;Normal value
2403040104IND02;RS;REPUBLIC OF SERBIA;11;2025;2_JL;Public local enterprises;143624;RSD;RSD;SORS;Average gross earnings;A;Normal value
2403040104IND02;RS;REPUBLIC OF SERBIA;11;2025;3_4_5_BK;General government;161675;RSD;RSD;SORS;Average gross earnings;A;Normal value
2403040104IND02;RS;REPUBLIC OF SERBIA;11;2025;3_ZS;Health and social work;156058;RSD;RSD;SORS;Average gross earnings;A;Normal value
2403040104IND02;RS;REPUBLIC OF SERBIA;11;2025;4_OK;Education and culture;161074;RSD;RSD;SORS;Average gross earnings;A;Normal value
2403040104IND02;RS;REPUBLIC OF SERBIA;11;2025;5_AD;Administration - all levels;168049;RSD;RSD;SORS;Average gross earnings;A;Normal value
2403040104IND02;RS;REPUBLIC OF SERBIA;11;2025;5_AD2;Administration - government  level;174950;RSD;RSD;SORS;Average gross earnings;A;Normal value
2403040104IND02;RS;REPUBLIC OF SERBIA;11;2025;5_AD3;Administration - autonomous  province level;167320;RSD;RSD;SORS;Average gross earnings;A;Normal value
2403040104IND02;RS;REPUBLIC OF SERBIA;11;2025;5_AD4;Administration - local authorities’ level;133502;RSD;RSD;SORS;Average gross earnings;A;Normal value
2403040104IND02;RS;REPUBLIC OF SERBIA;12;2003;0;Total;20975;RSD;RSD;SORS;Average gross earnings;A;Normal value
2403040104IND02;RS;REPUBLIC OF SERBIA;12;2003;0_JP_JD_JL;Public enterprises;28354;RSD;RSD;SORS;Average gross earnings;A;Normal value
2403040104IND02;RS;REPUBLIC OF SERBIA;12;2003;0_JS;Public sector;27150;RSD;RSD;SORS;Average gross earnings;A;Normal value
2403040104IND02;RS;REPUBLIC OF SERBIA;12;2003;0_VJS;Non-public sector;16483;RSD;RSD;SORS;Average gross earnings;A;Normal value
2403040104IND02;RS;REPUBLIC OF SERBIA;12;2003;1_JD;Public state enterprises;27617;RSD;RSD;SORS;Average gross earnings;A;Normal value
2403040104IND02;RS;REPUBLIC OF SERBIA;12;2003;2_JL;Public local enterprises;29990;RSD;RSD;SORS;Average gross earnings;A;Normal value
2403040104IND02;RS;REPUBLIC OF SERBIA;12;2003;3_4_5_BK;General government;26477;RSD;RSD;SORS;Average gross earnings;A;Normal value
2403040104IND02;RS;REPUBLIC OF SERBIA;12;2003;3_ZS;Health and social work;27317;RSD;RSD;SORS;Average gross earnings;A;Normal value
2403040104IND02;RS;REPUBLIC OF SERBIA;12;2003;4_OK;Education and culture;23173;RSD;RSD;SORS;Average gross earnings;A;Normal value
2403040104IND02;RS;REPUBLIC OF SERBIA;12;2003;5_AD;Administration - all levels;30654;RSD;RSD;SORS;Average gross earnings;A;Normal value
2403040104IND02;RS;REPUBLIC OF SERBIA;12;2003;5_AD2;Administration - government  level;;RSD;RSD;SORS;Average gross earnings;O;Not available
2403040104IND02;RS;REPUBLIC OF SERBIA;12;2003;5_AD3;Administration - autonomous  province level;;RSD;RSD;SORS;Average gross earnings;O;Not available
2403040104IND02;RS;REPUBLIC OF SERBIA;12;2003;5_AD4;Administration - local authorities’ level;;RSD;RSD;SORS;Average gross earnings;O;Not available
2403040104IND02;RS;REPUBLIC OF SERBIA;12;2004;0;Total;25392;RSD;RSD;SORS;Average gross earnings;A;Normal value
2403040104IND02;RS;REPUBLIC OF SERBIA;12;2004;0_JP_JD_JL;Public enterprises;32198;RSD;RSD;SORS;Average gross earnings;A;Normal value
2403040104IND02;RS;REPUBLIC OF SERBIA;12;2004;0_JS;Public sector;31089;RSD;RSD;SORS;Average gross earnings;A;Normal value
2403040104IND02;RS;REPUBLIC OF SERBIA;12;2004;0_VJS;Non-public sector;20901;RSD;RSD;SORS;Average gross earnings;A;Normal value
2403040104IND02;RS;REPUBLIC OF SERBIA;12;2004;1_JD;Public state enterprises;31743;RSD;RSD;SORS;Average gross earnings;A;Normal value
2403040104IND02;RS;REPUBLIC OF SERBIA;12;2004;2_JL;Public local enterprises;33175;RSD;RSD;SORS;Average gross earnings;A;Normal value
2403040104IND02;RS;REPUBLIC OF SERBIA;12;2004;3_4_5_BK;General government;30482;RSD;RSD;SORS;Average gross earnings;A;Normal value
2403040104IND02;RS;REPUBLIC OF SERBIA;12;2004;3_ZS;Health and social work;32533;RSD;RSD;SORS;Average gross earnings;A;Normal value
2403040104IND02;RS;REPUBLIC OF SERBIA;12;2004;4_OK;Education and culture;26274;RSD;RSD;SORS;Average gross earnings;A;Normal value
2403040104IND02;RS;REPUBLIC OF SERBIA;12;2004;5_AD;Administration - all levels;33573;RSD;RSD;SORS;Average gross earnings;A;Normal value
2403040104IND02;RS;REPUBLIC OF SERBIA;12;2004;5_AD2;Administration - government  level;;RSD;RSD;SORS;Average gross earnings;O;Not available
2403040104IND02;RS;REPUBLIC OF SERBIA;12;2004;5_AD3;Administration - autonomous  province level;;RSD;RSD;SORS;Average gross earnings;O;Not available
2403040104IND02;RS;REPUBLIC OF SERBIA;12;2004;5_AD4;Administration - local authorities’ level;;RSD;RSD;SORS;Average gross earnings;O;Not available
2403040104IND02;RS;REPUBLIC OF SERBIA;12;2005;0;Total;32244;RSD;RSD;SORS;Average gross earnings;A;Normal value
2403040104IND02;RS;REPUBLIC OF SERBIA;12;2005;0_JP_JD_JL;Public enterprises;40388;RSD;RSD;SORS;Average gross earnings;A;Normal value
2403040104IND02;RS;REPUBLIC OF SERBIA;12;2005;0_JS;Public sector;38407;RSD;RSD;SORS;Average gross earnings;A;Normal value
2403040104IND02;RS;REPUBLIC OF SERBIA;12;2005;0_VJS;Non-public sector;26950;RSD;RSD;SORS;Average gross earnings;A;Normal value
2403040104IND02;RS;REPUBLIC OF SERBIA;12;2005;1_JD;Public state enterprises;40989;RSD;RSD;SORS;Average gross earnings;A;Normal value
2403040104IND02;RS;REPUBLIC OF SERBIA;12;2005;2_JL;Public local enterprises;39299;RSD;RSD;SORS;Average gross earnings;A;Normal value
2403040104IND02;RS;REPUBLIC OF SERBIA;12;2005;3_4_5_BK;General government;37350;RSD;RSD;SORS;Average gross earnings;A;Normal value
2403040104IND02;RS;REPUBLIC OF SERBIA;12;2005;3_ZS;Health and social work;37773;RSD;RSD;SORS;Average gross earnings;A;Normal value
2403040104IND02;RS;REPUBLIC OF SERBIA;12;2005;4_OK;Education and culture;32952;RSD;RSD;SORS;Average gross earnings;A;Normal value
2403040104IND02;RS;REPUBLIC OF SERBIA;12;2005;5_AD;Administration - all levels;45078;RSD;RSD;SORS;Average gross earnings;A;Normal value
2403040104IND02;RS;REPUBLIC OF SERBIA;12;2005;5_AD2;Administration - government  level;;RSD;RSD;SORS;Average gross earnings;O;Not available
2403040104IND02;RS;REPUBLIC OF SERBIA;12;2005;5_AD3;Administration - autonomous  province level;;RSD;RSD;SORS;Average gross earnings;O;Not available
2403040104IND02;RS;REPUBLIC OF SERBIA;12;2005;5_AD4;Administration - local authorities’ level;;RSD;RSD;SORS;Average gross earnings;O;Not available
2403040104IND02;RS;REPUBLIC OF SERBIA;12;2006;0;Total;41294;RSD;RSD;SORS;Average gross earnings;A;Normal value
2403040104IND02;RS;REPUBLIC OF SERBIA;12;2006;0_JP_JD_JL;Public enterprises;49315;RSD;RSD;SORS;Average gross earnings;A;Normal value
2403040104IND02;RS;REPUBLIC OF SERBIA;12;2006;0_JS;Public sector;50525;RSD;RSD;SORS;Average gross earnings;A;Normal value
2403040104IND02;RS;REPUBLIC OF SERBIA;12;2006;0_VJS;Non-public sector;32792;RSD;RSD;SORS;Average gross earnings;A;Normal value
2403040104IND02;RS;REPUBLIC OF SERBIA;12;2006;1_JD;Public state enterprises;51691;RSD;RSD;SORS;Average gross earnings;A;Normal value
2403040104IND02;RS;REPUBLIC OF SERBIA;12;2006;2_JL;Public local enterprises;45282;RSD;RSD;SORS;Average gross earnings;A;Normal value
2403040104IND02;RS;REPUBLIC OF SERBIA;12;2006;3_4_5_BK;General government;51142;RSD;RSD;SORS;Average gross earnings;A;Normal value
2403040104IND02;RS;REPUBLIC OF SERBIA;12;2006;3_ZS;Health and social work;56483;RSD;RSD;SORS;Average gross earnings;A;Normal value
2403040104IND02;RS;REPUBLIC OF SERBIA;12;2006;4_OK;Education and culture;41593;RSD;RSD;SORS;Average gross earnings;A;Normal value
2403040104IND02;RS;REPUBLIC OF SERBIA;12;2006;5_AD;Administration - all levels;58250;RSD;RSD;SORS;Average gross earnings;A;Normal value
2403040104IND02;RS;REPUBLIC OF SERBIA;12;2006;5_AD2;Administration - government  level;;RSD;RSD;SORS;Average gross earnings;O;Not available
2403040104IND02;RS;REPUBLIC OF SERBIA;12;2006;5_AD3;Administration - autonomous  province level;;RSD;RSD;SORS;Average gross earnings;O;Not available
2403040104IND02;RS;REPUBLIC OF SERBIA;12;2006;5_AD4;Administration - local authorities’ level;;RSD;RSD;SORS;Average gross earnings;O;Not available
2403040104IND02;RS;REPUBLIC OF SERBIA;12;2007;0;Total;48122;RSD;RSD;SORS;Average gross earnings;A;Normal value
2403040104IND02;RS;REPUBLIC OF SERBIA;12;2007;0_JP_JD_JL;Public enterprises;52924;RSD;RSD;SORS;Average gross earnings;A;Normal value
2403040104IND02;RS;REPUBLIC OF SERBIA;12;2007;0_JS;Public sector;56274;RSD;RSD;SORS;Average gross earnings;A;Normal value
2403040104IND02;RS;REPUBLIC OF SERBIA;12;2007;0_VJS;Non-public sector;39815;RSD;RSD;SORS;Average gross earnings;A;Normal value
2403040104IND02;RS;REPUBLIC OF SERBIA;12;2007;1_JD;Public state enterprises;56269;RSD;RSD;SORS;Average gross earnings;A;Normal value
2403040104IND02;RS;REPUBLIC OF SERBIA;12;2007;2_JL;Public local enterprises;47174;RSD;RSD;SORS;Average gross earnings;A;Normal value
2403040104IND02;RS;REPUBLIC OF SERBIA;12;2007;3_4_5_BK;General government;57914;RSD;RSD;SORS;Average gross earnings;A;Normal value
2403040104IND02;RS;REPUBLIC OF SERBIA;12;2007;3_ZS;Health and social work;66264;RSD;RSD;SORS;Average gross earnings;A;Normal value
2403040104IND02;RS;REPUBLIC OF SERBIA;12;2007;4_OK;Education and culture;49088;RSD;RSD;SORS;Average gross earnings;A;Normal value
2403040104IND02;RS;REPUBLIC OF SERBIA;12;2007;5_AD;Administration - all levels;56598;RSD;RSD;SORS;Average gross earnings;A;Normal value
2403040104IND02;RS;REPUBLIC OF SERBIA;12;2007;5_AD2;Administration - government  level;;RSD;RSD;SORS;Average gross earnings;O;Not available
2403040104IND02;RS;REPUBLIC OF SERBIA;12;2007;5_AD3;Administration - autonomous  province level;;RSD;RSD;SORS;Average gross earnings;O;Not available
2403040104IND02;RS;REPUBLIC OF SERBIA;12;2007;5_AD4;Administration - local authorities’ level;;RSD;RSD;SORS;Average gross earnings;O;Not available
2403040104IND02;RS;REPUBLIC OF SERBIA;12;2008;0;Total;53876;RSD;RSD;SORS;Average gross earnings;A;Normal value
2403040104IND02;RS;REPUBLIC OF SERBIA;12;2008;0_JP_JD_JL;Public enterprises;60587;RSD;RSD;SORS;Average gross earnings;A;Normal value
2403040104IND02;RS;REPUBLIC OF SERBIA;12;2008;0_JS;Public sector;61878;RSD;RSD;SORS;Average gross earnings;A;Normal value
2403040104IND02;RS;REPUBLIC OF SERBIA;12;2008;0_VJS;Non-public sector;45070;RSD;RSD;SORS;Average gross earnings;A;Normal value
2403040104IND02;RS;REPUBLIC OF SERBIA;12;2008;1_JD;Public state enterprises;63884;RSD;RSD;SORS;Average gross earnings;A;Normal value
2403040104IND02;RS;REPUBLIC OF SERBIA;12;2008;2_JL;Public local enterprises;54841;RSD;RSD;SORS;Average gross earnings;A;Normal value
2403040104IND02;RS;REPUBLIC OF SERBIA;12;2008;3_4_5_BK;General government;62499;RSD;RSD;SORS;Average gross earnings;A;Normal value
2403040104IND02;RS;REPUBLIC OF SERBIA;12;2008;3_ZS;Health and social work;68653;RSD;RSD;SORS;Average gross earnings;A;Normal value
2403040104IND02;RS;REPUBLIC OF SERBIA;12;2008;4_OK;Education and culture;54012;RSD;RSD;SORS;Average gross earnings;A;Normal value
2403040104IND02;RS;REPUBLIC OF SERBIA;12;2008;5_AD;Administration - all levels;65419;RSD;RSD;SORS;Average gross earnings;A;Normal value
2403040104IND02;RS;REPUBLIC OF SERBIA;12;2008;5_AD2;Administration - government  level;;RSD;RSD;SORS;Average gross earnings;O;Not available
2403040104IND02;RS;REPUBLIC OF SERBIA;12;2008;5_AD3;Administration - autonomous  province level;;RSD;RSD;SORS;Average gross earnings;O;Not available
2403040104IND02;RS;REPUBLIC OF SERBIA;12;2008;5_AD4;Administration - local authorities’ level;;RSD;RSD;SORS;Average gross earnings;O;Not available
2403040104IND02;RS;REPUBLIC OF SERBIA;12;2009;0;Total;51115;RSD;RSD;SORS;Average gross earnings;A;Normal value
2403040104IND02;RS;REPUBLIC OF SERBIA;12;2009;0_JP_JD_JL;Public enterprises;60767;RSD;RSD;SORS;Average gross earnings;A;Normal value
2403040104IND02;RS;REPUBLIC OF SERBIA;12;2009;0_JS;Public sector;61481;RSD;RSD;SORS;Average gross earnings;A;Normal value
2403040104IND02;RS;REPUBLIC OF SERBIA;12;2009;0_VJS;Non-public sector;42349;RSD;RSD;SORS;Average gross earnings;A;Normal value
2403040104IND02;RS;REPUBLIC OF SERBIA;12;2009;1_JD;Public state enterprises;64716;RSD;RSD;SORS;Average gross earnings;A;Normal value
2403040104IND02;RS;REPUBLIC OF SERBIA;12;2009;2_JL;Public local enterprises;54635;RSD;RSD;SORS;Average gross earnings;A;Normal value
2403040104IND02;RS;REPUBLIC OF SERBIA;12;2009;3_4_5_BK;General government;61793;RSD;RSD;SORS;Average gross earnings;A;Normal value
2403040104IND02;RS;REPUBLIC OF SERBIA;12;2009;3_ZS;Health and social work;67677;RSD;RSD;SORS;Average gross earnings;A;Normal value
2403040104IND02;RS;REPUBLIC OF SERBIA;12;2009;4_OK;Education and culture;53001;RSD;RSD;SORS;Average gross earnings;A;Normal value
2403040104IND02;RS;REPUBLIC OF SERBIA;12;2009;5_AD;Administration - all levels;65850;RSD;RSD;SORS;Average gross earnings;A;Normal value
2403040104IND02;RS;REPUBLIC OF SERBIA;12;2009;5_AD2;Administration - government  level;;RSD;RSD;SORS;Average gross earnings;O;Not available
2403040104IND02;RS;REPUBLIC OF SERBIA;12;2009;5_AD3;Administration - autonomous  province level;;RSD;RSD;SORS;Average gross earnings;O;Not available
2403040104IND02;RS;REPUBLIC OF SERBIA;12;2009;5_AD4;Administration - local authorities’ level;;RSD;RSD;SORS;Average gross earnings;O;Not available
2403040104IND02;RS;REPUBLIC OF SERBIA;12;2010;0;Total;54948;RSD;RSD;SORS;Average gross earnings;A;Normal value
2403040104IND02;RS;REPUBLIC OF SERBIA;12;2010;0_JP_JD_JL;Public enterprises;63234;RSD;RSD;SORS;Average gross earnings;A;Normal value
2403040104IND02;RS;REPUBLIC OF SERBIA;12;2010;0_JS;Public sector;63331;RSD;RSD;SORS;Average gross earnings;A;Normal value
2403040104IND02;RS;REPUBLIC OF SERBIA;12;2010;0_VJS;Non-public sector;47605;RSD;RSD;SORS;Average gross earnings;A;Normal value
2403040104IND02;RS;REPUBLIC OF SERBIA;12;2010;1_JD;Public state enterprises;66227;RSD;RSD;SORS;Average gross earnings;A;Normal value
2403040104IND02;RS;REPUBLIC OF SERBIA;12;2010;2_JL;Public local enterprises;58721;RSD;RSD;SORS;Average gross earnings;A;Normal value
2403040104IND02;RS;REPUBLIC OF SERBIA;12;2010;3_4_5_BK;General government;63372;RSD;RSD;SORS;Average gross earnings;A;Normal value
2403040104IND02;RS;REPUBLIC OF SERBIA;12;2010;3_ZS;Health and social work;67283;RSD;RSD;SORS;Average gross earnings;A;Normal value
2403040104IND02;RS;REPUBLIC OF SERBIA;12;2010;4_OK;Education and culture;53966;RSD;RSD;SORS;Average gross earnings;A;Normal value
2403040104IND02;RS;REPUBLIC OF SERBIA;12;2010;5_AD;Administration - all levels;73119;RSD;RSD;SORS;Average gross earnings;A;Normal value
2403040104IND02;RS;REPUBLIC OF SERBIA;12;2010;5_AD2;Administration - government  level;;RSD;RSD;SORS;Average gross earnings;O;Not available
2403040104IND02;RS;REPUBLIC OF SERBIA;12;2010;5_AD3;Administration - autonomous  province level;;RSD;RSD;SORS;Average gross earnings;O;Not available
2403040104IND02;RS;REPUBLIC OF SERBIA;12;2010;5_AD4;Administration - local authorities’ level;;RSD;RSD;SORS;Average gross earnings;O;Not available
2403040104IND02;RS;REPUBLIC OF SERBIA;12;2011;0;Total;61116;RSD;RSD;SORS;Average gross earnings;A;Normal value
2403040104IND02;RS;REPUBLIC OF SERBIA;12;2011;0_JP_JD_JL;Public enterprises;69584;RSD;RSD;SORS;Average gross earnings;A;Normal value
2403040104IND02;RS;REPUBLIC OF SERBIA;12;2011;0_JS;Public sector;69304;RSD;RSD;SORS;Average gross earnings;A;Normal value
2403040104IND02;RS;REPUBLIC OF SERBIA;12;2011;0_VJS;Non-public sector;53381;RSD;RSD;SORS;Average gross earnings;A;Normal value
2403040104IND02;RS;REPUBLIC OF SERBIA;12;2011;1_JD;Public state enterprises;74926;RSD;RSD;SORS;Average gross earnings;A;Normal value
2403040104IND02;RS;REPUBLIC OF SERBIA;12;2011;2_JL;Public local enterprises;61643;RSD;RSD;SORS;Average gross earnings;A;Normal value
2403040104IND02;RS;REPUBLIC OF SERBIA;12;2011;3_4_5_BK;General government;69184;RSD;RSD;SORS;Average gross earnings;A;Normal value
2403040104IND02;RS;REPUBLIC OF SERBIA;12;2011;3_ZS;Health and social work;75211;RSD;RSD;SORS;Average gross earnings;A;Normal value
2403040104IND02;RS;REPUBLIC OF SERBIA;12;2011;4_OK;Education and culture;58831;RSD;RSD;SORS;Average gross earnings;A;Normal value
2403040104IND02;RS;REPUBLIC OF SERBIA;12;2011;5_AD;Administration - all levels;75865;RSD;RSD;SORS;Average gross earnings;A;Normal value
2403040104IND02;RS;REPUBLIC OF SERBIA;12;2011;5_AD2;Administration - government  level;;RSD;RSD;SORS;Average gross earnings;O;Not available
2403040104IND02;RS;REPUBLIC OF SERBIA;12;2011;5_AD3;Administration - autonomous  province level;;RSD;RSD;SORS;Average gross earnings;O;Not available
2403040104IND02;RS;REPUBLIC OF SERBIA;12;2011;5_AD4;Administration - local authorities’ level;;RSD;RSD;SORS;Average gross earnings;O;Not available
2403040104IND02;RS;REPUBLIC OF SERBIA;12;2012;0;Total;65165;RSD;RSD;SORS;Average gross earnings;A;Normal value
2403040104IND02;RS;REPUBLIC OF SERBIA;12;2012;0_JP_JD_JL;Public enterprises;75935;RSD;RSD;SORS;Average gross earnings;A;Normal value
2403040104IND02;RS;REPUBLIC OF SERBIA;12;2012;0_JS;Public sector;73821;RSD;RSD;SORS;Average gross earnings;A;Normal value
2403040104IND02;RS;REPUBLIC OF SERBIA;12;2012;0_VJS;Non-public sector;57147;RSD;RSD;SORS;Average gross earnings;A;Normal value
2403040104IND02;RS;REPUBLIC OF SERBIA;12;2012;1_JD;Public state enterprises;84396;RSD;RSD;SORS;Average gross earnings;A;Normal value
2403040104IND02;RS;REPUBLIC OF SERBIA;12;2012;2_JL;Public local enterprises;63667;RSD;RSD;SORS;Average gross earnings;A;Normal value
2403040104IND02;RS;REPUBLIC OF SERBIA;12;2012;3_4_5_BK;General government;72904;RSD;RSD;SORS;Average gross earnings;A;Normal value
2403040104IND02;RS;REPUBLIC OF SERBIA;12;2012;3_ZS;Health and social work;77955;RSD;RSD;SORS;Average gross earnings;A;Normal value
2403040104IND02;RS;REPUBLIC OF SERBIA;12;2012;4_OK;Education and culture;62937;RSD;RSD;SORS;Average gross earnings;A;Normal value
2403040104IND02;RS;REPUBLIC OF SERBIA;12;2012;5_AD;Administration - all levels;80505;RSD;RSD;SORS;Average gross earnings;A;Normal value
2403040104IND02;RS;REPUBLIC OF SERBIA;12;2012;5_AD2;Administration - government  level;;RSD;RSD;SORS;Average gross earnings;O;Not available
2403040104IND02;RS;REPUBLIC OF SERBIA;12;2012;5_AD3;Administration - autonomous  province level;;RSD;RSD;SORS;Average gross earnings;O;Not available
2403040104IND02;RS;REPUBLIC OF SERBIA;12;2012;5_AD4;Administration - local authorities’ level;;RSD;RSD;SORS;Average gross earnings;O;Not available
2403040104IND02;RS;REPUBLIC OF SERBIA;12;2013;0;Total;70071;RSD;RSD;SORS;Average gross earnings;A;Normal value
2403040104IND02;RS;REPUBLIC OF SERBIA;12;2013;0_JP_JD_JL;Public enterprises;80235;RSD;RSD;SORS;Average gross earnings;A;Normal value
2403040104IND02;RS;REPUBLIC OF SERBIA;12;2013;0_JS;Public sector;77670;RSD;RSD;SORS;Average gross earnings;A;Normal value
2403040104IND02;RS;REPUBLIC OF SERBIA;12;2013;0_VJS;Non-public sector;62450;RSD;RSD;SORS;Average gross earnings;A;Normal value
2403040104IND02;RS;REPUBLIC OF SERBIA;12;2013;1_JD;Public state enterprises;89320;RSD;RSD;SORS;Average gross earnings;A;Normal value
2403040104IND02;RS;REPUBLIC OF SERBIA;12;2013;2_JL;Public local enterprises;67363;RSD;RSD;SORS;Average gross earnings;A;Normal value
2403040104IND02;RS;REPUBLIC OF SERBIA;12;2013;3_4_5_BK;General government;76540;RSD;RSD;SORS;Average gross earnings;A;Normal value
2403040104IND02;RS;REPUBLIC OF SERBIA;12;2013;3_ZS;Health and social work;82644;RSD;RSD;SORS;Average gross earnings;A;Normal value
2403040104IND02;RS;REPUBLIC OF SERBIA;12;2013;4_OK;Education and culture;64634;RSD;RSD;SORS;Average gross earnings;A;Normal value
2403040104IND02;RS;REPUBLIC OF SERBIA;12;2013;5_AD;Administration - all levels;85967;RSD;RSD;SORS;Average gross earnings;A;Normal value
2403040104IND02;RS;REPUBLIC OF SERBIA;12;2013;5_AD2;Administration - government  level;;RSD;RSD;SORS;Average gross earnings;O;Not available
2403040104IND02;RS;REPUBLIC OF SERBIA;12;2013;5_AD3;Administration - autonomous  province level;;RSD;RSD;SORS;Average gross earnings;O;Not available
2403040104IND02;RS;REPUBLIC OF SERBIA;12;2013;5_AD4;Administration - local authorities’ level;;RSD;RSD;SORS;Average gross earnings;O;Not available
2403040104IND02;RS;REPUBLIC OF SERBIA;12;2014;0;Total;68739;RSD;RSD;SORS;Average gross earnings;A;Normal value
2403040104IND02;RS;REPUBLIC OF SERBIA;12;2014;0_JP_JD_JL;Public enterprises;76765;RSD;RSD;SORS;Average gross earnings;A;Normal value
2403040104IND02;RS;REPUBLIC OF SERBIA;12;2014;0_JS;Public sector;72354;RSD;RSD;SORS;Average gross earnings;A;Normal value
2403040104IND02;RS;REPUBLIC OF SERBIA;12;2014;0_VJS;Non-public sector;65313;RSD;RSD;SORS;Average gross earnings;A;Normal value
2403040104IND02;RS;REPUBLIC OF SERBIA;12;2014;1_JD;Public state enterprises;85649;RSD;RSD;SORS;Average gross earnings;A;Normal value
2403040104IND02;RS;REPUBLIC OF SERBIA;12;2014;2_JL;Public local enterprises;63984;RSD;RSD;SORS;Average gross earnings;A;Normal value
2403040104IND02;RS;REPUBLIC OF SERBIA;12;2014;3_4_5_BK;General government;70420;RSD;RSD;SORS;Average gross earnings;A;Normal value
2403040104IND02;RS;REPUBLIC OF SERBIA;12;2014;3_ZS;Health and social work;76502;RSD;RSD;SORS;Average gross earnings;A;Normal value
2403040104IND02;RS;REPUBLIC OF SERBIA;12;2014;4_OK;Education and culture;58979;RSD;RSD;SORS;Average gross earnings;A;Normal value
2403040104IND02;RS;REPUBLIC OF SERBIA;12;2014;5_AD;Administration - all levels;79525;RSD;RSD;SORS;Average gross earnings;A;Normal value
2403040104IND02;RS;REPUBLIC OF SERBIA;12;2014;5_AD2;Administration - government  level;;RSD;RSD;SORS;Average gross earnings;O;Not available
2403040104IND02;RS;REPUBLIC OF SERBIA;12;2014;5_AD3;Administration - autonomous  province level;;RSD;RSD;SORS;Average gross earnings;O;Not available
2403040104IND02;RS;REPUBLIC OF SERBIA;12;2014;5_AD4;Administration - local authorities’ level;;RSD;RSD;SORS;Average gross earnings;O;Not available
2403040104IND02;RS;REPUBLIC OF SERBIA;12;2015;0;Total;70763;RSD;RSD;SORS;Average gross earnings;A;Normal value
2403040104IND02;RS;REPUBLIC OF SERBIA;12;2015;0_JP_JD_JL;Public enterprises;79663;RSD;RSD;SORS;Average gross earnings;A;Normal value
2403040104IND02;RS;REPUBLIC OF SERBIA;12;2015;0_JS;Public sector;73277;RSD;RSD;SORS;Average gross earnings;A;Normal value
2403040104IND02;RS;REPUBLIC OF SERBIA;12;2015;0_VJS;Non-public sector;68394;RSD;RSD;SORS;Average gross earnings;A;Normal value
2403040104IND02;RS;REPUBLIC OF SERBIA;12;2015;1_JD;Public state enterprises;89333;RSD;RSD;SORS;Average gross earnings;A;Normal value
2403040104IND02;RS;REPUBLIC OF SERBIA;12;2015;2_JL;Public local enterprises;66182;RSD;RSD;SORS;Average gross earnings;A;Normal value
2403040104IND02;RS;REPUBLIC OF SERBIA;12;2015;3_4_5_BK;General government;70471;RSD;RSD;SORS;Average gross earnings;A;Normal value
2403040104IND02;RS;REPUBLIC OF SERBIA;12;2015;3_ZS;Health and social work;75737;RSD;RSD;SORS;Average gross earnings;A;Normal value
2403040104IND02;RS;REPUBLIC OF SERBIA;12;2015;4_OK;Education and culture;61899;RSD;RSD;SORS;Average gross earnings;A;Normal value
2403040104IND02;RS;REPUBLIC OF SERBIA;12;2015;5_AD;Administration - all levels;76164;RSD;RSD;SORS;Average gross earnings;A;Normal value
2403040104IND02;RS;REPUBLIC OF SERBIA;12;2015;5_AD2;Administration - government  level;;RSD;RSD;SORS;Average gross earnings;O;Not available
2403040104IND02;RS;REPUBLIC OF SERBIA;12;2015;5_AD3;Administration - autonomous  province level;;RSD;RSD;SORS;Average gross earnings;O;Not available
2403040104IND02;RS;REPUBLIC OF SERBIA;12;2015;5_AD4;Administration - local authorities’ level;;RSD;RSD;SORS;Average gross earnings;O;Not available
2403040104IND02;RS;REPUBLIC OF SERBIA;12;2016;0;Total;73641;RSD;RSD;SORS;Average gross earnings;A;Normal value
2403040104IND02;RS;REPUBLIC OF SERBIA;12;2016;0_JP_JD_JL;Public enterprises;83533;RSD;RSD;SORS;Average gross earnings;A;Normal value
2403040104IND02;RS;REPUBLIC OF SERBIA;12;2016;0_JS;Public sector;75149;RSD;RSD;SORS;Average gross earnings;A;Normal value
2403040104IND02;RS;REPUBLIC OF SERBIA;12;2016;0_VJS;Non-public sector;72287;RSD;RSD;SORS;Average gross earnings;A;Normal value
2403040104IND02;RS;REPUBLIC OF SERBIA;12;2016;1_JD;Public state enterprises;94025;RSD;RSD;SORS;Average gross earnings;A;Normal value
2403040104IND02;RS;REPUBLIC OF SERBIA;12;2016;2_JL;Public local enterprises;68718;RSD;RSD;SORS;Average gross earnings;A;Normal value
2403040104IND02;RS;REPUBLIC OF SERBIA;12;2016;3_4_5_BK;General government;71532;RSD;RSD;SORS;Average gross earnings;A;Normal value
2403040104IND02;RS;REPUBLIC OF SERBIA;12;2016;3_ZS;Health and social work;77482;RSD;RSD;SORS;Average gross earnings;A;Normal value
2403040104IND02;RS;REPUBLIC OF SERBIA;12;2016;4_OK;Education and culture;61153;RSD;RSD;SORS;Average gross earnings;A;Normal value
2403040104IND02;RS;REPUBLIC OF SERBIA;12;2016;5_AD;Administration - all levels;79738;RSD;RSD;SORS;Average gross earnings;A;Normal value
2403040104IND02;RS;REPUBLIC OF SERBIA;12;2016;5_AD2;Administration - government  level;;RSD;RSD;SORS;Average gross earnings;O;Not available
2403040104IND02;RS;REPUBLIC OF SERBIA;12;2016;5_AD3;Administration - autonomous  province level;;RSD;RSD;SORS;Average gross earnings;O;Not available
2403040104IND02;RS;REPUBLIC OF SERBIA;12;2016;5_AD4;Administration - local authorities’ level;;RSD;RSD;SORS;Average gross earnings;O;Not available
2403040104IND02;RS;REPUBLIC OF SERBIA;12;2017;0;Total;74887;RSD;RSD;SORS;Average gross earnings;A;Normal value
2403040104IND02;RS;REPUBLIC OF SERBIA;12;2017;0_JP_JD_JL;Public enterprises;82303;RSD;RSD;SORS;Average gross earnings;A;Normal value
2403040104IND02;RS;REPUBLIC OF SERBIA;12;2017;0_JS;Public sector;72684;RSD;RSD;SORS;Average gross earnings;A;Normal value
2403040104IND02;RS;REPUBLIC OF SERBIA;12;2017;0_VJS;Non-public sector;76798;RSD;RSD;SORS;Average gross earnings;A;Normal value
2403040104IND02;RS;REPUBLIC OF SERBIA;12;2017;1_JD;Public state enterprises;92327;RSD;RSD;SORS;Average gross earnings;A;Normal value
2403040104IND02;RS;REPUBLIC OF SERBIA;12;2017;2_JL;Public local enterprises;68533;RSD;RSD;SORS;Average gross earnings;A;Normal value
2403040104IND02;RS;REPUBLIC OF SERBIA;12;2017;3_4_5_BK;General government;68603;RSD;RSD;SORS;Average gross earnings;A;Normal value
2403040104IND02;RS;REPUBLIC OF SERBIA;12;2017;3_ZS;Health and social work;65487;RSD;RSD;SORS;Average gross earnings;A;Normal value
2403040104IND02;RS;REPUBLIC OF SERBIA;12;2017;4_OK;Education and culture;64799;RSD;RSD;SORS;Average gross earnings;A;Normal value
2403040104IND02;RS;REPUBLIC OF SERBIA;12;2017;5_AD;Administration - all levels;82834;RSD;RSD;SORS;Average gross earnings;A;Normal value
2403040104IND02;RS;REPUBLIC OF SERBIA;12;2017;5_AD2;Administration - government  level;;RSD;RSD;SORS;Average gross earnings;O;Not available
2403040104IND02;RS;REPUBLIC OF SERBIA;12;2017;5_AD3;Administration - autonomous  province level;;RSD;RSD;SORS;Average gross earnings;O;Not available
2403040104IND02;RS;REPUBLIC OF SERBIA;12;2017;5_AD4;Administration - local authorities’ level;;RSD;RSD;SORS;Average gross earnings;O;Not available
2403040104IND02;RS;REPUBLIC OF SERBIA;12;2018;0;Total;72167;RSD;RSD;SORS;Average gross earnings;A;Normal value
2403040104IND02;RS;REPUBLIC OF SERBIA;12;2018;0_JP_JD_JL;Public enterprises;86272;RSD;RSD;SORS;Average gross earnings;A;Normal value
2403040104IND02;RS;REPUBLIC OF SERBIA;12;2018;0_JS;Public sector;78247;RSD;RSD;SORS;Average gross earnings;A;Normal value
2403040104IND02;RS;REPUBLIC OF SERBIA;12;2018;0_VJS;Non-public sector;69245;RSD;RSD;SORS;Average gross earnings;A;Normal value
2403040104IND02;RS;REPUBLIC OF SERBIA;12;2018;1_JD;Public state enterprises;98662;RSD;RSD;SORS;Average gross earnings;A;Normal value
2403040104IND02;RS;REPUBLIC OF SERBIA;12;2018;2_JL;Public local enterprises;68009;RSD;RSD;SORS;Average gross earnings;A;Normal value
2403040104IND02;RS;REPUBLIC OF SERBIA;12;2018;3_4_5_BK;General government;75584;RSD;RSD;SORS;Average gross earnings;A;Normal value
2403040104IND02;RS;REPUBLIC OF SERBIA;12;2018;3_ZS;Health and social work;70091;RSD;RSD;SORS;Average gross earnings;A;Normal value
2403040104IND02;RS;REPUBLIC OF SERBIA;12;2018;4_OK;Education and culture;73694;RSD;RSD;SORS;Average gross earnings;A;Normal value
2403040104IND02;RS;REPUBLIC OF SERBIA;12;2018;5_AD;Administration - all levels;82317;RSD;RSD;SORS;Average gross earnings;A;Normal value
2403040104IND02;RS;REPUBLIC OF SERBIA;12;2018;5_AD2;Administration - government  level;85060;RSD;RSD;SORS;Average gross earnings;A;Normal value
2403040104IND02;RS;REPUBLIC OF SERBIA;12;2018;5_AD3;Administration - autonomous  province level;89356;RSD;RSD;SORS;Average gross earnings;A;Normal value
2403040104IND02;RS;REPUBLIC OF SERBIA;12;2018;5_AD4;Administration - local authorities’ level;68321;RSD;RSD;SORS;Average gross earnings;A;Normal value
2403040104IND02;RS;REPUBLIC OF SERBIA;12;2019;0;Total;82257;RSD;RSD;SORS;Average gross earnings;A;Normal value
2403040104IND02;RS;REPUBLIC OF SERBIA;12;2019;0_JP_JD_JL;Public enterprises;95496;RSD;RSD;SORS;Average gross earnings;A;Normal value
2403040104IND02;RS;REPUBLIC OF SERBIA;12;2019;0_JS;Public sector;91581;RSD;RSD;SORS;Average gross earnings;A;Normal value
2403040104IND02;RS;REPUBLIC OF SERBIA;12;2019;0_VJS;Non-public sector;78038;RSD;RSD;SORS;Average gross earnings;A;Normal value
2403040104IND02;RS;REPUBLIC OF SERBIA;12;2019;1_JD;Public state enterprises;110894;RSD;RSD;SORS;Average gross earnings;A;Normal value
2403040104IND02;RS;REPUBLIC OF SERBIA;12;2019;2_JL;Public local enterprises;74291;RSD;RSD;SORS;Average gross earnings;A;Normal value
2403040104IND02;RS;REPUBLIC OF SERBIA;12;2019;3_4_5_BK;General government;90330;RSD;RSD;SORS;Average gross earnings;A;Normal value
2403040104IND02;RS;REPUBLIC OF SERBIA;12;2019;3_ZS;Health and social work;85635;RSD;RSD;SORS;Average gross earnings;A;Normal value
2403040104IND02;RS;REPUBLIC OF SERBIA;12;2019;4_OK;Education and culture;86836;RSD;RSD;SORS;Average gross earnings;A;Normal value
2403040104IND02;RS;REPUBLIC OF SERBIA;12;2019;5_AD;Administration - all levels;97812;RSD;RSD;SORS;Average gross earnings;A;Normal value
2403040104IND02;RS;REPUBLIC OF SERBIA;12;2019;5_AD2;Administration - government  level;101266;RSD;RSD;SORS;Average gross earnings;A;Normal value
2403040104IND02;RS;REPUBLIC OF SERBIA;12;2019;5_AD3;Administration - autonomous  province level;103517;RSD;RSD;SORS;Average gross earnings;A;Normal value
2403040104IND02;RS;REPUBLIC OF SERBIA;12;2019;5_AD4;Administration - local authorities’ level;80530;RSD;RSD;SORS;Average gross earnings;A;Normal value
2403040104IND02;RS;REPUBLIC OF SERBIA;12;2020;0;Total;90849;RSD;RSD;SORS;Average gross earnings;A;Normal value
2403040104IND02;RS;REPUBLIC OF SERBIA;12;2020;0_JP_JD_JL;Public enterprises;103454;RSD;RSD;SORS;Average gross earnings;A;Normal value
2403040104IND02;RS;REPUBLIC OF SERBIA;12;2020;0_JS;Public sector;99853;RSD;RSD;SORS;Average gross earnings;A;Normal value
2403040104IND02;RS;REPUBLIC OF SERBIA;12;2020;0_VJS;Non-public sector;87006;RSD;RSD;SORS;Average gross earnings;A;Normal value
2403040104IND02;RS;REPUBLIC OF SERBIA;12;2020;1_JD;Public state enterprises;114438;RSD;RSD;SORS;Average gross earnings;A;Normal value
2403040104IND02;RS;REPUBLIC OF SERBIA;12;2020;2_JL;Public local enterprises;88384;RSD;RSD;SORS;Average gross earnings;A;Normal value
2403040104IND02;RS;REPUBLIC OF SERBIA;12;2020;3_4_5_BK;General government;98709;RSD;RSD;SORS;Average gross earnings;A;Normal value
2403040104IND02;RS;REPUBLIC OF SERBIA;12;2020;3_ZS;Health and social work;103309;RSD;RSD;SORS;Average gross earnings;A;Normal value
2403040104IND02;RS;REPUBLIC OF SERBIA;12;2020;4_OK;Education and culture;91211;RSD;RSD;SORS;Average gross earnings;A;Normal value
2403040104IND02;RS;REPUBLIC OF SERBIA;12;2020;5_AD;Administration - all levels;101423;RSD;RSD;SORS;Average gross earnings;A;Normal value
2403040104IND02;RS;REPUBLIC OF SERBIA;12;2020;5_AD2;Administration - government  level;105189;RSD;RSD;SORS;Average gross earnings;A;Normal value
2403040104IND02;RS;REPUBLIC OF SERBIA;12;2020;5_AD3;Administration - autonomous  province level;112672;RSD;RSD;SORS;Average gross earnings;A;Normal value
2403040104IND02;RS;REPUBLIC OF SERBIA;12;2020;5_AD4;Administration - local authorities’ level;82405;RSD;RSD;SORS;Average gross earnings;A;Normal value
2403040104IND02;RS;REPUBLIC OF SERBIA;12;2021;0;Total;102196;RSD;RSD;SORS;Average gross earnings;A;Normal value
2403040104IND02;RS;REPUBLIC OF SERBIA;12;2021;0_JP_JD_JL;Public enterprises;109140;RSD;RSD;SORS;Average gross earnings;A;Normal value
2403040104IND02;RS;REPUBLIC OF SERBIA;12;2021;0_JS;Public sector;103578;RSD;RSD;SORS;Average gross earnings;A;Normal value
2403040104IND02;RS;REPUBLIC OF SERBIA;12;2021;0_VJS;Non-public sector;101618;RSD;RSD;SORS;Average gross earnings;A;Normal value
2403040104IND02;RS;REPUBLIC OF SERBIA;12;2021;1_JD;Public state enterprises;121058;RSD;RSD;SORS;Average gross earnings;A;Normal value
2403040104IND02;RS;REPUBLIC OF SERBIA;12;2021;2_JL;Public local enterprises;92574;RSD;RSD;SORS;Average gross earnings;A;Normal value
2403040104IND02;RS;REPUBLIC OF SERBIA;12;2021;3_4_5_BK;General government;101811;RSD;RSD;SORS;Average gross earnings;A;Normal value
2403040104IND02;RS;REPUBLIC OF SERBIA;12;2021;3_ZS;Health and social work;104079;RSD;RSD;SORS;Average gross earnings;A;Normal value
2403040104IND02;RS;REPUBLIC OF SERBIA;12;2021;4_OK;Education and culture;94442;RSD;RSD;SORS;Average gross earnings;A;Normal value
2403040104IND02;RS;REPUBLIC OF SERBIA;12;2021;5_AD;Administration - all levels;106592;RSD;RSD;SORS;Average gross earnings;A;Normal value
2403040104IND02;RS;REPUBLIC OF SERBIA;12;2021;5_AD2;Administration - government  level;110512;RSD;RSD;SORS;Average gross earnings;A;Normal value
2403040104IND02;RS;REPUBLIC OF SERBIA;12;2021;5_AD3;Administration - autonomous  province level;115255;RSD;RSD;SORS;Average gross earnings;A;Normal value
2403040104IND02;RS;REPUBLIC OF SERBIA;12;2021;5_AD4;Administration - local authorities’ level;87087;RSD;RSD;SORS;Average gross earnings;A;Normal value
2403040104IND02;RS;REPUBLIC OF SERBIA;12;2022;0;Total;115315;RSD;RSD;SORS;Average gross earnings;A;Normal value
2403040104IND02;RS;REPUBLIC OF SERBIA;12;2022;0_JP_JD_JL;Public enterprises;117121;RSD;RSD;SORS;Average gross earnings;A;Normal value
2403040104IND02;RS;REPUBLIC OF SERBIA;12;2022;0_JS;Public sector;110317;RSD;RSD;SORS;Average gross earnings;A;Normal value
2403040104IND02;RS;REPUBLIC OF SERBIA;12;2022;0_VJS;Non-public sector;117356;RSD;RSD;SORS;Average gross earnings;A;Normal value
2403040104IND02;RS;REPUBLIC OF SERBIA;12;2022;1_JD;Public state enterprises;126761;RSD;RSD;SORS;Average gross earnings;A;Normal value
2403040104IND02;RS;REPUBLIC OF SERBIA;12;2022;2_JL;Public local enterprises;103809;RSD;RSD;SORS;Average gross earnings;A;Normal value
2403040104IND02;RS;REPUBLIC OF SERBIA;12;2022;3_4_5_BK;General government;108178;RSD;RSD;SORS;Average gross earnings;A;Normal value
2403040104IND02;RS;REPUBLIC OF SERBIA;12;2022;3_ZS;Health and social work;108926;RSD;RSD;SORS;Average gross earnings;A;Normal value
2403040104IND02;RS;REPUBLIC OF SERBIA;12;2022;4_OK;Education and culture;100950;RSD;RSD;SORS;Average gross earnings;A;Normal value
2403040104IND02;RS;REPUBLIC OF SERBIA;12;2022;5_AD;Administration - all levels;114251;RSD;RSD;SORS;Average gross earnings;A;Normal value
2403040104IND02;RS;REPUBLIC OF SERBIA;12;2022;5_AD2;Administration - government  level;118372;RSD;RSD;SORS;Average gross earnings;A;Normal value
2403040104IND02;RS;REPUBLIC OF SERBIA;12;2022;5_AD3;Administration - autonomous  province level;122355;RSD;RSD;SORS;Average gross earnings;A;Normal value
2403040104IND02;RS;REPUBLIC OF SERBIA;12;2022;5_AD4;Administration - local authorities’ level;93597;RSD;RSD;SORS;Average gross earnings;A;Normal value
2403040104IND02;RS;REPUBLIC OF SERBIA;12;2023;0;Total;130405;RSD;RSD;SORS;Average gross earnings;A;Normal value
2403040104IND02;RS;REPUBLIC OF SERBIA;12;2023;0_JP_JD_JL;Public enterprises;135457;RSD;RSD;SORS;Average gross earnings;A;Normal value
2403040104IND02;RS;REPUBLIC OF SERBIA;12;2023;0_JS;Public sector;128018;RSD;RSD;SORS;Average gross earnings;A;Normal value
2403040104IND02;RS;REPUBLIC OF SERBIA;12;2023;0_VJS;Non-public sector;131370;RSD;RSD;SORS;Average gross earnings;A;Normal value
2403040104IND02;RS;REPUBLIC OF SERBIA;12;2023;1_JD;Public state enterprises;148639;RSD;RSD;SORS;Average gross earnings;A;Normal value
2403040104IND02;RS;REPUBLIC OF SERBIA;12;2023;2_JL;Public local enterprises;117631;RSD;RSD;SORS;Average gross earnings;A;Normal value
2403040104IND02;RS;REPUBLIC OF SERBIA;12;2023;3_4_5_BK;General government;125712;RSD;RSD;SORS;Average gross earnings;A;Normal value
2403040104IND02;RS;REPUBLIC OF SERBIA;12;2023;3_ZS;Health and social work;123977;RSD;RSD;SORS;Average gross earnings;A;Normal value
2403040104IND02;RS;REPUBLIC OF SERBIA;12;2023;4_OK;Education and culture;118611;RSD;RSD;SORS;Average gross earnings;A;Normal value
2403040104IND02;RS;REPUBLIC OF SERBIA;12;2023;5_AD;Administration - all levels;133828;RSD;RSD;SORS;Average gross earnings;A;Normal value
2403040104IND02;RS;REPUBLIC OF SERBIA;12;2023;5_AD2;Administration - government  level;139346;RSD;RSD;SORS;Average gross earnings;A;Normal value
2403040104IND02;RS;REPUBLIC OF SERBIA;12;2023;5_AD3;Administration - autonomous  province level;140807;RSD;RSD;SORS;Average gross earnings;A;Normal value
2403040104IND02;RS;REPUBLIC OF SERBIA;12;2023;5_AD4;Administration - local authorities’ level;106225;RSD;RSD;SORS;Average gross earnings;A;Normal value
2403040104IND02;RS;REPUBLIC OF SERBIA;12;2024;0;Total;148428;RSD;RSD;SORS;Average gross earnings;A;Normal value
2403040104IND02;RS;REPUBLIC OF SERBIA;12;2024;0_JP_JD_JL;Public enterprises;152484;RSD;RSD;SORS;Average gross earnings;A;Normal value
2403040104IND02;RS;REPUBLIC OF SERBIA;12;2024;0_JS;Public sector;143223;RSD;RSD;SORS;Average gross earnings;A;Normal value
2403040104IND02;RS;REPUBLIC OF SERBIA;12;2024;0_VJS;Non-public sector;150519;RSD;RSD;SORS;Average gross earnings;A;Normal value
2403040104IND02;RS;REPUBLIC OF SERBIA;12;2024;1_JD;Public state enterprises;166346;RSD;RSD;SORS;Average gross earnings;A;Normal value
2403040104IND02;RS;REPUBLIC OF SERBIA;12;2024;2_JL;Public local enterprises;133724;RSD;RSD;SORS;Average gross earnings;A;Normal value
2403040104IND02;RS;REPUBLIC OF SERBIA;12;2024;3_4_5_BK;General government;140381;RSD;RSD;SORS;Average gross earnings;A;Normal value
2403040104IND02;RS;REPUBLIC OF SERBIA;12;2024;3_ZS;Health and social work;138046;RSD;RSD;SORS;Average gross earnings;A;Normal value
2403040104IND02;RS;REPUBLIC OF SERBIA;12;2024;4_OK;Education and culture;132376;RSD;RSD;SORS;Average gross earnings;A;Normal value
2403040104IND02;RS;REPUBLIC OF SERBIA;12;2024;5_AD;Administration - all levels;150086;RSD;RSD;SORS;Average gross earnings;A;Normal value
2403040104IND02;RS;REPUBLIC OF SERBIA;12;2024;5_AD2;Administration - government  level;156033;RSD;RSD;SORS;Average gross earnings;A;Normal value
2403040104IND02;RS;REPUBLIC OF SERBIA;12;2024;5_AD3;Administration - autonomous  province level;154994;RSD;RSD;SORS;Average gross earnings;A;Normal value
2403040104IND02;RS;REPUBLIC OF SERBIA;12;2024;5_AD4;Administration - local authorities’ level;120256;RSD;RSD;SORS;Average gross earnings;A;Normal value
2403040104IND02;RS;REPUBLIC OF SERBIA;12;2025;0;Total;169921;RSD;RSD;SORS;Average gross earnings;A;Normal value
2403040104IND02;RS;REPUBLIC OF SERBIA;12;2025;0_JP_JD_JL;Public enterprises;175387;RSD;RSD;SORS;Average gross earnings;A;Normal value
2403040104IND02;RS;REPUBLIC OF SERBIA;12;2025;0_JS;Public sector;165278;RSD;RSD;SORS;Average gross earnings;A;Normal value
2403040104IND02;RS;REPUBLIC OF SERBIA;12;2025;0_VJS;Non-public sector;171791;RSD;RSD;SORS;Average gross earnings;A;Normal value
2403040104IND02;RS;REPUBLIC OF SERBIA;12;2025;1_JD;Public state enterprises;185441;RSD;RSD;SORS;Average gross earnings;A;Normal value
2403040104IND02;RS;REPUBLIC OF SERBIA;12;2025;2_JL;Public local enterprises;161868;RSD;RSD;SORS;Average gross earnings;A;Normal value
2403040104IND02;RS;REPUBLIC OF SERBIA;12;2025;3_4_5_BK;General government;162222;RSD;RSD;SORS;Average gross earnings;A;Normal value
2403040104IND02;RS;REPUBLIC OF SERBIA;12;2025;3_ZS;Health and social work;158813;RSD;RSD;SORS;Average gross earnings;A;Normal value
2403040104IND02;RS;REPUBLIC OF SERBIA;12;2025;4_OK;Education and culture;159893;RSD;RSD;SORS;Average gross earnings;A;Normal value
2403040104IND02;RS;REPUBLIC OF SERBIA;12;2025;5_AD;Administration - all levels;167859;RSD;RSD;SORS;Average gross earnings;A;Normal value
2403040104IND02;RS;REPUBLIC OF SERBIA;12;2025;5_AD2;Administration - government  level;173531;RSD;RSD;SORS;Average gross earnings;A;Normal value
2403040104IND02;RS;REPUBLIC OF SERBIA;12;2025;5_AD3;Administration - autonomous  province level;168358;RSD;RSD;SORS;Average gross earnings;A;Normal value
2403040104IND02;RS;REPUBLIC OF SERBIA;12;2025;5_AD4;Administration - local authorities’ level;139262;RSD;RSD;SORS;Average gross earnings;A;Normal value
