idindikator;IDTer;nTer;mes;god;IDModalitetRegZap;nModalitetRegZap;vrednost;idJedinicaMere;nJedinicaMere;nIzvorI;Indikator;IDStatusPodatka;nStatusPodatka
24021304IND01;RS;REPUBLIC OF SERBIA;K1;2016;0;Registered employment - total;1977914;NR;number;SORS;Employed by regions (NSTJ based on the municipality of work);A;Normal value
24021304IND01;RS;REPUBLIC OF SERBIA;K1;2016;01;Employees at legal entities (in "long-term employment" and in "temporary and occasional employment");1574671;NR;number;SORS;Employed by regions (NSTJ based on the municipality of work);A;Normal value
24021304IND01;RS;REPUBLIC OF SERBIA;K1;2016;02;Entrepreneurs and their employees and persons individually running business (in "long-term employment" and in "temporary and occasional employment");312656;NR;number;SORS;Employed by regions (NSTJ based on the municipality of work);A;Normal value
24021304IND01;RS;REPUBLIC OF SERBIA;K1;2016;03;Registered individual agricultural producers (farmers);90587;NR;number;SORS;Employed by regions (NSTJ based on the municipality of work);A;Normal value
24021304IND01;RS1;SRBIJA – SEVER;K1;2016;0;Registered employment - total;1161532;NR;number;SORS;Employed by regions (NSTJ based on the municipality of work);A;Normal value
24021304IND01;RS1;SRBIJA – SEVER;K1;2016;01;Employees at legal entities (in "long-term employment" and in "temporary and occasional employment");981547;NR;number;SORS;Employed by regions (NSTJ based on the municipality of work);A;Normal value
24021304IND01;RS1;SRBIJA – SEVER;K1;2016;02;Entrepreneurs and their employees and persons individually running business (in "long-term employment" and in "temporary and occasional employment");151557;NR;number;SORS;Employed by regions (NSTJ based on the municipality of work);A;Normal value
24021304IND01;RS1;SRBIJA – SEVER;K1;2016;03;Registered individual agricultural producers (farmers);28428;NR;number;SORS;Employed by regions (NSTJ based on the municipality of work);A;Normal value
24021304IND01;RS11;Beogradski region;K1;2016;0;Registered employment - total;656693;NR;number;SORS;Employed by regions (NSTJ based on the municipality of work);A;Normal value
24021304IND01;RS11;Beogradski region;K1;2016;01;Employees at legal entities (in "long-term employment" and in "temporary and occasional employment");582311;NR;number;SORS;Employed by regions (NSTJ based on the municipality of work);A;Normal value
24021304IND01;RS11;Beogradski region;K1;2016;02;Entrepreneurs and their employees and persons individually running business (in "long-term employment" and in "temporary and occasional employment");71286;NR;number;SORS;Employed by regions (NSTJ based on the municipality of work);A;Normal value
24021304IND01;RS11;Beogradski region;K1;2016;03;Registered individual agricultural producers (farmers);3097;NR;number;SORS;Employed by regions (NSTJ based on the municipality of work);A;Normal value
24021304IND01;RS12;Region Vojvodine;K1;2016;0;Registered employment - total;504839;NR;number;SORS;Employed by regions (NSTJ based on the municipality of work);A;Normal value
24021304IND01;RS12;Region Vojvodine;K1;2016;01;Employees at legal entities (in "long-term employment" and in "temporary and occasional employment");399237;NR;number;SORS;Employed by regions (NSTJ based on the municipality of work);A;Normal value
24021304IND01;RS12;Region Vojvodine;K1;2016;02;Entrepreneurs and their employees and persons individually running business (in "long-term employment" and in "temporary and occasional employment");80271;NR;number;SORS;Employed by regions (NSTJ based on the municipality of work);A;Normal value
24021304IND01;RS12;Region Vojvodine;K1;2016;03;Registered individual agricultural producers (farmers);25331;NR;number;SORS;Employed by regions (NSTJ based on the municipality of work);A;Normal value
24021304IND01;RS2;SRBIJA – JUG;K1;2016;0;Registered employment - total;816381;NR;number;SORS;Employed by regions (NSTJ based on the municipality of work);A;Normal value
24021304IND01;RS2;SRBIJA – JUG;K1;2016;01;Employees at legal entities (in "long-term employment" and in "temporary and occasional employment");593124;NR;number;SORS;Employed by regions (NSTJ based on the municipality of work);A;Normal value
24021304IND01;RS2;SRBIJA – JUG;K1;2016;02;Entrepreneurs and their employees and persons individually running business (in "long-term employment" and in "temporary and occasional employment");161099;NR;number;SORS;Employed by regions (NSTJ based on the municipality of work);A;Normal value
24021304IND01;RS2;SRBIJA – JUG;K1;2016;03;Registered individual agricultural producers (farmers);62158;NR;number;SORS;Employed by regions (NSTJ based on the municipality of work);A;Normal value
24021304IND01;RS21;Region Šumadije i Zapadne Srbije;K1;2016;0;Registered employment - total;467908;NR;number;SORS;Employed by regions (NSTJ based on the municipality of work);A;Normal value
24021304IND01;RS21;Region Šumadije i Zapadne Srbije;K1;2016;01;Employees at legal entities (in "long-term employment" and in "temporary and occasional employment");329958;NR;number;SORS;Employed by regions (NSTJ based on the municipality of work);A;Normal value
24021304IND01;RS21;Region Šumadije i Zapadne Srbije;K1;2016;02;Entrepreneurs and their employees and persons individually running business (in "long-term employment" and in "temporary and occasional employment");95763;NR;number;SORS;Employed by regions (NSTJ based on the municipality of work);A;Normal value
24021304IND01;RS21;Region Šumadije i Zapadne Srbije;K1;2016;03;Registered individual agricultural producers (farmers);42186;NR;number;SORS;Employed by regions (NSTJ based on the municipality of work);A;Normal value
24021304IND01;RS22;Region Južne i Istočne Srbije;K1;2016;0;Registered employment - total;348474;NR;number;SORS;Employed by regions (NSTJ based on the municipality of work);A;Normal value
24021304IND01;RS22;Region Južne i Istočne Srbije;K1;2016;01;Employees at legal entities (in "long-term employment" and in "temporary and occasional employment");263165;NR;number;SORS;Employed by regions (NSTJ based on the municipality of work);A;Normal value
24021304IND01;RS22;Region Južne i Istočne Srbije;K1;2016;02;Entrepreneurs and their employees and persons individually running business (in "long-term employment" and in "temporary and occasional employment");65336;NR;number;SORS;Employed by regions (NSTJ based on the municipality of work);A;Normal value
24021304IND01;RS22;Region Južne i Istočne Srbije;K1;2016;03;Registered individual agricultural producers (farmers);19973;NR;number;SORS;Employed by regions (NSTJ based on the municipality of work);A;Normal value
24021304IND01;RS23;Region Kosovo i Metohija;K1;2016;0;Registered employment - total;;NR;number;SORS;Employed by regions (NSTJ based on the municipality of work);O;Not available
24021304IND01;RS23;Region Kosovo i Metohija;K1;2016;01;Employees at legal entities (in "long-term employment" and in "temporary and occasional employment");;NR;number;SORS;Employed by regions (NSTJ based on the municipality of work);O;Not available
24021304IND01;RS23;Region Kosovo i Metohija;K1;2016;02;Entrepreneurs and their employees and persons individually running business (in "long-term employment" and in "temporary and occasional employment");;NR;number;SORS;Employed by regions (NSTJ based on the municipality of work);O;Not available
24021304IND01;RS23;Region Kosovo i Metohija;K1;2016;03;Registered individual agricultural producers (farmers);;NR;number;SORS;Employed by regions (NSTJ based on the municipality of work);O;Not available
24021304IND01;RS;REPUBLIC OF SERBIA;K1;2017;0;Registered employment - total;2024516;NR;number;SORS;Employed by regions (NSTJ based on the municipality of work);A;Normal value
24021304IND01;RS;REPUBLIC OF SERBIA;K1;2017;01;Employees at legal entities (in "long-term employment" and in "temporary and occasional employment");1605550;NR;number;SORS;Employed by regions (NSTJ based on the municipality of work);A;Normal value
24021304IND01;RS;REPUBLIC OF SERBIA;K1;2017;02;Entrepreneurs and their employees and persons individually running business (in "long-term employment" and in "temporary and occasional employment");331453;NR;number;SORS;Employed by regions (NSTJ based on the municipality of work);A;Normal value
24021304IND01;RS;REPUBLIC OF SERBIA;K1;2017;03;Registered individual agricultural producers (farmers);87513;NR;number;SORS;Employed by regions (NSTJ based on the municipality of work);A;Normal value
24021304IND01;RS1;SRBIJA – SEVER;K1;2017;0;Registered employment - total;1192366;NR;number;SORS;Employed by regions (NSTJ based on the municipality of work);A;Normal value
24021304IND01;RS1;SRBIJA – SEVER;K1;2017;01;Employees at legal entities (in "long-term employment" and in "temporary and occasional employment");1003561;NR;number;SORS;Employed by regions (NSTJ based on the municipality of work);A;Normal value
24021304IND01;RS1;SRBIJA – SEVER;K1;2017;02;Entrepreneurs and their employees and persons individually running business (in "long-term employment" and in "temporary and occasional employment");161409;NR;number;SORS;Employed by regions (NSTJ based on the municipality of work);A;Normal value
24021304IND01;RS1;SRBIJA – SEVER;K1;2017;03;Registered individual agricultural producers (farmers);27396;NR;number;SORS;Employed by regions (NSTJ based on the municipality of work);A;Normal value
24021304IND01;RS11;Beogradski region;K1;2017;0;Registered employment - total;677995;NR;number;SORS;Employed by regions (NSTJ based on the municipality of work);A;Normal value
24021304IND01;RS11;Beogradski region;K1;2017;01;Employees at legal entities (in "long-term employment" and in "temporary and occasional employment");598025;NR;number;SORS;Employed by regions (NSTJ based on the municipality of work);A;Normal value
24021304IND01;RS11;Beogradski region;K1;2017;02;Entrepreneurs and their employees and persons individually running business (in "long-term employment" and in "temporary and occasional employment");76859;NR;number;SORS;Employed by regions (NSTJ based on the municipality of work);A;Normal value
24021304IND01;RS11;Beogradski region;K1;2017;03;Registered individual agricultural producers (farmers);3112;NR;number;SORS;Employed by regions (NSTJ based on the municipality of work);A;Normal value
24021304IND01;RS12;Region Vojvodine;K1;2017;0;Registered employment - total;514370;NR;number;SORS;Employed by regions (NSTJ based on the municipality of work);A;Normal value
24021304IND01;RS12;Region Vojvodine;K1;2017;01;Employees at legal entities (in "long-term employment" and in "temporary and occasional employment");405536;NR;number;SORS;Employed by regions (NSTJ based on the municipality of work);A;Normal value
24021304IND01;RS12;Region Vojvodine;K1;2017;02;Entrepreneurs and their employees and persons individually running business (in "long-term employment" and in "temporary and occasional employment");84550;NR;number;SORS;Employed by regions (NSTJ based on the municipality of work);A;Normal value
24021304IND01;RS12;Region Vojvodine;K1;2017;03;Registered individual agricultural producers (farmers);24284;NR;number;SORS;Employed by regions (NSTJ based on the municipality of work);A;Normal value
24021304IND01;RS2;SRBIJA – JUG;K1;2017;0;Registered employment - total;832150;NR;number;SORS;Employed by regions (NSTJ based on the municipality of work);A;Normal value
24021304IND01;RS2;SRBIJA – JUG;K1;2017;01;Employees at legal entities (in "long-term employment" and in "temporary and occasional employment");601989;NR;number;SORS;Employed by regions (NSTJ based on the municipality of work);A;Normal value
24021304IND01;RS2;SRBIJA – JUG;K1;2017;02;Entrepreneurs and their employees and persons individually running business (in "long-term employment" and in "temporary and occasional employment");170044;NR;number;SORS;Employed by regions (NSTJ based on the municipality of work);A;Normal value
24021304IND01;RS2;SRBIJA – JUG;K1;2017;03;Registered individual agricultural producers (farmers);60116;NR;number;SORS;Employed by regions (NSTJ based on the municipality of work);A;Normal value
24021304IND01;RS21;Region Šumadije i Zapadne Srbije;K1;2017;0;Registered employment - total;477642;NR;number;SORS;Employed by regions (NSTJ based on the municipality of work);A;Normal value
24021304IND01;RS21;Region Šumadije i Zapadne Srbije;K1;2017;01;Employees at legal entities (in "long-term employment" and in "temporary and occasional employment");335070;NR;number;SORS;Employed by regions (NSTJ based on the municipality of work);A;Normal value
24021304IND01;RS21;Region Šumadije i Zapadne Srbije;K1;2017;02;Entrepreneurs and their employees and persons individually running business (in "long-term employment" and in "temporary and occasional employment");101682;NR;number;SORS;Employed by regions (NSTJ based on the municipality of work);A;Normal value
24021304IND01;RS21;Region Šumadije i Zapadne Srbije;K1;2017;03;Registered individual agricultural producers (farmers);40890;NR;number;SORS;Employed by regions (NSTJ based on the municipality of work);A;Normal value
24021304IND01;RS22;Region Južne i Istočne Srbije;K1;2017;0;Registered employment - total;354507;NR;number;SORS;Employed by regions (NSTJ based on the municipality of work);A;Normal value
24021304IND01;RS22;Region Južne i Istočne Srbije;K1;2017;01;Employees at legal entities (in "long-term employment" and in "temporary and occasional employment");266919;NR;number;SORS;Employed by regions (NSTJ based on the municipality of work);A;Normal value
24021304IND01;RS22;Region Južne i Istočne Srbije;K1;2017;02;Entrepreneurs and their employees and persons individually running business (in "long-term employment" and in "temporary and occasional employment");68362;NR;number;SORS;Employed by regions (NSTJ based on the municipality of work);A;Normal value
24021304IND01;RS22;Region Južne i Istočne Srbije;K1;2017;03;Registered individual agricultural producers (farmers);19226;NR;number;SORS;Employed by regions (NSTJ based on the municipality of work);A;Normal value
24021304IND01;RS23;Region Kosovo i Metohija;K1;2017;0;Registered employment - total;;NR;number;SORS;Employed by regions (NSTJ based on the municipality of work);O;Not available
24021304IND01;RS23;Region Kosovo i Metohija;K1;2017;01;Employees at legal entities (in "long-term employment" and in "temporary and occasional employment");;NR;number;SORS;Employed by regions (NSTJ based on the municipality of work);O;Not available
24021304IND01;RS23;Region Kosovo i Metohija;K1;2017;02;Entrepreneurs and their employees and persons individually running business (in "long-term employment" and in "temporary and occasional employment");;NR;number;SORS;Employed by regions (NSTJ based on the municipality of work);O;Not available
24021304IND01;RS23;Region Kosovo i Metohija;K1;2017;03;Registered individual agricultural producers (farmers);;NR;number;SORS;Employed by regions (NSTJ based on the municipality of work);O;Not available
24021304IND01;RS;REPUBLIC OF SERBIA;K1;2018;0;Registered employment - total;2092220;NR;number;SORS;Employed by regions (NSTJ based on the municipality of work);A;Normal value
24021304IND01;RS;REPUBLIC OF SERBIA;K1;2018;01;Employees at legal entities (in "long-term employment" and in "temporary and occasional employment");1659118;NR;number;SORS;Employed by regions (NSTJ based on the municipality of work);A;Normal value
24021304IND01;RS;REPUBLIC OF SERBIA;K1;2018;02;Entrepreneurs and their employees and persons individually running business (in "long-term employment" and in "temporary and occasional employment");351957;NR;number;SORS;Employed by regions (NSTJ based on the municipality of work);A;Normal value
24021304IND01;RS;REPUBLIC OF SERBIA;K1;2018;03;Registered individual agricultural producers (farmers);81145;NR;number;SORS;Employed by regions (NSTJ based on the municipality of work);A;Normal value
24021304IND01;RS1;SRBIJA – SEVER;K1;2018;0;Registered employment - total;1241460;NR;number;SORS;Employed by regions (NSTJ based on the municipality of work);A;Normal value
24021304IND01;RS1;SRBIJA – SEVER;K1;2018;01;Employees at legal entities (in "long-term employment" and in "temporary and occasional employment");1043453;NR;number;SORS;Employed by regions (NSTJ based on the municipality of work);A;Normal value
24021304IND01;RS1;SRBIJA – SEVER;K1;2018;02;Entrepreneurs and their employees and persons individually running business (in "long-term employment" and in "temporary and occasional employment");172532;NR;number;SORS;Employed by regions (NSTJ based on the municipality of work);A;Normal value
24021304IND01;RS1;SRBIJA – SEVER;K1;2018;03;Registered individual agricultural producers (farmers);25475;NR;number;SORS;Employed by regions (NSTJ based on the municipality of work);A;Normal value
24021304IND01;RS11;Beogradski region;K1;2018;0;Registered employment - total;706342;NR;number;SORS;Employed by regions (NSTJ based on the municipality of work);A;Normal value
24021304IND01;RS11;Beogradski region;K1;2018;01;Employees at legal entities (in "long-term employment" and in "temporary and occasional employment");620597;NR;number;SORS;Employed by regions (NSTJ based on the municipality of work);A;Normal value
24021304IND01;RS11;Beogradski region;K1;2018;02;Entrepreneurs and their employees and persons individually running business (in "long-term employment" and in "temporary and occasional employment");82929;NR;number;SORS;Employed by regions (NSTJ based on the municipality of work);A;Normal value
24021304IND01;RS11;Beogradski region;K1;2018;03;Registered individual agricultural producers (farmers);2816;NR;number;SORS;Employed by regions (NSTJ based on the municipality of work);A;Normal value
24021304IND01;RS12;Region Vojvodine;K1;2018;0;Registered employment - total;535118;NR;number;SORS;Employed by regions (NSTJ based on the municipality of work);A;Normal value
24021304IND01;RS12;Region Vojvodine;K1;2018;01;Employees at legal entities (in "long-term employment" and in "temporary and occasional employment");422856;NR;number;SORS;Employed by regions (NSTJ based on the municipality of work);A;Normal value
24021304IND01;RS12;Region Vojvodine;K1;2018;02;Entrepreneurs and their employees and persons individually running business (in "long-term employment" and in "temporary and occasional employment");89603;NR;number;SORS;Employed by regions (NSTJ based on the municipality of work);A;Normal value
24021304IND01;RS12;Region Vojvodine;K1;2018;03;Registered individual agricultural producers (farmers);22659;NR;number;SORS;Employed by regions (NSTJ based on the municipality of work);A;Normal value
24021304IND01;RS2;SRBIJA – JUG;K1;2018;0;Registered employment - total;850760;NR;number;SORS;Employed by regions (NSTJ based on the municipality of work);A;Normal value
24021304IND01;RS2;SRBIJA – JUG;K1;2018;01;Employees at legal entities (in "long-term employment" and in "temporary and occasional employment");615665;NR;number;SORS;Employed by regions (NSTJ based on the municipality of work);A;Normal value
24021304IND01;RS2;SRBIJA – JUG;K1;2018;02;Entrepreneurs and their employees and persons individually running business (in "long-term employment" and in "temporary and occasional employment");179425;NR;number;SORS;Employed by regions (NSTJ based on the municipality of work);A;Normal value
24021304IND01;RS2;SRBIJA – JUG;K1;2018;03;Registered individual agricultural producers (farmers);55670;NR;number;SORS;Employed by regions (NSTJ based on the municipality of work);A;Normal value
24021304IND01;RS21;Region Šumadije i Zapadne Srbije;K1;2018;0;Registered employment - total;490628;NR;number;SORS;Employed by regions (NSTJ based on the municipality of work);A;Normal value
24021304IND01;RS21;Region Šumadije i Zapadne Srbije;K1;2018;01;Employees at legal entities (in "long-term employment" and in "temporary and occasional employment");344977;NR;number;SORS;Employed by regions (NSTJ based on the municipality of work);A;Normal value
24021304IND01;RS21;Region Šumadije i Zapadne Srbije;K1;2018;02;Entrepreneurs and their employees and persons individually running business (in "long-term employment" and in "temporary and occasional employment");107457;NR;number;SORS;Employed by regions (NSTJ based on the municipality of work);A;Normal value
24021304IND01;RS21;Region Šumadije i Zapadne Srbije;K1;2018;03;Registered individual agricultural producers (farmers);38194;NR;number;SORS;Employed by regions (NSTJ based on the municipality of work);A;Normal value
24021304IND01;RS22;Region Južne i Istočne Srbije;K1;2018;0;Registered employment - total;360132;NR;number;SORS;Employed by regions (NSTJ based on the municipality of work);A;Normal value
24021304IND01;RS22;Region Južne i Istočne Srbije;K1;2018;01;Employees at legal entities (in "long-term employment" and in "temporary and occasional employment");270688;NR;number;SORS;Employed by regions (NSTJ based on the municipality of work);A;Normal value
24021304IND01;RS22;Region Južne i Istočne Srbije;K1;2018;02;Entrepreneurs and their employees and persons individually running business (in "long-term employment" and in "temporary and occasional employment");71968;NR;number;SORS;Employed by regions (NSTJ based on the municipality of work);A;Normal value
24021304IND01;RS22;Region Južne i Istočne Srbije;K1;2018;03;Registered individual agricultural producers (farmers);17476;NR;number;SORS;Employed by regions (NSTJ based on the municipality of work);A;Normal value
24021304IND01;RS23;Region Kosovo i Metohija;K1;2018;0;Registered employment - total;;NR;number;SORS;Employed by regions (NSTJ based on the municipality of work);O;Not available
24021304IND01;RS23;Region Kosovo i Metohija;K1;2018;01;Employees at legal entities (in "long-term employment" and in "temporary and occasional employment");;NR;number;SORS;Employed by regions (NSTJ based on the municipality of work);O;Not available
24021304IND01;RS23;Region Kosovo i Metohija;K1;2018;02;Entrepreneurs and their employees and persons individually running business (in "long-term employment" and in "temporary and occasional employment");;NR;number;SORS;Employed by regions (NSTJ based on the municipality of work);O;Not available
24021304IND01;RS23;Region Kosovo i Metohija;K1;2018;03;Registered individual agricultural producers (farmers);;NR;number;SORS;Employed by regions (NSTJ based on the municipality of work);O;Not available
24021304IND01;RS;REPUBLIC OF SERBIA;K1;2019;0;Registered employment - total;2147948;NR;number;SORS;Employed by regions (NSTJ based on the municipality of work);A;Normal value
24021304IND01;RS;REPUBLIC OF SERBIA;K1;2019;01;Employees at legal entities (in "long-term employment" and in "temporary and occasional employment");1702897;NR;number;SORS;Employed by regions (NSTJ based on the municipality of work);A;Normal value
24021304IND01;RS;REPUBLIC OF SERBIA;K1;2019;02;Entrepreneurs and their employees and persons individually running business (in "long-term employment" and in "temporary and occasional employment");370640;NR;number;SORS;Employed by regions (NSTJ based on the municipality of work);A;Normal value
24021304IND01;RS;REPUBLIC OF SERBIA;K1;2019;03;Registered individual agricultural producers (farmers);74411;NR;number;SORS;Employed by regions (NSTJ based on the municipality of work);A;Normal value
24021304IND01;RS1;SRBIJA – SEVER;K1;2019;0;Registered employment - total;1277336;NR;number;SORS;Employed by regions (NSTJ based on the municipality of work);A;Normal value
24021304IND01;RS1;SRBIJA – SEVER;K1;2019;01;Employees at legal entities (in "long-term employment" and in "temporary and occasional employment");1071801;NR;number;SORS;Employed by regions (NSTJ based on the municipality of work);A;Normal value
24021304IND01;RS1;SRBIJA – SEVER;K1;2019;02;Entrepreneurs and their employees and persons individually running business (in "long-term employment" and in "temporary and occasional employment");181941;NR;number;SORS;Employed by regions (NSTJ based on the municipality of work);A;Normal value
24021304IND01;RS1;SRBIJA – SEVER;K1;2019;03;Registered individual agricultural producers (farmers);23594;NR;number;SORS;Employed by regions (NSTJ based on the municipality of work);A;Normal value
24021304IND01;RS11;Beogradski region;K1;2019;0;Registered employment - total;731381;NR;number;SORS;Employed by regions (NSTJ based on the municipality of work);A;Normal value
24021304IND01;RS11;Beogradski region;K1;2019;01;Employees at legal entities (in "long-term employment" and in "temporary and occasional employment");640795;NR;number;SORS;Employed by regions (NSTJ based on the municipality of work);A;Normal value
24021304IND01;RS11;Beogradski region;K1;2019;02;Entrepreneurs and their employees and persons individually running business (in "long-term employment" and in "temporary and occasional employment");88015;NR;number;SORS;Employed by regions (NSTJ based on the municipality of work);A;Normal value
24021304IND01;RS11;Beogradski region;K1;2019;03;Registered individual agricultural producers (farmers);2572;NR;number;SORS;Employed by regions (NSTJ based on the municipality of work);A;Normal value
24021304IND01;RS12;Region Vojvodine;K1;2019;0;Registered employment - total;545956;NR;number;SORS;Employed by regions (NSTJ based on the municipality of work);A;Normal value
24021304IND01;RS12;Region Vojvodine;K1;2019;01;Employees at legal entities (in "long-term employment" and in "temporary and occasional employment");431007;NR;number;SORS;Employed by regions (NSTJ based on the municipality of work);A;Normal value
24021304IND01;RS12;Region Vojvodine;K1;2019;02;Entrepreneurs and their employees and persons individually running business (in "long-term employment" and in "temporary and occasional employment");93926;NR;number;SORS;Employed by regions (NSTJ based on the municipality of work);A;Normal value
24021304IND01;RS12;Region Vojvodine;K1;2019;03;Registered individual agricultural producers (farmers);21023;NR;number;SORS;Employed by regions (NSTJ based on the municipality of work);A;Normal value
24021304IND01;RS2;SRBIJA – JUG;K1;2019;0;Registered employment - total;870610;NR;number;SORS;Employed by regions (NSTJ based on the municipality of work);A;Normal value
24021304IND01;RS2;SRBIJA – JUG;K1;2019;01;Employees at legal entities (in "long-term employment" and in "temporary and occasional employment");631096;NR;number;SORS;Employed by regions (NSTJ based on the municipality of work);A;Normal value
24021304IND01;RS2;SRBIJA – JUG;K1;2019;02;Entrepreneurs and their employees and persons individually running business (in "long-term employment" and in "temporary and occasional employment");188699;NR;number;SORS;Employed by regions (NSTJ based on the municipality of work);A;Normal value
24021304IND01;RS2;SRBIJA – JUG;K1;2019;03;Registered individual agricultural producers (farmers);50816;NR;number;SORS;Employed by regions (NSTJ based on the municipality of work);A;Normal value
24021304IND01;RS21;Region Šumadije i Zapadne Srbije;K1;2019;0;Registered employment - total;502415;NR;number;SORS;Employed by regions (NSTJ based on the municipality of work);A;Normal value
24021304IND01;RS21;Region Šumadije i Zapadne Srbije;K1;2019;01;Employees at legal entities (in "long-term employment" and in "temporary and occasional employment");354423;NR;number;SORS;Employed by regions (NSTJ based on the municipality of work);A;Normal value
24021304IND01;RS21;Region Šumadije i Zapadne Srbije;K1;2019;02;Entrepreneurs and their employees and persons individually running business (in "long-term employment" and in "temporary and occasional employment");112950;NR;number;SORS;Employed by regions (NSTJ based on the municipality of work);A;Normal value
24021304IND01;RS21;Region Šumadije i Zapadne Srbije;K1;2019;03;Registered individual agricultural producers (farmers);35042;NR;number;SORS;Employed by regions (NSTJ based on the municipality of work);A;Normal value
24021304IND01;RS22;Region Južne i Istočne Srbije;K1;2019;0;Registered employment - total;368196;NR;number;SORS;Employed by regions (NSTJ based on the municipality of work);A;Normal value
24021304IND01;RS22;Region Južne i Istočne Srbije;K1;2019;01;Employees at legal entities (in "long-term employment" and in "temporary and occasional employment");276672;NR;number;SORS;Employed by regions (NSTJ based on the municipality of work);A;Normal value
24021304IND01;RS22;Region Južne i Istočne Srbije;K1;2019;02;Entrepreneurs and their employees and persons individually running business (in "long-term employment" and in "temporary and occasional employment");75749;NR;number;SORS;Employed by regions (NSTJ based on the municipality of work);A;Normal value
24021304IND01;RS22;Region Južne i Istočne Srbije;K1;2019;03;Registered individual agricultural producers (farmers);15775;NR;number;SORS;Employed by regions (NSTJ based on the municipality of work);A;Normal value
24021304IND01;RS23;Region Kosovo i Metohija;K1;2019;0;Registered employment - total;;NR;number;SORS;Employed by regions (NSTJ based on the municipality of work);O;Not available
24021304IND01;RS23;Region Kosovo i Metohija;K1;2019;01;Employees at legal entities (in "long-term employment" and in "temporary and occasional employment");;NR;number;SORS;Employed by regions (NSTJ based on the municipality of work);O;Not available
24021304IND01;RS23;Region Kosovo i Metohija;K1;2019;02;Entrepreneurs and their employees and persons individually running business (in "long-term employment" and in "temporary and occasional employment");;NR;number;SORS;Employed by regions (NSTJ based on the municipality of work);O;Not available
24021304IND01;RS23;Region Kosovo i Metohija;K1;2019;03;Registered individual agricultural producers (farmers);;NR;number;SORS;Employed by regions (NSTJ based on the municipality of work);O;Not available
24021304IND01;RS;REPUBLIC OF SERBIA;K1;2020;0;Registered employment - total;2186834;NR;number;SORS;Employed by regions (NSTJ based on the municipality of work);A;Normal value
24021304IND01;RS;REPUBLIC OF SERBIA;K1;2020;01;Employees at legal entities (in "long-term employment" and in "temporary and occasional employment");1743643;NR;number;SORS;Employed by regions (NSTJ based on the municipality of work);A;Normal value
24021304IND01;RS;REPUBLIC OF SERBIA;K1;2020;02;Entrepreneurs and their employees and persons individually running business (in "long-term employment" and in "temporary and occasional employment");374306;NR;number;SORS;Employed by regions (NSTJ based on the municipality of work);A;Normal value
24021304IND01;RS;REPUBLIC OF SERBIA;K1;2020;03;Registered individual agricultural producers (farmers);68885;NR;number;SORS;Employed by regions (NSTJ based on the municipality of work);A;Normal value
24021304IND01;RS1;SRBIJA – SEVER;K1;2020;0;Registered employment - total;1307644;NR;number;SORS;Employed by regions (NSTJ based on the municipality of work);A;Normal value
24021304IND01;RS1;SRBIJA – SEVER;K1;2020;01;Employees at legal entities (in "long-term employment" and in "temporary and occasional employment");1101229;NR;number;SORS;Employed by regions (NSTJ based on the municipality of work);A;Normal value
24021304IND01;RS1;SRBIJA – SEVER;K1;2020;02;Entrepreneurs and their employees and persons individually running business (in "long-term employment" and in "temporary and occasional employment");184405;NR;number;SORS;Employed by regions (NSTJ based on the municipality of work);A;Normal value
24021304IND01;RS1;SRBIJA – SEVER;K1;2020;03;Registered individual agricultural producers (farmers);22010;NR;number;SORS;Employed by regions (NSTJ based on the municipality of work);A;Normal value
24021304IND01;RS11;Beogradski region;K1;2020;0;Registered employment - total;749868;NR;number;SORS;Employed by regions (NSTJ based on the municipality of work);A;Normal value
24021304IND01;RS11;Beogradski region;K1;2020;01;Employees at legal entities (in "long-term employment" and in "temporary and occasional employment");657825;NR;number;SORS;Employed by regions (NSTJ based on the municipality of work);A;Normal value
24021304IND01;RS11;Beogradski region;K1;2020;02;Entrepreneurs and their employees and persons individually running business (in "long-term employment" and in "temporary and occasional employment");89659;NR;number;SORS;Employed by regions (NSTJ based on the municipality of work);A;Normal value
24021304IND01;RS11;Beogradski region;K1;2020;03;Registered individual agricultural producers (farmers);2384;NR;number;SORS;Employed by regions (NSTJ based on the municipality of work);A;Normal value
24021304IND01;RS12;Region Vojvodine;K1;2020;0;Registered employment - total;557776;NR;number;SORS;Employed by regions (NSTJ based on the municipality of work);A;Normal value
24021304IND01;RS12;Region Vojvodine;K1;2020;01;Employees at legal entities (in "long-term employment" and in "temporary and occasional employment");443405;NR;number;SORS;Employed by regions (NSTJ based on the municipality of work);A;Normal value
24021304IND01;RS12;Region Vojvodine;K1;2020;02;Entrepreneurs and their employees and persons individually running business (in "long-term employment" and in "temporary and occasional employment");94746;NR;number;SORS;Employed by regions (NSTJ based on the municipality of work);A;Normal value
24021304IND01;RS12;Region Vojvodine;K1;2020;03;Registered individual agricultural producers (farmers);19626;NR;number;SORS;Employed by regions (NSTJ based on the municipality of work);A;Normal value
24021304IND01;RS2;SRBIJA – JUG;K1;2020;0;Registered employment - total;879190;NR;number;SORS;Employed by regions (NSTJ based on the municipality of work);A;Normal value
24021304IND01;RS2;SRBIJA – JUG;K1;2020;01;Employees at legal entities (in "long-term employment" and in "temporary and occasional employment");642414;NR;number;SORS;Employed by regions (NSTJ based on the municipality of work);A;Normal value
24021304IND01;RS2;SRBIJA – JUG;K1;2020;02;Entrepreneurs and their employees and persons individually running business (in "long-term employment" and in "temporary and occasional employment");189901;NR;number;SORS;Employed by regions (NSTJ based on the municipality of work);A;Normal value
24021304IND01;RS2;SRBIJA – JUG;K1;2020;03;Registered individual agricultural producers (farmers);46875;NR;number;SORS;Employed by regions (NSTJ based on the municipality of work);A;Normal value
24021304IND01;RS21;Region Šumadije i Zapadne Srbije;K1;2020;0;Registered employment - total;507451;NR;number;SORS;Employed by regions (NSTJ based on the municipality of work);A;Normal value
24021304IND01;RS21;Region Šumadije i Zapadne Srbije;K1;2020;01;Employees at legal entities (in "long-term employment" and in "temporary and occasional employment");360974;NR;number;SORS;Employed by regions (NSTJ based on the municipality of work);A;Normal value
24021304IND01;RS21;Region Šumadije i Zapadne Srbije;K1;2020;02;Entrepreneurs and their employees and persons individually running business (in "long-term employment" and in "temporary and occasional employment");114206;NR;number;SORS;Employed by regions (NSTJ based on the municipality of work);A;Normal value
24021304IND01;RS21;Region Šumadije i Zapadne Srbije;K1;2020;03;Registered individual agricultural producers (farmers);32272;NR;number;SORS;Employed by regions (NSTJ based on the municipality of work);A;Normal value
24021304IND01;RS22;Region Južne i Istočne Srbije;K1;2020;0;Registered employment - total;371738;NR;number;SORS;Employed by regions (NSTJ based on the municipality of work);A;Normal value
24021304IND01;RS22;Region Južne i Istočne Srbije;K1;2020;01;Employees at legal entities (in "long-term employment" and in "temporary and occasional employment");281440;NR;number;SORS;Employed by regions (NSTJ based on the municipality of work);A;Normal value
24021304IND01;RS22;Region Južne i Istočne Srbije;K1;2020;02;Entrepreneurs and their employees and persons individually running business (in "long-term employment" and in "temporary and occasional employment");75695;NR;number;SORS;Employed by regions (NSTJ based on the municipality of work);A;Normal value
24021304IND01;RS22;Region Južne i Istočne Srbije;K1;2020;03;Registered individual agricultural producers (farmers);14603;NR;number;SORS;Employed by regions (NSTJ based on the municipality of work);A;Normal value
24021304IND01;RS23;Region Kosovo i Metohija;K1;2020;0;Registered employment - total;;NR;number;SORS;Employed by regions (NSTJ based on the municipality of work);O;Not available
24021304IND01;RS23;Region Kosovo i Metohija;K1;2020;01;Employees at legal entities (in "long-term employment" and in "temporary and occasional employment");;NR;number;SORS;Employed by regions (NSTJ based on the municipality of work);O;Not available
24021304IND01;RS23;Region Kosovo i Metohija;K1;2020;02;Entrepreneurs and their employees and persons individually running business (in "long-term employment" and in "temporary and occasional employment");;NR;number;SORS;Employed by regions (NSTJ based on the municipality of work);O;Not available
24021304IND01;RS23;Region Kosovo i Metohija;K1;2020;03;Registered individual agricultural producers (farmers);;NR;number;SORS;Employed by regions (NSTJ based on the municipality of work);O;Not available
24021304IND01;RS;REPUBLIC OF SERBIA;K1;2021;0;Registered employment - total;2248200;NR;number;SORS;Employed by regions (NSTJ based on the municipality of work);A;Normal value
24021304IND01;RS;REPUBLIC OF SERBIA;K1;2021;01;Employees at legal entities (in "long-term employment" and in "temporary and occasional employment");1797372;NR;number;SORS;Employed by regions (NSTJ based on the municipality of work);A;Normal value
24021304IND01;RS;REPUBLIC OF SERBIA;K1;2021;02;Entrepreneurs and their employees and persons individually running business (in "long-term employment" and in "temporary and occasional employment");387836;NR;number;SORS;Employed by regions (NSTJ based on the municipality of work);A;Normal value
24021304IND01;RS;REPUBLIC OF SERBIA;K1;2021;03;Registered individual agricultural producers (farmers);62992;NR;number;SORS;Employed by regions (NSTJ based on the municipality of work);A;Normal value
24021304IND01;RS1;SRBIJA – SEVER;K1;2021;0;Registered employment - total;1344096;NR;number;SORS;Employed by regions (NSTJ based on the municipality of work);A;Normal value
24021304IND01;RS1;SRBIJA – SEVER;K1;2021;01;Employees at legal entities (in "long-term employment" and in "temporary and occasional employment");1132353;NR;number;SORS;Employed by regions (NSTJ based on the municipality of work);A;Normal value
24021304IND01;RS1;SRBIJA – SEVER;K1;2021;02;Entrepreneurs and their employees and persons individually running business (in "long-term employment" and in "temporary and occasional employment");191305;NR;number;SORS;Employed by regions (NSTJ based on the municipality of work);A;Normal value
24021304IND01;RS1;SRBIJA – SEVER;K1;2021;03;Registered individual agricultural producers (farmers);20437;NR;number;SORS;Employed by regions (NSTJ based on the municipality of work);A;Normal value
24021304IND01;RS11;Beogradski region;K1;2021;0;Registered employment - total;774130;NR;number;SORS;Employed by regions (NSTJ based on the municipality of work);A;Normal value
24021304IND01;RS11;Beogradski region;K1;2021;01;Employees at legal entities (in "long-term employment" and in "temporary and occasional employment");678925;NR;number;SORS;Employed by regions (NSTJ based on the municipality of work);A;Normal value
24021304IND01;RS11;Beogradski region;K1;2021;02;Entrepreneurs and their employees and persons individually running business (in "long-term employment" and in "temporary and occasional employment");92958;NR;number;SORS;Employed by regions (NSTJ based on the municipality of work);A;Normal value
24021304IND01;RS11;Beogradski region;K1;2021;03;Registered individual agricultural producers (farmers);2247;NR;number;SORS;Employed by regions (NSTJ based on the municipality of work);A;Normal value
24021304IND01;RS12;Region Vojvodine;K1;2021;0;Registered employment - total;569966;NR;number;SORS;Employed by regions (NSTJ based on the municipality of work);A;Normal value
24021304IND01;RS12;Region Vojvodine;K1;2021;01;Employees at legal entities (in "long-term employment" and in "temporary and occasional employment");453429;NR;number;SORS;Employed by regions (NSTJ based on the municipality of work);A;Normal value
24021304IND01;RS12;Region Vojvodine;K1;2021;02;Entrepreneurs and their employees and persons individually running business (in "long-term employment" and in "temporary and occasional employment");98347;NR;number;SORS;Employed by regions (NSTJ based on the municipality of work);A;Normal value
24021304IND01;RS12;Region Vojvodine;K1;2021;03;Registered individual agricultural producers (farmers);18190;NR;number;SORS;Employed by regions (NSTJ based on the municipality of work);A;Normal value
24021304IND01;RS2;SRBIJA – JUG;K1;2021;0;Registered employment - total;904105;NR;number;SORS;Employed by regions (NSTJ based on the municipality of work);A;Normal value
24021304IND01;RS2;SRBIJA – JUG;K1;2021;01;Employees at legal entities (in "long-term employment" and in "temporary and occasional employment");665019;NR;number;SORS;Employed by regions (NSTJ based on the municipality of work);A;Normal value
24021304IND01;RS2;SRBIJA – JUG;K1;2021;02;Entrepreneurs and their employees and persons individually running business (in "long-term employment" and in "temporary and occasional employment");196531;NR;number;SORS;Employed by regions (NSTJ based on the municipality of work);A;Normal value
24021304IND01;RS2;SRBIJA – JUG;K1;2021;03;Registered individual agricultural producers (farmers);42555;NR;number;SORS;Employed by regions (NSTJ based on the municipality of work);A;Normal value
24021304IND01;RS21;Region Šumadije i Zapadne Srbije;K1;2021;0;Registered employment - total;518975;NR;number;SORS;Employed by regions (NSTJ based on the municipality of work);A;Normal value
24021304IND01;RS21;Region Šumadije i Zapadne Srbije;K1;2021;01;Employees at legal entities (in "long-term employment" and in "temporary and occasional employment");371134;NR;number;SORS;Employed by regions (NSTJ based on the municipality of work);A;Normal value
24021304IND01;RS21;Region Šumadije i Zapadne Srbije;K1;2021;02;Entrepreneurs and their employees and persons individually running business (in "long-term employment" and in "temporary and occasional employment");118508;NR;number;SORS;Employed by regions (NSTJ based on the municipality of work);A;Normal value
24021304IND01;RS21;Region Šumadije i Zapadne Srbije;K1;2021;03;Registered individual agricultural producers (farmers);29333;NR;number;SORS;Employed by regions (NSTJ based on the municipality of work);A;Normal value
24021304IND01;RS22;Region Južne i Istočne Srbije;K1;2021;0;Registered employment - total;385131;NR;number;SORS;Employed by regions (NSTJ based on the municipality of work);A;Normal value
24021304IND01;RS22;Region Južne i Istočne Srbije;K1;2021;01;Employees at legal entities (in "long-term employment" and in "temporary and occasional employment");293885;NR;number;SORS;Employed by regions (NSTJ based on the municipality of work);A;Normal value
24021304IND01;RS22;Region Južne i Istočne Srbije;K1;2021;02;Entrepreneurs and their employees and persons individually running business (in "long-term employment" and in "temporary and occasional employment");78023;NR;number;SORS;Employed by regions (NSTJ based on the municipality of work);A;Normal value
24021304IND01;RS22;Region Južne i Istočne Srbije;K1;2021;03;Registered individual agricultural producers (farmers);13223;NR;number;SORS;Employed by regions (NSTJ based on the municipality of work);A;Normal value
24021304IND01;RS23;Region Kosovo i Metohija;K1;2021;0;Registered employment - total;;NR;number;SORS;Employed by regions (NSTJ based on the municipality of work);O;Not available
24021304IND01;RS23;Region Kosovo i Metohija;K1;2021;01;Employees at legal entities (in "long-term employment" and in "temporary and occasional employment");;NR;number;SORS;Employed by regions (NSTJ based on the municipality of work);O;Not available
24021304IND01;RS23;Region Kosovo i Metohija;K1;2021;02;Entrepreneurs and their employees and persons individually running business (in "long-term employment" and in "temporary and occasional employment");;NR;number;SORS;Employed by regions (NSTJ based on the municipality of work);O;Not available
24021304IND01;RS23;Region Kosovo i Metohija;K1;2021;03;Registered individual agricultural producers (farmers);;NR;number;SORS;Employed by regions (NSTJ based on the municipality of work);O;Not available
24021304IND01;RS;REPUBLIC OF SERBIA;K1;2022;0;Registered employment - total;2284286;NR;number;SORS;Employed by regions (NSTJ based on the municipality of work);A;Normal value
24021304IND01;RS;REPUBLIC OF SERBIA;K1;2022;01;Employees at legal entities (in "long-term employment" and in "temporary and occasional employment");1835457;NR;number;SORS;Employed by regions (NSTJ based on the municipality of work);A;Normal value
24021304IND01;RS;REPUBLIC OF SERBIA;K1;2022;02;Entrepreneurs and their employees and persons individually running business (in "long-term employment" and in "temporary and occasional employment");390803;NR;number;SORS;Employed by regions (NSTJ based on the municipality of work);A;Normal value
24021304IND01;RS;REPUBLIC OF SERBIA;K1;2022;03;Registered individual agricultural producers (farmers);58026;NR;number;SORS;Employed by regions (NSTJ based on the municipality of work);A;Normal value
24021304IND01;RS1;SRBIJA – SEVER;K1;2022;0;Registered employment - total;1371646;NR;number;SORS;Employed by regions (NSTJ based on the municipality of work);A;Normal value
24021304IND01;RS1;SRBIJA – SEVER;K1;2022;01;Employees at legal entities (in "long-term employment" and in "temporary and occasional employment");1159312;NR;number;SORS;Employed by regions (NSTJ based on the municipality of work);A;Normal value
24021304IND01;RS1;SRBIJA – SEVER;K1;2022;02;Entrepreneurs and their employees and persons individually running business (in "long-term employment" and in "temporary and occasional employment");193155;NR;number;SORS;Employed by regions (NSTJ based on the municipality of work);A;Normal value
24021304IND01;RS1;SRBIJA – SEVER;K1;2022;03;Registered individual agricultural producers (farmers);19179;NR;number;SORS;Employed by regions (NSTJ based on the municipality of work);A;Normal value
24021304IND01;RS11;Beogradski region;K1;2022;0;Registered employment - total;796812;NR;number;SORS;Employed by regions (NSTJ based on the municipality of work);A;Normal value
24021304IND01;RS11;Beogradski region;K1;2022;01;Employees at legal entities (in "long-term employment" and in "temporary and occasional employment");700988;NR;number;SORS;Employed by regions (NSTJ based on the municipality of work);A;Normal value
24021304IND01;RS11;Beogradski region;K1;2022;02;Entrepreneurs and their employees and persons individually running business (in "long-term employment" and in "temporary and occasional employment");93754;NR;number;SORS;Employed by regions (NSTJ based on the municipality of work);A;Normal value
24021304IND01;RS11;Beogradski region;K1;2022;03;Registered individual agricultural producers (farmers);2070;NR;number;SORS;Employed by regions (NSTJ based on the municipality of work);A;Normal value
24021304IND01;RS12;Region Vojvodine;K1;2022;0;Registered employment - total;574833;NR;number;SORS;Employed by regions (NSTJ based on the municipality of work);A;Normal value
24021304IND01;RS12;Region Vojvodine;K1;2022;01;Employees at legal entities (in "long-term employment" and in "temporary and occasional employment");458324;NR;number;SORS;Employed by regions (NSTJ based on the municipality of work);A;Normal value
24021304IND01;RS12;Region Vojvodine;K1;2022;02;Entrepreneurs and their employees and persons individually running business (in "long-term employment" and in "temporary and occasional employment");99400;NR;number;SORS;Employed by regions (NSTJ based on the municipality of work);A;Normal value
24021304IND01;RS12;Region Vojvodine;K1;2022;03;Registered individual agricultural producers (farmers);17108;NR;number;SORS;Employed by regions (NSTJ based on the municipality of work);A;Normal value
24021304IND01;RS2;SRBIJA – JUG;K1;2022;0;Registered employment - total;912640;NR;number;SORS;Employed by regions (NSTJ based on the municipality of work);A;Normal value
24021304IND01;RS2;SRBIJA – JUG;K1;2022;01;Employees at legal entities (in "long-term employment" and in "temporary and occasional employment");676145;NR;number;SORS;Employed by regions (NSTJ based on the municipality of work);A;Normal value
24021304IND01;RS2;SRBIJA – JUG;K1;2022;02;Entrepreneurs and their employees and persons individually running business (in "long-term employment" and in "temporary and occasional employment");197649;NR;number;SORS;Employed by regions (NSTJ based on the municipality of work);A;Normal value
24021304IND01;RS2;SRBIJA – JUG;K1;2022;03;Registered individual agricultural producers (farmers);38847;NR;number;SORS;Employed by regions (NSTJ based on the municipality of work);A;Normal value
24021304IND01;RS21;Region Šumadije i Zapadne Srbije;K1;2022;0;Registered employment - total;525003;NR;number;SORS;Employed by regions (NSTJ based on the municipality of work);A;Normal value
24021304IND01;RS21;Region Šumadije i Zapadne Srbije;K1;2022;01;Employees at legal entities (in "long-term employment" and in "temporary and occasional employment");378812;NR;number;SORS;Employed by regions (NSTJ based on the municipality of work);A;Normal value
24021304IND01;RS21;Region Šumadije i Zapadne Srbije;K1;2022;02;Entrepreneurs and their employees and persons individually running business (in "long-term employment" and in "temporary and occasional employment");119337;NR;number;SORS;Employed by regions (NSTJ based on the municipality of work);A;Normal value
24021304IND01;RS21;Region Šumadije i Zapadne Srbije;K1;2022;03;Registered individual agricultural producers (farmers);26854;NR;number;SORS;Employed by regions (NSTJ based on the municipality of work);A;Normal value
24021304IND01;RS22;Region Južne i Istočne Srbije;K1;2022;0;Registered employment - total;387637;NR;number;SORS;Employed by regions (NSTJ based on the municipality of work);A;Normal value
24021304IND01;RS22;Region Južne i Istočne Srbije;K1;2022;01;Employees at legal entities (in "long-term employment" and in "temporary and occasional employment");297333;NR;number;SORS;Employed by regions (NSTJ based on the municipality of work);A;Normal value
24021304IND01;RS22;Region Južne i Istočne Srbije;K1;2022;02;Entrepreneurs and their employees and persons individually running business (in "long-term employment" and in "temporary and occasional employment");78312;NR;number;SORS;Employed by regions (NSTJ based on the municipality of work);A;Normal value
24021304IND01;RS22;Region Južne i Istočne Srbije;K1;2022;03;Registered individual agricultural producers (farmers);11993;NR;number;SORS;Employed by regions (NSTJ based on the municipality of work);A;Normal value
24021304IND01;RS23;Region Kosovo i Metohija;K1;2022;0;Registered employment - total;;NR;number;SORS;Employed by regions (NSTJ based on the municipality of work);O;Not available
24021304IND01;RS23;Region Kosovo i Metohija;K1;2022;01;Employees at legal entities (in "long-term employment" and in "temporary and occasional employment");;NR;number;SORS;Employed by regions (NSTJ based on the municipality of work);O;Not available
24021304IND01;RS23;Region Kosovo i Metohija;K1;2022;02;Entrepreneurs and their employees and persons individually running business (in "long-term employment" and in "temporary and occasional employment");;NR;number;SORS;Employed by regions (NSTJ based on the municipality of work);O;Not available
24021304IND01;RS23;Region Kosovo i Metohija;K1;2022;03;Registered individual agricultural producers (farmers);;NR;number;SORS;Employed by regions (NSTJ based on the municipality of work);O;Not available
24021304IND01;RS;REPUBLIC OF SERBIA;K1;2023;0;Registered employment - total;2349747;NR;number;SORS;Employed by regions (NSTJ based on the municipality of work);A;Normal value
24021304IND01;RS;REPUBLIC OF SERBIA;K1;2023;01;Employees at legal entities (in "long-term employment" and in "temporary and occasional employment");1887815;NR;number;SORS;Employed by regions (NSTJ based on the municipality of work);A;Normal value
24021304IND01;RS;REPUBLIC OF SERBIA;K1;2023;02;Entrepreneurs and their employees and persons individually running business (in "long-term employment" and in "temporary and occasional employment");406538;NR;number;SORS;Employed by regions (NSTJ based on the municipality of work);A;Normal value
24021304IND01;RS;REPUBLIC OF SERBIA;K1;2023;03;Registered individual agricultural producers (farmers);55394;NR;number;SORS;Employed by regions (NSTJ based on the municipality of work);A;Normal value
24021304IND01;RS1;SRBIJA – SEVER;K1;2023;0;Registered employment - total;1422112;NR;number;SORS;Employed by regions (NSTJ based on the municipality of work);A;Normal value
24021304IND01;RS1;SRBIJA – SEVER;K1;2023;01;Employees at legal entities (in "long-term employment" and in "temporary and occasional employment");1202533;NR;number;SORS;Employed by regions (NSTJ based on the municipality of work);A;Normal value
24021304IND01;RS1;SRBIJA – SEVER;K1;2023;02;Entrepreneurs and their employees and persons individually running business (in "long-term employment" and in "temporary and occasional employment");201301;NR;number;SORS;Employed by regions (NSTJ based on the municipality of work);A;Normal value
24021304IND01;RS1;SRBIJA – SEVER;K1;2023;03;Registered individual agricultural producers (farmers);18278;NR;number;SORS;Employed by regions (NSTJ based on the municipality of work);A;Normal value
24021304IND01;RS11;Beogradski region;K1;2023;0;Registered employment - total;832568;NR;number;SORS;Employed by regions (NSTJ based on the municipality of work);A;Normal value
24021304IND01;RS11;Beogradski region;K1;2023;01;Employees at legal entities (in "long-term employment" and in "temporary and occasional employment");732601;NR;number;SORS;Employed by regions (NSTJ based on the municipality of work);A;Normal value
24021304IND01;RS11;Beogradski region;K1;2023;02;Entrepreneurs and their employees and persons individually running business (in "long-term employment" and in "temporary and occasional employment");97997;NR;number;SORS;Employed by regions (NSTJ based on the municipality of work);A;Normal value
24021304IND01;RS11;Beogradski region;K1;2023;03;Registered individual agricultural producers (farmers);1970;NR;number;SORS;Employed by regions (NSTJ based on the municipality of work);A;Normal value
24021304IND01;RS12;Region Vojvodine;K1;2023;0;Registered employment - total;589544;NR;number;SORS;Employed by regions (NSTJ based on the municipality of work);A;Normal value
24021304IND01;RS12;Region Vojvodine;K1;2023;01;Employees at legal entities (in "long-term employment" and in "temporary and occasional employment");469932;NR;number;SORS;Employed by regions (NSTJ based on the municipality of work);A;Normal value
24021304IND01;RS12;Region Vojvodine;K1;2023;02;Entrepreneurs and their employees and persons individually running business (in "long-term employment" and in "temporary and occasional employment");103304;NR;number;SORS;Employed by regions (NSTJ based on the municipality of work);A;Normal value
24021304IND01;RS12;Region Vojvodine;K1;2023;03;Registered individual agricultural producers (farmers);16308;NR;number;SORS;Employed by regions (NSTJ based on the municipality of work);A;Normal value
24021304IND01;RS2;SRBIJA – JUG;K1;2023;0;Registered employment - total;927635;NR;number;SORS;Employed by regions (NSTJ based on the municipality of work);A;Normal value
24021304IND01;RS2;SRBIJA – JUG;K1;2023;01;Employees at legal entities (in "long-term employment" and in "temporary and occasional employment");685282;NR;number;SORS;Employed by regions (NSTJ based on the municipality of work);A;Normal value
24021304IND01;RS2;SRBIJA – JUG;K1;2023;02;Entrepreneurs and their employees and persons individually running business (in "long-term employment" and in "temporary and occasional employment");205237;NR;number;SORS;Employed by regions (NSTJ based on the municipality of work);A;Normal value
24021304IND01;RS2;SRBIJA – JUG;K1;2023;03;Registered individual agricultural producers (farmers);37116;NR;number;SORS;Employed by regions (NSTJ based on the municipality of work);A;Normal value
24021304IND01;RS21;Region Šumadije i Zapadne Srbije;K1;2023;0;Registered employment - total;533629;NR;number;SORS;Employed by regions (NSTJ based on the municipality of work);A;Normal value
24021304IND01;RS21;Region Šumadije i Zapadne Srbije;K1;2023;01;Employees at legal entities (in "long-term employment" and in "temporary and occasional employment");383689;NR;number;SORS;Employed by regions (NSTJ based on the municipality of work);A;Normal value
24021304IND01;RS21;Region Šumadije i Zapadne Srbije;K1;2023;02;Entrepreneurs and their employees and persons individually running business (in "long-term employment" and in "temporary and occasional employment");124138;NR;number;SORS;Employed by regions (NSTJ based on the municipality of work);A;Normal value
24021304IND01;RS21;Region Šumadije i Zapadne Srbije;K1;2023;03;Registered individual agricultural producers (farmers);25801;NR;number;SORS;Employed by regions (NSTJ based on the municipality of work);A;Normal value
24021304IND01;RS22;Region Južne i Istočne Srbije;K1;2023;0;Registered employment - total;394006;NR;number;SORS;Employed by regions (NSTJ based on the municipality of work);A;Normal value
24021304IND01;RS22;Region Južne i Istočne Srbije;K1;2023;01;Employees at legal entities (in "long-term employment" and in "temporary and occasional employment");301593;NR;number;SORS;Employed by regions (NSTJ based on the municipality of work);A;Normal value
24021304IND01;RS22;Region Južne i Istočne Srbije;K1;2023;02;Entrepreneurs and their employees and persons individually running business (in "long-term employment" and in "temporary and occasional employment");81099;NR;number;SORS;Employed by regions (NSTJ based on the municipality of work);A;Normal value
24021304IND01;RS22;Region Južne i Istočne Srbije;K1;2023;03;Registered individual agricultural producers (farmers);11315;NR;number;SORS;Employed by regions (NSTJ based on the municipality of work);A;Normal value
24021304IND01;RS23;Region Kosovo i Metohija;K1;2023;0;Registered employment - total;;NR;number;SORS;Employed by regions (NSTJ based on the municipality of work);O;Not available
24021304IND01;RS23;Region Kosovo i Metohija;K1;2023;01;Employees at legal entities (in "long-term employment" and in "temporary and occasional employment");;NR;number;SORS;Employed by regions (NSTJ based on the municipality of work);O;Not available
24021304IND01;RS23;Region Kosovo i Metohija;K1;2023;02;Entrepreneurs and their employees and persons individually running business (in "long-term employment" and in "temporary and occasional employment");;NR;number;SORS;Employed by regions (NSTJ based on the municipality of work);O;Not available
24021304IND01;RS23;Region Kosovo i Metohija;K1;2023;03;Registered individual agricultural producers (farmers);;NR;number;SORS;Employed by regions (NSTJ based on the municipality of work);O;Not available
24021304IND01;RS;REPUBLIC OF SERBIA;K1;2024;0;Registered employment - total;2364580;NR;number;SORS;Employed by regions (NSTJ based on the municipality of work);A;Normal value
24021304IND01;RS;REPUBLIC OF SERBIA;K1;2024;01;Employees at legal entities (in "long-term employment" and in "temporary and occasional employment");1898894;NR;number;SORS;Employed by regions (NSTJ based on the municipality of work);A;Normal value
24021304IND01;RS;REPUBLIC OF SERBIA;K1;2024;02;Entrepreneurs and their employees and persons individually running business (in "long-term employment" and in "temporary and occasional employment");414777;NR;number;SORS;Employed by regions (NSTJ based on the municipality of work);A;Normal value
24021304IND01;RS;REPUBLIC OF SERBIA;K1;2024;03;Registered individual agricultural producers (farmers);50909;NR;number;SORS;Employed by regions (NSTJ based on the municipality of work);A;Normal value
24021304IND01;RS1;SRBIJA – SEVER;K1;2024;0;Registered employment - total;1435945;NR;number;SORS;Employed by regions (NSTJ based on the municipality of work);A;Normal value
24021304IND01;RS1;SRBIJA – SEVER;K1;2024;01;Employees at legal entities (in "long-term employment" and in "temporary and occasional employment");1213365;NR;number;SORS;Employed by regions (NSTJ based on the municipality of work);A;Normal value
24021304IND01;RS1;SRBIJA – SEVER;K1;2024;02;Entrepreneurs and their employees and persons individually running business (in "long-term employment" and in "temporary and occasional employment");205746;NR;number;SORS;Employed by regions (NSTJ based on the municipality of work);A;Normal value
24021304IND01;RS1;SRBIJA – SEVER;K1;2024;03;Registered individual agricultural producers (farmers);16833;NR;number;SORS;Employed by regions (NSTJ based on the municipality of work);A;Normal value
24021304IND01;RS11;Beogradski region;K1;2024;0;Registered employment - total;841029;NR;number;SORS;Employed by regions (NSTJ based on the municipality of work);A;Normal value
24021304IND01;RS11;Beogradski region;K1;2024;01;Employees at legal entities (in "long-term employment" and in "temporary and occasional employment");739207;NR;number;SORS;Employed by regions (NSTJ based on the municipality of work);A;Normal value
24021304IND01;RS11;Beogradski region;K1;2024;02;Entrepreneurs and their employees and persons individually running business (in "long-term employment" and in "temporary and occasional employment");100019;NR;number;SORS;Employed by regions (NSTJ based on the municipality of work);A;Normal value
24021304IND01;RS11;Beogradski region;K1;2024;03;Registered individual agricultural producers (farmers);1802;NR;number;SORS;Employed by regions (NSTJ based on the municipality of work);A;Normal value
24021304IND01;RS12;Region Vojvodine;K1;2024;0;Registered employment - total;594916;NR;number;SORS;Employed by regions (NSTJ based on the municipality of work);A;Normal value
24021304IND01;RS12;Region Vojvodine;K1;2024;01;Employees at legal entities (in "long-term employment" and in "temporary and occasional employment");474158;NR;number;SORS;Employed by regions (NSTJ based on the municipality of work);A;Normal value
24021304IND01;RS12;Region Vojvodine;K1;2024;02;Entrepreneurs and their employees and persons individually running business (in "long-term employment" and in "temporary and occasional employment");105727;NR;number;SORS;Employed by regions (NSTJ based on the municipality of work);A;Normal value
24021304IND01;RS12;Region Vojvodine;K1;2024;03;Registered individual agricultural producers (farmers);15031;NR;number;SORS;Employed by regions (NSTJ based on the municipality of work);A;Normal value
24021304IND01;RS2;SRBIJA – JUG;K1;2024;0;Registered employment - total;928636;NR;number;SORS;Employed by regions (NSTJ based on the municipality of work);A;Normal value
24021304IND01;RS2;SRBIJA – JUG;K1;2024;01;Employees at legal entities (in "long-term employment" and in "temporary and occasional employment");685529;NR;number;SORS;Employed by regions (NSTJ based on the municipality of work);A;Normal value
24021304IND01;RS2;SRBIJA – JUG;K1;2024;02;Entrepreneurs and their employees and persons individually running business (in "long-term employment" and in "temporary and occasional employment");209031;NR;number;SORS;Employed by regions (NSTJ based on the municipality of work);A;Normal value
24021304IND01;RS2;SRBIJA – JUG;K1;2024;03;Registered individual agricultural producers (farmers);34076;NR;number;SORS;Employed by regions (NSTJ based on the municipality of work);A;Normal value
24021304IND01;RS21;Region Šumadije i Zapadne Srbije;K1;2024;0;Registered employment - total;536656;NR;number;SORS;Employed by regions (NSTJ based on the municipality of work);A;Normal value
24021304IND01;RS21;Region Šumadije i Zapadne Srbije;K1;2024;01;Employees at legal entities (in "long-term employment" and in "temporary and occasional employment");386147;NR;number;SORS;Employed by regions (NSTJ based on the municipality of work);A;Normal value
24021304IND01;RS21;Region Šumadije i Zapadne Srbije;K1;2024;02;Entrepreneurs and their employees and persons individually running business (in "long-term employment" and in "temporary and occasional employment");126729;NR;number;SORS;Employed by regions (NSTJ based on the municipality of work);A;Normal value
24021304IND01;RS21;Region Šumadije i Zapadne Srbije;K1;2024;03;Registered individual agricultural producers (farmers);23780;NR;number;SORS;Employed by regions (NSTJ based on the municipality of work);A;Normal value
24021304IND01;RS22;Region Južne i Istočne Srbije;K1;2024;0;Registered employment - total;391980;NR;number;SORS;Employed by regions (NSTJ based on the municipality of work);A;Normal value
24021304IND01;RS22;Region Južne i Istočne Srbije;K1;2024;01;Employees at legal entities (in "long-term employment" and in "temporary and occasional employment");299382;NR;number;SORS;Employed by regions (NSTJ based on the municipality of work);A;Normal value
24021304IND01;RS22;Region Južne i Istočne Srbije;K1;2024;02;Entrepreneurs and their employees and persons individually running business (in "long-term employment" and in "temporary and occasional employment");82302;NR;number;SORS;Employed by regions (NSTJ based on the municipality of work);A;Normal value
24021304IND01;RS22;Region Južne i Istočne Srbije;K1;2024;03;Registered individual agricultural producers (farmers);10296;NR;number;SORS;Employed by regions (NSTJ based on the municipality of work);A;Normal value
24021304IND01;RS23;Region Kosovo i Metohija;K1;2024;0;Registered employment - total;;NR;number;SORS;Employed by regions (NSTJ based on the municipality of work);O;Not available
24021304IND01;RS23;Region Kosovo i Metohija;K1;2024;01;Employees at legal entities (in "long-term employment" and in "temporary and occasional employment");;NR;number;SORS;Employed by regions (NSTJ based on the municipality of work);O;Not available
24021304IND01;RS23;Region Kosovo i Metohija;K1;2024;02;Entrepreneurs and their employees and persons individually running business (in "long-term employment" and in "temporary and occasional employment");;NR;number;SORS;Employed by regions (NSTJ based on the municipality of work);O;Not available
24021304IND01;RS23;Region Kosovo i Metohija;K1;2024;03;Registered individual agricultural producers (farmers);;NR;number;SORS;Employed by regions (NSTJ based on the municipality of work);O;Not available
24021304IND01;RS;REPUBLIC OF SERBIA;K1;2025;0;Registered employment - total;2364894;NR;number;SORS;Employed by regions (NSTJ based on the municipality of work);A;Normal value
24021304IND01;RS;REPUBLIC OF SERBIA;K1;2025;01;Employees at legal entities (in "long-term employment" and in "temporary and occasional employment");1897466;NR;number;SORS;Employed by regions (NSTJ based on the municipality of work);A;Normal value
24021304IND01;RS;REPUBLIC OF SERBIA;K1;2025;02;Entrepreneurs and their employees and persons individually running business (in "long-term employment" and in "temporary and occasional employment");420295;NR;number;SORS;Employed by regions (NSTJ based on the municipality of work);A;Normal value
24021304IND01;RS;REPUBLIC OF SERBIA;K1;2025;03;Registered individual agricultural producers (farmers);47133;NR;number;SORS;Employed by regions (NSTJ based on the municipality of work);A;Normal value
24021304IND01;RS1;SRBIJA – SEVER;K1;2025;0;Registered employment - total;1442035;NR;number;SORS;Employed by regions (NSTJ based on the municipality of work);A;Normal value
24021304IND01;RS1;SRBIJA – SEVER;K1;2025;01;Employees at legal entities (in "long-term employment" and in "temporary and occasional employment");1217052;NR;number;SORS;Employed by regions (NSTJ based on the municipality of work);A;Normal value
24021304IND01;RS1;SRBIJA – SEVER;K1;2025;02;Entrepreneurs and their employees and persons individually running business (in "long-term employment" and in "temporary and occasional employment");209468;NR;number;SORS;Employed by regions (NSTJ based on the municipality of work);A;Normal value
24021304IND01;RS1;SRBIJA – SEVER;K1;2025;03;Registered individual agricultural producers (farmers);15515;NR;number;SORS;Employed by regions (NSTJ based on the municipality of work);A;Normal value
24021304IND01;RS11;Beogradski region;K1;2025;0;Registered employment - total;850543;NR;number;SORS;Employed by regions (NSTJ based on the municipality of work);A;Normal value
24021304IND01;RS11;Beogradski region;K1;2025;01;Employees at legal entities (in "long-term employment" and in "temporary and occasional employment");747441;NR;number;SORS;Employed by regions (NSTJ based on the municipality of work);A;Normal value
24021304IND01;RS11;Beogradski region;K1;2025;02;Entrepreneurs and their employees and persons individually running business (in "long-term employment" and in "temporary and occasional employment");101434;NR;number;SORS;Employed by regions (NSTJ based on the municipality of work);A;Normal value
24021304IND01;RS11;Beogradski region;K1;2025;03;Registered individual agricultural producers (farmers);1669;NR;number;SORS;Employed by regions (NSTJ based on the municipality of work);A;Normal value
24021304IND01;RS12;Region Vojvodine;K1;2025;0;Registered employment - total;591492;NR;number;SORS;Employed by regions (NSTJ based on the municipality of work);A;Normal value
24021304IND01;RS12;Region Vojvodine;K1;2025;01;Employees at legal entities (in "long-term employment" and in "temporary and occasional employment");469612;NR;number;SORS;Employed by regions (NSTJ based on the municipality of work);A;Normal value
24021304IND01;RS12;Region Vojvodine;K1;2025;02;Entrepreneurs and their employees and persons individually running business (in "long-term employment" and in "temporary and occasional employment");108034;NR;number;SORS;Employed by regions (NSTJ based on the municipality of work);A;Normal value
24021304IND01;RS12;Region Vojvodine;K1;2025;03;Registered individual agricultural producers (farmers);13846;NR;number;SORS;Employed by regions (NSTJ based on the municipality of work);A;Normal value
24021304IND01;RS2;SRBIJA – JUG;K1;2025;0;Registered employment - total;922859;NR;number;SORS;Employed by regions (NSTJ based on the municipality of work);A;Normal value
24021304IND01;RS2;SRBIJA – JUG;K1;2025;01;Employees at legal entities (in "long-term employment" and in "temporary and occasional employment");680414;NR;number;SORS;Employed by regions (NSTJ based on the municipality of work);A;Normal value
24021304IND01;RS2;SRBIJA – JUG;K1;2025;02;Entrepreneurs and their employees and persons individually running business (in "long-term employment" and in "temporary and occasional employment");210827;NR;number;SORS;Employed by regions (NSTJ based on the municipality of work);A;Normal value
24021304IND01;RS2;SRBIJA – JUG;K1;2025;03;Registered individual agricultural producers (farmers);31618;NR;number;SORS;Employed by regions (NSTJ based on the municipality of work);A;Normal value
24021304IND01;RS21;Region Šumadije i Zapadne Srbije;K1;2025;0;Registered employment - total;536045;NR;number;SORS;Employed by regions (NSTJ based on the municipality of work);A;Normal value
24021304IND01;RS21;Region Šumadije i Zapadne Srbije;K1;2025;01;Employees at legal entities (in "long-term employment" and in "temporary and occasional employment");386013;NR;number;SORS;Employed by regions (NSTJ based on the municipality of work);A;Normal value
24021304IND01;RS21;Region Šumadije i Zapadne Srbije;K1;2025;02;Entrepreneurs and their employees and persons individually running business (in "long-term employment" and in "temporary and occasional employment");127914;NR;number;SORS;Employed by regions (NSTJ based on the municipality of work);A;Normal value
24021304IND01;RS21;Region Šumadije i Zapadne Srbije;K1;2025;03;Registered individual agricultural producers (farmers);22118;NR;number;SORS;Employed by regions (NSTJ based on the municipality of work);A;Normal value
24021304IND01;RS22;Region Južne i Istočne Srbije;K1;2025;0;Registered employment - total;386814;NR;number;SORS;Employed by regions (NSTJ based on the municipality of work);A;Normal value
24021304IND01;RS22;Region Južne i Istočne Srbije;K1;2025;01;Employees at legal entities (in "long-term employment" and in "temporary and occasional employment");294401;NR;number;SORS;Employed by regions (NSTJ based on the municipality of work);A;Normal value
24021304IND01;RS22;Region Južne i Istočne Srbije;K1;2025;02;Entrepreneurs and their employees and persons individually running business (in "long-term employment" and in "temporary and occasional employment");82914;NR;number;SORS;Employed by regions (NSTJ based on the municipality of work);A;Normal value
24021304IND01;RS22;Region Južne i Istočne Srbije;K1;2025;03;Registered individual agricultural producers (farmers);9499;NR;number;SORS;Employed by regions (NSTJ based on the municipality of work);A;Normal value
24021304IND01;RS23;Region Kosovo i Metohija;K1;2025;0;Registered employment - total;;NR;number;SORS;Employed by regions (NSTJ based on the municipality of work);O;Not available
24021304IND01;RS23;Region Kosovo i Metohija;K1;2025;01;Employees at legal entities (in "long-term employment" and in "temporary and occasional employment");;NR;number;SORS;Employed by regions (NSTJ based on the municipality of work);O;Not available
24021304IND01;RS23;Region Kosovo i Metohija;K1;2025;02;Entrepreneurs and their employees and persons individually running business (in "long-term employment" and in "temporary and occasional employment");;NR;number;SORS;Employed by regions (NSTJ based on the municipality of work);O;Not available
24021304IND01;RS23;Region Kosovo i Metohija;K1;2025;03;Registered individual agricultural producers (farmers);;NR;number;SORS;Employed by regions (NSTJ based on the municipality of work);O;Not available
24021304IND01;RS;REPUBLIC OF SERBIA;K1;2026;0;Registered employment - total;2355857;NR;number;SORS;Employed by regions (NSTJ based on the municipality of work);P;Provisional value
24021304IND01;RS;REPUBLIC OF SERBIA;K1;2026;01;Employees at legal entities (in "long-term employment" and in "temporary and occasional employment");1886501;NR;number;SORS;Employed by regions (NSTJ based on the municipality of work);P;Provisional value
24021304IND01;RS;REPUBLIC OF SERBIA;K1;2026;02;Entrepreneurs and their employees and persons individually running business (in "long-term employment" and in "temporary and occasional employment");425737;NR;number;SORS;Employed by regions (NSTJ based on the municipality of work);P;Provisional value
24021304IND01;RS;REPUBLIC OF SERBIA;K1;2026;03;Registered individual agricultural producers (farmers);43619;NR;number;SORS;Employed by regions (NSTJ based on the municipality of work);P;Provisional value
24021304IND01;RS1;SRBIJA – SEVER;K1;2026;0;Registered employment - total;1444267;NR;number;SORS;Employed by regions (NSTJ based on the municipality of work);P;Provisional value
24021304IND01;RS1;SRBIJA – SEVER;K1;2026;01;Employees at legal entities (in "long-term employment" and in "temporary and occasional employment");1216538;NR;number;SORS;Employed by regions (NSTJ based on the municipality of work);P;Provisional value
24021304IND01;RS1;SRBIJA – SEVER;K1;2026;02;Entrepreneurs and their employees and persons individually running business (in "long-term employment" and in "temporary and occasional employment");213557;NR;number;SORS;Employed by regions (NSTJ based on the municipality of work);P;Provisional value
24021304IND01;RS1;SRBIJA – SEVER;K1;2026;03;Registered individual agricultural producers (farmers);14172;NR;number;SORS;Employed by regions (NSTJ based on the municipality of work);P;Provisional value
24021304IND01;RS11;Beogradski region;K1;2026;0;Registered employment - total;858038;NR;number;SORS;Employed by regions (NSTJ based on the municipality of work);P;Provisional value
24021304IND01;RS11;Beogradski region;K1;2026;01;Employees at legal entities (in "long-term employment" and in "temporary and occasional employment");752850;NR;number;SORS;Employed by regions (NSTJ based on the municipality of work);P;Provisional value
24021304IND01;RS11;Beogradski region;K1;2026;02;Entrepreneurs and their employees and persons individually running business (in "long-term employment" and in "temporary and occasional employment");103620;NR;number;SORS;Employed by regions (NSTJ based on the municipality of work);P;Provisional value
24021304IND01;RS11;Beogradski region;K1;2026;03;Registered individual agricultural producers (farmers);1569;NR;number;SORS;Employed by regions (NSTJ based on the municipality of work);P;Provisional value
24021304IND01;RS12;Region Vojvodine;K1;2026;0;Registered employment - total;586229;NR;number;SORS;Employed by regions (NSTJ based on the municipality of work);P;Provisional value
24021304IND01;RS12;Region Vojvodine;K1;2026;01;Employees at legal entities (in "long-term employment" and in "temporary and occasional employment");463688;NR;number;SORS;Employed by regions (NSTJ based on the municipality of work);P;Provisional value
24021304IND01;RS12;Region Vojvodine;K1;2026;02;Entrepreneurs and their employees and persons individually running business (in "long-term employment" and in "temporary and occasional employment");109938;NR;number;SORS;Employed by regions (NSTJ based on the municipality of work);P;Provisional value
24021304IND01;RS12;Region Vojvodine;K1;2026;03;Registered individual agricultural producers (farmers);12603;NR;number;SORS;Employed by regions (NSTJ based on the municipality of work);P;Provisional value
24021304IND01;RS2;SRBIJA – JUG;K1;2026;0;Registered employment - total;911590;NR;number;SORS;Employed by regions (NSTJ based on the municipality of work);P;Provisional value
24021304IND01;RS2;SRBIJA – JUG;K1;2026;01;Employees at legal entities (in "long-term employment" and in "temporary and occasional employment");669963;NR;number;SORS;Employed by regions (NSTJ based on the municipality of work);P;Provisional value
24021304IND01;RS2;SRBIJA – JUG;K1;2026;02;Entrepreneurs and their employees and persons individually running business (in "long-term employment" and in "temporary and occasional employment");212180;NR;number;SORS;Employed by regions (NSTJ based on the municipality of work);P;Provisional value
24021304IND01;RS2;SRBIJA – JUG;K1;2026;03;Registered individual agricultural producers (farmers);29447;NR;number;SORS;Employed by regions (NSTJ based on the municipality of work);P;Provisional value
24021304IND01;RS21;Region Šumadije i Zapadne Srbije;K1;2026;0;Registered employment - total;532866;NR;number;SORS;Employed by regions (NSTJ based on the municipality of work);P;Provisional value
24021304IND01;RS21;Region Šumadije i Zapadne Srbije;K1;2026;01;Employees at legal entities (in "long-term employment" and in "temporary and occasional employment");384016;NR;number;SORS;Employed by regions (NSTJ based on the municipality of work);P;Provisional value
24021304IND01;RS21;Region Šumadije i Zapadne Srbije;K1;2026;02;Entrepreneurs and their employees and persons individually running business (in "long-term employment" and in "temporary and occasional employment");128138;NR;number;SORS;Employed by regions (NSTJ based on the municipality of work);P;Provisional value
24021304IND01;RS21;Region Šumadije i Zapadne Srbije;K1;2026;03;Registered individual agricultural producers (farmers);20712;NR;number;SORS;Employed by regions (NSTJ based on the municipality of work);P;Provisional value
24021304IND01;RS22;Region Južne i Istočne Srbije;K1;2026;0;Registered employment - total;378724;NR;number;SORS;Employed by regions (NSTJ based on the municipality of work);P;Provisional value
24021304IND01;RS22;Region Južne i Istočne Srbije;K1;2026;01;Employees at legal entities (in "long-term employment" and in "temporary and occasional employment");285947;NR;number;SORS;Employed by regions (NSTJ based on the municipality of work);P;Provisional value
24021304IND01;RS22;Region Južne i Istočne Srbije;K1;2026;02;Entrepreneurs and their employees and persons individually running business (in "long-term employment" and in "temporary and occasional employment");84042;NR;number;SORS;Employed by regions (NSTJ based on the municipality of work);P;Provisional value
24021304IND01;RS22;Region Južne i Istočne Srbije;K1;2026;03;Registered individual agricultural producers (farmers);8735;NR;number;SORS;Employed by regions (NSTJ based on the municipality of work);P;Provisional value
24021304IND01;RS23;Region Kosovo i Metohija;K1;2026;0;Registered employment - total;;NR;number;SORS;Employed by regions (NSTJ based on the municipality of work);O;Not available
24021304IND01;RS23;Region Kosovo i Metohija;K1;2026;01;Employees at legal entities (in "long-term employment" and in "temporary and occasional employment");;NR;number;SORS;Employed by regions (NSTJ based on the municipality of work);O;Not available
24021304IND01;RS23;Region Kosovo i Metohija;K1;2026;02;Entrepreneurs and their employees and persons individually running business (in "long-term employment" and in "temporary and occasional employment");;NR;number;SORS;Employed by regions (NSTJ based on the municipality of work);O;Not available
24021304IND01;RS23;Region Kosovo i Metohija;K1;2026;03;Registered individual agricultural producers (farmers);;NR;number;SORS;Employed by regions (NSTJ based on the municipality of work);O;Not available
24021304IND01;RS;REPUBLIC OF SERBIA;K2;2016;0;Registered employment - total;2008174;NR;number;SORS;Employed by regions (NSTJ based on the municipality of work);A;Normal value
24021304IND01;RS;REPUBLIC OF SERBIA;K2;2016;01;Employees at legal entities (in "long-term employment" and in "temporary and occasional employment");1597102;NR;number;SORS;Employed by regions (NSTJ based on the municipality of work);A;Normal value
24021304IND01;RS;REPUBLIC OF SERBIA;K2;2016;02;Entrepreneurs and their employees and persons individually running business (in "long-term employment" and in "temporary and occasional employment");321512;NR;number;SORS;Employed by regions (NSTJ based on the municipality of work);A;Normal value
24021304IND01;RS;REPUBLIC OF SERBIA;K2;2016;03;Registered individual agricultural producers (farmers);89560;NR;number;SORS;Employed by regions (NSTJ based on the municipality of work);A;Normal value
24021304IND01;RS1;SRBIJA – SEVER;K2;2016;0;Registered employment - total;1179657;NR;number;SORS;Employed by regions (NSTJ based on the municipality of work);A;Normal value
24021304IND01;RS1;SRBIJA – SEVER;K2;2016;01;Employees at legal entities (in "long-term employment" and in "temporary and occasional employment");995972;NR;number;SORS;Employed by regions (NSTJ based on the municipality of work);A;Normal value
24021304IND01;RS1;SRBIJA – SEVER;K2;2016;02;Entrepreneurs and their employees and persons individually running business (in "long-term employment" and in "temporary and occasional employment");155509;NR;number;SORS;Employed by regions (NSTJ based on the municipality of work);A;Normal value
24021304IND01;RS1;SRBIJA – SEVER;K2;2016;03;Registered individual agricultural producers (farmers);28176;NR;number;SORS;Employed by regions (NSTJ based on the municipality of work);A;Normal value
24021304IND01;RS11;Beogradski region;K2;2016;0;Registered employment - total;669555;NR;number;SORS;Employed by regions (NSTJ based on the municipality of work);A;Normal value
24021304IND01;RS11;Beogradski region;K2;2016;01;Employees at legal entities (in "long-term employment" and in "temporary and occasional employment");593337;NR;number;SORS;Employed by regions (NSTJ based on the municipality of work);A;Normal value
24021304IND01;RS11;Beogradski region;K2;2016;02;Entrepreneurs and their employees and persons individually running business (in "long-term employment" and in "temporary and occasional employment");73110;NR;number;SORS;Employed by regions (NSTJ based on the municipality of work);A;Normal value
24021304IND01;RS11;Beogradski region;K2;2016;03;Registered individual agricultural producers (farmers);3107;NR;number;SORS;Employed by regions (NSTJ based on the municipality of work);A;Normal value
24021304IND01;RS12;Region Vojvodine;K2;2016;0;Registered employment - total;510101;NR;number;SORS;Employed by regions (NSTJ based on the municipality of work);A;Normal value
24021304IND01;RS12;Region Vojvodine;K2;2016;01;Employees at legal entities (in "long-term employment" and in "temporary and occasional employment");402635;NR;number;SORS;Employed by regions (NSTJ based on the municipality of work);A;Normal value
24021304IND01;RS12;Region Vojvodine;K2;2016;02;Entrepreneurs and their employees and persons individually running business (in "long-term employment" and in "temporary and occasional employment");82398;NR;number;SORS;Employed by regions (NSTJ based on the municipality of work);A;Normal value
24021304IND01;RS12;Region Vojvodine;K2;2016;03;Registered individual agricultural producers (farmers);25068;NR;number;SORS;Employed by regions (NSTJ based on the municipality of work);A;Normal value
24021304IND01;RS2;SRBIJA – JUG;K2;2016;0;Registered employment - total;828518;NR;number;SORS;Employed by regions (NSTJ based on the municipality of work);A;Normal value
24021304IND01;RS2;SRBIJA – JUG;K2;2016;01;Employees at legal entities (in "long-term employment" and in "temporary and occasional employment");601130;NR;number;SORS;Employed by regions (NSTJ based on the municipality of work);A;Normal value
24021304IND01;RS2;SRBIJA – JUG;K2;2016;02;Entrepreneurs and their employees and persons individually running business (in "long-term employment" and in "temporary and occasional employment");166003;NR;number;SORS;Employed by regions (NSTJ based on the municipality of work);A;Normal value
24021304IND01;RS2;SRBIJA – JUG;K2;2016;03;Registered individual agricultural producers (farmers);61384;NR;number;SORS;Employed by regions (NSTJ based on the municipality of work);A;Normal value
24021304IND01;RS21;Region Šumadije i Zapadne Srbije;K2;2016;0;Registered employment - total;475722;NR;number;SORS;Employed by regions (NSTJ based on the municipality of work);A;Normal value
24021304IND01;RS21;Region Šumadije i Zapadne Srbije;K2;2016;01;Employees at legal entities (in "long-term employment" and in "temporary and occasional employment");335247;NR;number;SORS;Employed by regions (NSTJ based on the municipality of work);A;Normal value
24021304IND01;RS21;Region Šumadije i Zapadne Srbije;K2;2016;02;Entrepreneurs and their employees and persons individually running business (in "long-term employment" and in "temporary and occasional employment");98717;NR;number;SORS;Employed by regions (NSTJ based on the municipality of work);A;Normal value
24021304IND01;RS21;Region Šumadije i Zapadne Srbije;K2;2016;03;Registered individual agricultural producers (farmers);41758;NR;number;SORS;Employed by regions (NSTJ based on the municipality of work);A;Normal value
24021304IND01;RS22;Region Južne i Istočne Srbije;K2;2016;0;Registered employment - total;352796;NR;number;SORS;Employed by regions (NSTJ based on the municipality of work);A;Normal value
24021304IND01;RS22;Region Južne i Istočne Srbije;K2;2016;01;Employees at legal entities (in "long-term employment" and in "temporary and occasional employment");265883;NR;number;SORS;Employed by regions (NSTJ based on the municipality of work);A;Normal value
24021304IND01;RS22;Region Južne i Istočne Srbije;K2;2016;02;Entrepreneurs and their employees and persons individually running business (in "long-term employment" and in "temporary and occasional employment");67286;NR;number;SORS;Employed by regions (NSTJ based on the municipality of work);A;Normal value
24021304IND01;RS22;Region Južne i Istočne Srbije;K2;2016;03;Registered individual agricultural producers (farmers);19627;NR;number;SORS;Employed by regions (NSTJ based on the municipality of work);A;Normal value
24021304IND01;RS23;Region Kosovo i Metohija;K2;2016;0;Registered employment - total;;NR;number;SORS;Employed by regions (NSTJ based on the municipality of work);O;Not available
24021304IND01;RS23;Region Kosovo i Metohija;K2;2016;01;Employees at legal entities (in "long-term employment" and in "temporary and occasional employment");;NR;number;SORS;Employed by regions (NSTJ based on the municipality of work);O;Not available
24021304IND01;RS23;Region Kosovo i Metohija;K2;2016;02;Entrepreneurs and their employees and persons individually running business (in "long-term employment" and in "temporary and occasional employment");;NR;number;SORS;Employed by regions (NSTJ based on the municipality of work);O;Not available
24021304IND01;RS23;Region Kosovo i Metohija;K2;2016;03;Registered individual agricultural producers (farmers);;NR;number;SORS;Employed by regions (NSTJ based on the municipality of work);O;Not available
24021304IND01;RS;REPUBLIC OF SERBIA;K2;2017;0;Registered employment - total;2061520;NR;number;SORS;Employed by regions (NSTJ based on the municipality of work);A;Normal value
24021304IND01;RS;REPUBLIC OF SERBIA;K2;2017;01;Employees at legal entities (in "long-term employment" and in "temporary and occasional employment");1633136;NR;number;SORS;Employed by regions (NSTJ based on the municipality of work);A;Normal value
24021304IND01;RS;REPUBLIC OF SERBIA;K2;2017;02;Entrepreneurs and their employees and persons individually running business (in "long-term employment" and in "temporary and occasional employment");342172;NR;number;SORS;Employed by regions (NSTJ based on the municipality of work);A;Normal value
24021304IND01;RS;REPUBLIC OF SERBIA;K2;2017;03;Registered individual agricultural producers (farmers);86212;NR;number;SORS;Employed by regions (NSTJ based on the municipality of work);A;Normal value
24021304IND01;RS1;SRBIJA – SEVER;K2;2017;0;Registered employment - total;1213409;NR;number;SORS;Employed by regions (NSTJ based on the municipality of work);A;Normal value
24021304IND01;RS1;SRBIJA – SEVER;K2;2017;01;Employees at legal entities (in "long-term employment" and in "temporary and occasional employment");1020094;NR;number;SORS;Employed by regions (NSTJ based on the municipality of work);A;Normal value
24021304IND01;RS1;SRBIJA – SEVER;K2;2017;02;Entrepreneurs and their employees and persons individually running business (in "long-term employment" and in "temporary and occasional employment");166306;NR;number;SORS;Employed by regions (NSTJ based on the municipality of work);A;Normal value
24021304IND01;RS1;SRBIJA – SEVER;K2;2017;03;Registered individual agricultural producers (farmers);27009;NR;number;SORS;Employed by regions (NSTJ based on the municipality of work);A;Normal value
24021304IND01;RS11;Beogradski region;K2;2017;0;Registered employment - total;689508;NR;number;SORS;Employed by regions (NSTJ based on the municipality of work);A;Normal value
24021304IND01;RS11;Beogradski region;K2;2017;01;Employees at legal entities (in "long-term employment" and in "temporary and occasional employment");607227;NR;number;SORS;Employed by regions (NSTJ based on the municipality of work);A;Normal value
24021304IND01;RS11;Beogradski region;K2;2017;02;Entrepreneurs and their employees and persons individually running business (in "long-term employment" and in "temporary and occasional employment");79210;NR;number;SORS;Employed by regions (NSTJ based on the municipality of work);A;Normal value
24021304IND01;RS11;Beogradski region;K2;2017;03;Registered individual agricultural producers (farmers);3071;NR;number;SORS;Employed by regions (NSTJ based on the municipality of work);A;Normal value
24021304IND01;RS12;Region Vojvodine;K2;2017;0;Registered employment - total;523901;NR;number;SORS;Employed by regions (NSTJ based on the municipality of work);A;Normal value
24021304IND01;RS12;Region Vojvodine;K2;2017;01;Employees at legal entities (in "long-term employment" and in "temporary and occasional employment");412867;NR;number;SORS;Employed by regions (NSTJ based on the municipality of work);A;Normal value
24021304IND01;RS12;Region Vojvodine;K2;2017;02;Entrepreneurs and their employees and persons individually running business (in "long-term employment" and in "temporary and occasional employment");87096;NR;number;SORS;Employed by regions (NSTJ based on the municipality of work);A;Normal value
24021304IND01;RS12;Region Vojvodine;K2;2017;03;Registered individual agricultural producers (farmers);23938;NR;number;SORS;Employed by regions (NSTJ based on the municipality of work);A;Normal value
24021304IND01;RS2;SRBIJA – JUG;K2;2017;0;Registered employment - total;848110;NR;number;SORS;Employed by regions (NSTJ based on the municipality of work);A;Normal value
24021304IND01;RS2;SRBIJA – JUG;K2;2017;01;Employees at legal entities (in "long-term employment" and in "temporary and occasional employment");613042;NR;number;SORS;Employed by regions (NSTJ based on the municipality of work);A;Normal value
24021304IND01;RS2;SRBIJA – JUG;K2;2017;02;Entrepreneurs and their employees and persons individually running business (in "long-term employment" and in "temporary and occasional employment");175866;NR;number;SORS;Employed by regions (NSTJ based on the municipality of work);A;Normal value
24021304IND01;RS2;SRBIJA – JUG;K2;2017;03;Registered individual agricultural producers (farmers);59202;NR;number;SORS;Employed by regions (NSTJ based on the municipality of work);A;Normal value
24021304IND01;RS21;Region Šumadije i Zapadne Srbije;K2;2017;0;Registered employment - total;486564;NR;number;SORS;Employed by regions (NSTJ based on the municipality of work);A;Normal value
24021304IND01;RS21;Region Šumadije i Zapadne Srbije;K2;2017;01;Employees at legal entities (in "long-term employment" and in "temporary and occasional employment");341331;NR;number;SORS;Employed by regions (NSTJ based on the municipality of work);A;Normal value
24021304IND01;RS21;Region Šumadije i Zapadne Srbije;K2;2017;02;Entrepreneurs and their employees and persons individually running business (in "long-term employment" and in "temporary and occasional employment");104899;NR;number;SORS;Employed by regions (NSTJ based on the municipality of work);A;Normal value
24021304IND01;RS21;Region Šumadije i Zapadne Srbije;K2;2017;03;Registered individual agricultural producers (farmers);40334;NR;number;SORS;Employed by regions (NSTJ based on the municipality of work);A;Normal value
24021304IND01;RS22;Region Južne i Istočne Srbije;K2;2017;0;Registered employment - total;361545;NR;number;SORS;Employed by regions (NSTJ based on the municipality of work);A;Normal value
24021304IND01;RS22;Region Južne i Istočne Srbije;K2;2017;01;Employees at legal entities (in "long-term employment" and in "temporary and occasional employment");271711;NR;number;SORS;Employed by regions (NSTJ based on the municipality of work);A;Normal value
24021304IND01;RS22;Region Južne i Istočne Srbije;K2;2017;02;Entrepreneurs and their employees and persons individually running business (in "long-term employment" and in "temporary and occasional employment");70967;NR;number;SORS;Employed by regions (NSTJ based on the municipality of work);A;Normal value
24021304IND01;RS22;Region Južne i Istočne Srbije;K2;2017;03;Registered individual agricultural producers (farmers);18868;NR;number;SORS;Employed by regions (NSTJ based on the municipality of work);A;Normal value
24021304IND01;RS23;Region Kosovo i Metohija;K2;2017;0;Registered employment - total;;NR;number;SORS;Employed by regions (NSTJ based on the municipality of work);O;Not available
24021304IND01;RS23;Region Kosovo i Metohija;K2;2017;01;Employees at legal entities (in "long-term employment" and in "temporary and occasional employment");;NR;number;SORS;Employed by regions (NSTJ based on the municipality of work);O;Not available
24021304IND01;RS23;Region Kosovo i Metohija;K2;2017;02;Entrepreneurs and their employees and persons individually running business (in "long-term employment" and in "temporary and occasional employment");;NR;number;SORS;Employed by regions (NSTJ based on the municipality of work);O;Not available
24021304IND01;RS23;Region Kosovo i Metohija;K2;2017;03;Registered individual agricultural producers (farmers);;NR;number;SORS;Employed by regions (NSTJ based on the municipality of work);O;Not available
24021304IND01;RS;REPUBLIC OF SERBIA;K2;2018;0;Registered employment - total;2126597;NR;number;SORS;Employed by regions (NSTJ based on the municipality of work);A;Normal value
24021304IND01;RS;REPUBLIC OF SERBIA;K2;2018;01;Employees at legal entities (in "long-term employment" and in "temporary and occasional employment");1683704;NR;number;SORS;Employed by regions (NSTJ based on the municipality of work);A;Normal value
24021304IND01;RS;REPUBLIC OF SERBIA;K2;2018;02;Entrepreneurs and their employees and persons individually running business (in "long-term employment" and in "temporary and occasional employment");363316;NR;number;SORS;Employed by regions (NSTJ based on the municipality of work);A;Normal value
24021304IND01;RS;REPUBLIC OF SERBIA;K2;2018;03;Registered individual agricultural producers (farmers);79577;NR;number;SORS;Employed by regions (NSTJ based on the municipality of work);A;Normal value
24021304IND01;RS1;SRBIJA – SEVER;K2;2018;0;Registered employment - total;1260807;NR;number;SORS;Employed by regions (NSTJ based on the municipality of work);A;Normal value
24021304IND01;RS1;SRBIJA – SEVER;K2;2018;01;Employees at legal entities (in "long-term employment" and in "temporary and occasional employment");1058423;NR;number;SORS;Employed by regions (NSTJ based on the municipality of work);A;Normal value
24021304IND01;RS1;SRBIJA – SEVER;K2;2018;02;Entrepreneurs and their employees and persons individually running business (in "long-term employment" and in "temporary and occasional employment");177382;NR;number;SORS;Employed by regions (NSTJ based on the municipality of work);A;Normal value
24021304IND01;RS1;SRBIJA – SEVER;K2;2018;03;Registered individual agricultural producers (farmers);25002;NR;number;SORS;Employed by regions (NSTJ based on the municipality of work);A;Normal value
24021304IND01;RS11;Beogradski region;K2;2018;0;Registered employment - total;715344;NR;number;SORS;Employed by regions (NSTJ based on the municipality of work);A;Normal value
24021304IND01;RS11;Beogradski region;K2;2018;01;Employees at legal entities (in "long-term employment" and in "temporary and occasional employment");627444;NR;number;SORS;Employed by regions (NSTJ based on the municipality of work);A;Normal value
24021304IND01;RS11;Beogradski region;K2;2018;02;Entrepreneurs and their employees and persons individually running business (in "long-term employment" and in "temporary and occasional employment");85138;NR;number;SORS;Employed by regions (NSTJ based on the municipality of work);A;Normal value
24021304IND01;RS11;Beogradski region;K2;2018;03;Registered individual agricultural producers (farmers);2762;NR;number;SORS;Employed by regions (NSTJ based on the municipality of work);A;Normal value
24021304IND01;RS12;Region Vojvodine;K2;2018;0;Registered employment - total;545462;NR;number;SORS;Employed by regions (NSTJ based on the municipality of work);A;Normal value
24021304IND01;RS12;Region Vojvodine;K2;2018;01;Employees at legal entities (in "long-term employment" and in "temporary and occasional employment");430979;NR;number;SORS;Employed by regions (NSTJ based on the municipality of work);A;Normal value
24021304IND01;RS12;Region Vojvodine;K2;2018;02;Entrepreneurs and their employees and persons individually running business (in "long-term employment" and in "temporary and occasional employment");92243;NR;number;SORS;Employed by regions (NSTJ based on the municipality of work);A;Normal value
24021304IND01;RS12;Region Vojvodine;K2;2018;03;Registered individual agricultural producers (farmers);22240;NR;number;SORS;Employed by regions (NSTJ based on the municipality of work);A;Normal value
24021304IND01;RS2;SRBIJA – JUG;K2;2018;0;Registered employment - total;865791;NR;number;SORS;Employed by regions (NSTJ based on the municipality of work);A;Normal value
24021304IND01;RS2;SRBIJA – JUG;K2;2018;01;Employees at legal entities (in "long-term employment" and in "temporary and occasional employment");625281;NR;number;SORS;Employed by regions (NSTJ based on the municipality of work);A;Normal value
24021304IND01;RS2;SRBIJA – JUG;K2;2018;02;Entrepreneurs and their employees and persons individually running business (in "long-term employment" and in "temporary and occasional employment");185935;NR;number;SORS;Employed by regions (NSTJ based on the municipality of work);A;Normal value
24021304IND01;RS2;SRBIJA – JUG;K2;2018;03;Registered individual agricultural producers (farmers);54575;NR;number;SORS;Employed by regions (NSTJ based on the municipality of work);A;Normal value
24021304IND01;RS21;Region Šumadije i Zapadne Srbije;K2;2018;0;Registered employment - total;499580;NR;number;SORS;Employed by regions (NSTJ based on the municipality of work);A;Normal value
24021304IND01;RS21;Region Šumadije i Zapadne Srbije;K2;2018;01;Employees at legal entities (in "long-term employment" and in "temporary and occasional employment");351015;NR;number;SORS;Employed by regions (NSTJ based on the municipality of work);A;Normal value
24021304IND01;RS21;Region Šumadije i Zapadne Srbije;K2;2018;02;Entrepreneurs and their employees and persons individually running business (in "long-term employment" and in "temporary and occasional employment");111077;NR;number;SORS;Employed by regions (NSTJ based on the municipality of work);A;Normal value
24021304IND01;RS21;Region Šumadije i Zapadne Srbije;K2;2018;03;Registered individual agricultural producers (farmers);37488;NR;number;SORS;Employed by regions (NSTJ based on the municipality of work);A;Normal value
24021304IND01;RS22;Region Južne i Istočne Srbije;K2;2018;0;Registered employment - total;366211;NR;number;SORS;Employed by regions (NSTJ based on the municipality of work);A;Normal value
24021304IND01;RS22;Region Južne i Istočne Srbije;K2;2018;01;Employees at legal entities (in "long-term employment" and in "temporary and occasional employment");274266;NR;number;SORS;Employed by regions (NSTJ based on the municipality of work);A;Normal value
24021304IND01;RS22;Region Južne i Istočne Srbije;K2;2018;02;Entrepreneurs and their employees and persons individually running business (in "long-term employment" and in "temporary and occasional employment");74857;NR;number;SORS;Employed by regions (NSTJ based on the municipality of work);A;Normal value
24021304IND01;RS22;Region Južne i Istočne Srbije;K2;2018;03;Registered individual agricultural producers (farmers);17087;NR;number;SORS;Employed by regions (NSTJ based on the municipality of work);A;Normal value
24021304IND01;RS23;Region Kosovo i Metohija;K2;2018;0;Registered employment - total;;NR;number;SORS;Employed by regions (NSTJ based on the municipality of work);O;Not available
24021304IND01;RS23;Region Kosovo i Metohija;K2;2018;01;Employees at legal entities (in "long-term employment" and in "temporary and occasional employment");;NR;number;SORS;Employed by regions (NSTJ based on the municipality of work);O;Not available
24021304IND01;RS23;Region Kosovo i Metohija;K2;2018;02;Entrepreneurs and their employees and persons individually running business (in "long-term employment" and in "temporary and occasional employment");;NR;number;SORS;Employed by regions (NSTJ based on the municipality of work);O;Not available
24021304IND01;RS23;Region Kosovo i Metohija;K2;2018;03;Registered individual agricultural producers (farmers);;NR;number;SORS;Employed by regions (NSTJ based on the municipality of work);O;Not available
24021304IND01;RS;REPUBLIC OF SERBIA;K2;2019;0;Registered employment - total;2161533;NR;number;SORS;Employed by regions (NSTJ based on the municipality of work);A;Normal value
24021304IND01;RS;REPUBLIC OF SERBIA;K2;2019;01;Employees at legal entities (in "long-term employment" and in "temporary and occasional employment");1715436;NR;number;SORS;Employed by regions (NSTJ based on the municipality of work);A;Normal value
24021304IND01;RS;REPUBLIC OF SERBIA;K2;2019;02;Entrepreneurs and their employees and persons individually running business (in "long-term employment" and in "temporary and occasional employment");373444;NR;number;SORS;Employed by regions (NSTJ based on the municipality of work);A;Normal value
24021304IND01;RS;REPUBLIC OF SERBIA;K2;2019;03;Registered individual agricultural producers (farmers);72653;NR;number;SORS;Employed by regions (NSTJ based on the municipality of work);A;Normal value
24021304IND01;RS1;SRBIJA – SEVER;K2;2019;0;Registered employment - total;1285354;NR;number;SORS;Employed by regions (NSTJ based on the municipality of work);A;Normal value
24021304IND01;RS1;SRBIJA – SEVER;K2;2019;01;Employees at legal entities (in "long-term employment" and in "temporary and occasional employment");1078991;NR;number;SORS;Employed by regions (NSTJ based on the municipality of work);A;Normal value
24021304IND01;RS1;SRBIJA – SEVER;K2;2019;02;Entrepreneurs and their employees and persons individually running business (in "long-term employment" and in "temporary and occasional employment");183210;NR;number;SORS;Employed by regions (NSTJ based on the municipality of work);A;Normal value
24021304IND01;RS1;SRBIJA – SEVER;K2;2019;03;Registered individual agricultural producers (farmers);23153;NR;number;SORS;Employed by regions (NSTJ based on the municipality of work);A;Normal value
24021304IND01;RS11;Beogradski region;K2;2019;0;Registered employment - total;736728;NR;number;SORS;Employed by regions (NSTJ based on the municipality of work);A;Normal value
24021304IND01;RS11;Beogradski region;K2;2019;01;Employees at legal entities (in "long-term employment" and in "temporary and occasional employment");645547;NR;number;SORS;Employed by regions (NSTJ based on the municipality of work);A;Normal value
24021304IND01;RS11;Beogradski region;K2;2019;02;Entrepreneurs and their employees and persons individually running business (in "long-term employment" and in "temporary and occasional employment");88659;NR;number;SORS;Employed by regions (NSTJ based on the municipality of work);A;Normal value
24021304IND01;RS11;Beogradski region;K2;2019;03;Registered individual agricultural producers (farmers);2522;NR;number;SORS;Employed by regions (NSTJ based on the municipality of work);A;Normal value
24021304IND01;RS12;Region Vojvodine;K2;2019;0;Registered employment - total;548627;NR;number;SORS;Employed by regions (NSTJ based on the municipality of work);A;Normal value
24021304IND01;RS12;Region Vojvodine;K2;2019;01;Employees at legal entities (in "long-term employment" and in "temporary and occasional employment");433444;NR;number;SORS;Employed by regions (NSTJ based on the municipality of work);A;Normal value
24021304IND01;RS12;Region Vojvodine;K2;2019;02;Entrepreneurs and their employees and persons individually running business (in "long-term employment" and in "temporary and occasional employment");94551;NR;number;SORS;Employed by regions (NSTJ based on the municipality of work);A;Normal value
24021304IND01;RS12;Region Vojvodine;K2;2019;03;Registered individual agricultural producers (farmers);20632;NR;number;SORS;Employed by regions (NSTJ based on the municipality of work);A;Normal value
24021304IND01;RS2;SRBIJA – JUG;K2;2019;0;Registered employment - total;876180;NR;number;SORS;Employed by regions (NSTJ based on the municipality of work);A;Normal value
24021304IND01;RS2;SRBIJA – JUG;K2;2019;01;Employees at legal entities (in "long-term employment" and in "temporary and occasional employment");636446;NR;number;SORS;Employed by regions (NSTJ based on the municipality of work);A;Normal value
24021304IND01;RS2;SRBIJA – JUG;K2;2019;02;Entrepreneurs and their employees and persons individually running business (in "long-term employment" and in "temporary and occasional employment");190234;NR;number;SORS;Employed by regions (NSTJ based on the municipality of work);A;Normal value
24021304IND01;RS2;SRBIJA – JUG;K2;2019;03;Registered individual agricultural producers (farmers);49500;NR;number;SORS;Employed by regions (NSTJ based on the municipality of work);A;Normal value
24021304IND01;RS21;Region Šumadije i Zapadne Srbije;K2;2019;0;Registered employment - total;505359;NR;number;SORS;Employed by regions (NSTJ based on the municipality of work);A;Normal value
24021304IND01;RS21;Region Šumadije i Zapadne Srbije;K2;2019;01;Employees at legal entities (in "long-term employment" and in "temporary and occasional employment");357359;NR;number;SORS;Employed by regions (NSTJ based on the municipality of work);A;Normal value
24021304IND01;RS21;Region Šumadije i Zapadne Srbije;K2;2019;02;Entrepreneurs and their employees and persons individually running business (in "long-term employment" and in "temporary and occasional employment");113828;NR;number;SORS;Employed by regions (NSTJ based on the municipality of work);A;Normal value
24021304IND01;RS21;Region Šumadije i Zapadne Srbije;K2;2019;03;Registered individual agricultural producers (farmers);34172;NR;number;SORS;Employed by regions (NSTJ based on the municipality of work);A;Normal value
24021304IND01;RS22;Region Južne i Istočne Srbije;K2;2019;0;Registered employment - total;370821;NR;number;SORS;Employed by regions (NSTJ based on the municipality of work);A;Normal value
24021304IND01;RS22;Region Južne i Istočne Srbije;K2;2019;01;Employees at legal entities (in "long-term employment" and in "temporary and occasional employment");279087;NR;number;SORS;Employed by regions (NSTJ based on the municipality of work);A;Normal value
24021304IND01;RS22;Region Južne i Istočne Srbije;K2;2019;02;Entrepreneurs and their employees and persons individually running business (in "long-term employment" and in "temporary and occasional employment");76406;NR;number;SORS;Employed by regions (NSTJ based on the municipality of work);A;Normal value
24021304IND01;RS22;Region Južne i Istočne Srbije;K2;2019;03;Registered individual agricultural producers (farmers);15328;NR;number;SORS;Employed by regions (NSTJ based on the municipality of work);A;Normal value
24021304IND01;RS23;Region Kosovo i Metohija;K2;2019;0;Registered employment - total;;NR;number;SORS;Employed by regions (NSTJ based on the municipality of work);O;Not available
24021304IND01;RS23;Region Kosovo i Metohija;K2;2019;01;Employees at legal entities (in "long-term employment" and in "temporary and occasional employment");;NR;number;SORS;Employed by regions (NSTJ based on the municipality of work);O;Not available
24021304IND01;RS23;Region Kosovo i Metohija;K2;2019;02;Entrepreneurs and their employees and persons individually running business (in "long-term employment" and in "temporary and occasional employment");;NR;number;SORS;Employed by regions (NSTJ based on the municipality of work);O;Not available
24021304IND01;RS23;Region Kosovo i Metohija;K2;2019;03;Registered individual agricultural producers (farmers);;NR;number;SORS;Employed by regions (NSTJ based on the municipality of work);O;Not available
24021304IND01;RS;REPUBLIC OF SERBIA;K2;2020;0;Registered employment - total;2197065;NR;number;SORS;Employed by regions (NSTJ based on the municipality of work);A;Normal value
24021304IND01;RS;REPUBLIC OF SERBIA;K2;2020;01;Employees at legal entities (in "long-term employment" and in "temporary and occasional employment");1752536;NR;number;SORS;Employed by regions (NSTJ based on the municipality of work);A;Normal value
24021304IND01;RS;REPUBLIC OF SERBIA;K2;2020;02;Entrepreneurs and their employees and persons individually running business (in "long-term employment" and in "temporary and occasional employment");377535;NR;number;SORS;Employed by regions (NSTJ based on the municipality of work);A;Normal value
24021304IND01;RS;REPUBLIC OF SERBIA;K2;2020;03;Registered individual agricultural producers (farmers);66994;NR;number;SORS;Employed by regions (NSTJ based on the municipality of work);A;Normal value
24021304IND01;RS1;SRBIJA – SEVER;K2;2020;0;Registered employment - total;1313192;NR;number;SORS;Employed by regions (NSTJ based on the municipality of work);A;Normal value
24021304IND01;RS1;SRBIJA – SEVER;K2;2020;01;Employees at legal entities (in "long-term employment" and in "temporary and occasional employment");1106631;NR;number;SORS;Employed by regions (NSTJ based on the municipality of work);A;Normal value
24021304IND01;RS1;SRBIJA – SEVER;K2;2020;02;Entrepreneurs and their employees and persons individually running business (in "long-term employment" and in "temporary and occasional employment");185086;NR;number;SORS;Employed by regions (NSTJ based on the municipality of work);A;Normal value
24021304IND01;RS1;SRBIJA – SEVER;K2;2020;03;Registered individual agricultural producers (farmers);21475;NR;number;SORS;Employed by regions (NSTJ based on the municipality of work);A;Normal value
24021304IND01;RS11;Beogradski region;K2;2020;0;Registered employment - total;753772;NR;number;SORS;Employed by regions (NSTJ based on the municipality of work);A;Normal value
24021304IND01;RS11;Beogradski region;K2;2020;01;Employees at legal entities (in "long-term employment" and in "temporary and occasional employment");661822;NR;number;SORS;Employed by regions (NSTJ based on the municipality of work);A;Normal value
24021304IND01;RS11;Beogradski region;K2;2020;02;Entrepreneurs and their employees and persons individually running business (in "long-term employment" and in "temporary and occasional employment");89624;NR;number;SORS;Employed by regions (NSTJ based on the municipality of work);A;Normal value
24021304IND01;RS11;Beogradski region;K2;2020;03;Registered individual agricultural producers (farmers);2326;NR;number;SORS;Employed by regions (NSTJ based on the municipality of work);A;Normal value
24021304IND01;RS12;Region Vojvodine;K2;2020;0;Registered employment - total;559419;NR;number;SORS;Employed by regions (NSTJ based on the municipality of work);A;Normal value
24021304IND01;RS12;Region Vojvodine;K2;2020;01;Employees at legal entities (in "long-term employment" and in "temporary and occasional employment");444809;NR;number;SORS;Employed by regions (NSTJ based on the municipality of work);A;Normal value
24021304IND01;RS12;Region Vojvodine;K2;2020;02;Entrepreneurs and their employees and persons individually running business (in "long-term employment" and in "temporary and occasional employment");95461;NR;number;SORS;Employed by regions (NSTJ based on the municipality of work);A;Normal value
24021304IND01;RS12;Region Vojvodine;K2;2020;03;Registered individual agricultural producers (farmers);19149;NR;number;SORS;Employed by regions (NSTJ based on the municipality of work);A;Normal value
24021304IND01;RS2;SRBIJA – JUG;K2;2020;0;Registered employment - total;883873;NR;number;SORS;Employed by regions (NSTJ based on the municipality of work);A;Normal value
24021304IND01;RS2;SRBIJA – JUG;K2;2020;01;Employees at legal entities (in "long-term employment" and in "temporary and occasional employment");645905;NR;number;SORS;Employed by regions (NSTJ based on the municipality of work);A;Normal value
24021304IND01;RS2;SRBIJA – JUG;K2;2020;02;Entrepreneurs and their employees and persons individually running business (in "long-term employment" and in "temporary and occasional employment");192450;NR;number;SORS;Employed by regions (NSTJ based on the municipality of work);A;Normal value
24021304IND01;RS2;SRBIJA – JUG;K2;2020;03;Registered individual agricultural producers (farmers);45518;NR;number;SORS;Employed by regions (NSTJ based on the municipality of work);A;Normal value
24021304IND01;RS21;Region Šumadije i Zapadne Srbije;K2;2020;0;Registered employment - total;509262;NR;number;SORS;Employed by regions (NSTJ based on the municipality of work);A;Normal value
24021304IND01;RS21;Region Šumadije i Zapadne Srbije;K2;2020;01;Employees at legal entities (in "long-term employment" and in "temporary and occasional employment");362107;NR;number;SORS;Employed by regions (NSTJ based on the municipality of work);A;Normal value
24021304IND01;RS21;Region Šumadije i Zapadne Srbije;K2;2020;02;Entrepreneurs and their employees and persons individually running business (in "long-term employment" and in "temporary and occasional employment");115788;NR;number;SORS;Employed by regions (NSTJ based on the municipality of work);A;Normal value
24021304IND01;RS21;Region Šumadije i Zapadne Srbije;K2;2020;03;Registered individual agricultural producers (farmers);31367;NR;number;SORS;Employed by regions (NSTJ based on the municipality of work);A;Normal value
24021304IND01;RS22;Region Južne i Istočne Srbije;K2;2020;0;Registered employment - total;374611;NR;number;SORS;Employed by regions (NSTJ based on the municipality of work);A;Normal value
24021304IND01;RS22;Region Južne i Istočne Srbije;K2;2020;01;Employees at legal entities (in "long-term employment" and in "temporary and occasional employment");283799;NR;number;SORS;Employed by regions (NSTJ based on the municipality of work);A;Normal value
24021304IND01;RS22;Region Južne i Istočne Srbije;K2;2020;02;Entrepreneurs and their employees and persons individually running business (in "long-term employment" and in "temporary and occasional employment");76662;NR;number;SORS;Employed by regions (NSTJ based on the municipality of work);A;Normal value
24021304IND01;RS22;Region Južne i Istočne Srbije;K2;2020;03;Registered individual agricultural producers (farmers);14151;NR;number;SORS;Employed by regions (NSTJ based on the municipality of work);A;Normal value
24021304IND01;RS23;Region Kosovo i Metohija;K2;2020;0;Registered employment - total;;NR;number;SORS;Employed by regions (NSTJ based on the municipality of work);O;Not available
24021304IND01;RS23;Region Kosovo i Metohija;K2;2020;01;Employees at legal entities (in "long-term employment" and in "temporary and occasional employment");;NR;number;SORS;Employed by regions (NSTJ based on the municipality of work);O;Not available
24021304IND01;RS23;Region Kosovo i Metohija;K2;2020;02;Entrepreneurs and their employees and persons individually running business (in "long-term employment" and in "temporary and occasional employment");;NR;number;SORS;Employed by regions (NSTJ based on the municipality of work);O;Not available
24021304IND01;RS23;Region Kosovo i Metohija;K2;2020;03;Registered individual agricultural producers (farmers);;NR;number;SORS;Employed by regions (NSTJ based on the municipality of work);O;Not available
24021304IND01;RS;REPUBLIC OF SERBIA;K2;2021;0;Registered employment - total;2270394;NR;number;SORS;Employed by regions (NSTJ based on the municipality of work);A;Normal value
24021304IND01;RS;REPUBLIC OF SERBIA;K2;2021;01;Employees at legal entities (in "long-term employment" and in "temporary and occasional employment");1813762;NR;number;SORS;Employed by regions (NSTJ based on the municipality of work);A;Normal value
24021304IND01;RS;REPUBLIC OF SERBIA;K2;2021;02;Entrepreneurs and their employees and persons individually running business (in "long-term employment" and in "temporary and occasional employment");395022;NR;number;SORS;Employed by regions (NSTJ based on the municipality of work);A;Normal value
24021304IND01;RS;REPUBLIC OF SERBIA;K2;2021;03;Registered individual agricultural producers (farmers);61610;NR;number;SORS;Employed by regions (NSTJ based on the municipality of work);A;Normal value
24021304IND01;RS1;SRBIJA – SEVER;K2;2021;0;Registered employment - total;1358865;NR;number;SORS;Employed by regions (NSTJ based on the municipality of work);A;Normal value
24021304IND01;RS1;SRBIJA – SEVER;K2;2021;01;Employees at legal entities (in "long-term employment" and in "temporary and occasional employment");1144289;NR;number;SORS;Employed by regions (NSTJ based on the municipality of work);A;Normal value
24021304IND01;RS1;SRBIJA – SEVER;K2;2021;02;Entrepreneurs and their employees and persons individually running business (in "long-term employment" and in "temporary and occasional employment");194485;NR;number;SORS;Employed by regions (NSTJ based on the municipality of work);A;Normal value
24021304IND01;RS1;SRBIJA – SEVER;K2;2021;03;Registered individual agricultural producers (farmers);20091;NR;number;SORS;Employed by regions (NSTJ based on the municipality of work);A;Normal value
24021304IND01;RS11;Beogradski region;K2;2021;0;Registered employment - total;784185;NR;number;SORS;Employed by regions (NSTJ based on the municipality of work);A;Normal value
24021304IND01;RS11;Beogradski region;K2;2021;01;Employees at legal entities (in "long-term employment" and in "temporary and occasional employment");687895;NR;number;SORS;Employed by regions (NSTJ based on the municipality of work);A;Normal value
24021304IND01;RS11;Beogradski region;K2;2021;02;Entrepreneurs and their employees and persons individually running business (in "long-term employment" and in "temporary and occasional employment");94103;NR;number;SORS;Employed by regions (NSTJ based on the municipality of work);A;Normal value
24021304IND01;RS11;Beogradski region;K2;2021;03;Registered individual agricultural producers (farmers);2187;NR;number;SORS;Employed by regions (NSTJ based on the municipality of work);A;Normal value
24021304IND01;RS12;Region Vojvodine;K2;2021;0;Registered employment - total;574680;NR;number;SORS;Employed by regions (NSTJ based on the municipality of work);A;Normal value
24021304IND01;RS12;Region Vojvodine;K2;2021;01;Employees at legal entities (in "long-term employment" and in "temporary and occasional employment");456394;NR;number;SORS;Employed by regions (NSTJ based on the municipality of work);A;Normal value
24021304IND01;RS12;Region Vojvodine;K2;2021;02;Entrepreneurs and their employees and persons individually running business (in "long-term employment" and in "temporary and occasional employment");100382;NR;number;SORS;Employed by regions (NSTJ based on the municipality of work);A;Normal value
24021304IND01;RS12;Region Vojvodine;K2;2021;03;Registered individual agricultural producers (farmers);17904;NR;number;SORS;Employed by regions (NSTJ based on the municipality of work);A;Normal value
24021304IND01;RS2;SRBIJA – JUG;K2;2021;0;Registered employment - total;911528;NR;number;SORS;Employed by regions (NSTJ based on the municipality of work);A;Normal value
24021304IND01;RS2;SRBIJA – JUG;K2;2021;01;Employees at legal entities (in "long-term employment" and in "temporary and occasional employment");669473;NR;number;SORS;Employed by regions (NSTJ based on the municipality of work);A;Normal value
24021304IND01;RS2;SRBIJA – JUG;K2;2021;02;Entrepreneurs and their employees and persons individually running business (in "long-term employment" and in "temporary and occasional employment");200536;NR;number;SORS;Employed by regions (NSTJ based on the municipality of work);A;Normal value
24021304IND01;RS2;SRBIJA – JUG;K2;2021;03;Registered individual agricultural producers (farmers);41519;NR;number;SORS;Employed by regions (NSTJ based on the municipality of work);A;Normal value
24021304IND01;RS21;Region Šumadije i Zapadne Srbije;K2;2021;0;Registered employment - total;522515;NR;number;SORS;Employed by regions (NSTJ based on the municipality of work);A;Normal value
24021304IND01;RS21;Region Šumadije i Zapadne Srbije;K2;2021;01;Employees at legal entities (in "long-term employment" and in "temporary and occasional employment");373184;NR;number;SORS;Employed by regions (NSTJ based on the municipality of work);A;Normal value
24021304IND01;RS21;Region Šumadije i Zapadne Srbije;K2;2021;02;Entrepreneurs and their employees and persons individually running business (in "long-term employment" and in "temporary and occasional employment");120685;NR;number;SORS;Employed by regions (NSTJ based on the municipality of work);A;Normal value
24021304IND01;RS21;Region Šumadije i Zapadne Srbije;K2;2021;03;Registered individual agricultural producers (farmers);28646;NR;number;SORS;Employed by regions (NSTJ based on the municipality of work);A;Normal value
24021304IND01;RS22;Region Južne i Istočne Srbije;K2;2021;0;Registered employment - total;389013;NR;number;SORS;Employed by regions (NSTJ based on the municipality of work);A;Normal value
24021304IND01;RS22;Region Južne i Istočne Srbije;K2;2021;01;Employees at legal entities (in "long-term employment" and in "temporary and occasional employment");296289;NR;number;SORS;Employed by regions (NSTJ based on the municipality of work);A;Normal value
24021304IND01;RS22;Region Južne i Istočne Srbije;K2;2021;02;Entrepreneurs and their employees and persons individually running business (in "long-term employment" and in "temporary and occasional employment");79851;NR;number;SORS;Employed by regions (NSTJ based on the municipality of work);A;Normal value
24021304IND01;RS22;Region Južne i Istočne Srbije;K2;2021;03;Registered individual agricultural producers (farmers);12873;NR;number;SORS;Employed by regions (NSTJ based on the municipality of work);A;Normal value
24021304IND01;RS23;Region Kosovo i Metohija;K2;2021;0;Registered employment - total;;NR;number;SORS;Employed by regions (NSTJ based on the municipality of work);O;Not available
24021304IND01;RS23;Region Kosovo i Metohija;K2;2021;01;Employees at legal entities (in "long-term employment" and in "temporary and occasional employment");;NR;number;SORS;Employed by regions (NSTJ based on the municipality of work);O;Not available
24021304IND01;RS23;Region Kosovo i Metohija;K2;2021;02;Entrepreneurs and their employees and persons individually running business (in "long-term employment" and in "temporary and occasional employment");;NR;number;SORS;Employed by regions (NSTJ based on the municipality of work);O;Not available
24021304IND01;RS23;Region Kosovo i Metohija;K2;2021;03;Registered individual agricultural producers (farmers);;NR;number;SORS;Employed by regions (NSTJ based on the municipality of work);O;Not available
24021304IND01;RS;REPUBLIC OF SERBIA;K2;2022;0;Registered employment - total;2304656;NR;number;SORS;Employed by regions (NSTJ based on the municipality of work);A;Normal value
24021304IND01;RS;REPUBLIC OF SERBIA;K2;2022;01;Employees at legal entities (in "long-term employment" and in "temporary and occasional employment");1852663;NR;number;SORS;Employed by regions (NSTJ based on the municipality of work);A;Normal value
24021304IND01;RS;REPUBLIC OF SERBIA;K2;2022;02;Entrepreneurs and their employees and persons individually running business (in "long-term employment" and in "temporary and occasional employment");395194;NR;number;SORS;Employed by regions (NSTJ based on the municipality of work);A;Normal value
24021304IND01;RS;REPUBLIC OF SERBIA;K2;2022;03;Registered individual agricultural producers (farmers);56799;NR;number;SORS;Employed by regions (NSTJ based on the municipality of work);A;Normal value
24021304IND01;RS1;SRBIJA – SEVER;K2;2022;0;Registered employment - total;1384233;NR;number;SORS;Employed by regions (NSTJ based on the municipality of work);A;Normal value
24021304IND01;RS1;SRBIJA – SEVER;K2;2022;01;Employees at legal entities (in "long-term employment" and in "temporary and occasional employment");1170621;NR;number;SORS;Employed by regions (NSTJ based on the municipality of work);A;Normal value
24021304IND01;RS1;SRBIJA – SEVER;K2;2022;02;Entrepreneurs and their employees and persons individually running business (in "long-term employment" and in "temporary and occasional employment");194769;NR;number;SORS;Employed by regions (NSTJ based on the municipality of work);A;Normal value
24021304IND01;RS1;SRBIJA – SEVER;K2;2022;03;Registered individual agricultural producers (farmers);18843;NR;number;SORS;Employed by regions (NSTJ based on the municipality of work);A;Normal value
24021304IND01;RS11;Beogradski region;K2;2022;0;Registered employment - total;804825;NR;number;SORS;Employed by regions (NSTJ based on the municipality of work);A;Normal value
24021304IND01;RS11;Beogradski region;K2;2022;01;Employees at legal entities (in "long-term employment" and in "temporary and occasional employment");708644;NR;number;SORS;Employed by regions (NSTJ based on the municipality of work);A;Normal value
24021304IND01;RS11;Beogradski region;K2;2022;02;Entrepreneurs and their employees and persons individually running business (in "long-term employment" and in "temporary and occasional employment");94134;NR;number;SORS;Employed by regions (NSTJ based on the municipality of work);A;Normal value
24021304IND01;RS11;Beogradski region;K2;2022;03;Registered individual agricultural producers (farmers);2047;NR;number;SORS;Employed by regions (NSTJ based on the municipality of work);A;Normal value
24021304IND01;RS12;Region Vojvodine;K2;2022;0;Registered employment - total;579408;NR;number;SORS;Employed by regions (NSTJ based on the municipality of work);A;Normal value
24021304IND01;RS12;Region Vojvodine;K2;2022;01;Employees at legal entities (in "long-term employment" and in "temporary and occasional employment");461977;NR;number;SORS;Employed by regions (NSTJ based on the municipality of work);A;Normal value
24021304IND01;RS12;Region Vojvodine;K2;2022;02;Entrepreneurs and their employees and persons individually running business (in "long-term employment" and in "temporary and occasional employment");100635;NR;number;SORS;Employed by regions (NSTJ based on the municipality of work);A;Normal value
24021304IND01;RS12;Region Vojvodine;K2;2022;03;Registered individual agricultural producers (farmers);16796;NR;number;SORS;Employed by regions (NSTJ based on the municipality of work);A;Normal value
24021304IND01;RS2;SRBIJA – JUG;K2;2022;0;Registered employment - total;920423;NR;number;SORS;Employed by regions (NSTJ based on the municipality of work);A;Normal value
24021304IND01;RS2;SRBIJA – JUG;K2;2022;01;Employees at legal entities (in "long-term employment" and in "temporary and occasional employment");682042;NR;number;SORS;Employed by regions (NSTJ based on the municipality of work);A;Normal value
24021304IND01;RS2;SRBIJA – JUG;K2;2022;02;Entrepreneurs and their employees and persons individually running business (in "long-term employment" and in "temporary and occasional employment");200426;NR;number;SORS;Employed by regions (NSTJ based on the municipality of work);A;Normal value
24021304IND01;RS2;SRBIJA – JUG;K2;2022;03;Registered individual agricultural producers (farmers);37956;NR;number;SORS;Employed by regions (NSTJ based on the municipality of work);A;Normal value
24021304IND01;RS21;Region Šumadije i Zapadne Srbije;K2;2022;0;Registered employment - total;528284;NR;number;SORS;Employed by regions (NSTJ based on the municipality of work);A;Normal value
24021304IND01;RS21;Region Šumadije i Zapadne Srbije;K2;2022;01;Employees at legal entities (in "long-term employment" and in "temporary and occasional employment");381276;NR;number;SORS;Employed by regions (NSTJ based on the municipality of work);A;Normal value
24021304IND01;RS21;Region Šumadije i Zapadne Srbije;K2;2022;02;Entrepreneurs and their employees and persons individually running business (in "long-term employment" and in "temporary and occasional employment");120726;NR;number;SORS;Employed by regions (NSTJ based on the municipality of work);A;Normal value
24021304IND01;RS21;Region Šumadije i Zapadne Srbije;K2;2022;03;Registered individual agricultural producers (farmers);26282;NR;number;SORS;Employed by regions (NSTJ based on the municipality of work);A;Normal value
24021304IND01;RS22;Region Južne i Istočne Srbije;K2;2022;0;Registered employment - total;392140;NR;number;SORS;Employed by regions (NSTJ based on the municipality of work);A;Normal value
24021304IND01;RS22;Region Južne i Istočne Srbije;K2;2022;01;Employees at legal entities (in "long-term employment" and in "temporary and occasional employment");300766;NR;number;SORS;Employed by regions (NSTJ based on the municipality of work);A;Normal value
24021304IND01;RS22;Region Južne i Istočne Srbije;K2;2022;02;Entrepreneurs and their employees and persons individually running business (in "long-term employment" and in "temporary and occasional employment");79700;NR;number;SORS;Employed by regions (NSTJ based on the municipality of work);A;Normal value
24021304IND01;RS22;Region Južne i Istočne Srbije;K2;2022;03;Registered individual agricultural producers (farmers);11675;NR;number;SORS;Employed by regions (NSTJ based on the municipality of work);A;Normal value
24021304IND01;RS23;Region Kosovo i Metohija;K2;2022;0;Registered employment - total;;NR;number;SORS;Employed by regions (NSTJ based on the municipality of work);O;Not available
24021304IND01;RS23;Region Kosovo i Metohija;K2;2022;01;Employees at legal entities (in "long-term employment" and in "temporary and occasional employment");;NR;number;SORS;Employed by regions (NSTJ based on the municipality of work);O;Not available
24021304IND01;RS23;Region Kosovo i Metohija;K2;2022;02;Entrepreneurs and their employees and persons individually running business (in "long-term employment" and in "temporary and occasional employment");;NR;number;SORS;Employed by regions (NSTJ based on the municipality of work);O;Not available
24021304IND01;RS23;Region Kosovo i Metohija;K2;2022;03;Registered individual agricultural producers (farmers);;NR;number;SORS;Employed by regions (NSTJ based on the municipality of work);O;Not available
24021304IND01;RS;REPUBLIC OF SERBIA;K2;2023;0;Registered employment - total;2364140;NR;number;SORS;Employed by regions (NSTJ based on the municipality of work);A;Normal value
24021304IND01;RS;REPUBLIC OF SERBIA;K2;2023;01;Employees at legal entities (in "long-term employment" and in "temporary and occasional employment");1897117;NR;number;SORS;Employed by regions (NSTJ based on the municipality of work);A;Normal value
24021304IND01;RS;REPUBLIC OF SERBIA;K2;2023;02;Entrepreneurs and their employees and persons individually running business (in "long-term employment" and in "temporary and occasional employment");412766;NR;number;SORS;Employed by regions (NSTJ based on the municipality of work);A;Normal value
24021304IND01;RS;REPUBLIC OF SERBIA;K2;2023;03;Registered individual agricultural producers (farmers);54257;NR;number;SORS;Employed by regions (NSTJ based on the municipality of work);A;Normal value
24021304IND01;RS1;SRBIJA – SEVER;K2;2023;0;Registered employment - total;1431743;NR;number;SORS;Employed by regions (NSTJ based on the municipality of work);A;Normal value
24021304IND01;RS1;SRBIJA – SEVER;K2;2023;01;Employees at legal entities (in "long-term employment" and in "temporary and occasional employment");1209676;NR;number;SORS;Employed by regions (NSTJ based on the municipality of work);A;Normal value
24021304IND01;RS1;SRBIJA – SEVER;K2;2023;02;Entrepreneurs and their employees and persons individually running business (in "long-term employment" and in "temporary and occasional employment");204127;NR;number;SORS;Employed by regions (NSTJ based on the municipality of work);A;Normal value
24021304IND01;RS1;SRBIJA – SEVER;K2;2023;03;Registered individual agricultural producers (farmers);17940;NR;number;SORS;Employed by regions (NSTJ based on the municipality of work);A;Normal value
24021304IND01;RS11;Beogradski region;K2;2023;0;Registered employment - total;837973;NR;number;SORS;Employed by regions (NSTJ based on the municipality of work);A;Normal value
24021304IND01;RS11;Beogradski region;K2;2023;01;Employees at legal entities (in "long-term employment" and in "temporary and occasional employment");736967;NR;number;SORS;Employed by regions (NSTJ based on the municipality of work);A;Normal value
24021304IND01;RS11;Beogradski region;K2;2023;02;Entrepreneurs and their employees and persons individually running business (in "long-term employment" and in "temporary and occasional employment");99072;NR;number;SORS;Employed by regions (NSTJ based on the municipality of work);A;Normal value
24021304IND01;RS11;Beogradski region;K2;2023;03;Registered individual agricultural producers (farmers);1934;NR;number;SORS;Employed by regions (NSTJ based on the municipality of work);A;Normal value
24021304IND01;RS12;Region Vojvodine;K2;2023;0;Registered employment - total;593771;NR;number;SORS;Employed by regions (NSTJ based on the municipality of work);A;Normal value
24021304IND01;RS12;Region Vojvodine;K2;2023;01;Employees at legal entities (in "long-term employment" and in "temporary and occasional employment");472709;NR;number;SORS;Employed by regions (NSTJ based on the municipality of work);A;Normal value
24021304IND01;RS12;Region Vojvodine;K2;2023;02;Entrepreneurs and their employees and persons individually running business (in "long-term employment" and in "temporary and occasional employment");105055;NR;number;SORS;Employed by regions (NSTJ based on the municipality of work);A;Normal value
24021304IND01;RS12;Region Vojvodine;K2;2023;03;Registered individual agricultural producers (farmers);16007;NR;number;SORS;Employed by regions (NSTJ based on the municipality of work);A;Normal value
24021304IND01;RS2;SRBIJA – JUG;K2;2023;0;Registered employment - total;932397;NR;number;SORS;Employed by regions (NSTJ based on the municipality of work);A;Normal value
24021304IND01;RS2;SRBIJA – JUG;K2;2023;01;Employees at legal entities (in "long-term employment" and in "temporary and occasional employment");687441;NR;number;SORS;Employed by regions (NSTJ based on the municipality of work);A;Normal value
24021304IND01;RS2;SRBIJA – JUG;K2;2023;02;Entrepreneurs and their employees and persons individually running business (in "long-term employment" and in "temporary and occasional employment");208639;NR;number;SORS;Employed by regions (NSTJ based on the municipality of work);A;Normal value
24021304IND01;RS2;SRBIJA – JUG;K2;2023;03;Registered individual agricultural producers (farmers);36317;NR;number;SORS;Employed by regions (NSTJ based on the municipality of work);A;Normal value
24021304IND01;RS21;Region Šumadije i Zapadne Srbije;K2;2023;0;Registered employment - total;536017;NR;number;SORS;Employed by regions (NSTJ based on the municipality of work);A;Normal value
24021304IND01;RS21;Region Šumadije i Zapadne Srbije;K2;2023;01;Employees at legal entities (in "long-term employment" and in "temporary and occasional employment");384730;NR;number;SORS;Employed by regions (NSTJ based on the municipality of work);A;Normal value
24021304IND01;RS21;Region Šumadije i Zapadne Srbije;K2;2023;02;Entrepreneurs and their employees and persons individually running business (in "long-term employment" and in "temporary and occasional employment");126022;NR;number;SORS;Employed by regions (NSTJ based on the municipality of work);A;Normal value
24021304IND01;RS21;Region Šumadije i Zapadne Srbije;K2;2023;03;Registered individual agricultural producers (farmers);25264;NR;number;SORS;Employed by regions (NSTJ based on the municipality of work);A;Normal value
24021304IND01;RS22;Region Južne i Istočne Srbije;K2;2023;0;Registered employment - total;396380;NR;number;SORS;Employed by regions (NSTJ based on the municipality of work);A;Normal value
24021304IND01;RS22;Region Južne i Istočne Srbije;K2;2023;01;Employees at legal entities (in "long-term employment" and in "temporary and occasional employment");302711;NR;number;SORS;Employed by regions (NSTJ based on the municipality of work);A;Normal value
24021304IND01;RS22;Region Južne i Istočne Srbije;K2;2023;02;Entrepreneurs and their employees and persons individually running business (in "long-term employment" and in "temporary and occasional employment");82617;NR;number;SORS;Employed by regions (NSTJ based on the municipality of work);A;Normal value
24021304IND01;RS22;Region Južne i Istočne Srbije;K2;2023;03;Registered individual agricultural producers (farmers);11053;NR;number;SORS;Employed by regions (NSTJ based on the municipality of work);A;Normal value
24021304IND01;RS23;Region Kosovo i Metohija;K2;2023;0;Registered employment - total;;NR;number;SORS;Employed by regions (NSTJ based on the municipality of work);O;Not available
24021304IND01;RS23;Region Kosovo i Metohija;K2;2023;01;Employees at legal entities (in "long-term employment" and in "temporary and occasional employment");;NR;number;SORS;Employed by regions (NSTJ based on the municipality of work);O;Not available
24021304IND01;RS23;Region Kosovo i Metohija;K2;2023;02;Entrepreneurs and their employees and persons individually running business (in "long-term employment" and in "temporary and occasional employment");;NR;number;SORS;Employed by regions (NSTJ based on the municipality of work);O;Not available
24021304IND01;RS23;Region Kosovo i Metohija;K2;2023;03;Registered individual agricultural producers (farmers);;NR;number;SORS;Employed by regions (NSTJ based on the municipality of work);O;Not available
24021304IND01;RS;REPUBLIC OF SERBIA;K2;2024;0;Registered employment - total;2367170;NR;number;SORS;Employed by regions (NSTJ based on the municipality of work);A;Normal value
24021304IND01;RS;REPUBLIC OF SERBIA;K2;2024;01;Employees at legal entities (in "long-term employment" and in "temporary and occasional employment");1899016;NR;number;SORS;Employed by regions (NSTJ based on the municipality of work);A;Normal value
24021304IND01;RS;REPUBLIC OF SERBIA;K2;2024;02;Entrepreneurs and their employees and persons individually running business (in "long-term employment" and in "temporary and occasional employment");418251;NR;number;SORS;Employed by regions (NSTJ based on the municipality of work);A;Normal value
24021304IND01;RS;REPUBLIC OF SERBIA;K2;2024;03;Registered individual agricultural producers (farmers);49903;NR;number;SORS;Employed by regions (NSTJ based on the municipality of work);A;Normal value
24021304IND01;RS1;SRBIJA – SEVER;K2;2024;0;Registered employment - total;1438041;NR;number;SORS;Employed by regions (NSTJ based on the municipality of work);A;Normal value
24021304IND01;RS1;SRBIJA – SEVER;K2;2024;01;Employees at legal entities (in "long-term employment" and in "temporary and occasional employment");1213916;NR;number;SORS;Employed by regions (NSTJ based on the municipality of work);A;Normal value
24021304IND01;RS1;SRBIJA – SEVER;K2;2024;02;Entrepreneurs and their employees and persons individually running business (in "long-term employment" and in "temporary and occasional employment");207607;NR;number;SORS;Employed by regions (NSTJ based on the municipality of work);A;Normal value
24021304IND01;RS1;SRBIJA – SEVER;K2;2024;03;Registered individual agricultural producers (farmers);16518;NR;number;SORS;Employed by regions (NSTJ based on the municipality of work);A;Normal value
24021304IND01;RS11;Beogradski region;K2;2024;0;Registered employment - total;842544;NR;number;SORS;Employed by regions (NSTJ based on the municipality of work);A;Normal value
24021304IND01;RS11;Beogradski region;K2;2024;01;Employees at legal entities (in "long-term employment" and in "temporary and occasional employment");740081;NR;number;SORS;Employed by regions (NSTJ based on the municipality of work);A;Normal value
24021304IND01;RS11;Beogradski region;K2;2024;02;Entrepreneurs and their employees and persons individually running business (in "long-term employment" and in "temporary and occasional employment");100694;NR;number;SORS;Employed by regions (NSTJ based on the municipality of work);A;Normal value
24021304IND01;RS11;Beogradski region;K2;2024;03;Registered individual agricultural producers (farmers);1770;NR;number;SORS;Employed by regions (NSTJ based on the municipality of work);A;Normal value
24021304IND01;RS12;Region Vojvodine;K2;2024;0;Registered employment - total;595497;NR;number;SORS;Employed by regions (NSTJ based on the municipality of work);A;Normal value
24021304IND01;RS12;Region Vojvodine;K2;2024;01;Employees at legal entities (in "long-term employment" and in "temporary and occasional employment");473835;NR;number;SORS;Employed by regions (NSTJ based on the municipality of work);A;Normal value
24021304IND01;RS12;Region Vojvodine;K2;2024;02;Entrepreneurs and their employees and persons individually running business (in "long-term employment" and in "temporary and occasional employment");106913;NR;number;SORS;Employed by regions (NSTJ based on the municipality of work);A;Normal value
24021304IND01;RS12;Region Vojvodine;K2;2024;03;Registered individual agricultural producers (farmers);14749;NR;number;SORS;Employed by regions (NSTJ based on the municipality of work);A;Normal value
24021304IND01;RS2;SRBIJA – JUG;K2;2024;0;Registered employment - total;929129;NR;number;SORS;Employed by regions (NSTJ based on the municipality of work);A;Normal value
24021304IND01;RS2;SRBIJA – JUG;K2;2024;01;Employees at legal entities (in "long-term employment" and in "temporary and occasional employment");685100;NR;number;SORS;Employed by regions (NSTJ based on the municipality of work);A;Normal value
24021304IND01;RS2;SRBIJA – JUG;K2;2024;02;Entrepreneurs and their employees and persons individually running business (in "long-term employment" and in "temporary and occasional employment");210644;NR;number;SORS;Employed by regions (NSTJ based on the municipality of work);A;Normal value
24021304IND01;RS2;SRBIJA – JUG;K2;2024;03;Registered individual agricultural producers (farmers);33385;NR;number;SORS;Employed by regions (NSTJ based on the municipality of work);A;Normal value
24021304IND01;RS21;Region Šumadije i Zapadne Srbije;K2;2024;0;Registered employment - total;536496;NR;number;SORS;Employed by regions (NSTJ based on the municipality of work);A;Normal value
24021304IND01;RS21;Region Šumadije i Zapadne Srbije;K2;2024;01;Employees at legal entities (in "long-term employment" and in "temporary and occasional employment");385818;NR;number;SORS;Employed by regions (NSTJ based on the municipality of work);A;Normal value
24021304IND01;RS21;Region Šumadije i Zapadne Srbije;K2;2024;02;Entrepreneurs and their employees and persons individually running business (in "long-term employment" and in "temporary and occasional employment");127373;NR;number;SORS;Employed by regions (NSTJ based on the municipality of work);A;Normal value
24021304IND01;RS21;Region Šumadije i Zapadne Srbije;K2;2024;03;Registered individual agricultural producers (farmers);23305;NR;number;SORS;Employed by regions (NSTJ based on the municipality of work);A;Normal value
24021304IND01;RS22;Region Južne i Istočne Srbije;K2;2024;0;Registered employment - total;392633;NR;number;SORS;Employed by regions (NSTJ based on the municipality of work);A;Normal value
24021304IND01;RS22;Region Južne i Istočne Srbije;K2;2024;01;Employees at legal entities (in "long-term employment" and in "temporary and occasional employment");299282;NR;number;SORS;Employed by regions (NSTJ based on the municipality of work);A;Normal value
24021304IND01;RS22;Region Južne i Istočne Srbije;K2;2024;02;Entrepreneurs and their employees and persons individually running business (in "long-term employment" and in "temporary and occasional employment");83271;NR;number;SORS;Employed by regions (NSTJ based on the municipality of work);A;Normal value
24021304IND01;RS22;Region Južne i Istočne Srbije;K2;2024;03;Registered individual agricultural producers (farmers);10080;NR;number;SORS;Employed by regions (NSTJ based on the municipality of work);A;Normal value
24021304IND01;RS23;Region Kosovo i Metohija;K2;2024;0;Registered employment - total;;NR;number;SORS;Employed by regions (NSTJ based on the municipality of work);O;Not available
24021304IND01;RS23;Region Kosovo i Metohija;K2;2024;01;Employees at legal entities (in "long-term employment" and in "temporary and occasional employment");;NR;number;SORS;Employed by regions (NSTJ based on the municipality of work);O;Not available
24021304IND01;RS23;Region Kosovo i Metohija;K2;2024;02;Entrepreneurs and their employees and persons individually running business (in "long-term employment" and in "temporary and occasional employment");;NR;number;SORS;Employed by regions (NSTJ based on the municipality of work);O;Not available
24021304IND01;RS23;Region Kosovo i Metohija;K2;2024;03;Registered individual agricultural producers (farmers);;NR;number;SORS;Employed by regions (NSTJ based on the municipality of work);O;Not available
24021304IND01;RS;REPUBLIC OF SERBIA;K2;2025;0;Registered employment - total;2370103;NR;number;SORS;Employed by regions (NSTJ based on the municipality of work);A;Normal value
24021304IND01;RS;REPUBLIC OF SERBIA;K2;2025;01;Employees at legal entities (in "long-term employment" and in "temporary and occasional employment");1898531;NR;number;SORS;Employed by regions (NSTJ based on the municipality of work);A;Normal value
24021304IND01;RS;REPUBLIC OF SERBIA;K2;2025;02;Entrepreneurs and their employees and persons individually running business (in "long-term employment" and in "temporary and occasional employment");425321;NR;number;SORS;Employed by regions (NSTJ based on the municipality of work);A;Normal value
24021304IND01;RS;REPUBLIC OF SERBIA;K2;2025;03;Registered individual agricultural producers (farmers);46251;NR;number;SORS;Employed by regions (NSTJ based on the municipality of work);A;Normal value
24021304IND01;RS1;SRBIJA – SEVER;K2;2025;0;Registered employment - total;1445654;NR;number;SORS;Employed by regions (NSTJ based on the municipality of work);A;Normal value
24021304IND01;RS1;SRBIJA – SEVER;K2;2025;01;Employees at legal entities (in "long-term employment" and in "temporary and occasional employment");1218652;NR;number;SORS;Employed by regions (NSTJ based on the municipality of work);A;Normal value
24021304IND01;RS1;SRBIJA – SEVER;K2;2025;02;Entrepreneurs and their employees and persons individually running business (in "long-term employment" and in "temporary and occasional employment");211800;NR;number;SORS;Employed by regions (NSTJ based on the municipality of work);A;Normal value
24021304IND01;RS1;SRBIJA – SEVER;K2;2025;03;Registered individual agricultural producers (farmers);15202;NR;number;SORS;Employed by regions (NSTJ based on the municipality of work);A;Normal value
24021304IND01;RS11;Beogradski region;K2;2025;0;Registered employment - total;853037;NR;number;SORS;Employed by regions (NSTJ based on the municipality of work);A;Normal value
24021304IND01;RS11;Beogradski region;K2;2025;01;Employees at legal entities (in "long-term employment" and in "temporary and occasional employment");749092;NR;number;SORS;Employed by regions (NSTJ based on the municipality of work);A;Normal value
24021304IND01;RS11;Beogradski region;K2;2025;02;Entrepreneurs and their employees and persons individually running business (in "long-term employment" and in "temporary and occasional employment");102293;NR;number;SORS;Employed by regions (NSTJ based on the municipality of work);A;Normal value
24021304IND01;RS11;Beogradski region;K2;2025;03;Registered individual agricultural producers (farmers);1652;NR;number;SORS;Employed by regions (NSTJ based on the municipality of work);A;Normal value
24021304IND01;RS12;Region Vojvodine;K2;2025;0;Registered employment - total;592617;NR;number;SORS;Employed by regions (NSTJ based on the municipality of work);A;Normal value
24021304IND01;RS12;Region Vojvodine;K2;2025;01;Employees at legal entities (in "long-term employment" and in "temporary and occasional employment");469560;NR;number;SORS;Employed by regions (NSTJ based on the municipality of work);A;Normal value
24021304IND01;RS12;Region Vojvodine;K2;2025;02;Entrepreneurs and their employees and persons individually running business (in "long-term employment" and in "temporary and occasional employment");109507;NR;number;SORS;Employed by regions (NSTJ based on the municipality of work);A;Normal value
24021304IND01;RS12;Region Vojvodine;K2;2025;03;Registered individual agricultural producers (farmers);13550;NR;number;SORS;Employed by regions (NSTJ based on the municipality of work);A;Normal value
24021304IND01;RS2;SRBIJA – JUG;K2;2025;0;Registered employment - total;924449;NR;number;SORS;Employed by regions (NSTJ based on the municipality of work);A;Normal value
24021304IND01;RS2;SRBIJA – JUG;K2;2025;01;Employees at legal entities (in "long-term employment" and in "temporary and occasional employment");679879;NR;number;SORS;Employed by regions (NSTJ based on the municipality of work);A;Normal value
24021304IND01;RS2;SRBIJA – JUG;K2;2025;02;Entrepreneurs and their employees and persons individually running business (in "long-term employment" and in "temporary and occasional employment");213521;NR;number;SORS;Employed by regions (NSTJ based on the municipality of work);A;Normal value
24021304IND01;RS2;SRBIJA – JUG;K2;2025;03;Registered individual agricultural producers (farmers);31049;NR;number;SORS;Employed by regions (NSTJ based on the municipality of work);A;Normal value
24021304IND01;RS21;Region Šumadije i Zapadne Srbije;K2;2025;0;Registered employment - total;536532;NR;number;SORS;Employed by regions (NSTJ based on the municipality of work);A;Normal value
24021304IND01;RS21;Region Šumadije i Zapadne Srbije;K2;2025;01;Employees at legal entities (in "long-term employment" and in "temporary and occasional employment");385903;NR;number;SORS;Employed by regions (NSTJ based on the municipality of work);A;Normal value
24021304IND01;RS21;Region Šumadije i Zapadne Srbije;K2;2025;02;Entrepreneurs and their employees and persons individually running business (in "long-term employment" and in "temporary and occasional employment");128909;NR;number;SORS;Employed by regions (NSTJ based on the municipality of work);A;Normal value
24021304IND01;RS21;Region Šumadije i Zapadne Srbije;K2;2025;03;Registered individual agricultural producers (farmers);21720;NR;number;SORS;Employed by regions (NSTJ based on the municipality of work);A;Normal value
24021304IND01;RS22;Region Južne i Istočne Srbije;K2;2025;0;Registered employment - total;387917;NR;number;SORS;Employed by regions (NSTJ based on the municipality of work);A;Normal value
24021304IND01;RS22;Region Južne i Istočne Srbije;K2;2025;01;Employees at legal entities (in "long-term employment" and in "temporary and occasional employment");293977;NR;number;SORS;Employed by regions (NSTJ based on the municipality of work);A;Normal value
24021304IND01;RS22;Region Južne i Istočne Srbije;K2;2025;02;Entrepreneurs and their employees and persons individually running business (in "long-term employment" and in "temporary and occasional employment");84612;NR;number;SORS;Employed by regions (NSTJ based on the municipality of work);A;Normal value
24021304IND01;RS22;Region Južne i Istočne Srbije;K2;2025;03;Registered individual agricultural producers (farmers);9329;NR;number;SORS;Employed by regions (NSTJ based on the municipality of work);A;Normal value
24021304IND01;RS23;Region Kosovo i Metohija;K2;2025;0;Registered employment - total;;NR;number;SORS;Employed by regions (NSTJ based on the municipality of work);O;Not available
24021304IND01;RS23;Region Kosovo i Metohija;K2;2025;01;Employees at legal entities (in "long-term employment" and in "temporary and occasional employment");;NR;number;SORS;Employed by regions (NSTJ based on the municipality of work);O;Not available
24021304IND01;RS23;Region Kosovo i Metohija;K2;2025;02;Entrepreneurs and their employees and persons individually running business (in "long-term employment" and in "temporary and occasional employment");;NR;number;SORS;Employed by regions (NSTJ based on the municipality of work);O;Not available
24021304IND01;RS23;Region Kosovo i Metohija;K2;2025;03;Registered individual agricultural producers (farmers);;NR;number;SORS;Employed by regions (NSTJ based on the municipality of work);O;Not available
24021304IND01;RS;REPUBLIC OF SERBIA;K3;2016;0;Registered employment - total;2022788;NR;number;SORS;Employed by regions (NSTJ based on the municipality of work);A;Normal value
24021304IND01;RS;REPUBLIC OF SERBIA;K3;2016;01;Employees at legal entities (in "long-term employment" and in "temporary and occasional employment");1606444;NR;number;SORS;Employed by regions (NSTJ based on the municipality of work);A;Normal value
24021304IND01;RS;REPUBLIC OF SERBIA;K3;2016;02;Entrepreneurs and their employees and persons individually running business (in "long-term employment" and in "temporary and occasional employment");327957;NR;number;SORS;Employed by regions (NSTJ based on the municipality of work);A;Normal value
24021304IND01;RS;REPUBLIC OF SERBIA;K3;2016;03;Registered individual agricultural producers (farmers);88387;NR;number;SORS;Employed by regions (NSTJ based on the municipality of work);A;Normal value
24021304IND01;RS1;SRBIJA – SEVER;K3;2016;0;Registered employment - total;1188706;NR;number;SORS;Employed by regions (NSTJ based on the municipality of work);A;Normal value
24021304IND01;RS1;SRBIJA – SEVER;K3;2016;01;Employees at legal entities (in "long-term employment" and in "temporary and occasional employment");1002851;NR;number;SORS;Employed by regions (NSTJ based on the municipality of work);A;Normal value
24021304IND01;RS1;SRBIJA – SEVER;K3;2016;02;Entrepreneurs and their employees and persons individually running business (in "long-term employment" and in "temporary and occasional employment");157964;NR;number;SORS;Employed by regions (NSTJ based on the municipality of work);A;Normal value
24021304IND01;RS1;SRBIJA – SEVER;K3;2016;03;Registered individual agricultural producers (farmers);27891;NR;number;SORS;Employed by regions (NSTJ based on the municipality of work);A;Normal value
24021304IND01;RS11;Beogradski region;K3;2016;0;Registered employment - total;674309;NR;number;SORS;Employed by regions (NSTJ based on the municipality of work);A;Normal value
24021304IND01;RS11;Beogradski region;K3;2016;01;Employees at legal entities (in "long-term employment" and in "temporary and occasional employment");597012;NR;number;SORS;Employed by regions (NSTJ based on the municipality of work);A;Normal value
24021304IND01;RS11;Beogradski region;K3;2016;02;Entrepreneurs and their employees and persons individually running business (in "long-term employment" and in "temporary and occasional employment");74159;NR;number;SORS;Employed by regions (NSTJ based on the municipality of work);A;Normal value
24021304IND01;RS11;Beogradski region;K3;2016;03;Registered individual agricultural producers (farmers);3138;NR;number;SORS;Employed by regions (NSTJ based on the municipality of work);A;Normal value
24021304IND01;RS12;Region Vojvodine;K3;2016;0;Registered employment - total;514397;NR;number;SORS;Employed by regions (NSTJ based on the municipality of work);A;Normal value
24021304IND01;RS12;Region Vojvodine;K3;2016;01;Employees at legal entities (in "long-term employment" and in "temporary and occasional employment");405839;NR;number;SORS;Employed by regions (NSTJ based on the municipality of work);A;Normal value
24021304IND01;RS12;Region Vojvodine;K3;2016;02;Entrepreneurs and their employees and persons individually running business (in "long-term employment" and in "temporary and occasional employment");83805;NR;number;SORS;Employed by regions (NSTJ based on the municipality of work);A;Normal value
24021304IND01;RS12;Region Vojvodine;K3;2016;03;Registered individual agricultural producers (farmers);24753;NR;number;SORS;Employed by regions (NSTJ based on the municipality of work);A;Normal value
24021304IND01;RS2;SRBIJA – JUG;K3;2016;0;Registered employment - total;834084;NR;number;SORS;Employed by regions (NSTJ based on the municipality of work);A;Normal value
24021304IND01;RS2;SRBIJA – JUG;K3;2016;01;Employees at legal entities (in "long-term employment" and in "temporary and occasional employment");603594;NR;number;SORS;Employed by regions (NSTJ based on the municipality of work);A;Normal value
24021304IND01;RS2;SRBIJA – JUG;K3;2016;02;Entrepreneurs and their employees and persons individually running business (in "long-term employment" and in "temporary and occasional employment");169993;NR;number;SORS;Employed by regions (NSTJ based on the municipality of work);A;Normal value
24021304IND01;RS2;SRBIJA – JUG;K3;2016;03;Registered individual agricultural producers (farmers);60496;NR;number;SORS;Employed by regions (NSTJ based on the municipality of work);A;Normal value
24021304IND01;RS21;Region Šumadije i Zapadne Srbije;K3;2016;0;Registered employment - total;478673;NR;number;SORS;Employed by regions (NSTJ based on the municipality of work);A;Normal value
24021304IND01;RS21;Region Šumadije i Zapadne Srbije;K3;2016;01;Employees at legal entities (in "long-term employment" and in "temporary and occasional employment");336275;NR;number;SORS;Employed by regions (NSTJ based on the municipality of work);A;Normal value
24021304IND01;RS21;Region Šumadije i Zapadne Srbije;K3;2016;02;Entrepreneurs and their employees and persons individually running business (in "long-term employment" and in "temporary and occasional employment");101139;NR;number;SORS;Employed by regions (NSTJ based on the municipality of work);A;Normal value
24021304IND01;RS21;Region Šumadije i Zapadne Srbije;K3;2016;03;Registered individual agricultural producers (farmers);41259;NR;number;SORS;Employed by regions (NSTJ based on the municipality of work);A;Normal value
24021304IND01;RS22;Region Južne i Istočne Srbije;K3;2016;0;Registered employment - total;355412;NR;number;SORS;Employed by regions (NSTJ based on the municipality of work);A;Normal value
24021304IND01;RS22;Region Južne i Istočne Srbije;K3;2016;01;Employees at legal entities (in "long-term employment" and in "temporary and occasional employment");267319;NR;number;SORS;Employed by regions (NSTJ based on the municipality of work);A;Normal value
24021304IND01;RS22;Region Južne i Istočne Srbije;K3;2016;02;Entrepreneurs and their employees and persons individually running business (in "long-term employment" and in "temporary and occasional employment");68855;NR;number;SORS;Employed by regions (NSTJ based on the municipality of work);A;Normal value
24021304IND01;RS22;Region Južne i Istočne Srbije;K3;2016;03;Registered individual agricultural producers (farmers);19238;NR;number;SORS;Employed by regions (NSTJ based on the municipality of work);A;Normal value
24021304IND01;RS23;Region Kosovo i Metohija;K3;2016;0;Registered employment - total;;NR;number;SORS;Employed by regions (NSTJ based on the municipality of work);O;Not available
24021304IND01;RS23;Region Kosovo i Metohija;K3;2016;01;Employees at legal entities (in "long-term employment" and in "temporary and occasional employment");;NR;number;SORS;Employed by regions (NSTJ based on the municipality of work);O;Not available
24021304IND01;RS23;Region Kosovo i Metohija;K3;2016;02;Entrepreneurs and their employees and persons individually running business (in "long-term employment" and in "temporary and occasional employment");;NR;number;SORS;Employed by regions (NSTJ based on the municipality of work);O;Not available
24021304IND01;RS23;Region Kosovo i Metohija;K3;2016;03;Registered individual agricultural producers (farmers);;NR;number;SORS;Employed by regions (NSTJ based on the municipality of work);O;Not available
24021304IND01;RS;REPUBLIC OF SERBIA;K3;2017;0;Registered employment - total;2077574;NR;number;SORS;Employed by regions (NSTJ based on the municipality of work);A;Normal value
24021304IND01;RS;REPUBLIC OF SERBIA;K3;2017;01;Employees at legal entities (in "long-term employment" and in "temporary and occasional employment");1646381;NR;number;SORS;Employed by regions (NSTJ based on the municipality of work);A;Normal value
24021304IND01;RS;REPUBLIC OF SERBIA;K3;2017;02;Entrepreneurs and their employees and persons individually running business (in "long-term employment" and in "temporary and occasional employment");346732;NR;number;SORS;Employed by regions (NSTJ based on the municipality of work);A;Normal value
24021304IND01;RS;REPUBLIC OF SERBIA;K3;2017;03;Registered individual agricultural producers (farmers);84461;NR;number;SORS;Employed by regions (NSTJ based on the municipality of work);A;Normal value
24021304IND01;RS1;SRBIJA – SEVER;K3;2017;0;Registered employment - total;1223356;NR;number;SORS;Employed by regions (NSTJ based on the municipality of work);A;Normal value
24021304IND01;RS1;SRBIJA – SEVER;K3;2017;01;Employees at legal entities (in "long-term employment" and in "temporary and occasional employment");1028676;NR;number;SORS;Employed by regions (NSTJ based on the municipality of work);A;Normal value
24021304IND01;RS1;SRBIJA – SEVER;K3;2017;02;Entrepreneurs and their employees and persons individually running business (in "long-term employment" and in "temporary and occasional employment");168170;NR;number;SORS;Employed by regions (NSTJ based on the municipality of work);A;Normal value
24021304IND01;RS1;SRBIJA – SEVER;K3;2017;03;Registered individual agricultural producers (farmers);26510;NR;number;SORS;Employed by regions (NSTJ based on the municipality of work);A;Normal value
24021304IND01;RS11;Beogradski region;K3;2017;0;Registered employment - total;695354;NR;number;SORS;Employed by regions (NSTJ based on the municipality of work);A;Normal value
24021304IND01;RS11;Beogradski region;K3;2017;01;Employees at legal entities (in "long-term employment" and in "temporary and occasional employment");612308;NR;number;SORS;Employed by regions (NSTJ based on the municipality of work);A;Normal value
24021304IND01;RS11;Beogradski region;K3;2017;02;Entrepreneurs and their employees and persons individually running business (in "long-term employment" and in "temporary and occasional employment");80061;NR;number;SORS;Employed by regions (NSTJ based on the municipality of work);A;Normal value
24021304IND01;RS11;Beogradski region;K3;2017;03;Registered individual agricultural producers (farmers);2984;NR;number;SORS;Employed by regions (NSTJ based on the municipality of work);A;Normal value
24021304IND01;RS12;Region Vojvodine;K3;2017;0;Registered employment - total;528002;NR;number;SORS;Employed by regions (NSTJ based on the municipality of work);A;Normal value
24021304IND01;RS12;Region Vojvodine;K3;2017;01;Employees at legal entities (in "long-term employment" and in "temporary and occasional employment");416368;NR;number;SORS;Employed by regions (NSTJ based on the municipality of work);A;Normal value
24021304IND01;RS12;Region Vojvodine;K3;2017;02;Entrepreneurs and their employees and persons individually running business (in "long-term employment" and in "temporary and occasional employment");88108;NR;number;SORS;Employed by regions (NSTJ based on the municipality of work);A;Normal value
24021304IND01;RS12;Region Vojvodine;K3;2017;03;Registered individual agricultural producers (farmers);23526;NR;number;SORS;Employed by regions (NSTJ based on the municipality of work);A;Normal value
24021304IND01;RS2;SRBIJA – JUG;K3;2017;0;Registered employment - total;854217;NR;number;SORS;Employed by regions (NSTJ based on the municipality of work);A;Normal value
24021304IND01;RS2;SRBIJA – JUG;K3;2017;01;Employees at legal entities (in "long-term employment" and in "temporary and occasional employment");617704;NR;number;SORS;Employed by regions (NSTJ based on the municipality of work);A;Normal value
24021304IND01;RS2;SRBIJA – JUG;K3;2017;02;Entrepreneurs and their employees and persons individually running business (in "long-term employment" and in "temporary and occasional employment");178562;NR;number;SORS;Employed by regions (NSTJ based on the municipality of work);A;Normal value
24021304IND01;RS2;SRBIJA – JUG;K3;2017;03;Registered individual agricultural producers (farmers);57951;NR;number;SORS;Employed by regions (NSTJ based on the municipality of work);A;Normal value
24021304IND01;RS21;Region Šumadije i Zapadne Srbije;K3;2017;0;Registered employment - total;490358;NR;number;SORS;Employed by regions (NSTJ based on the municipality of work);A;Normal value
24021304IND01;RS21;Region Šumadije i Zapadne Srbije;K3;2017;01;Employees at legal entities (in "long-term employment" and in "temporary and occasional employment");344275;NR;number;SORS;Employed by regions (NSTJ based on the municipality of work);A;Normal value
24021304IND01;RS21;Region Šumadije i Zapadne Srbije;K3;2017;02;Entrepreneurs and their employees and persons individually running business (in "long-term employment" and in "temporary and occasional employment");106507;NR;number;SORS;Employed by regions (NSTJ based on the municipality of work);A;Normal value
24021304IND01;RS21;Region Šumadije i Zapadne Srbije;K3;2017;03;Registered individual agricultural producers (farmers);39576;NR;number;SORS;Employed by regions (NSTJ based on the municipality of work);A;Normal value
24021304IND01;RS22;Region Južne i Istočne Srbije;K3;2017;0;Registered employment - total;363859;NR;number;SORS;Employed by regions (NSTJ based on the municipality of work);A;Normal value
24021304IND01;RS22;Region Južne i Istočne Srbije;K3;2017;01;Employees at legal entities (in "long-term employment" and in "temporary and occasional employment");273429;NR;number;SORS;Employed by regions (NSTJ based on the municipality of work);A;Normal value
24021304IND01;RS22;Region Južne i Istočne Srbije;K3;2017;02;Entrepreneurs and their employees and persons individually running business (in "long-term employment" and in "temporary and occasional employment");72055;NR;number;SORS;Employed by regions (NSTJ based on the municipality of work);A;Normal value
24021304IND01;RS22;Region Južne i Istočne Srbije;K3;2017;03;Registered individual agricultural producers (farmers);18375;NR;number;SORS;Employed by regions (NSTJ based on the municipality of work);A;Normal value
24021304IND01;RS23;Region Kosovo i Metohija;K3;2017;0;Registered employment - total;;NR;number;SORS;Employed by regions (NSTJ based on the municipality of work);O;Not available
24021304IND01;RS23;Region Kosovo i Metohija;K3;2017;01;Employees at legal entities (in "long-term employment" and in "temporary and occasional employment");;NR;number;SORS;Employed by regions (NSTJ based on the municipality of work);O;Not available
24021304IND01;RS23;Region Kosovo i Metohija;K3;2017;02;Entrepreneurs and their employees and persons individually running business (in "long-term employment" and in "temporary and occasional employment");;NR;number;SORS;Employed by regions (NSTJ based on the municipality of work);O;Not available
24021304IND01;RS23;Region Kosovo i Metohija;K3;2017;03;Registered individual agricultural producers (farmers);;NR;number;SORS;Employed by regions (NSTJ based on the municipality of work);O;Not available
24021304IND01;RS;REPUBLIC OF SERBIA;K3;2018;0;Registered employment - total;2146842;NR;number;SORS;Employed by regions (NSTJ based on the municipality of work);A;Normal value
24021304IND01;RS;REPUBLIC OF SERBIA;K3;2018;01;Employees at legal entities (in "long-term employment" and in "temporary and occasional employment");1699260;NR;number;SORS;Employed by regions (NSTJ based on the municipality of work);A;Normal value
24021304IND01;RS;REPUBLIC OF SERBIA;K3;2018;02;Entrepreneurs and their employees and persons individually running business (in "long-term employment" and in "temporary and occasional employment");370016;NR;number;SORS;Employed by regions (NSTJ based on the municipality of work);A;Normal value
24021304IND01;RS;REPUBLIC OF SERBIA;K3;2018;03;Registered individual agricultural producers (farmers);77566;NR;number;SORS;Employed by regions (NSTJ based on the municipality of work);A;Normal value
24021304IND01;RS1;SRBIJA – SEVER;K3;2018;0;Registered employment - total;1270880;NR;number;SORS;Employed by regions (NSTJ based on the municipality of work);A;Normal value
24021304IND01;RS1;SRBIJA – SEVER;K3;2018;01;Employees at legal entities (in "long-term employment" and in "temporary and occasional employment");1066492;NR;number;SORS;Employed by regions (NSTJ based on the municipality of work);A;Normal value
24021304IND01;RS1;SRBIJA – SEVER;K3;2018;02;Entrepreneurs and their employees and persons individually running business (in "long-term employment" and in "temporary and occasional employment");179901;NR;number;SORS;Employed by regions (NSTJ based on the municipality of work);A;Normal value
24021304IND01;RS1;SRBIJA – SEVER;K3;2018;03;Registered individual agricultural producers (farmers);24487;NR;number;SORS;Employed by regions (NSTJ based on the municipality of work);A;Normal value
24021304IND01;RS11;Beogradski region;K3;2018;0;Registered employment - total;720974;NR;number;SORS;Employed by regions (NSTJ based on the municipality of work);A;Normal value
24021304IND01;RS11;Beogradski region;K3;2018;01;Employees at legal entities (in "long-term employment" and in "temporary and occasional employment");632143;NR;number;SORS;Employed by regions (NSTJ based on the municipality of work);A;Normal value
24021304IND01;RS11;Beogradski region;K3;2018;02;Entrepreneurs and their employees and persons individually running business (in "long-term employment" and in "temporary and occasional employment");86129;NR;number;SORS;Employed by regions (NSTJ based on the municipality of work);A;Normal value
24021304IND01;RS11;Beogradski region;K3;2018;03;Registered individual agricultural producers (farmers);2702;NR;number;SORS;Employed by regions (NSTJ based on the municipality of work);A;Normal value
24021304IND01;RS12;Region Vojvodine;K3;2018;0;Registered employment - total;549906;NR;number;SORS;Employed by regions (NSTJ based on the municipality of work);A;Normal value
24021304IND01;RS12;Region Vojvodine;K3;2018;01;Employees at legal entities (in "long-term employment" and in "temporary and occasional employment");434349;NR;number;SORS;Employed by regions (NSTJ based on the municipality of work);A;Normal value
24021304IND01;RS12;Region Vojvodine;K3;2018;02;Entrepreneurs and their employees and persons individually running business (in "long-term employment" and in "temporary and occasional employment");93772;NR;number;SORS;Employed by regions (NSTJ based on the municipality of work);A;Normal value
24021304IND01;RS12;Region Vojvodine;K3;2018;03;Registered individual agricultural producers (farmers);21785;NR;number;SORS;Employed by regions (NSTJ based on the municipality of work);A;Normal value
24021304IND01;RS2;SRBIJA – JUG;K3;2018;0;Registered employment - total;875962;NR;number;SORS;Employed by regions (NSTJ based on the municipality of work);A;Normal value
24021304IND01;RS2;SRBIJA – JUG;K3;2018;01;Employees at legal entities (in "long-term employment" and in "temporary and occasional employment");632768;NR;number;SORS;Employed by regions (NSTJ based on the municipality of work);A;Normal value
24021304IND01;RS2;SRBIJA – JUG;K3;2018;02;Entrepreneurs and their employees and persons individually running business (in "long-term employment" and in "temporary and occasional employment");190115;NR;number;SORS;Employed by regions (NSTJ based on the municipality of work);A;Normal value
24021304IND01;RS2;SRBIJA – JUG;K3;2018;03;Registered individual agricultural producers (farmers);53079;NR;number;SORS;Employed by regions (NSTJ based on the municipality of work);A;Normal value
24021304IND01;RS21;Region Šumadije i Zapadne Srbije;K3;2018;0;Registered employment - total;505815;NR;number;SORS;Employed by regions (NSTJ based on the municipality of work);A;Normal value
24021304IND01;RS21;Region Šumadije i Zapadne Srbije;K3;2018;01;Employees at legal entities (in "long-term employment" and in "temporary and occasional employment");355909;NR;number;SORS;Employed by regions (NSTJ based on the municipality of work);A;Normal value
24021304IND01;RS21;Region Šumadije i Zapadne Srbije;K3;2018;02;Entrepreneurs and their employees and persons individually running business (in "long-term employment" and in "temporary and occasional employment");113372;NR;number;SORS;Employed by regions (NSTJ based on the municipality of work);A;Normal value
24021304IND01;RS21;Region Šumadije i Zapadne Srbije;K3;2018;03;Registered individual agricultural producers (farmers);36534;NR;number;SORS;Employed by regions (NSTJ based on the municipality of work);A;Normal value
24021304IND01;RS22;Region Južne i Istočne Srbije;K3;2018;0;Registered employment - total;370147;NR;number;SORS;Employed by regions (NSTJ based on the municipality of work);A;Normal value
24021304IND01;RS22;Region Južne i Istočne Srbije;K3;2018;01;Employees at legal entities (in "long-term employment" and in "temporary and occasional employment");276859;NR;number;SORS;Employed by regions (NSTJ based on the municipality of work);A;Normal value
24021304IND01;RS22;Region Južne i Istočne Srbije;K3;2018;02;Entrepreneurs and their employees and persons individually running business (in "long-term employment" and in "temporary and occasional employment");76743;NR;number;SORS;Employed by regions (NSTJ based on the municipality of work);A;Normal value
24021304IND01;RS22;Region Južne i Istočne Srbije;K3;2018;03;Registered individual agricultural producers (farmers);16545;NR;number;SORS;Employed by regions (NSTJ based on the municipality of work);A;Normal value
24021304IND01;RS23;Region Kosovo i Metohija;K3;2018;0;Registered employment - total;;NR;number;SORS;Employed by regions (NSTJ based on the municipality of work);O;Not available
24021304IND01;RS23;Region Kosovo i Metohija;K3;2018;01;Employees at legal entities (in "long-term employment" and in "temporary and occasional employment");;NR;number;SORS;Employed by regions (NSTJ based on the municipality of work);O;Not available
24021304IND01;RS23;Region Kosovo i Metohija;K3;2018;02;Entrepreneurs and their employees and persons individually running business (in "long-term employment" and in "temporary and occasional employment");;NR;number;SORS;Employed by regions (NSTJ based on the municipality of work);O;Not available
24021304IND01;RS23;Region Kosovo i Metohija;K3;2018;03;Registered individual agricultural producers (farmers);;NR;number;SORS;Employed by regions (NSTJ based on the municipality of work);O;Not available
24021304IND01;RS;REPUBLIC OF SERBIA;K3;2019;0;Registered employment - total;2180420;NR;number;SORS;Employed by regions (NSTJ based on the municipality of work);A;Normal value
24021304IND01;RS;REPUBLIC OF SERBIA;K3;2019;01;Employees at legal entities (in "long-term employment" and in "temporary and occasional employment");1728348;NR;number;SORS;Employed by regions (NSTJ based on the municipality of work);A;Normal value
24021304IND01;RS;REPUBLIC OF SERBIA;K3;2019;02;Entrepreneurs and their employees and persons individually running business (in "long-term employment" and in "temporary and occasional employment");381152;NR;number;SORS;Employed by regions (NSTJ based on the municipality of work);A;Normal value
24021304IND01;RS;REPUBLIC OF SERBIA;K3;2019;03;Registered individual agricultural producers (farmers);70920;NR;number;SORS;Employed by regions (NSTJ based on the municipality of work);A;Normal value
24021304IND01;RS1;SRBIJA – SEVER;K3;2019;0;Registered employment - total;1295229;NR;number;SORS;Employed by regions (NSTJ based on the municipality of work);A;Normal value
24021304IND01;RS1;SRBIJA – SEVER;K3;2019;01;Employees at legal entities (in "long-term employment" and in "temporary and occasional employment");1085812;NR;number;SORS;Employed by regions (NSTJ based on the municipality of work);A;Normal value
24021304IND01;RS1;SRBIJA – SEVER;K3;2019;02;Entrepreneurs and their employees and persons individually running business (in "long-term employment" and in "temporary and occasional employment");186746;NR;number;SORS;Employed by regions (NSTJ based on the municipality of work);A;Normal value
24021304IND01;RS1;SRBIJA – SEVER;K3;2019;03;Registered individual agricultural producers (farmers);22671;NR;number;SORS;Employed by regions (NSTJ based on the municipality of work);A;Normal value
24021304IND01;RS11;Beogradski region;K3;2019;0;Registered employment - total;744270;NR;number;SORS;Employed by regions (NSTJ based on the municipality of work);A;Normal value
24021304IND01;RS11;Beogradski region;K3;2019;01;Employees at legal entities (in "long-term employment" and in "temporary and occasional employment");651414;NR;number;SORS;Employed by regions (NSTJ based on the municipality of work);A;Normal value
24021304IND01;RS11;Beogradski region;K3;2019;02;Entrepreneurs and their employees and persons individually running business (in "long-term employment" and in "temporary and occasional employment");90397;NR;number;SORS;Employed by regions (NSTJ based on the municipality of work);A;Normal value
24021304IND01;RS11;Beogradski region;K3;2019;03;Registered individual agricultural producers (farmers);2460;NR;number;SORS;Employed by regions (NSTJ based on the municipality of work);A;Normal value
24021304IND01;RS12;Region Vojvodine;K3;2019;0;Registered employment - total;550959;NR;number;SORS;Employed by regions (NSTJ based on the municipality of work);A;Normal value
24021304IND01;RS12;Region Vojvodine;K3;2019;01;Employees at legal entities (in "long-term employment" and in "temporary and occasional employment");434398;NR;number;SORS;Employed by regions (NSTJ based on the municipality of work);A;Normal value
24021304IND01;RS12;Region Vojvodine;K3;2019;02;Entrepreneurs and their employees and persons individually running business (in "long-term employment" and in "temporary and occasional employment");96350;NR;number;SORS;Employed by regions (NSTJ based on the municipality of work);A;Normal value
24021304IND01;RS12;Region Vojvodine;K3;2019;03;Registered individual agricultural producers (farmers);20211;NR;number;SORS;Employed by regions (NSTJ based on the municipality of work);A;Normal value
24021304IND01;RS2;SRBIJA – JUG;K3;2019;0;Registered employment - total;885191;NR;number;SORS;Employed by regions (NSTJ based on the municipality of work);A;Normal value
24021304IND01;RS2;SRBIJA – JUG;K3;2019;01;Employees at legal entities (in "long-term employment" and in "temporary and occasional employment");642537;NR;number;SORS;Employed by regions (NSTJ based on the municipality of work);A;Normal value
24021304IND01;RS2;SRBIJA – JUG;K3;2019;02;Entrepreneurs and their employees and persons individually running business (in "long-term employment" and in "temporary and occasional employment");194405;NR;number;SORS;Employed by regions (NSTJ based on the municipality of work);A;Normal value
24021304IND01;RS2;SRBIJA – JUG;K3;2019;03;Registered individual agricultural producers (farmers);48249;NR;number;SORS;Employed by regions (NSTJ based on the municipality of work);A;Normal value
24021304IND01;RS21;Region Šumadije i Zapadne Srbije;K3;2019;0;Registered employment - total;510966;NR;number;SORS;Employed by regions (NSTJ based on the municipality of work);A;Normal value
24021304IND01;RS21;Region Šumadije i Zapadne Srbije;K3;2019;01;Employees at legal entities (in "long-term employment" and in "temporary and occasional employment");361258;NR;number;SORS;Employed by regions (NSTJ based on the municipality of work);A;Normal value
24021304IND01;RS21;Region Šumadije i Zapadne Srbije;K3;2019;02;Entrepreneurs and their employees and persons individually running business (in "long-term employment" and in "temporary and occasional employment");116455;NR;number;SORS;Employed by regions (NSTJ based on the municipality of work);A;Normal value
24021304IND01;RS21;Region Šumadije i Zapadne Srbije;K3;2019;03;Registered individual agricultural producers (farmers);33253;NR;number;SORS;Employed by regions (NSTJ based on the municipality of work);A;Normal value
24021304IND01;RS22;Region Južne i Istočne Srbije;K3;2019;0;Registered employment - total;374225;NR;number;SORS;Employed by regions (NSTJ based on the municipality of work);A;Normal value
24021304IND01;RS22;Region Južne i Istočne Srbije;K3;2019;01;Employees at legal entities (in "long-term employment" and in "temporary and occasional employment");281279;NR;number;SORS;Employed by regions (NSTJ based on the municipality of work);A;Normal value
24021304IND01;RS22;Region Južne i Istočne Srbije;K3;2019;02;Entrepreneurs and their employees and persons individually running business (in "long-term employment" and in "temporary and occasional employment");77950;NR;number;SORS;Employed by regions (NSTJ based on the municipality of work);A;Normal value
24021304IND01;RS22;Region Južne i Istočne Srbije;K3;2019;03;Registered individual agricultural producers (farmers);14996;NR;number;SORS;Employed by regions (NSTJ based on the municipality of work);A;Normal value
24021304IND01;RS23;Region Kosovo i Metohija;K3;2019;0;Registered employment - total;;NR;number;SORS;Employed by regions (NSTJ based on the municipality of work);O;Not available
24021304IND01;RS23;Region Kosovo i Metohija;K3;2019;01;Employees at legal entities (in "long-term employment" and in "temporary and occasional employment");;NR;number;SORS;Employed by regions (NSTJ based on the municipality of work);O;Not available
24021304IND01;RS23;Region Kosovo i Metohija;K3;2019;02;Entrepreneurs and their employees and persons individually running business (in "long-term employment" and in "temporary and occasional employment");;NR;number;SORS;Employed by regions (NSTJ based on the municipality of work);O;Not available
24021304IND01;RS23;Region Kosovo i Metohija;K3;2019;03;Registered individual agricultural producers (farmers);;NR;number;SORS;Employed by regions (NSTJ based on the municipality of work);O;Not available
24021304IND01;RS;REPUBLIC OF SERBIA;K3;2020;0;Registered employment - total;2224842;NR;number;SORS;Employed by regions (NSTJ based on the municipality of work);A;Normal value
24021304IND01;RS;REPUBLIC OF SERBIA;K3;2020;01;Employees at legal entities (in "long-term employment" and in "temporary and occasional employment");1768027;NR;number;SORS;Employed by regions (NSTJ based on the municipality of work);A;Normal value
24021304IND01;RS;REPUBLIC OF SERBIA;K3;2020;02;Entrepreneurs and their employees and persons individually running business (in "long-term employment" and in "temporary and occasional employment");391277;NR;number;SORS;Employed by regions (NSTJ based on the municipality of work);A;Normal value
24021304IND01;RS;REPUBLIC OF SERBIA;K3;2020;03;Registered individual agricultural producers (farmers);65538;NR;number;SORS;Employed by regions (NSTJ based on the municipality of work);A;Normal value
24021304IND01;RS1;SRBIJA – SEVER;K3;2020;0;Registered employment - total;1324523;NR;number;SORS;Employed by regions (NSTJ based on the municipality of work);A;Normal value
24021304IND01;RS1;SRBIJA – SEVER;K3;2020;01;Employees at legal entities (in "long-term employment" and in "temporary and occasional employment");1112253;NR;number;SORS;Employed by regions (NSTJ based on the municipality of work);A;Normal value
24021304IND01;RS1;SRBIJA – SEVER;K3;2020;02;Entrepreneurs and their employees and persons individually running business (in "long-term employment" and in "temporary and occasional employment");191174;NR;number;SORS;Employed by regions (NSTJ based on the municipality of work);A;Normal value
24021304IND01;RS1;SRBIJA – SEVER;K3;2020;03;Registered individual agricultural producers (farmers);21096;NR;number;SORS;Employed by regions (NSTJ based on the municipality of work);A;Normal value
24021304IND01;RS11;Beogradski region;K3;2020;0;Registered employment - total;760772;NR;number;SORS;Employed by regions (NSTJ based on the municipality of work);A;Normal value
24021304IND01;RS11;Beogradski region;K3;2020;01;Employees at legal entities (in "long-term employment" and in "temporary and occasional employment");666176;NR;number;SORS;Employed by regions (NSTJ based on the municipality of work);A;Normal value
24021304IND01;RS11;Beogradski region;K3;2020;02;Entrepreneurs and their employees and persons individually running business (in "long-term employment" and in "temporary and occasional employment");92293;NR;number;SORS;Employed by regions (NSTJ based on the municipality of work);A;Normal value
24021304IND01;RS11;Beogradski region;K3;2020;03;Registered individual agricultural producers (farmers);2303;NR;number;SORS;Employed by regions (NSTJ based on the municipality of work);A;Normal value
24021304IND01;RS12;Region Vojvodine;K3;2020;0;Registered employment - total;563752;NR;number;SORS;Employed by regions (NSTJ based on the municipality of work);A;Normal value
24021304IND01;RS12;Region Vojvodine;K3;2020;01;Employees at legal entities (in "long-term employment" and in "temporary and occasional employment");446078;NR;number;SORS;Employed by regions (NSTJ based on the municipality of work);A;Normal value
24021304IND01;RS12;Region Vojvodine;K3;2020;02;Entrepreneurs and their employees and persons individually running business (in "long-term employment" and in "temporary and occasional employment");98881;NR;number;SORS;Employed by regions (NSTJ based on the municipality of work);A;Normal value
24021304IND01;RS12;Region Vojvodine;K3;2020;03;Registered individual agricultural producers (farmers);18793;NR;number;SORS;Employed by regions (NSTJ based on the municipality of work);A;Normal value
24021304IND01;RS2;SRBIJA – JUG;K3;2020;0;Registered employment - total;900318;NR;number;SORS;Employed by regions (NSTJ based on the municipality of work);A;Normal value
24021304IND01;RS2;SRBIJA – JUG;K3;2020;01;Employees at legal entities (in "long-term employment" and in "temporary and occasional employment");655773;NR;number;SORS;Employed by regions (NSTJ based on the municipality of work);A;Normal value
24021304IND01;RS2;SRBIJA – JUG;K3;2020;02;Entrepreneurs and their employees and persons individually running business (in "long-term employment" and in "temporary and occasional employment");200103;NR;number;SORS;Employed by regions (NSTJ based on the municipality of work);A;Normal value
24021304IND01;RS2;SRBIJA – JUG;K3;2020;03;Registered individual agricultural producers (farmers);44442;NR;number;SORS;Employed by regions (NSTJ based on the municipality of work);A;Normal value
24021304IND01;RS21;Region Šumadije i Zapadne Srbije;K3;2020;0;Registered employment - total;517617;NR;number;SORS;Employed by regions (NSTJ based on the municipality of work);A;Normal value
24021304IND01;RS21;Region Šumadije i Zapadne Srbije;K3;2020;01;Employees at legal entities (in "long-term employment" and in "temporary and occasional employment");366626;NR;number;SORS;Employed by regions (NSTJ based on the municipality of work);A;Normal value
24021304IND01;RS21;Region Šumadije i Zapadne Srbije;K3;2020;02;Entrepreneurs and their employees and persons individually running business (in "long-term employment" and in "temporary and occasional employment");120368;NR;number;SORS;Employed by regions (NSTJ based on the municipality of work);A;Normal value
24021304IND01;RS21;Region Šumadije i Zapadne Srbije;K3;2020;03;Registered individual agricultural producers (farmers);30624;NR;number;SORS;Employed by regions (NSTJ based on the municipality of work);A;Normal value
24021304IND01;RS22;Region Južne i Istočne Srbije;K3;2020;0;Registered employment - total;382700;NR;number;SORS;Employed by regions (NSTJ based on the municipality of work);A;Normal value
24021304IND01;RS22;Region Južne i Istočne Srbije;K3;2020;01;Employees at legal entities (in "long-term employment" and in "temporary and occasional employment");289148;NR;number;SORS;Employed by regions (NSTJ based on the municipality of work);A;Normal value
24021304IND01;RS22;Region Južne i Istočne Srbije;K3;2020;02;Entrepreneurs and their employees and persons individually running business (in "long-term employment" and in "temporary and occasional employment");79735;NR;number;SORS;Employed by regions (NSTJ based on the municipality of work);A;Normal value
24021304IND01;RS22;Region Južne i Istočne Srbije;K3;2020;03;Registered individual agricultural producers (farmers);13817;NR;number;SORS;Employed by regions (NSTJ based on the municipality of work);A;Normal value
24021304IND01;RS23;Region Kosovo i Metohija;K3;2020;0;Registered employment - total;;NR;number;SORS;Employed by regions (NSTJ based on the municipality of work);O;Not available
24021304IND01;RS23;Region Kosovo i Metohija;K3;2020;01;Employees at legal entities (in "long-term employment" and in "temporary and occasional employment");;NR;number;SORS;Employed by regions (NSTJ based on the municipality of work);O;Not available
24021304IND01;RS23;Region Kosovo i Metohija;K3;2020;02;Entrepreneurs and their employees and persons individually running business (in "long-term employment" and in "temporary and occasional employment");;NR;number;SORS;Employed by regions (NSTJ based on the municipality of work);O;Not available
24021304IND01;RS23;Region Kosovo i Metohija;K3;2020;03;Registered individual agricultural producers (farmers);;NR;number;SORS;Employed by regions (NSTJ based on the municipality of work);O;Not available
24021304IND01;RS;REPUBLIC OF SERBIA;K3;2021;0;Registered employment - total;2287459;NR;number;SORS;Employed by regions (NSTJ based on the municipality of work);A;Normal value
24021304IND01;RS;REPUBLIC OF SERBIA;K3;2021;01;Employees at legal entities (in "long-term employment" and in "temporary and occasional employment");1823955;NR;number;SORS;Employed by regions (NSTJ based on the municipality of work);A;Normal value
24021304IND01;RS;REPUBLIC OF SERBIA;K3;2021;02;Entrepreneurs and their employees and persons individually running business (in "long-term employment" and in "temporary and occasional employment");403293;NR;number;SORS;Employed by regions (NSTJ based on the municipality of work);A;Normal value
24021304IND01;RS;REPUBLIC OF SERBIA;K3;2021;03;Registered individual agricultural producers (farmers);60211;NR;number;SORS;Employed by regions (NSTJ based on the municipality of work);A;Normal value
24021304IND01;RS1;SRBIJA – SEVER;K3;2021;0;Registered employment - total;1367713;NR;number;SORS;Employed by regions (NSTJ based on the municipality of work);A;Normal value
24021304IND01;RS1;SRBIJA – SEVER;K3;2021;01;Employees at legal entities (in "long-term employment" and in "temporary and occasional employment");1150292;NR;number;SORS;Employed by regions (NSTJ based on the municipality of work);A;Normal value
24021304IND01;RS1;SRBIJA – SEVER;K3;2021;02;Entrepreneurs and their employees and persons individually running business (in "long-term employment" and in "temporary and occasional employment");197697;NR;number;SORS;Employed by regions (NSTJ based on the municipality of work);A;Normal value
24021304IND01;RS1;SRBIJA – SEVER;K3;2021;03;Registered individual agricultural producers (farmers);19724;NR;number;SORS;Employed by regions (NSTJ based on the municipality of work);A;Normal value
24021304IND01;RS11;Beogradski region;K3;2021;0;Registered employment - total;788949;NR;number;SORS;Employed by regions (NSTJ based on the municipality of work);A;Normal value
24021304IND01;RS11;Beogradski region;K3;2021;01;Employees at legal entities (in "long-term employment" and in "temporary and occasional employment");691530;NR;number;SORS;Employed by regions (NSTJ based on the municipality of work);A;Normal value
24021304IND01;RS11;Beogradski region;K3;2021;02;Entrepreneurs and their employees and persons individually running business (in "long-term employment" and in "temporary and occasional employment");95276;NR;number;SORS;Employed by regions (NSTJ based on the municipality of work);A;Normal value
24021304IND01;RS11;Beogradski region;K3;2021;03;Registered individual agricultural producers (farmers);2143;NR;number;SORS;Employed by regions (NSTJ based on the municipality of work);A;Normal value
24021304IND01;RS12;Region Vojvodine;K3;2021;0;Registered employment - total;578764;NR;number;SORS;Employed by regions (NSTJ based on the municipality of work);A;Normal value
24021304IND01;RS12;Region Vojvodine;K3;2021;01;Employees at legal entities (in "long-term employment" and in "temporary and occasional employment");458762;NR;number;SORS;Employed by regions (NSTJ based on the municipality of work);A;Normal value
24021304IND01;RS12;Region Vojvodine;K3;2021;02;Entrepreneurs and their employees and persons individually running business (in "long-term employment" and in "temporary and occasional employment");102421;NR;number;SORS;Employed by regions (NSTJ based on the municipality of work);A;Normal value
24021304IND01;RS12;Region Vojvodine;K3;2021;03;Registered individual agricultural producers (farmers);17581;NR;number;SORS;Employed by regions (NSTJ based on the municipality of work);A;Normal value
24021304IND01;RS2;SRBIJA – JUG;K3;2021;0;Registered employment - total;919746;NR;number;SORS;Employed by regions (NSTJ based on the municipality of work);A;Normal value
24021304IND01;RS2;SRBIJA – JUG;K3;2021;01;Employees at legal entities (in "long-term employment" and in "temporary and occasional employment");673663;NR;number;SORS;Employed by regions (NSTJ based on the municipality of work);A;Normal value
24021304IND01;RS2;SRBIJA – JUG;K3;2021;02;Entrepreneurs and their employees and persons individually running business (in "long-term employment" and in "temporary and occasional employment");205596;NR;number;SORS;Employed by regions (NSTJ based on the municipality of work);A;Normal value
24021304IND01;RS2;SRBIJA – JUG;K3;2021;03;Registered individual agricultural producers (farmers);40487;NR;number;SORS;Employed by regions (NSTJ based on the municipality of work);A;Normal value
24021304IND01;RS21;Region Šumadije i Zapadne Srbije;K3;2021;0;Registered employment - total;526504;NR;number;SORS;Employed by regions (NSTJ based on the municipality of work);A;Normal value
24021304IND01;RS21;Region Šumadije i Zapadne Srbije;K3;2021;01;Employees at legal entities (in "long-term employment" and in "temporary and occasional employment");375121;NR;number;SORS;Employed by regions (NSTJ based on the municipality of work);A;Normal value
24021304IND01;RS21;Region Šumadije i Zapadne Srbije;K3;2021;02;Entrepreneurs and their employees and persons individually running business (in "long-term employment" and in "temporary and occasional employment");123423;NR;number;SORS;Employed by regions (NSTJ based on the municipality of work);A;Normal value
24021304IND01;RS21;Region Šumadije i Zapadne Srbije;K3;2021;03;Registered individual agricultural producers (farmers);27960;NR;number;SORS;Employed by regions (NSTJ based on the municipality of work);A;Normal value
24021304IND01;RS22;Region Južne i Istočne Srbije;K3;2021;0;Registered employment - total;393241;NR;number;SORS;Employed by regions (NSTJ based on the municipality of work);A;Normal value
24021304IND01;RS22;Region Južne i Istočne Srbije;K3;2021;01;Employees at legal entities (in "long-term employment" and in "temporary and occasional employment");298542;NR;number;SORS;Employed by regions (NSTJ based on the municipality of work);A;Normal value
24021304IND01;RS22;Region Južne i Istočne Srbije;K3;2021;02;Entrepreneurs and their employees and persons individually running business (in "long-term employment" and in "temporary and occasional employment");82173;NR;number;SORS;Employed by regions (NSTJ based on the municipality of work);A;Normal value
24021304IND01;RS22;Region Južne i Istočne Srbije;K3;2021;03;Registered individual agricultural producers (farmers);12526;NR;number;SORS;Employed by regions (NSTJ based on the municipality of work);A;Normal value
24021304IND01;RS23;Region Kosovo i Metohija;K3;2021;0;Registered employment - total;;NR;number;SORS;Employed by regions (NSTJ based on the municipality of work);O;Not available
24021304IND01;RS23;Region Kosovo i Metohija;K3;2021;01;Employees at legal entities (in "long-term employment" and in "temporary and occasional employment");;NR;number;SORS;Employed by regions (NSTJ based on the municipality of work);O;Not available
24021304IND01;RS23;Region Kosovo i Metohija;K3;2021;02;Entrepreneurs and their employees and persons individually running business (in "long-term employment" and in "temporary and occasional employment");;NR;number;SORS;Employed by regions (NSTJ based on the municipality of work);O;Not available
24021304IND01;RS23;Region Kosovo i Metohija;K3;2021;03;Registered individual agricultural producers (farmers);;NR;number;SORS;Employed by regions (NSTJ based on the municipality of work);O;Not available
24021304IND01;RS;REPUBLIC OF SERBIA;K3;2022;0;Registered employment - total;2308955;NR;number;SORS;Employed by regions (NSTJ based on the municipality of work);A;Normal value
24021304IND01;RS;REPUBLIC OF SERBIA;K3;2022;01;Employees at legal entities (in "long-term employment" and in "temporary and occasional employment");1856035;NR;number;SORS;Employed by regions (NSTJ based on the municipality of work);A;Normal value
24021304IND01;RS;REPUBLIC OF SERBIA;K3;2022;02;Entrepreneurs and their employees and persons individually running business (in "long-term employment" and in "temporary and occasional employment");397247;NR;number;SORS;Employed by regions (NSTJ based on the municipality of work);A;Normal value
24021304IND01;RS;REPUBLIC OF SERBIA;K3;2022;03;Registered individual agricultural producers (farmers);55673;NR;number;SORS;Employed by regions (NSTJ based on the municipality of work);A;Normal value
24021304IND01;RS1;SRBIJA – SEVER;K3;2022;0;Registered employment - total;1389743;NR;number;SORS;Employed by regions (NSTJ based on the municipality of work);A;Normal value
24021304IND01;RS1;SRBIJA – SEVER;K3;2022;01;Employees at legal entities (in "long-term employment" and in "temporary and occasional employment");1175801;NR;number;SORS;Employed by regions (NSTJ based on the municipality of work);A;Normal value
24021304IND01;RS1;SRBIJA – SEVER;K3;2022;02;Entrepreneurs and their employees and persons individually running business (in "long-term employment" and in "temporary and occasional employment");195443;NR;number;SORS;Employed by regions (NSTJ based on the municipality of work);A;Normal value
24021304IND01;RS1;SRBIJA – SEVER;K3;2022;03;Registered individual agricultural producers (farmers);18499;NR;number;SORS;Employed by regions (NSTJ based on the municipality of work);A;Normal value
24021304IND01;RS11;Beogradski region;K3;2022;0;Registered employment - total;811737;NR;number;SORS;Employed by regions (NSTJ based on the municipality of work);A;Normal value
24021304IND01;RS11;Beogradski region;K3;2022;01;Employees at legal entities (in "long-term employment" and in "temporary and occasional employment");715436;NR;number;SORS;Employed by regions (NSTJ based on the municipality of work);A;Normal value
24021304IND01;RS11;Beogradski region;K3;2022;02;Entrepreneurs and their employees and persons individually running business (in "long-term employment" and in "temporary and occasional employment");94303;NR;number;SORS;Employed by regions (NSTJ based on the municipality of work);A;Normal value
24021304IND01;RS11;Beogradski region;K3;2022;03;Registered individual agricultural producers (farmers);1998;NR;number;SORS;Employed by regions (NSTJ based on the municipality of work);A;Normal value
24021304IND01;RS12;Region Vojvodine;K3;2022;0;Registered employment - total;578006;NR;number;SORS;Employed by regions (NSTJ based on the municipality of work);A;Normal value
24021304IND01;RS12;Region Vojvodine;K3;2022;01;Employees at legal entities (in "long-term employment" and in "temporary and occasional employment");460365;NR;number;SORS;Employed by regions (NSTJ based on the municipality of work);A;Normal value
24021304IND01;RS12;Region Vojvodine;K3;2022;02;Entrepreneurs and their employees and persons individually running business (in "long-term employment" and in "temporary and occasional employment");101139;NR;number;SORS;Employed by regions (NSTJ based on the municipality of work);A;Normal value
24021304IND01;RS12;Region Vojvodine;K3;2022;03;Registered individual agricultural producers (farmers);16502;NR;number;SORS;Employed by regions (NSTJ based on the municipality of work);A;Normal value
24021304IND01;RS2;SRBIJA – JUG;K3;2022;0;Registered employment - total;919212;NR;number;SORS;Employed by regions (NSTJ based on the municipality of work);A;Normal value
24021304IND01;RS2;SRBIJA – JUG;K3;2022;01;Employees at legal entities (in "long-term employment" and in "temporary and occasional employment");680234;NR;number;SORS;Employed by regions (NSTJ based on the municipality of work);A;Normal value
24021304IND01;RS2;SRBIJA – JUG;K3;2022;02;Entrepreneurs and their employees and persons individually running business (in "long-term employment" and in "temporary and occasional employment");201804;NR;number;SORS;Employed by regions (NSTJ based on the municipality of work);A;Normal value
24021304IND01;RS2;SRBIJA – JUG;K3;2022;03;Registered individual agricultural producers (farmers);37174;NR;number;SORS;Employed by regions (NSTJ based on the municipality of work);A;Normal value
24021304IND01;RS21;Region Šumadije i Zapadne Srbije;K3;2022;0;Registered employment - total;527178;NR;number;SORS;Employed by regions (NSTJ based on the municipality of work);A;Normal value
24021304IND01;RS21;Region Šumadije i Zapadne Srbije;K3;2022;01;Employees at legal entities (in "long-term employment" and in "temporary and occasional employment");379962;NR;number;SORS;Employed by regions (NSTJ based on the municipality of work);A;Normal value
24021304IND01;RS21;Region Šumadije i Zapadne Srbije;K3;2022;02;Entrepreneurs and their employees and persons individually running business (in "long-term employment" and in "temporary and occasional employment");121445;NR;number;SORS;Employed by regions (NSTJ based on the municipality of work);A;Normal value
24021304IND01;RS21;Region Šumadije i Zapadne Srbije;K3;2022;03;Registered individual agricultural producers (farmers);25771;NR;number;SORS;Employed by regions (NSTJ based on the municipality of work);A;Normal value
24021304IND01;RS22;Region Južne i Istočne Srbije;K3;2022;0;Registered employment - total;392033;NR;number;SORS;Employed by regions (NSTJ based on the municipality of work);A;Normal value
24021304IND01;RS22;Region Južne i Istočne Srbije;K3;2022;01;Employees at legal entities (in "long-term employment" and in "temporary and occasional employment");300272;NR;number;SORS;Employed by regions (NSTJ based on the municipality of work);A;Normal value
24021304IND01;RS22;Region Južne i Istočne Srbije;K3;2022;02;Entrepreneurs and their employees and persons individually running business (in "long-term employment" and in "temporary and occasional employment");80359;NR;number;SORS;Employed by regions (NSTJ based on the municipality of work);A;Normal value
24021304IND01;RS22;Region Južne i Istočne Srbije;K3;2022;03;Registered individual agricultural producers (farmers);11402;NR;number;SORS;Employed by regions (NSTJ based on the municipality of work);A;Normal value
24021304IND01;RS23;Region Kosovo i Metohija;K3;2022;0;Registered employment - total;;NR;number;SORS;Employed by regions (NSTJ based on the municipality of work);O;Not available
24021304IND01;RS23;Region Kosovo i Metohija;K3;2022;01;Employees at legal entities (in "long-term employment" and in "temporary and occasional employment");;NR;number;SORS;Employed by regions (NSTJ based on the municipality of work);O;Not available
24021304IND01;RS23;Region Kosovo i Metohija;K3;2022;02;Entrepreneurs and their employees and persons individually running business (in "long-term employment" and in "temporary and occasional employment");;NR;number;SORS;Employed by regions (NSTJ based on the municipality of work);O;Not available
24021304IND01;RS23;Region Kosovo i Metohija;K3;2022;03;Registered individual agricultural producers (farmers);;NR;number;SORS;Employed by regions (NSTJ based on the municipality of work);O;Not available
24021304IND01;RS;REPUBLIC OF SERBIA;K3;2023;0;Registered employment - total;2360762;NR;number;SORS;Employed by regions (NSTJ based on the municipality of work);A;Normal value
24021304IND01;RS;REPUBLIC OF SERBIA;K3;2023;01;Employees at legal entities (in "long-term employment" and in "temporary and occasional employment");1892341;NR;number;SORS;Employed by regions (NSTJ based on the municipality of work);A;Normal value
24021304IND01;RS;REPUBLIC OF SERBIA;K3;2023;02;Entrepreneurs and their employees and persons individually running business (in "long-term employment" and in "temporary and occasional employment");415392;NR;number;SORS;Employed by regions (NSTJ based on the municipality of work);A;Normal value
24021304IND01;RS;REPUBLIC OF SERBIA;K3;2023;03;Registered individual agricultural producers (farmers);53029;NR;number;SORS;Employed by regions (NSTJ based on the municipality of work);A;Normal value
24021304IND01;RS1;SRBIJA – SEVER;K3;2023;0;Registered employment - total;1429659;NR;number;SORS;Employed by regions (NSTJ based on the municipality of work);A;Normal value
24021304IND01;RS1;SRBIJA – SEVER;K3;2023;01;Employees at legal entities (in "long-term employment" and in "temporary and occasional employment");1207122;NR;number;SORS;Employed by regions (NSTJ based on the municipality of work);A;Normal value
24021304IND01;RS1;SRBIJA – SEVER;K3;2023;02;Entrepreneurs and their employees and persons individually running business (in "long-term employment" and in "temporary and occasional employment");204972;NR;number;SORS;Employed by regions (NSTJ based on the municipality of work);A;Normal value
24021304IND01;RS1;SRBIJA – SEVER;K3;2023;03;Registered individual agricultural producers (farmers);17564;NR;number;SORS;Employed by regions (NSTJ based on the municipality of work);A;Normal value
24021304IND01;RS11;Beogradski region;K3;2023;0;Registered employment - total;837246;NR;number;SORS;Employed by regions (NSTJ based on the municipality of work);A;Normal value
24021304IND01;RS11;Beogradski region;K3;2023;01;Employees at legal entities (in "long-term employment" and in "temporary and occasional employment");736026;NR;number;SORS;Employed by regions (NSTJ based on the municipality of work);A;Normal value
24021304IND01;RS11;Beogradski region;K3;2023;02;Entrepreneurs and their employees and persons individually running business (in "long-term employment" and in "temporary and occasional employment");99335;NR;number;SORS;Employed by regions (NSTJ based on the municipality of work);A;Normal value
24021304IND01;RS11;Beogradski region;K3;2023;03;Registered individual agricultural producers (farmers);1885;NR;number;SORS;Employed by regions (NSTJ based on the municipality of work);A;Normal value
24021304IND01;RS12;Region Vojvodine;K3;2023;0;Registered employment - total;592413;NR;number;SORS;Employed by regions (NSTJ based on the municipality of work);A;Normal value
24021304IND01;RS12;Region Vojvodine;K3;2023;01;Employees at legal entities (in "long-term employment" and in "temporary and occasional employment");471096;NR;number;SORS;Employed by regions (NSTJ based on the municipality of work);A;Normal value
24021304IND01;RS12;Region Vojvodine;K3;2023;02;Entrepreneurs and their employees and persons individually running business (in "long-term employment" and in "temporary and occasional employment");105638;NR;number;SORS;Employed by regions (NSTJ based on the municipality of work);A;Normal value
24021304IND01;RS12;Region Vojvodine;K3;2023;03;Registered individual agricultural producers (farmers);15679;NR;number;SORS;Employed by regions (NSTJ based on the municipality of work);A;Normal value
24021304IND01;RS2;SRBIJA – JUG;K3;2023;0;Registered employment - total;931103;NR;number;SORS;Employed by regions (NSTJ based on the municipality of work);A;Normal value
24021304IND01;RS2;SRBIJA – JUG;K3;2023;01;Employees at legal entities (in "long-term employment" and in "temporary and occasional employment");685219;NR;number;SORS;Employed by regions (NSTJ based on the municipality of work);A;Normal value
24021304IND01;RS2;SRBIJA – JUG;K3;2023;02;Entrepreneurs and their employees and persons individually running business (in "long-term employment" and in "temporary and occasional employment");210419;NR;number;SORS;Employed by regions (NSTJ based on the municipality of work);A;Normal value
24021304IND01;RS2;SRBIJA – JUG;K3;2023;03;Registered individual agricultural producers (farmers);35465;NR;number;SORS;Employed by regions (NSTJ based on the municipality of work);A;Normal value
24021304IND01;RS21;Region Šumadije i Zapadne Srbije;K3;2023;0;Registered employment - total;535835;NR;number;SORS;Employed by regions (NSTJ based on the municipality of work);A;Normal value
24021304IND01;RS21;Region Šumadije i Zapadne Srbije;K3;2023;01;Employees at legal entities (in "long-term employment" and in "temporary and occasional employment");384003;NR;number;SORS;Employed by regions (NSTJ based on the municipality of work);A;Normal value
24021304IND01;RS21;Region Šumadije i Zapadne Srbije;K3;2023;02;Entrepreneurs and their employees and persons individually running business (in "long-term employment" and in "temporary and occasional employment");127140;NR;number;SORS;Employed by regions (NSTJ based on the municipality of work);A;Normal value
24021304IND01;RS21;Region Šumadije i Zapadne Srbije;K3;2023;03;Registered individual agricultural producers (farmers);24692;NR;number;SORS;Employed by regions (NSTJ based on the municipality of work);A;Normal value
24021304IND01;RS22;Region Južne i Istočne Srbije;K3;2023;0;Registered employment - total;395268;NR;number;SORS;Employed by regions (NSTJ based on the municipality of work);A;Normal value
24021304IND01;RS22;Region Južne i Istočne Srbije;K3;2023;01;Employees at legal entities (in "long-term employment" and in "temporary and occasional employment");301216;NR;number;SORS;Employed by regions (NSTJ based on the municipality of work);A;Normal value
24021304IND01;RS22;Region Južne i Istočne Srbije;K3;2023;02;Entrepreneurs and their employees and persons individually running business (in "long-term employment" and in "temporary and occasional employment");83279;NR;number;SORS;Employed by regions (NSTJ based on the municipality of work);A;Normal value
24021304IND01;RS22;Region Južne i Istočne Srbije;K3;2023;03;Registered individual agricultural producers (farmers);10773;NR;number;SORS;Employed by regions (NSTJ based on the municipality of work);A;Normal value
24021304IND01;RS23;Region Kosovo i Metohija;K3;2023;0;Registered employment - total;;NR;number;SORS;Employed by regions (NSTJ based on the municipality of work);O;Not available
24021304IND01;RS23;Region Kosovo i Metohija;K3;2023;01;Employees at legal entities (in "long-term employment" and in "temporary and occasional employment");;NR;number;SORS;Employed by regions (NSTJ based on the municipality of work);O;Not available
24021304IND01;RS23;Region Kosovo i Metohija;K3;2023;02;Entrepreneurs and their employees and persons individually running business (in "long-term employment" and in "temporary and occasional employment");;NR;number;SORS;Employed by regions (NSTJ based on the municipality of work);O;Not available
24021304IND01;RS23;Region Kosovo i Metohija;K3;2023;03;Registered individual agricultural producers (farmers);;NR;number;SORS;Employed by regions (NSTJ based on the municipality of work);O;Not available
24021304IND01;RS;REPUBLIC OF SERBIA;K3;2024;0;Registered employment - total;2365672;NR;number;SORS;Employed by regions (NSTJ based on the municipality of work);A;Normal value
24021304IND01;RS;REPUBLIC OF SERBIA;K3;2024;01;Employees at legal entities (in "long-term employment" and in "temporary and occasional employment");1896300;NR;number;SORS;Employed by regions (NSTJ based on the municipality of work);A;Normal value
24021304IND01;RS;REPUBLIC OF SERBIA;K3;2024;02;Entrepreneurs and their employees and persons individually running business (in "long-term employment" and in "temporary and occasional employment");420453;NR;number;SORS;Employed by regions (NSTJ based on the municipality of work);A;Normal value
24021304IND01;RS;REPUBLIC OF SERBIA;K3;2024;03;Registered individual agricultural producers (farmers);48919;NR;number;SORS;Employed by regions (NSTJ based on the municipality of work);A;Normal value
24021304IND01;RS1;SRBIJA – SEVER;K3;2024;0;Registered employment - total;1437482;NR;number;SORS;Employed by regions (NSTJ based on the municipality of work);A;Normal value
24021304IND01;RS1;SRBIJA – SEVER;K3;2024;01;Employees at legal entities (in "long-term employment" and in "temporary and occasional employment");1212928;NR;number;SORS;Employed by regions (NSTJ based on the municipality of work);A;Normal value
24021304IND01;RS1;SRBIJA – SEVER;K3;2024;02;Entrepreneurs and their employees and persons individually running business (in "long-term employment" and in "temporary and occasional employment");208336;NR;number;SORS;Employed by regions (NSTJ based on the municipality of work);A;Normal value
24021304IND01;RS1;SRBIJA – SEVER;K3;2024;03;Registered individual agricultural producers (farmers);16218;NR;number;SORS;Employed by regions (NSTJ based on the municipality of work);A;Normal value
24021304IND01;RS11;Beogradski region;K3;2024;0;Registered employment - total;844088;NR;number;SORS;Employed by regions (NSTJ based on the municipality of work);A;Normal value
24021304IND01;RS11;Beogradski region;K3;2024;01;Employees at legal entities (in "long-term employment" and in "temporary and occasional employment");741760;NR;number;SORS;Employed by regions (NSTJ based on the municipality of work);A;Normal value
24021304IND01;RS11;Beogradski region;K3;2024;02;Entrepreneurs and their employees and persons individually running business (in "long-term employment" and in "temporary and occasional employment");100578;NR;number;SORS;Employed by regions (NSTJ based on the municipality of work);A;Normal value
24021304IND01;RS11;Beogradski region;K3;2024;03;Registered individual agricultural producers (farmers);1750;NR;number;SORS;Employed by regions (NSTJ based on the municipality of work);A;Normal value
24021304IND01;RS12;Region Vojvodine;K3;2024;0;Registered employment - total;593394;NR;number;SORS;Employed by regions (NSTJ based on the municipality of work);A;Normal value
24021304IND01;RS12;Region Vojvodine;K3;2024;01;Employees at legal entities (in "long-term employment" and in "temporary and occasional employment");471168;NR;number;SORS;Employed by regions (NSTJ based on the municipality of work);A;Normal value
24021304IND01;RS12;Region Vojvodine;K3;2024;02;Entrepreneurs and their employees and persons individually running business (in "long-term employment" and in "temporary and occasional employment");107758;NR;number;SORS;Employed by regions (NSTJ based on the municipality of work);A;Normal value
24021304IND01;RS12;Region Vojvodine;K3;2024;03;Registered individual agricultural producers (farmers);14468;NR;number;SORS;Employed by regions (NSTJ based on the municipality of work);A;Normal value
24021304IND01;RS2;SRBIJA – JUG;K3;2024;0;Registered employment - total;928189;NR;number;SORS;Employed by regions (NSTJ based on the municipality of work);A;Normal value
24021304IND01;RS2;SRBIJA – JUG;K3;2024;01;Employees at legal entities (in "long-term employment" and in "temporary and occasional employment");683372;NR;number;SORS;Employed by regions (NSTJ based on the municipality of work);A;Normal value
24021304IND01;RS2;SRBIJA – JUG;K3;2024;02;Entrepreneurs and their employees and persons individually running business (in "long-term employment" and in "temporary and occasional employment");212117;NR;number;SORS;Employed by regions (NSTJ based on the municipality of work);A;Normal value
24021304IND01;RS2;SRBIJA – JUG;K3;2024;03;Registered individual agricultural producers (farmers);32700;NR;number;SORS;Employed by regions (NSTJ based on the municipality of work);A;Normal value
24021304IND01;RS21;Region Šumadije i Zapadne Srbije;K3;2024;0;Registered employment - total;535859;NR;number;SORS;Employed by regions (NSTJ based on the municipality of work);A;Normal value
24021304IND01;RS21;Region Šumadije i Zapadne Srbije;K3;2024;01;Employees at legal entities (in "long-term employment" and in "temporary and occasional employment");384843;NR;number;SORS;Employed by regions (NSTJ based on the municipality of work);A;Normal value
24021304IND01;RS21;Region Šumadije i Zapadne Srbije;K3;2024;02;Entrepreneurs and their employees and persons individually running business (in "long-term employment" and in "temporary and occasional employment");128158;NR;number;SORS;Employed by regions (NSTJ based on the municipality of work);A;Normal value
24021304IND01;RS21;Region Šumadije i Zapadne Srbije;K3;2024;03;Registered individual agricultural producers (farmers);22858;NR;number;SORS;Employed by regions (NSTJ based on the municipality of work);A;Normal value
24021304IND01;RS22;Region Južne i Istočne Srbije;K3;2024;0;Registered employment - total;392331;NR;number;SORS;Employed by regions (NSTJ based on the municipality of work);A;Normal value
24021304IND01;RS22;Region Južne i Istočne Srbije;K3;2024;01;Employees at legal entities (in "long-term employment" and in "temporary and occasional employment");298529;NR;number;SORS;Employed by regions (NSTJ based on the municipality of work);A;Normal value
24021304IND01;RS22;Region Južne i Istočne Srbije;K3;2024;02;Entrepreneurs and their employees and persons individually running business (in "long-term employment" and in "temporary and occasional employment");83960;NR;number;SORS;Employed by regions (NSTJ based on the municipality of work);A;Normal value
24021304IND01;RS22;Region Južne i Istočne Srbije;K3;2024;03;Registered individual agricultural producers (farmers);9842;NR;number;SORS;Employed by regions (NSTJ based on the municipality of work);A;Normal value
24021304IND01;RS23;Region Kosovo i Metohija;K3;2024;0;Registered employment - total;;NR;number;SORS;Employed by regions (NSTJ based on the municipality of work);O;Not available
24021304IND01;RS23;Region Kosovo i Metohija;K3;2024;01;Employees at legal entities (in "long-term employment" and in "temporary and occasional employment");;NR;number;SORS;Employed by regions (NSTJ based on the municipality of work);O;Not available
24021304IND01;RS23;Region Kosovo i Metohija;K3;2024;02;Entrepreneurs and their employees and persons individually running business (in "long-term employment" and in "temporary and occasional employment");;NR;number;SORS;Employed by regions (NSTJ based on the municipality of work);O;Not available
24021304IND01;RS23;Region Kosovo i Metohija;K3;2024;03;Registered individual agricultural producers (farmers);;NR;number;SORS;Employed by regions (NSTJ based on the municipality of work);O;Not available
24021304IND01;RS;REPUBLIC OF SERBIA;K3;2025;0;Registered employment - total;2365745;NR;number;SORS;Employed by regions (NSTJ based on the municipality of work);A;Normal value
24021304IND01;RS;REPUBLIC OF SERBIA;K3;2025;01;Employees at legal entities (in "long-term employment" and in "temporary and occasional employment");1893202;NR;number;SORS;Employed by regions (NSTJ based on the municipality of work);A;Normal value
24021304IND01;RS;REPUBLIC OF SERBIA;K3;2025;02;Entrepreneurs and their employees and persons individually running business (in "long-term employment" and in "temporary and occasional employment");427580;NR;number;SORS;Employed by regions (NSTJ based on the municipality of work);A;Normal value
24021304IND01;RS;REPUBLIC OF SERBIA;K3;2025;03;Registered individual agricultural producers (farmers);44963;NR;number;SORS;Employed by regions (NSTJ based on the municipality of work);A;Normal value
24021304IND01;RS1;SRBIJA – SEVER;K3;2025;0;Registered employment - total;1443601;NR;number;SORS;Employed by regions (NSTJ based on the municipality of work);A;Normal value
24021304IND01;RS1;SRBIJA – SEVER;K3;2025;01;Employees at legal entities (in "long-term employment" and in "temporary and occasional employment");1216502;NR;number;SORS;Employed by regions (NSTJ based on the municipality of work);A;Normal value
24021304IND01;RS1;SRBIJA – SEVER;K3;2025;02;Entrepreneurs and their employees and persons individually running business (in "long-term employment" and in "temporary and occasional employment");212409;NR;number;SORS;Employed by regions (NSTJ based on the municipality of work);A;Normal value
24021304IND01;RS1;SRBIJA – SEVER;K3;2025;03;Registered individual agricultural producers (farmers);14690;NR;number;SORS;Employed by regions (NSTJ based on the municipality of work);A;Normal value
24021304IND01;RS11;Beogradski region;K3;2025;0;Registered employment - total;853561;NR;number;SORS;Employed by regions (NSTJ based on the municipality of work);A;Normal value
24021304IND01;RS11;Beogradski region;K3;2025;01;Employees at legal entities (in "long-term employment" and in "temporary and occasional employment");749531;NR;number;SORS;Employed by regions (NSTJ based on the municipality of work);A;Normal value
24021304IND01;RS11;Beogradski region;K3;2025;02;Entrepreneurs and their employees and persons individually running business (in "long-term employment" and in "temporary and occasional employment");102414;NR;number;SORS;Employed by regions (NSTJ based on the municipality of work);A;Normal value
24021304IND01;RS11;Beogradski region;K3;2025;03;Registered individual agricultural producers (farmers);1617;NR;number;SORS;Employed by regions (NSTJ based on the municipality of work);A;Normal value
24021304IND01;RS12;Region Vojvodine;K3;2025;0;Registered employment - total;590038;NR;number;SORS;Employed by regions (NSTJ based on the municipality of work);A;Normal value
24021304IND01;RS12;Region Vojvodine;K3;2025;01;Employees at legal entities (in "long-term employment" and in "temporary and occasional employment");466971;NR;number;SORS;Employed by regions (NSTJ based on the municipality of work);A;Normal value
24021304IND01;RS12;Region Vojvodine;K3;2025;02;Entrepreneurs and their employees and persons individually running business (in "long-term employment" and in "temporary and occasional employment");109995;NR;number;SORS;Employed by regions (NSTJ based on the municipality of work);A;Normal value
24021304IND01;RS12;Region Vojvodine;K3;2025;03;Registered individual agricultural producers (farmers);13072;NR;number;SORS;Employed by regions (NSTJ based on the municipality of work);A;Normal value
24021304IND01;RS2;SRBIJA – JUG;K3;2025;0;Registered employment - total;922145;NR;number;SORS;Employed by regions (NSTJ based on the municipality of work);A;Normal value
24021304IND01;RS2;SRBIJA – JUG;K3;2025;01;Employees at legal entities (in "long-term employment" and in "temporary and occasional employment");676701;NR;number;SORS;Employed by regions (NSTJ based on the municipality of work);A;Normal value
24021304IND01;RS2;SRBIJA – JUG;K3;2025;02;Entrepreneurs and their employees and persons individually running business (in "long-term employment" and in "temporary and occasional employment");215171;NR;number;SORS;Employed by regions (NSTJ based on the municipality of work);A;Normal value
24021304IND01;RS2;SRBIJA – JUG;K3;2025;03;Registered individual agricultural producers (farmers);30273;NR;number;SORS;Employed by regions (NSTJ based on the municipality of work);A;Normal value
24021304IND01;RS21;Region Šumadije i Zapadne Srbije;K3;2025;0;Registered employment - total;535429;NR;number;SORS;Employed by regions (NSTJ based on the municipality of work);A;Normal value
24021304IND01;RS21;Region Šumadije i Zapadne Srbije;K3;2025;01;Employees at legal entities (in "long-term employment" and in "temporary and occasional employment");384604;NR;number;SORS;Employed by regions (NSTJ based on the municipality of work);A;Normal value
24021304IND01;RS21;Region Šumadije i Zapadne Srbije;K3;2025;02;Entrepreneurs and their employees and persons individually running business (in "long-term employment" and in "temporary and occasional employment");129613;NR;number;SORS;Employed by regions (NSTJ based on the municipality of work);A;Normal value
24021304IND01;RS21;Region Šumadije i Zapadne Srbije;K3;2025;03;Registered individual agricultural producers (farmers);21212;NR;number;SORS;Employed by regions (NSTJ based on the municipality of work);A;Normal value
24021304IND01;RS22;Region Južne i Istočne Srbije;K3;2025;0;Registered employment - total;386716;NR;number;SORS;Employed by regions (NSTJ based on the municipality of work);A;Normal value
24021304IND01;RS22;Region Južne i Istočne Srbije;K3;2025;01;Employees at legal entities (in "long-term employment" and in "temporary and occasional employment");292097;NR;number;SORS;Employed by regions (NSTJ based on the municipality of work);A;Normal value
24021304IND01;RS22;Region Južne i Istočne Srbije;K3;2025;02;Entrepreneurs and their employees and persons individually running business (in "long-term employment" and in "temporary and occasional employment");85558;NR;number;SORS;Employed by regions (NSTJ based on the municipality of work);A;Normal value
24021304IND01;RS22;Region Južne i Istočne Srbije;K3;2025;03;Registered individual agricultural producers (farmers);9061;NR;number;SORS;Employed by regions (NSTJ based on the municipality of work);A;Normal value
24021304IND01;RS23;Region Kosovo i Metohija;K3;2025;0;Registered employment - total;;NR;number;SORS;Employed by regions (NSTJ based on the municipality of work);O;Not available
24021304IND01;RS23;Region Kosovo i Metohija;K3;2025;01;Employees at legal entities (in "long-term employment" and in "temporary and occasional employment");;NR;number;SORS;Employed by regions (NSTJ based on the municipality of work);O;Not available
24021304IND01;RS23;Region Kosovo i Metohija;K3;2025;02;Entrepreneurs and their employees and persons individually running business (in "long-term employment" and in "temporary and occasional employment");;NR;number;SORS;Employed by regions (NSTJ based on the municipality of work);O;Not available
24021304IND01;RS23;Region Kosovo i Metohija;K3;2025;03;Registered individual agricultural producers (farmers);;NR;number;SORS;Employed by regions (NSTJ based on the municipality of work);O;Not available
24021304IND01;RS;REPUBLIC OF SERBIA;K4;2016;0;Registered employment - total;2030259;NR;number;SORS;Employed by regions (NSTJ based on the municipality of work);A;Normal value
24021304IND01;RS;REPUBLIC OF SERBIA;K4;2016;01;Employees at legal entities (in "long-term employment" and in "temporary and occasional employment");1611244;NR;number;SORS;Employed by regions (NSTJ based on the municipality of work);A;Normal value
24021304IND01;RS;REPUBLIC OF SERBIA;K4;2016;02;Entrepreneurs and their employees and persons individually running business (in "long-term employment" and in "temporary and occasional employment");331127;NR;number;SORS;Employed by regions (NSTJ based on the municipality of work);A;Normal value
24021304IND01;RS;REPUBLIC OF SERBIA;K4;2016;03;Registered individual agricultural producers (farmers);87888;NR;number;SORS;Employed by regions (NSTJ based on the municipality of work);A;Normal value
24021304IND01;RS1;SRBIJA – SEVER;K4;2016;0;Registered employment - total;1194720;NR;number;SORS;Employed by regions (NSTJ based on the municipality of work);A;Normal value
24021304IND01;RS1;SRBIJA – SEVER;K4;2016;01;Employees at legal entities (in "long-term employment" and in "temporary and occasional employment");1006824;NR;number;SORS;Employed by regions (NSTJ based on the municipality of work);A;Normal value
24021304IND01;RS1;SRBIJA – SEVER;K4;2016;02;Entrepreneurs and their employees and persons individually running business (in "long-term employment" and in "temporary and occasional employment");160288;NR;number;SORS;Employed by regions (NSTJ based on the municipality of work);A;Normal value
24021304IND01;RS1;SRBIJA – SEVER;K4;2016;03;Registered individual agricultural producers (farmers);27608;NR;number;SORS;Employed by regions (NSTJ based on the municipality of work);A;Normal value
24021304IND01;RS11;Beogradski region;K4;2016;0;Registered employment - total;678821;NR;number;SORS;Employed by regions (NSTJ based on the municipality of work);A;Normal value
24021304IND01;RS11;Beogradski region;K4;2016;01;Employees at legal entities (in "long-term employment" and in "temporary and occasional employment");599925;NR;number;SORS;Employed by regions (NSTJ based on the municipality of work);A;Normal value
24021304IND01;RS11;Beogradski region;K4;2016;02;Entrepreneurs and their employees and persons individually running business (in "long-term employment" and in "temporary and occasional employment");75768;NR;number;SORS;Employed by regions (NSTJ based on the municipality of work);A;Normal value
24021304IND01;RS11;Beogradski region;K4;2016;03;Registered individual agricultural producers (farmers);3128;NR;number;SORS;Employed by regions (NSTJ based on the municipality of work);A;Normal value
24021304IND01;RS12;Region Vojvodine;K4;2016;0;Registered employment - total;515900;NR;number;SORS;Employed by regions (NSTJ based on the municipality of work);A;Normal value
24021304IND01;RS12;Region Vojvodine;K4;2016;01;Employees at legal entities (in "long-term employment" and in "temporary and occasional employment");406899;NR;number;SORS;Employed by regions (NSTJ based on the municipality of work);A;Normal value
24021304IND01;RS12;Region Vojvodine;K4;2016;02;Entrepreneurs and their employees and persons individually running business (in "long-term employment" and in "temporary and occasional employment");84520;NR;number;SORS;Employed by regions (NSTJ based on the municipality of work);A;Normal value
24021304IND01;RS12;Region Vojvodine;K4;2016;03;Registered individual agricultural producers (farmers);24481;NR;number;SORS;Employed by regions (NSTJ based on the municipality of work);A;Normal value
24021304IND01;RS2;SRBIJA – JUG;K4;2016;0;Registered employment - total;835539;NR;number;SORS;Employed by regions (NSTJ based on the municipality of work);A;Normal value
24021304IND01;RS2;SRBIJA – JUG;K4;2016;01;Employees at legal entities (in "long-term employment" and in "temporary and occasional employment");604420;NR;number;SORS;Employed by regions (NSTJ based on the municipality of work);A;Normal value
24021304IND01;RS2;SRBIJA – JUG;K4;2016;02;Entrepreneurs and their employees and persons individually running business (in "long-term employment" and in "temporary and occasional employment");170839;NR;number;SORS;Employed by regions (NSTJ based on the municipality of work);A;Normal value
24021304IND01;RS2;SRBIJA – JUG;K4;2016;03;Registered individual agricultural producers (farmers);60280;NR;number;SORS;Employed by regions (NSTJ based on the municipality of work);A;Normal value
24021304IND01;RS21;Region Šumadije i Zapadne Srbije;K4;2016;0;Registered employment - total;479280;NR;number;SORS;Employed by regions (NSTJ based on the municipality of work);A;Normal value
24021304IND01;RS21;Region Šumadije i Zapadne Srbije;K4;2016;01;Employees at legal entities (in "long-term employment" and in "temporary and occasional employment");336425;NR;number;SORS;Employed by regions (NSTJ based on the municipality of work);A;Normal value
24021304IND01;RS21;Region Šumadije i Zapadne Srbije;K4;2016;02;Entrepreneurs and their employees and persons individually running business (in "long-term employment" and in "temporary and occasional employment");101930;NR;number;SORS;Employed by regions (NSTJ based on the municipality of work);A;Normal value
24021304IND01;RS21;Region Šumadije i Zapadne Srbije;K4;2016;03;Registered individual agricultural producers (farmers);40925;NR;number;SORS;Employed by regions (NSTJ based on the municipality of work);A;Normal value
24021304IND01;RS22;Region Južne i Istočne Srbije;K4;2016;0;Registered employment - total;356259;NR;number;SORS;Employed by regions (NSTJ based on the municipality of work);A;Normal value
24021304IND01;RS22;Region Južne i Istočne Srbije;K4;2016;01;Employees at legal entities (in "long-term employment" and in "temporary and occasional employment");267995;NR;number;SORS;Employed by regions (NSTJ based on the municipality of work);A;Normal value
24021304IND01;RS22;Region Južne i Istočne Srbije;K4;2016;02;Entrepreneurs and their employees and persons individually running business (in "long-term employment" and in "temporary and occasional employment");68909;NR;number;SORS;Employed by regions (NSTJ based on the municipality of work);A;Normal value
24021304IND01;RS22;Region Južne i Istočne Srbije;K4;2016;03;Registered individual agricultural producers (farmers);19355;NR;number;SORS;Employed by regions (NSTJ based on the municipality of work);A;Normal value
24021304IND01;RS23;Region Kosovo i Metohija;K4;2016;0;Registered employment - total;;NR;number;SORS;Employed by regions (NSTJ based on the municipality of work);O;Not available
24021304IND01;RS23;Region Kosovo i Metohija;K4;2016;01;Employees at legal entities (in "long-term employment" and in "temporary and occasional employment");;NR;number;SORS;Employed by regions (NSTJ based on the municipality of work);O;Not available
24021304IND01;RS23;Region Kosovo i Metohija;K4;2016;02;Entrepreneurs and their employees and persons individually running business (in "long-term employment" and in "temporary and occasional employment");;NR;number;SORS;Employed by regions (NSTJ based on the municipality of work);O;Not available
24021304IND01;RS23;Region Kosovo i Metohija;K4;2016;03;Registered individual agricultural producers (farmers);;NR;number;SORS;Employed by regions (NSTJ based on the municipality of work);O;Not available
24021304IND01;RS;REPUBLIC OF SERBIA;K4;2017;0;Registered employment - total;2086740;NR;number;SORS;Employed by regions (NSTJ based on the municipality of work);A;Normal value
24021304IND01;RS;REPUBLIC OF SERBIA;K4;2017;01;Employees at legal entities (in "long-term employment" and in "temporary and occasional employment");1654536;NR;number;SORS;Employed by regions (NSTJ based on the municipality of work);A;Normal value
24021304IND01;RS;REPUBLIC OF SERBIA;K4;2017;02;Entrepreneurs and their employees and persons individually running business (in "long-term employment" and in "temporary and occasional employment");349470;NR;number;SORS;Employed by regions (NSTJ based on the municipality of work);A;Normal value
24021304IND01;RS;REPUBLIC OF SERBIA;K4;2017;03;Registered individual agricultural producers (farmers);82734;NR;number;SORS;Employed by regions (NSTJ based on the municipality of work);A;Normal value
24021304IND01;RS1;SRBIJA – SEVER;K4;2017;0;Registered employment - total;1235453;NR;number;SORS;Employed by regions (NSTJ based on the municipality of work);A;Normal value
24021304IND01;RS1;SRBIJA – SEVER;K4;2017;01;Employees at legal entities (in "long-term employment" and in "temporary and occasional employment");1038959;NR;number;SORS;Employed by regions (NSTJ based on the municipality of work);A;Normal value
24021304IND01;RS1;SRBIJA – SEVER;K4;2017;02;Entrepreneurs and their employees and persons individually running business (in "long-term employment" and in "temporary and occasional employment");170488;NR;number;SORS;Employed by regions (NSTJ based on the municipality of work);A;Normal value
24021304IND01;RS1;SRBIJA – SEVER;K4;2017;03;Registered individual agricultural producers (farmers);26006;NR;number;SORS;Employed by regions (NSTJ based on the municipality of work);A;Normal value
24021304IND01;RS11;Beogradski region;K4;2017;0;Registered employment - total;703357;NR;number;SORS;Employed by regions (NSTJ based on the municipality of work);A;Normal value
24021304IND01;RS11;Beogradski region;K4;2017;01;Employees at legal entities (in "long-term employment" and in "temporary and occasional employment");618768;NR;number;SORS;Employed by regions (NSTJ based on the municipality of work);A;Normal value
24021304IND01;RS11;Beogradski region;K4;2017;02;Entrepreneurs and their employees and persons individually running business (in "long-term employment" and in "temporary and occasional employment");81704;NR;number;SORS;Employed by regions (NSTJ based on the municipality of work);A;Normal value
24021304IND01;RS11;Beogradski region;K4;2017;03;Registered individual agricultural producers (farmers);2885;NR;number;SORS;Employed by regions (NSTJ based on the municipality of work);A;Normal value
24021304IND01;RS12;Region Vojvodine;K4;2017;0;Registered employment - total;532096;NR;number;SORS;Employed by regions (NSTJ based on the municipality of work);A;Normal value
24021304IND01;RS12;Region Vojvodine;K4;2017;01;Employees at legal entities (in "long-term employment" and in "temporary and occasional employment");420191;NR;number;SORS;Employed by regions (NSTJ based on the municipality of work);A;Normal value
24021304IND01;RS12;Region Vojvodine;K4;2017;02;Entrepreneurs and their employees and persons individually running business (in "long-term employment" and in "temporary and occasional employment");88784;NR;number;SORS;Employed by regions (NSTJ based on the municipality of work);A;Normal value
24021304IND01;RS12;Region Vojvodine;K4;2017;03;Registered individual agricultural producers (farmers);23121;NR;number;SORS;Employed by regions (NSTJ based on the municipality of work);A;Normal value
24021304IND01;RS2;SRBIJA – JUG;K4;2017;0;Registered employment - total;851287;NR;number;SORS;Employed by regions (NSTJ based on the municipality of work);A;Normal value
24021304IND01;RS2;SRBIJA – JUG;K4;2017;01;Employees at legal entities (in "long-term employment" and in "temporary and occasional employment");615577;NR;number;SORS;Employed by regions (NSTJ based on the municipality of work);A;Normal value
24021304IND01;RS2;SRBIJA – JUG;K4;2017;02;Entrepreneurs and their employees and persons individually running business (in "long-term employment" and in "temporary and occasional employment");178982;NR;number;SORS;Employed by regions (NSTJ based on the municipality of work);A;Normal value
24021304IND01;RS2;SRBIJA – JUG;K4;2017;03;Registered individual agricultural producers (farmers);56728;NR;number;SORS;Employed by regions (NSTJ based on the municipality of work);A;Normal value
24021304IND01;RS21;Region Šumadije i Zapadne Srbije;K4;2017;0;Registered employment - total;490083;NR;number;SORS;Employed by regions (NSTJ based on the municipality of work);A;Normal value
24021304IND01;RS21;Region Šumadije i Zapadne Srbije;K4;2017;01;Employees at legal entities (in "long-term employment" and in "temporary and occasional employment");344142;NR;number;SORS;Employed by regions (NSTJ based on the municipality of work);A;Normal value
24021304IND01;RS21;Region Šumadije i Zapadne Srbije;K4;2017;02;Entrepreneurs and their employees and persons individually running business (in "long-term employment" and in "temporary and occasional employment");107115;NR;number;SORS;Employed by regions (NSTJ based on the municipality of work);A;Normal value
24021304IND01;RS21;Region Šumadije i Zapadne Srbije;K4;2017;03;Registered individual agricultural producers (farmers);38826;NR;number;SORS;Employed by regions (NSTJ based on the municipality of work);A;Normal value
24021304IND01;RS22;Region Južne i Istočne Srbije;K4;2017;0;Registered employment - total;361204;NR;number;SORS;Employed by regions (NSTJ based on the municipality of work);A;Normal value
24021304IND01;RS22;Region Južne i Istočne Srbije;K4;2017;01;Employees at legal entities (in "long-term employment" and in "temporary and occasional employment");271435;NR;number;SORS;Employed by regions (NSTJ based on the municipality of work);A;Normal value
24021304IND01;RS22;Region Južne i Istočne Srbije;K4;2017;02;Entrepreneurs and their employees and persons individually running business (in "long-term employment" and in "temporary and occasional employment");71867;NR;number;SORS;Employed by regions (NSTJ based on the municipality of work);A;Normal value
24021304IND01;RS22;Region Južne i Istočne Srbije;K4;2017;03;Registered individual agricultural producers (farmers);17902;NR;number;SORS;Employed by regions (NSTJ based on the municipality of work);A;Normal value
24021304IND01;RS23;Region Kosovo i Metohija;K4;2017;0;Registered employment - total;;NR;number;SORS;Employed by regions (NSTJ based on the municipality of work);O;Not available
24021304IND01;RS23;Region Kosovo i Metohija;K4;2017;01;Employees at legal entities (in "long-term employment" and in "temporary and occasional employment");;NR;number;SORS;Employed by regions (NSTJ based on the municipality of work);O;Not available
24021304IND01;RS23;Region Kosovo i Metohija;K4;2017;02;Entrepreneurs and their employees and persons individually running business (in "long-term employment" and in "temporary and occasional employment");;NR;number;SORS;Employed by regions (NSTJ based on the municipality of work);O;Not available
24021304IND01;RS23;Region Kosovo i Metohija;K4;2017;03;Registered individual agricultural producers (farmers);;NR;number;SORS;Employed by regions (NSTJ based on the municipality of work);O;Not available
24021304IND01;RS;REPUBLIC OF SERBIA;K4;2018;0;Registered employment - total;2158658;NR;number;SORS;Employed by regions (NSTJ based on the municipality of work);A;Normal value
24021304IND01;RS;REPUBLIC OF SERBIA;K4;2018;01;Employees at legal entities (in "long-term employment" and in "temporary and occasional employment");1710883;NR;number;SORS;Employed by regions (NSTJ based on the municipality of work);A;Normal value
24021304IND01;RS;REPUBLIC OF SERBIA;K4;2018;02;Entrepreneurs and their employees and persons individually running business (in "long-term employment" and in "temporary and occasional employment");371932;NR;number;SORS;Employed by regions (NSTJ based on the municipality of work);A;Normal value
24021304IND01;RS;REPUBLIC OF SERBIA;K4;2018;03;Registered individual agricultural producers (farmers);75844;NR;number;SORS;Employed by regions (NSTJ based on the municipality of work);A;Normal value
24021304IND01;RS1;SRBIJA – SEVER;K4;2018;0;Registered employment - total;1282260;NR;number;SORS;Employed by regions (NSTJ based on the municipality of work);A;Normal value
24021304IND01;RS1;SRBIJA – SEVER;K4;2018;01;Employees at legal entities (in "long-term employment" and in "temporary and occasional employment");1076468;NR;number;SORS;Employed by regions (NSTJ based on the municipality of work);A;Normal value
24021304IND01;RS1;SRBIJA – SEVER;K4;2018;02;Entrepreneurs and their employees and persons individually running business (in "long-term employment" and in "temporary and occasional employment");181779;NR;number;SORS;Employed by regions (NSTJ based on the municipality of work);A;Normal value
24021304IND01;RS1;SRBIJA – SEVER;K4;2018;03;Registered individual agricultural producers (farmers);24012;NR;number;SORS;Employed by regions (NSTJ based on the municipality of work);A;Normal value
24021304IND01;RS11;Beogradski region;K4;2018;0;Registered employment - total;729331;NR;number;SORS;Employed by regions (NSTJ based on the municipality of work);A;Normal value
24021304IND01;RS11;Beogradski region;K4;2018;01;Employees at legal entities (in "long-term employment" and in "temporary and occasional employment");639501;NR;number;SORS;Employed by regions (NSTJ based on the municipality of work);A;Normal value
24021304IND01;RS11;Beogradski region;K4;2018;02;Entrepreneurs and their employees and persons individually running business (in "long-term employment" and in "temporary and occasional employment");87198;NR;number;SORS;Employed by regions (NSTJ based on the municipality of work);A;Normal value
24021304IND01;RS11;Beogradski region;K4;2018;03;Registered individual agricultural producers (farmers);2632;NR;number;SORS;Employed by regions (NSTJ based on the municipality of work);A;Normal value
24021304IND01;RS12;Region Vojvodine;K4;2018;0;Registered employment - total;552928;NR;number;SORS;Employed by regions (NSTJ based on the municipality of work);A;Normal value
24021304IND01;RS12;Region Vojvodine;K4;2018;01;Employees at legal entities (in "long-term employment" and in "temporary and occasional employment");436967;NR;number;SORS;Employed by regions (NSTJ based on the municipality of work);A;Normal value
24021304IND01;RS12;Region Vojvodine;K4;2018;02;Entrepreneurs and their employees and persons individually running business (in "long-term employment" and in "temporary and occasional employment");94581;NR;number;SORS;Employed by regions (NSTJ based on the municipality of work);A;Normal value
24021304IND01;RS12;Region Vojvodine;K4;2018;03;Registered individual agricultural producers (farmers);21380;NR;number;SORS;Employed by regions (NSTJ based on the municipality of work);A;Normal value
24021304IND01;RS2;SRBIJA – JUG;K4;2018;0;Registered employment - total;876400;NR;number;SORS;Employed by regions (NSTJ based on the municipality of work);A;Normal value
24021304IND01;RS2;SRBIJA – JUG;K4;2018;01;Employees at legal entities (in "long-term employment" and in "temporary and occasional employment");634414;NR;number;SORS;Employed by regions (NSTJ based on the municipality of work);A;Normal value
24021304IND01;RS2;SRBIJA – JUG;K4;2018;02;Entrepreneurs and their employees and persons individually running business (in "long-term employment" and in "temporary and occasional employment");190152;NR;number;SORS;Employed by regions (NSTJ based on the municipality of work);A;Normal value
24021304IND01;RS2;SRBIJA – JUG;K4;2018;03;Registered individual agricultural producers (farmers);51833;NR;number;SORS;Employed by regions (NSTJ based on the municipality of work);A;Normal value
24021304IND01;RS21;Region Šumadije i Zapadne Srbije;K4;2018;0;Registered employment - total;506055;NR;number;SORS;Employed by regions (NSTJ based on the municipality of work);A;Normal value
24021304IND01;RS21;Region Šumadije i Zapadne Srbije;K4;2018;01;Employees at legal entities (in "long-term employment" and in "temporary and occasional employment");356754;NR;number;SORS;Employed by regions (NSTJ based on the municipality of work);A;Normal value
24021304IND01;RS21;Region Šumadije i Zapadne Srbije;K4;2018;02;Entrepreneurs and their employees and persons individually running business (in "long-term employment" and in "temporary and occasional employment");113604;NR;number;SORS;Employed by regions (NSTJ based on the municipality of work);A;Normal value
24021304IND01;RS21;Region Šumadije i Zapadne Srbije;K4;2018;03;Registered individual agricultural producers (farmers);35697;NR;number;SORS;Employed by regions (NSTJ based on the municipality of work);A;Normal value
24021304IND01;RS22;Region Južne i Istočne Srbije;K4;2018;0;Registered employment - total;370343;NR;number;SORS;Employed by regions (NSTJ based on the municipality of work);A;Normal value
24021304IND01;RS22;Region Južne i Istočne Srbije;K4;2018;01;Employees at legal entities (in "long-term employment" and in "temporary and occasional employment");277660;NR;number;SORS;Employed by regions (NSTJ based on the municipality of work);A;Normal value
24021304IND01;RS22;Region Južne i Istočne Srbije;K4;2018;02;Entrepreneurs and their employees and persons individually running business (in "long-term employment" and in "temporary and occasional employment");76548;NR;number;SORS;Employed by regions (NSTJ based on the municipality of work);A;Normal value
24021304IND01;RS22;Region Južne i Istočne Srbije;K4;2018;03;Registered individual agricultural producers (farmers);16135;NR;number;SORS;Employed by regions (NSTJ based on the municipality of work);A;Normal value
24021304IND01;RS23;Region Kosovo i Metohija;K4;2018;0;Registered employment - total;;NR;number;SORS;Employed by regions (NSTJ based on the municipality of work);O;Not available
24021304IND01;RS23;Region Kosovo i Metohija;K4;2018;01;Employees at legal entities (in "long-term employment" and in "temporary and occasional employment");;NR;number;SORS;Employed by regions (NSTJ based on the municipality of work);O;Not available
24021304IND01;RS23;Region Kosovo i Metohija;K4;2018;02;Entrepreneurs and their employees and persons individually running business (in "long-term employment" and in "temporary and occasional employment");;NR;number;SORS;Employed by regions (NSTJ based on the municipality of work);O;Not available
24021304IND01;RS23;Region Kosovo i Metohija;K4;2018;03;Registered individual agricultural producers (farmers);;NR;number;SORS;Employed by regions (NSTJ based on the municipality of work);O;Not available
24021304IND01;RS;REPUBLIC OF SERBIA;K4;2019;0;Registered employment - total;2202635;NR;number;SORS;Employed by regions (NSTJ based on the municipality of work);A;Normal value
24021304IND01;RS;REPUBLIC OF SERBIA;K4;2019;01;Employees at legal entities (in "long-term employment" and in "temporary and occasional employment");1748629;NR;number;SORS;Employed by regions (NSTJ based on the municipality of work);A;Normal value
24021304IND01;RS;REPUBLIC OF SERBIA;K4;2019;02;Entrepreneurs and their employees and persons individually running business (in "long-term employment" and in "temporary and occasional employment");384520;NR;number;SORS;Employed by regions (NSTJ based on the municipality of work);A;Normal value
24021304IND01;RS;REPUBLIC OF SERBIA;K4;2019;03;Registered individual agricultural producers (farmers);69486;NR;number;SORS;Employed by regions (NSTJ based on the municipality of work);A;Normal value
24021304IND01;RS1;SRBIJA – SEVER;K4;2019;0;Registered employment - total;1313782;NR;number;SORS;Employed by regions (NSTJ based on the municipality of work);A;Normal value
24021304IND01;RS1;SRBIJA – SEVER;K4;2019;01;Employees at legal entities (in "long-term employment" and in "temporary and occasional employment");1102229;NR;number;SORS;Employed by regions (NSTJ based on the municipality of work);A;Normal value
24021304IND01;RS1;SRBIJA – SEVER;K4;2019;02;Entrepreneurs and their employees and persons individually running business (in "long-term employment" and in "temporary and occasional employment");189316;NR;number;SORS;Employed by regions (NSTJ based on the municipality of work);A;Normal value
24021304IND01;RS1;SRBIJA – SEVER;K4;2019;03;Registered individual agricultural producers (farmers);22237;NR;number;SORS;Employed by regions (NSTJ based on the municipality of work);A;Normal value
24021304IND01;RS11;Beogradski region;K4;2019;0;Registered employment - total;756106;NR;number;SORS;Employed by regions (NSTJ based on the municipality of work);A;Normal value
24021304IND01;RS11;Beogradski region;K4;2019;01;Employees at legal entities (in "long-term employment" and in "temporary and occasional employment");661686;NR;number;SORS;Employed by regions (NSTJ based on the municipality of work);A;Normal value
24021304IND01;RS11;Beogradski region;K4;2019;02;Entrepreneurs and their employees and persons individually running business (in "long-term employment" and in "temporary and occasional employment");92026;NR;number;SORS;Employed by regions (NSTJ based on the municipality of work);A;Normal value
24021304IND01;RS11;Beogradski region;K4;2019;03;Registered individual agricultural producers (farmers);2394;NR;number;SORS;Employed by regions (NSTJ based on the municipality of work);A;Normal value
24021304IND01;RS12;Region Vojvodine;K4;2019;0;Registered employment - total;557675;NR;number;SORS;Employed by regions (NSTJ based on the municipality of work);A;Normal value
24021304IND01;RS12;Region Vojvodine;K4;2019;01;Employees at legal entities (in "long-term employment" and in "temporary and occasional employment");440543;NR;number;SORS;Employed by regions (NSTJ based on the municipality of work);A;Normal value
24021304IND01;RS12;Region Vojvodine;K4;2019;02;Entrepreneurs and their employees and persons individually running business (in "long-term employment" and in "temporary and occasional employment");97290;NR;number;SORS;Employed by regions (NSTJ based on the municipality of work);A;Normal value
24021304IND01;RS12;Region Vojvodine;K4;2019;03;Registered individual agricultural producers (farmers);19842;NR;number;SORS;Employed by regions (NSTJ based on the municipality of work);A;Normal value
24021304IND01;RS2;SRBIJA – JUG;K4;2019;0;Registered employment - total;888855;NR;number;SORS;Employed by regions (NSTJ based on the municipality of work);A;Normal value
24021304IND01;RS2;SRBIJA – JUG;K4;2019;01;Employees at legal entities (in "long-term employment" and in "temporary and occasional employment");646400;NR;number;SORS;Employed by regions (NSTJ based on the municipality of work);A;Normal value
24021304IND01;RS2;SRBIJA – JUG;K4;2019;02;Entrepreneurs and their employees and persons individually running business (in "long-term employment" and in "temporary and occasional employment");195205;NR;number;SORS;Employed by regions (NSTJ based on the municipality of work);A;Normal value
24021304IND01;RS2;SRBIJA – JUG;K4;2019;03;Registered individual agricultural producers (farmers);47250;NR;number;SORS;Employed by regions (NSTJ based on the municipality of work);A;Normal value
24021304IND01;RS21;Region Šumadije i Zapadne Srbije;K4;2019;0;Registered employment - total;513478;NR;number;SORS;Employed by regions (NSTJ based on the municipality of work);A;Normal value
24021304IND01;RS21;Region Šumadije i Zapadne Srbije;K4;2019;01;Employees at legal entities (in "long-term employment" and in "temporary and occasional employment");363817;NR;number;SORS;Employed by regions (NSTJ based on the municipality of work);A;Normal value
24021304IND01;RS21;Region Šumadije i Zapadne Srbije;K4;2019;02;Entrepreneurs and their employees and persons individually running business (in "long-term employment" and in "temporary and occasional employment");117110;NR;number;SORS;Employed by regions (NSTJ based on the municipality of work);A;Normal value
24021304IND01;RS21;Region Šumadije i Zapadne Srbije;K4;2019;03;Registered individual agricultural producers (farmers);32551;NR;number;SORS;Employed by regions (NSTJ based on the municipality of work);A;Normal value
24021304IND01;RS22;Region Južne i Istočne Srbije;K4;2019;0;Registered employment - total;375375;NR;number;SORS;Employed by regions (NSTJ based on the municipality of work);A;Normal value
24021304IND01;RS22;Region Južne i Istočne Srbije;K4;2019;01;Employees at legal entities (in "long-term employment" and in "temporary and occasional employment");282583;NR;number;SORS;Employed by regions (NSTJ based on the municipality of work);A;Normal value
24021304IND01;RS22;Region Južne i Istočne Srbije;K4;2019;02;Entrepreneurs and their employees and persons individually running business (in "long-term employment" and in "temporary and occasional employment");78094;NR;number;SORS;Employed by regions (NSTJ based on the municipality of work);A;Normal value
24021304IND01;RS22;Region Južne i Istočne Srbije;K4;2019;03;Registered individual agricultural producers (farmers);14698;NR;number;SORS;Employed by regions (NSTJ based on the municipality of work);A;Normal value
24021304IND01;RS23;Region Kosovo i Metohija;K4;2019;0;Registered employment - total;;NR;number;SORS;Employed by regions (NSTJ based on the municipality of work);O;Not available
24021304IND01;RS23;Region Kosovo i Metohija;K4;2019;01;Employees at legal entities (in "long-term employment" and in "temporary and occasional employment");;NR;number;SORS;Employed by regions (NSTJ based on the municipality of work);O;Not available
24021304IND01;RS23;Region Kosovo i Metohija;K4;2019;02;Entrepreneurs and their employees and persons individually running business (in "long-term employment" and in "temporary and occasional employment");;NR;number;SORS;Employed by regions (NSTJ based on the municipality of work);O;Not available
24021304IND01;RS23;Region Kosovo i Metohija;K4;2019;03;Registered individual agricultural producers (farmers);;NR;number;SORS;Employed by regions (NSTJ based on the municipality of work);O;Not available
24021304IND01;RS;REPUBLIC OF SERBIA;K4;2020;0;Registered employment - total;2253159;NR;number;SORS;Employed by regions (NSTJ based on the municipality of work);A;Normal value
24021304IND01;RS;REPUBLIC OF SERBIA;K4;2020;01;Employees at legal entities (in "long-term employment" and in "temporary and occasional employment");1792301;NR;number;SORS;Employed by regions (NSTJ based on the municipality of work);A;Normal value
24021304IND01;RS;REPUBLIC OF SERBIA;K4;2020;02;Entrepreneurs and their employees and persons individually running business (in "long-term employment" and in "temporary and occasional employment");396771;NR;number;SORS;Employed by regions (NSTJ based on the municipality of work);A;Normal value
24021304IND01;RS;REPUBLIC OF SERBIA;K4;2020;03;Registered individual agricultural producers (farmers);64087;NR;number;SORS;Employed by regions (NSTJ based on the municipality of work);A;Normal value
24021304IND01;RS1;SRBIJA – SEVER;K4;2020;0;Registered employment - total;1342540;NR;number;SORS;Employed by regions (NSTJ based on the municipality of work);A;Normal value
24021304IND01;RS1;SRBIJA – SEVER;K4;2020;01;Employees at legal entities (in "long-term employment" and in "temporary and occasional employment");1127417;NR;number;SORS;Employed by regions (NSTJ based on the municipality of work);A;Normal value
24021304IND01;RS1;SRBIJA – SEVER;K4;2020;02;Entrepreneurs and their employees and persons individually running business (in "long-term employment" and in "temporary and occasional employment");194376;NR;number;SORS;Employed by regions (NSTJ based on the municipality of work);A;Normal value
24021304IND01;RS1;SRBIJA – SEVER;K4;2020;03;Registered individual agricultural producers (farmers);20747;NR;number;SORS;Employed by regions (NSTJ based on the municipality of work);A;Normal value
24021304IND01;RS11;Beogradski region;K4;2020;0;Registered employment - total;771770;NR;number;SORS;Employed by regions (NSTJ based on the municipality of work);A;Normal value
24021304IND01;RS11;Beogradski region;K4;2020;01;Employees at legal entities (in "long-term employment" and in "temporary and occasional employment");675291;NR;number;SORS;Employed by regions (NSTJ based on the municipality of work);A;Normal value
24021304IND01;RS11;Beogradski region;K4;2020;02;Entrepreneurs and their employees and persons individually running business (in "long-term employment" and in "temporary and occasional employment");94207;NR;number;SORS;Employed by regions (NSTJ based on the municipality of work);A;Normal value
24021304IND01;RS11;Beogradski region;K4;2020;03;Registered individual agricultural producers (farmers);2271;NR;number;SORS;Employed by regions (NSTJ based on the municipality of work);A;Normal value
24021304IND01;RS12;Region Vojvodine;K4;2020;0;Registered employment - total;570769;NR;number;SORS;Employed by regions (NSTJ based on the municipality of work);A;Normal value
24021304IND01;RS12;Region Vojvodine;K4;2020;01;Employees at legal entities (in "long-term employment" and in "temporary and occasional employment");452125;NR;number;SORS;Employed by regions (NSTJ based on the municipality of work);A;Normal value
24021304IND01;RS12;Region Vojvodine;K4;2020;02;Entrepreneurs and their employees and persons individually running business (in "long-term employment" and in "temporary and occasional employment");100169;NR;number;SORS;Employed by regions (NSTJ based on the municipality of work);A;Normal value
24021304IND01;RS12;Region Vojvodine;K4;2020;03;Registered individual agricultural producers (farmers);18475;NR;number;SORS;Employed by regions (NSTJ based on the municipality of work);A;Normal value
24021304IND01;RS2;SRBIJA – JUG;K4;2020;0;Registered employment - total;910619;NR;number;SORS;Employed by regions (NSTJ based on the municipality of work);A;Normal value
24021304IND01;RS2;SRBIJA – JUG;K4;2020;01;Employees at legal entities (in "long-term employment" and in "temporary and occasional employment");664885;NR;number;SORS;Employed by regions (NSTJ based on the municipality of work);A;Normal value
24021304IND01;RS2;SRBIJA – JUG;K4;2020;02;Entrepreneurs and their employees and persons individually running business (in "long-term employment" and in "temporary and occasional employment");202394;NR;number;SORS;Employed by regions (NSTJ based on the municipality of work);A;Normal value
24021304IND01;RS2;SRBIJA – JUG;K4;2020;03;Registered individual agricultural producers (farmers);43340;NR;number;SORS;Employed by regions (NSTJ based on the municipality of work);A;Normal value
24021304IND01;RS21;Region Šumadije i Zapadne Srbije;K4;2020;0;Registered employment - total;522249;NR;number;SORS;Employed by regions (NSTJ based on the municipality of work);A;Normal value
24021304IND01;RS21;Region Šumadije i Zapadne Srbije;K4;2020;01;Employees at legal entities (in "long-term employment" and in "temporary and occasional employment");370569;NR;number;SORS;Employed by regions (NSTJ based on the municipality of work);A;Normal value
24021304IND01;RS21;Region Šumadije i Zapadne Srbije;K4;2020;02;Entrepreneurs and their employees and persons individually running business (in "long-term employment" and in "temporary and occasional employment");121801;NR;number;SORS;Employed by regions (NSTJ based on the municipality of work);A;Normal value
24021304IND01;RS21;Region Šumadije i Zapadne Srbije;K4;2020;03;Registered individual agricultural producers (farmers);29879;NR;number;SORS;Employed by regions (NSTJ based on the municipality of work);A;Normal value
24021304IND01;RS22;Region Južne i Istočne Srbije;K4;2020;0;Registered employment - total;388370;NR;number;SORS;Employed by regions (NSTJ based on the municipality of work);A;Normal value
24021304IND01;RS22;Region Južne i Istočne Srbije;K4;2020;01;Employees at legal entities (in "long-term employment" and in "temporary and occasional employment");294316;NR;number;SORS;Employed by regions (NSTJ based on the municipality of work);A;Normal value
24021304IND01;RS22;Region Južne i Istočne Srbije;K4;2020;02;Entrepreneurs and their employees and persons individually running business (in "long-term employment" and in "temporary and occasional employment");80593;NR;number;SORS;Employed by regions (NSTJ based on the municipality of work);A;Normal value
24021304IND01;RS22;Region Južne i Istočne Srbije;K4;2020;03;Registered individual agricultural producers (farmers);13461;NR;number;SORS;Employed by regions (NSTJ based on the municipality of work);A;Normal value
24021304IND01;RS23;Region Kosovo i Metohija;K4;2020;0;Registered employment - total;;NR;number;SORS;Employed by regions (NSTJ based on the municipality of work);O;Not available
24021304IND01;RS23;Region Kosovo i Metohija;K4;2020;01;Employees at legal entities (in "long-term employment" and in "temporary and occasional employment");;NR;number;SORS;Employed by regions (NSTJ based on the municipality of work);O;Not available
24021304IND01;RS23;Region Kosovo i Metohija;K4;2020;02;Entrepreneurs and their employees and persons individually running business (in "long-term employment" and in "temporary and occasional employment");;NR;number;SORS;Employed by regions (NSTJ based on the municipality of work);O;Not available
24021304IND01;RS23;Region Kosovo i Metohija;K4;2020;03;Registered individual agricultural producers (farmers);;NR;number;SORS;Employed by regions (NSTJ based on the municipality of work);O;Not available
24021304IND01;RS;REPUBLIC OF SERBIA;K4;2021;0;Registered employment - total;2288308;NR;number;SORS;Employed by regions (NSTJ based on the municipality of work);A;Normal value
24021304IND01;RS;REPUBLIC OF SERBIA;K4;2021;01;Employees at legal entities (in "long-term employment" and in "temporary and occasional employment");1831766;NR;number;SORS;Employed by regions (NSTJ based on the municipality of work);A;Normal value
24021304IND01;RS;REPUBLIC OF SERBIA;K4;2021;02;Entrepreneurs and their employees and persons individually running business (in "long-term employment" and in "temporary and occasional employment");397516;NR;number;SORS;Employed by regions (NSTJ based on the municipality of work);A;Normal value
24021304IND01;RS;REPUBLIC OF SERBIA;K4;2021;03;Registered individual agricultural producers (farmers);59026;NR;number;SORS;Employed by regions (NSTJ based on the municipality of work);A;Normal value
24021304IND01;RS1;SRBIJA – SEVER;K4;2021;0;Registered employment - total;1370976;NR;number;SORS;Employed by regions (NSTJ based on the municipality of work);A;Normal value
24021304IND01;RS1;SRBIJA – SEVER;K4;2021;01;Employees at legal entities (in "long-term employment" and in "temporary and occasional employment");1155878;NR;number;SORS;Employed by regions (NSTJ based on the municipality of work);A;Normal value
24021304IND01;RS1;SRBIJA – SEVER;K4;2021;02;Entrepreneurs and their employees and persons individually running business (in "long-term employment" and in "temporary and occasional employment");195662;NR;number;SORS;Employed by regions (NSTJ based on the municipality of work);A;Normal value
24021304IND01;RS1;SRBIJA – SEVER;K4;2021;03;Registered individual agricultural producers (farmers);19436;NR;number;SORS;Employed by regions (NSTJ based on the municipality of work);A;Normal value
24021304IND01;RS11;Beogradski region;K4;2021;0;Registered employment - total;793473;NR;number;SORS;Employed by regions (NSTJ based on the municipality of work);A;Normal value
24021304IND01;RS11;Beogradski region;K4;2021;01;Employees at legal entities (in "long-term employment" and in "temporary and occasional employment");696767;NR;number;SORS;Employed by regions (NSTJ based on the municipality of work);A;Normal value
24021304IND01;RS11;Beogradski region;K4;2021;02;Entrepreneurs and their employees and persons individually running business (in "long-term employment" and in "temporary and occasional employment");94613;NR;number;SORS;Employed by regions (NSTJ based on the municipality of work);A;Normal value
24021304IND01;RS11;Beogradski region;K4;2021;03;Registered individual agricultural producers (farmers);2092;NR;number;SORS;Employed by regions (NSTJ based on the municipality of work);A;Normal value
24021304IND01;RS12;Region Vojvodine;K4;2021;0;Registered employment - total;577503;NR;number;SORS;Employed by regions (NSTJ based on the municipality of work);A;Normal value
24021304IND01;RS12;Region Vojvodine;K4;2021;01;Employees at legal entities (in "long-term employment" and in "temporary and occasional employment");459111;NR;number;SORS;Employed by regions (NSTJ based on the municipality of work);A;Normal value
24021304IND01;RS12;Region Vojvodine;K4;2021;02;Entrepreneurs and their employees and persons individually running business (in "long-term employment" and in "temporary and occasional employment");101048;NR;number;SORS;Employed by regions (NSTJ based on the municipality of work);A;Normal value
24021304IND01;RS12;Region Vojvodine;K4;2021;03;Registered individual agricultural producers (farmers);17344;NR;number;SORS;Employed by regions (NSTJ based on the municipality of work);A;Normal value
24021304IND01;RS2;SRBIJA – JUG;K4;2021;0;Registered employment - total;917332;NR;number;SORS;Employed by regions (NSTJ based on the municipality of work);A;Normal value
24021304IND01;RS2;SRBIJA – JUG;K4;2021;01;Employees at legal entities (in "long-term employment" and in "temporary and occasional employment");675888;NR;number;SORS;Employed by regions (NSTJ based on the municipality of work);A;Normal value
24021304IND01;RS2;SRBIJA – JUG;K4;2021;02;Entrepreneurs and their employees and persons individually running business (in "long-term employment" and in "temporary and occasional employment");201855;NR;number;SORS;Employed by regions (NSTJ based on the municipality of work);A;Normal value
24021304IND01;RS2;SRBIJA – JUG;K4;2021;03;Registered individual agricultural producers (farmers);39589;NR;number;SORS;Employed by regions (NSTJ based on the municipality of work);A;Normal value
24021304IND01;RS21;Region Šumadije i Zapadne Srbije;K4;2021;0;Registered employment - total;525718;NR;number;SORS;Employed by regions (NSTJ based on the municipality of work);A;Normal value
24021304IND01;RS21;Region Šumadije i Zapadne Srbije;K4;2021;01;Employees at legal entities (in "long-term employment" and in "temporary and occasional employment");376835;NR;number;SORS;Employed by regions (NSTJ based on the municipality of work);A;Normal value
24021304IND01;RS21;Region Šumadije i Zapadne Srbije;K4;2021;02;Entrepreneurs and their employees and persons individually running business (in "long-term employment" and in "temporary and occasional employment");121524;NR;number;SORS;Employed by regions (NSTJ based on the municipality of work);A;Normal value
24021304IND01;RS21;Region Šumadije i Zapadne Srbije;K4;2021;03;Registered individual agricultural producers (farmers);27359;NR;number;SORS;Employed by regions (NSTJ based on the municipality of work);A;Normal value
24021304IND01;RS22;Region Južne i Istočne Srbije;K4;2021;0;Registered employment - total;391614;NR;number;SORS;Employed by regions (NSTJ based on the municipality of work);A;Normal value
24021304IND01;RS22;Region Južne i Istočne Srbije;K4;2021;01;Employees at legal entities (in "long-term employment" and in "temporary and occasional employment");299053;NR;number;SORS;Employed by regions (NSTJ based on the municipality of work);A;Normal value
24021304IND01;RS22;Region Južne i Istočne Srbije;K4;2021;02;Entrepreneurs and their employees and persons individually running business (in "long-term employment" and in "temporary and occasional employment");80331;NR;number;SORS;Employed by regions (NSTJ based on the municipality of work);A;Normal value
24021304IND01;RS22;Region Južne i Istočne Srbije;K4;2021;03;Registered individual agricultural producers (farmers);12230;NR;number;SORS;Employed by regions (NSTJ based on the municipality of work);A;Normal value
24021304IND01;RS23;Region Kosovo i Metohija;K4;2021;0;Registered employment - total;;NR;number;SORS;Employed by regions (NSTJ based on the municipality of work);O;Not available
24021304IND01;RS23;Region Kosovo i Metohija;K4;2021;01;Employees at legal entities (in "long-term employment" and in "temporary and occasional employment");;NR;number;SORS;Employed by regions (NSTJ based on the municipality of work);O;Not available
24021304IND01;RS23;Region Kosovo i Metohija;K4;2021;02;Entrepreneurs and their employees and persons individually running business (in "long-term employment" and in "temporary and occasional employment");;NR;number;SORS;Employed by regions (NSTJ based on the municipality of work);O;Not available
24021304IND01;RS23;Region Kosovo i Metohija;K4;2021;03;Registered individual agricultural producers (farmers);;NR;number;SORS;Employed by regions (NSTJ based on the municipality of work);O;Not available
24021304IND01;RS;REPUBLIC OF SERBIA;K4;2022;0;Registered employment - total;2342244;NR;number;SORS;Employed by regions (NSTJ based on the municipality of work);A;Normal value
24021304IND01;RS;REPUBLIC OF SERBIA;K4;2022;01;Employees at legal entities (in "long-term employment" and in "temporary and occasional employment");1881507;NR;number;SORS;Employed by regions (NSTJ based on the municipality of work);A;Normal value
24021304IND01;RS;REPUBLIC OF SERBIA;K4;2022;02;Entrepreneurs and their employees and persons individually running business (in "long-term employment" and in "temporary and occasional employment");404988;NR;number;SORS;Employed by regions (NSTJ based on the municipality of work);A;Normal value
24021304IND01;RS;REPUBLIC OF SERBIA;K4;2022;03;Registered individual agricultural producers (farmers);55749;NR;number;SORS;Employed by regions (NSTJ based on the municipality of work);A;Normal value
24021304IND01;RS1;SRBIJA – SEVER;K4;2022;0;Registered employment - total;1414166;NR;number;SORS;Employed by regions (NSTJ based on the municipality of work);A;Normal value
24021304IND01;RS1;SRBIJA – SEVER;K4;2022;01;Employees at legal entities (in "long-term employment" and in "temporary and occasional employment");1195867;NR;number;SORS;Employed by regions (NSTJ based on the municipality of work);A;Normal value
24021304IND01;RS1;SRBIJA – SEVER;K4;2022;02;Entrepreneurs and their employees and persons individually running business (in "long-term employment" and in "temporary and occasional employment");199883;NR;number;SORS;Employed by regions (NSTJ based on the municipality of work);A;Normal value
24021304IND01;RS1;SRBIJA – SEVER;K4;2022;03;Registered individual agricultural producers (farmers);18417;NR;number;SORS;Employed by regions (NSTJ based on the municipality of work);A;Normal value
24021304IND01;RS11;Beogradski region;K4;2022;0;Registered employment - total;827997;NR;number;SORS;Employed by regions (NSTJ based on the municipality of work);A;Normal value
24021304IND01;RS11;Beogradski region;K4;2022;01;Employees at legal entities (in "long-term employment" and in "temporary and occasional employment");729021;NR;number;SORS;Employed by regions (NSTJ based on the municipality of work);A;Normal value
24021304IND01;RS11;Beogradski region;K4;2022;02;Entrepreneurs and their employees and persons individually running business (in "long-term employment" and in "temporary and occasional employment");96992;NR;number;SORS;Employed by regions (NSTJ based on the municipality of work);A;Normal value
24021304IND01;RS11;Beogradski region;K4;2022;03;Registered individual agricultural producers (farmers);1985;NR;number;SORS;Employed by regions (NSTJ based on the municipality of work);A;Normal value
24021304IND01;RS12;Region Vojvodine;K4;2022;0;Registered employment - total;586170;NR;number;SORS;Employed by regions (NSTJ based on the municipality of work);A;Normal value
24021304IND01;RS12;Region Vojvodine;K4;2022;01;Employees at legal entities (in "long-term employment" and in "temporary and occasional employment");466846;NR;number;SORS;Employed by regions (NSTJ based on the municipality of work);A;Normal value
24021304IND01;RS12;Region Vojvodine;K4;2022;02;Entrepreneurs and their employees and persons individually running business (in "long-term employment" and in "temporary and occasional employment");102891;NR;number;SORS;Employed by regions (NSTJ based on the municipality of work);A;Normal value
24021304IND01;RS12;Region Vojvodine;K4;2022;03;Registered individual agricultural producers (farmers);16433;NR;number;SORS;Employed by regions (NSTJ based on the municipality of work);A;Normal value
24021304IND01;RS2;SRBIJA – JUG;K4;2022;0;Registered employment - total;928077;NR;number;SORS;Employed by regions (NSTJ based on the municipality of work);A;Normal value
24021304IND01;RS2;SRBIJA – JUG;K4;2022;01;Employees at legal entities (in "long-term employment" and in "temporary and occasional employment");685640;NR;number;SORS;Employed by regions (NSTJ based on the municipality of work);A;Normal value
24021304IND01;RS2;SRBIJA – JUG;K4;2022;02;Entrepreneurs and their employees and persons individually running business (in "long-term employment" and in "temporary and occasional employment");205105;NR;number;SORS;Employed by regions (NSTJ based on the municipality of work);A;Normal value
24021304IND01;RS2;SRBIJA – JUG;K4;2022;03;Registered individual agricultural producers (farmers);37332;NR;number;SORS;Employed by regions (NSTJ based on the municipality of work);A;Normal value
24021304IND01;RS21;Region Šumadije i Zapadne Srbije;K4;2022;0;Registered employment - total;533032;NR;number;SORS;Employed by regions (NSTJ based on the municipality of work);A;Normal value
24021304IND01;RS21;Region Šumadije i Zapadne Srbije;K4;2022;01;Employees at legal entities (in "long-term employment" and in "temporary and occasional employment");383332;NR;number;SORS;Employed by regions (NSTJ based on the municipality of work);A;Normal value
24021304IND01;RS21;Region Šumadije i Zapadne Srbije;K4;2022;02;Entrepreneurs and their employees and persons individually running business (in "long-term employment" and in "temporary and occasional employment");123748;NR;number;SORS;Employed by regions (NSTJ based on the municipality of work);A;Normal value
24021304IND01;RS21;Region Šumadije i Zapadne Srbije;K4;2022;03;Registered individual agricultural producers (farmers);25952;NR;number;SORS;Employed by regions (NSTJ based on the municipality of work);A;Normal value
24021304IND01;RS22;Region Južne i Istočne Srbije;K4;2022;0;Registered employment - total;395045;NR;number;SORS;Employed by regions (NSTJ based on the municipality of work);A;Normal value
24021304IND01;RS22;Region Južne i Istočne Srbije;K4;2022;01;Employees at legal entities (in "long-term employment" and in "temporary and occasional employment");302308;NR;number;SORS;Employed by regions (NSTJ based on the municipality of work);A;Normal value
24021304IND01;RS22;Region Južne i Istočne Srbije;K4;2022;02;Entrepreneurs and their employees and persons individually running business (in "long-term employment" and in "temporary and occasional employment");81357;NR;number;SORS;Employed by regions (NSTJ based on the municipality of work);A;Normal value
24021304IND01;RS22;Region Južne i Istočne Srbije;K4;2022;03;Registered individual agricultural producers (farmers);11380;NR;number;SORS;Employed by regions (NSTJ based on the municipality of work);A;Normal value
24021304IND01;RS23;Region Kosovo i Metohija;K4;2022;0;Registered employment - total;;NR;number;SORS;Employed by regions (NSTJ based on the municipality of work);O;Not available
24021304IND01;RS23;Region Kosovo i Metohija;K4;2022;01;Employees at legal entities (in "long-term employment" and in "temporary and occasional employment");;NR;number;SORS;Employed by regions (NSTJ based on the municipality of work);O;Not available
24021304IND01;RS23;Region Kosovo i Metohija;K4;2022;02;Entrepreneurs and their employees and persons individually running business (in "long-term employment" and in "temporary and occasional employment");;NR;number;SORS;Employed by regions (NSTJ based on the municipality of work);O;Not available
24021304IND01;RS23;Region Kosovo i Metohija;K4;2022;03;Registered individual agricultural producers (farmers);;NR;number;SORS;Employed by regions (NSTJ based on the municipality of work);O;Not available
24021304IND01;RS;REPUBLIC OF SERBIA;K4;2023;0;Registered employment - total;2367704;NR;number;SORS;Employed by regions (NSTJ based on the municipality of work);A;Normal value
24021304IND01;RS;REPUBLIC OF SERBIA;K4;2023;01;Employees at legal entities (in "long-term employment" and in "temporary and occasional employment");1898931;NR;number;SORS;Employed by regions (NSTJ based on the municipality of work);A;Normal value
24021304IND01;RS;REPUBLIC OF SERBIA;K4;2023;02;Entrepreneurs and their employees and persons individually running business (in "long-term employment" and in "temporary and occasional employment");416922;NR;number;SORS;Employed by regions (NSTJ based on the municipality of work);A;Normal value
24021304IND01;RS;REPUBLIC OF SERBIA;K4;2023;03;Registered individual agricultural producers (farmers);51851;NR;number;SORS;Employed by regions (NSTJ based on the municipality of work);A;Normal value
24021304IND01;RS1;SRBIJA – SEVER;K4;2023;0;Registered employment - total;1436432;NR;number;SORS;Employed by regions (NSTJ based on the municipality of work);A;Normal value
24021304IND01;RS1;SRBIJA – SEVER;K4;2023;01;Employees at legal entities (in "long-term employment" and in "temporary and occasional employment");1212848;NR;number;SORS;Employed by regions (NSTJ based on the municipality of work);A;Normal value
24021304IND01;RS1;SRBIJA – SEVER;K4;2023;02;Entrepreneurs and their employees and persons individually running business (in "long-term employment" and in "temporary and occasional employment");206407;NR;number;SORS;Employed by regions (NSTJ based on the municipality of work);A;Normal value
24021304IND01;RS1;SRBIJA – SEVER;K4;2023;03;Registered individual agricultural producers (farmers);17178;NR;number;SORS;Employed by regions (NSTJ based on the municipality of work);A;Normal value
24021304IND01;RS11;Beogradski region;K4;2023;0;Registered employment - total;841290;NR;number;SORS;Employed by regions (NSTJ based on the municipality of work);A;Normal value
24021304IND01;RS11;Beogradski region;K4;2023;01;Employees at legal entities (in "long-term employment" and in "temporary and occasional employment");739402;NR;number;SORS;Employed by regions (NSTJ based on the municipality of work);A;Normal value
24021304IND01;RS11;Beogradski region;K4;2023;02;Entrepreneurs and their employees and persons individually running business (in "long-term employment" and in "temporary and occasional employment");100054;NR;number;SORS;Employed by regions (NSTJ based on the municipality of work);A;Normal value
24021304IND01;RS11;Beogradski region;K4;2023;03;Registered individual agricultural producers (farmers);1834;NR;number;SORS;Employed by regions (NSTJ based on the municipality of work);A;Normal value
24021304IND01;RS12;Region Vojvodine;K4;2023;0;Registered employment - total;595142;NR;number;SORS;Employed by regions (NSTJ based on the municipality of work);A;Normal value
24021304IND01;RS12;Region Vojvodine;K4;2023;01;Employees at legal entities (in "long-term employment" and in "temporary and occasional employment");473445;NR;number;SORS;Employed by regions (NSTJ based on the municipality of work);A;Normal value
24021304IND01;RS12;Region Vojvodine;K4;2023;02;Entrepreneurs and their employees and persons individually running business (in "long-term employment" and in "temporary and occasional employment");106353;NR;number;SORS;Employed by regions (NSTJ based on the municipality of work);A;Normal value
24021304IND01;RS12;Region Vojvodine;K4;2023;03;Registered individual agricultural producers (farmers);15344;NR;number;SORS;Employed by regions (NSTJ based on the municipality of work);A;Normal value
24021304IND01;RS2;SRBIJA – JUG;K4;2023;0;Registered employment - total;931271;NR;number;SORS;Employed by regions (NSTJ based on the municipality of work);A;Normal value
24021304IND01;RS2;SRBIJA – JUG;K4;2023;01;Employees at legal entities (in "long-term employment" and in "temporary and occasional employment");686083;NR;number;SORS;Employed by regions (NSTJ based on the municipality of work);A;Normal value
24021304IND01;RS2;SRBIJA – JUG;K4;2023;02;Entrepreneurs and their employees and persons individually running business (in "long-term employment" and in "temporary and occasional employment");210515;NR;number;SORS;Employed by regions (NSTJ based on the municipality of work);A;Normal value
24021304IND01;RS2;SRBIJA – JUG;K4;2023;03;Registered individual agricultural producers (farmers);34673;NR;number;SORS;Employed by regions (NSTJ based on the municipality of work);A;Normal value
24021304IND01;RS21;Region Šumadije i Zapadne Srbije;K4;2023;0;Registered employment - total;537090;NR;number;SORS;Employed by regions (NSTJ based on the municipality of work);A;Normal value
24021304IND01;RS21;Region Šumadije i Zapadne Srbije;K4;2023;01;Employees at legal entities (in "long-term employment" and in "temporary and occasional employment");385553;NR;number;SORS;Employed by regions (NSTJ based on the municipality of work);A;Normal value
24021304IND01;RS21;Region Šumadije i Zapadne Srbije;K4;2023;02;Entrepreneurs and their employees and persons individually running business (in "long-term employment" and in "temporary and occasional employment");127383;NR;number;SORS;Employed by regions (NSTJ based on the municipality of work);A;Normal value
24021304IND01;RS21;Region Šumadije i Zapadne Srbije;K4;2023;03;Registered individual agricultural producers (farmers);24154;NR;number;SORS;Employed by regions (NSTJ based on the municipality of work);A;Normal value
24021304IND01;RS22;Region Južne i Istočne Srbije;K4;2023;0;Registered employment - total;394181;NR;number;SORS;Employed by regions (NSTJ based on the municipality of work);A;Normal value
24021304IND01;RS22;Region Južne i Istočne Srbije;K4;2023;01;Employees at legal entities (in "long-term employment" and in "temporary and occasional employment");300530;NR;number;SORS;Employed by regions (NSTJ based on the municipality of work);A;Normal value
24021304IND01;RS22;Region Južne i Istočne Srbije;K4;2023;02;Entrepreneurs and their employees and persons individually running business (in "long-term employment" and in "temporary and occasional employment");83132;NR;number;SORS;Employed by regions (NSTJ based on the municipality of work);A;Normal value
24021304IND01;RS22;Region Južne i Istočne Srbije;K4;2023;03;Registered individual agricultural producers (farmers);10519;NR;number;SORS;Employed by regions (NSTJ based on the municipality of work);A;Normal value
24021304IND01;RS23;Region Kosovo i Metohija;K4;2023;0;Registered employment - total;;NR;number;SORS;Employed by regions (NSTJ based on the municipality of work);O;Not available
24021304IND01;RS23;Region Kosovo i Metohija;K4;2023;01;Employees at legal entities (in "long-term employment" and in "temporary and occasional employment");;NR;number;SORS;Employed by regions (NSTJ based on the municipality of work);O;Not available
24021304IND01;RS23;Region Kosovo i Metohija;K4;2023;02;Entrepreneurs and their employees and persons individually running business (in "long-term employment" and in "temporary and occasional employment");;NR;number;SORS;Employed by regions (NSTJ based on the municipality of work);O;Not available
24021304IND01;RS23;Region Kosovo i Metohija;K4;2023;03;Registered individual agricultural producers (farmers);;NR;number;SORS;Employed by regions (NSTJ based on the municipality of work);O;Not available
24021304IND01;RS;REPUBLIC OF SERBIA;K4;2024;0;Registered employment - total;2378365;NR;number;SORS;Employed by regions (NSTJ based on the municipality of work);A;Normal value
24021304IND01;RS;REPUBLIC OF SERBIA;K4;2024;01;Employees at legal entities (in "long-term employment" and in "temporary and occasional employment");1907510;NR;number;SORS;Employed by regions (NSTJ based on the municipality of work);A;Normal value
24021304IND01;RS;REPUBLIC OF SERBIA;K4;2024;02;Entrepreneurs and their employees and persons individually running business (in "long-term employment" and in "temporary and occasional employment");422940;NR;number;SORS;Employed by regions (NSTJ based on the municipality of work);A;Normal value
24021304IND01;RS;REPUBLIC OF SERBIA;K4;2024;03;Registered individual agricultural producers (farmers);47915;NR;number;SORS;Employed by regions (NSTJ based on the municipality of work);A;Normal value
24021304IND01;RS1;SRBIJA – SEVER;K4;2024;0;Registered employment - total;1448019;NR;number;SORS;Employed by regions (NSTJ based on the municipality of work);A;Normal value
24021304IND01;RS1;SRBIJA – SEVER;K4;2024;01;Employees at legal entities (in "long-term employment" and in "temporary and occasional employment");1221820;NR;number;SORS;Employed by regions (NSTJ based on the municipality of work);A;Normal value
24021304IND01;RS1;SRBIJA – SEVER;K4;2024;02;Entrepreneurs and their employees and persons individually running business (in "long-term employment" and in "temporary and occasional employment");210339;NR;number;SORS;Employed by regions (NSTJ based on the municipality of work);A;Normal value
24021304IND01;RS1;SRBIJA – SEVER;K4;2024;03;Registered individual agricultural producers (farmers);15860;NR;number;SORS;Employed by regions (NSTJ based on the municipality of work);A;Normal value
24021304IND01;RS11;Beogradski region;K4;2024;0;Registered employment - total;852254;NR;number;SORS;Employed by regions (NSTJ based on the municipality of work);A;Normal value
24021304IND01;RS11;Beogradski region;K4;2024;01;Employees at legal entities (in "long-term employment" and in "temporary and occasional employment");748970;NR;number;SORS;Employed by regions (NSTJ based on the municipality of work);A;Normal value
24021304IND01;RS11;Beogradski region;K4;2024;02;Entrepreneurs and their employees and persons individually running business (in "long-term employment" and in "temporary and occasional employment");101579;NR;number;SORS;Employed by regions (NSTJ based on the municipality of work);A;Normal value
24021304IND01;RS11;Beogradski region;K4;2024;03;Registered individual agricultural producers (farmers);1705;NR;number;SORS;Employed by regions (NSTJ based on the municipality of work);A;Normal value
24021304IND01;RS12;Region Vojvodine;K4;2024;0;Registered employment - total;595765;NR;number;SORS;Employed by regions (NSTJ based on the municipality of work);A;Normal value
24021304IND01;RS12;Region Vojvodine;K4;2024;01;Employees at legal entities (in "long-term employment" and in "temporary and occasional employment");472850;NR;number;SORS;Employed by regions (NSTJ based on the municipality of work);A;Normal value
24021304IND01;RS12;Region Vojvodine;K4;2024;02;Entrepreneurs and their employees and persons individually running business (in "long-term employment" and in "temporary and occasional employment");108760;NR;number;SORS;Employed by regions (NSTJ based on the municipality of work);A;Normal value
24021304IND01;RS12;Region Vojvodine;K4;2024;03;Registered individual agricultural producers (farmers);14155;NR;number;SORS;Employed by regions (NSTJ based on the municipality of work);A;Normal value
24021304IND01;RS2;SRBIJA – JUG;K4;2024;0;Registered employment - total;930346;NR;number;SORS;Employed by regions (NSTJ based on the municipality of work);A;Normal value
24021304IND01;RS2;SRBIJA – JUG;K4;2024;01;Employees at legal entities (in "long-term employment" and in "temporary and occasional employment");685690;NR;number;SORS;Employed by regions (NSTJ based on the municipality of work);A;Normal value
24021304IND01;RS2;SRBIJA – JUG;K4;2024;02;Entrepreneurs and their employees and persons individually running business (in "long-term employment" and in "temporary and occasional employment");212601;NR;number;SORS;Employed by regions (NSTJ based on the municipality of work);A;Normal value
24021304IND01;RS2;SRBIJA – JUG;K4;2024;03;Registered individual agricultural producers (farmers);32055;NR;number;SORS;Employed by regions (NSTJ based on the municipality of work);A;Normal value
24021304IND01;RS21;Region Šumadije i Zapadne Srbije;K4;2024;0;Registered employment - total;538697;NR;number;SORS;Employed by regions (NSTJ based on the municipality of work);A;Normal value
24021304IND01;RS21;Region Šumadije i Zapadne Srbije;K4;2024;01;Employees at legal entities (in "long-term employment" and in "temporary and occasional employment");387421;NR;number;SORS;Employed by regions (NSTJ based on the municipality of work);A;Normal value
24021304IND01;RS21;Region Šumadije i Zapadne Srbije;K4;2024;02;Entrepreneurs and their employees and persons individually running business (in "long-term employment" and in "temporary and occasional employment");128857;NR;number;SORS;Employed by regions (NSTJ based on the municipality of work);A;Normal value
24021304IND01;RS21;Region Šumadije i Zapadne Srbije;K4;2024;03;Registered individual agricultural producers (farmers);22419;NR;number;SORS;Employed by regions (NSTJ based on the municipality of work);A;Normal value
24021304IND01;RS22;Region Južne i Istočne Srbije;K4;2024;0;Registered employment - total;391649;NR;number;SORS;Employed by regions (NSTJ based on the municipality of work);A;Normal value
24021304IND01;RS22;Region Južne i Istočne Srbije;K4;2024;01;Employees at legal entities (in "long-term employment" and in "temporary and occasional employment");298269;NR;number;SORS;Employed by regions (NSTJ based on the municipality of work);A;Normal value
24021304IND01;RS22;Region Južne i Istočne Srbije;K4;2024;02;Entrepreneurs and their employees and persons individually running business (in "long-term employment" and in "temporary and occasional employment");83744;NR;number;SORS;Employed by regions (NSTJ based on the municipality of work);A;Normal value
24021304IND01;RS22;Region Južne i Istočne Srbije;K4;2024;03;Registered individual agricultural producers (farmers);9636;NR;number;SORS;Employed by regions (NSTJ based on the municipality of work);A;Normal value
24021304IND01;RS23;Region Kosovo i Metohija;K4;2024;0;Registered employment - total;;NR;number;SORS;Employed by regions (NSTJ based on the municipality of work);O;Not available
24021304IND01;RS23;Region Kosovo i Metohija;K4;2024;01;Employees at legal entities (in "long-term employment" and in "temporary and occasional employment");;NR;number;SORS;Employed by regions (NSTJ based on the municipality of work);O;Not available
24021304IND01;RS23;Region Kosovo i Metohija;K4;2024;02;Entrepreneurs and their employees and persons individually running business (in "long-term employment" and in "temporary and occasional employment");;NR;number;SORS;Employed by regions (NSTJ based on the municipality of work);O;Not available
24021304IND01;RS23;Region Kosovo i Metohija;K4;2024;03;Registered individual agricultural producers (farmers);;NR;number;SORS;Employed by regions (NSTJ based on the municipality of work);O;Not available
24021304IND01;RS;REPUBLIC OF SERBIA;K4;2025;0;Registered employment - total;2356466;NR;number;SORS;Employed by regions (NSTJ based on the municipality of work);A;Normal value
24021304IND01;RS;REPUBLIC OF SERBIA;K4;2025;01;Employees at legal entities (in "long-term employment" and in "temporary and occasional employment");1884966;NR;number;SORS;Employed by regions (NSTJ based on the municipality of work);A;Normal value
24021304IND01;RS;REPUBLIC OF SERBIA;K4;2025;02;Entrepreneurs and their employees and persons individually running business (in "long-term employment" and in "temporary and occasional employment");427229;NR;number;SORS;Employed by regions (NSTJ based on the municipality of work);A;Normal value
24021304IND01;RS;REPUBLIC OF SERBIA;K4;2025;03;Registered individual agricultural producers (farmers);44271;NR;number;SORS;Employed by regions (NSTJ based on the municipality of work);A;Normal value
24021304IND01;RS1;SRBIJA – SEVER;K4;2025;0;Registered employment - total;1441223;NR;number;SORS;Employed by regions (NSTJ based on the municipality of work);A;Normal value
24021304IND01;RS1;SRBIJA – SEVER;K4;2025;01;Employees at legal entities (in "long-term employment" and in "temporary and occasional employment");1213349;NR;number;SORS;Employed by regions (NSTJ based on the municipality of work);A;Normal value
24021304IND01;RS1;SRBIJA – SEVER;K4;2025;02;Entrepreneurs and their employees and persons individually running business (in "long-term employment" and in "temporary and occasional employment");213457;NR;number;SORS;Employed by regions (NSTJ based on the municipality of work);A;Normal value
24021304IND01;RS1;SRBIJA – SEVER;K4;2025;03;Registered individual agricultural producers (farmers);14418;NR;number;SORS;Employed by regions (NSTJ based on the municipality of work);A;Normal value
24021304IND01;RS11;Beogradski region;K4;2025;0;Registered employment - total;854112;NR;number;SORS;Employed by regions (NSTJ based on the municipality of work);A;Normal value
24021304IND01;RS11;Beogradski region;K4;2025;01;Employees at legal entities (in "long-term employment" and in "temporary and occasional employment");749109;NR;number;SORS;Employed by regions (NSTJ based on the municipality of work);A;Normal value
24021304IND01;RS11;Beogradski region;K4;2025;02;Entrepreneurs and their employees and persons individually running business (in "long-term employment" and in "temporary and occasional employment");103414;NR;number;SORS;Employed by regions (NSTJ based on the municipality of work);A;Normal value
24021304IND01;RS11;Beogradski region;K4;2025;03;Registered individual agricultural producers (farmers);1589;NR;number;SORS;Employed by regions (NSTJ based on the municipality of work);A;Normal value
24021304IND01;RS12;Region Vojvodine;K4;2025;0;Registered employment - total;587112;NR;number;SORS;Employed by regions (NSTJ based on the municipality of work);A;Normal value
24021304IND01;RS12;Region Vojvodine;K4;2025;01;Employees at legal entities (in "long-term employment" and in "temporary and occasional employment");464240;NR;number;SORS;Employed by regions (NSTJ based on the municipality of work);A;Normal value
24021304IND01;RS12;Region Vojvodine;K4;2025;02;Entrepreneurs and their employees and persons individually running business (in "long-term employment" and in "temporary and occasional employment");110043;NR;number;SORS;Employed by regions (NSTJ based on the municipality of work);A;Normal value
24021304IND01;RS12;Region Vojvodine;K4;2025;03;Registered individual agricultural producers (farmers);12829;NR;number;SORS;Employed by regions (NSTJ based on the municipality of work);A;Normal value
24021304IND01;RS2;SRBIJA – JUG;K4;2025;0;Registered employment - total;915243;NR;number;SORS;Employed by regions (NSTJ based on the municipality of work);A;Normal value
24021304IND01;RS2;SRBIJA – JUG;K4;2025;01;Employees at legal entities (in "long-term employment" and in "temporary and occasional employment");671617;NR;number;SORS;Employed by regions (NSTJ based on the municipality of work);A;Normal value
24021304IND01;RS2;SRBIJA – JUG;K4;2025;02;Entrepreneurs and their employees and persons individually running business (in "long-term employment" and in "temporary and occasional employment");213773;NR;number;SORS;Employed by regions (NSTJ based on the municipality of work);A;Normal value
24021304IND01;RS2;SRBIJA – JUG;K4;2025;03;Registered individual agricultural producers (farmers);29853;NR;number;SORS;Employed by regions (NSTJ based on the municipality of work);A;Normal value
24021304IND01;RS21;Region Šumadije i Zapadne Srbije;K4;2025;0;Registered employment - total;533228;NR;number;SORS;Employed by regions (NSTJ based on the municipality of work);A;Normal value
24021304IND01;RS21;Region Šumadije i Zapadne Srbije;K4;2025;01;Employees at legal entities (in "long-term employment" and in "temporary and occasional employment");383234;NR;number;SORS;Employed by regions (NSTJ based on the municipality of work);A;Normal value
24021304IND01;RS21;Region Šumadije i Zapadne Srbije;K4;2025;02;Entrepreneurs and their employees and persons individually running business (in "long-term employment" and in "temporary and occasional employment");129012;NR;number;SORS;Employed by regions (NSTJ based on the municipality of work);A;Normal value
24021304IND01;RS21;Region Šumadije i Zapadne Srbije;K4;2025;03;Registered individual agricultural producers (farmers);20982;NR;number;SORS;Employed by regions (NSTJ based on the municipality of work);A;Normal value
24021304IND01;RS22;Region Južne i Istočne Srbije;K4;2025;0;Registered employment - total;382015;NR;number;SORS;Employed by regions (NSTJ based on the municipality of work);A;Normal value
24021304IND01;RS22;Region Južne i Istočne Srbije;K4;2025;01;Employees at legal entities (in "long-term employment" and in "temporary and occasional employment");288383;NR;number;SORS;Employed by regions (NSTJ based on the municipality of work);A;Normal value
24021304IND01;RS22;Region Južne i Istočne Srbije;K4;2025;02;Entrepreneurs and their employees and persons individually running business (in "long-term employment" and in "temporary and occasional employment");84761;NR;number;SORS;Employed by regions (NSTJ based on the municipality of work);A;Normal value
24021304IND01;RS22;Region Južne i Istočne Srbije;K4;2025;03;Registered individual agricultural producers (farmers);8871;NR;number;SORS;Employed by regions (NSTJ based on the municipality of work);A;Normal value
24021304IND01;RS23;Region Kosovo i Metohija;K4;2025;0;Registered employment - total;;NR;number;SORS;Employed by regions (NSTJ based on the municipality of work);O;Not available
24021304IND01;RS23;Region Kosovo i Metohija;K4;2025;01;Employees at legal entities (in "long-term employment" and in "temporary and occasional employment");;NR;number;SORS;Employed by regions (NSTJ based on the municipality of work);O;Not available
24021304IND01;RS23;Region Kosovo i Metohija;K4;2025;02;Entrepreneurs and their employees and persons individually running business (in "long-term employment" and in "temporary and occasional employment");;NR;number;SORS;Employed by regions (NSTJ based on the municipality of work);O;Not available
24021304IND01;RS23;Region Kosovo i Metohija;K4;2025;03;Registered individual agricultural producers (farmers);;NR;number;SORS;Employed by regions (NSTJ based on the municipality of work);O;Not available
