idindikator;IDTer;nTer;mes;god;IDPol;nPol;vrednost;idJedinicaMere;nJedinicaMere;nIzvorI;Indikator;IDStatusPodatka;nStatusPodatka
24021105IND01;70000;Retained;00;2016;0;Total;17083;NR;number;SORS;Registered employment by sex and municipalities of residence (NSTJ) ;A;Normal value
24021105IND01;70000;Retained;00;2016;1;Male;16249;NR;number;SORS;Registered employment by sex and municipalities of residence (NSTJ) ;A;Normal value
24021105IND01;70000;Retained;00;2016;2;Female;835;NR;number;SORS;Registered employment by sex and municipalities of residence (NSTJ) ;A;Normal value
24021105IND01;70000;Retained;00;2017;0;Total;16196;NR;number;SORS;Registered employment by sex and municipalities of residence (NSTJ) ;A;Normal value
24021105IND01;70000;Retained;00;2017;1;Male;15415;NR;number;SORS;Registered employment by sex and municipalities of residence (NSTJ) ;A;Normal value
24021105IND01;70000;Retained;00;2017;2;Female;780;NR;number;SORS;Registered employment by sex and municipalities of residence (NSTJ) ;A;Normal value
24021105IND01;70000;Retained;00;2018;0;Total;15716;NR;number;SORS;Registered employment by sex and municipalities of residence (NSTJ) ;A;Normal value
24021105IND01;70000;Retained;00;2018;1;Male;14911;NR;number;SORS;Registered employment by sex and municipalities of residence (NSTJ) ;A;Normal value
24021105IND01;70000;Retained;00;2018;2;Female;805;NR;number;SORS;Registered employment by sex and municipalities of residence (NSTJ) ;A;Normal value
24021105IND01;70000;Retained;00;2019;0;Total;15338;NR;number;SORS;Registered employment by sex and municipalities of residence (NSTJ) ;A;Normal value
24021105IND01;70000;Retained;00;2019;1;Male;14398;NR;number;SORS;Registered employment by sex and municipalities of residence (NSTJ) ;A;Normal value
24021105IND01;70000;Retained;00;2019;2;Female;940;NR;number;SORS;Registered employment by sex and municipalities of residence (NSTJ) ;A;Normal value
24021105IND01;70000;Retained;00;2020;0;Total;14885;NR;number;SORS;Registered employment by sex and municipalities of residence (NSTJ) ;A;Normal value
24021105IND01;70000;Retained;00;2020;1;Male;13886;NR;number;SORS;Registered employment by sex and municipalities of residence (NSTJ) ;A;Normal value
24021105IND01;70000;Retained;00;2020;2;Female;999;NR;number;SORS;Registered employment by sex and municipalities of residence (NSTJ) ;A;Normal value
24021105IND01;70000;Retained;00;2021;0;Total;14088;NR;number;SORS;Registered employment by sex and municipalities of residence (NSTJ) ;A;Normal value
24021105IND01;70000;Retained;00;2021;1;Male;13101;NR;number;SORS;Registered employment by sex and municipalities of residence (NSTJ) ;A;Normal value
24021105IND01;70000;Retained;00;2021;2;Female;987;NR;number;SORS;Registered employment by sex and municipalities of residence (NSTJ) ;A;Normal value
24021105IND01;70000;Retained;00;2022;0;Total;13168;NR;number;SORS;Registered employment by sex and municipalities of residence (NSTJ) ;A;Normal value
24021105IND01;70000;Retained;00;2022;1;Male;12191;NR;number;SORS;Registered employment by sex and municipalities of residence (NSTJ) ;A;Normal value
24021105IND01;70000;Retained;00;2022;2;Female;976;NR;number;SORS;Registered employment by sex and municipalities of residence (NSTJ) ;A;Normal value
24021105IND01;70000;Retained;00;2023;0;Total;12561;NR;number;SORS;Registered employment by sex and municipalities of residence (NSTJ) ;A;Normal value
24021105IND01;70000;Retained;00;2023;1;Male;11589;NR;number;SORS;Registered employment by sex and municipalities of residence (NSTJ) ;A;Normal value
24021105IND01;70000;Retained;00;2023;2;Female;973;NR;number;SORS;Registered employment by sex and municipalities of residence (NSTJ) ;A;Normal value
24021105IND01;70000;Retained;00;2024;0;Total;11927;NR;number;SORS;Registered employment by sex and municipalities of residence (NSTJ) ;A;Normal value
24021105IND01;70000;Retained;00;2024;1;Male;9994;NR;number;SORS;Registered employment by sex and municipalities of residence (NSTJ) ;A;Normal value
24021105IND01;70000;Retained;00;2024;2;Female;1933;NR;number;SORS;Registered employment by sex and municipalities of residence (NSTJ) ;A;Normal value
24021105IND01;70000;Retained;00;2025;0;Total;8949;NR;number;SORS;Registered employment by sex and municipalities of residence (NSTJ) ;A;Normal value
24021105IND01;70000;Retained;00;2025;1;Male;8027;NR;number;SORS;Registered employment by sex and municipalities of residence (NSTJ) ;A;Normal value
24021105IND01;70000;Retained;00;2025;2;Female;922;NR;number;SORS;Registered employment by sex and municipalities of residence (NSTJ) ;A;Normal value
24021105IND01;70017;Aleksandrovac;00;2025;0;Total;6643;NR;number;SORS;Registered employment by sex and municipalities of residence (NSTJ) ;A;Normal value
24021105IND01;70017;Aleksandrovac;00;2025;1;Male;3800;NR;number;SORS;Registered employment by sex and municipalities of residence (NSTJ) ;A;Normal value
24021105IND01;70017;Aleksandrovac;00;2025;2;Female;2843;NR;number;SORS;Registered employment by sex and municipalities of residence (NSTJ) ;A;Normal value
24021105IND01;70017;Aleksandrovac;00;2024;0;Total;6785;NR;number;SORS;Registered employment by sex and municipalities of residence (NSTJ) ;A;Normal value
24021105IND01;70017;Aleksandrovac;00;2024;1;Male;3927;NR;number;SORS;Registered employment by sex and municipalities of residence (NSTJ) ;A;Normal value
24021105IND01;70017;Aleksandrovac;00;2024;2;Female;2857;NR;number;SORS;Registered employment by sex and municipalities of residence (NSTJ) ;A;Normal value
24021105IND01;70017;Aleksandrovac;00;2023;0;Total;6810;NR;number;SORS;Registered employment by sex and municipalities of residence (NSTJ) ;A;Normal value
24021105IND01;70017;Aleksandrovac;00;2023;1;Male;3980;NR;number;SORS;Registered employment by sex and municipalities of residence (NSTJ) ;A;Normal value
24021105IND01;70017;Aleksandrovac;00;2023;2;Female;2830;NR;number;SORS;Registered employment by sex and municipalities of residence (NSTJ) ;A;Normal value
24021105IND01;70017;Aleksandrovac;00;2022;0;Total;6723;NR;number;SORS;Registered employment by sex and municipalities of residence (NSTJ) ;A;Normal value
24021105IND01;70017;Aleksandrovac;00;2022;1;Male;3950;NR;number;SORS;Registered employment by sex and municipalities of residence (NSTJ) ;A;Normal value
24021105IND01;70017;Aleksandrovac;00;2022;2;Female;2773;NR;number;SORS;Registered employment by sex and municipalities of residence (NSTJ) ;A;Normal value
24021105IND01;70017;Aleksandrovac;00;2021;0;Total;6771;NR;number;SORS;Registered employment by sex and municipalities of residence (NSTJ) ;A;Normal value
24021105IND01;70017;Aleksandrovac;00;2021;1;Male;4019;NR;number;SORS;Registered employment by sex and municipalities of residence (NSTJ) ;A;Normal value
24021105IND01;70017;Aleksandrovac;00;2021;2;Female;2752;NR;number;SORS;Registered employment by sex and municipalities of residence (NSTJ) ;A;Normal value
24021105IND01;70017;Aleksandrovac;00;2020;0;Total;6688;NR;number;SORS;Registered employment by sex and municipalities of residence (NSTJ) ;A;Normal value
24021105IND01;70017;Aleksandrovac;00;2020;1;Male;4000;NR;number;SORS;Registered employment by sex and municipalities of residence (NSTJ) ;A;Normal value
24021105IND01;70017;Aleksandrovac;00;2020;2;Female;2688;NR;number;SORS;Registered employment by sex and municipalities of residence (NSTJ) ;A;Normal value
24021105IND01;70017;Aleksandrovac;00;2019;0;Total;6651;NR;number;SORS;Registered employment by sex and municipalities of residence (NSTJ) ;A;Normal value
24021105IND01;70017;Aleksandrovac;00;2019;1;Male;4009;NR;number;SORS;Registered employment by sex and municipalities of residence (NSTJ) ;A;Normal value
24021105IND01;70017;Aleksandrovac;00;2019;2;Female;2642;NR;number;SORS;Registered employment by sex and municipalities of residence (NSTJ) ;A;Normal value
24021105IND01;70017;Aleksandrovac;00;2018;0;Total;6704;NR;number;SORS;Registered employment by sex and municipalities of residence (NSTJ) ;A;Normal value
24021105IND01;70017;Aleksandrovac;00;2018;1;Male;4066;NR;number;SORS;Registered employment by sex and municipalities of residence (NSTJ) ;A;Normal value
24021105IND01;70017;Aleksandrovac;00;2018;2;Female;2638;NR;number;SORS;Registered employment by sex and municipalities of residence (NSTJ) ;A;Normal value
24021105IND01;70017;Aleksandrovac;00;2017;0;Total;6713;NR;number;SORS;Registered employment by sex and municipalities of residence (NSTJ) ;A;Normal value
24021105IND01;70017;Aleksandrovac;00;2017;1;Male;4077;NR;number;SORS;Registered employment by sex and municipalities of residence (NSTJ) ;A;Normal value
24021105IND01;70017;Aleksandrovac;00;2017;2;Female;2636;NR;number;SORS;Registered employment by sex and municipalities of residence (NSTJ) ;A;Normal value
24021105IND01;70017;Aleksandrovac;00;2016;0;Total;6556;NR;number;SORS;Registered employment by sex and municipalities of residence (NSTJ) ;A;Normal value
24021105IND01;70017;Aleksandrovac;00;2016;1;Male;3991;NR;number;SORS;Registered employment by sex and municipalities of residence (NSTJ) ;A;Normal value
24021105IND01;70017;Aleksandrovac;00;2016;2;Female;2566;NR;number;SORS;Registered employment by sex and municipalities of residence (NSTJ) ;A;Normal value
24021105IND01;70025;Aleksinac;00;2016;0;Total;10919;NR;number;SORS;Registered employment by sex and municipalities of residence (NSTJ) ;A;Normal value
24021105IND01;70025;Aleksinac;00;2016;1;Male;6008;NR;number;SORS;Registered employment by sex and municipalities of residence (NSTJ) ;A;Normal value
24021105IND01;70025;Aleksinac;00;2016;2;Female;4911;NR;number;SORS;Registered employment by sex and municipalities of residence (NSTJ) ;A;Normal value
24021105IND01;70025;Aleksinac;00;2017;0;Total;11146;NR;number;SORS;Registered employment by sex and municipalities of residence (NSTJ) ;A;Normal value
24021105IND01;70025;Aleksinac;00;2017;1;Male;6099;NR;number;SORS;Registered employment by sex and municipalities of residence (NSTJ) ;A;Normal value
24021105IND01;70025;Aleksinac;00;2017;2;Female;5046;NR;number;SORS;Registered employment by sex and municipalities of residence (NSTJ) ;A;Normal value
24021105IND01;70025;Aleksinac;00;2018;0;Total;11344;NR;number;SORS;Registered employment by sex and municipalities of residence (NSTJ) ;A;Normal value
24021105IND01;70025;Aleksinac;00;2018;1;Male;6253;NR;number;SORS;Registered employment by sex and municipalities of residence (NSTJ) ;A;Normal value
24021105IND01;70025;Aleksinac;00;2018;2;Female;5091;NR;number;SORS;Registered employment by sex and municipalities of residence (NSTJ) ;A;Normal value
24021105IND01;70025;Aleksinac;00;2019;0;Total;11388;NR;number;SORS;Registered employment by sex and municipalities of residence (NSTJ) ;A;Normal value
24021105IND01;70025;Aleksinac;00;2019;1;Male;6313;NR;number;SORS;Registered employment by sex and municipalities of residence (NSTJ) ;A;Normal value
24021105IND01;70025;Aleksinac;00;2019;2;Female;5075;NR;number;SORS;Registered employment by sex and municipalities of residence (NSTJ) ;A;Normal value
24021105IND01;70025;Aleksinac;00;2020;0;Total;11679;NR;number;SORS;Registered employment by sex and municipalities of residence (NSTJ) ;A;Normal value
24021105IND01;70025;Aleksinac;00;2020;1;Male;6499;NR;number;SORS;Registered employment by sex and municipalities of residence (NSTJ) ;A;Normal value
24021105IND01;70025;Aleksinac;00;2020;2;Female;5181;NR;number;SORS;Registered employment by sex and municipalities of residence (NSTJ) ;A;Normal value
24021105IND01;70025;Aleksinac;00;2021;0;Total;12313;NR;number;SORS;Registered employment by sex and municipalities of residence (NSTJ) ;A;Normal value
24021105IND01;70025;Aleksinac;00;2021;1;Male;6784;NR;number;SORS;Registered employment by sex and municipalities of residence (NSTJ) ;A;Normal value
24021105IND01;70025;Aleksinac;00;2021;2;Female;5529;NR;number;SORS;Registered employment by sex and municipalities of residence (NSTJ) ;A;Normal value
24021105IND01;70025;Aleksinac;00;2022;0;Total;12701;NR;number;SORS;Registered employment by sex and municipalities of residence (NSTJ) ;A;Normal value
24021105IND01;70025;Aleksinac;00;2022;1;Male;7010;NR;number;SORS;Registered employment by sex and municipalities of residence (NSTJ) ;A;Normal value
24021105IND01;70025;Aleksinac;00;2022;2;Female;5690;NR;number;SORS;Registered employment by sex and municipalities of residence (NSTJ) ;A;Normal value
24021105IND01;70025;Aleksinac;00;2023;0;Total;12972;NR;number;SORS;Registered employment by sex and municipalities of residence (NSTJ) ;A;Normal value
24021105IND01;70025;Aleksinac;00;2023;1;Male;7084;NR;number;SORS;Registered employment by sex and municipalities of residence (NSTJ) ;A;Normal value
24021105IND01;70025;Aleksinac;00;2023;2;Female;5889;NR;number;SORS;Registered employment by sex and municipalities of residence (NSTJ) ;A;Normal value
24021105IND01;70025;Aleksinac;00;2024;0;Total;12841;NR;number;SORS;Registered employment by sex and municipalities of residence (NSTJ) ;A;Normal value
24021105IND01;70025;Aleksinac;00;2024;1;Male;7014;NR;number;SORS;Registered employment by sex and municipalities of residence (NSTJ) ;A;Normal value
24021105IND01;70025;Aleksinac;00;2024;2;Female;5828;NR;number;SORS;Registered employment by sex and municipalities of residence (NSTJ) ;A;Normal value
24021105IND01;70025;Aleksinac;00;2025;0;Total;12781;NR;number;SORS;Registered employment by sex and municipalities of residence (NSTJ) ;A;Normal value
24021105IND01;70025;Aleksinac;00;2025;1;Male;6926;NR;number;SORS;Registered employment by sex and municipalities of residence (NSTJ) ;A;Normal value
24021105IND01;70025;Aleksinac;00;2025;2;Female;5855;NR;number;SORS;Registered employment by sex and municipalities of residence (NSTJ) ;A;Normal value
24021105IND01;70033;Aranđelovac;00;2025;0;Total;14131;NR;number;SORS;Registered employment by sex and municipalities of residence (NSTJ) ;A;Normal value
24021105IND01;70033;Aranđelovac;00;2025;1;Male;7568;NR;number;SORS;Registered employment by sex and municipalities of residence (NSTJ) ;A;Normal value
24021105IND01;70033;Aranđelovac;00;2025;2;Female;6563;NR;number;SORS;Registered employment by sex and municipalities of residence (NSTJ) ;A;Normal value
24021105IND01;70033;Aranđelovac;00;2024;0;Total;14102;NR;number;SORS;Registered employment by sex and municipalities of residence (NSTJ) ;A;Normal value
24021105IND01;70033;Aranđelovac;00;2024;1;Male;7598;NR;number;SORS;Registered employment by sex and municipalities of residence (NSTJ) ;A;Normal value
24021105IND01;70033;Aranđelovac;00;2024;2;Female;6504;NR;number;SORS;Registered employment by sex and municipalities of residence (NSTJ) ;A;Normal value
24021105IND01;70033;Aranđelovac;00;2023;0;Total;14073;NR;number;SORS;Registered employment by sex and municipalities of residence (NSTJ) ;A;Normal value
24021105IND01;70033;Aranđelovac;00;2023;1;Male;7620;NR;number;SORS;Registered employment by sex and municipalities of residence (NSTJ) ;A;Normal value
24021105IND01;70033;Aranđelovac;00;2023;2;Female;6453;NR;number;SORS;Registered employment by sex and municipalities of residence (NSTJ) ;A;Normal value
24021105IND01;70033;Aranđelovac;00;2022;0;Total;13780;NR;number;SORS;Registered employment by sex and municipalities of residence (NSTJ) ;A;Normal value
24021105IND01;70033;Aranđelovac;00;2022;1;Male;7493;NR;number;SORS;Registered employment by sex and municipalities of residence (NSTJ) ;A;Normal value
24021105IND01;70033;Aranđelovac;00;2022;2;Female;6287;NR;number;SORS;Registered employment by sex and municipalities of residence (NSTJ) ;A;Normal value
24021105IND01;70033;Aranđelovac;00;2021;0;Total;13768;NR;number;SORS;Registered employment by sex and municipalities of residence (NSTJ) ;A;Normal value
24021105IND01;70033;Aranđelovac;00;2021;1;Male;7588;NR;number;SORS;Registered employment by sex and municipalities of residence (NSTJ) ;A;Normal value
24021105IND01;70033;Aranđelovac;00;2021;2;Female;6180;NR;number;SORS;Registered employment by sex and municipalities of residence (NSTJ) ;A;Normal value
24021105IND01;70033;Aranđelovac;00;2020;0;Total;13440;NR;number;SORS;Registered employment by sex and municipalities of residence (NSTJ) ;A;Normal value
24021105IND01;70033;Aranđelovac;00;2020;1;Male;7447;NR;number;SORS;Registered employment by sex and municipalities of residence (NSTJ) ;A;Normal value
24021105IND01;70033;Aranđelovac;00;2020;2;Female;5993;NR;number;SORS;Registered employment by sex and municipalities of residence (NSTJ) ;A;Normal value
24021105IND01;70033;Aranđelovac;00;2019;0;Total;13112;NR;number;SORS;Registered employment by sex and municipalities of residence (NSTJ) ;A;Normal value
24021105IND01;70033;Aranđelovac;00;2019;1;Male;7269;NR;number;SORS;Registered employment by sex and municipalities of residence (NSTJ) ;A;Normal value
24021105IND01;70033;Aranđelovac;00;2019;2;Female;5843;NR;number;SORS;Registered employment by sex and municipalities of residence (NSTJ) ;A;Normal value
24021105IND01;70033;Aranđelovac;00;2018;0;Total;12811;NR;number;SORS;Registered employment by sex and municipalities of residence (NSTJ) ;A;Normal value
24021105IND01;70033;Aranđelovac;00;2018;1;Male;7175;NR;number;SORS;Registered employment by sex and municipalities of residence (NSTJ) ;A;Normal value
24021105IND01;70033;Aranđelovac;00;2018;2;Female;5636;NR;number;SORS;Registered employment by sex and municipalities of residence (NSTJ) ;A;Normal value
24021105IND01;70033;Aranđelovac;00;2017;0;Total;12375;NR;number;SORS;Registered employment by sex and municipalities of residence (NSTJ) ;A;Normal value
24021105IND01;70033;Aranđelovac;00;2017;1;Male;6952;NR;number;SORS;Registered employment by sex and municipalities of residence (NSTJ) ;A;Normal value
24021105IND01;70033;Aranđelovac;00;2017;2;Female;5423;NR;number;SORS;Registered employment by sex and municipalities of residence (NSTJ) ;A;Normal value
24021105IND01;70033;Aranđelovac;00;2016;0;Total;12073;NR;number;SORS;Registered employment by sex and municipalities of residence (NSTJ) ;A;Normal value
24021105IND01;70033;Aranđelovac;00;2016;1;Male;6802;NR;number;SORS;Registered employment by sex and municipalities of residence (NSTJ) ;A;Normal value
24021105IND01;70033;Aranđelovac;00;2016;2;Female;5271;NR;number;SORS;Registered employment by sex and municipalities of residence (NSTJ) ;A;Normal value
24021105IND01;70041;Arilje;00;2016;0;Total;5237;NR;number;SORS;Registered employment by sex and municipalities of residence (NSTJ) ;A;Normal value
24021105IND01;70041;Arilje;00;2016;1;Male;2846;NR;number;SORS;Registered employment by sex and municipalities of residence (NSTJ) ;A;Normal value
24021105IND01;70041;Arilje;00;2016;2;Female;2391;NR;number;SORS;Registered employment by sex and municipalities of residence (NSTJ) ;A;Normal value
24021105IND01;70041;Arilje;00;2017;0;Total;5359;NR;number;SORS;Registered employment by sex and municipalities of residence (NSTJ) ;A;Normal value
24021105IND01;70041;Arilje;00;2017;1;Male;2828;NR;number;SORS;Registered employment by sex and municipalities of residence (NSTJ) ;A;Normal value
24021105IND01;70041;Arilje;00;2017;2;Female;2530;NR;number;SORS;Registered employment by sex and municipalities of residence (NSTJ) ;A;Normal value
24021105IND01;70041;Arilje;00;2018;0;Total;5544;NR;number;SORS;Registered employment by sex and municipalities of residence (NSTJ) ;A;Normal value
24021105IND01;70041;Arilje;00;2018;1;Male;2914;NR;number;SORS;Registered employment by sex and municipalities of residence (NSTJ) ;A;Normal value
24021105IND01;70041;Arilje;00;2018;2;Female;2631;NR;number;SORS;Registered employment by sex and municipalities of residence (NSTJ) ;A;Normal value
24021105IND01;70041;Arilje;00;2019;0;Total;5660;NR;number;SORS;Registered employment by sex and municipalities of residence (NSTJ) ;A;Normal value
24021105IND01;70041;Arilje;00;2019;1;Male;2965;NR;number;SORS;Registered employment by sex and municipalities of residence (NSTJ) ;A;Normal value
24021105IND01;70041;Arilje;00;2019;2;Female;2695;NR;number;SORS;Registered employment by sex and municipalities of residence (NSTJ) ;A;Normal value
24021105IND01;70041;Arilje;00;2020;0;Total;5817;NR;number;SORS;Registered employment by sex and municipalities of residence (NSTJ) ;A;Normal value
24021105IND01;70041;Arilje;00;2020;1;Male;3045;NR;number;SORS;Registered employment by sex and municipalities of residence (NSTJ) ;A;Normal value
24021105IND01;70041;Arilje;00;2020;2;Female;2773;NR;number;SORS;Registered employment by sex and municipalities of residence (NSTJ) ;A;Normal value
24021105IND01;70041;Arilje;00;2021;0;Total;5855;NR;number;SORS;Registered employment by sex and municipalities of residence (NSTJ) ;A;Normal value
24021105IND01;70041;Arilje;00;2021;1;Male;3059;NR;number;SORS;Registered employment by sex and municipalities of residence (NSTJ) ;A;Normal value
24021105IND01;70041;Arilje;00;2021;2;Female;2796;NR;number;SORS;Registered employment by sex and municipalities of residence (NSTJ) ;A;Normal value
24021105IND01;70041;Arilje;00;2022;0;Total;5804;NR;number;SORS;Registered employment by sex and municipalities of residence (NSTJ) ;A;Normal value
24021105IND01;70041;Arilje;00;2022;1;Male;3025;NR;number;SORS;Registered employment by sex and municipalities of residence (NSTJ) ;A;Normal value
24021105IND01;70041;Arilje;00;2022;2;Female;2780;NR;number;SORS;Registered employment by sex and municipalities of residence (NSTJ) ;A;Normal value
24021105IND01;70041;Arilje;00;2023;0;Total;5918;NR;number;SORS;Registered employment by sex and municipalities of residence (NSTJ) ;A;Normal value
24021105IND01;70041;Arilje;00;2023;1;Male;3092;NR;number;SORS;Registered employment by sex and municipalities of residence (NSTJ) ;A;Normal value
24021105IND01;70041;Arilje;00;2023;2;Female;2826;NR;number;SORS;Registered employment by sex and municipalities of residence (NSTJ) ;A;Normal value
24021105IND01;70041;Arilje;00;2024;0;Total;5889;NR;number;SORS;Registered employment by sex and municipalities of residence (NSTJ) ;A;Normal value
24021105IND01;70041;Arilje;00;2024;1;Male;3082;NR;number;SORS;Registered employment by sex and municipalities of residence (NSTJ) ;A;Normal value
24021105IND01;70041;Arilje;00;2024;2;Female;2807;NR;number;SORS;Registered employment by sex and municipalities of residence (NSTJ) ;A;Normal value
24021105IND01;70041;Arilje;00;2025;0;Total;5854;NR;number;SORS;Registered employment by sex and municipalities of residence (NSTJ) ;A;Normal value
24021105IND01;70041;Arilje;00;2025;1;Male;3053;NR;number;SORS;Registered employment by sex and municipalities of residence (NSTJ) ;A;Normal value
24021105IND01;70041;Arilje;00;2025;2;Female;2801;NR;number;SORS;Registered employment by sex and municipalities of residence (NSTJ) ;A;Normal value
24021105IND01;70050;Babušnica;00;2025;0;Total;2341;NR;number;SORS;Registered employment by sex and municipalities of residence (NSTJ) ;A;Normal value
24021105IND01;70050;Babušnica;00;2025;1;Male;1327;NR;number;SORS;Registered employment by sex and municipalities of residence (NSTJ) ;A;Normal value
24021105IND01;70050;Babušnica;00;2025;2;Female;1013;NR;number;SORS;Registered employment by sex and municipalities of residence (NSTJ) ;A;Normal value
24021105IND01;70050;Babušnica;00;2024;0;Total;2349;NR;number;SORS;Registered employment by sex and municipalities of residence (NSTJ) ;A;Normal value
24021105IND01;70050;Babušnica;00;2024;1;Male;1331;NR;number;SORS;Registered employment by sex and municipalities of residence (NSTJ) ;A;Normal value
24021105IND01;70050;Babušnica;00;2024;2;Female;1018;NR;number;SORS;Registered employment by sex and municipalities of residence (NSTJ) ;A;Normal value
24021105IND01;70050;Babušnica;00;2023;0;Total;2445;NR;number;SORS;Registered employment by sex and municipalities of residence (NSTJ) ;A;Normal value
24021105IND01;70050;Babušnica;00;2023;1;Male;1410;NR;number;SORS;Registered employment by sex and municipalities of residence (NSTJ) ;A;Normal value
24021105IND01;70050;Babušnica;00;2023;2;Female;1036;NR;number;SORS;Registered employment by sex and municipalities of residence (NSTJ) ;A;Normal value
24021105IND01;70050;Babušnica;00;2022;0;Total;2504;NR;number;SORS;Registered employment by sex and municipalities of residence (NSTJ) ;A;Normal value
24021105IND01;70050;Babušnica;00;2022;1;Male;1447;NR;number;SORS;Registered employment by sex and municipalities of residence (NSTJ) ;A;Normal value
24021105IND01;70050;Babušnica;00;2022;2;Female;1057;NR;number;SORS;Registered employment by sex and municipalities of residence (NSTJ) ;A;Normal value
24021105IND01;70050;Babušnica;00;2021;0;Total;2495;NR;number;SORS;Registered employment by sex and municipalities of residence (NSTJ) ;A;Normal value
24021105IND01;70050;Babušnica;00;2021;1;Male;1450;NR;number;SORS;Registered employment by sex and municipalities of residence (NSTJ) ;A;Normal value
24021105IND01;70050;Babušnica;00;2021;2;Female;1046;NR;number;SORS;Registered employment by sex and municipalities of residence (NSTJ) ;A;Normal value
24021105IND01;70050;Babušnica;00;2020;0;Total;2397;NR;number;SORS;Registered employment by sex and municipalities of residence (NSTJ) ;A;Normal value
24021105IND01;70050;Babušnica;00;2020;1;Male;1393;NR;number;SORS;Registered employment by sex and municipalities of residence (NSTJ) ;A;Normal value
24021105IND01;70050;Babušnica;00;2020;2;Female;1004;NR;number;SORS;Registered employment by sex and municipalities of residence (NSTJ) ;A;Normal value
24021105IND01;70050;Babušnica;00;2019;0;Total;2399;NR;number;SORS;Registered employment by sex and municipalities of residence (NSTJ) ;A;Normal value
24021105IND01;70050;Babušnica;00;2019;1;Male;1396;NR;number;SORS;Registered employment by sex and municipalities of residence (NSTJ) ;A;Normal value
24021105IND01;70050;Babušnica;00;2019;2;Female;1003;NR;number;SORS;Registered employment by sex and municipalities of residence (NSTJ) ;A;Normal value
24021105IND01;70050;Babušnica;00;2018;0;Total;2424;NR;number;SORS;Registered employment by sex and municipalities of residence (NSTJ) ;A;Normal value
24021105IND01;70050;Babušnica;00;2018;1;Male;1412;NR;number;SORS;Registered employment by sex and municipalities of residence (NSTJ) ;A;Normal value
24021105IND01;70050;Babušnica;00;2018;2;Female;1011;NR;number;SORS;Registered employment by sex and municipalities of residence (NSTJ) ;A;Normal value
24021105IND01;70050;Babušnica;00;2017;0;Total;2326;NR;number;SORS;Registered employment by sex and municipalities of residence (NSTJ) ;A;Normal value
24021105IND01;70050;Babušnica;00;2017;1;Male;1363;NR;number;SORS;Registered employment by sex and municipalities of residence (NSTJ) ;A;Normal value
24021105IND01;70050;Babušnica;00;2017;2;Female;963;NR;number;SORS;Registered employment by sex and municipalities of residence (NSTJ) ;A;Normal value
24021105IND01;70050;Babušnica;00;2016;0;Total;2263;NR;number;SORS;Registered employment by sex and municipalities of residence (NSTJ) ;A;Normal value
24021105IND01;70050;Babušnica;00;2016;1;Male;1334;NR;number;SORS;Registered employment by sex and municipalities of residence (NSTJ) ;A;Normal value
24021105IND01;70050;Babušnica;00;2016;2;Female;929;NR;number;SORS;Registered employment by sex and municipalities of residence (NSTJ) ;A;Normal value
24021105IND01;70068;Bajina Bašta;00;2016;0;Total;6321;NR;number;SORS;Registered employment by sex and municipalities of residence (NSTJ) ;A;Normal value
24021105IND01;70068;Bajina Bašta;00;2016;1;Male;3878;NR;number;SORS;Registered employment by sex and municipalities of residence (NSTJ) ;A;Normal value
24021105IND01;70068;Bajina Bašta;00;2016;2;Female;2443;NR;number;SORS;Registered employment by sex and municipalities of residence (NSTJ) ;A;Normal value
24021105IND01;70068;Bajina Bašta;00;2017;0;Total;6503;NR;number;SORS;Registered employment by sex and municipalities of residence (NSTJ) ;A;Normal value
24021105IND01;70068;Bajina Bašta;00;2017;1;Male;3942;NR;number;SORS;Registered employment by sex and municipalities of residence (NSTJ) ;A;Normal value
24021105IND01;70068;Bajina Bašta;00;2017;2;Female;2561;NR;number;SORS;Registered employment by sex and municipalities of residence (NSTJ) ;A;Normal value
24021105IND01;70068;Bajina Bašta;00;2018;0;Total;6820;NR;number;SORS;Registered employment by sex and municipalities of residence (NSTJ) ;A;Normal value
24021105IND01;70068;Bajina Bašta;00;2018;1;Male;4129;NR;number;SORS;Registered employment by sex and municipalities of residence (NSTJ) ;A;Normal value
24021105IND01;70068;Bajina Bašta;00;2018;2;Female;2691;NR;number;SORS;Registered employment by sex and municipalities of residence (NSTJ) ;A;Normal value
24021105IND01;70068;Bajina Bašta;00;2019;0;Total;7088;NR;number;SORS;Registered employment by sex and municipalities of residence (NSTJ) ;A;Normal value
24021105IND01;70068;Bajina Bašta;00;2019;1;Male;4278;NR;number;SORS;Registered employment by sex and municipalities of residence (NSTJ) ;A;Normal value
24021105IND01;70068;Bajina Bašta;00;2019;2;Female;2810;NR;number;SORS;Registered employment by sex and municipalities of residence (NSTJ) ;A;Normal value
24021105IND01;70068;Bajina Bašta;00;2020;0;Total;7183;NR;number;SORS;Registered employment by sex and municipalities of residence (NSTJ) ;A;Normal value
24021105IND01;70068;Bajina Bašta;00;2020;1;Male;4322;NR;number;SORS;Registered employment by sex and municipalities of residence (NSTJ) ;A;Normal value
24021105IND01;70068;Bajina Bašta;00;2020;2;Female;2862;NR;number;SORS;Registered employment by sex and municipalities of residence (NSTJ) ;A;Normal value
24021105IND01;70068;Bajina Bašta;00;2021;0;Total;7388;NR;number;SORS;Registered employment by sex and municipalities of residence (NSTJ) ;A;Normal value
24021105IND01;70068;Bajina Bašta;00;2021;1;Male;4416;NR;number;SORS;Registered employment by sex and municipalities of residence (NSTJ) ;A;Normal value
24021105IND01;70068;Bajina Bašta;00;2021;2;Female;2972;NR;number;SORS;Registered employment by sex and municipalities of residence (NSTJ) ;A;Normal value
24021105IND01;70068;Bajina Bašta;00;2022;0;Total;7448;NR;number;SORS;Registered employment by sex and municipalities of residence (NSTJ) ;A;Normal value
24021105IND01;70068;Bajina Bašta;00;2022;1;Male;4417;NR;number;SORS;Registered employment by sex and municipalities of residence (NSTJ) ;A;Normal value
24021105IND01;70068;Bajina Bašta;00;2022;2;Female;3032;NR;number;SORS;Registered employment by sex and municipalities of residence (NSTJ) ;A;Normal value
24021105IND01;70068;Bajina Bašta;00;2023;0;Total;7587;NR;number;SORS;Registered employment by sex and municipalities of residence (NSTJ) ;A;Normal value
24021105IND01;70068;Bajina Bašta;00;2023;1;Male;4431;NR;number;SORS;Registered employment by sex and municipalities of residence (NSTJ) ;A;Normal value
24021105IND01;70068;Bajina Bašta;00;2023;2;Female;3156;NR;number;SORS;Registered employment by sex and municipalities of residence (NSTJ) ;A;Normal value
24021105IND01;70068;Bajina Bašta;00;2024;0;Total;7595;NR;number;SORS;Registered employment by sex and municipalities of residence (NSTJ) ;A;Normal value
24021105IND01;70068;Bajina Bašta;00;2024;1;Male;4422;NR;number;SORS;Registered employment by sex and municipalities of residence (NSTJ) ;A;Normal value
24021105IND01;70068;Bajina Bašta;00;2024;2;Female;3172;NR;number;SORS;Registered employment by sex and municipalities of residence (NSTJ) ;A;Normal value
24021105IND01;70068;Bajina Bašta;00;2025;0;Total;7527;NR;number;SORS;Registered employment by sex and municipalities of residence (NSTJ) ;A;Normal value
24021105IND01;70068;Bajina Bašta;00;2025;1;Male;4336;NR;number;SORS;Registered employment by sex and municipalities of residence (NSTJ) ;A;Normal value
24021105IND01;70068;Bajina Bašta;00;2025;2;Female;3191;NR;number;SORS;Registered employment by sex and municipalities of residence (NSTJ) ;A;Normal value
24021105IND01;70076;Batočina;00;2025;0;Total;3332;NR;number;SORS;Registered employment by sex and municipalities of residence (NSTJ) ;A;Normal value
24021105IND01;70076;Batočina;00;2025;1;Male;1890;NR;number;SORS;Registered employment by sex and municipalities of residence (NSTJ) ;A;Normal value
24021105IND01;70076;Batočina;00;2025;2;Female;1442;NR;number;SORS;Registered employment by sex and municipalities of residence (NSTJ) ;A;Normal value
24021105IND01;70076;Batočina;00;2024;0;Total;3326;NR;number;SORS;Registered employment by sex and municipalities of residence (NSTJ) ;A;Normal value
24021105IND01;70076;Batočina;00;2024;1;Male;1876;NR;number;SORS;Registered employment by sex and municipalities of residence (NSTJ) ;A;Normal value
24021105IND01;70076;Batočina;00;2024;2;Female;1450;NR;number;SORS;Registered employment by sex and municipalities of residence (NSTJ) ;A;Normal value
24021105IND01;70076;Batočina;00;2023;0;Total;3285;NR;number;SORS;Registered employment by sex and municipalities of residence (NSTJ) ;A;Normal value
24021105IND01;70076;Batočina;00;2023;1;Male;1850;NR;number;SORS;Registered employment by sex and municipalities of residence (NSTJ) ;A;Normal value
24021105IND01;70076;Batočina;00;2023;2;Female;1435;NR;number;SORS;Registered employment by sex and municipalities of residence (NSTJ) ;A;Normal value
24021105IND01;70076;Batočina;00;2022;0;Total;3245;NR;number;SORS;Registered employment by sex and municipalities of residence (NSTJ) ;A;Normal value
24021105IND01;70076;Batočina;00;2022;1;Male;1838;NR;number;SORS;Registered employment by sex and municipalities of residence (NSTJ) ;A;Normal value
24021105IND01;70076;Batočina;00;2022;2;Female;1407;NR;number;SORS;Registered employment by sex and municipalities of residence (NSTJ) ;A;Normal value
24021105IND01;70076;Batočina;00;2021;0;Total;3199;NR;number;SORS;Registered employment by sex and municipalities of residence (NSTJ) ;A;Normal value
24021105IND01;70076;Batočina;00;2021;1;Male;1830;NR;number;SORS;Registered employment by sex and municipalities of residence (NSTJ) ;A;Normal value
24021105IND01;70076;Batočina;00;2021;2;Female;1369;NR;number;SORS;Registered employment by sex and municipalities of residence (NSTJ) ;A;Normal value
24021105IND01;70076;Batočina;00;2020;0;Total;3094;NR;number;SORS;Registered employment by sex and municipalities of residence (NSTJ) ;A;Normal value
24021105IND01;70076;Batočina;00;2020;1;Male;1796;NR;number;SORS;Registered employment by sex and municipalities of residence (NSTJ) ;A;Normal value
24021105IND01;70076;Batočina;00;2020;2;Female;1298;NR;number;SORS;Registered employment by sex and municipalities of residence (NSTJ) ;A;Normal value
24021105IND01;70076;Batočina;00;2019;0;Total;2976;NR;number;SORS;Registered employment by sex and municipalities of residence (NSTJ) ;A;Normal value
24021105IND01;70076;Batočina;00;2019;1;Male;1733;NR;number;SORS;Registered employment by sex and municipalities of residence (NSTJ) ;A;Normal value
24021105IND01;70076;Batočina;00;2019;2;Female;1243;NR;number;SORS;Registered employment by sex and municipalities of residence (NSTJ) ;A;Normal value
24021105IND01;70076;Batočina;00;2018;0;Total;2856;NR;number;SORS;Registered employment by sex and municipalities of residence (NSTJ) ;A;Normal value
24021105IND01;70076;Batočina;00;2018;1;Male;1651;NR;number;SORS;Registered employment by sex and municipalities of residence (NSTJ) ;A;Normal value
24021105IND01;70076;Batočina;00;2018;2;Female;1205;NR;number;SORS;Registered employment by sex and municipalities of residence (NSTJ) ;A;Normal value
24021105IND01;70076;Batočina;00;2017;0;Total;2772;NR;number;SORS;Registered employment by sex and municipalities of residence (NSTJ) ;A;Normal value
24021105IND01;70076;Batočina;00;2017;1;Male;1604;NR;number;SORS;Registered employment by sex and municipalities of residence (NSTJ) ;A;Normal value
24021105IND01;70076;Batočina;00;2017;2;Female;1168;NR;number;SORS;Registered employment by sex and municipalities of residence (NSTJ) ;A;Normal value
24021105IND01;70076;Batočina;00;2016;0;Total;2718;NR;number;SORS;Registered employment by sex and municipalities of residence (NSTJ) ;A;Normal value
24021105IND01;70076;Batočina;00;2016;1;Male;1616;NR;number;SORS;Registered employment by sex and municipalities of residence (NSTJ) ;A;Normal value
24021105IND01;70076;Batočina;00;2016;2;Female;1102;NR;number;SORS;Registered employment by sex and municipalities of residence (NSTJ) ;A;Normal value
24021105IND01;70084;Bela Palanka;00;2016;0;Total;2308;NR;number;SORS;Registered employment by sex and municipalities of residence (NSTJ) ;A;Normal value
24021105IND01;70084;Bela Palanka;00;2016;1;Male;1426;NR;number;SORS;Registered employment by sex and municipalities of residence (NSTJ) ;A;Normal value
24021105IND01;70084;Bela Palanka;00;2016;2;Female;882;NR;number;SORS;Registered employment by sex and municipalities of residence (NSTJ) ;A;Normal value
24021105IND01;70084;Bela Palanka;00;2017;0;Total;2311;NR;number;SORS;Registered employment by sex and municipalities of residence (NSTJ) ;A;Normal value
24021105IND01;70084;Bela Palanka;00;2017;1;Male;1414;NR;number;SORS;Registered employment by sex and municipalities of residence (NSTJ) ;A;Normal value
24021105IND01;70084;Bela Palanka;00;2017;2;Female;897;NR;number;SORS;Registered employment by sex and municipalities of residence (NSTJ) ;A;Normal value
24021105IND01;70084;Bela Palanka;00;2018;0;Total;2507;NR;number;SORS;Registered employment by sex and municipalities of residence (NSTJ) ;A;Normal value
24021105IND01;70084;Bela Palanka;00;2018;1;Male;1525;NR;number;SORS;Registered employment by sex and municipalities of residence (NSTJ) ;A;Normal value
24021105IND01;70084;Bela Palanka;00;2018;2;Female;983;NR;number;SORS;Registered employment by sex and municipalities of residence (NSTJ) ;A;Normal value
24021105IND01;70084;Bela Palanka;00;2019;0;Total;2607;NR;number;SORS;Registered employment by sex and municipalities of residence (NSTJ) ;A;Normal value
24021105IND01;70084;Bela Palanka;00;2019;1;Male;1577;NR;number;SORS;Registered employment by sex and municipalities of residence (NSTJ) ;A;Normal value
24021105IND01;70084;Bela Palanka;00;2019;2;Female;1030;NR;number;SORS;Registered employment by sex and municipalities of residence (NSTJ) ;A;Normal value
24021105IND01;70084;Bela Palanka;00;2020;0;Total;2531;NR;number;SORS;Registered employment by sex and municipalities of residence (NSTJ) ;A;Normal value
24021105IND01;70084;Bela Palanka;00;2020;1;Male;1509;NR;number;SORS;Registered employment by sex and municipalities of residence (NSTJ) ;A;Normal value
24021105IND01;70084;Bela Palanka;00;2020;2;Female;1023;NR;number;SORS;Registered employment by sex and municipalities of residence (NSTJ) ;A;Normal value
24021105IND01;70084;Bela Palanka;00;2021;0;Total;2657;NR;number;SORS;Registered employment by sex and municipalities of residence (NSTJ) ;A;Normal value
24021105IND01;70084;Bela Palanka;00;2021;1;Male;1559;NR;number;SORS;Registered employment by sex and municipalities of residence (NSTJ) ;A;Normal value
24021105IND01;70084;Bela Palanka;00;2021;2;Female;1098;NR;number;SORS;Registered employment by sex and municipalities of residence (NSTJ) ;A;Normal value
24021105IND01;70084;Bela Palanka;00;2022;0;Total;2709;NR;number;SORS;Registered employment by sex and municipalities of residence (NSTJ) ;A;Normal value
24021105IND01;70084;Bela Palanka;00;2022;1;Male;1591;NR;number;SORS;Registered employment by sex and municipalities of residence (NSTJ) ;A;Normal value
24021105IND01;70084;Bela Palanka;00;2022;2;Female;1118;NR;number;SORS;Registered employment by sex and municipalities of residence (NSTJ) ;A;Normal value
24021105IND01;70084;Bela Palanka;00;2023;0;Total;2729;NR;number;SORS;Registered employment by sex and municipalities of residence (NSTJ) ;A;Normal value
24021105IND01;70084;Bela Palanka;00;2023;1;Male;1567;NR;number;SORS;Registered employment by sex and municipalities of residence (NSTJ) ;A;Normal value
24021105IND01;70084;Bela Palanka;00;2023;2;Female;1162;NR;number;SORS;Registered employment by sex and municipalities of residence (NSTJ) ;A;Normal value
24021105IND01;70084;Bela Palanka;00;2024;0;Total;2643;NR;number;SORS;Registered employment by sex and municipalities of residence (NSTJ) ;A;Normal value
24021105IND01;70084;Bela Palanka;00;2024;1;Male;1530;NR;number;SORS;Registered employment by sex and municipalities of residence (NSTJ) ;A;Normal value
24021105IND01;70084;Bela Palanka;00;2024;2;Female;1114;NR;number;SORS;Registered employment by sex and municipalities of residence (NSTJ) ;A;Normal value
24021105IND01;70084;Bela Palanka;00;2025;0;Total;2589;NR;number;SORS;Registered employment by sex and municipalities of residence (NSTJ) ;A;Normal value
24021105IND01;70084;Bela Palanka;00;2025;1;Male;1500;NR;number;SORS;Registered employment by sex and municipalities of residence (NSTJ) ;A;Normal value
24021105IND01;70084;Bela Palanka;00;2025;2;Female;1088;NR;number;SORS;Registered employment by sex and municipalities of residence (NSTJ) ;A;Normal value
24021105IND01;70092;Barajevo;00;2025;0;Total;9447;NR;number;SORS;Registered employment by sex and municipalities of residence (NSTJ) ;A;Normal value
24021105IND01;70092;Barajevo;00;2025;1;Male;5066;NR;number;SORS;Registered employment by sex and municipalities of residence (NSTJ) ;A;Normal value
24021105IND01;70092;Barajevo;00;2025;2;Female;4381;NR;number;SORS;Registered employment by sex and municipalities of residence (NSTJ) ;A;Normal value
24021105IND01;70092;Barajevo;00;2024;0;Total;9292;NR;number;SORS;Registered employment by sex and municipalities of residence (NSTJ) ;A;Normal value
24021105IND01;70092;Barajevo;00;2024;1;Male;4968;NR;number;SORS;Registered employment by sex and municipalities of residence (NSTJ) ;A;Normal value
24021105IND01;70092;Barajevo;00;2024;2;Female;4324;NR;number;SORS;Registered employment by sex and municipalities of residence (NSTJ) ;A;Normal value
24021105IND01;70092;Barajevo;00;2023;0;Total;9092;NR;number;SORS;Registered employment by sex and municipalities of residence (NSTJ) ;A;Normal value
24021105IND01;70092;Barajevo;00;2023;1;Male;4882;NR;number;SORS;Registered employment by sex and municipalities of residence (NSTJ) ;A;Normal value
24021105IND01;70092;Barajevo;00;2023;2;Female;4210;NR;number;SORS;Registered employment by sex and municipalities of residence (NSTJ) ;A;Normal value
24021105IND01;70092;Barajevo;00;2022;0;Total;8860;NR;number;SORS;Registered employment by sex and municipalities of residence (NSTJ) ;A;Normal value
24021105IND01;70092;Barajevo;00;2022;1;Male;4796;NR;number;SORS;Registered employment by sex and municipalities of residence (NSTJ) ;A;Normal value
24021105IND01;70092;Barajevo;00;2022;2;Female;4063;NR;number;SORS;Registered employment by sex and municipalities of residence (NSTJ) ;A;Normal value
24021105IND01;70092;Barajevo;00;2021;0;Total;8698;NR;number;SORS;Registered employment by sex and municipalities of residence (NSTJ) ;A;Normal value
24021105IND01;70092;Barajevo;00;2021;1;Male;4762;NR;number;SORS;Registered employment by sex and municipalities of residence (NSTJ) ;A;Normal value
24021105IND01;70092;Barajevo;00;2021;2;Female;3937;NR;number;SORS;Registered employment by sex and municipalities of residence (NSTJ) ;A;Normal value
24021105IND01;70092;Barajevo;00;2020;0;Total;8482;NR;number;SORS;Registered employment by sex and municipalities of residence (NSTJ) ;A;Normal value
24021105IND01;70092;Barajevo;00;2020;1;Male;4663;NR;number;SORS;Registered employment by sex and municipalities of residence (NSTJ) ;A;Normal value
24021105IND01;70092;Barajevo;00;2020;2;Female;3819;NR;number;SORS;Registered employment by sex and municipalities of residence (NSTJ) ;A;Normal value
24021105IND01;70092;Barajevo;00;2019;0;Total;8193;NR;number;SORS;Registered employment by sex and municipalities of residence (NSTJ) ;A;Normal value
24021105IND01;70092;Barajevo;00;2019;1;Male;4493;NR;number;SORS;Registered employment by sex and municipalities of residence (NSTJ) ;A;Normal value
24021105IND01;70092;Barajevo;00;2019;2;Female;3700;NR;number;SORS;Registered employment by sex and municipalities of residence (NSTJ) ;A;Normal value
24021105IND01;70092;Barajevo;00;2018;0;Total;7867;NR;number;SORS;Registered employment by sex and municipalities of residence (NSTJ) ;A;Normal value
24021105IND01;70092;Barajevo;00;2018;1;Male;4321;NR;number;SORS;Registered employment by sex and municipalities of residence (NSTJ) ;A;Normal value
24021105IND01;70092;Barajevo;00;2018;2;Female;3546;NR;number;SORS;Registered employment by sex and municipalities of residence (NSTJ) ;A;Normal value
24021105IND01;70092;Barajevo;00;2017;0;Total;7513;NR;number;SORS;Registered employment by sex and municipalities of residence (NSTJ) ;A;Normal value
24021105IND01;70092;Barajevo;00;2017;1;Male;4163;NR;number;SORS;Registered employment by sex and municipalities of residence (NSTJ) ;A;Normal value
24021105IND01;70092;Barajevo;00;2017;2;Female;3350;NR;number;SORS;Registered employment by sex and municipalities of residence (NSTJ) ;A;Normal value
24021105IND01;70092;Barajevo;00;2016;0;Total;7275;NR;number;SORS;Registered employment by sex and municipalities of residence (NSTJ) ;A;Normal value
24021105IND01;70092;Barajevo;00;2016;1;Male;4071;NR;number;SORS;Registered employment by sex and municipalities of residence (NSTJ) ;A;Normal value
24021105IND01;70092;Barajevo;00;2016;2;Female;3204;NR;number;SORS;Registered employment by sex and municipalities of residence (NSTJ) ;A;Normal value
24021105IND01;70106;Voždovac;00;2016;0;Total;57956;NR;number;SORS;Registered employment by sex and municipalities of residence (NSTJ) ;A;Normal value
24021105IND01;70106;Voždovac;00;2016;1;Male;28044;NR;number;SORS;Registered employment by sex and municipalities of residence (NSTJ) ;A;Normal value
24021105IND01;70106;Voždovac;00;2016;2;Female;29912;NR;number;SORS;Registered employment by sex and municipalities of residence (NSTJ) ;A;Normal value
24021105IND01;70106;Voždovac;00;2017;0;Total;59971;NR;number;SORS;Registered employment by sex and municipalities of residence (NSTJ) ;A;Normal value
24021105IND01;70106;Voždovac;00;2017;1;Male;28912;NR;number;SORS;Registered employment by sex and municipalities of residence (NSTJ) ;A;Normal value
24021105IND01;70106;Voždovac;00;2017;2;Female;31059;NR;number;SORS;Registered employment by sex and municipalities of residence (NSTJ) ;A;Normal value
24021105IND01;70106;Voždovac;00;2018;0;Total;62236;NR;number;SORS;Registered employment by sex and municipalities of residence (NSTJ) ;A;Normal value
24021105IND01;70106;Voždovac;00;2018;1;Male;30010;NR;number;SORS;Registered employment by sex and municipalities of residence (NSTJ) ;A;Normal value
24021105IND01;70106;Voždovac;00;2018;2;Female;32225;NR;number;SORS;Registered employment by sex and municipalities of residence (NSTJ) ;A;Normal value
24021105IND01;70106;Voždovac;00;2019;0;Total;63984;NR;number;SORS;Registered employment by sex and municipalities of residence (NSTJ) ;A;Normal value
24021105IND01;70106;Voždovac;00;2019;1;Male;30843;NR;number;SORS;Registered employment by sex and municipalities of residence (NSTJ) ;A;Normal value
24021105IND01;70106;Voždovac;00;2019;2;Female;33141;NR;number;SORS;Registered employment by sex and municipalities of residence (NSTJ) ;A;Normal value
24021105IND01;70106;Voždovac;00;2020;0;Total;65743;NR;number;SORS;Registered employment by sex and municipalities of residence (NSTJ) ;A;Normal value
24021105IND01;70106;Voždovac;00;2020;1;Male;31638;NR;number;SORS;Registered employment by sex and municipalities of residence (NSTJ) ;A;Normal value
24021105IND01;70106;Voždovac;00;2020;2;Female;34105;NR;number;SORS;Registered employment by sex and municipalities of residence (NSTJ) ;A;Normal value
24021105IND01;70106;Voždovac;00;2021;0;Total;67547;NR;number;SORS;Registered employment by sex and municipalities of residence (NSTJ) ;A;Normal value
24021105IND01;70106;Voždovac;00;2021;1;Male;32528;NR;number;SORS;Registered employment by sex and municipalities of residence (NSTJ) ;A;Normal value
24021105IND01;70106;Voždovac;00;2021;2;Female;35019;NR;number;SORS;Registered employment by sex and municipalities of residence (NSTJ) ;A;Normal value
24021105IND01;70106;Voždovac;00;2022;0;Total;69097;NR;number;SORS;Registered employment by sex and municipalities of residence (NSTJ) ;A;Normal value
24021105IND01;70106;Voždovac;00;2022;1;Male;33155;NR;number;SORS;Registered employment by sex and municipalities of residence (NSTJ) ;A;Normal value
24021105IND01;70106;Voždovac;00;2022;2;Female;35942;NR;number;SORS;Registered employment by sex and municipalities of residence (NSTJ) ;A;Normal value
24021105IND01;70106;Voždovac;00;2023;0;Total;71326;NR;number;SORS;Registered employment by sex and municipalities of residence (NSTJ) ;A;Normal value
24021105IND01;70106;Voždovac;00;2023;1;Male;34210;NR;number;SORS;Registered employment by sex and municipalities of residence (NSTJ) ;A;Normal value
24021105IND01;70106;Voždovac;00;2023;2;Female;37116;NR;number;SORS;Registered employment by sex and municipalities of residence (NSTJ) ;A;Normal value
24021105IND01;70106;Voždovac;00;2024;0;Total;72212;NR;number;SORS;Registered employment by sex and municipalities of residence (NSTJ) ;A;Normal value
24021105IND01;70106;Voždovac;00;2024;1;Male;34682;NR;number;SORS;Registered employment by sex and municipalities of residence (NSTJ) ;A;Normal value
24021105IND01;70106;Voždovac;00;2024;2;Female;37530;NR;number;SORS;Registered employment by sex and municipalities of residence (NSTJ) ;A;Normal value
24021105IND01;70106;Voždovac;00;2025;0;Total;72754;NR;number;SORS;Registered employment by sex and municipalities of residence (NSTJ) ;A;Normal value
24021105IND01;70106;Voždovac;00;2025;1;Male;34866;NR;number;SORS;Registered employment by sex and municipalities of residence (NSTJ) ;A;Normal value
24021105IND01;70106;Voždovac;00;2025;2;Female;37888;NR;number;SORS;Registered employment by sex and municipalities of residence (NSTJ) ;A;Normal value
24021105IND01;70114;Vračar;00;2025;0;Total;26664;NR;number;SORS;Registered employment by sex and municipalities of residence (NSTJ) ;A;Normal value
24021105IND01;70114;Vračar;00;2025;1;Male;12706;NR;number;SORS;Registered employment by sex and municipalities of residence (NSTJ) ;A;Normal value
24021105IND01;70114;Vračar;00;2025;2;Female;13957;NR;number;SORS;Registered employment by sex and municipalities of residence (NSTJ) ;A;Normal value
24021105IND01;70114;Vračar;00;2024;0;Total;26457;NR;number;SORS;Registered employment by sex and municipalities of residence (NSTJ) ;A;Normal value
24021105IND01;70114;Vračar;00;2024;1;Male;12614;NR;number;SORS;Registered employment by sex and municipalities of residence (NSTJ) ;A;Normal value
24021105IND01;70114;Vračar;00;2024;2;Female;13843;NR;number;SORS;Registered employment by sex and municipalities of residence (NSTJ) ;A;Normal value
24021105IND01;70114;Vračar;00;2023;0;Total;26049;NR;number;SORS;Registered employment by sex and municipalities of residence (NSTJ) ;A;Normal value
24021105IND01;70114;Vračar;00;2023;1;Male;12356;NR;number;SORS;Registered employment by sex and municipalities of residence (NSTJ) ;A;Normal value
24021105IND01;70114;Vračar;00;2023;2;Female;13693;NR;number;SORS;Registered employment by sex and municipalities of residence (NSTJ) ;A;Normal value
24021105IND01;70114;Vračar;00;2022;0;Total;24936;NR;number;SORS;Registered employment by sex and municipalities of residence (NSTJ) ;A;Normal value
24021105IND01;70114;Vračar;00;2022;1;Male;11669;NR;number;SORS;Registered employment by sex and municipalities of residence (NSTJ) ;A;Normal value
24021105IND01;70114;Vračar;00;2022;2;Female;13268;NR;number;SORS;Registered employment by sex and municipalities of residence (NSTJ) ;A;Normal value
24021105IND01;70114;Vračar;00;2021;0;Total;24392;NR;number;SORS;Registered employment by sex and municipalities of residence (NSTJ) ;A;Normal value
24021105IND01;70114;Vračar;00;2021;1;Male;11417;NR;number;SORS;Registered employment by sex and municipalities of residence (NSTJ) ;A;Normal value
24021105IND01;70114;Vračar;00;2021;2;Female;12975;NR;number;SORS;Registered employment by sex and municipalities of residence (NSTJ) ;A;Normal value
24021105IND01;70114;Vračar;00;2020;0;Total;23755;NR;number;SORS;Registered employment by sex and municipalities of residence (NSTJ) ;A;Normal value
24021105IND01;70114;Vračar;00;2020;1;Male;11167;NR;number;SORS;Registered employment by sex and municipalities of residence (NSTJ) ;A;Normal value
24021105IND01;70114;Vračar;00;2020;2;Female;12588;NR;number;SORS;Registered employment by sex and municipalities of residence (NSTJ) ;A;Normal value
24021105IND01;70114;Vračar;00;2019;0;Total;23219;NR;number;SORS;Registered employment by sex and municipalities of residence (NSTJ) ;A;Normal value
24021105IND01;70114;Vračar;00;2019;1;Male;10922;NR;number;SORS;Registered employment by sex and municipalities of residence (NSTJ) ;A;Normal value
24021105IND01;70114;Vračar;00;2019;2;Female;12297;NR;number;SORS;Registered employment by sex and municipalities of residence (NSTJ) ;A;Normal value
24021105IND01;70114;Vračar;00;2018;0;Total;22888;NR;number;SORS;Registered employment by sex and municipalities of residence (NSTJ) ;A;Normal value
24021105IND01;70114;Vračar;00;2018;1;Male;10809;NR;number;SORS;Registered employment by sex and municipalities of residence (NSTJ) ;A;Normal value
24021105IND01;70114;Vračar;00;2018;2;Female;12078;NR;number;SORS;Registered employment by sex and municipalities of residence (NSTJ) ;A;Normal value
24021105IND01;70114;Vračar;00;2017;0;Total;22439;NR;number;SORS;Registered employment by sex and municipalities of residence (NSTJ) ;A;Normal value
24021105IND01;70114;Vračar;00;2017;1;Male;10614;NR;number;SORS;Registered employment by sex and municipalities of residence (NSTJ) ;A;Normal value
24021105IND01;70114;Vračar;00;2017;2;Female;11826;NR;number;SORS;Registered employment by sex and municipalities of residence (NSTJ) ;A;Normal value
24021105IND01;70114;Vračar;00;2016;0;Total;21877;NR;number;SORS;Registered employment by sex and municipalities of residence (NSTJ) ;A;Normal value
24021105IND01;70114;Vračar;00;2016;1;Male;10353;NR;number;SORS;Registered employment by sex and municipalities of residence (NSTJ) ;A;Normal value
24021105IND01;70114;Vračar;00;2016;2;Female;11524;NR;number;SORS;Registered employment by sex and municipalities of residence (NSTJ) ;A;Normal value
24021105IND01;70122;Grocka;00;2016;0;Total;24818;NR;number;SORS;Registered employment by sex and municipalities of residence (NSTJ) ;A;Normal value
24021105IND01;70122;Grocka;00;2016;1;Male;13085;NR;number;SORS;Registered employment by sex and municipalities of residence (NSTJ) ;A;Normal value
24021105IND01;70122;Grocka;00;2016;2;Female;11733;NR;number;SORS;Registered employment by sex and municipalities of residence (NSTJ) ;A;Normal value
24021105IND01;70122;Grocka;00;2017;0;Total;25785;NR;number;SORS;Registered employment by sex and municipalities of residence (NSTJ) ;A;Normal value
24021105IND01;70122;Grocka;00;2017;1;Male;13527;NR;number;SORS;Registered employment by sex and municipalities of residence (NSTJ) ;A;Normal value
24021105IND01;70122;Grocka;00;2017;2;Female;12258;NR;number;SORS;Registered employment by sex and municipalities of residence (NSTJ) ;A;Normal value
24021105IND01;70122;Grocka;00;2018;0;Total;26905;NR;number;SORS;Registered employment by sex and municipalities of residence (NSTJ) ;A;Normal value
24021105IND01;70122;Grocka;00;2018;1;Male;14092;NR;number;SORS;Registered employment by sex and municipalities of residence (NSTJ) ;A;Normal value
24021105IND01;70122;Grocka;00;2018;2;Female;12813;NR;number;SORS;Registered employment by sex and municipalities of residence (NSTJ) ;A;Normal value
24021105IND01;70122;Grocka;00;2019;0;Total;27743;NR;number;SORS;Registered employment by sex and municipalities of residence (NSTJ) ;A;Normal value
24021105IND01;70122;Grocka;00;2019;1;Male;14584;NR;number;SORS;Registered employment by sex and municipalities of residence (NSTJ) ;A;Normal value
24021105IND01;70122;Grocka;00;2019;2;Female;13159;NR;number;SORS;Registered employment by sex and municipalities of residence (NSTJ) ;A;Normal value
24021105IND01;70122;Grocka;00;2020;0;Total;28659;NR;number;SORS;Registered employment by sex and municipalities of residence (NSTJ) ;A;Normal value
24021105IND01;70122;Grocka;00;2020;1;Male;15031;NR;number;SORS;Registered employment by sex and municipalities of residence (NSTJ) ;A;Normal value
24021105IND01;70122;Grocka;00;2020;2;Female;13628;NR;number;SORS;Registered employment by sex and municipalities of residence (NSTJ) ;A;Normal value
24021105IND01;70122;Grocka;00;2021;0;Total;29413;NR;number;SORS;Registered employment by sex and municipalities of residence (NSTJ) ;A;Normal value
24021105IND01;70122;Grocka;00;2021;1;Male;15309;NR;number;SORS;Registered employment by sex and municipalities of residence (NSTJ) ;A;Normal value
24021105IND01;70122;Grocka;00;2021;2;Female;14103;NR;number;SORS;Registered employment by sex and municipalities of residence (NSTJ) ;A;Normal value
24021105IND01;70122;Grocka;00;2022;0;Total;29934;NR;number;SORS;Registered employment by sex and municipalities of residence (NSTJ) ;A;Normal value
24021105IND01;70122;Grocka;00;2022;1;Male;15439;NR;number;SORS;Registered employment by sex and municipalities of residence (NSTJ) ;A;Normal value
24021105IND01;70122;Grocka;00;2022;2;Female;14495;NR;number;SORS;Registered employment by sex and municipalities of residence (NSTJ) ;A;Normal value
24021105IND01;70122;Grocka;00;2023;0;Total;30697;NR;number;SORS;Registered employment by sex and municipalities of residence (NSTJ) ;A;Normal value
24021105IND01;70122;Grocka;00;2023;1;Male;15715;NR;number;SORS;Registered employment by sex and municipalities of residence (NSTJ) ;A;Normal value
24021105IND01;70122;Grocka;00;2023;2;Female;14982;NR;number;SORS;Registered employment by sex and municipalities of residence (NSTJ) ;A;Normal value
24021105IND01;70122;Grocka;00;2024;0;Total;31180;NR;number;SORS;Registered employment by sex and municipalities of residence (NSTJ) ;A;Normal value
24021105IND01;70122;Grocka;00;2024;1;Male;15955;NR;number;SORS;Registered employment by sex and municipalities of residence (NSTJ) ;A;Normal value
24021105IND01;70122;Grocka;00;2024;2;Female;15225;NR;number;SORS;Registered employment by sex and municipalities of residence (NSTJ) ;A;Normal value
24021105IND01;70122;Grocka;00;2025;0;Total;31528;NR;number;SORS;Registered employment by sex and municipalities of residence (NSTJ) ;A;Normal value
24021105IND01;70122;Grocka;00;2025;1;Male;16165;NR;number;SORS;Registered employment by sex and municipalities of residence (NSTJ) ;A;Normal value
24021105IND01;70122;Grocka;00;2025;2;Female;15363;NR;number;SORS;Registered employment by sex and municipalities of residence (NSTJ) ;A;Normal value
24021105IND01;70149;Zvezdara;00;2025;0;Total;74736;NR;number;SORS;Registered employment by sex and municipalities of residence (NSTJ) ;A;Normal value
24021105IND01;70149;Zvezdara;00;2025;1;Male;35387;NR;number;SORS;Registered employment by sex and municipalities of residence (NSTJ) ;A;Normal value
24021105IND01;70149;Zvezdara;00;2025;2;Female;39349;NR;number;SORS;Registered employment by sex and municipalities of residence (NSTJ) ;A;Normal value
24021105IND01;70149;Zvezdara;00;2024;0;Total;73562;NR;number;SORS;Registered employment by sex and municipalities of residence (NSTJ) ;A;Normal value
24021105IND01;70149;Zvezdara;00;2024;1;Male;34797;NR;number;SORS;Registered employment by sex and municipalities of residence (NSTJ) ;A;Normal value
24021105IND01;70149;Zvezdara;00;2024;2;Female;38765;NR;number;SORS;Registered employment by sex and municipalities of residence (NSTJ) ;A;Normal value
24021105IND01;70149;Zvezdara;00;2023;0;Total;72260;NR;number;SORS;Registered employment by sex and municipalities of residence (NSTJ) ;A;Normal value
24021105IND01;70149;Zvezdara;00;2023;1;Male;34144;NR;number;SORS;Registered employment by sex and municipalities of residence (NSTJ) ;A;Normal value
24021105IND01;70149;Zvezdara;00;2023;2;Female;38116;NR;number;SORS;Registered employment by sex and municipalities of residence (NSTJ) ;A;Normal value
24021105IND01;70149;Zvezdara;00;2022;0;Total;69238;NR;number;SORS;Registered employment by sex and municipalities of residence (NSTJ) ;A;Normal value
24021105IND01;70149;Zvezdara;00;2022;1;Male;32793;NR;number;SORS;Registered employment by sex and municipalities of residence (NSTJ) ;A;Normal value
24021105IND01;70149;Zvezdara;00;2022;2;Female;36445;NR;number;SORS;Registered employment by sex and municipalities of residence (NSTJ) ;A;Normal value
24021105IND01;70149;Zvezdara;00;2021;0;Total;67226;NR;number;SORS;Registered employment by sex and municipalities of residence (NSTJ) ;A;Normal value
24021105IND01;70149;Zvezdara;00;2021;1;Male;31877;NR;number;SORS;Registered employment by sex and municipalities of residence (NSTJ) ;A;Normal value
24021105IND01;70149;Zvezdara;00;2021;2;Female;35349;NR;number;SORS;Registered employment by sex and municipalities of residence (NSTJ) ;A;Normal value
24021105IND01;70149;Zvezdara;00;2020;0;Total;64616;NR;number;SORS;Registered employment by sex and municipalities of residence (NSTJ) ;A;Normal value
24021105IND01;70149;Zvezdara;00;2020;1;Male;30708;NR;number;SORS;Registered employment by sex and municipalities of residence (NSTJ) ;A;Normal value
24021105IND01;70149;Zvezdara;00;2020;2;Female;33908;NR;number;SORS;Registered employment by sex and municipalities of residence (NSTJ) ;A;Normal value
24021105IND01;70149;Zvezdara;00;2019;0;Total;62315;NR;number;SORS;Registered employment by sex and municipalities of residence (NSTJ) ;A;Normal value
24021105IND01;70149;Zvezdara;00;2019;1;Male;29684;NR;number;SORS;Registered employment by sex and municipalities of residence (NSTJ) ;A;Normal value
24021105IND01;70149;Zvezdara;00;2019;2;Female;32631;NR;number;SORS;Registered employment by sex and municipalities of residence (NSTJ) ;A;Normal value
24021105IND01;70149;Zvezdara;00;2018;0;Total;60295;NR;number;SORS;Registered employment by sex and municipalities of residence (NSTJ) ;A;Normal value
24021105IND01;70149;Zvezdara;00;2018;1;Male;28717;NR;number;SORS;Registered employment by sex and municipalities of residence (NSTJ) ;A;Normal value
24021105IND01;70149;Zvezdara;00;2018;2;Female;31578;NR;number;SORS;Registered employment by sex and municipalities of residence (NSTJ) ;A;Normal value
24021105IND01;70149;Zvezdara;00;2017;0;Total;57741;NR;number;SORS;Registered employment by sex and municipalities of residence (NSTJ) ;A;Normal value
24021105IND01;70149;Zvezdara;00;2017;1;Male;27542;NR;number;SORS;Registered employment by sex and municipalities of residence (NSTJ) ;A;Normal value
24021105IND01;70149;Zvezdara;00;2017;2;Female;30199;NR;number;SORS;Registered employment by sex and municipalities of residence (NSTJ) ;A;Normal value
24021105IND01;70149;Zvezdara;00;2016;0;Total;55335;NR;number;SORS;Registered employment by sex and municipalities of residence (NSTJ) ;A;Normal value
24021105IND01;70149;Zvezdara;00;2016;1;Male;26338;NR;number;SORS;Registered employment by sex and municipalities of residence (NSTJ) ;A;Normal value
24021105IND01;70149;Zvezdara;00;2016;2;Female;28997;NR;number;SORS;Registered employment by sex and municipalities of residence (NSTJ) ;A;Normal value
24021105IND01;70157;Zemun;00;2016;0;Total;57812;NR;number;SORS;Registered employment by sex and municipalities of residence (NSTJ) ;A;Normal value
24021105IND01;70157;Zemun;00;2016;1;Male;28995;NR;number;SORS;Registered employment by sex and municipalities of residence (NSTJ) ;A;Normal value
24021105IND01;70157;Zemun;00;2016;2;Female;28818;NR;number;SORS;Registered employment by sex and municipalities of residence (NSTJ) ;A;Normal value
24021105IND01;70157;Zemun;00;2017;0;Total;59445;NR;number;SORS;Registered employment by sex and municipalities of residence (NSTJ) ;A;Normal value
24021105IND01;70157;Zemun;00;2017;1;Male;29803;NR;number;SORS;Registered employment by sex and municipalities of residence (NSTJ) ;A;Normal value
24021105IND01;70157;Zemun;00;2017;2;Female;29642;NR;number;SORS;Registered employment by sex and municipalities of residence (NSTJ) ;A;Normal value
24021105IND01;70157;Zemun;00;2018;0;Total;61322;NR;number;SORS;Registered employment by sex and municipalities of residence (NSTJ) ;A;Normal value
24021105IND01;70157;Zemun;00;2018;1;Male;30716;NR;number;SORS;Registered employment by sex and municipalities of residence (NSTJ) ;A;Normal value
24021105IND01;70157;Zemun;00;2018;2;Female;30606;NR;number;SORS;Registered employment by sex and municipalities of residence (NSTJ) ;A;Normal value
24021105IND01;70157;Zemun;00;2019;0;Total;62997;NR;number;SORS;Registered employment by sex and municipalities of residence (NSTJ) ;A;Normal value
24021105IND01;70157;Zemun;00;2019;1;Male;31468;NR;number;SORS;Registered employment by sex and municipalities of residence (NSTJ) ;A;Normal value
24021105IND01;70157;Zemun;00;2019;2;Female;31529;NR;number;SORS;Registered employment by sex and municipalities of residence (NSTJ) ;A;Normal value
24021105IND01;70157;Zemun;00;2020;0;Total;64827;NR;number;SORS;Registered employment by sex and municipalities of residence (NSTJ) ;A;Normal value
24021105IND01;70157;Zemun;00;2020;1;Male;32339;NR;number;SORS;Registered employment by sex and municipalities of residence (NSTJ) ;A;Normal value
24021105IND01;70157;Zemun;00;2020;2;Female;32488;NR;number;SORS;Registered employment by sex and municipalities of residence (NSTJ) ;A;Normal value
24021105IND01;70157;Zemun;00;2021;0;Total;66814;NR;number;SORS;Registered employment by sex and municipalities of residence (NSTJ) ;A;Normal value
24021105IND01;70157;Zemun;00;2021;1;Male;33228;NR;number;SORS;Registered employment by sex and municipalities of residence (NSTJ) ;A;Normal value
24021105IND01;70157;Zemun;00;2021;2;Female;33586;NR;number;SORS;Registered employment by sex and municipalities of residence (NSTJ) ;A;Normal value
24021105IND01;70157;Zemun;00;2022;0;Total;68855;NR;number;SORS;Registered employment by sex and municipalities of residence (NSTJ) ;A;Normal value
24021105IND01;70157;Zemun;00;2022;1;Male;34053;NR;number;SORS;Registered employment by sex and municipalities of residence (NSTJ) ;A;Normal value
24021105IND01;70157;Zemun;00;2022;2;Female;34802;NR;number;SORS;Registered employment by sex and municipalities of residence (NSTJ) ;A;Normal value
24021105IND01;70157;Zemun;00;2023;0;Total;71477;NR;number;SORS;Registered employment by sex and municipalities of residence (NSTJ) ;A;Normal value
24021105IND01;70157;Zemun;00;2023;1;Male;35322;NR;number;SORS;Registered employment by sex and municipalities of residence (NSTJ) ;A;Normal value
24021105IND01;70157;Zemun;00;2023;2;Female;36155;NR;number;SORS;Registered employment by sex and municipalities of residence (NSTJ) ;A;Normal value
24021105IND01;70157;Zemun;00;2024;0;Total;72574;NR;number;SORS;Registered employment by sex and municipalities of residence (NSTJ) ;A;Normal value
24021105IND01;70157;Zemun;00;2024;1;Male;35870;NR;number;SORS;Registered employment by sex and municipalities of residence (NSTJ) ;A;Normal value
24021105IND01;70157;Zemun;00;2024;2;Female;36704;NR;number;SORS;Registered employment by sex and municipalities of residence (NSTJ) ;A;Normal value
24021105IND01;70157;Zemun;00;2025;0;Total;73610;NR;number;SORS;Registered employment by sex and municipalities of residence (NSTJ) ;A;Normal value
24021105IND01;70157;Zemun;00;2025;1;Male;36467;NR;number;SORS;Registered employment by sex and municipalities of residence (NSTJ) ;A;Normal value
24021105IND01;70157;Zemun;00;2025;2;Female;37143;NR;number;SORS;Registered employment by sex and municipalities of residence (NSTJ) ;A;Normal value
24021105IND01;70165;Lazarevac;00;2025;0;Total;23171;NR;number;SORS;Registered employment by sex and municipalities of residence (NSTJ) ;A;Normal value
24021105IND01;70165;Lazarevac;00;2025;1;Male;12642;NR;number;SORS;Registered employment by sex and municipalities of residence (NSTJ) ;A;Normal value
24021105IND01;70165;Lazarevac;00;2025;2;Female;10529;NR;number;SORS;Registered employment by sex and municipalities of residence (NSTJ) ;A;Normal value
24021105IND01;70165;Lazarevac;00;2024;0;Total;23731;NR;number;SORS;Registered employment by sex and municipalities of residence (NSTJ) ;A;Normal value
24021105IND01;70165;Lazarevac;00;2024;1;Male;13069;NR;number;SORS;Registered employment by sex and municipalities of residence (NSTJ) ;A;Normal value
24021105IND01;70165;Lazarevac;00;2024;2;Female;10662;NR;number;SORS;Registered employment by sex and municipalities of residence (NSTJ) ;A;Normal value
24021105IND01;70165;Lazarevac;00;2023;0;Total;24025;NR;number;SORS;Registered employment by sex and municipalities of residence (NSTJ) ;A;Normal value
24021105IND01;70165;Lazarevac;00;2023;1;Male;13323;NR;number;SORS;Registered employment by sex and municipalities of residence (NSTJ) ;A;Normal value
24021105IND01;70165;Lazarevac;00;2023;2;Female;10702;NR;number;SORS;Registered employment by sex and municipalities of residence (NSTJ) ;A;Normal value
24021105IND01;70165;Lazarevac;00;2022;0;Total;23348;NR;number;SORS;Registered employment by sex and municipalities of residence (NSTJ) ;A;Normal value
24021105IND01;70165;Lazarevac;00;2022;1;Male;13021;NR;number;SORS;Registered employment by sex and municipalities of residence (NSTJ) ;A;Normal value
24021105IND01;70165;Lazarevac;00;2022;2;Female;10327;NR;number;SORS;Registered employment by sex and municipalities of residence (NSTJ) ;A;Normal value
24021105IND01;70165;Lazarevac;00;2021;0;Total;22988;NR;number;SORS;Registered employment by sex and municipalities of residence (NSTJ) ;A;Normal value
24021105IND01;70165;Lazarevac;00;2021;1;Male;12827;NR;number;SORS;Registered employment by sex and municipalities of residence (NSTJ) ;A;Normal value
24021105IND01;70165;Lazarevac;00;2021;2;Female;10162;NR;number;SORS;Registered employment by sex and municipalities of residence (NSTJ) ;A;Normal value
24021105IND01;70165;Lazarevac;00;2020;0;Total;22506;NR;number;SORS;Registered employment by sex and municipalities of residence (NSTJ) ;A;Normal value
24021105IND01;70165;Lazarevac;00;2020;1;Male;12732;NR;number;SORS;Registered employment by sex and municipalities of residence (NSTJ) ;A;Normal value
24021105IND01;70165;Lazarevac;00;2020;2;Female;9774;NR;number;SORS;Registered employment by sex and municipalities of residence (NSTJ) ;A;Normal value
24021105IND01;70165;Lazarevac;00;2019;0;Total;22146;NR;number;SORS;Registered employment by sex and municipalities of residence (NSTJ) ;A;Normal value
24021105IND01;70165;Lazarevac;00;2019;1;Male;12565;NR;number;SORS;Registered employment by sex and municipalities of residence (NSTJ) ;A;Normal value
24021105IND01;70165;Lazarevac;00;2019;2;Female;9581;NR;number;SORS;Registered employment by sex and municipalities of residence (NSTJ) ;A;Normal value
24021105IND01;70165;Lazarevac;00;2018;0;Total;21843;NR;number;SORS;Registered employment by sex and municipalities of residence (NSTJ) ;A;Normal value
24021105IND01;70165;Lazarevac;00;2018;1;Male;12515;NR;number;SORS;Registered employment by sex and municipalities of residence (NSTJ) ;A;Normal value
24021105IND01;70165;Lazarevac;00;2018;2;Female;9328;NR;number;SORS;Registered employment by sex and municipalities of residence (NSTJ) ;A;Normal value
24021105IND01;70165;Lazarevac;00;2017;0;Total;21108;NR;number;SORS;Registered employment by sex and municipalities of residence (NSTJ) ;A;Normal value
24021105IND01;70165;Lazarevac;00;2017;1;Male;12260;NR;number;SORS;Registered employment by sex and municipalities of residence (NSTJ) ;A;Normal value
24021105IND01;70165;Lazarevac;00;2017;2;Female;8848;NR;number;SORS;Registered employment by sex and municipalities of residence (NSTJ) ;A;Normal value
24021105IND01;70165;Lazarevac;00;2016;0;Total;21059;NR;number;SORS;Registered employment by sex and municipalities of residence (NSTJ) ;A;Normal value
24021105IND01;70165;Lazarevac;00;2016;1;Male;12457;NR;number;SORS;Registered employment by sex and municipalities of residence (NSTJ) ;A;Normal value
24021105IND01;70165;Lazarevac;00;2016;2;Female;8602;NR;number;SORS;Registered employment by sex and municipalities of residence (NSTJ) ;A;Normal value
24021105IND01;70173;Mladenovac;00;2016;0;Total;14289;NR;number;SORS;Registered employment by sex and municipalities of residence (NSTJ) ;A;Normal value
24021105IND01;70173;Mladenovac;00;2016;1;Male;7607;NR;number;SORS;Registered employment by sex and municipalities of residence (NSTJ) ;A;Normal value
24021105IND01;70173;Mladenovac;00;2016;2;Female;6682;NR;number;SORS;Registered employment by sex and municipalities of residence (NSTJ) ;A;Normal value
24021105IND01;70173;Mladenovac;00;2017;0;Total;14847;NR;number;SORS;Registered employment by sex and municipalities of residence (NSTJ) ;A;Normal value
24021105IND01;70173;Mladenovac;00;2017;1;Male;7898;NR;number;SORS;Registered employment by sex and municipalities of residence (NSTJ) ;A;Normal value
24021105IND01;70173;Mladenovac;00;2017;2;Female;6949;NR;number;SORS;Registered employment by sex and municipalities of residence (NSTJ) ;A;Normal value
24021105IND01;70173;Mladenovac;00;2018;0;Total;15534;NR;number;SORS;Registered employment by sex and municipalities of residence (NSTJ) ;A;Normal value
24021105IND01;70173;Mladenovac;00;2018;1;Male;8185;NR;number;SORS;Registered employment by sex and municipalities of residence (NSTJ) ;A;Normal value
24021105IND01;70173;Mladenovac;00;2018;2;Female;7349;NR;number;SORS;Registered employment by sex and municipalities of residence (NSTJ) ;A;Normal value
24021105IND01;70173;Mladenovac;00;2019;0;Total;16001;NR;number;SORS;Registered employment by sex and municipalities of residence (NSTJ) ;A;Normal value
24021105IND01;70173;Mladenovac;00;2019;1;Male;8447;NR;number;SORS;Registered employment by sex and municipalities of residence (NSTJ) ;A;Normal value
24021105IND01;70173;Mladenovac;00;2019;2;Female;7554;NR;number;SORS;Registered employment by sex and municipalities of residence (NSTJ) ;A;Normal value
24021105IND01;70173;Mladenovac;00;2020;0;Total;16339;NR;number;SORS;Registered employment by sex and municipalities of residence (NSTJ) ;A;Normal value
24021105IND01;70173;Mladenovac;00;2020;1;Male;8630;NR;number;SORS;Registered employment by sex and municipalities of residence (NSTJ) ;A;Normal value
24021105IND01;70173;Mladenovac;00;2020;2;Female;7710;NR;number;SORS;Registered employment by sex and municipalities of residence (NSTJ) ;A;Normal value
24021105IND01;70173;Mladenovac;00;2021;0;Total;16851;NR;number;SORS;Registered employment by sex and municipalities of residence (NSTJ) ;A;Normal value
24021105IND01;70173;Mladenovac;00;2021;1;Male;8838;NR;number;SORS;Registered employment by sex and municipalities of residence (NSTJ) ;A;Normal value
24021105IND01;70173;Mladenovac;00;2021;2;Female;8013;NR;number;SORS;Registered employment by sex and municipalities of residence (NSTJ) ;A;Normal value
24021105IND01;70173;Mladenovac;00;2022;0;Total;17202;NR;number;SORS;Registered employment by sex and municipalities of residence (NSTJ) ;A;Normal value
24021105IND01;70173;Mladenovac;00;2022;1;Male;8942;NR;number;SORS;Registered employment by sex and municipalities of residence (NSTJ) ;A;Normal value
24021105IND01;70173;Mladenovac;00;2022;2;Female;8260;NR;number;SORS;Registered employment by sex and municipalities of residence (NSTJ) ;A;Normal value
24021105IND01;70173;Mladenovac;00;2023;0;Total;17725;NR;number;SORS;Registered employment by sex and municipalities of residence (NSTJ) ;A;Normal value
24021105IND01;70173;Mladenovac;00;2023;1;Male;9164;NR;number;SORS;Registered employment by sex and municipalities of residence (NSTJ) ;A;Normal value
24021105IND01;70173;Mladenovac;00;2023;2;Female;8561;NR;number;SORS;Registered employment by sex and municipalities of residence (NSTJ) ;A;Normal value
24021105IND01;70173;Mladenovac;00;2024;0;Total;17846;NR;number;SORS;Registered employment by sex and municipalities of residence (NSTJ) ;A;Normal value
24021105IND01;70173;Mladenovac;00;2024;1;Male;9168;NR;number;SORS;Registered employment by sex and municipalities of residence (NSTJ) ;A;Normal value
24021105IND01;70173;Mladenovac;00;2024;2;Female;8678;NR;number;SORS;Registered employment by sex and municipalities of residence (NSTJ) ;A;Normal value
24021105IND01;70173;Mladenovac;00;2025;0;Total;17870;NR;number;SORS;Registered employment by sex and municipalities of residence (NSTJ) ;A;Normal value
24021105IND01;70173;Mladenovac;00;2025;1;Male;9105;NR;number;SORS;Registered employment by sex and municipalities of residence (NSTJ) ;A;Normal value
24021105IND01;70173;Mladenovac;00;2025;2;Female;8765;NR;number;SORS;Registered employment by sex and municipalities of residence (NSTJ) ;A;Normal value
24021105IND01;70181;Novi Beograd;00;2025;0;Total;92935;NR;number;SORS;Registered employment by sex and municipalities of residence (NSTJ) ;A;Normal value
24021105IND01;70181;Novi Beograd;00;2025;1;Male;45354;NR;number;SORS;Registered employment by sex and municipalities of residence (NSTJ) ;A;Normal value
24021105IND01;70181;Novi Beograd;00;2025;2;Female;47581;NR;number;SORS;Registered employment by sex and municipalities of residence (NSTJ) ;A;Normal value
24021105IND01;70181;Novi Beograd;00;2024;0;Total;92553;NR;number;SORS;Registered employment by sex and municipalities of residence (NSTJ) ;A;Normal value
24021105IND01;70181;Novi Beograd;00;2024;1;Male;44975;NR;number;SORS;Registered employment by sex and municipalities of residence (NSTJ) ;A;Normal value
24021105IND01;70181;Novi Beograd;00;2024;2;Female;47578;NR;number;SORS;Registered employment by sex and municipalities of residence (NSTJ) ;A;Normal value
24021105IND01;70181;Novi Beograd;00;2023;0;Total;92230;NR;number;SORS;Registered employment by sex and municipalities of residence (NSTJ) ;A;Normal value
24021105IND01;70181;Novi Beograd;00;2023;1;Male;44652;NR;number;SORS;Registered employment by sex and municipalities of residence (NSTJ) ;A;Normal value
24021105IND01;70181;Novi Beograd;00;2023;2;Female;47578;NR;number;SORS;Registered employment by sex and municipalities of residence (NSTJ) ;A;Normal value
24021105IND01;70181;Novi Beograd;00;2022;0;Total;89503;NR;number;SORS;Registered employment by sex and municipalities of residence (NSTJ) ;A;Normal value
24021105IND01;70181;Novi Beograd;00;2022;1;Male;43186;NR;number;SORS;Registered employment by sex and municipalities of residence (NSTJ) ;A;Normal value
24021105IND01;70181;Novi Beograd;00;2022;2;Female;46317;NR;number;SORS;Registered employment by sex and municipalities of residence (NSTJ) ;A;Normal value
24021105IND01;70181;Novi Beograd;00;2021;0;Total;88020;NR;number;SORS;Registered employment by sex and municipalities of residence (NSTJ) ;A;Normal value
24021105IND01;70181;Novi Beograd;00;2021;1;Male;42485;NR;number;SORS;Registered employment by sex and municipalities of residence (NSTJ) ;A;Normal value
24021105IND01;70181;Novi Beograd;00;2021;2;Female;45535;NR;number;SORS;Registered employment by sex and municipalities of residence (NSTJ) ;A;Normal value
24021105IND01;70181;Novi Beograd;00;2020;0;Total;86381;NR;number;SORS;Registered employment by sex and municipalities of residence (NSTJ) ;A;Normal value
24021105IND01;70181;Novi Beograd;00;2020;1;Male;41665;NR;number;SORS;Registered employment by sex and municipalities of residence (NSTJ) ;A;Normal value
24021105IND01;70181;Novi Beograd;00;2020;2;Female;44717;NR;number;SORS;Registered employment by sex and municipalities of residence (NSTJ) ;A;Normal value
24021105IND01;70181;Novi Beograd;00;2019;0;Total;85437;NR;number;SORS;Registered employment by sex and municipalities of residence (NSTJ) ;A;Normal value
24021105IND01;70181;Novi Beograd;00;2019;1;Male;41214;NR;number;SORS;Registered employment by sex and municipalities of residence (NSTJ) ;A;Normal value
24021105IND01;70181;Novi Beograd;00;2019;2;Female;44223;NR;number;SORS;Registered employment by sex and municipalities of residence (NSTJ) ;A;Normal value
24021105IND01;70181;Novi Beograd;00;2018;0;Total;84505;NR;number;SORS;Registered employment by sex and municipalities of residence (NSTJ) ;A;Normal value
24021105IND01;70181;Novi Beograd;00;2018;1;Male;40814;NR;number;SORS;Registered employment by sex and municipalities of residence (NSTJ) ;A;Normal value
24021105IND01;70181;Novi Beograd;00;2018;2;Female;43691;NR;number;SORS;Registered employment by sex and municipalities of residence (NSTJ) ;A;Normal value
24021105IND01;70181;Novi Beograd;00;2017;0;Total;82772;NR;number;SORS;Registered employment by sex and municipalities of residence (NSTJ) ;A;Normal value
24021105IND01;70181;Novi Beograd;00;2017;1;Male;40052;NR;number;SORS;Registered employment by sex and municipalities of residence (NSTJ) ;A;Normal value
24021105IND01;70181;Novi Beograd;00;2017;2;Female;42720;NR;number;SORS;Registered employment by sex and municipalities of residence (NSTJ) ;A;Normal value
24021105IND01;70181;Novi Beograd;00;2016;0;Total;81164;NR;number;SORS;Registered employment by sex and municipalities of residence (NSTJ) ;A;Normal value
24021105IND01;70181;Novi Beograd;00;2016;1;Male;39334;NR;number;SORS;Registered employment by sex and municipalities of residence (NSTJ) ;A;Normal value
24021105IND01;70181;Novi Beograd;00;2016;2;Female;41830;NR;number;SORS;Registered employment by sex and municipalities of residence (NSTJ) ;A;Normal value
24021105IND01;70190;Obrenovac;00;2016;0;Total;21258;NR;number;SORS;Registered employment by sex and municipalities of residence (NSTJ) ;A;Normal value
24021105IND01;70190;Obrenovac;00;2016;1;Male;12218;NR;number;SORS;Registered employment by sex and municipalities of residence (NSTJ) ;A;Normal value
24021105IND01;70190;Obrenovac;00;2016;2;Female;9041;NR;number;SORS;Registered employment by sex and municipalities of residence (NSTJ) ;A;Normal value
24021105IND01;70190;Obrenovac;00;2017;0;Total;22073;NR;number;SORS;Registered employment by sex and municipalities of residence (NSTJ) ;A;Normal value
24021105IND01;70190;Obrenovac;00;2017;1;Male;12560;NR;number;SORS;Registered employment by sex and municipalities of residence (NSTJ) ;A;Normal value
24021105IND01;70190;Obrenovac;00;2017;2;Female;9513;NR;number;SORS;Registered employment by sex and municipalities of residence (NSTJ) ;A;Normal value
24021105IND01;70190;Obrenovac;00;2018;0;Total;23612;NR;number;SORS;Registered employment by sex and municipalities of residence (NSTJ) ;A;Normal value
24021105IND01;70190;Obrenovac;00;2018;1;Male;13429;NR;number;SORS;Registered employment by sex and municipalities of residence (NSTJ) ;A;Normal value
24021105IND01;70190;Obrenovac;00;2018;2;Female;10183;NR;number;SORS;Registered employment by sex and municipalities of residence (NSTJ) ;A;Normal value
24021105IND01;70190;Obrenovac;00;2019;0;Total;24606;NR;number;SORS;Registered employment by sex and municipalities of residence (NSTJ) ;A;Normal value
24021105IND01;70190;Obrenovac;00;2019;1;Male;13766;NR;number;SORS;Registered employment by sex and municipalities of residence (NSTJ) ;A;Normal value
24021105IND01;70190;Obrenovac;00;2019;2;Female;10840;NR;number;SORS;Registered employment by sex and municipalities of residence (NSTJ) ;A;Normal value
24021105IND01;70190;Obrenovac;00;2020;0;Total;25243;NR;number;SORS;Registered employment by sex and municipalities of residence (NSTJ) ;A;Normal value
24021105IND01;70190;Obrenovac;00;2020;1;Male;13988;NR;number;SORS;Registered employment by sex and municipalities of residence (NSTJ) ;A;Normal value
24021105IND01;70190;Obrenovac;00;2020;2;Female;11255;NR;number;SORS;Registered employment by sex and municipalities of residence (NSTJ) ;A;Normal value
24021105IND01;70190;Obrenovac;00;2021;0;Total;26037;NR;number;SORS;Registered employment by sex and municipalities of residence (NSTJ) ;A;Normal value
24021105IND01;70190;Obrenovac;00;2021;1;Male;14314;NR;number;SORS;Registered employment by sex and municipalities of residence (NSTJ) ;A;Normal value
24021105IND01;70190;Obrenovac;00;2021;2;Female;11723;NR;number;SORS;Registered employment by sex and municipalities of residence (NSTJ) ;A;Normal value
24021105IND01;70190;Obrenovac;00;2022;0;Total;26448;NR;number;SORS;Registered employment by sex and municipalities of residence (NSTJ) ;A;Normal value
24021105IND01;70190;Obrenovac;00;2022;1;Male;14413;NR;number;SORS;Registered employment by sex and municipalities of residence (NSTJ) ;A;Normal value
24021105IND01;70190;Obrenovac;00;2022;2;Female;12035;NR;number;SORS;Registered employment by sex and municipalities of residence (NSTJ) ;A;Normal value
24021105IND01;70190;Obrenovac;00;2023;0;Total;27049;NR;number;SORS;Registered employment by sex and municipalities of residence (NSTJ) ;A;Normal value
24021105IND01;70190;Obrenovac;00;2023;1;Male;14615;NR;number;SORS;Registered employment by sex and municipalities of residence (NSTJ) ;A;Normal value
24021105IND01;70190;Obrenovac;00;2023;2;Female;12435;NR;number;SORS;Registered employment by sex and municipalities of residence (NSTJ) ;A;Normal value
24021105IND01;70190;Obrenovac;00;2024;0;Total;27201;NR;number;SORS;Registered employment by sex and municipalities of residence (NSTJ) ;A;Normal value
24021105IND01;70190;Obrenovac;00;2024;1;Male;14649;NR;number;SORS;Registered employment by sex and municipalities of residence (NSTJ) ;A;Normal value
24021105IND01;70190;Obrenovac;00;2024;2;Female;12552;NR;number;SORS;Registered employment by sex and municipalities of residence (NSTJ) ;A;Normal value
24021105IND01;70190;Obrenovac;00;2025;0;Total;27255;NR;number;SORS;Registered employment by sex and municipalities of residence (NSTJ) ;A;Normal value
24021105IND01;70190;Obrenovac;00;2025;1;Male;14659;NR;number;SORS;Registered employment by sex and municipalities of residence (NSTJ) ;A;Normal value
24021105IND01;70190;Obrenovac;00;2025;2;Female;12596;NR;number;SORS;Registered employment by sex and municipalities of residence (NSTJ) ;A;Normal value
24021105IND01;70203;Palilula (Beograd);00;2025;0;Total;77973;NR;number;SORS;Registered employment by sex and municipalities of residence (NSTJ) ;A;Normal value
24021105IND01;70203;Palilula (Beograd);00;2025;1;Male;38727;NR;number;SORS;Registered employment by sex and municipalities of residence (NSTJ) ;A;Normal value
24021105IND01;70203;Palilula (Beograd);00;2025;2;Female;39246;NR;number;SORS;Registered employment by sex and municipalities of residence (NSTJ) ;A;Normal value
24021105IND01;70203;Palilula (Beograd);00;2024;0;Total;77441;NR;number;SORS;Registered employment by sex and municipalities of residence (NSTJ) ;A;Normal value
24021105IND01;70203;Palilula (Beograd);00;2024;1;Male;38393;NR;number;SORS;Registered employment by sex and municipalities of residence (NSTJ) ;A;Normal value
24021105IND01;70203;Palilula (Beograd);00;2024;2;Female;39048;NR;number;SORS;Registered employment by sex and municipalities of residence (NSTJ) ;A;Normal value
24021105IND01;70203;Palilula (Beograd);00;2023;0;Total;76689;NR;number;SORS;Registered employment by sex and municipalities of residence (NSTJ) ;A;Normal value
24021105IND01;70203;Palilula (Beograd);00;2023;1;Male;37982;NR;number;SORS;Registered employment by sex and municipalities of residence (NSTJ) ;A;Normal value
24021105IND01;70203;Palilula (Beograd);00;2023;2;Female;38706;NR;number;SORS;Registered employment by sex and municipalities of residence (NSTJ) ;A;Normal value
24021105IND01;70203;Palilula (Beograd);00;2022;0;Total;74206;NR;number;SORS;Registered employment by sex and municipalities of residence (NSTJ) ;A;Normal value
24021105IND01;70203;Palilula (Beograd);00;2022;1;Male;36801;NR;number;SORS;Registered employment by sex and municipalities of residence (NSTJ) ;A;Normal value
24021105IND01;70203;Palilula (Beograd);00;2022;2;Female;37405;NR;number;SORS;Registered employment by sex and municipalities of residence (NSTJ) ;A;Normal value
24021105IND01;70203;Palilula (Beograd);00;2021;0;Total;72633;NR;number;SORS;Registered employment by sex and municipalities of residence (NSTJ) ;A;Normal value
24021105IND01;70203;Palilula (Beograd);00;2021;1;Male;36236;NR;number;SORS;Registered employment by sex and municipalities of residence (NSTJ) ;A;Normal value
24021105IND01;70203;Palilula (Beograd);00;2021;2;Female;36397;NR;number;SORS;Registered employment by sex and municipalities of residence (NSTJ) ;A;Normal value
24021105IND01;70203;Palilula (Beograd);00;2020;0;Total;70678;NR;number;SORS;Registered employment by sex and municipalities of residence (NSTJ) ;A;Normal value
24021105IND01;70203;Palilula (Beograd);00;2020;1;Male;35406;NR;number;SORS;Registered employment by sex and municipalities of residence (NSTJ) ;A;Normal value
24021105IND01;70203;Palilula (Beograd);00;2020;2;Female;35271;NR;number;SORS;Registered employment by sex and municipalities of residence (NSTJ) ;A;Normal value
24021105IND01;70203;Palilula (Beograd);00;2019;0;Total;68535;NR;number;SORS;Registered employment by sex and municipalities of residence (NSTJ) ;A;Normal value
24021105IND01;70203;Palilula (Beograd);00;2019;1;Male;34298;NR;number;SORS;Registered employment by sex and municipalities of residence (NSTJ) ;A;Normal value
24021105IND01;70203;Palilula (Beograd);00;2019;2;Female;34237;NR;number;SORS;Registered employment by sex and municipalities of residence (NSTJ) ;A;Normal value
24021105IND01;70203;Palilula (Beograd);00;2018;0;Total;66731;NR;number;SORS;Registered employment by sex and municipalities of residence (NSTJ) ;A;Normal value
24021105IND01;70203;Palilula (Beograd);00;2018;1;Male;33414;NR;number;SORS;Registered employment by sex and municipalities of residence (NSTJ) ;A;Normal value
24021105IND01;70203;Palilula (Beograd);00;2018;2;Female;33317;NR;number;SORS;Registered employment by sex and municipalities of residence (NSTJ) ;A;Normal value
24021105IND01;70203;Palilula (Beograd);00;2017;0;Total;64306;NR;number;SORS;Registered employment by sex and municipalities of residence (NSTJ) ;A;Normal value
24021105IND01;70203;Palilula (Beograd);00;2017;1;Male;32232;NR;number;SORS;Registered employment by sex and municipalities of residence (NSTJ) ;A;Normal value
24021105IND01;70203;Palilula (Beograd);00;2017;2;Female;32074;NR;number;SORS;Registered employment by sex and municipalities of residence (NSTJ) ;A;Normal value
24021105IND01;70203;Palilula (Beograd);00;2016;0;Total;62213;NR;number;SORS;Registered employment by sex and municipalities of residence (NSTJ) ;A;Normal value
24021105IND01;70203;Palilula (Beograd);00;2016;1;Male;31257;NR;number;SORS;Registered employment by sex and municipalities of residence (NSTJ) ;A;Normal value
24021105IND01;70203;Palilula (Beograd);00;2016;2;Female;30957;NR;number;SORS;Registered employment by sex and municipalities of residence (NSTJ) ;A;Normal value
24021105IND01;70211;Rakovica;00;2016;0;Total;37684;NR;number;SORS;Registered employment by sex and municipalities of residence (NSTJ) ;A;Normal value
24021105IND01;70211;Rakovica;00;2016;1;Male;18353;NR;number;SORS;Registered employment by sex and municipalities of residence (NSTJ) ;A;Normal value
24021105IND01;70211;Rakovica;00;2016;2;Female;19330;NR;number;SORS;Registered employment by sex and municipalities of residence (NSTJ) ;A;Normal value
24021105IND01;70211;Rakovica;00;2017;0;Total;38768;NR;number;SORS;Registered employment by sex and municipalities of residence (NSTJ) ;A;Normal value
24021105IND01;70211;Rakovica;00;2017;1;Male;18873;NR;number;SORS;Registered employment by sex and municipalities of residence (NSTJ) ;A;Normal value
24021105IND01;70211;Rakovica;00;2017;2;Female;19894;NR;number;SORS;Registered employment by sex and municipalities of residence (NSTJ) ;A;Normal value
24021105IND01;70211;Rakovica;00;2018;0;Total;40135;NR;number;SORS;Registered employment by sex and municipalities of residence (NSTJ) ;A;Normal value
24021105IND01;70211;Rakovica;00;2018;1;Male;19538;NR;number;SORS;Registered employment by sex and municipalities of residence (NSTJ) ;A;Normal value
24021105IND01;70211;Rakovica;00;2018;2;Female;20597;NR;number;SORS;Registered employment by sex and municipalities of residence (NSTJ) ;A;Normal value
24021105IND01;70211;Rakovica;00;2019;0;Total;41196;NR;number;SORS;Registered employment by sex and municipalities of residence (NSTJ) ;A;Normal value
24021105IND01;70211;Rakovica;00;2019;1;Male;20118;NR;number;SORS;Registered employment by sex and municipalities of residence (NSTJ) ;A;Normal value
24021105IND01;70211;Rakovica;00;2019;2;Female;21078;NR;number;SORS;Registered employment by sex and municipalities of residence (NSTJ) ;A;Normal value
24021105IND01;70211;Rakovica;00;2020;0;Total;42208;NR;number;SORS;Registered employment by sex and municipalities of residence (NSTJ) ;A;Normal value
24021105IND01;70211;Rakovica;00;2020;1;Male;20660;NR;number;SORS;Registered employment by sex and municipalities of residence (NSTJ) ;A;Normal value
24021105IND01;70211;Rakovica;00;2020;2;Female;21547;NR;number;SORS;Registered employment by sex and municipalities of residence (NSTJ) ;A;Normal value
24021105IND01;70211;Rakovica;00;2021;0;Total;43309;NR;number;SORS;Registered employment by sex and municipalities of residence (NSTJ) ;A;Normal value
24021105IND01;70211;Rakovica;00;2021;1;Male;21175;NR;number;SORS;Registered employment by sex and municipalities of residence (NSTJ) ;A;Normal value
24021105IND01;70211;Rakovica;00;2021;2;Female;22134;NR;number;SORS;Registered employment by sex and municipalities of residence (NSTJ) ;A;Normal value
24021105IND01;70211;Rakovica;00;2022;0;Total;43956;NR;number;SORS;Registered employment by sex and municipalities of residence (NSTJ) ;A;Normal value
24021105IND01;70211;Rakovica;00;2022;1;Male;21382;NR;number;SORS;Registered employment by sex and municipalities of residence (NSTJ) ;A;Normal value
24021105IND01;70211;Rakovica;00;2022;2;Female;22574;NR;number;SORS;Registered employment by sex and municipalities of residence (NSTJ) ;A;Normal value
24021105IND01;70211;Rakovica;00;2023;0;Total;44866;NR;number;SORS;Registered employment by sex and municipalities of residence (NSTJ) ;A;Normal value
24021105IND01;70211;Rakovica;00;2023;1;Male;21769;NR;number;SORS;Registered employment by sex and municipalities of residence (NSTJ) ;A;Normal value
24021105IND01;70211;Rakovica;00;2023;2;Female;23097;NR;number;SORS;Registered employment by sex and municipalities of residence (NSTJ) ;A;Normal value
24021105IND01;70211;Rakovica;00;2024;0;Total;45105;NR;number;SORS;Registered employment by sex and municipalities of residence (NSTJ) ;A;Normal value
24021105IND01;70211;Rakovica;00;2024;1;Male;21861;NR;number;SORS;Registered employment by sex and municipalities of residence (NSTJ) ;A;Normal value
24021105IND01;70211;Rakovica;00;2024;2;Female;23244;NR;number;SORS;Registered employment by sex and municipalities of residence (NSTJ) ;A;Normal value
24021105IND01;70211;Rakovica;00;2025;0;Total;45033;NR;number;SORS;Registered employment by sex and municipalities of residence (NSTJ) ;A;Normal value
24021105IND01;70211;Rakovica;00;2025;1;Male;21796;NR;number;SORS;Registered employment by sex and municipalities of residence (NSTJ) ;A;Normal value
24021105IND01;70211;Rakovica;00;2025;2;Female;23237;NR;number;SORS;Registered employment by sex and municipalities of residence (NSTJ) ;A;Normal value
24021105IND01;70220;Savski venac;00;2025;0;Total;17757;NR;number;SORS;Registered employment by sex and municipalities of residence (NSTJ) ;A;Normal value
24021105IND01;70220;Savski venac;00;2025;1;Male;8852;NR;number;SORS;Registered employment by sex and municipalities of residence (NSTJ) ;A;Normal value
24021105IND01;70220;Savski venac;00;2025;2;Female;8905;NR;number;SORS;Registered employment by sex and municipalities of residence (NSTJ) ;A;Normal value
24021105IND01;70220;Savski venac;00;2024;0;Total;17568;NR;number;SORS;Registered employment by sex and municipalities of residence (NSTJ) ;A;Normal value
24021105IND01;70220;Savski venac;00;2024;1;Male;8768;NR;number;SORS;Registered employment by sex and municipalities of residence (NSTJ) ;A;Normal value
24021105IND01;70220;Savski venac;00;2024;2;Female;8800;NR;number;SORS;Registered employment by sex and municipalities of residence (NSTJ) ;A;Normal value
24021105IND01;70220;Savski venac;00;2023;0;Total;17225;NR;number;SORS;Registered employment by sex and municipalities of residence (NSTJ) ;A;Normal value
24021105IND01;70220;Savski venac;00;2023;1;Male;8516;NR;number;SORS;Registered employment by sex and municipalities of residence (NSTJ) ;A;Normal value
24021105IND01;70220;Savski venac;00;2023;2;Female;8709;NR;number;SORS;Registered employment by sex and municipalities of residence (NSTJ) ;A;Normal value
24021105IND01;70220;Savski venac;00;2022;0;Total;16376;NR;number;SORS;Registered employment by sex and municipalities of residence (NSTJ) ;A;Normal value
24021105IND01;70220;Savski venac;00;2022;1;Male;7972;NR;number;SORS;Registered employment by sex and municipalities of residence (NSTJ) ;A;Normal value
24021105IND01;70220;Savski venac;00;2022;2;Female;8404;NR;number;SORS;Registered employment by sex and municipalities of residence (NSTJ) ;A;Normal value
24021105IND01;70220;Savski venac;00;2021;0;Total;16088;NR;number;SORS;Registered employment by sex and municipalities of residence (NSTJ) ;A;Normal value
24021105IND01;70220;Savski venac;00;2021;1;Male;7816;NR;number;SORS;Registered employment by sex and municipalities of residence (NSTJ) ;A;Normal value
24021105IND01;70220;Savski venac;00;2021;2;Female;8271;NR;number;SORS;Registered employment by sex and municipalities of residence (NSTJ) ;A;Normal value
24021105IND01;70220;Savski venac;00;2020;0;Total;15831;NR;number;SORS;Registered employment by sex and municipalities of residence (NSTJ) ;A;Normal value
24021105IND01;70220;Savski venac;00;2020;1;Male;7732;NR;number;SORS;Registered employment by sex and municipalities of residence (NSTJ) ;A;Normal value
24021105IND01;70220;Savski venac;00;2020;2;Female;8099;NR;number;SORS;Registered employment by sex and municipalities of residence (NSTJ) ;A;Normal value
24021105IND01;70220;Savski venac;00;2019;0;Total;15737;NR;number;SORS;Registered employment by sex and municipalities of residence (NSTJ) ;A;Normal value
24021105IND01;70220;Savski venac;00;2019;1;Male;7661;NR;number;SORS;Registered employment by sex and municipalities of residence (NSTJ) ;A;Normal value
24021105IND01;70220;Savski venac;00;2019;2;Female;8076;NR;number;SORS;Registered employment by sex and municipalities of residence (NSTJ) ;A;Normal value
24021105IND01;70220;Savski venac;00;2018;0;Total;15654;NR;number;SORS;Registered employment by sex and municipalities of residence (NSTJ) ;A;Normal value
24021105IND01;70220;Savski venac;00;2018;1;Male;7581;NR;number;SORS;Registered employment by sex and municipalities of residence (NSTJ) ;A;Normal value
24021105IND01;70220;Savski venac;00;2018;2;Female;8073;NR;number;SORS;Registered employment by sex and municipalities of residence (NSTJ) ;A;Normal value
24021105IND01;70220;Savski venac;00;2017;0;Total;15572;NR;number;SORS;Registered employment by sex and municipalities of residence (NSTJ) ;A;Normal value
24021105IND01;70220;Savski venac;00;2017;1;Male;7589;NR;number;SORS;Registered employment by sex and municipalities of residence (NSTJ) ;A;Normal value
24021105IND01;70220;Savski venac;00;2017;2;Female;7983;NR;number;SORS;Registered employment by sex and municipalities of residence (NSTJ) ;A;Normal value
24021105IND01;70220;Savski venac;00;2016;0;Total;15514;NR;number;SORS;Registered employment by sex and municipalities of residence (NSTJ) ;A;Normal value
24021105IND01;70220;Savski venac;00;2016;1;Male;7583;NR;number;SORS;Registered employment by sex and municipalities of residence (NSTJ) ;A;Normal value
24021105IND01;70220;Savski venac;00;2016;2;Female;7931;NR;number;SORS;Registered employment by sex and municipalities of residence (NSTJ) ;A;Normal value
24021105IND01;70238;Sopot;00;2016;0;Total;5276;NR;number;SORS;Registered employment by sex and municipalities of residence (NSTJ) ;A;Normal value
24021105IND01;70238;Sopot;00;2016;1;Male;3047;NR;number;SORS;Registered employment by sex and municipalities of residence (NSTJ) ;A;Normal value
24021105IND01;70238;Sopot;00;2016;2;Female;2229;NR;number;SORS;Registered employment by sex and municipalities of residence (NSTJ) ;A;Normal value
24021105IND01;70238;Sopot;00;2017;0;Total;5419;NR;number;SORS;Registered employment by sex and municipalities of residence (NSTJ) ;A;Normal value
24021105IND01;70238;Sopot;00;2017;1;Male;3091;NR;number;SORS;Registered employment by sex and municipalities of residence (NSTJ) ;A;Normal value
24021105IND01;70238;Sopot;00;2017;2;Female;2328;NR;number;SORS;Registered employment by sex and municipalities of residence (NSTJ) ;A;Normal value
24021105IND01;70238;Sopot;00;2018;0;Total;5745;NR;number;SORS;Registered employment by sex and municipalities of residence (NSTJ) ;A;Normal value
24021105IND01;70238;Sopot;00;2018;1;Male;3250;NR;number;SORS;Registered employment by sex and municipalities of residence (NSTJ) ;A;Normal value
24021105IND01;70238;Sopot;00;2018;2;Female;2495;NR;number;SORS;Registered employment by sex and municipalities of residence (NSTJ) ;A;Normal value
24021105IND01;70238;Sopot;00;2019;0;Total;5960;NR;number;SORS;Registered employment by sex and municipalities of residence (NSTJ) ;A;Normal value
24021105IND01;70238;Sopot;00;2019;1;Male;3384;NR;number;SORS;Registered employment by sex and municipalities of residence (NSTJ) ;A;Normal value
24021105IND01;70238;Sopot;00;2019;2;Female;2577;NR;number;SORS;Registered employment by sex and municipalities of residence (NSTJ) ;A;Normal value
24021105IND01;70238;Sopot;00;2020;0;Total;6159;NR;number;SORS;Registered employment by sex and municipalities of residence (NSTJ) ;A;Normal value
24021105IND01;70238;Sopot;00;2020;1;Male;3481;NR;number;SORS;Registered employment by sex and municipalities of residence (NSTJ) ;A;Normal value
24021105IND01;70238;Sopot;00;2020;2;Female;2678;NR;number;SORS;Registered employment by sex and municipalities of residence (NSTJ) ;A;Normal value
24021105IND01;70238;Sopot;00;2021;0;Total;6333;NR;number;SORS;Registered employment by sex and municipalities of residence (NSTJ) ;A;Normal value
24021105IND01;70238;Sopot;00;2021;1;Male;3513;NR;number;SORS;Registered employment by sex and municipalities of residence (NSTJ) ;A;Normal value
24021105IND01;70238;Sopot;00;2021;2;Female;2820;NR;number;SORS;Registered employment by sex and municipalities of residence (NSTJ) ;A;Normal value
24021105IND01;70238;Sopot;00;2022;0;Total;6499;NR;number;SORS;Registered employment by sex and municipalities of residence (NSTJ) ;A;Normal value
24021105IND01;70238;Sopot;00;2022;1;Male;3565;NR;number;SORS;Registered employment by sex and municipalities of residence (NSTJ) ;A;Normal value
24021105IND01;70238;Sopot;00;2022;2;Female;2934;NR;number;SORS;Registered employment by sex and municipalities of residence (NSTJ) ;A;Normal value
24021105IND01;70238;Sopot;00;2023;0;Total;6652;NR;number;SORS;Registered employment by sex and municipalities of residence (NSTJ) ;A;Normal value
24021105IND01;70238;Sopot;00;2023;1;Male;3622;NR;number;SORS;Registered employment by sex and municipalities of residence (NSTJ) ;A;Normal value
24021105IND01;70238;Sopot;00;2023;2;Female;3030;NR;number;SORS;Registered employment by sex and municipalities of residence (NSTJ) ;A;Normal value
24021105IND01;70238;Sopot;00;2024;0;Total;6686;NR;number;SORS;Registered employment by sex and municipalities of residence (NSTJ) ;A;Normal value
24021105IND01;70238;Sopot;00;2024;1;Male;3627;NR;number;SORS;Registered employment by sex and municipalities of residence (NSTJ) ;A;Normal value
24021105IND01;70238;Sopot;00;2024;2;Female;3060;NR;number;SORS;Registered employment by sex and municipalities of residence (NSTJ) ;A;Normal value
24021105IND01;70238;Sopot;00;2025;0;Total;6761;NR;number;SORS;Registered employment by sex and municipalities of residence (NSTJ) ;A;Normal value
24021105IND01;70238;Sopot;00;2025;1;Male;3651;NR;number;SORS;Registered employment by sex and municipalities of residence (NSTJ) ;A;Normal value
24021105IND01;70238;Sopot;00;2025;2;Female;3110;NR;number;SORS;Registered employment by sex and municipalities of residence (NSTJ) ;A;Normal value
24021105IND01;70246;Stari grad;00;2025;0;Total;22572;NR;number;SORS;Registered employment by sex and municipalities of residence (NSTJ) ;A;Normal value
24021105IND01;70246;Stari grad;00;2025;1;Male;11050;NR;number;SORS;Registered employment by sex and municipalities of residence (NSTJ) ;A;Normal value
24021105IND01;70246;Stari grad;00;2025;2;Female;11522;NR;number;SORS;Registered employment by sex and municipalities of residence (NSTJ) ;A;Normal value
24021105IND01;70246;Stari grad;00;2024;0;Total;22688;NR;number;SORS;Registered employment by sex and municipalities of residence (NSTJ) ;A;Normal value
24021105IND01;70246;Stari grad;00;2024;1;Male;11080;NR;number;SORS;Registered employment by sex and municipalities of residence (NSTJ) ;A;Normal value
24021105IND01;70246;Stari grad;00;2024;2;Female;11608;NR;number;SORS;Registered employment by sex and municipalities of residence (NSTJ) ;A;Normal value
24021105IND01;70246;Stari grad;00;2023;0;Total;22469;NR;number;SORS;Registered employment by sex and municipalities of residence (NSTJ) ;A;Normal value
24021105IND01;70246;Stari grad;00;2023;1;Male;10869;NR;number;SORS;Registered employment by sex and municipalities of residence (NSTJ) ;A;Normal value
24021105IND01;70246;Stari grad;00;2023;2;Female;11600;NR;number;SORS;Registered employment by sex and municipalities of residence (NSTJ) ;A;Normal value
24021105IND01;70246;Stari grad;00;2022;0;Total;21253;NR;number;SORS;Registered employment by sex and municipalities of residence (NSTJ) ;A;Normal value
24021105IND01;70246;Stari grad;00;2022;1;Male;10059;NR;number;SORS;Registered employment by sex and municipalities of residence (NSTJ) ;A;Normal value
24021105IND01;70246;Stari grad;00;2022;2;Female;11194;NR;number;SORS;Registered employment by sex and municipalities of residence (NSTJ) ;A;Normal value
24021105IND01;70246;Stari grad;00;2021;0;Total;20825;NR;number;SORS;Registered employment by sex and municipalities of residence (NSTJ) ;A;Normal value
24021105IND01;70246;Stari grad;00;2021;1;Male;9839;NR;number;SORS;Registered employment by sex and municipalities of residence (NSTJ) ;A;Normal value
24021105IND01;70246;Stari grad;00;2021;2;Female;10986;NR;number;SORS;Registered employment by sex and municipalities of residence (NSTJ) ;A;Normal value
24021105IND01;70246;Stari grad;00;2020;0;Total;20574;NR;number;SORS;Registered employment by sex and municipalities of residence (NSTJ) ;A;Normal value
24021105IND01;70246;Stari grad;00;2020;1;Male;9735;NR;number;SORS;Registered employment by sex and municipalities of residence (NSTJ) ;A;Normal value
24021105IND01;70246;Stari grad;00;2020;2;Female;10839;NR;number;SORS;Registered employment by sex and municipalities of residence (NSTJ) ;A;Normal value
24021105IND01;70246;Stari grad;00;2019;0;Total;20514;NR;number;SORS;Registered employment by sex and municipalities of residence (NSTJ) ;A;Normal value
24021105IND01;70246;Stari grad;00;2019;1;Male;9716;NR;number;SORS;Registered employment by sex and municipalities of residence (NSTJ) ;A;Normal value
24021105IND01;70246;Stari grad;00;2019;2;Female;10798;NR;number;SORS;Registered employment by sex and municipalities of residence (NSTJ) ;A;Normal value
24021105IND01;70246;Stari grad;00;2018;0;Total;20415;NR;number;SORS;Registered employment by sex and municipalities of residence (NSTJ) ;A;Normal value
24021105IND01;70246;Stari grad;00;2018;1;Male;9692;NR;number;SORS;Registered employment by sex and municipalities of residence (NSTJ) ;A;Normal value
24021105IND01;70246;Stari grad;00;2018;2;Female;10724;NR;number;SORS;Registered employment by sex and municipalities of residence (NSTJ) ;A;Normal value
24021105IND01;70246;Stari grad;00;2017;0;Total;20250;NR;number;SORS;Registered employment by sex and municipalities of residence (NSTJ) ;A;Normal value
24021105IND01;70246;Stari grad;00;2017;1;Male;9627;NR;number;SORS;Registered employment by sex and municipalities of residence (NSTJ) ;A;Normal value
24021105IND01;70246;Stari grad;00;2017;2;Female;10623;NR;number;SORS;Registered employment by sex and municipalities of residence (NSTJ) ;A;Normal value
24021105IND01;70246;Stari grad;00;2016;0;Total;20121;NR;number;SORS;Registered employment by sex and municipalities of residence (NSTJ) ;A;Normal value
24021105IND01;70246;Stari grad;00;2016;1;Male;9567;NR;number;SORS;Registered employment by sex and municipalities of residence (NSTJ) ;A;Normal value
24021105IND01;70246;Stari grad;00;2016;2;Female;10554;NR;number;SORS;Registered employment by sex and municipalities of residence (NSTJ) ;A;Normal value
24021105IND01;70254;Čukarica;00;2016;0;Total;62941;NR;number;SORS;Registered employment by sex and municipalities of residence (NSTJ) ;A;Normal value
24021105IND01;70254;Čukarica;00;2016;1;Male;30901;NR;number;SORS;Registered employment by sex and municipalities of residence (NSTJ) ;A;Normal value
24021105IND01;70254;Čukarica;00;2016;2;Female;32039;NR;number;SORS;Registered employment by sex and municipalities of residence (NSTJ) ;A;Normal value
24021105IND01;70254;Čukarica;00;2017;0;Total;64276;NR;number;SORS;Registered employment by sex and municipalities of residence (NSTJ) ;A;Normal value
24021105IND01;70254;Čukarica;00;2017;1;Male;31510;NR;number;SORS;Registered employment by sex and municipalities of residence (NSTJ) ;A;Normal value
24021105IND01;70254;Čukarica;00;2017;2;Female;32766;NR;number;SORS;Registered employment by sex and municipalities of residence (NSTJ) ;A;Normal value
24021105IND01;70254;Čukarica;00;2018;0;Total;66120;NR;number;SORS;Registered employment by sex and municipalities of residence (NSTJ) ;A;Normal value
24021105IND01;70254;Čukarica;00;2018;1;Male;32390;NR;number;SORS;Registered employment by sex and municipalities of residence (NSTJ) ;A;Normal value
24021105IND01;70254;Čukarica;00;2018;2;Female;33730;NR;number;SORS;Registered employment by sex and municipalities of residence (NSTJ) ;A;Normal value
24021105IND01;70254;Čukarica;00;2019;0;Total;67418;NR;number;SORS;Registered employment by sex and municipalities of residence (NSTJ) ;A;Normal value
24021105IND01;70254;Čukarica;00;2019;1;Male;32996;NR;number;SORS;Registered employment by sex and municipalities of residence (NSTJ) ;A;Normal value
24021105IND01;70254;Čukarica;00;2019;2;Female;34422;NR;number;SORS;Registered employment by sex and municipalities of residence (NSTJ) ;A;Normal value
24021105IND01;70254;Čukarica;00;2020;0;Total;68875;NR;number;SORS;Registered employment by sex and municipalities of residence (NSTJ) ;A;Normal value
24021105IND01;70254;Čukarica;00;2020;1;Male;33781;NR;number;SORS;Registered employment by sex and municipalities of residence (NSTJ) ;A;Normal value
24021105IND01;70254;Čukarica;00;2020;2;Female;35094;NR;number;SORS;Registered employment by sex and municipalities of residence (NSTJ) ;A;Normal value
24021105IND01;70254;Čukarica;00;2021;0;Total;70269;NR;number;SORS;Registered employment by sex and municipalities of residence (NSTJ) ;A;Normal value
24021105IND01;70254;Čukarica;00;2021;1;Male;34310;NR;number;SORS;Registered employment by sex and municipalities of residence (NSTJ) ;A;Normal value
24021105IND01;70254;Čukarica;00;2021;2;Female;35959;NR;number;SORS;Registered employment by sex and municipalities of residence (NSTJ) ;A;Normal value
24021105IND01;70254;Čukarica;00;2022;0;Total;71315;NR;number;SORS;Registered employment by sex and municipalities of residence (NSTJ) ;A;Normal value
24021105IND01;70254;Čukarica;00;2022;1;Male;34701;NR;number;SORS;Registered employment by sex and municipalities of residence (NSTJ) ;A;Normal value
24021105IND01;70254;Čukarica;00;2022;2;Female;36614;NR;number;SORS;Registered employment by sex and municipalities of residence (NSTJ) ;A;Normal value
24021105IND01;70254;Čukarica;00;2023;0;Total;72921;NR;number;SORS;Registered employment by sex and municipalities of residence (NSTJ) ;A;Normal value
24021105IND01;70254;Čukarica;00;2023;1;Male;35483;NR;number;SORS;Registered employment by sex and municipalities of residence (NSTJ) ;A;Normal value
24021105IND01;70254;Čukarica;00;2023;2;Female;37438;NR;number;SORS;Registered employment by sex and municipalities of residence (NSTJ) ;A;Normal value
24021105IND01;70254;Čukarica;00;2024;0;Total;73008;NR;number;SORS;Registered employment by sex and municipalities of residence (NSTJ) ;A;Normal value
24021105IND01;70254;Čukarica;00;2024;1;Male;35477;NR;number;SORS;Registered employment by sex and municipalities of residence (NSTJ) ;A;Normal value
24021105IND01;70254;Čukarica;00;2024;2;Female;37531;NR;number;SORS;Registered employment by sex and municipalities of residence (NSTJ) ;A;Normal value
24021105IND01;70254;Čukarica;00;2025;0;Total;73028;NR;number;SORS;Registered employment by sex and municipalities of residence (NSTJ) ;A;Normal value
24021105IND01;70254;Čukarica;00;2025;1;Male;35677;NR;number;SORS;Registered employment by sex and municipalities of residence (NSTJ) ;A;Normal value
24021105IND01;70254;Čukarica;00;2025;2;Female;37351;NR;number;SORS;Registered employment by sex and municipalities of residence (NSTJ) ;A;Normal value
24021105IND01;70262;Blace;00;2025;0;Total;2571;NR;number;SORS;Registered employment by sex and municipalities of residence (NSTJ) ;A;Normal value
24021105IND01;70262;Blace;00;2025;1;Male;1416;NR;number;SORS;Registered employment by sex and municipalities of residence (NSTJ) ;A;Normal value
24021105IND01;70262;Blace;00;2025;2;Female;1156;NR;number;SORS;Registered employment by sex and municipalities of residence (NSTJ) ;A;Normal value
24021105IND01;70262;Blace;00;2024;0;Total;2663;NR;number;SORS;Registered employment by sex and municipalities of residence (NSTJ) ;A;Normal value
24021105IND01;70262;Blace;00;2024;1;Male;1477;NR;number;SORS;Registered employment by sex and municipalities of residence (NSTJ) ;A;Normal value
24021105IND01;70262;Blace;00;2024;2;Female;1185;NR;number;SORS;Registered employment by sex and municipalities of residence (NSTJ) ;A;Normal value
24021105IND01;70262;Blace;00;2023;0;Total;2704;NR;number;SORS;Registered employment by sex and municipalities of residence (NSTJ) ;A;Normal value
24021105IND01;70262;Blace;00;2023;1;Male;1500;NR;number;SORS;Registered employment by sex and municipalities of residence (NSTJ) ;A;Normal value
24021105IND01;70262;Blace;00;2023;2;Female;1204;NR;number;SORS;Registered employment by sex and municipalities of residence (NSTJ) ;A;Normal value
24021105IND01;70262;Blace;00;2022;0;Total;2675;NR;number;SORS;Registered employment by sex and municipalities of residence (NSTJ) ;A;Normal value
24021105IND01;70262;Blace;00;2022;1;Male;1468;NR;number;SORS;Registered employment by sex and municipalities of residence (NSTJ) ;A;Normal value
24021105IND01;70262;Blace;00;2022;2;Female;1207;NR;number;SORS;Registered employment by sex and municipalities of residence (NSTJ) ;A;Normal value
24021105IND01;70262;Blace;00;2021;0;Total;2621;NR;number;SORS;Registered employment by sex and municipalities of residence (NSTJ) ;A;Normal value
24021105IND01;70262;Blace;00;2021;1;Male;1483;NR;number;SORS;Registered employment by sex and municipalities of residence (NSTJ) ;A;Normal value
24021105IND01;70262;Blace;00;2021;2;Female;1139;NR;number;SORS;Registered employment by sex and municipalities of residence (NSTJ) ;A;Normal value
24021105IND01;70262;Blace;00;2020;0;Total;2550;NR;number;SORS;Registered employment by sex and municipalities of residence (NSTJ) ;A;Normal value
24021105IND01;70262;Blace;00;2020;1;Male;1445;NR;number;SORS;Registered employment by sex and municipalities of residence (NSTJ) ;A;Normal value
24021105IND01;70262;Blace;00;2020;2;Female;1105;NR;number;SORS;Registered employment by sex and municipalities of residence (NSTJ) ;A;Normal value
24021105IND01;70262;Blace;00;2019;0;Total;2518;NR;number;SORS;Registered employment by sex and municipalities of residence (NSTJ) ;A;Normal value
24021105IND01;70262;Blace;00;2019;1;Male;1427;NR;number;SORS;Registered employment by sex and municipalities of residence (NSTJ) ;A;Normal value
24021105IND01;70262;Blace;00;2019;2;Female;1091;NR;number;SORS;Registered employment by sex and municipalities of residence (NSTJ) ;A;Normal value
24021105IND01;70262;Blace;00;2018;0;Total;2441;NR;number;SORS;Registered employment by sex and municipalities of residence (NSTJ) ;A;Normal value
24021105IND01;70262;Blace;00;2018;1;Male;1383;NR;number;SORS;Registered employment by sex and municipalities of residence (NSTJ) ;A;Normal value
24021105IND01;70262;Blace;00;2018;2;Female;1058;NR;number;SORS;Registered employment by sex and municipalities of residence (NSTJ) ;A;Normal value
24021105IND01;70262;Blace;00;2017;0;Total;2385;NR;number;SORS;Registered employment by sex and municipalities of residence (NSTJ) ;A;Normal value
24021105IND01;70262;Blace;00;2017;1;Male;1354;NR;number;SORS;Registered employment by sex and municipalities of residence (NSTJ) ;A;Normal value
24021105IND01;70262;Blace;00;2017;2;Female;1032;NR;number;SORS;Registered employment by sex and municipalities of residence (NSTJ) ;A;Normal value
24021105IND01;70262;Blace;00;2016;0;Total;2305;NR;number;SORS;Registered employment by sex and municipalities of residence (NSTJ) ;A;Normal value
24021105IND01;70262;Blace;00;2016;1;Male;1327;NR;number;SORS;Registered employment by sex and municipalities of residence (NSTJ) ;A;Normal value
24021105IND01;70262;Blace;00;2016;2;Female;978;NR;number;SORS;Registered employment by sex and municipalities of residence (NSTJ) ;A;Normal value
24021105IND01;70289;Bogatić;00;2016;0;Total;6272;NR;number;SORS;Registered employment by sex and municipalities of residence (NSTJ) ;A;Normal value
24021105IND01;70289;Bogatić;00;2016;1;Male;4434;NR;number;SORS;Registered employment by sex and municipalities of residence (NSTJ) ;A;Normal value
24021105IND01;70289;Bogatić;00;2016;2;Female;1838;NR;number;SORS;Registered employment by sex and municipalities of residence (NSTJ) ;A;Normal value
24021105IND01;70289;Bogatić;00;2017;0;Total;6391;NR;number;SORS;Registered employment by sex and municipalities of residence (NSTJ) ;A;Normal value
24021105IND01;70289;Bogatić;00;2017;1;Male;4464;NR;number;SORS;Registered employment by sex and municipalities of residence (NSTJ) ;A;Normal value
24021105IND01;70289;Bogatić;00;2017;2;Female;1927;NR;number;SORS;Registered employment by sex and municipalities of residence (NSTJ) ;A;Normal value
24021105IND01;70289;Bogatić;00;2018;0;Total;6581;NR;number;SORS;Registered employment by sex and municipalities of residence (NSTJ) ;A;Normal value
24021105IND01;70289;Bogatić;00;2018;1;Male;4487;NR;number;SORS;Registered employment by sex and municipalities of residence (NSTJ) ;A;Normal value
24021105IND01;70289;Bogatić;00;2018;2;Female;2094;NR;number;SORS;Registered employment by sex and municipalities of residence (NSTJ) ;A;Normal value
24021105IND01;70289;Bogatić;00;2019;0;Total;6806;NR;number;SORS;Registered employment by sex and municipalities of residence (NSTJ) ;A;Normal value
24021105IND01;70289;Bogatić;00;2019;1;Male;4490;NR;number;SORS;Registered employment by sex and municipalities of residence (NSTJ) ;A;Normal value
24021105IND01;70289;Bogatić;00;2019;2;Female;2316;NR;number;SORS;Registered employment by sex and municipalities of residence (NSTJ) ;A;Normal value
24021105IND01;70289;Bogatić;00;2020;0;Total;6943;NR;number;SORS;Registered employment by sex and municipalities of residence (NSTJ) ;A;Normal value
24021105IND01;70289;Bogatić;00;2020;1;Male;4478;NR;number;SORS;Registered employment by sex and municipalities of residence (NSTJ) ;A;Normal value
24021105IND01;70289;Bogatić;00;2020;2;Female;2465;NR;number;SORS;Registered employment by sex and municipalities of residence (NSTJ) ;A;Normal value
24021105IND01;70289;Bogatić;00;2021;0;Total;7019;NR;number;SORS;Registered employment by sex and municipalities of residence (NSTJ) ;A;Normal value
24021105IND01;70289;Bogatić;00;2021;1;Male;4463;NR;number;SORS;Registered employment by sex and municipalities of residence (NSTJ) ;A;Normal value
24021105IND01;70289;Bogatić;00;2021;2;Female;2556;NR;number;SORS;Registered employment by sex and municipalities of residence (NSTJ) ;A;Normal value
24021105IND01;70289;Bogatić;00;2022;0;Total;7040;NR;number;SORS;Registered employment by sex and municipalities of residence (NSTJ) ;A;Normal value
24021105IND01;70289;Bogatić;00;2022;1;Male;4409;NR;number;SORS;Registered employment by sex and municipalities of residence (NSTJ) ;A;Normal value
24021105IND01;70289;Bogatić;00;2022;2;Female;2631;NR;number;SORS;Registered employment by sex and municipalities of residence (NSTJ) ;A;Normal value
24021105IND01;70289;Bogatić;00;2023;0;Total;7188;NR;number;SORS;Registered employment by sex and municipalities of residence (NSTJ) ;A;Normal value
24021105IND01;70289;Bogatić;00;2023;1;Male;4445;NR;number;SORS;Registered employment by sex and municipalities of residence (NSTJ) ;A;Normal value
24021105IND01;70289;Bogatić;00;2023;2;Female;2743;NR;number;SORS;Registered employment by sex and municipalities of residence (NSTJ) ;A;Normal value
24021105IND01;70289;Bogatić;00;2024;0;Total;7190;NR;number;SORS;Registered employment by sex and municipalities of residence (NSTJ) ;A;Normal value
24021105IND01;70289;Bogatić;00;2024;1;Male;4390;NR;number;SORS;Registered employment by sex and municipalities of residence (NSTJ) ;A;Normal value
24021105IND01;70289;Bogatić;00;2024;2;Female;2800;NR;number;SORS;Registered employment by sex and municipalities of residence (NSTJ) ;A;Normal value
24021105IND01;70289;Bogatić;00;2025;0;Total;7099;NR;number;SORS;Registered employment by sex and municipalities of residence (NSTJ) ;A;Normal value
24021105IND01;70289;Bogatić;00;2025;1;Male;4305;NR;number;SORS;Registered employment by sex and municipalities of residence (NSTJ) ;A;Normal value
24021105IND01;70289;Bogatić;00;2025;2;Female;2794;NR;number;SORS;Registered employment by sex and municipalities of residence (NSTJ) ;A;Normal value
24021105IND01;70297;Bojnik;00;2025;0;Total;2171;NR;number;SORS;Registered employment by sex and municipalities of residence (NSTJ) ;A;Normal value
24021105IND01;70297;Bojnik;00;2025;1;Male;1268;NR;number;SORS;Registered employment by sex and municipalities of residence (NSTJ) ;A;Normal value
24021105IND01;70297;Bojnik;00;2025;2;Female;903;NR;number;SORS;Registered employment by sex and municipalities of residence (NSTJ) ;A;Normal value
24021105IND01;70297;Bojnik;00;2024;0;Total;2185;NR;number;SORS;Registered employment by sex and municipalities of residence (NSTJ) ;A;Normal value
24021105IND01;70297;Bojnik;00;2024;1;Male;1288;NR;number;SORS;Registered employment by sex and municipalities of residence (NSTJ) ;A;Normal value
24021105IND01;70297;Bojnik;00;2024;2;Female;897;NR;number;SORS;Registered employment by sex and municipalities of residence (NSTJ) ;A;Normal value
24021105IND01;70297;Bojnik;00;2023;0;Total;2171;NR;number;SORS;Registered employment by sex and municipalities of residence (NSTJ) ;A;Normal value
24021105IND01;70297;Bojnik;00;2023;1;Male;1279;NR;number;SORS;Registered employment by sex and municipalities of residence (NSTJ) ;A;Normal value
24021105IND01;70297;Bojnik;00;2023;2;Female;892;NR;number;SORS;Registered employment by sex and municipalities of residence (NSTJ) ;A;Normal value
24021105IND01;70297;Bojnik;00;2022;0;Total;2156;NR;number;SORS;Registered employment by sex and municipalities of residence (NSTJ) ;A;Normal value
24021105IND01;70297;Bojnik;00;2022;1;Male;1263;NR;number;SORS;Registered employment by sex and municipalities of residence (NSTJ) ;A;Normal value
24021105IND01;70297;Bojnik;00;2022;2;Female;893;NR;number;SORS;Registered employment by sex and municipalities of residence (NSTJ) ;A;Normal value
24021105IND01;70297;Bojnik;00;2021;0;Total;2151;NR;number;SORS;Registered employment by sex and municipalities of residence (NSTJ) ;A;Normal value
24021105IND01;70297;Bojnik;00;2021;1;Male;1282;NR;number;SORS;Registered employment by sex and municipalities of residence (NSTJ) ;A;Normal value
24021105IND01;70297;Bojnik;00;2021;2;Female;869;NR;number;SORS;Registered employment by sex and municipalities of residence (NSTJ) ;A;Normal value
24021105IND01;70297;Bojnik;00;2020;0;Total;1979;NR;number;SORS;Registered employment by sex and municipalities of residence (NSTJ) ;A;Normal value
24021105IND01;70297;Bojnik;00;2020;1;Male;1191;NR;number;SORS;Registered employment by sex and municipalities of residence (NSTJ) ;A;Normal value
24021105IND01;70297;Bojnik;00;2020;2;Female;788;NR;number;SORS;Registered employment by sex and municipalities of residence (NSTJ) ;A;Normal value
24021105IND01;70297;Bojnik;00;2019;0;Total;1797;NR;number;SORS;Registered employment by sex and municipalities of residence (NSTJ) ;A;Normal value
24021105IND01;70297;Bojnik;00;2019;1;Male;1108;NR;number;SORS;Registered employment by sex and municipalities of residence (NSTJ) ;A;Normal value
24021105IND01;70297;Bojnik;00;2019;2;Female;689;NR;number;SORS;Registered employment by sex and municipalities of residence (NSTJ) ;A;Normal value
24021105IND01;70297;Bojnik;00;2018;0;Total;1631;NR;number;SORS;Registered employment by sex and municipalities of residence (NSTJ) ;A;Normal value
24021105IND01;70297;Bojnik;00;2018;1;Male;1017;NR;number;SORS;Registered employment by sex and municipalities of residence (NSTJ) ;A;Normal value
24021105IND01;70297;Bojnik;00;2018;2;Female;613;NR;number;SORS;Registered employment by sex and municipalities of residence (NSTJ) ;A;Normal value
24021105IND01;70297;Bojnik;00;2017;0;Total;1452;NR;number;SORS;Registered employment by sex and municipalities of residence (NSTJ) ;A;Normal value
24021105IND01;70297;Bojnik;00;2017;1;Male;902;NR;number;SORS;Registered employment by sex and municipalities of residence (NSTJ) ;A;Normal value
24021105IND01;70297;Bojnik;00;2017;2;Female;550;NR;number;SORS;Registered employment by sex and municipalities of residence (NSTJ) ;A;Normal value
24021105IND01;70297;Bojnik;00;2016;0;Total;1377;NR;number;SORS;Registered employment by sex and municipalities of residence (NSTJ) ;A;Normal value
24021105IND01;70297;Bojnik;00;2016;1;Male;876;NR;number;SORS;Registered employment by sex and municipalities of residence (NSTJ) ;A;Normal value
24021105IND01;70297;Bojnik;00;2016;2;Female;500;NR;number;SORS;Registered employment by sex and municipalities of residence (NSTJ) ;A;Normal value
24021105IND01;70319;Boljevac;00;2016;0;Total;2621;NR;number;SORS;Registered employment by sex and municipalities of residence (NSTJ) ;A;Normal value
24021105IND01;70319;Boljevac;00;2016;1;Male;1638;NR;number;SORS;Registered employment by sex and municipalities of residence (NSTJ) ;A;Normal value
24021105IND01;70319;Boljevac;00;2016;2;Female;983;NR;number;SORS;Registered employment by sex and municipalities of residence (NSTJ) ;A;Normal value
24021105IND01;70319;Boljevac;00;2017;0;Total;2600;NR;number;SORS;Registered employment by sex and municipalities of residence (NSTJ) ;A;Normal value
24021105IND01;70319;Boljevac;00;2017;1;Male;1643;NR;number;SORS;Registered employment by sex and municipalities of residence (NSTJ) ;A;Normal value
24021105IND01;70319;Boljevac;00;2017;2;Female;957;NR;number;SORS;Registered employment by sex and municipalities of residence (NSTJ) ;A;Normal value
24021105IND01;70319;Boljevac;00;2018;0;Total;2603;NR;number;SORS;Registered employment by sex and municipalities of residence (NSTJ) ;A;Normal value
24021105IND01;70319;Boljevac;00;2018;1;Male;1658;NR;number;SORS;Registered employment by sex and municipalities of residence (NSTJ) ;A;Normal value
24021105IND01;70319;Boljevac;00;2018;2;Female;945;NR;number;SORS;Registered employment by sex and municipalities of residence (NSTJ) ;A;Normal value
24021105IND01;70319;Boljevac;00;2019;0;Total;2666;NR;number;SORS;Registered employment by sex and municipalities of residence (NSTJ) ;A;Normal value
24021105IND01;70319;Boljevac;00;2019;1;Male;1700;NR;number;SORS;Registered employment by sex and municipalities of residence (NSTJ) ;A;Normal value
24021105IND01;70319;Boljevac;00;2019;2;Female;967;NR;number;SORS;Registered employment by sex and municipalities of residence (NSTJ) ;A;Normal value
24021105IND01;70319;Boljevac;00;2020;0;Total;2711;NR;number;SORS;Registered employment by sex and municipalities of residence (NSTJ) ;A;Normal value
24021105IND01;70319;Boljevac;00;2020;1;Male;1728;NR;number;SORS;Registered employment by sex and municipalities of residence (NSTJ) ;A;Normal value
24021105IND01;70319;Boljevac;00;2020;2;Female;982;NR;number;SORS;Registered employment by sex and municipalities of residence (NSTJ) ;A;Normal value
24021105IND01;70319;Boljevac;00;2021;0;Total;2748;NR;number;SORS;Registered employment by sex and municipalities of residence (NSTJ) ;A;Normal value
24021105IND01;70319;Boljevac;00;2021;1;Male;1750;NR;number;SORS;Registered employment by sex and municipalities of residence (NSTJ) ;A;Normal value
24021105IND01;70319;Boljevac;00;2021;2;Female;998;NR;number;SORS;Registered employment by sex and municipalities of residence (NSTJ) ;A;Normal value
24021105IND01;70319;Boljevac;00;2022;0;Total;2829;NR;number;SORS;Registered employment by sex and municipalities of residence (NSTJ) ;A;Normal value
24021105IND01;70319;Boljevac;00;2022;1;Male;1788;NR;number;SORS;Registered employment by sex and municipalities of residence (NSTJ) ;A;Normal value
24021105IND01;70319;Boljevac;00;2022;2;Female;1042;NR;number;SORS;Registered employment by sex and municipalities of residence (NSTJ) ;A;Normal value
24021105IND01;70319;Boljevac;00;2023;0;Total;2904;NR;number;SORS;Registered employment by sex and municipalities of residence (NSTJ) ;A;Normal value
24021105IND01;70319;Boljevac;00;2023;1;Male;1835;NR;number;SORS;Registered employment by sex and municipalities of residence (NSTJ) ;A;Normal value
24021105IND01;70319;Boljevac;00;2023;2;Female;1069;NR;number;SORS;Registered employment by sex and municipalities of residence (NSTJ) ;A;Normal value
24021105IND01;70319;Boljevac;00;2024;0;Total;2877;NR;number;SORS;Registered employment by sex and municipalities of residence (NSTJ) ;A;Normal value
24021105IND01;70319;Boljevac;00;2024;1;Male;1806;NR;number;SORS;Registered employment by sex and municipalities of residence (NSTJ) ;A;Normal value
24021105IND01;70319;Boljevac;00;2024;2;Female;1072;NR;number;SORS;Registered employment by sex and municipalities of residence (NSTJ) ;A;Normal value
24021105IND01;70319;Boljevac;00;2025;0;Total;2865;NR;number;SORS;Registered employment by sex and municipalities of residence (NSTJ) ;A;Normal value
24021105IND01;70319;Boljevac;00;2025;1;Male;1784;NR;number;SORS;Registered employment by sex and municipalities of residence (NSTJ) ;A;Normal value
24021105IND01;70319;Boljevac;00;2025;2;Female;1081;NR;number;SORS;Registered employment by sex and municipalities of residence (NSTJ) ;A;Normal value
24021105IND01;70327;Bor;00;2025;0;Total;17209;NR;number;SORS;Registered employment by sex and municipalities of residence (NSTJ) ;A;Normal value
24021105IND01;70327;Bor;00;2025;1;Male;10634;NR;number;SORS;Registered employment by sex and municipalities of residence (NSTJ) ;A;Normal value
24021105IND01;70327;Bor;00;2025;2;Female;6575;NR;number;SORS;Registered employment by sex and municipalities of residence (NSTJ) ;A;Normal value
24021105IND01;70327;Bor;00;2024;0;Total;17255;NR;number;SORS;Registered employment by sex and municipalities of residence (NSTJ) ;A;Normal value
24021105IND01;70327;Bor;00;2024;1;Male;10599;NR;number;SORS;Registered employment by sex and municipalities of residence (NSTJ) ;A;Normal value
24021105IND01;70327;Bor;00;2024;2;Female;6657;NR;number;SORS;Registered employment by sex and municipalities of residence (NSTJ) ;A;Normal value
24021105IND01;70327;Bor;00;2023;0;Total;16713;NR;number;SORS;Registered employment by sex and municipalities of residence (NSTJ) ;A;Normal value
24021105IND01;70327;Bor;00;2023;1;Male;10200;NR;number;SORS;Registered employment by sex and municipalities of residence (NSTJ) ;A;Normal value
24021105IND01;70327;Bor;00;2023;2;Female;6513;NR;number;SORS;Registered employment by sex and municipalities of residence (NSTJ) ;A;Normal value
24021105IND01;70327;Bor;00;2022;0;Total;16002;NR;number;SORS;Registered employment by sex and municipalities of residence (NSTJ) ;A;Normal value
24021105IND01;70327;Bor;00;2022;1;Male;9826;NR;number;SORS;Registered employment by sex and municipalities of residence (NSTJ) ;A;Normal value
24021105IND01;70327;Bor;00;2022;2;Female;6176;NR;number;SORS;Registered employment by sex and municipalities of residence (NSTJ) ;A;Normal value
24021105IND01;70327;Bor;00;2021;0;Total;14919;NR;number;SORS;Registered employment by sex and municipalities of residence (NSTJ) ;A;Normal value
24021105IND01;70327;Bor;00;2021;1;Male;9093;NR;number;SORS;Registered employment by sex and municipalities of residence (NSTJ) ;A;Normal value
24021105IND01;70327;Bor;00;2021;2;Female;5826;NR;number;SORS;Registered employment by sex and municipalities of residence (NSTJ) ;A;Normal value
24021105IND01;70327;Bor;00;2020;0;Total;13938;NR;number;SORS;Registered employment by sex and municipalities of residence (NSTJ) ;A;Normal value
24021105IND01;70327;Bor;00;2020;1;Male;8413;NR;number;SORS;Registered employment by sex and municipalities of residence (NSTJ) ;A;Normal value
24021105IND01;70327;Bor;00;2020;2;Female;5526;NR;number;SORS;Registered employment by sex and municipalities of residence (NSTJ) ;A;Normal value
24021105IND01;70327;Bor;00;2019;0;Total;13456;NR;number;SORS;Registered employment by sex and municipalities of residence (NSTJ) ;A;Normal value
24021105IND01;70327;Bor;00;2019;1;Male;8062;NR;number;SORS;Registered employment by sex and municipalities of residence (NSTJ) ;A;Normal value
24021105IND01;70327;Bor;00;2019;2;Female;5394;NR;number;SORS;Registered employment by sex and municipalities of residence (NSTJ) ;A;Normal value
24021105IND01;70327;Bor;00;2018;0;Total;13291;NR;number;SORS;Registered employment by sex and municipalities of residence (NSTJ) ;A;Normal value
24021105IND01;70327;Bor;00;2018;1;Male;7964;NR;number;SORS;Registered employment by sex and municipalities of residence (NSTJ) ;A;Normal value
24021105IND01;70327;Bor;00;2018;2;Female;5327;NR;number;SORS;Registered employment by sex and municipalities of residence (NSTJ) ;A;Normal value
24021105IND01;70327;Bor;00;2017;0;Total;13034;NR;number;SORS;Registered employment by sex and municipalities of residence (NSTJ) ;A;Normal value
24021105IND01;70327;Bor;00;2017;1;Male;7790;NR;number;SORS;Registered employment by sex and municipalities of residence (NSTJ) ;A;Normal value
24021105IND01;70327;Bor;00;2017;2;Female;5243;NR;number;SORS;Registered employment by sex and municipalities of residence (NSTJ) ;A;Normal value
24021105IND01;70327;Bor;00;2016;0;Total;12918;NR;number;SORS;Registered employment by sex and municipalities of residence (NSTJ) ;A;Normal value
24021105IND01;70327;Bor;00;2016;1;Male;7709;NR;number;SORS;Registered employment by sex and municipalities of residence (NSTJ) ;A;Normal value
24021105IND01;70327;Bor;00;2016;2;Female;5209;NR;number;SORS;Registered employment by sex and municipalities of residence (NSTJ) ;A;Normal value
24021105IND01;70335;Bosilegrad;00;2016;0;Total;1629;NR;number;SORS;Registered employment by sex and municipalities of residence (NSTJ) ;A;Normal value
24021105IND01;70335;Bosilegrad;00;2016;1;Male;1011;NR;number;SORS;Registered employment by sex and municipalities of residence (NSTJ) ;A;Normal value
24021105IND01;70335;Bosilegrad;00;2016;2;Female;618;NR;number;SORS;Registered employment by sex and municipalities of residence (NSTJ) ;A;Normal value
24021105IND01;70335;Bosilegrad;00;2017;0;Total;1654;NR;number;SORS;Registered employment by sex and municipalities of residence (NSTJ) ;A;Normal value
24021105IND01;70335;Bosilegrad;00;2017;1;Male;1010;NR;number;SORS;Registered employment by sex and municipalities of residence (NSTJ) ;A;Normal value
24021105IND01;70335;Bosilegrad;00;2017;2;Female;644;NR;number;SORS;Registered employment by sex and municipalities of residence (NSTJ) ;A;Normal value
24021105IND01;70335;Bosilegrad;00;2018;0;Total;1579;NR;number;SORS;Registered employment by sex and municipalities of residence (NSTJ) ;A;Normal value
24021105IND01;70335;Bosilegrad;00;2018;1;Male;1002;NR;number;SORS;Registered employment by sex and municipalities of residence (NSTJ) ;A;Normal value
24021105IND01;70335;Bosilegrad;00;2018;2;Female;577;NR;number;SORS;Registered employment by sex and municipalities of residence (NSTJ) ;A;Normal value
24021105IND01;70335;Bosilegrad;00;2019;0;Total;1591;NR;number;SORS;Registered employment by sex and municipalities of residence (NSTJ) ;A;Normal value
24021105IND01;70335;Bosilegrad;00;2019;1;Male;955;NR;number;SORS;Registered employment by sex and municipalities of residence (NSTJ) ;A;Normal value
24021105IND01;70335;Bosilegrad;00;2019;2;Female;636;NR;number;SORS;Registered employment by sex and municipalities of residence (NSTJ) ;A;Normal value
24021105IND01;70335;Bosilegrad;00;2020;0;Total;1472;NR;number;SORS;Registered employment by sex and municipalities of residence (NSTJ) ;A;Normal value
24021105IND01;70335;Bosilegrad;00;2020;1;Male;890;NR;number;SORS;Registered employment by sex and municipalities of residence (NSTJ) ;A;Normal value
24021105IND01;70335;Bosilegrad;00;2020;2;Female;582;NR;number;SORS;Registered employment by sex and municipalities of residence (NSTJ) ;A;Normal value
24021105IND01;70335;Bosilegrad;00;2021;0;Total;1483;NR;number;SORS;Registered employment by sex and municipalities of residence (NSTJ) ;A;Normal value
24021105IND01;70335;Bosilegrad;00;2021;1;Male;888;NR;number;SORS;Registered employment by sex and municipalities of residence (NSTJ) ;A;Normal value
24021105IND01;70335;Bosilegrad;00;2021;2;Female;595;NR;number;SORS;Registered employment by sex and municipalities of residence (NSTJ) ;A;Normal value
24021105IND01;70335;Bosilegrad;00;2022;0;Total;1510;NR;number;SORS;Registered employment by sex and municipalities of residence (NSTJ) ;A;Normal value
24021105IND01;70335;Bosilegrad;00;2022;1;Male;891;NR;number;SORS;Registered employment by sex and municipalities of residence (NSTJ) ;A;Normal value
24021105IND01;70335;Bosilegrad;00;2022;2;Female;619;NR;number;SORS;Registered employment by sex and municipalities of residence (NSTJ) ;A;Normal value
24021105IND01;70335;Bosilegrad;00;2023;0;Total;1531;NR;number;SORS;Registered employment by sex and municipalities of residence (NSTJ) ;A;Normal value
24021105IND01;70335;Bosilegrad;00;2023;1;Male;888;NR;number;SORS;Registered employment by sex and municipalities of residence (NSTJ) ;A;Normal value
24021105IND01;70335;Bosilegrad;00;2023;2;Female;643;NR;number;SORS;Registered employment by sex and municipalities of residence (NSTJ) ;A;Normal value
24021105IND01;70335;Bosilegrad;00;2024;0;Total;1517;NR;number;SORS;Registered employment by sex and municipalities of residence (NSTJ) ;A;Normal value
24021105IND01;70335;Bosilegrad;00;2024;1;Male;858;NR;number;SORS;Registered employment by sex and municipalities of residence (NSTJ) ;A;Normal value
24021105IND01;70335;Bosilegrad;00;2024;2;Female;659;NR;number;SORS;Registered employment by sex and municipalities of residence (NSTJ) ;A;Normal value
24021105IND01;70335;Bosilegrad;00;2025;0;Total;1443;NR;number;SORS;Registered employment by sex and municipalities of residence (NSTJ) ;A;Normal value
24021105IND01;70335;Bosilegrad;00;2025;1;Male;810;NR;number;SORS;Registered employment by sex and municipalities of residence (NSTJ) ;A;Normal value
24021105IND01;70335;Bosilegrad;00;2025;2;Female;633;NR;number;SORS;Registered employment by sex and municipalities of residence (NSTJ) ;A;Normal value
24021105IND01;70343;Brus;00;2025;0;Total;4269;NR;number;SORS;Registered employment by sex and municipalities of residence (NSTJ) ;A;Normal value
24021105IND01;70343;Brus;00;2025;1;Male;2448;NR;number;SORS;Registered employment by sex and municipalities of residence (NSTJ) ;A;Normal value
24021105IND01;70343;Brus;00;2025;2;Female;1821;NR;number;SORS;Registered employment by sex and municipalities of residence (NSTJ) ;A;Normal value
24021105IND01;70343;Brus;00;2024;0;Total;4318;NR;number;SORS;Registered employment by sex and municipalities of residence (NSTJ) ;A;Normal value
24021105IND01;70343;Brus;00;2024;1;Male;2467;NR;number;SORS;Registered employment by sex and municipalities of residence (NSTJ) ;A;Normal value
24021105IND01;70343;Brus;00;2024;2;Female;1851;NR;number;SORS;Registered employment by sex and municipalities of residence (NSTJ) ;A;Normal value
24021105IND01;70343;Brus;00;2023;0;Total;4405;NR;number;SORS;Registered employment by sex and municipalities of residence (NSTJ) ;A;Normal value
24021105IND01;70343;Brus;00;2023;1;Male;2466;NR;number;SORS;Registered employment by sex and municipalities of residence (NSTJ) ;A;Normal value
24021105IND01;70343;Brus;00;2023;2;Female;1939;NR;number;SORS;Registered employment by sex and municipalities of residence (NSTJ) ;A;Normal value
24021105IND01;70343;Brus;00;2022;0;Total;4417;NR;number;SORS;Registered employment by sex and municipalities of residence (NSTJ) ;A;Normal value
24021105IND01;70343;Brus;00;2022;1;Male;2461;NR;number;SORS;Registered employment by sex and municipalities of residence (NSTJ) ;A;Normal value
24021105IND01;70343;Brus;00;2022;2;Female;1956;NR;number;SORS;Registered employment by sex and municipalities of residence (NSTJ) ;A;Normal value
24021105IND01;70343;Brus;00;2021;0;Total;4366;NR;number;SORS;Registered employment by sex and municipalities of residence (NSTJ) ;A;Normal value
24021105IND01;70343;Brus;00;2021;1;Male;2448;NR;number;SORS;Registered employment by sex and municipalities of residence (NSTJ) ;A;Normal value
24021105IND01;70343;Brus;00;2021;2;Female;1918;NR;number;SORS;Registered employment by sex and municipalities of residence (NSTJ) ;A;Normal value
24021105IND01;70343;Brus;00;2020;0;Total;4287;NR;number;SORS;Registered employment by sex and municipalities of residence (NSTJ) ;A;Normal value
24021105IND01;70343;Brus;00;2020;1;Male;2427;NR;number;SORS;Registered employment by sex and municipalities of residence (NSTJ) ;A;Normal value
24021105IND01;70343;Brus;00;2020;2;Female;1860;NR;number;SORS;Registered employment by sex and municipalities of residence (NSTJ) ;A;Normal value
24021105IND01;70343;Brus;00;2019;0;Total;4318;NR;number;SORS;Registered employment by sex and municipalities of residence (NSTJ) ;A;Normal value
24021105IND01;70343;Brus;00;2019;1;Male;2471;NR;number;SORS;Registered employment by sex and municipalities of residence (NSTJ) ;A;Normal value
24021105IND01;70343;Brus;00;2019;2;Female;1847;NR;number;SORS;Registered employment by sex and municipalities of residence (NSTJ) ;A;Normal value
24021105IND01;70343;Brus;00;2018;0;Total;4270;NR;number;SORS;Registered employment by sex and municipalities of residence (NSTJ) ;A;Normal value
24021105IND01;70343;Brus;00;2018;1;Male;2436;NR;number;SORS;Registered employment by sex and municipalities of residence (NSTJ) ;A;Normal value
24021105IND01;70343;Brus;00;2018;2;Female;1834;NR;number;SORS;Registered employment by sex and municipalities of residence (NSTJ) ;A;Normal value
24021105IND01;70343;Brus;00;2017;0;Total;4231;NR;number;SORS;Registered employment by sex and municipalities of residence (NSTJ) ;A;Normal value
24021105IND01;70343;Brus;00;2017;1;Male;2433;NR;number;SORS;Registered employment by sex and municipalities of residence (NSTJ) ;A;Normal value
24021105IND01;70343;Brus;00;2017;2;Female;1798;NR;number;SORS;Registered employment by sex and municipalities of residence (NSTJ) ;A;Normal value
24021105IND01;70343;Brus;00;2016;0;Total;4110;NR;number;SORS;Registered employment by sex and municipalities of residence (NSTJ) ;A;Normal value
24021105IND01;70343;Brus;00;2016;1;Male;2362;NR;number;SORS;Registered employment by sex and municipalities of residence (NSTJ) ;A;Normal value
24021105IND01;70343;Brus;00;2016;2;Female;1748;NR;number;SORS;Registered employment by sex and municipalities of residence (NSTJ) ;A;Normal value
24021105IND01;70351;Bujanovac;00;2016;0;Total;5493;NR;number;SORS;Registered employment by sex and municipalities of residence (NSTJ) ;A;Normal value
24021105IND01;70351;Bujanovac;00;2016;1;Male;3720;NR;number;SORS;Registered employment by sex and municipalities of residence (NSTJ) ;A;Normal value
24021105IND01;70351;Bujanovac;00;2016;2;Female;1773;NR;number;SORS;Registered employment by sex and municipalities of residence (NSTJ) ;A;Normal value
24021105IND01;70351;Bujanovac;00;2017;0;Total;5656;NR;number;SORS;Registered employment by sex and municipalities of residence (NSTJ) ;A;Normal value
24021105IND01;70351;Bujanovac;00;2017;1;Male;3787;NR;number;SORS;Registered employment by sex and municipalities of residence (NSTJ) ;A;Normal value
24021105IND01;70351;Bujanovac;00;2017;2;Female;1869;NR;number;SORS;Registered employment by sex and municipalities of residence (NSTJ) ;A;Normal value
24021105IND01;70351;Bujanovac;00;2018;0;Total;5845;NR;number;SORS;Registered employment by sex and municipalities of residence (NSTJ) ;A;Normal value
24021105IND01;70351;Bujanovac;00;2018;1;Male;3854;NR;number;SORS;Registered employment by sex and municipalities of residence (NSTJ) ;A;Normal value
24021105IND01;70351;Bujanovac;00;2018;2;Female;1991;NR;number;SORS;Registered employment by sex and municipalities of residence (NSTJ) ;A;Normal value
24021105IND01;70351;Bujanovac;00;2019;0;Total;5876;NR;number;SORS;Registered employment by sex and municipalities of residence (NSTJ) ;A;Normal value
24021105IND01;70351;Bujanovac;00;2019;1;Male;3868;NR;number;SORS;Registered employment by sex and municipalities of residence (NSTJ) ;A;Normal value
24021105IND01;70351;Bujanovac;00;2019;2;Female;2008;NR;number;SORS;Registered employment by sex and municipalities of residence (NSTJ) ;A;Normal value
24021105IND01;70351;Bujanovac;00;2020;0;Total;5966;NR;number;SORS;Registered employment by sex and municipalities of residence (NSTJ) ;A;Normal value
24021105IND01;70351;Bujanovac;00;2020;1;Male;3890;NR;number;SORS;Registered employment by sex and municipalities of residence (NSTJ) ;A;Normal value
24021105IND01;70351;Bujanovac;00;2020;2;Female;2076;NR;number;SORS;Registered employment by sex and municipalities of residence (NSTJ) ;A;Normal value
24021105IND01;70351;Bujanovac;00;2021;0;Total;6098;NR;number;SORS;Registered employment by sex and municipalities of residence (NSTJ) ;A;Normal value
24021105IND01;70351;Bujanovac;00;2021;1;Male;3971;NR;number;SORS;Registered employment by sex and municipalities of residence (NSTJ) ;A;Normal value
24021105IND01;70351;Bujanovac;00;2021;2;Female;2127;NR;number;SORS;Registered employment by sex and municipalities of residence (NSTJ) ;A;Normal value
24021105IND01;70351;Bujanovac;00;2022;0;Total;6123;NR;number;SORS;Registered employment by sex and municipalities of residence (NSTJ) ;A;Normal value
24021105IND01;70351;Bujanovac;00;2022;1;Male;3943;NR;number;SORS;Registered employment by sex and municipalities of residence (NSTJ) ;A;Normal value
24021105IND01;70351;Bujanovac;00;2022;2;Female;2179;NR;number;SORS;Registered employment by sex and municipalities of residence (NSTJ) ;A;Normal value
24021105IND01;70351;Bujanovac;00;2023;0;Total;6211;NR;number;SORS;Registered employment by sex and municipalities of residence (NSTJ) ;A;Normal value
24021105IND01;70351;Bujanovac;00;2023;1;Male;3953;NR;number;SORS;Registered employment by sex and municipalities of residence (NSTJ) ;A;Normal value
24021105IND01;70351;Bujanovac;00;2023;2;Female;2258;NR;number;SORS;Registered employment by sex and municipalities of residence (NSTJ) ;A;Normal value
24021105IND01;70351;Bujanovac;00;2024;0;Total;6172;NR;number;SORS;Registered employment by sex and municipalities of residence (NSTJ) ;A;Normal value
24021105IND01;70351;Bujanovac;00;2024;1;Male;3885;NR;number;SORS;Registered employment by sex and municipalities of residence (NSTJ) ;A;Normal value
24021105IND01;70351;Bujanovac;00;2024;2;Female;2287;NR;number;SORS;Registered employment by sex and municipalities of residence (NSTJ) ;A;Normal value
24021105IND01;70351;Bujanovac;00;2025;0;Total;6151;NR;number;SORS;Registered employment by sex and municipalities of residence (NSTJ) ;A;Normal value
24021105IND01;70351;Bujanovac;00;2025;1;Male;3869;NR;number;SORS;Registered employment by sex and municipalities of residence (NSTJ) ;A;Normal value
24021105IND01;70351;Bujanovac;00;2025;2;Female;2282;NR;number;SORS;Registered employment by sex and municipalities of residence (NSTJ) ;A;Normal value
24021105IND01;70360;Valjevo;00;2025;0;Total;31334;NR;number;SORS;Registered employment by sex and municipalities of residence (NSTJ) ;A;Normal value
24021105IND01;70360;Valjevo;00;2025;1;Male;16379;NR;number;SORS;Registered employment by sex and municipalities of residence (NSTJ) ;A;Normal value
24021105IND01;70360;Valjevo;00;2025;2;Female;14955;NR;number;SORS;Registered employment by sex and municipalities of residence (NSTJ) ;A;Normal value
24021105IND01;70360;Valjevo;00;2024;0;Total;31717;NR;number;SORS;Registered employment by sex and municipalities of residence (NSTJ) ;A;Normal value
24021105IND01;70360;Valjevo;00;2024;1;Male;16667;NR;number;SORS;Registered employment by sex and municipalities of residence (NSTJ) ;A;Normal value
24021105IND01;70360;Valjevo;00;2024;2;Female;15050;NR;number;SORS;Registered employment by sex and municipalities of residence (NSTJ) ;A;Normal value
24021105IND01;70360;Valjevo;00;2023;0;Total;31765;NR;number;SORS;Registered employment by sex and municipalities of residence (NSTJ) ;A;Normal value
24021105IND01;70360;Valjevo;00;2023;1;Male;16800;NR;number;SORS;Registered employment by sex and municipalities of residence (NSTJ) ;A;Normal value
24021105IND01;70360;Valjevo;00;2023;2;Female;14965;NR;number;SORS;Registered employment by sex and municipalities of residence (NSTJ) ;A;Normal value
24021105IND01;70360;Valjevo;00;2022;0;Total;31006;NR;number;SORS;Registered employment by sex and municipalities of residence (NSTJ) ;A;Normal value
24021105IND01;70360;Valjevo;00;2022;1;Male;16581;NR;number;SORS;Registered employment by sex and municipalities of residence (NSTJ) ;A;Normal value
24021105IND01;70360;Valjevo;00;2022;2;Female;14425;NR;number;SORS;Registered employment by sex and municipalities of residence (NSTJ) ;A;Normal value
24021105IND01;70360;Valjevo;00;2021;0;Total;30887;NR;number;SORS;Registered employment by sex and municipalities of residence (NSTJ) ;A;Normal value
24021105IND01;70360;Valjevo;00;2021;1;Male;16665;NR;number;SORS;Registered employment by sex and municipalities of residence (NSTJ) ;A;Normal value
24021105IND01;70360;Valjevo;00;2021;2;Female;14222;NR;number;SORS;Registered employment by sex and municipalities of residence (NSTJ) ;A;Normal value
24021105IND01;70360;Valjevo;00;2020;0;Total;30717;NR;number;SORS;Registered employment by sex and municipalities of residence (NSTJ) ;A;Normal value
24021105IND01;70360;Valjevo;00;2020;1;Male;16587;NR;number;SORS;Registered employment by sex and municipalities of residence (NSTJ) ;A;Normal value
24021105IND01;70360;Valjevo;00;2020;2;Female;14130;NR;number;SORS;Registered employment by sex and municipalities of residence (NSTJ) ;A;Normal value
24021105IND01;70360;Valjevo;00;2019;0;Total;30092;NR;number;SORS;Registered employment by sex and municipalities of residence (NSTJ) ;A;Normal value
24021105IND01;70360;Valjevo;00;2019;1;Male;16332;NR;number;SORS;Registered employment by sex and municipalities of residence (NSTJ) ;A;Normal value
24021105IND01;70360;Valjevo;00;2019;2;Female;13760;NR;number;SORS;Registered employment by sex and municipalities of residence (NSTJ) ;A;Normal value
24021105IND01;70360;Valjevo;00;2018;0;Total;29587;NR;number;SORS;Registered employment by sex and municipalities of residence (NSTJ) ;A;Normal value
24021105IND01;70360;Valjevo;00;2018;1;Male;16108;NR;number;SORS;Registered employment by sex and municipalities of residence (NSTJ) ;A;Normal value
24021105IND01;70360;Valjevo;00;2018;2;Female;13479;NR;number;SORS;Registered employment by sex and municipalities of residence (NSTJ) ;A;Normal value
24021105IND01;70360;Valjevo;00;2017;0;Total;28533;NR;number;SORS;Registered employment by sex and municipalities of residence (NSTJ) ;A;Normal value
24021105IND01;70360;Valjevo;00;2017;1;Male;15651;NR;number;SORS;Registered employment by sex and municipalities of residence (NSTJ) ;A;Normal value
24021105IND01;70360;Valjevo;00;2017;2;Female;12883;NR;number;SORS;Registered employment by sex and municipalities of residence (NSTJ) ;A;Normal value
24021105IND01;70360;Valjevo;00;2016;0;Total;27331;NR;number;SORS;Registered employment by sex and municipalities of residence (NSTJ) ;A;Normal value
24021105IND01;70360;Valjevo;00;2016;1;Male;15045;NR;number;SORS;Registered employment by sex and municipalities of residence (NSTJ) ;A;Normal value
24021105IND01;70360;Valjevo;00;2016;2;Female;12286;NR;number;SORS;Registered employment by sex and municipalities of residence (NSTJ) ;A;Normal value
24021105IND01;70378;Varvarin;00;2016;0;Total;3416;NR;number;SORS;Registered employment by sex and municipalities of residence (NSTJ) ;A;Normal value
24021105IND01;70378;Varvarin;00;2016;1;Male;2256;NR;number;SORS;Registered employment by sex and municipalities of residence (NSTJ) ;A;Normal value
24021105IND01;70378;Varvarin;00;2016;2;Female;1161;NR;number;SORS;Registered employment by sex and municipalities of residence (NSTJ) ;A;Normal value
24021105IND01;70378;Varvarin;00;2017;0;Total;3509;NR;number;SORS;Registered employment by sex and municipalities of residence (NSTJ) ;A;Normal value
24021105IND01;70378;Varvarin;00;2017;1;Male;2304;NR;number;SORS;Registered employment by sex and municipalities of residence (NSTJ) ;A;Normal value
24021105IND01;70378;Varvarin;00;2017;2;Female;1205;NR;number;SORS;Registered employment by sex and municipalities of residence (NSTJ) ;A;Normal value
24021105IND01;70378;Varvarin;00;2018;0;Total;3598;NR;number;SORS;Registered employment by sex and municipalities of residence (NSTJ) ;A;Normal value
24021105IND01;70378;Varvarin;00;2018;1;Male;2327;NR;number;SORS;Registered employment by sex and municipalities of residence (NSTJ) ;A;Normal value
24021105IND01;70378;Varvarin;00;2018;2;Female;1270;NR;number;SORS;Registered employment by sex and municipalities of residence (NSTJ) ;A;Normal value
24021105IND01;70378;Varvarin;00;2019;0;Total;3590;NR;number;SORS;Registered employment by sex and municipalities of residence (NSTJ) ;A;Normal value
24021105IND01;70378;Varvarin;00;2019;1;Male;2281;NR;number;SORS;Registered employment by sex and municipalities of residence (NSTJ) ;A;Normal value
24021105IND01;70378;Varvarin;00;2019;2;Female;1309;NR;number;SORS;Registered employment by sex and municipalities of residence (NSTJ) ;A;Normal value
24021105IND01;70378;Varvarin;00;2020;0;Total;3542;NR;number;SORS;Registered employment by sex and municipalities of residence (NSTJ) ;A;Normal value
24021105IND01;70378;Varvarin;00;2020;1;Male;2230;NR;number;SORS;Registered employment by sex and municipalities of residence (NSTJ) ;A;Normal value
24021105IND01;70378;Varvarin;00;2020;2;Female;1311;NR;number;SORS;Registered employment by sex and municipalities of residence (NSTJ) ;A;Normal value
24021105IND01;70378;Varvarin;00;2021;0;Total;3695;NR;number;SORS;Registered employment by sex and municipalities of residence (NSTJ) ;A;Normal value
24021105IND01;70378;Varvarin;00;2021;1;Male;2291;NR;number;SORS;Registered employment by sex and municipalities of residence (NSTJ) ;A;Normal value
24021105IND01;70378;Varvarin;00;2021;2;Female;1405;NR;number;SORS;Registered employment by sex and municipalities of residence (NSTJ) ;A;Normal value
24021105IND01;70378;Varvarin;00;2022;0;Total;3733;NR;number;SORS;Registered employment by sex and municipalities of residence (NSTJ) ;A;Normal value
24021105IND01;70378;Varvarin;00;2022;1;Male;2292;NR;number;SORS;Registered employment by sex and municipalities of residence (NSTJ) ;A;Normal value
24021105IND01;70378;Varvarin;00;2022;2;Female;1442;NR;number;SORS;Registered employment by sex and municipalities of residence (NSTJ) ;A;Normal value
24021105IND01;70378;Varvarin;00;2023;0;Total;3692;NR;number;SORS;Registered employment by sex and municipalities of residence (NSTJ) ;A;Normal value
24021105IND01;70378;Varvarin;00;2023;1;Male;2228;NR;number;SORS;Registered employment by sex and municipalities of residence (NSTJ) ;A;Normal value
24021105IND01;70378;Varvarin;00;2023;2;Female;1465;NR;number;SORS;Registered employment by sex and municipalities of residence (NSTJ) ;A;Normal value
24021105IND01;70378;Varvarin;00;2024;0;Total;3706;NR;number;SORS;Registered employment by sex and municipalities of residence (NSTJ) ;A;Normal value
24021105IND01;70378;Varvarin;00;2024;1;Male;2221;NR;number;SORS;Registered employment by sex and municipalities of residence (NSTJ) ;A;Normal value
24021105IND01;70378;Varvarin;00;2024;2;Female;1485;NR;number;SORS;Registered employment by sex and municipalities of residence (NSTJ) ;A;Normal value
24021105IND01;70378;Varvarin;00;2025;0;Total;3719;NR;number;SORS;Registered employment by sex and municipalities of residence (NSTJ) ;A;Normal value
24021105IND01;70378;Varvarin;00;2025;1;Male;2195;NR;number;SORS;Registered employment by sex and municipalities of residence (NSTJ) ;A;Normal value
24021105IND01;70378;Varvarin;00;2025;2;Female;1524;NR;number;SORS;Registered employment by sex and municipalities of residence (NSTJ) ;A;Normal value
24021105IND01;70386;Velika Plana;00;2025;0;Total;10768;NR;number;SORS;Registered employment by sex and municipalities of residence (NSTJ) ;A;Normal value
24021105IND01;70386;Velika Plana;00;2025;1;Male;6048;NR;number;SORS;Registered employment by sex and municipalities of residence (NSTJ) ;A;Normal value
24021105IND01;70386;Velika Plana;00;2025;2;Female;4720;NR;number;SORS;Registered employment by sex and municipalities of residence (NSTJ) ;A;Normal value
24021105IND01;70386;Velika Plana;00;2024;0;Total;10816;NR;number;SORS;Registered employment by sex and municipalities of residence (NSTJ) ;A;Normal value
24021105IND01;70386;Velika Plana;00;2024;1;Male;6143;NR;number;SORS;Registered employment by sex and municipalities of residence (NSTJ) ;A;Normal value
24021105IND01;70386;Velika Plana;00;2024;2;Female;4673;NR;number;SORS;Registered employment by sex and municipalities of residence (NSTJ) ;A;Normal value
24021105IND01;70386;Velika Plana;00;2023;0;Total;10754;NR;number;SORS;Registered employment by sex and municipalities of residence (NSTJ) ;A;Normal value
24021105IND01;70386;Velika Plana;00;2023;1;Male;6170;NR;number;SORS;Registered employment by sex and municipalities of residence (NSTJ) ;A;Normal value
24021105IND01;70386;Velika Plana;00;2023;2;Female;4585;NR;number;SORS;Registered employment by sex and municipalities of residence (NSTJ) ;A;Normal value
24021105IND01;70386;Velika Plana;00;2022;0;Total;10605;NR;number;SORS;Registered employment by sex and municipalities of residence (NSTJ) ;A;Normal value
24021105IND01;70386;Velika Plana;00;2022;1;Male;6170;NR;number;SORS;Registered employment by sex and municipalities of residence (NSTJ) ;A;Normal value
24021105IND01;70386;Velika Plana;00;2022;2;Female;4435;NR;number;SORS;Registered employment by sex and municipalities of residence (NSTJ) ;A;Normal value
24021105IND01;70386;Velika Plana;00;2021;0;Total;10495;NR;number;SORS;Registered employment by sex and municipalities of residence (NSTJ) ;A;Normal value
24021105IND01;70386;Velika Plana;00;2021;1;Male;6228;NR;number;SORS;Registered employment by sex and municipalities of residence (NSTJ) ;A;Normal value
24021105IND01;70386;Velika Plana;00;2021;2;Female;4267;NR;number;SORS;Registered employment by sex and municipalities of residence (NSTJ) ;A;Normal value
24021105IND01;70386;Velika Plana;00;2020;0;Total;10122;NR;number;SORS;Registered employment by sex and municipalities of residence (NSTJ) ;A;Normal value
24021105IND01;70386;Velika Plana;00;2020;1;Male;6108;NR;number;SORS;Registered employment by sex and municipalities of residence (NSTJ) ;A;Normal value
24021105IND01;70386;Velika Plana;00;2020;2;Female;4014;NR;number;SORS;Registered employment by sex and municipalities of residence (NSTJ) ;A;Normal value
24021105IND01;70386;Velika Plana;00;2019;0;Total;9927;NR;number;SORS;Registered employment by sex and municipalities of residence (NSTJ) ;A;Normal value
24021105IND01;70386;Velika Plana;00;2019;1;Male;5991;NR;number;SORS;Registered employment by sex and municipalities of residence (NSTJ) ;A;Normal value
24021105IND01;70386;Velika Plana;00;2019;2;Female;3936;NR;number;SORS;Registered employment by sex and municipalities of residence (NSTJ) ;A;Normal value
24021105IND01;70386;Velika Plana;00;2018;0;Total;9510;NR;number;SORS;Registered employment by sex and municipalities of residence (NSTJ) ;A;Normal value
24021105IND01;70386;Velika Plana;00;2018;1;Male;5677;NR;number;SORS;Registered employment by sex and municipalities of residence (NSTJ) ;A;Normal value
24021105IND01;70386;Velika Plana;00;2018;2;Female;3834;NR;number;SORS;Registered employment by sex and municipalities of residence (NSTJ) ;A;Normal value
24021105IND01;70386;Velika Plana;00;2017;0;Total;9144;NR;number;SORS;Registered employment by sex and municipalities of residence (NSTJ) ;A;Normal value
24021105IND01;70386;Velika Plana;00;2017;1;Male;5550;NR;number;SORS;Registered employment by sex and municipalities of residence (NSTJ) ;A;Normal value
24021105IND01;70386;Velika Plana;00;2017;2;Female;3594;NR;number;SORS;Registered employment by sex and municipalities of residence (NSTJ) ;A;Normal value
24021105IND01;70386;Velika Plana;00;2016;0;Total;8884;NR;number;SORS;Registered employment by sex and municipalities of residence (NSTJ) ;A;Normal value
24021105IND01;70386;Velika Plana;00;2016;1;Male;5478;NR;number;SORS;Registered employment by sex and municipalities of residence (NSTJ) ;A;Normal value
24021105IND01;70386;Velika Plana;00;2016;2;Female;3406;NR;number;SORS;Registered employment by sex and municipalities of residence (NSTJ) ;A;Normal value
24021105IND01;70394;Veliko Gradište;00;2016;0;Total;3681;NR;number;SORS;Registered employment by sex and municipalities of residence (NSTJ) ;A;Normal value
24021105IND01;70394;Veliko Gradište;00;2016;1;Male;2207;NR;number;SORS;Registered employment by sex and municipalities of residence (NSTJ) ;A;Normal value
24021105IND01;70394;Veliko Gradište;00;2016;2;Female;1474;NR;number;SORS;Registered employment by sex and municipalities of residence (NSTJ) ;A;Normal value
24021105IND01;70394;Veliko Gradište;00;2017;0;Total;3690;NR;number;SORS;Registered employment by sex and municipalities of residence (NSTJ) ;A;Normal value
24021105IND01;70394;Veliko Gradište;00;2017;1;Male;2184;NR;number;SORS;Registered employment by sex and municipalities of residence (NSTJ) ;A;Normal value
24021105IND01;70394;Veliko Gradište;00;2017;2;Female;1505;NR;number;SORS;Registered employment by sex and municipalities of residence (NSTJ) ;A;Normal value
24021105IND01;70394;Veliko Gradište;00;2018;0;Total;3681;NR;number;SORS;Registered employment by sex and municipalities of residence (NSTJ) ;A;Normal value
24021105IND01;70394;Veliko Gradište;00;2018;1;Male;2177;NR;number;SORS;Registered employment by sex and municipalities of residence (NSTJ) ;A;Normal value
24021105IND01;70394;Veliko Gradište;00;2018;2;Female;1504;NR;number;SORS;Registered employment by sex and municipalities of residence (NSTJ) ;A;Normal value
24021105IND01;70394;Veliko Gradište;00;2019;0;Total;3649;NR;number;SORS;Registered employment by sex and municipalities of residence (NSTJ) ;A;Normal value
24021105IND01;70394;Veliko Gradište;00;2019;1;Male;2121;NR;number;SORS;Registered employment by sex and municipalities of residence (NSTJ) ;A;Normal value
24021105IND01;70394;Veliko Gradište;00;2019;2;Female;1528;NR;number;SORS;Registered employment by sex and municipalities of residence (NSTJ) ;A;Normal value
24021105IND01;70394;Veliko Gradište;00;2020;0;Total;3712;NR;number;SORS;Registered employment by sex and municipalities of residence (NSTJ) ;A;Normal value
24021105IND01;70394;Veliko Gradište;00;2020;1;Male;2146;NR;number;SORS;Registered employment by sex and municipalities of residence (NSTJ) ;A;Normal value
24021105IND01;70394;Veliko Gradište;00;2020;2;Female;1566;NR;number;SORS;Registered employment by sex and municipalities of residence (NSTJ) ;A;Normal value
24021105IND01;70394;Veliko Gradište;00;2021;0;Total;3720;NR;number;SORS;Registered employment by sex and municipalities of residence (NSTJ) ;A;Normal value
24021105IND01;70394;Veliko Gradište;00;2021;1;Male;2160;NR;number;SORS;Registered employment by sex and municipalities of residence (NSTJ) ;A;Normal value
24021105IND01;70394;Veliko Gradište;00;2021;2;Female;1560;NR;number;SORS;Registered employment by sex and municipalities of residence (NSTJ) ;A;Normal value
24021105IND01;70394;Veliko Gradište;00;2022;0;Total;3795;NR;number;SORS;Registered employment by sex and municipalities of residence (NSTJ) ;A;Normal value
24021105IND01;70394;Veliko Gradište;00;2022;1;Male;2175;NR;number;SORS;Registered employment by sex and municipalities of residence (NSTJ) ;A;Normal value
24021105IND01;70394;Veliko Gradište;00;2022;2;Female;1620;NR;number;SORS;Registered employment by sex and municipalities of residence (NSTJ) ;A;Normal value
24021105IND01;70394;Veliko Gradište;00;2023;0;Total;3915;NR;number;SORS;Registered employment by sex and municipalities of residence (NSTJ) ;A;Normal value
24021105IND01;70394;Veliko Gradište;00;2023;1;Male;2250;NR;number;SORS;Registered employment by sex and municipalities of residence (NSTJ) ;A;Normal value
24021105IND01;70394;Veliko Gradište;00;2023;2;Female;1665;NR;number;SORS;Registered employment by sex and municipalities of residence (NSTJ) ;A;Normal value
24021105IND01;70394;Veliko Gradište;00;2024;0;Total;3914;NR;number;SORS;Registered employment by sex and municipalities of residence (NSTJ) ;A;Normal value
24021105IND01;70394;Veliko Gradište;00;2024;1;Male;2262;NR;number;SORS;Registered employment by sex and municipalities of residence (NSTJ) ;A;Normal value
24021105IND01;70394;Veliko Gradište;00;2024;2;Female;1652;NR;number;SORS;Registered employment by sex and municipalities of residence (NSTJ) ;A;Normal value
24021105IND01;70394;Veliko Gradište;00;2025;0;Total;3908;NR;number;SORS;Registered employment by sex and municipalities of residence (NSTJ) ;A;Normal value
24021105IND01;70394;Veliko Gradište;00;2025;1;Male;2245;NR;number;SORS;Registered employment by sex and municipalities of residence (NSTJ) ;A;Normal value
24021105IND01;70394;Veliko Gradište;00;2025;2;Female;1664;NR;number;SORS;Registered employment by sex and municipalities of residence (NSTJ) ;A;Normal value
24021105IND01;70408;Vladimirci;00;2025;0;Total;4306;NR;number;SORS;Registered employment by sex and municipalities of residence (NSTJ) ;A;Normal value
24021105IND01;70408;Vladimirci;00;2025;1;Male;2740;NR;number;SORS;Registered employment by sex and municipalities of residence (NSTJ) ;A;Normal value
24021105IND01;70408;Vladimirci;00;2025;2;Female;1565;NR;number;SORS;Registered employment by sex and municipalities of residence (NSTJ) ;A;Normal value
24021105IND01;70408;Vladimirci;00;2024;0;Total;4443;NR;number;SORS;Registered employment by sex and municipalities of residence (NSTJ) ;A;Normal value
24021105IND01;70408;Vladimirci;00;2024;1;Male;2842;NR;number;SORS;Registered employment by sex and municipalities of residence (NSTJ) ;A;Normal value
24021105IND01;70408;Vladimirci;00;2024;2;Female;1600;NR;number;SORS;Registered employment by sex and municipalities of residence (NSTJ) ;A;Normal value
24021105IND01;70408;Vladimirci;00;2023;0;Total;4479;NR;number;SORS;Registered employment by sex and municipalities of residence (NSTJ) ;A;Normal value
24021105IND01;70408;Vladimirci;00;2023;1;Male;2871;NR;number;SORS;Registered employment by sex and municipalities of residence (NSTJ) ;A;Normal value
24021105IND01;70408;Vladimirci;00;2023;2;Female;1608;NR;number;SORS;Registered employment by sex and municipalities of residence (NSTJ) ;A;Normal value
24021105IND01;70408;Vladimirci;00;2022;0;Total;4432;NR;number;SORS;Registered employment by sex and municipalities of residence (NSTJ) ;A;Normal value
24021105IND01;70408;Vladimirci;00;2022;1;Male;2849;NR;number;SORS;Registered employment by sex and municipalities of residence (NSTJ) ;A;Normal value
24021105IND01;70408;Vladimirci;00;2022;2;Female;1583;NR;number;SORS;Registered employment by sex and municipalities of residence (NSTJ) ;A;Normal value
24021105IND01;70408;Vladimirci;00;2021;0;Total;4418;NR;number;SORS;Registered employment by sex and municipalities of residence (NSTJ) ;A;Normal value
24021105IND01;70408;Vladimirci;00;2021;1;Male;2894;NR;number;SORS;Registered employment by sex and municipalities of residence (NSTJ) ;A;Normal value
24021105IND01;70408;Vladimirci;00;2021;2;Female;1524;NR;number;SORS;Registered employment by sex and municipalities of residence (NSTJ) ;A;Normal value
24021105IND01;70408;Vladimirci;00;2020;0;Total;4351;NR;number;SORS;Registered employment by sex and municipalities of residence (NSTJ) ;A;Normal value
24021105IND01;70408;Vladimirci;00;2020;1;Male;2907;NR;number;SORS;Registered employment by sex and municipalities of residence (NSTJ) ;A;Normal value
24021105IND01;70408;Vladimirci;00;2020;2;Female;1444;NR;number;SORS;Registered employment by sex and municipalities of residence (NSTJ) ;A;Normal value
24021105IND01;70408;Vladimirci;00;2019;0;Total;4265;NR;number;SORS;Registered employment by sex and municipalities of residence (NSTJ) ;A;Normal value
24021105IND01;70408;Vladimirci;00;2019;1;Male;2873;NR;number;SORS;Registered employment by sex and municipalities of residence (NSTJ) ;A;Normal value
24021105IND01;70408;Vladimirci;00;2019;2;Female;1392;NR;number;SORS;Registered employment by sex and municipalities of residence (NSTJ) ;A;Normal value
24021105IND01;70408;Vladimirci;00;2018;0;Total;4146;NR;number;SORS;Registered employment by sex and municipalities of residence (NSTJ) ;A;Normal value
24021105IND01;70408;Vladimirci;00;2018;1;Male;2852;NR;number;SORS;Registered employment by sex and municipalities of residence (NSTJ) ;A;Normal value
24021105IND01;70408;Vladimirci;00;2018;2;Female;1293;NR;number;SORS;Registered employment by sex and municipalities of residence (NSTJ) ;A;Normal value
24021105IND01;70408;Vladimirci;00;2017;0;Total;4021;NR;number;SORS;Registered employment by sex and municipalities of residence (NSTJ) ;A;Normal value
24021105IND01;70408;Vladimirci;00;2017;1;Male;2791;NR;number;SORS;Registered employment by sex and municipalities of residence (NSTJ) ;A;Normal value
24021105IND01;70408;Vladimirci;00;2017;2;Female;1230;NR;number;SORS;Registered employment by sex and municipalities of residence (NSTJ) ;A;Normal value
24021105IND01;70408;Vladimirci;00;2016;0;Total;3901;NR;number;SORS;Registered employment by sex and municipalities of residence (NSTJ) ;A;Normal value
24021105IND01;70408;Vladimirci;00;2016;1;Male;2741;NR;number;SORS;Registered employment by sex and municipalities of residence (NSTJ) ;A;Normal value
24021105IND01;70408;Vladimirci;00;2016;2;Female;1159;NR;number;SORS;Registered employment by sex and municipalities of residence (NSTJ) ;A;Normal value
24021105IND01;70416;Vladičin Han;00;2016;0;Total;4436;NR;number;SORS;Registered employment by sex and municipalities of residence (NSTJ) ;A;Normal value
24021105IND01;70416;Vladičin Han;00;2016;1;Male;2799;NR;number;SORS;Registered employment by sex and municipalities of residence (NSTJ) ;A;Normal value
24021105IND01;70416;Vladičin Han;00;2016;2;Female;1637;NR;number;SORS;Registered employment by sex and municipalities of residence (NSTJ) ;A;Normal value
24021105IND01;70416;Vladičin Han;00;2017;0;Total;4719;NR;number;SORS;Registered employment by sex and municipalities of residence (NSTJ) ;A;Normal value
24021105IND01;70416;Vladičin Han;00;2017;1;Male;2893;NR;number;SORS;Registered employment by sex and municipalities of residence (NSTJ) ;A;Normal value
24021105IND01;70416;Vladičin Han;00;2017;2;Female;1826;NR;number;SORS;Registered employment by sex and municipalities of residence (NSTJ) ;A;Normal value
24021105IND01;70416;Vladičin Han;00;2018;0;Total;4882;NR;number;SORS;Registered employment by sex and municipalities of residence (NSTJ) ;A;Normal value
24021105IND01;70416;Vladičin Han;00;2018;1;Male;2961;NR;number;SORS;Registered employment by sex and municipalities of residence (NSTJ) ;A;Normal value
24021105IND01;70416;Vladičin Han;00;2018;2;Female;1921;NR;number;SORS;Registered employment by sex and municipalities of residence (NSTJ) ;A;Normal value
24021105IND01;70416;Vladičin Han;00;2019;0;Total;4928;NR;number;SORS;Registered employment by sex and municipalities of residence (NSTJ) ;A;Normal value
24021105IND01;70416;Vladičin Han;00;2019;1;Male;2952;NR;number;SORS;Registered employment by sex and municipalities of residence (NSTJ) ;A;Normal value
24021105IND01;70416;Vladičin Han;00;2019;2;Female;1976;NR;number;SORS;Registered employment by sex and municipalities of residence (NSTJ) ;A;Normal value
24021105IND01;70416;Vladičin Han;00;2020;0;Total;5141;NR;number;SORS;Registered employment by sex and municipalities of residence (NSTJ) ;A;Normal value
24021105IND01;70416;Vladičin Han;00;2020;1;Male;3082;NR;number;SORS;Registered employment by sex and municipalities of residence (NSTJ) ;A;Normal value
24021105IND01;70416;Vladičin Han;00;2020;2;Female;2059;NR;number;SORS;Registered employment by sex and municipalities of residence (NSTJ) ;A;Normal value
24021105IND01;70416;Vladičin Han;00;2021;0;Total;5229;NR;number;SORS;Registered employment by sex and municipalities of residence (NSTJ) ;A;Normal value
24021105IND01;70416;Vladičin Han;00;2021;1;Male;3112;NR;number;SORS;Registered employment by sex and municipalities of residence (NSTJ) ;A;Normal value
24021105IND01;70416;Vladičin Han;00;2021;2;Female;2117;NR;number;SORS;Registered employment by sex and municipalities of residence (NSTJ) ;A;Normal value
24021105IND01;70416;Vladičin Han;00;2022;0;Total;5273;NR;number;SORS;Registered employment by sex and municipalities of residence (NSTJ) ;A;Normal value
24021105IND01;70416;Vladičin Han;00;2022;1;Male;3095;NR;number;SORS;Registered employment by sex and municipalities of residence (NSTJ) ;A;Normal value
24021105IND01;70416;Vladičin Han;00;2022;2;Female;2177;NR;number;SORS;Registered employment by sex and municipalities of residence (NSTJ) ;A;Normal value
24021105IND01;70416;Vladičin Han;00;2023;0;Total;5341;NR;number;SORS;Registered employment by sex and municipalities of residence (NSTJ) ;A;Normal value
24021105IND01;70416;Vladičin Han;00;2023;1;Male;3102;NR;number;SORS;Registered employment by sex and municipalities of residence (NSTJ) ;A;Normal value
24021105IND01;70416;Vladičin Han;00;2023;2;Female;2240;NR;number;SORS;Registered employment by sex and municipalities of residence (NSTJ) ;A;Normal value
24021105IND01;70416;Vladičin Han;00;2024;0;Total;5355;NR;number;SORS;Registered employment by sex and municipalities of residence (NSTJ) ;A;Normal value
24021105IND01;70416;Vladičin Han;00;2024;1;Male;3081;NR;number;SORS;Registered employment by sex and municipalities of residence (NSTJ) ;A;Normal value
24021105IND01;70416;Vladičin Han;00;2024;2;Female;2274;NR;number;SORS;Registered employment by sex and municipalities of residence (NSTJ) ;A;Normal value
24021105IND01;70416;Vladičin Han;00;2025;0;Total;5355;NR;number;SORS;Registered employment by sex and municipalities of residence (NSTJ) ;A;Normal value
24021105IND01;70416;Vladičin Han;00;2025;1;Male;3077;NR;number;SORS;Registered employment by sex and municipalities of residence (NSTJ) ;A;Normal value
24021105IND01;70416;Vladičin Han;00;2025;2;Female;2279;NR;number;SORS;Registered employment by sex and municipalities of residence (NSTJ) ;A;Normal value
24021105IND01;70424;Vlasotince;00;2025;0;Total;7680;NR;number;SORS;Registered employment by sex and municipalities of residence (NSTJ) ;A;Normal value
24021105IND01;70424;Vlasotince;00;2025;1;Male;4179;NR;number;SORS;Registered employment by sex and municipalities of residence (NSTJ) ;A;Normal value
24021105IND01;70424;Vlasotince;00;2025;2;Female;3502;NR;number;SORS;Registered employment by sex and municipalities of residence (NSTJ) ;A;Normal value
24021105IND01;70424;Vlasotince;00;2024;0;Total;8091;NR;number;SORS;Registered employment by sex and municipalities of residence (NSTJ) ;A;Normal value
24021105IND01;70424;Vlasotince;00;2024;1;Male;4421;NR;number;SORS;Registered employment by sex and municipalities of residence (NSTJ) ;A;Normal value
24021105IND01;70424;Vlasotince;00;2024;2;Female;3670;NR;number;SORS;Registered employment by sex and municipalities of residence (NSTJ) ;A;Normal value
24021105IND01;70424;Vlasotince;00;2023;0;Total;8327;NR;number;SORS;Registered employment by sex and municipalities of residence (NSTJ) ;A;Normal value
24021105IND01;70424;Vlasotince;00;2023;1;Male;4502;NR;number;SORS;Registered employment by sex and municipalities of residence (NSTJ) ;A;Normal value
24021105IND01;70424;Vlasotince;00;2023;2;Female;3825;NR;number;SORS;Registered employment by sex and municipalities of residence (NSTJ) ;A;Normal value
24021105IND01;70424;Vlasotince;00;2022;0;Total;8483;NR;number;SORS;Registered employment by sex and municipalities of residence (NSTJ) ;A;Normal value
24021105IND01;70424;Vlasotince;00;2022;1;Male;4514;NR;number;SORS;Registered employment by sex and municipalities of residence (NSTJ) ;A;Normal value
24021105IND01;70424;Vlasotince;00;2022;2;Female;3969;NR;number;SORS;Registered employment by sex and municipalities of residence (NSTJ) ;A;Normal value
24021105IND01;70424;Vlasotince;00;2021;0;Total;8476;NR;number;SORS;Registered employment by sex and municipalities of residence (NSTJ) ;A;Normal value
24021105IND01;70424;Vlasotince;00;2021;1;Male;4538;NR;number;SORS;Registered employment by sex and municipalities of residence (NSTJ) ;A;Normal value
24021105IND01;70424;Vlasotince;00;2021;2;Female;3938;NR;number;SORS;Registered employment by sex and municipalities of residence (NSTJ) ;A;Normal value
24021105IND01;70424;Vlasotince;00;2020;0;Total;8099;NR;number;SORS;Registered employment by sex and municipalities of residence (NSTJ) ;A;Normal value
24021105IND01;70424;Vlasotince;00;2020;1;Male;4443;NR;number;SORS;Registered employment by sex and municipalities of residence (NSTJ) ;A;Normal value
24021105IND01;70424;Vlasotince;00;2020;2;Female;3656;NR;number;SORS;Registered employment by sex and municipalities of residence (NSTJ) ;A;Normal value
24021105IND01;70424;Vlasotince;00;2019;0;Total;7670;NR;number;SORS;Registered employment by sex and municipalities of residence (NSTJ) ;A;Normal value
24021105IND01;70424;Vlasotince;00;2019;1;Male;4198;NR;number;SORS;Registered employment by sex and municipalities of residence (NSTJ) ;A;Normal value
24021105IND01;70424;Vlasotince;00;2019;2;Female;3472;NR;number;SORS;Registered employment by sex and municipalities of residence (NSTJ) ;A;Normal value
24021105IND01;70424;Vlasotince;00;2018;0;Total;7339;NR;number;SORS;Registered employment by sex and municipalities of residence (NSTJ) ;A;Normal value
24021105IND01;70424;Vlasotince;00;2018;1;Male;3990;NR;number;SORS;Registered employment by sex and municipalities of residence (NSTJ) ;A;Normal value
24021105IND01;70424;Vlasotince;00;2018;2;Female;3349;NR;number;SORS;Registered employment by sex and municipalities of residence (NSTJ) ;A;Normal value
24021105IND01;70424;Vlasotince;00;2017;0;Total;6854;NR;number;SORS;Registered employment by sex and municipalities of residence (NSTJ) ;A;Normal value
24021105IND01;70424;Vlasotince;00;2017;1;Male;3736;NR;number;SORS;Registered employment by sex and municipalities of residence (NSTJ) ;A;Normal value
24021105IND01;70424;Vlasotince;00;2017;2;Female;3118;NR;number;SORS;Registered employment by sex and municipalities of residence (NSTJ) ;A;Normal value
24021105IND01;70424;Vlasotince;00;2016;0;Total;6559;NR;number;SORS;Registered employment by sex and municipalities of residence (NSTJ) ;A;Normal value
24021105IND01;70424;Vlasotince;00;2016;1;Male;3540;NR;number;SORS;Registered employment by sex and municipalities of residence (NSTJ) ;A;Normal value
24021105IND01;70424;Vlasotince;00;2016;2;Female;3019;NR;number;SORS;Registered employment by sex and municipalities of residence (NSTJ) ;A;Normal value
24021105IND01;70432;Vranje;00;2016;0;Total;20795;NR;number;SORS;Registered employment by sex and municipalities of residence (NSTJ) ;A;Normal value
24021105IND01;70432;Vranje;00;2016;1;Male;11306;NR;number;SORS;Registered employment by sex and municipalities of residence (NSTJ) ;A;Normal value
24021105IND01;70432;Vranje;00;2016;2;Female;9489;NR;number;SORS;Registered employment by sex and municipalities of residence (NSTJ) ;A;Normal value
24021105IND01;70432;Vranje;00;2017;0;Total;21176;NR;number;SORS;Registered employment by sex and municipalities of residence (NSTJ) ;A;Normal value
24021105IND01;70432;Vranje;00;2017;1;Male;11434;NR;number;SORS;Registered employment by sex and municipalities of residence (NSTJ) ;A;Normal value
24021105IND01;70432;Vranje;00;2017;2;Female;9743;NR;number;SORS;Registered employment by sex and municipalities of residence (NSTJ) ;A;Normal value
24021105IND01;70432;Vranje;00;2018;0;Total;21925;NR;number;SORS;Registered employment by sex and municipalities of residence (NSTJ) ;A;Normal value
24021105IND01;70432;Vranje;00;2018;1;Male;11780;NR;number;SORS;Registered employment by sex and municipalities of residence (NSTJ) ;A;Normal value
24021105IND01;70432;Vranje;00;2018;2;Female;10145;NR;number;SORS;Registered employment by sex and municipalities of residence (NSTJ) ;A;Normal value
24021105IND01;70432;Vranje;00;2019;0;Total;22002;NR;number;SORS;Registered employment by sex and municipalities of residence (NSTJ) ;A;Normal value
24021105IND01;70432;Vranje;00;2019;1;Male;11799;NR;number;SORS;Registered employment by sex and municipalities of residence (NSTJ) ;A;Normal value
24021105IND01;70432;Vranje;00;2019;2;Female;10203;NR;number;SORS;Registered employment by sex and municipalities of residence (NSTJ) ;A;Normal value
24021105IND01;70432;Vranje;00;2020;0;Total;22432;NR;number;SORS;Registered employment by sex and municipalities of residence (NSTJ) ;A;Normal value
24021105IND01;70432;Vranje;00;2020;1;Male;12009;NR;number;SORS;Registered employment by sex and municipalities of residence (NSTJ) ;A;Normal value
24021105IND01;70432;Vranje;00;2020;2;Female;10423;NR;number;SORS;Registered employment by sex and municipalities of residence (NSTJ) ;A;Normal value
24021105IND01;70432;Vranje;00;2021;0;Total;22503;NR;number;SORS;Registered employment by sex and municipalities of residence (NSTJ) ;A;Normal value
24021105IND01;70432;Vranje;00;2021;1;Male;12030;NR;number;SORS;Registered employment by sex and municipalities of residence (NSTJ) ;A;Normal value
24021105IND01;70432;Vranje;00;2021;2;Female;10474;NR;number;SORS;Registered employment by sex and municipalities of residence (NSTJ) ;A;Normal value
24021105IND01;70432;Vranje;00;2022;0;Total;22753;NR;number;SORS;Registered employment by sex and municipalities of residence (NSTJ) ;A;Normal value
24021105IND01;70432;Vranje;00;2022;1;Male;12043;NR;number;SORS;Registered employment by sex and municipalities of residence (NSTJ) ;A;Normal value
24021105IND01;70432;Vranje;00;2022;2;Female;10709;NR;number;SORS;Registered employment by sex and municipalities of residence (NSTJ) ;A;Normal value
24021105IND01;70432;Vranje;00;2023;0;Total;23153;NR;number;SORS;Registered employment by sex and municipalities of residence (NSTJ) ;A;Normal value
24021105IND01;70432;Vranje;00;2023;1;Male;12028;NR;number;SORS;Registered employment by sex and municipalities of residence (NSTJ) ;A;Normal value
24021105IND01;70432;Vranje;00;2023;2;Female;11125;NR;number;SORS;Registered employment by sex and municipalities of residence (NSTJ) ;A;Normal value
24021105IND01;70432;Vranje;00;2024;0;Total;23262;NR;number;SORS;Registered employment by sex and municipalities of residence (NSTJ) ;A;Normal value
24021105IND01;70432;Vranje;00;2024;1;Male;12128;NR;number;SORS;Registered employment by sex and municipalities of residence (NSTJ) ;A;Normal value
24021105IND01;70432;Vranje;00;2024;2;Female;11134;NR;number;SORS;Registered employment by sex and municipalities of residence (NSTJ) ;A;Normal value
24021105IND01;70432;Vranje;00;2025;0;Total;22926;NR;number;SORS;Registered employment by sex and municipalities of residence (NSTJ) ;A;Normal value
24021105IND01;70432;Vranje;00;2025;1;Male;11949;NR;number;SORS;Registered employment by sex and municipalities of residence (NSTJ) ;A;Normal value
24021105IND01;70432;Vranje;00;2025;2;Female;10978;NR;number;SORS;Registered employment by sex and municipalities of residence (NSTJ) ;A;Normal value
24021105IND01;70459;Vrnjačka Banja;00;2025;0;Total;8651;NR;number;SORS;Registered employment by sex and municipalities of residence (NSTJ) ;A;Normal value
24021105IND01;70459;Vrnjačka Banja;00;2025;1;Male;4426;NR;number;SORS;Registered employment by sex and municipalities of residence (NSTJ) ;A;Normal value
24021105IND01;70459;Vrnjačka Banja;00;2025;2;Female;4226;NR;number;SORS;Registered employment by sex and municipalities of residence (NSTJ) ;A;Normal value
24021105IND01;70459;Vrnjačka Banja;00;2024;0;Total;8598;NR;number;SORS;Registered employment by sex and municipalities of residence (NSTJ) ;A;Normal value
24021105IND01;70459;Vrnjačka Banja;00;2024;1;Male;4394;NR;number;SORS;Registered employment by sex and municipalities of residence (NSTJ) ;A;Normal value
24021105IND01;70459;Vrnjačka Banja;00;2024;2;Female;4204;NR;number;SORS;Registered employment by sex and municipalities of residence (NSTJ) ;A;Normal value
24021105IND01;70459;Vrnjačka Banja;00;2023;0;Total;8569;NR;number;SORS;Registered employment by sex and municipalities of residence (NSTJ) ;A;Normal value
24021105IND01;70459;Vrnjačka Banja;00;2023;1;Male;4421;NR;number;SORS;Registered employment by sex and municipalities of residence (NSTJ) ;A;Normal value
24021105IND01;70459;Vrnjačka Banja;00;2023;2;Female;4148;NR;number;SORS;Registered employment by sex and municipalities of residence (NSTJ) ;A;Normal value
24021105IND01;70459;Vrnjačka Banja;00;2022;0;Total;8375;NR;number;SORS;Registered employment by sex and municipalities of residence (NSTJ) ;A;Normal value
24021105IND01;70459;Vrnjačka Banja;00;2022;1;Male;4345;NR;number;SORS;Registered employment by sex and municipalities of residence (NSTJ) ;A;Normal value
24021105IND01;70459;Vrnjačka Banja;00;2022;2;Female;4030;NR;number;SORS;Registered employment by sex and municipalities of residence (NSTJ) ;A;Normal value
24021105IND01;70459;Vrnjačka Banja;00;2021;0;Total;8132;NR;number;SORS;Registered employment by sex and municipalities of residence (NSTJ) ;A;Normal value
24021105IND01;70459;Vrnjačka Banja;00;2021;1;Male;4265;NR;number;SORS;Registered employment by sex and municipalities of residence (NSTJ) ;A;Normal value
24021105IND01;70459;Vrnjačka Banja;00;2021;2;Female;3867;NR;number;SORS;Registered employment by sex and municipalities of residence (NSTJ) ;A;Normal value
24021105IND01;70459;Vrnjačka Banja;00;2020;0;Total;7767;NR;number;SORS;Registered employment by sex and municipalities of residence (NSTJ) ;A;Normal value
24021105IND01;70459;Vrnjačka Banja;00;2020;1;Male;4094;NR;number;SORS;Registered employment by sex and municipalities of residence (NSTJ) ;A;Normal value
24021105IND01;70459;Vrnjačka Banja;00;2020;2;Female;3673;NR;number;SORS;Registered employment by sex and municipalities of residence (NSTJ) ;A;Normal value
24021105IND01;70459;Vrnjačka Banja;00;2019;0;Total;7613;NR;number;SORS;Registered employment by sex and municipalities of residence (NSTJ) ;A;Normal value
24021105IND01;70459;Vrnjačka Banja;00;2019;1;Male;4022;NR;number;SORS;Registered employment by sex and municipalities of residence (NSTJ) ;A;Normal value
24021105IND01;70459;Vrnjačka Banja;00;2019;2;Female;3591;NR;number;SORS;Registered employment by sex and municipalities of residence (NSTJ) ;A;Normal value
24021105IND01;70459;Vrnjačka Banja;00;2018;0;Total;7371;NR;number;SORS;Registered employment by sex and municipalities of residence (NSTJ) ;A;Normal value
24021105IND01;70459;Vrnjačka Banja;00;2018;1;Male;3889;NR;number;SORS;Registered employment by sex and municipalities of residence (NSTJ) ;A;Normal value
24021105IND01;70459;Vrnjačka Banja;00;2018;2;Female;3482;NR;number;SORS;Registered employment by sex and municipalities of residence (NSTJ) ;A;Normal value
24021105IND01;70459;Vrnjačka Banja;00;2017;0;Total;7076;NR;number;SORS;Registered employment by sex and municipalities of residence (NSTJ) ;A;Normal value
24021105IND01;70459;Vrnjačka Banja;00;2017;1;Male;3775;NR;number;SORS;Registered employment by sex and municipalities of residence (NSTJ) ;A;Normal value
24021105IND01;70459;Vrnjačka Banja;00;2017;2;Female;3301;NR;number;SORS;Registered employment by sex and municipalities of residence (NSTJ) ;A;Normal value
24021105IND01;70459;Vrnjačka Banja;00;2016;0;Total;6853;NR;number;SORS;Registered employment by sex and municipalities of residence (NSTJ) ;A;Normal value
24021105IND01;70459;Vrnjačka Banja;00;2016;1;Male;3697;NR;number;SORS;Registered employment by sex and municipalities of residence (NSTJ) ;A;Normal value
24021105IND01;70459;Vrnjačka Banja;00;2016;2;Female;3156;NR;number;SORS;Registered employment by sex and municipalities of residence (NSTJ) ;A;Normal value
24021105IND01;70467;Gadžin Han;00;2016;0;Total;1502;NR;number;SORS;Registered employment by sex and municipalities of residence (NSTJ) ;A;Normal value
24021105IND01;70467;Gadžin Han;00;2016;1;Male;1015;NR;number;SORS;Registered employment by sex and municipalities of residence (NSTJ) ;A;Normal value
24021105IND01;70467;Gadžin Han;00;2016;2;Female;486;NR;number;SORS;Registered employment by sex and municipalities of residence (NSTJ) ;A;Normal value
24021105IND01;70467;Gadžin Han;00;2017;0;Total;1529;NR;number;SORS;Registered employment by sex and municipalities of residence (NSTJ) ;A;Normal value
24021105IND01;70467;Gadžin Han;00;2017;1;Male;1034;NR;number;SORS;Registered employment by sex and municipalities of residence (NSTJ) ;A;Normal value
24021105IND01;70467;Gadžin Han;00;2017;2;Female;495;NR;number;SORS;Registered employment by sex and municipalities of residence (NSTJ) ;A;Normal value
24021105IND01;70467;Gadžin Han;00;2018;0;Total;1588;NR;number;SORS;Registered employment by sex and municipalities of residence (NSTJ) ;A;Normal value
24021105IND01;70467;Gadžin Han;00;2018;1;Male;1063;NR;number;SORS;Registered employment by sex and municipalities of residence (NSTJ) ;A;Normal value
24021105IND01;70467;Gadžin Han;00;2018;2;Female;526;NR;number;SORS;Registered employment by sex and municipalities of residence (NSTJ) ;A;Normal value
24021105IND01;70467;Gadžin Han;00;2019;0;Total;1647;NR;number;SORS;Registered employment by sex and municipalities of residence (NSTJ) ;A;Normal value
24021105IND01;70467;Gadžin Han;00;2019;1;Male;1094;NR;number;SORS;Registered employment by sex and municipalities of residence (NSTJ) ;A;Normal value
24021105IND01;70467;Gadžin Han;00;2019;2;Female;553;NR;number;SORS;Registered employment by sex and municipalities of residence (NSTJ) ;A;Normal value
24021105IND01;70467;Gadžin Han;00;2020;0;Total;1672;NR;number;SORS;Registered employment by sex and municipalities of residence (NSTJ) ;A;Normal value
24021105IND01;70467;Gadžin Han;00;2020;1;Male;1093;NR;number;SORS;Registered employment by sex and municipalities of residence (NSTJ) ;A;Normal value
24021105IND01;70467;Gadžin Han;00;2020;2;Female;579;NR;number;SORS;Registered employment by sex and municipalities of residence (NSTJ) ;A;Normal value
24021105IND01;70467;Gadžin Han;00;2021;0;Total;1699;NR;number;SORS;Registered employment by sex and municipalities of residence (NSTJ) ;A;Normal value
24021105IND01;70467;Gadžin Han;00;2021;1;Male;1104;NR;number;SORS;Registered employment by sex and municipalities of residence (NSTJ) ;A;Normal value
24021105IND01;70467;Gadžin Han;00;2021;2;Female;595;NR;number;SORS;Registered employment by sex and municipalities of residence (NSTJ) ;A;Normal value
24021105IND01;70467;Gadžin Han;00;2022;0;Total;1709;NR;number;SORS;Registered employment by sex and municipalities of residence (NSTJ) ;A;Normal value
24021105IND01;70467;Gadžin Han;00;2022;1;Male;1089;NR;number;SORS;Registered employment by sex and municipalities of residence (NSTJ) ;A;Normal value
24021105IND01;70467;Gadžin Han;00;2022;2;Female;620;NR;number;SORS;Registered employment by sex and municipalities of residence (NSTJ) ;A;Normal value
24021105IND01;70467;Gadžin Han;00;2023;0;Total;1716;NR;number;SORS;Registered employment by sex and municipalities of residence (NSTJ) ;A;Normal value
24021105IND01;70467;Gadžin Han;00;2023;1;Male;1084;NR;number;SORS;Registered employment by sex and municipalities of residence (NSTJ) ;A;Normal value
24021105IND01;70467;Gadžin Han;00;2023;2;Female;632;NR;number;SORS;Registered employment by sex and municipalities of residence (NSTJ) ;A;Normal value
24021105IND01;70467;Gadžin Han;00;2024;0;Total;1720;NR;number;SORS;Registered employment by sex and municipalities of residence (NSTJ) ;A;Normal value
24021105IND01;70467;Gadžin Han;00;2024;1;Male;1074;NR;number;SORS;Registered employment by sex and municipalities of residence (NSTJ) ;A;Normal value
24021105IND01;70467;Gadžin Han;00;2024;2;Female;646;NR;number;SORS;Registered employment by sex and municipalities of residence (NSTJ) ;A;Normal value
24021105IND01;70467;Gadžin Han;00;2025;0;Total;1686;NR;number;SORS;Registered employment by sex and municipalities of residence (NSTJ) ;A;Normal value
24021105IND01;70467;Gadžin Han;00;2025;1;Male;1050;NR;number;SORS;Registered employment by sex and municipalities of residence (NSTJ) ;A;Normal value
24021105IND01;70467;Gadžin Han;00;2025;2;Female;636;NR;number;SORS;Registered employment by sex and municipalities of residence (NSTJ) ;A;Normal value
24021105IND01;70475;Golubac;00;2025;0;Total;1822;NR;number;SORS;Registered employment by sex and municipalities of residence (NSTJ) ;A;Normal value
24021105IND01;70475;Golubac;00;2025;1;Male;1053;NR;number;SORS;Registered employment by sex and municipalities of residence (NSTJ) ;A;Normal value
24021105IND01;70475;Golubac;00;2025;2;Female;769;NR;number;SORS;Registered employment by sex and municipalities of residence (NSTJ) ;A;Normal value
24021105IND01;70475;Golubac;00;2024;0;Total;1859;NR;number;SORS;Registered employment by sex and municipalities of residence (NSTJ) ;A;Normal value
24021105IND01;70475;Golubac;00;2024;1;Male;1093;NR;number;SORS;Registered employment by sex and municipalities of residence (NSTJ) ;A;Normal value
24021105IND01;70475;Golubac;00;2024;2;Female;766;NR;number;SORS;Registered employment by sex and municipalities of residence (NSTJ) ;A;Normal value
24021105IND01;70475;Golubac;00;2023;0;Total;1869;NR;number;SORS;Registered employment by sex and municipalities of residence (NSTJ) ;A;Normal value
24021105IND01;70475;Golubac;00;2023;1;Male;1097;NR;number;SORS;Registered employment by sex and municipalities of residence (NSTJ) ;A;Normal value
24021105IND01;70475;Golubac;00;2023;2;Female;772;NR;number;SORS;Registered employment by sex and municipalities of residence (NSTJ) ;A;Normal value
24021105IND01;70475;Golubac;00;2022;0;Total;1833;NR;number;SORS;Registered employment by sex and municipalities of residence (NSTJ) ;A;Normal value
24021105IND01;70475;Golubac;00;2022;1;Male;1086;NR;number;SORS;Registered employment by sex and municipalities of residence (NSTJ) ;A;Normal value
24021105IND01;70475;Golubac;00;2022;2;Female;747;NR;number;SORS;Registered employment by sex and municipalities of residence (NSTJ) ;A;Normal value
24021105IND01;70475;Golubac;00;2021;0;Total;1790;NR;number;SORS;Registered employment by sex and municipalities of residence (NSTJ) ;A;Normal value
24021105IND01;70475;Golubac;00;2021;1;Male;1081;NR;number;SORS;Registered employment by sex and municipalities of residence (NSTJ) ;A;Normal value
24021105IND01;70475;Golubac;00;2021;2;Female;709;NR;number;SORS;Registered employment by sex and municipalities of residence (NSTJ) ;A;Normal value
24021105IND01;70475;Golubac;00;2020;0;Total;1810;NR;number;SORS;Registered employment by sex and municipalities of residence (NSTJ) ;A;Normal value
24021105IND01;70475;Golubac;00;2020;1;Male;1087;NR;number;SORS;Registered employment by sex and municipalities of residence (NSTJ) ;A;Normal value
24021105IND01;70475;Golubac;00;2020;2;Female;723;NR;number;SORS;Registered employment by sex and municipalities of residence (NSTJ) ;A;Normal value
24021105IND01;70475;Golubac;00;2019;0;Total;1728;NR;number;SORS;Registered employment by sex and municipalities of residence (NSTJ) ;A;Normal value
24021105IND01;70475;Golubac;00;2019;1;Male;1036;NR;number;SORS;Registered employment by sex and municipalities of residence (NSTJ) ;A;Normal value
24021105IND01;70475;Golubac;00;2019;2;Female;692;NR;number;SORS;Registered employment by sex and municipalities of residence (NSTJ) ;A;Normal value
24021105IND01;70475;Golubac;00;2018;0;Total;1684;NR;number;SORS;Registered employment by sex and municipalities of residence (NSTJ) ;A;Normal value
24021105IND01;70475;Golubac;00;2018;1;Male;997;NR;number;SORS;Registered employment by sex and municipalities of residence (NSTJ) ;A;Normal value
24021105IND01;70475;Golubac;00;2018;2;Female;687;NR;number;SORS;Registered employment by sex and municipalities of residence (NSTJ) ;A;Normal value
24021105IND01;70475;Golubac;00;2017;0;Total;1661;NR;number;SORS;Registered employment by sex and municipalities of residence (NSTJ) ;A;Normal value
24021105IND01;70475;Golubac;00;2017;1;Male;986;NR;number;SORS;Registered employment by sex and municipalities of residence (NSTJ) ;A;Normal value
24021105IND01;70475;Golubac;00;2017;2;Female;675;NR;number;SORS;Registered employment by sex and municipalities of residence (NSTJ) ;A;Normal value
24021105IND01;70475;Golubac;00;2016;0;Total;1676;NR;number;SORS;Registered employment by sex and municipalities of residence (NSTJ) ;A;Normal value
24021105IND01;70475;Golubac;00;2016;1;Male;1010;NR;number;SORS;Registered employment by sex and municipalities of residence (NSTJ) ;A;Normal value
24021105IND01;70475;Golubac;00;2016;2;Female;666;NR;number;SORS;Registered employment by sex and municipalities of residence (NSTJ) ;A;Normal value
24021105IND01;70483;Gornji Milanovac;00;2016;0;Total;12845;NR;number;SORS;Registered employment by sex and municipalities of residence (NSTJ) ;A;Normal value
24021105IND01;70483;Gornji Milanovac;00;2016;1;Male;7445;NR;number;SORS;Registered employment by sex and municipalities of residence (NSTJ) ;A;Normal value
24021105IND01;70483;Gornji Milanovac;00;2016;2;Female;5400;NR;number;SORS;Registered employment by sex and municipalities of residence (NSTJ) ;A;Normal value
24021105IND01;70483;Gornji Milanovac;00;2017;0;Total;12886;NR;number;SORS;Registered employment by sex and municipalities of residence (NSTJ) ;A;Normal value
24021105IND01;70483;Gornji Milanovac;00;2017;1;Male;7391;NR;number;SORS;Registered employment by sex and municipalities of residence (NSTJ) ;A;Normal value
24021105IND01;70483;Gornji Milanovac;00;2017;2;Female;5495;NR;number;SORS;Registered employment by sex and municipalities of residence (NSTJ) ;A;Normal value
24021105IND01;70483;Gornji Milanovac;00;2018;0;Total;13202;NR;number;SORS;Registered employment by sex and municipalities of residence (NSTJ) ;A;Normal value
24021105IND01;70483;Gornji Milanovac;00;2018;1;Male;7517;NR;number;SORS;Registered employment by sex and municipalities of residence (NSTJ) ;A;Normal value
24021105IND01;70483;Gornji Milanovac;00;2018;2;Female;5686;NR;number;SORS;Registered employment by sex and municipalities of residence (NSTJ) ;A;Normal value
24021105IND01;70483;Gornji Milanovac;00;2019;0;Total;13297;NR;number;SORS;Registered employment by sex and municipalities of residence (NSTJ) ;A;Normal value
24021105IND01;70483;Gornji Milanovac;00;2019;1;Male;7569;NR;number;SORS;Registered employment by sex and municipalities of residence (NSTJ) ;A;Normal value
24021105IND01;70483;Gornji Milanovac;00;2019;2;Female;5728;NR;number;SORS;Registered employment by sex and municipalities of residence (NSTJ) ;A;Normal value
24021105IND01;70483;Gornji Milanovac;00;2020;0;Total;13581;NR;number;SORS;Registered employment by sex and municipalities of residence (NSTJ) ;A;Normal value
24021105IND01;70483;Gornji Milanovac;00;2020;1;Male;7640;NR;number;SORS;Registered employment by sex and municipalities of residence (NSTJ) ;A;Normal value
24021105IND01;70483;Gornji Milanovac;00;2020;2;Female;5941;NR;number;SORS;Registered employment by sex and municipalities of residence (NSTJ) ;A;Normal value
24021105IND01;70483;Gornji Milanovac;00;2021;0;Total;13794;NR;number;SORS;Registered employment by sex and municipalities of residence (NSTJ) ;A;Normal value
24021105IND01;70483;Gornji Milanovac;00;2021;1;Male;7704;NR;number;SORS;Registered employment by sex and municipalities of residence (NSTJ) ;A;Normal value
24021105IND01;70483;Gornji Milanovac;00;2021;2;Female;6090;NR;number;SORS;Registered employment by sex and municipalities of residence (NSTJ) ;A;Normal value
24021105IND01;70483;Gornji Milanovac;00;2022;0;Total;13952;NR;number;SORS;Registered employment by sex and municipalities of residence (NSTJ) ;A;Normal value
24021105IND01;70483;Gornji Milanovac;00;2022;1;Male;7771;NR;number;SORS;Registered employment by sex and municipalities of residence (NSTJ) ;A;Normal value
24021105IND01;70483;Gornji Milanovac;00;2022;2;Female;6181;NR;number;SORS;Registered employment by sex and municipalities of residence (NSTJ) ;A;Normal value
24021105IND01;70483;Gornji Milanovac;00;2023;0;Total;13992;NR;number;SORS;Registered employment by sex and municipalities of residence (NSTJ) ;A;Normal value
24021105IND01;70483;Gornji Milanovac;00;2023;1;Male;7745;NR;number;SORS;Registered employment by sex and municipalities of residence (NSTJ) ;A;Normal value
24021105IND01;70483;Gornji Milanovac;00;2023;2;Female;6247;NR;number;SORS;Registered employment by sex and municipalities of residence (NSTJ) ;A;Normal value
24021105IND01;70483;Gornji Milanovac;00;2024;0;Total;13978;NR;number;SORS;Registered employment by sex and municipalities of residence (NSTJ) ;A;Normal value
24021105IND01;70483;Gornji Milanovac;00;2024;1;Male;7656;NR;number;SORS;Registered employment by sex and municipalities of residence (NSTJ) ;A;Normal value
24021105IND01;70483;Gornji Milanovac;00;2024;2;Female;6322;NR;number;SORS;Registered employment by sex and municipalities of residence (NSTJ) ;A;Normal value
24021105IND01;70483;Gornji Milanovac;00;2025;0;Total;13836;NR;number;SORS;Registered employment by sex and municipalities of residence (NSTJ) ;A;Normal value
24021105IND01;70483;Gornji Milanovac;00;2025;1;Male;7564;NR;number;SORS;Registered employment by sex and municipalities of residence (NSTJ) ;A;Normal value
24021105IND01;70483;Gornji Milanovac;00;2025;2;Female;6271;NR;number;SORS;Registered employment by sex and municipalities of residence (NSTJ) ;A;Normal value
24021105IND01;70491;Despotovac;00;2025;0;Total;4722;NR;number;SORS;Registered employment by sex and municipalities of residence (NSTJ) ;A;Normal value
24021105IND01;70491;Despotovac;00;2025;1;Male;2776;NR;number;SORS;Registered employment by sex and municipalities of residence (NSTJ) ;A;Normal value
24021105IND01;70491;Despotovac;00;2025;2;Female;1946;NR;number;SORS;Registered employment by sex and municipalities of residence (NSTJ) ;A;Normal value
24021105IND01;70491;Despotovac;00;2024;0;Total;4795;NR;number;SORS;Registered employment by sex and municipalities of residence (NSTJ) ;A;Normal value
24021105IND01;70491;Despotovac;00;2024;1;Male;2853;NR;number;SORS;Registered employment by sex and municipalities of residence (NSTJ) ;A;Normal value
24021105IND01;70491;Despotovac;00;2024;2;Female;1943;NR;number;SORS;Registered employment by sex and municipalities of residence (NSTJ) ;A;Normal value
24021105IND01;70491;Despotovac;00;2023;0;Total;4823;NR;number;SORS;Registered employment by sex and municipalities of residence (NSTJ) ;A;Normal value
24021105IND01;70491;Despotovac;00;2023;1;Male;2896;NR;number;SORS;Registered employment by sex and municipalities of residence (NSTJ) ;A;Normal value
24021105IND01;70491;Despotovac;00;2023;2;Female;1927;NR;number;SORS;Registered employment by sex and municipalities of residence (NSTJ) ;A;Normal value
24021105IND01;70491;Despotovac;00;2022;0;Total;4836;NR;number;SORS;Registered employment by sex and municipalities of residence (NSTJ) ;A;Normal value
24021105IND01;70491;Despotovac;00;2022;1;Male;2942;NR;number;SORS;Registered employment by sex and municipalities of residence (NSTJ) ;A;Normal value
24021105IND01;70491;Despotovac;00;2022;2;Female;1894;NR;number;SORS;Registered employment by sex and municipalities of residence (NSTJ) ;A;Normal value
24021105IND01;70491;Despotovac;00;2021;0;Total;4821;NR;number;SORS;Registered employment by sex and municipalities of residence (NSTJ) ;A;Normal value
24021105IND01;70491;Despotovac;00;2021;1;Male;2959;NR;number;SORS;Registered employment by sex and municipalities of residence (NSTJ) ;A;Normal value
24021105IND01;70491;Despotovac;00;2021;2;Female;1862;NR;number;SORS;Registered employment by sex and municipalities of residence (NSTJ) ;A;Normal value
24021105IND01;70491;Despotovac;00;2020;0;Total;4793;NR;number;SORS;Registered employment by sex and municipalities of residence (NSTJ) ;A;Normal value
24021105IND01;70491;Despotovac;00;2020;1;Male;2946;NR;number;SORS;Registered employment by sex and municipalities of residence (NSTJ) ;A;Normal value
24021105IND01;70491;Despotovac;00;2020;2;Female;1847;NR;number;SORS;Registered employment by sex and municipalities of residence (NSTJ) ;A;Normal value
24021105IND01;70491;Despotovac;00;2019;0;Total;4770;NR;number;SORS;Registered employment by sex and municipalities of residence (NSTJ) ;A;Normal value
24021105IND01;70491;Despotovac;00;2019;1;Male;2961;NR;number;SORS;Registered employment by sex and municipalities of residence (NSTJ) ;A;Normal value
24021105IND01;70491;Despotovac;00;2019;2;Female;1809;NR;number;SORS;Registered employment by sex and municipalities of residence (NSTJ) ;A;Normal value
24021105IND01;70491;Despotovac;00;2018;0;Total;4800;NR;number;SORS;Registered employment by sex and municipalities of residence (NSTJ) ;A;Normal value
24021105IND01;70491;Despotovac;00;2018;1;Male;3034;NR;number;SORS;Registered employment by sex and municipalities of residence (NSTJ) ;A;Normal value
24021105IND01;70491;Despotovac;00;2018;2;Female;1766;NR;number;SORS;Registered employment by sex and municipalities of residence (NSTJ) ;A;Normal value
24021105IND01;70491;Despotovac;00;2017;0;Total;4818;NR;number;SORS;Registered employment by sex and municipalities of residence (NSTJ) ;A;Normal value
24021105IND01;70491;Despotovac;00;2017;1;Male;3082;NR;number;SORS;Registered employment by sex and municipalities of residence (NSTJ) ;A;Normal value
24021105IND01;70491;Despotovac;00;2017;2;Female;1736;NR;number;SORS;Registered employment by sex and municipalities of residence (NSTJ) ;A;Normal value
24021105IND01;70491;Despotovac;00;2016;0;Total;4847;NR;number;SORS;Registered employment by sex and municipalities of residence (NSTJ) ;A;Normal value
24021105IND01;70491;Despotovac;00;2016;1;Male;3111;NR;number;SORS;Registered employment by sex and municipalities of residence (NSTJ) ;A;Normal value
24021105IND01;70491;Despotovac;00;2016;2;Female;1735;NR;number;SORS;Registered employment by sex and municipalities of residence (NSTJ) ;A;Normal value
24021105IND01;70505;Dimitrovgrad;00;2016;0;Total;2514;NR;number;SORS;Registered employment by sex and municipalities of residence (NSTJ) ;A;Normal value
24021105IND01;70505;Dimitrovgrad;00;2016;1;Male;1495;NR;number;SORS;Registered employment by sex and municipalities of residence (NSTJ) ;A;Normal value
24021105IND01;70505;Dimitrovgrad;00;2016;2;Female;1019;NR;number;SORS;Registered employment by sex and municipalities of residence (NSTJ) ;A;Normal value
24021105IND01;70505;Dimitrovgrad;00;2017;0;Total;2479;NR;number;SORS;Registered employment by sex and municipalities of residence (NSTJ) ;A;Normal value
24021105IND01;70505;Dimitrovgrad;00;2017;1;Male;1428;NR;number;SORS;Registered employment by sex and municipalities of residence (NSTJ) ;A;Normal value
24021105IND01;70505;Dimitrovgrad;00;2017;2;Female;1051;NR;number;SORS;Registered employment by sex and municipalities of residence (NSTJ) ;A;Normal value
24021105IND01;70505;Dimitrovgrad;00;2018;0;Total;2431;NR;number;SORS;Registered employment by sex and municipalities of residence (NSTJ) ;A;Normal value
24021105IND01;70505;Dimitrovgrad;00;2018;1;Male;1386;NR;number;SORS;Registered employment by sex and municipalities of residence (NSTJ) ;A;Normal value
24021105IND01;70505;Dimitrovgrad;00;2018;2;Female;1045;NR;number;SORS;Registered employment by sex and municipalities of residence (NSTJ) ;A;Normal value
24021105IND01;70505;Dimitrovgrad;00;2019;0;Total;2424;NR;number;SORS;Registered employment by sex and municipalities of residence (NSTJ) ;A;Normal value
24021105IND01;70505;Dimitrovgrad;00;2019;1;Male;1384;NR;number;SORS;Registered employment by sex and municipalities of residence (NSTJ) ;A;Normal value
24021105IND01;70505;Dimitrovgrad;00;2019;2;Female;1040;NR;number;SORS;Registered employment by sex and municipalities of residence (NSTJ) ;A;Normal value
24021105IND01;70505;Dimitrovgrad;00;2020;0;Total;2371;NR;number;SORS;Registered employment by sex and municipalities of residence (NSTJ) ;A;Normal value
24021105IND01;70505;Dimitrovgrad;00;2020;1;Male;1331;NR;number;SORS;Registered employment by sex and municipalities of residence (NSTJ) ;A;Normal value
24021105IND01;70505;Dimitrovgrad;00;2020;2;Female;1041;NR;number;SORS;Registered employment by sex and municipalities of residence (NSTJ) ;A;Normal value
24021105IND01;70505;Dimitrovgrad;00;2021;0;Total;2319;NR;number;SORS;Registered employment by sex and municipalities of residence (NSTJ) ;A;Normal value
24021105IND01;70505;Dimitrovgrad;00;2021;1;Male;1303;NR;number;SORS;Registered employment by sex and municipalities of residence (NSTJ) ;A;Normal value
24021105IND01;70505;Dimitrovgrad;00;2021;2;Female;1015;NR;number;SORS;Registered employment by sex and municipalities of residence (NSTJ) ;A;Normal value
24021105IND01;70505;Dimitrovgrad;00;2022;0;Total;2283;NR;number;SORS;Registered employment by sex and municipalities of residence (NSTJ) ;A;Normal value
24021105IND01;70505;Dimitrovgrad;00;2022;1;Male;1268;NR;number;SORS;Registered employment by sex and municipalities of residence (NSTJ) ;A;Normal value
24021105IND01;70505;Dimitrovgrad;00;2022;2;Female;1015;NR;number;SORS;Registered employment by sex and municipalities of residence (NSTJ) ;A;Normal value
24021105IND01;70505;Dimitrovgrad;00;2023;0;Total;2255;NR;number;SORS;Registered employment by sex and municipalities of residence (NSTJ) ;A;Normal value
24021105IND01;70505;Dimitrovgrad;00;2023;1;Male;1221;NR;number;SORS;Registered employment by sex and municipalities of residence (NSTJ) ;A;Normal value
24021105IND01;70505;Dimitrovgrad;00;2023;2;Female;1035;NR;number;SORS;Registered employment by sex and municipalities of residence (NSTJ) ;A;Normal value
24021105IND01;70505;Dimitrovgrad;00;2024;0;Total;2194;NR;number;SORS;Registered employment by sex and municipalities of residence (NSTJ) ;A;Normal value
24021105IND01;70505;Dimitrovgrad;00;2024;1;Male;1163;NR;number;SORS;Registered employment by sex and municipalities of residence (NSTJ) ;A;Normal value
24021105IND01;70505;Dimitrovgrad;00;2024;2;Female;1030;NR;number;SORS;Registered employment by sex and municipalities of residence (NSTJ) ;A;Normal value
24021105IND01;70505;Dimitrovgrad;00;2025;0;Total;2125;NR;number;SORS;Registered employment by sex and municipalities of residence (NSTJ) ;A;Normal value
24021105IND01;70505;Dimitrovgrad;00;2025;1;Male;1107;NR;number;SORS;Registered employment by sex and municipalities of residence (NSTJ) ;A;Normal value
24021105IND01;70505;Dimitrovgrad;00;2025;2;Female;1017;NR;number;SORS;Registered employment by sex and municipalities of residence (NSTJ) ;A;Normal value
24021105IND01;70513;Doljevac;00;2025;0;Total;4925;NR;number;SORS;Registered employment by sex and municipalities of residence (NSTJ) ;A;Normal value
24021105IND01;70513;Doljevac;00;2025;1;Male;2760;NR;number;SORS;Registered employment by sex and municipalities of residence (NSTJ) ;A;Normal value
24021105IND01;70513;Doljevac;00;2025;2;Female;2165;NR;number;SORS;Registered employment by sex and municipalities of residence (NSTJ) ;A;Normal value
24021105IND01;70513;Doljevac;00;2024;0;Total;5135;NR;number;SORS;Registered employment by sex and municipalities of residence (NSTJ) ;A;Normal value
24021105IND01;70513;Doljevac;00;2024;1;Male;2869;NR;number;SORS;Registered employment by sex and municipalities of residence (NSTJ) ;A;Normal value
24021105IND01;70513;Doljevac;00;2024;2;Female;2265;NR;number;SORS;Registered employment by sex and municipalities of residence (NSTJ) ;A;Normal value
24021105IND01;70513;Doljevac;00;2023;0;Total;5116;NR;number;SORS;Registered employment by sex and municipalities of residence (NSTJ) ;A;Normal value
24021105IND01;70513;Doljevac;00;2023;1;Male;2879;NR;number;SORS;Registered employment by sex and municipalities of residence (NSTJ) ;A;Normal value
24021105IND01;70513;Doljevac;00;2023;2;Female;2237;NR;number;SORS;Registered employment by sex and municipalities of residence (NSTJ) ;A;Normal value
24021105IND01;70513;Doljevac;00;2022;0;Total;5077;NR;number;SORS;Registered employment by sex and municipalities of residence (NSTJ) ;A;Normal value
24021105IND01;70513;Doljevac;00;2022;1;Male;2869;NR;number;SORS;Registered employment by sex and municipalities of residence (NSTJ) ;A;Normal value
24021105IND01;70513;Doljevac;00;2022;2;Female;2208;NR;number;SORS;Registered employment by sex and municipalities of residence (NSTJ) ;A;Normal value
24021105IND01;70513;Doljevac;00;2021;0;Total;5024;NR;number;SORS;Registered employment by sex and municipalities of residence (NSTJ) ;A;Normal value
24021105IND01;70513;Doljevac;00;2021;1;Male;2885;NR;number;SORS;Registered employment by sex and municipalities of residence (NSTJ) ;A;Normal value
24021105IND01;70513;Doljevac;00;2021;2;Female;2139;NR;number;SORS;Registered employment by sex and municipalities of residence (NSTJ) ;A;Normal value
24021105IND01;70513;Doljevac;00;2020;0;Total;4805;NR;number;SORS;Registered employment by sex and municipalities of residence (NSTJ) ;A;Normal value
24021105IND01;70513;Doljevac;00;2020;1;Male;2785;NR;number;SORS;Registered employment by sex and municipalities of residence (NSTJ) ;A;Normal value
24021105IND01;70513;Doljevac;00;2020;2;Female;2020;NR;number;SORS;Registered employment by sex and municipalities of residence (NSTJ) ;A;Normal value
24021105IND01;70513;Doljevac;00;2019;0;Total;4576;NR;number;SORS;Registered employment by sex and municipalities of residence (NSTJ) ;A;Normal value
24021105IND01;70513;Doljevac;00;2019;1;Male;2650;NR;number;SORS;Registered employment by sex and municipalities of residence (NSTJ) ;A;Normal value
24021105IND01;70513;Doljevac;00;2019;2;Female;1925;NR;number;SORS;Registered employment by sex and municipalities of residence (NSTJ) ;A;Normal value
24021105IND01;70513;Doljevac;00;2018;0;Total;4448;NR;number;SORS;Registered employment by sex and municipalities of residence (NSTJ) ;A;Normal value
24021105IND01;70513;Doljevac;00;2018;1;Male;2560;NR;number;SORS;Registered employment by sex and municipalities of residence (NSTJ) ;A;Normal value
24021105IND01;70513;Doljevac;00;2018;2;Female;1888;NR;number;SORS;Registered employment by sex and municipalities of residence (NSTJ) ;A;Normal value
24021105IND01;70513;Doljevac;00;2017;0;Total;4267;NR;number;SORS;Registered employment by sex and municipalities of residence (NSTJ) ;A;Normal value
24021105IND01;70513;Doljevac;00;2017;1;Male;2492;NR;number;SORS;Registered employment by sex and municipalities of residence (NSTJ) ;A;Normal value
24021105IND01;70513;Doljevac;00;2017;2;Female;1774;NR;number;SORS;Registered employment by sex and municipalities of residence (NSTJ) ;A;Normal value
24021105IND01;70513;Doljevac;00;2016;0;Total;4036;NR;number;SORS;Registered employment by sex and municipalities of residence (NSTJ) ;A;Normal value
24021105IND01;70513;Doljevac;00;2016;1;Male;2393;NR;number;SORS;Registered employment by sex and municipalities of residence (NSTJ) ;A;Normal value
24021105IND01;70513;Doljevac;00;2016;2;Female;1642;NR;number;SORS;Registered employment by sex and municipalities of residence (NSTJ) ;A;Normal value
24021105IND01;70521;Žabari;00;2016;0;Total;1702;NR;number;SORS;Registered employment by sex and municipalities of residence (NSTJ) ;A;Normal value
24021105IND01;70521;Žabari;00;2016;1;Male;1120;NR;number;SORS;Registered employment by sex and municipalities of residence (NSTJ) ;A;Normal value
24021105IND01;70521;Žabari;00;2016;2;Female;582;NR;number;SORS;Registered employment by sex and municipalities of residence (NSTJ) ;A;Normal value
24021105IND01;70521;Žabari;00;2017;0;Total;1732;NR;number;SORS;Registered employment by sex and municipalities of residence (NSTJ) ;A;Normal value
24021105IND01;70521;Žabari;00;2017;1;Male;1126;NR;number;SORS;Registered employment by sex and municipalities of residence (NSTJ) ;A;Normal value
24021105IND01;70521;Žabari;00;2017;2;Female;606;NR;number;SORS;Registered employment by sex and municipalities of residence (NSTJ) ;A;Normal value
24021105IND01;70521;Žabari;00;2018;0;Total;1764;NR;number;SORS;Registered employment by sex and municipalities of residence (NSTJ) ;A;Normal value
24021105IND01;70521;Žabari;00;2018;1;Male;1127;NR;number;SORS;Registered employment by sex and municipalities of residence (NSTJ) ;A;Normal value
24021105IND01;70521;Žabari;00;2018;2;Female;637;NR;number;SORS;Registered employment by sex and municipalities of residence (NSTJ) ;A;Normal value
24021105IND01;70521;Žabari;00;2019;0;Total;1800;NR;number;SORS;Registered employment by sex and municipalities of residence (NSTJ) ;A;Normal value
24021105IND01;70521;Žabari;00;2019;1;Male;1150;NR;number;SORS;Registered employment by sex and municipalities of residence (NSTJ) ;A;Normal value
24021105IND01;70521;Žabari;00;2019;2;Female;650;NR;number;SORS;Registered employment by sex and municipalities of residence (NSTJ) ;A;Normal value
24021105IND01;70521;Žabari;00;2020;0;Total;1845;NR;number;SORS;Registered employment by sex and municipalities of residence (NSTJ) ;A;Normal value
24021105IND01;70521;Žabari;00;2020;1;Male;1179;NR;number;SORS;Registered employment by sex and municipalities of residence (NSTJ) ;A;Normal value
24021105IND01;70521;Žabari;00;2020;2;Female;666;NR;number;SORS;Registered employment by sex and municipalities of residence (NSTJ) ;A;Normal value
24021105IND01;70521;Žabari;00;2021;0;Total;1879;NR;number;SORS;Registered employment by sex and municipalities of residence (NSTJ) ;A;Normal value
24021105IND01;70521;Žabari;00;2021;1;Male;1183;NR;number;SORS;Registered employment by sex and municipalities of residence (NSTJ) ;A;Normal value
24021105IND01;70521;Žabari;00;2021;2;Female;695;NR;number;SORS;Registered employment by sex and municipalities of residence (NSTJ) ;A;Normal value
24021105IND01;70521;Žabari;00;2022;0;Total;1917;NR;number;SORS;Registered employment by sex and municipalities of residence (NSTJ) ;A;Normal value
24021105IND01;70521;Žabari;00;2022;1;Male;1189;NR;number;SORS;Registered employment by sex and municipalities of residence (NSTJ) ;A;Normal value
24021105IND01;70521;Žabari;00;2022;2;Female;728;NR;number;SORS;Registered employment by sex and municipalities of residence (NSTJ) ;A;Normal value
24021105IND01;70521;Žabari;00;2023;0;Total;1953;NR;number;SORS;Registered employment by sex and municipalities of residence (NSTJ) ;A;Normal value
24021105IND01;70521;Žabari;00;2023;1;Male;1206;NR;number;SORS;Registered employment by sex and municipalities of residence (NSTJ) ;A;Normal value
24021105IND01;70521;Žabari;00;2023;2;Female;747;NR;number;SORS;Registered employment by sex and municipalities of residence (NSTJ) ;A;Normal value
24021105IND01;70521;Žabari;00;2024;0;Total;1909;NR;number;SORS;Registered employment by sex and municipalities of residence (NSTJ) ;A;Normal value
24021105IND01;70521;Žabari;00;2024;1;Male;1181;NR;number;SORS;Registered employment by sex and municipalities of residence (NSTJ) ;A;Normal value
24021105IND01;70521;Žabari;00;2024;2;Female;728;NR;number;SORS;Registered employment by sex and municipalities of residence (NSTJ) ;A;Normal value
24021105IND01;70521;Žabari;00;2025;0;Total;1880;NR;number;SORS;Registered employment by sex and municipalities of residence (NSTJ) ;A;Normal value
24021105IND01;70521;Žabari;00;2025;1;Male;1174;NR;number;SORS;Registered employment by sex and municipalities of residence (NSTJ) ;A;Normal value
24021105IND01;70521;Žabari;00;2025;2;Female;707;NR;number;SORS;Registered employment by sex and municipalities of residence (NSTJ) ;A;Normal value
24021105IND01;70530;Žagubica;00;2025;0;Total;2307;NR;number;SORS;Registered employment by sex and municipalities of residence (NSTJ) ;A;Normal value
24021105IND01;70530;Žagubica;00;2025;1;Male;1449;NR;number;SORS;Registered employment by sex and municipalities of residence (NSTJ) ;A;Normal value
24021105IND01;70530;Žagubica;00;2025;2;Female;858;NR;number;SORS;Registered employment by sex and municipalities of residence (NSTJ) ;A;Normal value
24021105IND01;70530;Žagubica;00;2024;0;Total;2343;NR;number;SORS;Registered employment by sex and municipalities of residence (NSTJ) ;A;Normal value
24021105IND01;70530;Žagubica;00;2024;1;Male;1480;NR;number;SORS;Registered employment by sex and municipalities of residence (NSTJ) ;A;Normal value
24021105IND01;70530;Žagubica;00;2024;2;Female;863;NR;number;SORS;Registered employment by sex and municipalities of residence (NSTJ) ;A;Normal value
24021105IND01;70530;Žagubica;00;2023;0;Total;2345;NR;number;SORS;Registered employment by sex and municipalities of residence (NSTJ) ;A;Normal value
24021105IND01;70530;Žagubica;00;2023;1;Male;1478;NR;number;SORS;Registered employment by sex and municipalities of residence (NSTJ) ;A;Normal value
24021105IND01;70530;Žagubica;00;2023;2;Female;867;NR;number;SORS;Registered employment by sex and municipalities of residence (NSTJ) ;A;Normal value
24021105IND01;70530;Žagubica;00;2022;0;Total;2303;NR;number;SORS;Registered employment by sex and municipalities of residence (NSTJ) ;A;Normal value
24021105IND01;70530;Žagubica;00;2022;1;Male;1459;NR;number;SORS;Registered employment by sex and municipalities of residence (NSTJ) ;A;Normal value
24021105IND01;70530;Žagubica;00;2022;2;Female;844;NR;number;SORS;Registered employment by sex and municipalities of residence (NSTJ) ;A;Normal value
24021105IND01;70530;Žagubica;00;2021;0;Total;2279;NR;number;SORS;Registered employment by sex and municipalities of residence (NSTJ) ;A;Normal value
24021105IND01;70530;Žagubica;00;2021;1;Male;1442;NR;number;SORS;Registered employment by sex and municipalities of residence (NSTJ) ;A;Normal value
24021105IND01;70530;Žagubica;00;2021;2;Female;837;NR;number;SORS;Registered employment by sex and municipalities of residence (NSTJ) ;A;Normal value
24021105IND01;70530;Žagubica;00;2020;0;Total;2241;NR;number;SORS;Registered employment by sex and municipalities of residence (NSTJ) ;A;Normal value
24021105IND01;70530;Žagubica;00;2020;1;Male;1427;NR;number;SORS;Registered employment by sex and municipalities of residence (NSTJ) ;A;Normal value
24021105IND01;70530;Žagubica;00;2020;2;Female;814;NR;number;SORS;Registered employment by sex and municipalities of residence (NSTJ) ;A;Normal value
24021105IND01;70530;Žagubica;00;2019;0;Total;2226;NR;number;SORS;Registered employment by sex and municipalities of residence (NSTJ) ;A;Normal value
24021105IND01;70530;Žagubica;00;2019;1;Male;1432;NR;number;SORS;Registered employment by sex and municipalities of residence (NSTJ) ;A;Normal value
24021105IND01;70530;Žagubica;00;2019;2;Female;794;NR;number;SORS;Registered employment by sex and municipalities of residence (NSTJ) ;A;Normal value
24021105IND01;70530;Žagubica;00;2018;0;Total;2220;NR;number;SORS;Registered employment by sex and municipalities of residence (NSTJ) ;A;Normal value
24021105IND01;70530;Žagubica;00;2018;1;Male;1440;NR;number;SORS;Registered employment by sex and municipalities of residence (NSTJ) ;A;Normal value
24021105IND01;70530;Žagubica;00;2018;2;Female;780;NR;number;SORS;Registered employment by sex and municipalities of residence (NSTJ) ;A;Normal value
24021105IND01;70530;Žagubica;00;2017;0;Total;2227;NR;number;SORS;Registered employment by sex and municipalities of residence (NSTJ) ;A;Normal value
24021105IND01;70530;Žagubica;00;2017;1;Male;1449;NR;number;SORS;Registered employment by sex and municipalities of residence (NSTJ) ;A;Normal value
24021105IND01;70530;Žagubica;00;2017;2;Female;778;NR;number;SORS;Registered employment by sex and municipalities of residence (NSTJ) ;A;Normal value
24021105IND01;70530;Žagubica;00;2016;0;Total;2226;NR;number;SORS;Registered employment by sex and municipalities of residence (NSTJ) ;A;Normal value
24021105IND01;70530;Žagubica;00;2016;1;Male;1447;NR;number;SORS;Registered employment by sex and municipalities of residence (NSTJ) ;A;Normal value
24021105IND01;70530;Žagubica;00;2016;2;Female;780;NR;number;SORS;Registered employment by sex and municipalities of residence (NSTJ) ;A;Normal value
24021105IND01;70548;Žitorađa;00;2016;0;Total;3058;NR;number;SORS;Registered employment by sex and municipalities of residence (NSTJ) ;A;Normal value
24021105IND01;70548;Žitorađa;00;2016;1;Male;1919;NR;number;SORS;Registered employment by sex and municipalities of residence (NSTJ) ;A;Normal value
24021105IND01;70548;Žitorađa;00;2016;2;Female;1139;NR;number;SORS;Registered employment by sex and municipalities of residence (NSTJ) ;A;Normal value
24021105IND01;70548;Žitorađa;00;2017;0;Total;3182;NR;number;SORS;Registered employment by sex and municipalities of residence (NSTJ) ;A;Normal value
24021105IND01;70548;Žitorađa;00;2017;1;Male;1969;NR;number;SORS;Registered employment by sex and municipalities of residence (NSTJ) ;A;Normal value
24021105IND01;70548;Žitorađa;00;2017;2;Female;1212;NR;number;SORS;Registered employment by sex and municipalities of residence (NSTJ) ;A;Normal value
24021105IND01;70548;Žitorađa;00;2018;0;Total;3373;NR;number;SORS;Registered employment by sex and municipalities of residence (NSTJ) ;A;Normal value
24021105IND01;70548;Žitorađa;00;2018;1;Male;2064;NR;number;SORS;Registered employment by sex and municipalities of residence (NSTJ) ;A;Normal value
24021105IND01;70548;Žitorađa;00;2018;2;Female;1309;NR;number;SORS;Registered employment by sex and municipalities of residence (NSTJ) ;A;Normal value
24021105IND01;70548;Žitorađa;00;2019;0;Total;3709;NR;number;SORS;Registered employment by sex and municipalities of residence (NSTJ) ;A;Normal value
24021105IND01;70548;Žitorađa;00;2019;1;Male;2219;NR;number;SORS;Registered employment by sex and municipalities of residence (NSTJ) ;A;Normal value
24021105IND01;70548;Žitorađa;00;2019;2;Female;1490;NR;number;SORS;Registered employment by sex and municipalities of residence (NSTJ) ;A;Normal value
24021105IND01;70548;Žitorađa;00;2020;0;Total;3844;NR;number;SORS;Registered employment by sex and municipalities of residence (NSTJ) ;A;Normal value
24021105IND01;70548;Žitorađa;00;2020;1;Male;2296;NR;number;SORS;Registered employment by sex and municipalities of residence (NSTJ) ;A;Normal value
24021105IND01;70548;Žitorađa;00;2020;2;Female;1548;NR;number;SORS;Registered employment by sex and municipalities of residence (NSTJ) ;A;Normal value
24021105IND01;70548;Žitorađa;00;2021;0;Total;3998;NR;number;SORS;Registered employment by sex and municipalities of residence (NSTJ) ;A;Normal value
24021105IND01;70548;Žitorađa;00;2021;1;Male;2348;NR;number;SORS;Registered employment by sex and municipalities of residence (NSTJ) ;A;Normal value
24021105IND01;70548;Žitorađa;00;2021;2;Female;1650;NR;number;SORS;Registered employment by sex and municipalities of residence (NSTJ) ;A;Normal value
24021105IND01;70548;Žitorađa;00;2022;0;Total;4022;NR;number;SORS;Registered employment by sex and municipalities of residence (NSTJ) ;A;Normal value
24021105IND01;70548;Žitorađa;00;2022;1;Male;2333;NR;number;SORS;Registered employment by sex and municipalities of residence (NSTJ) ;A;Normal value
24021105IND01;70548;Žitorađa;00;2022;2;Female;1688;NR;number;SORS;Registered employment by sex and municipalities of residence (NSTJ) ;A;Normal value
24021105IND01;70548;Žitorađa;00;2023;0;Total;4045;NR;number;SORS;Registered employment by sex and municipalities of residence (NSTJ) ;A;Normal value
24021105IND01;70548;Žitorađa;00;2023;1;Male;2314;NR;number;SORS;Registered employment by sex and municipalities of residence (NSTJ) ;A;Normal value
24021105IND01;70548;Žitorađa;00;2023;2;Female;1731;NR;number;SORS;Registered employment by sex and municipalities of residence (NSTJ) ;A;Normal value
24021105IND01;70548;Žitorađa;00;2024;0;Total;4037;NR;number;SORS;Registered employment by sex and municipalities of residence (NSTJ) ;A;Normal value
24021105IND01;70548;Žitorađa;00;2024;1;Male;2301;NR;number;SORS;Registered employment by sex and municipalities of residence (NSTJ) ;A;Normal value
24021105IND01;70548;Žitorađa;00;2024;2;Female;1735;NR;number;SORS;Registered employment by sex and municipalities of residence (NSTJ) ;A;Normal value
24021105IND01;70548;Žitorađa;00;2025;0;Total;3842;NR;number;SORS;Registered employment by sex and municipalities of residence (NSTJ) ;A;Normal value
24021105IND01;70548;Žitorađa;00;2025;1;Male;2212;NR;number;SORS;Registered employment by sex and municipalities of residence (NSTJ) ;A;Normal value
24021105IND01;70548;Žitorađa;00;2025;2;Female;1630;NR;number;SORS;Registered employment by sex and municipalities of residence (NSTJ) ;A;Normal value
24021105IND01;70556;Zaječar;00;2025;0;Total;14642;NR;number;SORS;Registered employment by sex and municipalities of residence (NSTJ) ;A;Normal value
24021105IND01;70556;Zaječar;00;2025;1;Male;8153;NR;number;SORS;Registered employment by sex and municipalities of residence (NSTJ) ;A;Normal value
24021105IND01;70556;Zaječar;00;2025;2;Female;6488;NR;number;SORS;Registered employment by sex and municipalities of residence (NSTJ) ;A;Normal value
24021105IND01;70556;Zaječar;00;2024;0;Total;14725;NR;number;SORS;Registered employment by sex and municipalities of residence (NSTJ) ;A;Normal value
24021105IND01;70556;Zaječar;00;2024;1;Male;8229;NR;number;SORS;Registered employment by sex and municipalities of residence (NSTJ) ;A;Normal value
24021105IND01;70556;Zaječar;00;2024;2;Female;6496;NR;number;SORS;Registered employment by sex and municipalities of residence (NSTJ) ;A;Normal value
24021105IND01;70556;Zaječar;00;2023;0;Total;14934;NR;number;SORS;Registered employment by sex and municipalities of residence (NSTJ) ;A;Normal value
24021105IND01;70556;Zaječar;00;2023;1;Male;8354;NR;number;SORS;Registered employment by sex and municipalities of residence (NSTJ) ;A;Normal value
24021105IND01;70556;Zaječar;00;2023;2;Female;6580;NR;number;SORS;Registered employment by sex and municipalities of residence (NSTJ) ;A;Normal value
24021105IND01;70556;Zaječar;00;2022;0;Total;14617;NR;number;SORS;Registered employment by sex and municipalities of residence (NSTJ) ;A;Normal value
24021105IND01;70556;Zaječar;00;2022;1;Male;8150;NR;number;SORS;Registered employment by sex and municipalities of residence (NSTJ) ;A;Normal value
24021105IND01;70556;Zaječar;00;2022;2;Female;6467;NR;number;SORS;Registered employment by sex and municipalities of residence (NSTJ) ;A;Normal value
24021105IND01;70556;Zaječar;00;2021;0;Total;13859;NR;number;SORS;Registered employment by sex and municipalities of residence (NSTJ) ;A;Normal value
24021105IND01;70556;Zaječar;00;2021;1;Male;7781;NR;number;SORS;Registered employment by sex and municipalities of residence (NSTJ) ;A;Normal value
24021105IND01;70556;Zaječar;00;2021;2;Female;6078;NR;number;SORS;Registered employment by sex and municipalities of residence (NSTJ) ;A;Normal value
24021105IND01;70556;Zaječar;00;2020;0;Total;13230;NR;number;SORS;Registered employment by sex and municipalities of residence (NSTJ) ;A;Normal value
24021105IND01;70556;Zaječar;00;2020;1;Male;7406;NR;number;SORS;Registered employment by sex and municipalities of residence (NSTJ) ;A;Normal value
24021105IND01;70556;Zaječar;00;2020;2;Female;5823;NR;number;SORS;Registered employment by sex and municipalities of residence (NSTJ) ;A;Normal value
24021105IND01;70556;Zaječar;00;2019;0;Total;13199;NR;number;SORS;Registered employment by sex and municipalities of residence (NSTJ) ;A;Normal value
24021105IND01;70556;Zaječar;00;2019;1;Male;7428;NR;number;SORS;Registered employment by sex and municipalities of residence (NSTJ) ;A;Normal value
24021105IND01;70556;Zaječar;00;2019;2;Female;5771;NR;number;SORS;Registered employment by sex and municipalities of residence (NSTJ) ;A;Normal value
24021105IND01;70556;Zaječar;00;2018;0;Total;13171;NR;number;SORS;Registered employment by sex and municipalities of residence (NSTJ) ;A;Normal value
24021105IND01;70556;Zaječar;00;2018;1;Male;7434;NR;number;SORS;Registered employment by sex and municipalities of residence (NSTJ) ;A;Normal value
24021105IND01;70556;Zaječar;00;2018;2;Female;5737;NR;number;SORS;Registered employment by sex and municipalities of residence (NSTJ) ;A;Normal value
24021105IND01;70556;Zaječar;00;2017;0;Total;13177;NR;number;SORS;Registered employment by sex and municipalities of residence (NSTJ) ;A;Normal value
24021105IND01;70556;Zaječar;00;2017;1;Male;7484;NR;number;SORS;Registered employment by sex and municipalities of residence (NSTJ) ;A;Normal value
24021105IND01;70556;Zaječar;00;2017;2;Female;5693;NR;number;SORS;Registered employment by sex and municipalities of residence (NSTJ) ;A;Normal value
24021105IND01;70556;Zaječar;00;2016;0;Total;13221;NR;number;SORS;Registered employment by sex and municipalities of residence (NSTJ) ;A;Normal value
24021105IND01;70556;Zaječar;00;2016;1;Male;7527;NR;number;SORS;Registered employment by sex and municipalities of residence (NSTJ) ;A;Normal value
24021105IND01;70556;Zaječar;00;2016;2;Female;5694;NR;number;SORS;Registered employment by sex and municipalities of residence (NSTJ) ;A;Normal value
24021105IND01;70564;Ivanjica;00;2016;0;Total;7962;NR;number;SORS;Registered employment by sex and municipalities of residence (NSTJ) ;A;Normal value
24021105IND01;70564;Ivanjica;00;2016;1;Male;4551;NR;number;SORS;Registered employment by sex and municipalities of residence (NSTJ) ;A;Normal value
24021105IND01;70564;Ivanjica;00;2016;2;Female;3412;NR;number;SORS;Registered employment by sex and municipalities of residence (NSTJ) ;A;Normal value
24021105IND01;70564;Ivanjica;00;2017;0;Total;8207;NR;number;SORS;Registered employment by sex and municipalities of residence (NSTJ) ;A;Normal value
24021105IND01;70564;Ivanjica;00;2017;1;Male;4701;NR;number;SORS;Registered employment by sex and municipalities of residence (NSTJ) ;A;Normal value
24021105IND01;70564;Ivanjica;00;2017;2;Female;3506;NR;number;SORS;Registered employment by sex and municipalities of residence (NSTJ) ;A;Normal value
24021105IND01;70564;Ivanjica;00;2018;0;Total;8533;NR;number;SORS;Registered employment by sex and municipalities of residence (NSTJ) ;A;Normal value
24021105IND01;70564;Ivanjica;00;2018;1;Male;4850;NR;number;SORS;Registered employment by sex and municipalities of residence (NSTJ) ;A;Normal value
24021105IND01;70564;Ivanjica;00;2018;2;Female;3683;NR;number;SORS;Registered employment by sex and municipalities of residence (NSTJ) ;A;Normal value
24021105IND01;70564;Ivanjica;00;2019;0;Total;8707;NR;number;SORS;Registered employment by sex and municipalities of residence (NSTJ) ;A;Normal value
24021105IND01;70564;Ivanjica;00;2019;1;Male;4935;NR;number;SORS;Registered employment by sex and municipalities of residence (NSTJ) ;A;Normal value
24021105IND01;70564;Ivanjica;00;2019;2;Female;3772;NR;number;SORS;Registered employment by sex and municipalities of residence (NSTJ) ;A;Normal value
24021105IND01;70564;Ivanjica;00;2020;0;Total;8840;NR;number;SORS;Registered employment by sex and municipalities of residence (NSTJ) ;A;Normal value
24021105IND01;70564;Ivanjica;00;2020;1;Male;4991;NR;number;SORS;Registered employment by sex and municipalities of residence (NSTJ) ;A;Normal value
24021105IND01;70564;Ivanjica;00;2020;2;Female;3849;NR;number;SORS;Registered employment by sex and municipalities of residence (NSTJ) ;A;Normal value
24021105IND01;70564;Ivanjica;00;2021;0;Total;8943;NR;number;SORS;Registered employment by sex and municipalities of residence (NSTJ) ;A;Normal value
24021105IND01;70564;Ivanjica;00;2021;1;Male;5052;NR;number;SORS;Registered employment by sex and municipalities of residence (NSTJ) ;A;Normal value
24021105IND01;70564;Ivanjica;00;2021;2;Female;3892;NR;number;SORS;Registered employment by sex and municipalities of residence (NSTJ) ;A;Normal value
24021105IND01;70564;Ivanjica;00;2022;0;Total;8934;NR;number;SORS;Registered employment by sex and municipalities of residence (NSTJ) ;A;Normal value
24021105IND01;70564;Ivanjica;00;2022;1;Male;4981;NR;number;SORS;Registered employment by sex and municipalities of residence (NSTJ) ;A;Normal value
24021105IND01;70564;Ivanjica;00;2022;2;Female;3953;NR;number;SORS;Registered employment by sex and municipalities of residence (NSTJ) ;A;Normal value
24021105IND01;70564;Ivanjica;00;2023;0;Total;9071;NR;number;SORS;Registered employment by sex and municipalities of residence (NSTJ) ;A;Normal value
24021105IND01;70564;Ivanjica;00;2023;1;Male;4997;NR;number;SORS;Registered employment by sex and municipalities of residence (NSTJ) ;A;Normal value
24021105IND01;70564;Ivanjica;00;2023;2;Female;4074;NR;number;SORS;Registered employment by sex and municipalities of residence (NSTJ) ;A;Normal value
24021105IND01;70564;Ivanjica;00;2024;0;Total;8883;NR;number;SORS;Registered employment by sex and municipalities of residence (NSTJ) ;A;Normal value
24021105IND01;70564;Ivanjica;00;2024;1;Male;4898;NR;number;SORS;Registered employment by sex and municipalities of residence (NSTJ) ;A;Normal value
24021105IND01;70564;Ivanjica;00;2024;2;Female;3985;NR;number;SORS;Registered employment by sex and municipalities of residence (NSTJ) ;A;Normal value
24021105IND01;70564;Ivanjica;00;2025;0;Total;8519;NR;number;SORS;Registered employment by sex and municipalities of residence (NSTJ) ;A;Normal value
24021105IND01;70564;Ivanjica;00;2025;1;Male;4782;NR;number;SORS;Registered employment by sex and municipalities of residence (NSTJ) ;A;Normal value
24021105IND01;70564;Ivanjica;00;2025;2;Female;3736;NR;number;SORS;Registered employment by sex and municipalities of residence (NSTJ) ;A;Normal value
24021105IND01;70572;Kladovo;00;2025;0;Total;4922;NR;number;SORS;Registered employment by sex and municipalities of residence (NSTJ) ;A;Normal value
24021105IND01;70572;Kladovo;00;2025;1;Male;2782;NR;number;SORS;Registered employment by sex and municipalities of residence (NSTJ) ;A;Normal value
24021105IND01;70572;Kladovo;00;2025;2;Female;2140;NR;number;SORS;Registered employment by sex and municipalities of residence (NSTJ) ;A;Normal value
24021105IND01;70572;Kladovo;00;2024;0;Total;5063;NR;number;SORS;Registered employment by sex and municipalities of residence (NSTJ) ;A;Normal value
24021105IND01;70572;Kladovo;00;2024;1;Male;2865;NR;number;SORS;Registered employment by sex and municipalities of residence (NSTJ) ;A;Normal value
24021105IND01;70572;Kladovo;00;2024;2;Female;2198;NR;number;SORS;Registered employment by sex and municipalities of residence (NSTJ) ;A;Normal value
24021105IND01;70572;Kladovo;00;2023;0;Total;5161;NR;number;SORS;Registered employment by sex and municipalities of residence (NSTJ) ;A;Normal value
24021105IND01;70572;Kladovo;00;2023;1;Male;2945;NR;number;SORS;Registered employment by sex and municipalities of residence (NSTJ) ;A;Normal value
24021105IND01;70572;Kladovo;00;2023;2;Female;2216;NR;number;SORS;Registered employment by sex and municipalities of residence (NSTJ) ;A;Normal value
24021105IND01;70572;Kladovo;00;2022;0;Total;5188;NR;number;SORS;Registered employment by sex and municipalities of residence (NSTJ) ;A;Normal value
24021105IND01;70572;Kladovo;00;2022;1;Male;2986;NR;number;SORS;Registered employment by sex and municipalities of residence (NSTJ) ;A;Normal value
24021105IND01;70572;Kladovo;00;2022;2;Female;2202;NR;number;SORS;Registered employment by sex and municipalities of residence (NSTJ) ;A;Normal value
24021105IND01;70572;Kladovo;00;2021;0;Total;5140;NR;number;SORS;Registered employment by sex and municipalities of residence (NSTJ) ;A;Normal value
24021105IND01;70572;Kladovo;00;2021;1;Male;2989;NR;number;SORS;Registered employment by sex and municipalities of residence (NSTJ) ;A;Normal value
24021105IND01;70572;Kladovo;00;2021;2;Female;2150;NR;number;SORS;Registered employment by sex and municipalities of residence (NSTJ) ;A;Normal value
24021105IND01;70572;Kladovo;00;2020;0;Total;5130;NR;number;SORS;Registered employment by sex and municipalities of residence (NSTJ) ;A;Normal value
24021105IND01;70572;Kladovo;00;2020;1;Male;3015;NR;number;SORS;Registered employment by sex and municipalities of residence (NSTJ) ;A;Normal value
24021105IND01;70572;Kladovo;00;2020;2;Female;2116;NR;number;SORS;Registered employment by sex and municipalities of residence (NSTJ) ;A;Normal value
24021105IND01;70572;Kladovo;00;2019;0;Total;5102;NR;number;SORS;Registered employment by sex and municipalities of residence (NSTJ) ;A;Normal value
24021105IND01;70572;Kladovo;00;2019;1;Male;3027;NR;number;SORS;Registered employment by sex and municipalities of residence (NSTJ) ;A;Normal value
24021105IND01;70572;Kladovo;00;2019;2;Female;2076;NR;number;SORS;Registered employment by sex and municipalities of residence (NSTJ) ;A;Normal value
24021105IND01;70572;Kladovo;00;2018;0;Total;4981;NR;number;SORS;Registered employment by sex and municipalities of residence (NSTJ) ;A;Normal value
24021105IND01;70572;Kladovo;00;2018;1;Male;2995;NR;number;SORS;Registered employment by sex and municipalities of residence (NSTJ) ;A;Normal value
24021105IND01;70572;Kladovo;00;2018;2;Female;1986;NR;number;SORS;Registered employment by sex and municipalities of residence (NSTJ) ;A;Normal value
24021105IND01;70572;Kladovo;00;2017;0;Total;5052;NR;number;SORS;Registered employment by sex and municipalities of residence (NSTJ) ;A;Normal value
24021105IND01;70572;Kladovo;00;2017;1;Male;3064;NR;number;SORS;Registered employment by sex and municipalities of residence (NSTJ) ;A;Normal value
24021105IND01;70572;Kladovo;00;2017;2;Female;1988;NR;number;SORS;Registered employment by sex and municipalities of residence (NSTJ) ;A;Normal value
24021105IND01;70572;Kladovo;00;2016;0;Total;5084;NR;number;SORS;Registered employment by sex and municipalities of residence (NSTJ) ;A;Normal value
24021105IND01;70572;Kladovo;00;2016;1;Male;3100;NR;number;SORS;Registered employment by sex and municipalities of residence (NSTJ) ;A;Normal value
24021105IND01;70572;Kladovo;00;2016;2;Female;1984;NR;number;SORS;Registered employment by sex and municipalities of residence (NSTJ) ;A;Normal value
24021105IND01;70599;Knić;00;2016;0;Total;2865;NR;number;SORS;Registered employment by sex and municipalities of residence (NSTJ) ;A;Normal value
24021105IND01;70599;Knić;00;2016;1;Male;1996;NR;number;SORS;Registered employment by sex and municipalities of residence (NSTJ) ;A;Normal value
24021105IND01;70599;Knić;00;2016;2;Female;869;NR;number;SORS;Registered employment by sex and municipalities of residence (NSTJ) ;A;Normal value
24021105IND01;70599;Knić;00;2017;0;Total;2906;NR;number;SORS;Registered employment by sex and municipalities of residence (NSTJ) ;A;Normal value
24021105IND01;70599;Knić;00;2017;1;Male;2019;NR;number;SORS;Registered employment by sex and municipalities of residence (NSTJ) ;A;Normal value
24021105IND01;70599;Knić;00;2017;2;Female;888;NR;number;SORS;Registered employment by sex and municipalities of residence (NSTJ) ;A;Normal value
24021105IND01;70599;Knić;00;2018;0;Total;3025;NR;number;SORS;Registered employment by sex and municipalities of residence (NSTJ) ;A;Normal value
24021105IND01;70599;Knić;00;2018;1;Male;2046;NR;number;SORS;Registered employment by sex and municipalities of residence (NSTJ) ;A;Normal value
24021105IND01;70599;Knić;00;2018;2;Female;978;NR;number;SORS;Registered employment by sex and municipalities of residence (NSTJ) ;A;Normal value
24021105IND01;70599;Knić;00;2019;0;Total;3138;NR;number;SORS;Registered employment by sex and municipalities of residence (NSTJ) ;A;Normal value
24021105IND01;70599;Knić;00;2019;1;Male;2091;NR;number;SORS;Registered employment by sex and municipalities of residence (NSTJ) ;A;Normal value
24021105IND01;70599;Knić;00;2019;2;Female;1047;NR;number;SORS;Registered employment by sex and municipalities of residence (NSTJ) ;A;Normal value
24021105IND01;70599;Knić;00;2020;0;Total;3218;NR;number;SORS;Registered employment by sex and municipalities of residence (NSTJ) ;A;Normal value
24021105IND01;70599;Knić;00;2020;1;Male;2129;NR;number;SORS;Registered employment by sex and municipalities of residence (NSTJ) ;A;Normal value
24021105IND01;70599;Knić;00;2020;2;Female;1090;NR;number;SORS;Registered employment by sex and municipalities of residence (NSTJ) ;A;Normal value
24021105IND01;70599;Knić;00;2021;0;Total;3383;NR;number;SORS;Registered employment by sex and municipalities of residence (NSTJ) ;A;Normal value
24021105IND01;70599;Knić;00;2021;1;Male;2167;NR;number;SORS;Registered employment by sex and municipalities of residence (NSTJ) ;A;Normal value
24021105IND01;70599;Knić;00;2021;2;Female;1216;NR;number;SORS;Registered employment by sex and municipalities of residence (NSTJ) ;A;Normal value
24021105IND01;70599;Knić;00;2022;0;Total;3412;NR;number;SORS;Registered employment by sex and municipalities of residence (NSTJ) ;A;Normal value
24021105IND01;70599;Knić;00;2022;1;Male;2150;NR;number;SORS;Registered employment by sex and municipalities of residence (NSTJ) ;A;Normal value
24021105IND01;70599;Knić;00;2022;2;Female;1262;NR;number;SORS;Registered employment by sex and municipalities of residence (NSTJ) ;A;Normal value
24021105IND01;70599;Knić;00;2023;0;Total;3543;NR;number;SORS;Registered employment by sex and municipalities of residence (NSTJ) ;A;Normal value
24021105IND01;70599;Knić;00;2023;1;Male;2183;NR;number;SORS;Registered employment by sex and municipalities of residence (NSTJ) ;A;Normal value
24021105IND01;70599;Knić;00;2023;2;Female;1360;NR;number;SORS;Registered employment by sex and municipalities of residence (NSTJ) ;A;Normal value
24021105IND01;70599;Knić;00;2024;0;Total;3546;NR;number;SORS;Registered employment by sex and municipalities of residence (NSTJ) ;A;Normal value
24021105IND01;70599;Knić;00;2024;1;Male;2150;NR;number;SORS;Registered employment by sex and municipalities of residence (NSTJ) ;A;Normal value
24021105IND01;70599;Knić;00;2024;2;Female;1396;NR;number;SORS;Registered employment by sex and municipalities of residence (NSTJ) ;A;Normal value
24021105IND01;70599;Knić;00;2025;0;Total;3621;NR;number;SORS;Registered employment by sex and municipalities of residence (NSTJ) ;A;Normal value
24021105IND01;70599;Knić;00;2025;1;Male;2201;NR;number;SORS;Registered employment by sex and municipalities of residence (NSTJ) ;A;Normal value
24021105IND01;70599;Knić;00;2025;2;Female;1420;NR;number;SORS;Registered employment by sex and municipalities of residence (NSTJ) ;A;Normal value
24021105IND01;70602;Knjaževac;00;2025;0;Total;6497;NR;number;SORS;Registered employment by sex and municipalities of residence (NSTJ) ;A;Normal value
24021105IND01;70602;Knjaževac;00;2025;1;Male;3480;NR;number;SORS;Registered employment by sex and municipalities of residence (NSTJ) ;A;Normal value
24021105IND01;70602;Knjaževac;00;2025;2;Female;3017;NR;number;SORS;Registered employment by sex and municipalities of residence (NSTJ) ;A;Normal value
24021105IND01;70602;Knjaževac;00;2024;0;Total;6879;NR;number;SORS;Registered employment by sex and municipalities of residence (NSTJ) ;A;Normal value
24021105IND01;70602;Knjaževac;00;2024;1;Male;3627;NR;number;SORS;Registered employment by sex and municipalities of residence (NSTJ) ;A;Normal value
24021105IND01;70602;Knjaževac;00;2024;2;Female;3252;NR;number;SORS;Registered employment by sex and municipalities of residence (NSTJ) ;A;Normal value
24021105IND01;70602;Knjaževac;00;2023;0;Total;7122;NR;number;SORS;Registered employment by sex and municipalities of residence (NSTJ) ;A;Normal value
24021105IND01;70602;Knjaževac;00;2023;1;Male;3718;NR;number;SORS;Registered employment by sex and municipalities of residence (NSTJ) ;A;Normal value
24021105IND01;70602;Knjaževac;00;2023;2;Female;3403;NR;number;SORS;Registered employment by sex and municipalities of residence (NSTJ) ;A;Normal value
24021105IND01;70602;Knjaževac;00;2022;0;Total;7223;NR;number;SORS;Registered employment by sex and municipalities of residence (NSTJ) ;A;Normal value
24021105IND01;70602;Knjaževac;00;2022;1;Male;3826;NR;number;SORS;Registered employment by sex and municipalities of residence (NSTJ) ;A;Normal value
24021105IND01;70602;Knjaževac;00;2022;2;Female;3397;NR;number;SORS;Registered employment by sex and municipalities of residence (NSTJ) ;A;Normal value
24021105IND01;70602;Knjaževac;00;2021;0;Total;7110;NR;number;SORS;Registered employment by sex and municipalities of residence (NSTJ) ;A;Normal value
24021105IND01;70602;Knjaževac;00;2021;1;Male;3798;NR;number;SORS;Registered employment by sex and municipalities of residence (NSTJ) ;A;Normal value
24021105IND01;70602;Knjaževac;00;2021;2;Female;3311;NR;number;SORS;Registered employment by sex and municipalities of residence (NSTJ) ;A;Normal value
24021105IND01;70602;Knjaževac;00;2020;0;Total;6893;NR;number;SORS;Registered employment by sex and municipalities of residence (NSTJ) ;A;Normal value
24021105IND01;70602;Knjaževac;00;2020;1;Male;3658;NR;number;SORS;Registered employment by sex and municipalities of residence (NSTJ) ;A;Normal value
24021105IND01;70602;Knjaževac;00;2020;2;Female;3235;NR;number;SORS;Registered employment by sex and municipalities of residence (NSTJ) ;A;Normal value
24021105IND01;70602;Knjaževac;00;2019;0;Total;6803;NR;number;SORS;Registered employment by sex and municipalities of residence (NSTJ) ;A;Normal value
24021105IND01;70602;Knjaževac;00;2019;1;Male;3578;NR;number;SORS;Registered employment by sex and municipalities of residence (NSTJ) ;A;Normal value
24021105IND01;70602;Knjaževac;00;2019;2;Female;3225;NR;number;SORS;Registered employment by sex and municipalities of residence (NSTJ) ;A;Normal value
24021105IND01;70602;Knjaževac;00;2018;0;Total;6765;NR;number;SORS;Registered employment by sex and municipalities of residence (NSTJ) ;A;Normal value
24021105IND01;70602;Knjaževac;00;2018;1;Male;3563;NR;number;SORS;Registered employment by sex and municipalities of residence (NSTJ) ;A;Normal value
24021105IND01;70602;Knjaževac;00;2018;2;Female;3202;NR;number;SORS;Registered employment by sex and municipalities of residence (NSTJ) ;A;Normal value
24021105IND01;70602;Knjaževac;00;2017;0;Total;6693;NR;number;SORS;Registered employment by sex and municipalities of residence (NSTJ) ;A;Normal value
24021105IND01;70602;Knjaževac;00;2017;1;Male;3529;NR;number;SORS;Registered employment by sex and municipalities of residence (NSTJ) ;A;Normal value
24021105IND01;70602;Knjaževac;00;2017;2;Female;3164;NR;number;SORS;Registered employment by sex and municipalities of residence (NSTJ) ;A;Normal value
24021105IND01;70602;Knjaževac;00;2016;0;Total;6469;NR;number;SORS;Registered employment by sex and municipalities of residence (NSTJ) ;A;Normal value
24021105IND01;70602;Knjaževac;00;2016;1;Male;3404;NR;number;SORS;Registered employment by sex and municipalities of residence (NSTJ) ;A;Normal value
24021105IND01;70602;Knjaževac;00;2016;2;Female;3065;NR;number;SORS;Registered employment by sex and municipalities of residence (NSTJ) ;A;Normal value
24021105IND01;70629;Kosjerić;00;2016;0;Total;2839;NR;number;SORS;Registered employment by sex and municipalities of residence (NSTJ) ;A;Normal value
24021105IND01;70629;Kosjerić;00;2016;1;Male;1715;NR;number;SORS;Registered employment by sex and municipalities of residence (NSTJ) ;A;Normal value
24021105IND01;70629;Kosjerić;00;2016;2;Female;1125;NR;number;SORS;Registered employment by sex and municipalities of residence (NSTJ) ;A;Normal value
24021105IND01;70629;Kosjerić;00;2017;0;Total;2921;NR;number;SORS;Registered employment by sex and municipalities of residence (NSTJ) ;A;Normal value
24021105IND01;70629;Kosjerić;00;2017;1;Male;1736;NR;number;SORS;Registered employment by sex and municipalities of residence (NSTJ) ;A;Normal value
24021105IND01;70629;Kosjerić;00;2017;2;Female;1186;NR;number;SORS;Registered employment by sex and municipalities of residence (NSTJ) ;A;Normal value
24021105IND01;70629;Kosjerić;00;2018;0;Total;3102;NR;number;SORS;Registered employment by sex and municipalities of residence (NSTJ) ;A;Normal value
24021105IND01;70629;Kosjerić;00;2018;1;Male;1817;NR;number;SORS;Registered employment by sex and municipalities of residence (NSTJ) ;A;Normal value
24021105IND01;70629;Kosjerić;00;2018;2;Female;1284;NR;number;SORS;Registered employment by sex and municipalities of residence (NSTJ) ;A;Normal value
24021105IND01;70629;Kosjerić;00;2019;0;Total;3180;NR;number;SORS;Registered employment by sex and municipalities of residence (NSTJ) ;A;Normal value
24021105IND01;70629;Kosjerić;00;2019;1;Male;1839;NR;number;SORS;Registered employment by sex and municipalities of residence (NSTJ) ;A;Normal value
24021105IND01;70629;Kosjerić;00;2019;2;Female;1341;NR;number;SORS;Registered employment by sex and municipalities of residence (NSTJ) ;A;Normal value
24021105IND01;70629;Kosjerić;00;2020;0;Total;3215;NR;number;SORS;Registered employment by sex and municipalities of residence (NSTJ) ;A;Normal value
24021105IND01;70629;Kosjerić;00;2020;1;Male;1892;NR;number;SORS;Registered employment by sex and municipalities of residence (NSTJ) ;A;Normal value
24021105IND01;70629;Kosjerić;00;2020;2;Female;1323;NR;number;SORS;Registered employment by sex and municipalities of residence (NSTJ) ;A;Normal value
24021105IND01;70629;Kosjerić;00;2021;0;Total;3216;NR;number;SORS;Registered employment by sex and municipalities of residence (NSTJ) ;A;Normal value
24021105IND01;70629;Kosjerić;00;2021;1;Male;1879;NR;number;SORS;Registered employment by sex and municipalities of residence (NSTJ) ;A;Normal value
24021105IND01;70629;Kosjerić;00;2021;2;Female;1337;NR;number;SORS;Registered employment by sex and municipalities of residence (NSTJ) ;A;Normal value
24021105IND01;70629;Kosjerić;00;2022;0;Total;3287;NR;number;SORS;Registered employment by sex and municipalities of residence (NSTJ) ;A;Normal value
24021105IND01;70629;Kosjerić;00;2022;1;Male;1888;NR;number;SORS;Registered employment by sex and municipalities of residence (NSTJ) ;A;Normal value
24021105IND01;70629;Kosjerić;00;2022;2;Female;1399;NR;number;SORS;Registered employment by sex and municipalities of residence (NSTJ) ;A;Normal value
24021105IND01;70629;Kosjerić;00;2023;0;Total;3260;NR;number;SORS;Registered employment by sex and municipalities of residence (NSTJ) ;A;Normal value
24021105IND01;70629;Kosjerić;00;2023;1;Male;1832;NR;number;SORS;Registered employment by sex and municipalities of residence (NSTJ) ;A;Normal value
24021105IND01;70629;Kosjerić;00;2023;2;Female;1428;NR;number;SORS;Registered employment by sex and municipalities of residence (NSTJ) ;A;Normal value
24021105IND01;70629;Kosjerić;00;2024;0;Total;3263;NR;number;SORS;Registered employment by sex and municipalities of residence (NSTJ) ;A;Normal value
24021105IND01;70629;Kosjerić;00;2024;1;Male;1831;NR;number;SORS;Registered employment by sex and municipalities of residence (NSTJ) ;A;Normal value
24021105IND01;70629;Kosjerić;00;2024;2;Female;1432;NR;number;SORS;Registered employment by sex and municipalities of residence (NSTJ) ;A;Normal value
24021105IND01;70629;Kosjerić;00;2025;0;Total;3184;NR;number;SORS;Registered employment by sex and municipalities of residence (NSTJ) ;A;Normal value
24021105IND01;70629;Kosjerić;00;2025;1;Male;1775;NR;number;SORS;Registered employment by sex and municipalities of residence (NSTJ) ;A;Normal value
24021105IND01;70629;Kosjerić;00;2025;2;Female;1410;NR;number;SORS;Registered employment by sex and municipalities of residence (NSTJ) ;A;Normal value
24021105IND01;70637;Koceljeva;00;2025;0;Total;3401;NR;number;SORS;Registered employment by sex and municipalities of residence (NSTJ) ;A;Normal value
24021105IND01;70637;Koceljeva;00;2025;1;Male;2028;NR;number;SORS;Registered employment by sex and municipalities of residence (NSTJ) ;A;Normal value
24021105IND01;70637;Koceljeva;00;2025;2;Female;1374;NR;number;SORS;Registered employment by sex and municipalities of residence (NSTJ) ;A;Normal value
24021105IND01;70637;Koceljeva;00;2024;0;Total;3511;NR;number;SORS;Registered employment by sex and municipalities of residence (NSTJ) ;A;Normal value
24021105IND01;70637;Koceljeva;00;2024;1;Male;2076;NR;number;SORS;Registered employment by sex and municipalities of residence (NSTJ) ;A;Normal value
24021105IND01;70637;Koceljeva;00;2024;2;Female;1435;NR;number;SORS;Registered employment by sex and municipalities of residence (NSTJ) ;A;Normal value
24021105IND01;70637;Koceljeva;00;2023;0;Total;3551;NR;number;SORS;Registered employment by sex and municipalities of residence (NSTJ) ;A;Normal value
24021105IND01;70637;Koceljeva;00;2023;1;Male;2121;NR;number;SORS;Registered employment by sex and municipalities of residence (NSTJ) ;A;Normal value
24021105IND01;70637;Koceljeva;00;2023;2;Female;1430;NR;number;SORS;Registered employment by sex and municipalities of residence (NSTJ) ;A;Normal value
24021105IND01;70637;Koceljeva;00;2022;0;Total;3501;NR;number;SORS;Registered employment by sex and municipalities of residence (NSTJ) ;A;Normal value
24021105IND01;70637;Koceljeva;00;2022;1;Male;2116;NR;number;SORS;Registered employment by sex and municipalities of residence (NSTJ) ;A;Normal value
24021105IND01;70637;Koceljeva;00;2022;2;Female;1385;NR;number;SORS;Registered employment by sex and municipalities of residence (NSTJ) ;A;Normal value
24021105IND01;70637;Koceljeva;00;2021;0;Total;3478;NR;number;SORS;Registered employment by sex and municipalities of residence (NSTJ) ;A;Normal value
24021105IND01;70637;Koceljeva;00;2021;1;Male;2137;NR;number;SORS;Registered employment by sex and municipalities of residence (NSTJ) ;A;Normal value
24021105IND01;70637;Koceljeva;00;2021;2;Female;1341;NR;number;SORS;Registered employment by sex and municipalities of residence (NSTJ) ;A;Normal value
24021105IND01;70637;Koceljeva;00;2020;0;Total;3483;NR;number;SORS;Registered employment by sex and municipalities of residence (NSTJ) ;A;Normal value
24021105IND01;70637;Koceljeva;00;2020;1;Male;2152;NR;number;SORS;Registered employment by sex and municipalities of residence (NSTJ) ;A;Normal value
24021105IND01;70637;Koceljeva;00;2020;2;Female;1331;NR;number;SORS;Registered employment by sex and municipalities of residence (NSTJ) ;A;Normal value
24021105IND01;70637;Koceljeva;00;2019;0;Total;3469;NR;number;SORS;Registered employment by sex and municipalities of residence (NSTJ) ;A;Normal value
24021105IND01;70637;Koceljeva;00;2019;1;Male;2134;NR;number;SORS;Registered employment by sex and municipalities of residence (NSTJ) ;A;Normal value
24021105IND01;70637;Koceljeva;00;2019;2;Female;1334;NR;number;SORS;Registered employment by sex and municipalities of residence (NSTJ) ;A;Normal value
24021105IND01;70637;Koceljeva;00;2018;0;Total;3411;NR;number;SORS;Registered employment by sex and municipalities of residence (NSTJ) ;A;Normal value
24021105IND01;70637;Koceljeva;00;2018;1;Male;2113;NR;number;SORS;Registered employment by sex and municipalities of residence (NSTJ) ;A;Normal value
24021105IND01;70637;Koceljeva;00;2018;2;Female;1298;NR;number;SORS;Registered employment by sex and municipalities of residence (NSTJ) ;A;Normal value
24021105IND01;70637;Koceljeva;00;2017;0;Total;3349;NR;number;SORS;Registered employment by sex and municipalities of residence (NSTJ) ;A;Normal value
24021105IND01;70637;Koceljeva;00;2017;1;Male;2109;NR;number;SORS;Registered employment by sex and municipalities of residence (NSTJ) ;A;Normal value
24021105IND01;70637;Koceljeva;00;2017;2;Female;1239;NR;number;SORS;Registered employment by sex and municipalities of residence (NSTJ) ;A;Normal value
24021105IND01;70637;Koceljeva;00;2016;0;Total;3233;NR;number;SORS;Registered employment by sex and municipalities of residence (NSTJ) ;A;Normal value
24021105IND01;70637;Koceljeva;00;2016;1;Male;2089;NR;number;SORS;Registered employment by sex and municipalities of residence (NSTJ) ;A;Normal value
24021105IND01;70637;Koceljeva;00;2016;2;Female;1144;NR;number;SORS;Registered employment by sex and municipalities of residence (NSTJ) ;A;Normal value
24021105IND01;70645;Kragujevac;00;2016;0;Total;51796;NR;number;SORS;Registered employment by sex and municipalities of residence (NSTJ) ;A;Normal value
24021105IND01;70645;Kragujevac;00;2016;1;Male;27994;NR;number;SORS;Registered employment by sex and municipalities of residence (NSTJ) ;A;Normal value
24021105IND01;70645;Kragujevac;00;2016;2;Female;23802;NR;number;SORS;Registered employment by sex and municipalities of residence (NSTJ) ;A;Normal value
24021105IND01;70645;Kragujevac;00;2017;0;Total;53080;NR;number;SORS;Registered employment by sex and municipalities of residence (NSTJ) ;A;Normal value
24021105IND01;70645;Kragujevac;00;2017;1;Male;28435;NR;number;SORS;Registered employment by sex and municipalities of residence (NSTJ) ;A;Normal value
24021105IND01;70645;Kragujevac;00;2017;2;Female;24645;NR;number;SORS;Registered employment by sex and municipalities of residence (NSTJ) ;A;Normal value
24021105IND01;70645;Kragujevac;00;2018;0;Total;54694;NR;number;SORS;Registered employment by sex and municipalities of residence (NSTJ) ;A;Normal value
24021105IND01;70645;Kragujevac;00;2018;1;Male;29134;NR;number;SORS;Registered employment by sex and municipalities of residence (NSTJ) ;A;Normal value
24021105IND01;70645;Kragujevac;00;2018;2;Female;25560;NR;number;SORS;Registered employment by sex and municipalities of residence (NSTJ) ;A;Normal value
24021105IND01;70645;Kragujevac;00;2019;0;Total;55627;NR;number;SORS;Registered employment by sex and municipalities of residence (NSTJ) ;A;Normal value
24021105IND01;70645;Kragujevac;00;2019;1;Male;29619;NR;number;SORS;Registered employment by sex and municipalities of residence (NSTJ) ;A;Normal value
24021105IND01;70645;Kragujevac;00;2019;2;Female;26008;NR;number;SORS;Registered employment by sex and municipalities of residence (NSTJ) ;A;Normal value
24021105IND01;70645;Kragujevac;00;2020;0;Total;57006;NR;number;SORS;Registered employment by sex and municipalities of residence (NSTJ) ;A;Normal value
24021105IND01;70645;Kragujevac;00;2020;1;Male;30296;NR;number;SORS;Registered employment by sex and municipalities of residence (NSTJ) ;A;Normal value
24021105IND01;70645;Kragujevac;00;2020;2;Female;26710;NR;number;SORS;Registered employment by sex and municipalities of residence (NSTJ) ;A;Normal value
24021105IND01;70645;Kragujevac;00;2021;0;Total;58869;NR;number;SORS;Registered employment by sex and municipalities of residence (NSTJ) ;A;Normal value
24021105IND01;70645;Kragujevac;00;2021;1;Male;31105;NR;number;SORS;Registered employment by sex and municipalities of residence (NSTJ) ;A;Normal value
24021105IND01;70645;Kragujevac;00;2021;2;Female;27764;NR;number;SORS;Registered employment by sex and municipalities of residence (NSTJ) ;A;Normal value
24021105IND01;70645;Kragujevac;00;2022;0;Total;59659;NR;number;SORS;Registered employment by sex and municipalities of residence (NSTJ) ;A;Normal value
24021105IND01;70645;Kragujevac;00;2022;1;Male;30962;NR;number;SORS;Registered employment by sex and municipalities of residence (NSTJ) ;A;Normal value
24021105IND01;70645;Kragujevac;00;2022;2;Female;28697;NR;number;SORS;Registered employment by sex and municipalities of residence (NSTJ) ;A;Normal value
24021105IND01;70645;Kragujevac;00;2023;0;Total;60904;NR;number;SORS;Registered employment by sex and municipalities of residence (NSTJ) ;A;Normal value
24021105IND01;70645;Kragujevac;00;2023;1;Male;31110;NR;number;SORS;Registered employment by sex and municipalities of residence (NSTJ) ;A;Normal value
24021105IND01;70645;Kragujevac;00;2023;2;Female;29794;NR;number;SORS;Registered employment by sex and municipalities of residence (NSTJ) ;A;Normal value
24021105IND01;70645;Kragujevac;00;2024;0;Total;62075;NR;number;SORS;Registered employment by sex and municipalities of residence (NSTJ) ;A;Normal value
24021105IND01;70645;Kragujevac;00;2024;1;Male;31445;NR;number;SORS;Registered employment by sex and municipalities of residence (NSTJ) ;A;Normal value
24021105IND01;70645;Kragujevac;00;2024;2;Female;30630;NR;number;SORS;Registered employment by sex and municipalities of residence (NSTJ) ;A;Normal value
24021105IND01;70645;Kragujevac;00;2025;0;Total;63907;NR;number;SORS;Registered employment by sex and municipalities of residence (NSTJ) ;A;Normal value
24021105IND01;70645;Kragujevac;00;2025;1;Male;32509;NR;number;SORS;Registered employment by sex and municipalities of residence (NSTJ) ;A;Normal value
24021105IND01;70645;Kragujevac;00;2025;2;Female;31397;NR;number;SORS;Registered employment by sex and municipalities of residence (NSTJ) ;A;Normal value
24021105IND01;70653;Kraljevo;00;2025;0;Total;38504;NR;number;SORS;Registered employment by sex and municipalities of residence (NSTJ) ;A;Normal value
24021105IND01;70653;Kraljevo;00;2025;1;Male;20303;NR;number;SORS;Registered employment by sex and municipalities of residence (NSTJ) ;A;Normal value
24021105IND01;70653;Kraljevo;00;2025;2;Female;18201;NR;number;SORS;Registered employment by sex and municipalities of residence (NSTJ) ;A;Normal value
24021105IND01;70653;Kraljevo;00;2024;0;Total;38631;NR;number;SORS;Registered employment by sex and municipalities of residence (NSTJ) ;A;Normal value
24021105IND01;70653;Kraljevo;00;2024;1;Male;20398;NR;number;SORS;Registered employment by sex and municipalities of residence (NSTJ) ;A;Normal value
24021105IND01;70653;Kraljevo;00;2024;2;Female;18234;NR;number;SORS;Registered employment by sex and municipalities of residence (NSTJ) ;A;Normal value
24021105IND01;70653;Kraljevo;00;2023;0;Total;39011;NR;number;SORS;Registered employment by sex and municipalities of residence (NSTJ) ;A;Normal value
24021105IND01;70653;Kraljevo;00;2023;1;Male;20622;NR;number;SORS;Registered employment by sex and municipalities of residence (NSTJ) ;A;Normal value
24021105IND01;70653;Kraljevo;00;2023;2;Female;18389;NR;number;SORS;Registered employment by sex and municipalities of residence (NSTJ) ;A;Normal value
24021105IND01;70653;Kraljevo;00;2022;0;Total;38430;NR;number;SORS;Registered employment by sex and municipalities of residence (NSTJ) ;A;Normal value
24021105IND01;70653;Kraljevo;00;2022;1;Male;20498;NR;number;SORS;Registered employment by sex and municipalities of residence (NSTJ) ;A;Normal value
24021105IND01;70653;Kraljevo;00;2022;2;Female;17932;NR;number;SORS;Registered employment by sex and municipalities of residence (NSTJ) ;A;Normal value
24021105IND01;70653;Kraljevo;00;2021;0;Total;37608;NR;number;SORS;Registered employment by sex and municipalities of residence (NSTJ) ;A;Normal value
24021105IND01;70653;Kraljevo;00;2021;1;Male;20302;NR;number;SORS;Registered employment by sex and municipalities of residence (NSTJ) ;A;Normal value
24021105IND01;70653;Kraljevo;00;2021;2;Female;17306;NR;number;SORS;Registered employment by sex and municipalities of residence (NSTJ) ;A;Normal value
24021105IND01;70653;Kraljevo;00;2020;0;Total;35343;NR;number;SORS;Registered employment by sex and municipalities of residence (NSTJ) ;A;Normal value
24021105IND01;70653;Kraljevo;00;2020;1;Male;19477;NR;number;SORS;Registered employment by sex and municipalities of residence (NSTJ) ;A;Normal value
24021105IND01;70653;Kraljevo;00;2020;2;Female;15866;NR;number;SORS;Registered employment by sex and municipalities of residence (NSTJ) ;A;Normal value
24021105IND01;70653;Kraljevo;00;2019;0;Total;33623;NR;number;SORS;Registered employment by sex and municipalities of residence (NSTJ) ;A;Normal value
24021105IND01;70653;Kraljevo;00;2019;1;Male;18834;NR;number;SORS;Registered employment by sex and municipalities of residence (NSTJ) ;A;Normal value
24021105IND01;70653;Kraljevo;00;2019;2;Female;14789;NR;number;SORS;Registered employment by sex and municipalities of residence (NSTJ) ;A;Normal value
24021105IND01;70653;Kraljevo;00;2018;0;Total;32349;NR;number;SORS;Registered employment by sex and municipalities of residence (NSTJ) ;A;Normal value
24021105IND01;70653;Kraljevo;00;2018;1;Male;18326;NR;number;SORS;Registered employment by sex and municipalities of residence (NSTJ) ;A;Normal value
24021105IND01;70653;Kraljevo;00;2018;2;Female;14023;NR;number;SORS;Registered employment by sex and municipalities of residence (NSTJ) ;A;Normal value
24021105IND01;70653;Kraljevo;00;2017;0;Total;31264;NR;number;SORS;Registered employment by sex and municipalities of residence (NSTJ) ;A;Normal value
24021105IND01;70653;Kraljevo;00;2017;1;Male;17798;NR;number;SORS;Registered employment by sex and municipalities of residence (NSTJ) ;A;Normal value
24021105IND01;70653;Kraljevo;00;2017;2;Female;13466;NR;number;SORS;Registered employment by sex and municipalities of residence (NSTJ) ;A;Normal value
24021105IND01;70653;Kraljevo;00;2016;0;Total;30346;NR;number;SORS;Registered employment by sex and municipalities of residence (NSTJ) ;A;Normal value
24021105IND01;70653;Kraljevo;00;2016;1;Male;17343;NR;number;SORS;Registered employment by sex and municipalities of residence (NSTJ) ;A;Normal value
24021105IND01;70653;Kraljevo;00;2016;2;Female;13003;NR;number;SORS;Registered employment by sex and municipalities of residence (NSTJ) ;A;Normal value
24021105IND01;70661;Krupanj;00;2016;0;Total;3526;NR;number;SORS;Registered employment by sex and municipalities of residence (NSTJ) ;A;Normal value
24021105IND01;70661;Krupanj;00;2016;1;Male;2387;NR;number;SORS;Registered employment by sex and municipalities of residence (NSTJ) ;A;Normal value
24021105IND01;70661;Krupanj;00;2016;2;Female;1140;NR;number;SORS;Registered employment by sex and municipalities of residence (NSTJ) ;A;Normal value
24021105IND01;70661;Krupanj;00;2017;0;Total;3636;NR;number;SORS;Registered employment by sex and municipalities of residence (NSTJ) ;A;Normal value
24021105IND01;70661;Krupanj;00;2017;1;Male;2436;NR;number;SORS;Registered employment by sex and municipalities of residence (NSTJ) ;A;Normal value
24021105IND01;70661;Krupanj;00;2017;2;Female;1201;NR;number;SORS;Registered employment by sex and municipalities of residence (NSTJ) ;A;Normal value
24021105IND01;70661;Krupanj;00;2018;0;Total;3793;NR;number;SORS;Registered employment by sex and municipalities of residence (NSTJ) ;A;Normal value
24021105IND01;70661;Krupanj;00;2018;1;Male;2513;NR;number;SORS;Registered employment by sex and municipalities of residence (NSTJ) ;A;Normal value
24021105IND01;70661;Krupanj;00;2018;2;Female;1280;NR;number;SORS;Registered employment by sex and municipalities of residence (NSTJ) ;A;Normal value
24021105IND01;70661;Krupanj;00;2019;0;Total;3938;NR;number;SORS;Registered employment by sex and municipalities of residence (NSTJ) ;A;Normal value
24021105IND01;70661;Krupanj;00;2019;1;Male;2615;NR;number;SORS;Registered employment by sex and municipalities of residence (NSTJ) ;A;Normal value
24021105IND01;70661;Krupanj;00;2019;2;Female;1323;NR;number;SORS;Registered employment by sex and municipalities of residence (NSTJ) ;A;Normal value
24021105IND01;70661;Krupanj;00;2020;0;Total;4041;NR;number;SORS;Registered employment by sex and municipalities of residence (NSTJ) ;A;Normal value
24021105IND01;70661;Krupanj;00;2020;1;Male;2655;NR;number;SORS;Registered employment by sex and municipalities of residence (NSTJ) ;A;Normal value
24021105IND01;70661;Krupanj;00;2020;2;Female;1386;NR;number;SORS;Registered employment by sex and municipalities of residence (NSTJ) ;A;Normal value
24021105IND01;70661;Krupanj;00;2021;0;Total;4109;NR;number;SORS;Registered employment by sex and municipalities of residence (NSTJ) ;A;Normal value
24021105IND01;70661;Krupanj;00;2021;1;Male;2675;NR;number;SORS;Registered employment by sex and municipalities of residence (NSTJ) ;A;Normal value
24021105IND01;70661;Krupanj;00;2021;2;Female;1434;NR;number;SORS;Registered employment by sex and municipalities of residence (NSTJ) ;A;Normal value
24021105IND01;70661;Krupanj;00;2022;0;Total;4134;NR;number;SORS;Registered employment by sex and municipalities of residence (NSTJ) ;A;Normal value
24021105IND01;70661;Krupanj;00;2022;1;Male;2657;NR;number;SORS;Registered employment by sex and municipalities of residence (NSTJ) ;A;Normal value
24021105IND01;70661;Krupanj;00;2022;2;Female;1477;NR;number;SORS;Registered employment by sex and municipalities of residence (NSTJ) ;A;Normal value
24021105IND01;70661;Krupanj;00;2023;0;Total;4178;NR;number;SORS;Registered employment by sex and municipalities of residence (NSTJ) ;A;Normal value
24021105IND01;70661;Krupanj;00;2023;1;Male;2666;NR;number;SORS;Registered employment by sex and municipalities of residence (NSTJ) ;A;Normal value
24021105IND01;70661;Krupanj;00;2023;2;Female;1512;NR;number;SORS;Registered employment by sex and municipalities of residence (NSTJ) ;A;Normal value
24021105IND01;70661;Krupanj;00;2024;0;Total;4182;NR;number;SORS;Registered employment by sex and municipalities of residence (NSTJ) ;A;Normal value
24021105IND01;70661;Krupanj;00;2024;1;Male;2633;NR;number;SORS;Registered employment by sex and municipalities of residence (NSTJ) ;A;Normal value
24021105IND01;70661;Krupanj;00;2024;2;Female;1549;NR;number;SORS;Registered employment by sex and municipalities of residence (NSTJ) ;A;Normal value
24021105IND01;70661;Krupanj;00;2025;0;Total;4235;NR;number;SORS;Registered employment by sex and municipalities of residence (NSTJ) ;A;Normal value
24021105IND01;70661;Krupanj;00;2025;1;Male;2640;NR;number;SORS;Registered employment by sex and municipalities of residence (NSTJ) ;A;Normal value
24021105IND01;70661;Krupanj;00;2025;2;Female;1595;NR;number;SORS;Registered employment by sex and municipalities of residence (NSTJ) ;A;Normal value
24021105IND01;70670;Kruševac;00;2025;0;Total;40776;NR;number;SORS;Registered employment by sex and municipalities of residence (NSTJ) ;A;Normal value
24021105IND01;70670;Kruševac;00;2025;1;Male;22327;NR;number;SORS;Registered employment by sex and municipalities of residence (NSTJ) ;A;Normal value
24021105IND01;70670;Kruševac;00;2025;2;Female;18449;NR;number;SORS;Registered employment by sex and municipalities of residence (NSTJ) ;A;Normal value
24021105IND01;70670;Kruševac;00;2024;0;Total;40862;NR;number;SORS;Registered employment by sex and municipalities of residence (NSTJ) ;A;Normal value
24021105IND01;70670;Kruševac;00;2024;1;Male;22394;NR;number;SORS;Registered employment by sex and municipalities of residence (NSTJ) ;A;Normal value
24021105IND01;70670;Kruševac;00;2024;2;Female;18468;NR;number;SORS;Registered employment by sex and municipalities of residence (NSTJ) ;A;Normal value
24021105IND01;70670;Kruševac;00;2023;0;Total;40192;NR;number;SORS;Registered employment by sex and municipalities of residence (NSTJ) ;A;Normal value
24021105IND01;70670;Kruševac;00;2023;1;Male;22095;NR;number;SORS;Registered employment by sex and municipalities of residence (NSTJ) ;A;Normal value
24021105IND01;70670;Kruševac;00;2023;2;Female;18097;NR;number;SORS;Registered employment by sex and municipalities of residence (NSTJ) ;A;Normal value
24021105IND01;70670;Kruševac;00;2022;0;Total;39507;NR;number;SORS;Registered employment by sex and municipalities of residence (NSTJ) ;A;Normal value
24021105IND01;70670;Kruševac;00;2022;1;Male;21756;NR;number;SORS;Registered employment by sex and municipalities of residence (NSTJ) ;A;Normal value
24021105IND01;70670;Kruševac;00;2022;2;Female;17751;NR;number;SORS;Registered employment by sex and municipalities of residence (NSTJ) ;A;Normal value
24021105IND01;70670;Kruševac;00;2021;0;Total;37867;NR;number;SORS;Registered employment by sex and municipalities of residence (NSTJ) ;A;Normal value
24021105IND01;70670;Kruševac;00;2021;1;Male;20440;NR;number;SORS;Registered employment by sex and municipalities of residence (NSTJ) ;A;Normal value
24021105IND01;70670;Kruševac;00;2021;2;Female;17427;NR;number;SORS;Registered employment by sex and municipalities of residence (NSTJ) ;A;Normal value
24021105IND01;70670;Kruševac;00;2020;0;Total;35153;NR;number;SORS;Registered employment by sex and municipalities of residence (NSTJ) ;A;Normal value
24021105IND01;70670;Kruševac;00;2020;1;Male;19123;NR;number;SORS;Registered employment by sex and municipalities of residence (NSTJ) ;A;Normal value
24021105IND01;70670;Kruševac;00;2020;2;Female;16030;NR;number;SORS;Registered employment by sex and municipalities of residence (NSTJ) ;A;Normal value
24021105IND01;70670;Kruševac;00;2019;0;Total;34445;NR;number;SORS;Registered employment by sex and municipalities of residence (NSTJ) ;A;Normal value
24021105IND01;70670;Kruševac;00;2019;1;Male;18782;NR;number;SORS;Registered employment by sex and municipalities of residence (NSTJ) ;A;Normal value
24021105IND01;70670;Kruševac;00;2019;2;Female;15663;NR;number;SORS;Registered employment by sex and municipalities of residence (NSTJ) ;A;Normal value
24021105IND01;70670;Kruševac;00;2018;0;Total;33287;NR;number;SORS;Registered employment by sex and municipalities of residence (NSTJ) ;A;Normal value
24021105IND01;70670;Kruševac;00;2018;1;Male;18267;NR;number;SORS;Registered employment by sex and municipalities of residence (NSTJ) ;A;Normal value
24021105IND01;70670;Kruševac;00;2018;2;Female;15020;NR;number;SORS;Registered employment by sex and municipalities of residence (NSTJ) ;A;Normal value
24021105IND01;70670;Kruševac;00;2017;0;Total;32161;NR;number;SORS;Registered employment by sex and municipalities of residence (NSTJ) ;A;Normal value
24021105IND01;70670;Kruševac;00;2017;1;Male;17758;NR;number;SORS;Registered employment by sex and municipalities of residence (NSTJ) ;A;Normal value
24021105IND01;70670;Kruševac;00;2017;2;Female;14404;NR;number;SORS;Registered employment by sex and municipalities of residence (NSTJ) ;A;Normal value
24021105IND01;70670;Kruševac;00;2016;0;Total;31255;NR;number;SORS;Registered employment by sex and municipalities of residence (NSTJ) ;A;Normal value
24021105IND01;70670;Kruševac;00;2016;1;Male;17271;NR;number;SORS;Registered employment by sex and municipalities of residence (NSTJ) ;A;Normal value
24021105IND01;70670;Kruševac;00;2016;2;Female;13983;NR;number;SORS;Registered employment by sex and municipalities of residence (NSTJ) ;A;Normal value
24021105IND01;70688;Kuršumlija;00;2016;0;Total;4288;NR;number;SORS;Registered employment by sex and municipalities of residence (NSTJ) ;A;Normal value
24021105IND01;70688;Kuršumlija;00;2016;1;Male;2591;NR;number;SORS;Registered employment by sex and municipalities of residence (NSTJ) ;A;Normal value
24021105IND01;70688;Kuršumlija;00;2016;2;Female;1697;NR;number;SORS;Registered employment by sex and municipalities of residence (NSTJ) ;A;Normal value
24021105IND01;70688;Kuršumlija;00;2017;0;Total;4328;NR;number;SORS;Registered employment by sex and municipalities of residence (NSTJ) ;A;Normal value
24021105IND01;70688;Kuršumlija;00;2017;1;Male;2621;NR;number;SORS;Registered employment by sex and municipalities of residence (NSTJ) ;A;Normal value
24021105IND01;70688;Kuršumlija;00;2017;2;Female;1707;NR;number;SORS;Registered employment by sex and municipalities of residence (NSTJ) ;A;Normal value
24021105IND01;70688;Kuršumlija;00;2018;0;Total;4415;NR;number;SORS;Registered employment by sex and municipalities of residence (NSTJ) ;A;Normal value
24021105IND01;70688;Kuršumlija;00;2018;1;Male;2665;NR;number;SORS;Registered employment by sex and municipalities of residence (NSTJ) ;A;Normal value
24021105IND01;70688;Kuršumlija;00;2018;2;Female;1749;NR;number;SORS;Registered employment by sex and municipalities of residence (NSTJ) ;A;Normal value
24021105IND01;70688;Kuršumlija;00;2019;0;Total;4554;NR;number;SORS;Registered employment by sex and municipalities of residence (NSTJ) ;A;Normal value
24021105IND01;70688;Kuršumlija;00;2019;1;Male;2711;NR;number;SORS;Registered employment by sex and municipalities of residence (NSTJ) ;A;Normal value
24021105IND01;70688;Kuršumlija;00;2019;2;Female;1843;NR;number;SORS;Registered employment by sex and municipalities of residence (NSTJ) ;A;Normal value
24021105IND01;70688;Kuršumlija;00;2020;0;Total;4634;NR;number;SORS;Registered employment by sex and municipalities of residence (NSTJ) ;A;Normal value
24021105IND01;70688;Kuršumlija;00;2020;1;Male;2745;NR;number;SORS;Registered employment by sex and municipalities of residence (NSTJ) ;A;Normal value
24021105IND01;70688;Kuršumlija;00;2020;2;Female;1889;NR;number;SORS;Registered employment by sex and municipalities of residence (NSTJ) ;A;Normal value
24021105IND01;70688;Kuršumlija;00;2021;0;Total;4713;NR;number;SORS;Registered employment by sex and municipalities of residence (NSTJ) ;A;Normal value
24021105IND01;70688;Kuršumlija;00;2021;1;Male;2785;NR;number;SORS;Registered employment by sex and municipalities of residence (NSTJ) ;A;Normal value
24021105IND01;70688;Kuršumlija;00;2021;2;Female;1928;NR;number;SORS;Registered employment by sex and municipalities of residence (NSTJ) ;A;Normal value
24021105IND01;70688;Kuršumlija;00;2022;0;Total;4850;NR;number;SORS;Registered employment by sex and municipalities of residence (NSTJ) ;A;Normal value
24021105IND01;70688;Kuršumlija;00;2022;1;Male;2829;NR;number;SORS;Registered employment by sex and municipalities of residence (NSTJ) ;A;Normal value
24021105IND01;70688;Kuršumlija;00;2022;2;Female;2021;NR;number;SORS;Registered employment by sex and municipalities of residence (NSTJ) ;A;Normal value
24021105IND01;70688;Kuršumlija;00;2023;0;Total;5004;NR;number;SORS;Registered employment by sex and municipalities of residence (NSTJ) ;A;Normal value
24021105IND01;70688;Kuršumlija;00;2023;1;Male;2881;NR;number;SORS;Registered employment by sex and municipalities of residence (NSTJ) ;A;Normal value
24021105IND01;70688;Kuršumlija;00;2023;2;Female;2124;NR;number;SORS;Registered employment by sex and municipalities of residence (NSTJ) ;A;Normal value
24021105IND01;70688;Kuršumlija;00;2024;0;Total;5034;NR;number;SORS;Registered employment by sex and municipalities of residence (NSTJ) ;A;Normal value
24021105IND01;70688;Kuršumlija;00;2024;1;Male;2878;NR;number;SORS;Registered employment by sex and municipalities of residence (NSTJ) ;A;Normal value
24021105IND01;70688;Kuršumlija;00;2024;2;Female;2156;NR;number;SORS;Registered employment by sex and municipalities of residence (NSTJ) ;A;Normal value
24021105IND01;70688;Kuršumlija;00;2025;0;Total;4960;NR;number;SORS;Registered employment by sex and municipalities of residence (NSTJ) ;A;Normal value
24021105IND01;70688;Kuršumlija;00;2025;1;Male;2822;NR;number;SORS;Registered employment by sex and municipalities of residence (NSTJ) ;A;Normal value
24021105IND01;70688;Kuršumlija;00;2025;2;Female;2139;NR;number;SORS;Registered employment by sex and municipalities of residence (NSTJ) ;A;Normal value
24021105IND01;70696;Kučevo;00;2025;0;Total;2724;NR;number;SORS;Registered employment by sex and municipalities of residence (NSTJ) ;A;Normal value
24021105IND01;70696;Kučevo;00;2025;1;Male;1593;NR;number;SORS;Registered employment by sex and municipalities of residence (NSTJ) ;A;Normal value
24021105IND01;70696;Kučevo;00;2025;2;Female;1131;NR;number;SORS;Registered employment by sex and municipalities of residence (NSTJ) ;A;Normal value
24021105IND01;70696;Kučevo;00;2024;0;Total;2789;NR;number;SORS;Registered employment by sex and municipalities of residence (NSTJ) ;A;Normal value
24021105IND01;70696;Kučevo;00;2024;1;Male;1639;NR;number;SORS;Registered employment by sex and municipalities of residence (NSTJ) ;A;Normal value
24021105IND01;70696;Kučevo;00;2024;2;Female;1149;NR;number;SORS;Registered employment by sex and municipalities of residence (NSTJ) ;A;Normal value
24021105IND01;70696;Kučevo;00;2023;0;Total;2851;NR;number;SORS;Registered employment by sex and municipalities of residence (NSTJ) ;A;Normal value
24021105IND01;70696;Kučevo;00;2023;1;Male;1681;NR;number;SORS;Registered employment by sex and municipalities of residence (NSTJ) ;A;Normal value
24021105IND01;70696;Kučevo;00;2023;2;Female;1170;NR;number;SORS;Registered employment by sex and municipalities of residence (NSTJ) ;A;Normal value
24021105IND01;70696;Kučevo;00;2022;0;Total;2737;NR;number;SORS;Registered employment by sex and municipalities of residence (NSTJ) ;A;Normal value
24021105IND01;70696;Kučevo;00;2022;1;Male;1594;NR;number;SORS;Registered employment by sex and municipalities of residence (NSTJ) ;A;Normal value
24021105IND01;70696;Kučevo;00;2022;2;Female;1143;NR;number;SORS;Registered employment by sex and municipalities of residence (NSTJ) ;A;Normal value
24021105IND01;70696;Kučevo;00;2021;0;Total;2598;NR;number;SORS;Registered employment by sex and municipalities of residence (NSTJ) ;A;Normal value
24021105IND01;70696;Kučevo;00;2021;1;Male;1482;NR;number;SORS;Registered employment by sex and municipalities of residence (NSTJ) ;A;Normal value
24021105IND01;70696;Kučevo;00;2021;2;Female;1116;NR;number;SORS;Registered employment by sex and municipalities of residence (NSTJ) ;A;Normal value
24021105IND01;70696;Kučevo;00;2020;0;Total;2544;NR;number;SORS;Registered employment by sex and municipalities of residence (NSTJ) ;A;Normal value
24021105IND01;70696;Kučevo;00;2020;1;Male;1458;NR;number;SORS;Registered employment by sex and municipalities of residence (NSTJ) ;A;Normal value
24021105IND01;70696;Kučevo;00;2020;2;Female;1086;NR;number;SORS;Registered employment by sex and municipalities of residence (NSTJ) ;A;Normal value
24021105IND01;70696;Kučevo;00;2019;0;Total;2562;NR;number;SORS;Registered employment by sex and municipalities of residence (NSTJ) ;A;Normal value
24021105IND01;70696;Kučevo;00;2019;1;Male;1494;NR;number;SORS;Registered employment by sex and municipalities of residence (NSTJ) ;A;Normal value
24021105IND01;70696;Kučevo;00;2019;2;Female;1068;NR;number;SORS;Registered employment by sex and municipalities of residence (NSTJ) ;A;Normal value
24021105IND01;70696;Kučevo;00;2018;0;Total;2569;NR;number;SORS;Registered employment by sex and municipalities of residence (NSTJ) ;A;Normal value
24021105IND01;70696;Kučevo;00;2018;1;Male;1519;NR;number;SORS;Registered employment by sex and municipalities of residence (NSTJ) ;A;Normal value
24021105IND01;70696;Kučevo;00;2018;2;Female;1050;NR;number;SORS;Registered employment by sex and municipalities of residence (NSTJ) ;A;Normal value
24021105IND01;70696;Kučevo;00;2017;0;Total;2546;NR;number;SORS;Registered employment by sex and municipalities of residence (NSTJ) ;A;Normal value
24021105IND01;70696;Kučevo;00;2017;1;Male;1508;NR;number;SORS;Registered employment by sex and municipalities of residence (NSTJ) ;A;Normal value
24021105IND01;70696;Kučevo;00;2017;2;Female;1038;NR;number;SORS;Registered employment by sex and municipalities of residence (NSTJ) ;A;Normal value
24021105IND01;70696;Kučevo;00;2016;0;Total;2573;NR;number;SORS;Registered employment by sex and municipalities of residence (NSTJ) ;A;Normal value
24021105IND01;70696;Kučevo;00;2016;1;Male;1543;NR;number;SORS;Registered employment by sex and municipalities of residence (NSTJ) ;A;Normal value
24021105IND01;70696;Kučevo;00;2016;2;Female;1030;NR;number;SORS;Registered employment by sex and municipalities of residence (NSTJ) ;A;Normal value
24021105IND01;70700;Lajkovac;00;2016;0;Total;4227;NR;number;SORS;Registered employment by sex and municipalities of residence (NSTJ) ;A;Normal value
24021105IND01;70700;Lajkovac;00;2016;1;Male;2923;NR;number;SORS;Registered employment by sex and municipalities of residence (NSTJ) ;A;Normal value
24021105IND01;70700;Lajkovac;00;2016;2;Female;1304;NR;number;SORS;Registered employment by sex and municipalities of residence (NSTJ) ;A;Normal value
24021105IND01;70700;Lajkovac;00;2017;0;Total;4236;NR;number;SORS;Registered employment by sex and municipalities of residence (NSTJ) ;A;Normal value
24021105IND01;70700;Lajkovac;00;2017;1;Male;2867;NR;number;SORS;Registered employment by sex and municipalities of residence (NSTJ) ;A;Normal value
24021105IND01;70700;Lajkovac;00;2017;2;Female;1369;NR;number;SORS;Registered employment by sex and municipalities of residence (NSTJ) ;A;Normal value
24021105IND01;70700;Lajkovac;00;2018;0;Total;4353;NR;number;SORS;Registered employment by sex and municipalities of residence (NSTJ) ;A;Normal value
24021105IND01;70700;Lajkovac;00;2018;1;Male;2887;NR;number;SORS;Registered employment by sex and municipalities of residence (NSTJ) ;A;Normal value
24021105IND01;70700;Lajkovac;00;2018;2;Female;1466;NR;number;SORS;Registered employment by sex and municipalities of residence (NSTJ) ;A;Normal value
24021105IND01;70700;Lajkovac;00;2019;0;Total;4383;NR;number;SORS;Registered employment by sex and municipalities of residence (NSTJ) ;A;Normal value
24021105IND01;70700;Lajkovac;00;2019;1;Male;2876;NR;number;SORS;Registered employment by sex and municipalities of residence (NSTJ) ;A;Normal value
24021105IND01;70700;Lajkovac;00;2019;2;Female;1508;NR;number;SORS;Registered employment by sex and municipalities of residence (NSTJ) ;A;Normal value
24021105IND01;70700;Lajkovac;00;2020;0;Total;4510;NR;number;SORS;Registered employment by sex and municipalities of residence (NSTJ) ;A;Normal value
24021105IND01;70700;Lajkovac;00;2020;1;Male;2909;NR;number;SORS;Registered employment by sex and municipalities of residence (NSTJ) ;A;Normal value
24021105IND01;70700;Lajkovac;00;2020;2;Female;1601;NR;number;SORS;Registered employment by sex and municipalities of residence (NSTJ) ;A;Normal value
24021105IND01;70700;Lajkovac;00;2021;0;Total;4643;NR;number;SORS;Registered employment by sex and municipalities of residence (NSTJ) ;A;Normal value
24021105IND01;70700;Lajkovac;00;2021;1;Male;2927;NR;number;SORS;Registered employment by sex and municipalities of residence (NSTJ) ;A;Normal value
24021105IND01;70700;Lajkovac;00;2021;2;Female;1716;NR;number;SORS;Registered employment by sex and municipalities of residence (NSTJ) ;A;Normal value
24021105IND01;70700;Lajkovac;00;2022;0;Total;4800;NR;number;SORS;Registered employment by sex and municipalities of residence (NSTJ) ;A;Normal value
24021105IND01;70700;Lajkovac;00;2022;1;Male;3008;NR;number;SORS;Registered employment by sex and municipalities of residence (NSTJ) ;A;Normal value
24021105IND01;70700;Lajkovac;00;2022;2;Female;1792;NR;number;SORS;Registered employment by sex and municipalities of residence (NSTJ) ;A;Normal value
24021105IND01;70700;Lajkovac;00;2023;0;Total;4958;NR;number;SORS;Registered employment by sex and municipalities of residence (NSTJ) ;A;Normal value
24021105IND01;70700;Lajkovac;00;2023;1;Male;3048;NR;number;SORS;Registered employment by sex and municipalities of residence (NSTJ) ;A;Normal value
24021105IND01;70700;Lajkovac;00;2023;2;Female;1911;NR;number;SORS;Registered employment by sex and municipalities of residence (NSTJ) ;A;Normal value
24021105IND01;70700;Lajkovac;00;2024;0;Total;4914;NR;number;SORS;Registered employment by sex and municipalities of residence (NSTJ) ;A;Normal value
24021105IND01;70700;Lajkovac;00;2024;1;Male;3003;NR;number;SORS;Registered employment by sex and municipalities of residence (NSTJ) ;A;Normal value
24021105IND01;70700;Lajkovac;00;2024;2;Female;1911;NR;number;SORS;Registered employment by sex and municipalities of residence (NSTJ) ;A;Normal value
24021105IND01;70700;Lajkovac;00;2025;0;Total;4745;NR;number;SORS;Registered employment by sex and municipalities of residence (NSTJ) ;A;Normal value
24021105IND01;70700;Lajkovac;00;2025;1;Male;2875;NR;number;SORS;Registered employment by sex and municipalities of residence (NSTJ) ;A;Normal value
24021105IND01;70700;Lajkovac;00;2025;2;Female;1870;NR;number;SORS;Registered employment by sex and municipalities of residence (NSTJ) ;A;Normal value
24021105IND01;70718;Lebane;00;2025;0;Total;4589;NR;number;SORS;Registered employment by sex and municipalities of residence (NSTJ) ;A;Normal value
24021105IND01;70718;Lebane;00;2025;1;Male;2530;NR;number;SORS;Registered employment by sex and municipalities of residence (NSTJ) ;A;Normal value
24021105IND01;70718;Lebane;00;2025;2;Female;2060;NR;number;SORS;Registered employment by sex and municipalities of residence (NSTJ) ;A;Normal value
24021105IND01;70718;Lebane;00;2024;0;Total;4670;NR;number;SORS;Registered employment by sex and municipalities of residence (NSTJ) ;A;Normal value
24021105IND01;70718;Lebane;00;2024;1;Male;2579;NR;number;SORS;Registered employment by sex and municipalities of residence (NSTJ) ;A;Normal value
24021105IND01;70718;Lebane;00;2024;2;Female;2091;NR;number;SORS;Registered employment by sex and municipalities of residence (NSTJ) ;A;Normal value
24021105IND01;70718;Lebane;00;2023;0;Total;4758;NR;number;SORS;Registered employment by sex and municipalities of residence (NSTJ) ;A;Normal value
24021105IND01;70718;Lebane;00;2023;1;Male;2658;NR;number;SORS;Registered employment by sex and municipalities of residence (NSTJ) ;A;Normal value
24021105IND01;70718;Lebane;00;2023;2;Female;2099;NR;number;SORS;Registered employment by sex and municipalities of residence (NSTJ) ;A;Normal value
24021105IND01;70718;Lebane;00;2022;0;Total;4756;NR;number;SORS;Registered employment by sex and municipalities of residence (NSTJ) ;A;Normal value
24021105IND01;70718;Lebane;00;2022;1;Male;2685;NR;number;SORS;Registered employment by sex and municipalities of residence (NSTJ) ;A;Normal value
24021105IND01;70718;Lebane;00;2022;2;Female;2072;NR;number;SORS;Registered employment by sex and municipalities of residence (NSTJ) ;A;Normal value
24021105IND01;70718;Lebane;00;2021;0;Total;4785;NR;number;SORS;Registered employment by sex and municipalities of residence (NSTJ) ;A;Normal value
24021105IND01;70718;Lebane;00;2021;1;Male;2752;NR;number;SORS;Registered employment by sex and municipalities of residence (NSTJ) ;A;Normal value
24021105IND01;70718;Lebane;00;2021;2;Female;2034;NR;number;SORS;Registered employment by sex and municipalities of residence (NSTJ) ;A;Normal value
24021105IND01;70718;Lebane;00;2020;0;Total;4586;NR;number;SORS;Registered employment by sex and municipalities of residence (NSTJ) ;A;Normal value
24021105IND01;70718;Lebane;00;2020;1;Male;2692;NR;number;SORS;Registered employment by sex and municipalities of residence (NSTJ) ;A;Normal value
24021105IND01;70718;Lebane;00;2020;2;Female;1894;NR;number;SORS;Registered employment by sex and municipalities of residence (NSTJ) ;A;Normal value
24021105IND01;70718;Lebane;00;2019;0;Total;4225;NR;number;SORS;Registered employment by sex and municipalities of residence (NSTJ) ;A;Normal value
24021105IND01;70718;Lebane;00;2019;1;Male;2497;NR;number;SORS;Registered employment by sex and municipalities of residence (NSTJ) ;A;Normal value
24021105IND01;70718;Lebane;00;2019;2;Female;1727;NR;number;SORS;Registered employment by sex and municipalities of residence (NSTJ) ;A;Normal value
24021105IND01;70718;Lebane;00;2018;0;Total;3955;NR;number;SORS;Registered employment by sex and municipalities of residence (NSTJ) ;A;Normal value
24021105IND01;70718;Lebane;00;2018;1;Male;2323;NR;number;SORS;Registered employment by sex and municipalities of residence (NSTJ) ;A;Normal value
24021105IND01;70718;Lebane;00;2018;2;Female;1632;NR;number;SORS;Registered employment by sex and municipalities of residence (NSTJ) ;A;Normal value
24021105IND01;70718;Lebane;00;2017;0;Total;3631;NR;number;SORS;Registered employment by sex and municipalities of residence (NSTJ) ;A;Normal value
24021105IND01;70718;Lebane;00;2017;1;Male;2189;NR;number;SORS;Registered employment by sex and municipalities of residence (NSTJ) ;A;Normal value
24021105IND01;70718;Lebane;00;2017;2;Female;1442;NR;number;SORS;Registered employment by sex and municipalities of residence (NSTJ) ;A;Normal value
24021105IND01;70718;Lebane;00;2016;0;Total;3505;NR;number;SORS;Registered employment by sex and municipalities of residence (NSTJ) ;A;Normal value
24021105IND01;70718;Lebane;00;2016;1;Male;2141;NR;number;SORS;Registered employment by sex and municipalities of residence (NSTJ) ;A;Normal value
24021105IND01;70718;Lebane;00;2016;2;Female;1364;NR;number;SORS;Registered employment by sex and municipalities of residence (NSTJ) ;A;Normal value
24021105IND01;70726;Leskovac;00;2016;0;Total;32271;NR;number;SORS;Registered employment by sex and municipalities of residence (NSTJ) ;A;Normal value
24021105IND01;70726;Leskovac;00;2016;1;Male;17643;NR;number;SORS;Registered employment by sex and municipalities of residence (NSTJ) ;A;Normal value
24021105IND01;70726;Leskovac;00;2016;2;Female;14629;NR;number;SORS;Registered employment by sex and municipalities of residence (NSTJ) ;A;Normal value
24021105IND01;70726;Leskovac;00;2017;0;Total;33301;NR;number;SORS;Registered employment by sex and municipalities of residence (NSTJ) ;A;Normal value
24021105IND01;70726;Leskovac;00;2017;1;Male;18143;NR;number;SORS;Registered employment by sex and municipalities of residence (NSTJ) ;A;Normal value
24021105IND01;70726;Leskovac;00;2017;2;Female;15158;NR;number;SORS;Registered employment by sex and municipalities of residence (NSTJ) ;A;Normal value
24021105IND01;70726;Leskovac;00;2018;0;Total;34686;NR;number;SORS;Registered employment by sex and municipalities of residence (NSTJ) ;A;Normal value
24021105IND01;70726;Leskovac;00;2018;1;Male;18799;NR;number;SORS;Registered employment by sex and municipalities of residence (NSTJ) ;A;Normal value
24021105IND01;70726;Leskovac;00;2018;2;Female;15887;NR;number;SORS;Registered employment by sex and municipalities of residence (NSTJ) ;A;Normal value
24021105IND01;70726;Leskovac;00;2019;0;Total;36190;NR;number;SORS;Registered employment by sex and municipalities of residence (NSTJ) ;A;Normal value
24021105IND01;70726;Leskovac;00;2019;1;Male;19488;NR;number;SORS;Registered employment by sex and municipalities of residence (NSTJ) ;A;Normal value
24021105IND01;70726;Leskovac;00;2019;2;Female;16702;NR;number;SORS;Registered employment by sex and municipalities of residence (NSTJ) ;A;Normal value
24021105IND01;70726;Leskovac;00;2020;0;Total;38754;NR;number;SORS;Registered employment by sex and municipalities of residence (NSTJ) ;A;Normal value
24021105IND01;70726;Leskovac;00;2020;1;Male;20676;NR;number;SORS;Registered employment by sex and municipalities of residence (NSTJ) ;A;Normal value
24021105IND01;70726;Leskovac;00;2020;2;Female;18078;NR;number;SORS;Registered employment by sex and municipalities of residence (NSTJ) ;A;Normal value
24021105IND01;70726;Leskovac;00;2021;0;Total;40310;NR;number;SORS;Registered employment by sex and municipalities of residence (NSTJ) ;A;Normal value
24021105IND01;70726;Leskovac;00;2021;1;Male;21427;NR;number;SORS;Registered employment by sex and municipalities of residence (NSTJ) ;A;Normal value
24021105IND01;70726;Leskovac;00;2021;2;Female;18882;NR;number;SORS;Registered employment by sex and municipalities of residence (NSTJ) ;A;Normal value
24021105IND01;70726;Leskovac;00;2022;0;Total;40375;NR;number;SORS;Registered employment by sex and municipalities of residence (NSTJ) ;A;Normal value
24021105IND01;70726;Leskovac;00;2022;1;Male;21217;NR;number;SORS;Registered employment by sex and municipalities of residence (NSTJ) ;A;Normal value
24021105IND01;70726;Leskovac;00;2022;2;Female;19159;NR;number;SORS;Registered employment by sex and municipalities of residence (NSTJ) ;A;Normal value
24021105IND01;70726;Leskovac;00;2023;0;Total;40337;NR;number;SORS;Registered employment by sex and municipalities of residence (NSTJ) ;A;Normal value
24021105IND01;70726;Leskovac;00;2023;1;Male;21062;NR;number;SORS;Registered employment by sex and municipalities of residence (NSTJ) ;A;Normal value
24021105IND01;70726;Leskovac;00;2023;2;Female;19275;NR;number;SORS;Registered employment by sex and municipalities of residence (NSTJ) ;A;Normal value
24021105IND01;70726;Leskovac;00;2024;0;Total;39614;NR;number;SORS;Registered employment by sex and municipalities of residence (NSTJ) ;A;Normal value
24021105IND01;70726;Leskovac;00;2024;1;Male;20688;NR;number;SORS;Registered employment by sex and municipalities of residence (NSTJ) ;A;Normal value
24021105IND01;70726;Leskovac;00;2024;2;Female;18926;NR;number;SORS;Registered employment by sex and municipalities of residence (NSTJ) ;A;Normal value
24021105IND01;70726;Leskovac;00;2025;0;Total;38597;NR;number;SORS;Registered employment by sex and municipalities of residence (NSTJ) ;A;Normal value
24021105IND01;70726;Leskovac;00;2025;1;Male;20166;NR;number;SORS;Registered employment by sex and municipalities of residence (NSTJ) ;A;Normal value
24021105IND01;70726;Leskovac;00;2025;2;Female;18431;NR;number;SORS;Registered employment by sex and municipalities of residence (NSTJ) ;A;Normal value
24021105IND01;70734;Loznica;00;2025;0;Total;22803;NR;number;SORS;Registered employment by sex and municipalities of residence (NSTJ) ;A;Normal value
24021105IND01;70734;Loznica;00;2025;1;Male;12227;NR;number;SORS;Registered employment by sex and municipalities of residence (NSTJ) ;A;Normal value
24021105IND01;70734;Loznica;00;2025;2;Female;10576;NR;number;SORS;Registered employment by sex and municipalities of residence (NSTJ) ;A;Normal value
24021105IND01;70734;Loznica;00;2024;0;Total;23158;NR;number;SORS;Registered employment by sex and municipalities of residence (NSTJ) ;A;Normal value
24021105IND01;70734;Loznica;00;2024;1;Male;12359;NR;number;SORS;Registered employment by sex and municipalities of residence (NSTJ) ;A;Normal value
24021105IND01;70734;Loznica;00;2024;2;Female;10799;NR;number;SORS;Registered employment by sex and municipalities of residence (NSTJ) ;A;Normal value
24021105IND01;70734;Loznica;00;2023;0;Total;23105;NR;number;SORS;Registered employment by sex and municipalities of residence (NSTJ) ;A;Normal value
24021105IND01;70734;Loznica;00;2023;1;Male;12286;NR;number;SORS;Registered employment by sex and municipalities of residence (NSTJ) ;A;Normal value
24021105IND01;70734;Loznica;00;2023;2;Female;10819;NR;number;SORS;Registered employment by sex and municipalities of residence (NSTJ) ;A;Normal value
24021105IND01;70734;Loznica;00;2022;0;Total;22440;NR;number;SORS;Registered employment by sex and municipalities of residence (NSTJ) ;A;Normal value
24021105IND01;70734;Loznica;00;2022;1;Male;12068;NR;number;SORS;Registered employment by sex and municipalities of residence (NSTJ) ;A;Normal value
24021105IND01;70734;Loznica;00;2022;2;Female;10372;NR;number;SORS;Registered employment by sex and municipalities of residence (NSTJ) ;A;Normal value
24021105IND01;70734;Loznica;00;2021;0;Total;21782;NR;number;SORS;Registered employment by sex and municipalities of residence (NSTJ) ;A;Normal value
24021105IND01;70734;Loznica;00;2021;1;Male;11883;NR;number;SORS;Registered employment by sex and municipalities of residence (NSTJ) ;A;Normal value
24021105IND01;70734;Loznica;00;2021;2;Female;9898;NR;number;SORS;Registered employment by sex and municipalities of residence (NSTJ) ;A;Normal value
24021105IND01;70734;Loznica;00;2020;0;Total;21036;NR;number;SORS;Registered employment by sex and municipalities of residence (NSTJ) ;A;Normal value
24021105IND01;70734;Loznica;00;2020;1;Male;11465;NR;number;SORS;Registered employment by sex and municipalities of residence (NSTJ) ;A;Normal value
24021105IND01;70734;Loznica;00;2020;2;Female;9571;NR;number;SORS;Registered employment by sex and municipalities of residence (NSTJ) ;A;Normal value
24021105IND01;70734;Loznica;00;2019;0;Total;19897;NR;number;SORS;Registered employment by sex and municipalities of residence (NSTJ) ;A;Normal value
24021105IND01;70734;Loznica;00;2019;1;Male;10981;NR;number;SORS;Registered employment by sex and municipalities of residence (NSTJ) ;A;Normal value
24021105IND01;70734;Loznica;00;2019;2;Female;8916;NR;number;SORS;Registered employment by sex and municipalities of residence (NSTJ) ;A;Normal value
24021105IND01;70734;Loznica;00;2018;0;Total;19212;NR;number;SORS;Registered employment by sex and municipalities of residence (NSTJ) ;A;Normal value
24021105IND01;70734;Loznica;00;2018;1;Male;10659;NR;number;SORS;Registered employment by sex and municipalities of residence (NSTJ) ;A;Normal value
24021105IND01;70734;Loznica;00;2018;2;Female;8552;NR;number;SORS;Registered employment by sex and municipalities of residence (NSTJ) ;A;Normal value
24021105IND01;70734;Loznica;00;2017;0;Total;18248;NR;number;SORS;Registered employment by sex and municipalities of residence (NSTJ) ;A;Normal value
24021105IND01;70734;Loznica;00;2017;1;Male;10199;NR;number;SORS;Registered employment by sex and municipalities of residence (NSTJ) ;A;Normal value
24021105IND01;70734;Loznica;00;2017;2;Female;8049;NR;number;SORS;Registered employment by sex and municipalities of residence (NSTJ) ;A;Normal value
24021105IND01;70734;Loznica;00;2016;0;Total;17356;NR;number;SORS;Registered employment by sex and municipalities of residence (NSTJ) ;A;Normal value
24021105IND01;70734;Loznica;00;2016;1;Male;9810;NR;number;SORS;Registered employment by sex and municipalities of residence (NSTJ) ;A;Normal value
24021105IND01;70734;Loznica;00;2016;2;Female;7546;NR;number;SORS;Registered employment by sex and municipalities of residence (NSTJ) ;A;Normal value
24021105IND01;70742;Lučani;00;2016;0;Total;4577;NR;number;SORS;Registered employment by sex and municipalities of residence (NSTJ) ;A;Normal value
24021105IND01;70742;Lučani;00;2016;1;Male;2906;NR;number;SORS;Registered employment by sex and municipalities of residence (NSTJ) ;A;Normal value
24021105IND01;70742;Lučani;00;2016;2;Female;1670;NR;number;SORS;Registered employment by sex and municipalities of residence (NSTJ) ;A;Normal value
24021105IND01;70742;Lučani;00;2017;0;Total;4840;NR;number;SORS;Registered employment by sex and municipalities of residence (NSTJ) ;A;Normal value
24021105IND01;70742;Lučani;00;2017;1;Male;3035;NR;number;SORS;Registered employment by sex and municipalities of residence (NSTJ) ;A;Normal value
24021105IND01;70742;Lučani;00;2017;2;Female;1805;NR;number;SORS;Registered employment by sex and municipalities of residence (NSTJ) ;A;Normal value
24021105IND01;70742;Lučani;00;2018;0;Total;5145;NR;number;SORS;Registered employment by sex and municipalities of residence (NSTJ) ;A;Normal value
24021105IND01;70742;Lučani;00;2018;1;Male;3188;NR;number;SORS;Registered employment by sex and municipalities of residence (NSTJ) ;A;Normal value
24021105IND01;70742;Lučani;00;2018;2;Female;1957;NR;number;SORS;Registered employment by sex and municipalities of residence (NSTJ) ;A;Normal value
24021105IND01;70742;Lučani;00;2019;0;Total;5302;NR;number;SORS;Registered employment by sex and municipalities of residence (NSTJ) ;A;Normal value
24021105IND01;70742;Lučani;00;2019;1;Male;3259;NR;number;SORS;Registered employment by sex and municipalities of residence (NSTJ) ;A;Normal value
24021105IND01;70742;Lučani;00;2019;2;Female;2044;NR;number;SORS;Registered employment by sex and municipalities of residence (NSTJ) ;A;Normal value
24021105IND01;70742;Lučani;00;2020;0;Total;5453;NR;number;SORS;Registered employment by sex and municipalities of residence (NSTJ) ;A;Normal value
24021105IND01;70742;Lučani;00;2020;1;Male;3350;NR;number;SORS;Registered employment by sex and municipalities of residence (NSTJ) ;A;Normal value
24021105IND01;70742;Lučani;00;2020;2;Female;2103;NR;number;SORS;Registered employment by sex and municipalities of residence (NSTJ) ;A;Normal value
24021105IND01;70742;Lučani;00;2021;0;Total;5535;NR;number;SORS;Registered employment by sex and municipalities of residence (NSTJ) ;A;Normal value
24021105IND01;70742;Lučani;00;2021;1;Male;3408;NR;number;SORS;Registered employment by sex and municipalities of residence (NSTJ) ;A;Normal value
24021105IND01;70742;Lučani;00;2021;2;Female;2127;NR;number;SORS;Registered employment by sex and municipalities of residence (NSTJ) ;A;Normal value
24021105IND01;70742;Lučani;00;2022;0;Total;5545;NR;number;SORS;Registered employment by sex and municipalities of residence (NSTJ) ;A;Normal value
24021105IND01;70742;Lučani;00;2022;1;Male;3402;NR;number;SORS;Registered employment by sex and municipalities of residence (NSTJ) ;A;Normal value
24021105IND01;70742;Lučani;00;2022;2;Female;2143;NR;number;SORS;Registered employment by sex and municipalities of residence (NSTJ) ;A;Normal value
24021105IND01;70742;Lučani;00;2023;0;Total;5614;NR;number;SORS;Registered employment by sex and municipalities of residence (NSTJ) ;A;Normal value
24021105IND01;70742;Lučani;00;2023;1;Male;3405;NR;number;SORS;Registered employment by sex and municipalities of residence (NSTJ) ;A;Normal value
24021105IND01;70742;Lučani;00;2023;2;Female;2209;NR;number;SORS;Registered employment by sex and municipalities of residence (NSTJ) ;A;Normal value
24021105IND01;70742;Lučani;00;2024;0;Total;5625;NR;number;SORS;Registered employment by sex and municipalities of residence (NSTJ) ;A;Normal value
24021105IND01;70742;Lučani;00;2024;1;Male;3378;NR;number;SORS;Registered employment by sex and municipalities of residence (NSTJ) ;A;Normal value
24021105IND01;70742;Lučani;00;2024;2;Female;2247;NR;number;SORS;Registered employment by sex and municipalities of residence (NSTJ) ;A;Normal value
24021105IND01;70742;Lučani;00;2025;0;Total;5571;NR;number;SORS;Registered employment by sex and municipalities of residence (NSTJ) ;A;Normal value
24021105IND01;70742;Lučani;00;2025;1;Male;3300;NR;number;SORS;Registered employment by sex and municipalities of residence (NSTJ) ;A;Normal value
24021105IND01;70742;Lučani;00;2025;2;Female;2271;NR;number;SORS;Registered employment by sex and municipalities of residence (NSTJ) ;A;Normal value
24021105IND01;70769;Ljig;00;2025;0;Total;2937;NR;number;SORS;Registered employment by sex and municipalities of residence (NSTJ) ;A;Normal value
24021105IND01;70769;Ljig;00;2025;1;Male;1760;NR;number;SORS;Registered employment by sex and municipalities of residence (NSTJ) ;A;Normal value
24021105IND01;70769;Ljig;00;2025;2;Female;1177;NR;number;SORS;Registered employment by sex and municipalities of residence (NSTJ) ;A;Normal value
24021105IND01;70769;Ljig;00;2024;0;Total;3003;NR;number;SORS;Registered employment by sex and municipalities of residence (NSTJ) ;A;Normal value
24021105IND01;70769;Ljig;00;2024;1;Male;1810;NR;number;SORS;Registered employment by sex and municipalities of residence (NSTJ) ;A;Normal value
24021105IND01;70769;Ljig;00;2024;2;Female;1193;NR;number;SORS;Registered employment by sex and municipalities of residence (NSTJ) ;A;Normal value
24021105IND01;70769;Ljig;00;2023;0;Total;3049;NR;number;SORS;Registered employment by sex and municipalities of residence (NSTJ) ;A;Normal value
24021105IND01;70769;Ljig;00;2023;1;Male;1859;NR;number;SORS;Registered employment by sex and municipalities of residence (NSTJ) ;A;Normal value
24021105IND01;70769;Ljig;00;2023;2;Female;1190;NR;number;SORS;Registered employment by sex and municipalities of residence (NSTJ) ;A;Normal value
24021105IND01;70769;Ljig;00;2022;0;Total;2906;NR;number;SORS;Registered employment by sex and municipalities of residence (NSTJ) ;A;Normal value
24021105IND01;70769;Ljig;00;2022;1;Male;1787;NR;number;SORS;Registered employment by sex and municipalities of residence (NSTJ) ;A;Normal value
24021105IND01;70769;Ljig;00;2022;2;Female;1119;NR;number;SORS;Registered employment by sex and municipalities of residence (NSTJ) ;A;Normal value
24021105IND01;70769;Ljig;00;2021;0;Total;2959;NR;number;SORS;Registered employment by sex and municipalities of residence (NSTJ) ;A;Normal value
24021105IND01;70769;Ljig;00;2021;1;Male;1813;NR;number;SORS;Registered employment by sex and municipalities of residence (NSTJ) ;A;Normal value
24021105IND01;70769;Ljig;00;2021;2;Female;1146;NR;number;SORS;Registered employment by sex and municipalities of residence (NSTJ) ;A;Normal value
24021105IND01;70769;Ljig;00;2020;0;Total;2892;NR;number;SORS;Registered employment by sex and municipalities of residence (NSTJ) ;A;Normal value
24021105IND01;70769;Ljig;00;2020;1;Male;1796;NR;number;SORS;Registered employment by sex and municipalities of residence (NSTJ) ;A;Normal value
24021105IND01;70769;Ljig;00;2020;2;Female;1096;NR;number;SORS;Registered employment by sex and municipalities of residence (NSTJ) ;A;Normal value
24021105IND01;70769;Ljig;00;2019;0;Total;2809;NR;number;SORS;Registered employment by sex and municipalities of residence (NSTJ) ;A;Normal value
24021105IND01;70769;Ljig;00;2019;1;Male;1736;NR;number;SORS;Registered employment by sex and municipalities of residence (NSTJ) ;A;Normal value
24021105IND01;70769;Ljig;00;2019;2;Female;1073;NR;number;SORS;Registered employment by sex and municipalities of residence (NSTJ) ;A;Normal value
24021105IND01;70769;Ljig;00;2018;0;Total;2777;NR;number;SORS;Registered employment by sex and municipalities of residence (NSTJ) ;A;Normal value
24021105IND01;70769;Ljig;00;2018;1;Male;1723;NR;number;SORS;Registered employment by sex and municipalities of residence (NSTJ) ;A;Normal value
24021105IND01;70769;Ljig;00;2018;2;Female;1054;NR;number;SORS;Registered employment by sex and municipalities of residence (NSTJ) ;A;Normal value
24021105IND01;70769;Ljig;00;2017;0;Total;2670;NR;number;SORS;Registered employment by sex and municipalities of residence (NSTJ) ;A;Normal value
24021105IND01;70769;Ljig;00;2017;1;Male;1670;NR;number;SORS;Registered employment by sex and municipalities of residence (NSTJ) ;A;Normal value
24021105IND01;70769;Ljig;00;2017;2;Female;1001;NR;number;SORS;Registered employment by sex and municipalities of residence (NSTJ) ;A;Normal value
24021105IND01;70769;Ljig;00;2016;0;Total;2669;NR;number;SORS;Registered employment by sex and municipalities of residence (NSTJ) ;A;Normal value
24021105IND01;70769;Ljig;00;2016;1;Male;1692;NR;number;SORS;Registered employment by sex and municipalities of residence (NSTJ) ;A;Normal value
24021105IND01;70769;Ljig;00;2016;2;Female;977;NR;number;SORS;Registered employment by sex and municipalities of residence (NSTJ) ;A;Normal value
24021105IND01;70777;Ljubovija;00;2016;0;Total;3326;NR;number;SORS;Registered employment by sex and municipalities of residence (NSTJ) ;A;Normal value
24021105IND01;70777;Ljubovija;00;2016;1;Male;2193;NR;number;SORS;Registered employment by sex and municipalities of residence (NSTJ) ;A;Normal value
24021105IND01;70777;Ljubovija;00;2016;2;Female;1133;NR;number;SORS;Registered employment by sex and municipalities of residence (NSTJ) ;A;Normal value
24021105IND01;70777;Ljubovija;00;2017;0;Total;3413;NR;number;SORS;Registered employment by sex and municipalities of residence (NSTJ) ;A;Normal value
24021105IND01;70777;Ljubovija;00;2017;1;Male;2226;NR;number;SORS;Registered employment by sex and municipalities of residence (NSTJ) ;A;Normal value
24021105IND01;70777;Ljubovija;00;2017;2;Female;1187;NR;number;SORS;Registered employment by sex and municipalities of residence (NSTJ) ;A;Normal value
24021105IND01;70777;Ljubovija;00;2018;0;Total;3513;NR;number;SORS;Registered employment by sex and municipalities of residence (NSTJ) ;A;Normal value
24021105IND01;70777;Ljubovija;00;2018;1;Male;2264;NR;number;SORS;Registered employment by sex and municipalities of residence (NSTJ) ;A;Normal value
24021105IND01;70777;Ljubovija;00;2018;2;Female;1249;NR;number;SORS;Registered employment by sex and municipalities of residence (NSTJ) ;A;Normal value
24021105IND01;70777;Ljubovija;00;2019;0;Total;3563;NR;number;SORS;Registered employment by sex and municipalities of residence (NSTJ) ;A;Normal value
24021105IND01;70777;Ljubovija;00;2019;1;Male;2288;NR;number;SORS;Registered employment by sex and municipalities of residence (NSTJ) ;A;Normal value
24021105IND01;70777;Ljubovija;00;2019;2;Female;1275;NR;number;SORS;Registered employment by sex and municipalities of residence (NSTJ) ;A;Normal value
24021105IND01;70777;Ljubovija;00;2020;0;Total;3631;NR;number;SORS;Registered employment by sex and municipalities of residence (NSTJ) ;A;Normal value
24021105IND01;70777;Ljubovija;00;2020;1;Male;2331;NR;number;SORS;Registered employment by sex and municipalities of residence (NSTJ) ;A;Normal value
24021105IND01;70777;Ljubovija;00;2020;2;Female;1300;NR;number;SORS;Registered employment by sex and municipalities of residence (NSTJ) ;A;Normal value
24021105IND01;70777;Ljubovija;00;2021;0;Total;3679;NR;number;SORS;Registered employment by sex and municipalities of residence (NSTJ) ;A;Normal value
24021105IND01;70777;Ljubovija;00;2021;1;Male;2352;NR;number;SORS;Registered employment by sex and municipalities of residence (NSTJ) ;A;Normal value
24021105IND01;70777;Ljubovija;00;2021;2;Female;1327;NR;number;SORS;Registered employment by sex and municipalities of residence (NSTJ) ;A;Normal value
24021105IND01;70777;Ljubovija;00;2022;0;Total;3613;NR;number;SORS;Registered employment by sex and municipalities of residence (NSTJ) ;A;Normal value
24021105IND01;70777;Ljubovija;00;2022;1;Male;2260;NR;number;SORS;Registered employment by sex and municipalities of residence (NSTJ) ;A;Normal value
24021105IND01;70777;Ljubovija;00;2022;2;Female;1353;NR;number;SORS;Registered employment by sex and municipalities of residence (NSTJ) ;A;Normal value
24021105IND01;70777;Ljubovija;00;2023;0;Total;3608;NR;number;SORS;Registered employment by sex and municipalities of residence (NSTJ) ;A;Normal value
24021105IND01;70777;Ljubovija;00;2023;1;Male;2262;NR;number;SORS;Registered employment by sex and municipalities of residence (NSTJ) ;A;Normal value
24021105IND01;70777;Ljubovija;00;2023;2;Female;1346;NR;number;SORS;Registered employment by sex and municipalities of residence (NSTJ) ;A;Normal value
24021105IND01;70777;Ljubovija;00;2024;0;Total;3609;NR;number;SORS;Registered employment by sex and municipalities of residence (NSTJ) ;A;Normal value
24021105IND01;70777;Ljubovija;00;2024;1;Male;2219;NR;number;SORS;Registered employment by sex and municipalities of residence (NSTJ) ;A;Normal value
24021105IND01;70777;Ljubovija;00;2024;2;Female;1390;NR;number;SORS;Registered employment by sex and municipalities of residence (NSTJ) ;A;Normal value
24021105IND01;70777;Ljubovija;00;2025;0;Total;3578;NR;number;SORS;Registered employment by sex and municipalities of residence (NSTJ) ;A;Normal value
24021105IND01;70777;Ljubovija;00;2025;1;Male;2181;NR;number;SORS;Registered employment by sex and municipalities of residence (NSTJ) ;A;Normal value
24021105IND01;70777;Ljubovija;00;2025;2;Female;1396;NR;number;SORS;Registered employment by sex and municipalities of residence (NSTJ) ;A;Normal value
24021105IND01;70785;Majdanpek;00;2025;0;Total;5009;NR;number;SORS;Registered employment by sex and municipalities of residence (NSTJ) ;A;Normal value
24021105IND01;70785;Majdanpek;00;2025;1;Male;3164;NR;number;SORS;Registered employment by sex and municipalities of residence (NSTJ) ;A;Normal value
24021105IND01;70785;Majdanpek;00;2025;2;Female;1845;NR;number;SORS;Registered employment by sex and municipalities of residence (NSTJ) ;A;Normal value
24021105IND01;70785;Majdanpek;00;2024;0;Total;5023;NR;number;SORS;Registered employment by sex and municipalities of residence (NSTJ) ;A;Normal value
24021105IND01;70785;Majdanpek;00;2024;1;Male;3146;NR;number;SORS;Registered employment by sex and municipalities of residence (NSTJ) ;A;Normal value
24021105IND01;70785;Majdanpek;00;2024;2;Female;1877;NR;number;SORS;Registered employment by sex and municipalities of residence (NSTJ) ;A;Normal value
24021105IND01;70785;Majdanpek;00;2023;0;Total;5012;NR;number;SORS;Registered employment by sex and municipalities of residence (NSTJ) ;A;Normal value
24021105IND01;70785;Majdanpek;00;2023;1;Male;3146;NR;number;SORS;Registered employment by sex and municipalities of residence (NSTJ) ;A;Normal value
24021105IND01;70785;Majdanpek;00;2023;2;Female;1866;NR;number;SORS;Registered employment by sex and municipalities of residence (NSTJ) ;A;Normal value
24021105IND01;70785;Majdanpek;00;2022;0;Total;4622;NR;number;SORS;Registered employment by sex and municipalities of residence (NSTJ) ;A;Normal value
24021105IND01;70785;Majdanpek;00;2022;1;Male;2847;NR;number;SORS;Registered employment by sex and municipalities of residence (NSTJ) ;A;Normal value
24021105IND01;70785;Majdanpek;00;2022;2;Female;1775;NR;number;SORS;Registered employment by sex and municipalities of residence (NSTJ) ;A;Normal value
24021105IND01;70785;Majdanpek;00;2021;0;Total;4309;NR;number;SORS;Registered employment by sex and municipalities of residence (NSTJ) ;A;Normal value
24021105IND01;70785;Majdanpek;00;2021;1;Male;2661;NR;number;SORS;Registered employment by sex and municipalities of residence (NSTJ) ;A;Normal value
24021105IND01;70785;Majdanpek;00;2021;2;Female;1648;NR;number;SORS;Registered employment by sex and municipalities of residence (NSTJ) ;A;Normal value
24021105IND01;70785;Majdanpek;00;2020;0;Total;4057;NR;number;SORS;Registered employment by sex and municipalities of residence (NSTJ) ;A;Normal value
24021105IND01;70785;Majdanpek;00;2020;1;Male;2503;NR;number;SORS;Registered employment by sex and municipalities of residence (NSTJ) ;A;Normal value
24021105IND01;70785;Majdanpek;00;2020;2;Female;1554;NR;number;SORS;Registered employment by sex and municipalities of residence (NSTJ) ;A;Normal value
24021105IND01;70785;Majdanpek;00;2019;0;Total;4209;NR;number;SORS;Registered employment by sex and municipalities of residence (NSTJ) ;A;Normal value
24021105IND01;70785;Majdanpek;00;2019;1;Male;2671;NR;number;SORS;Registered employment by sex and municipalities of residence (NSTJ) ;A;Normal value
24021105IND01;70785;Majdanpek;00;2019;2;Female;1537;NR;number;SORS;Registered employment by sex and municipalities of residence (NSTJ) ;A;Normal value
24021105IND01;70785;Majdanpek;00;2018;0;Total;4417;NR;number;SORS;Registered employment by sex and municipalities of residence (NSTJ) ;A;Normal value
24021105IND01;70785;Majdanpek;00;2018;1;Male;2855;NR;number;SORS;Registered employment by sex and municipalities of residence (NSTJ) ;A;Normal value
24021105IND01;70785;Majdanpek;00;2018;2;Female;1562;NR;number;SORS;Registered employment by sex and municipalities of residence (NSTJ) ;A;Normal value
24021105IND01;70785;Majdanpek;00;2017;0;Total;4414;NR;number;SORS;Registered employment by sex and municipalities of residence (NSTJ) ;A;Normal value
24021105IND01;70785;Majdanpek;00;2017;1;Male;2855;NR;number;SORS;Registered employment by sex and municipalities of residence (NSTJ) ;A;Normal value
24021105IND01;70785;Majdanpek;00;2017;2;Female;1558;NR;number;SORS;Registered employment by sex and municipalities of residence (NSTJ) ;A;Normal value
24021105IND01;70785;Majdanpek;00;2016;0;Total;4392;NR;number;SORS;Registered employment by sex and municipalities of residence (NSTJ) ;A;Normal value
24021105IND01;70785;Majdanpek;00;2016;1;Male;2846;NR;number;SORS;Registered employment by sex and municipalities of residence (NSTJ) ;A;Normal value
24021105IND01;70785;Majdanpek;00;2016;2;Female;1546;NR;number;SORS;Registered employment by sex and municipalities of residence (NSTJ) ;A;Normal value
24021105IND01;70793;Mali Zvornik;00;2016;0;Total;2414;NR;number;SORS;Registered employment by sex and municipalities of residence (NSTJ) ;A;Normal value
24021105IND01;70793;Mali Zvornik;00;2016;1;Male;1627;NR;number;SORS;Registered employment by sex and municipalities of residence (NSTJ) ;A;Normal value
24021105IND01;70793;Mali Zvornik;00;2016;2;Female;787;NR;number;SORS;Registered employment by sex and municipalities of residence (NSTJ) ;A;Normal value
24021105IND01;70793;Mali Zvornik;00;2017;0;Total;2499;NR;number;SORS;Registered employment by sex and municipalities of residence (NSTJ) ;A;Normal value
24021105IND01;70793;Mali Zvornik;00;2017;1;Male;1670;NR;number;SORS;Registered employment by sex and municipalities of residence (NSTJ) ;A;Normal value
24021105IND01;70793;Mali Zvornik;00;2017;2;Female;828;NR;number;SORS;Registered employment by sex and municipalities of residence (NSTJ) ;A;Normal value
24021105IND01;70793;Mali Zvornik;00;2018;0;Total;2644;NR;number;SORS;Registered employment by sex and municipalities of residence (NSTJ) ;A;Normal value
24021105IND01;70793;Mali Zvornik;00;2018;1;Male;1776;NR;number;SORS;Registered employment by sex and municipalities of residence (NSTJ) ;A;Normal value
24021105IND01;70793;Mali Zvornik;00;2018;2;Female;868;NR;number;SORS;Registered employment by sex and municipalities of residence (NSTJ) ;A;Normal value
24021105IND01;70793;Mali Zvornik;00;2019;0;Total;2717;NR;number;SORS;Registered employment by sex and municipalities of residence (NSTJ) ;A;Normal value
24021105IND01;70793;Mali Zvornik;00;2019;1;Male;1813;NR;number;SORS;Registered employment by sex and municipalities of residence (NSTJ) ;A;Normal value
24021105IND01;70793;Mali Zvornik;00;2019;2;Female;904;NR;number;SORS;Registered employment by sex and municipalities of residence (NSTJ) ;A;Normal value
24021105IND01;70793;Mali Zvornik;00;2020;0;Total;2777;NR;number;SORS;Registered employment by sex and municipalities of residence (NSTJ) ;A;Normal value
24021105IND01;70793;Mali Zvornik;00;2020;1;Male;1832;NR;number;SORS;Registered employment by sex and municipalities of residence (NSTJ) ;A;Normal value
24021105IND01;70793;Mali Zvornik;00;2020;2;Female;945;NR;number;SORS;Registered employment by sex and municipalities of residence (NSTJ) ;A;Normal value
24021105IND01;70793;Mali Zvornik;00;2021;0;Total;2945;NR;number;SORS;Registered employment by sex and municipalities of residence (NSTJ) ;A;Normal value
24021105IND01;70793;Mali Zvornik;00;2021;1;Male;1878;NR;number;SORS;Registered employment by sex and municipalities of residence (NSTJ) ;A;Normal value
24021105IND01;70793;Mali Zvornik;00;2021;2;Female;1067;NR;number;SORS;Registered employment by sex and municipalities of residence (NSTJ) ;A;Normal value
24021105IND01;70793;Mali Zvornik;00;2022;0;Total;3066;NR;number;SORS;Registered employment by sex and municipalities of residence (NSTJ) ;A;Normal value
24021105IND01;70793;Mali Zvornik;00;2022;1;Male;1895;NR;number;SORS;Registered employment by sex and municipalities of residence (NSTJ) ;A;Normal value
24021105IND01;70793;Mali Zvornik;00;2022;2;Female;1171;NR;number;SORS;Registered employment by sex and municipalities of residence (NSTJ) ;A;Normal value
24021105IND01;70793;Mali Zvornik;00;2023;0;Total;3057;NR;number;SORS;Registered employment by sex and municipalities of residence (NSTJ) ;A;Normal value
24021105IND01;70793;Mali Zvornik;00;2023;1;Male;1901;NR;number;SORS;Registered employment by sex and municipalities of residence (NSTJ) ;A;Normal value
24021105IND01;70793;Mali Zvornik;00;2023;2;Female;1156;NR;number;SORS;Registered employment by sex and municipalities of residence (NSTJ) ;A;Normal value
24021105IND01;70793;Mali Zvornik;00;2024;0;Total;3033;NR;number;SORS;Registered employment by sex and municipalities of residence (NSTJ) ;A;Normal value
24021105IND01;70793;Mali Zvornik;00;2024;1;Male;1880;NR;number;SORS;Registered employment by sex and municipalities of residence (NSTJ) ;A;Normal value
24021105IND01;70793;Mali Zvornik;00;2024;2;Female;1154;NR;number;SORS;Registered employment by sex and municipalities of residence (NSTJ) ;A;Normal value
24021105IND01;70793;Mali Zvornik;00;2025;0;Total;2996;NR;number;SORS;Registered employment by sex and municipalities of residence (NSTJ) ;A;Normal value
24021105IND01;70793;Mali Zvornik;00;2025;1;Male;1839;NR;number;SORS;Registered employment by sex and municipalities of residence (NSTJ) ;A;Normal value
24021105IND01;70793;Mali Zvornik;00;2025;2;Female;1157;NR;number;SORS;Registered employment by sex and municipalities of residence (NSTJ) ;A;Normal value
24021105IND01;70807;Malo Crniće;00;2025;0;Total;2135;NR;number;SORS;Registered employment by sex and municipalities of residence (NSTJ) ;A;Normal value
24021105IND01;70807;Malo Crniće;00;2025;1;Male;1335;NR;number;SORS;Registered employment by sex and municipalities of residence (NSTJ) ;A;Normal value
24021105IND01;70807;Malo Crniće;00;2025;2;Female;799;NR;number;SORS;Registered employment by sex and municipalities of residence (NSTJ) ;A;Normal value
24021105IND01;70807;Malo Crniće;00;2024;0;Total;2146;NR;number;SORS;Registered employment by sex and municipalities of residence (NSTJ) ;A;Normal value
24021105IND01;70807;Malo Crniće;00;2024;1;Male;1346;NR;number;SORS;Registered employment by sex and municipalities of residence (NSTJ) ;A;Normal value
24021105IND01;70807;Malo Crniće;00;2024;2;Female;800;NR;number;SORS;Registered employment by sex and municipalities of residence (NSTJ) ;A;Normal value
24021105IND01;70807;Malo Crniće;00;2023;0;Total;2180;NR;number;SORS;Registered employment by sex and municipalities of residence (NSTJ) ;A;Normal value
24021105IND01;70807;Malo Crniće;00;2023;1;Male;1363;NR;number;SORS;Registered employment by sex and municipalities of residence (NSTJ) ;A;Normal value
24021105IND01;70807;Malo Crniće;00;2023;2;Female;817;NR;number;SORS;Registered employment by sex and municipalities of residence (NSTJ) ;A;Normal value
24021105IND01;70807;Malo Crniće;00;2022;0;Total;2136;NR;number;SORS;Registered employment by sex and municipalities of residence (NSTJ) ;A;Normal value
24021105IND01;70807;Malo Crniće;00;2022;1;Male;1341;NR;number;SORS;Registered employment by sex and municipalities of residence (NSTJ) ;A;Normal value
24021105IND01;70807;Malo Crniće;00;2022;2;Female;795;NR;number;SORS;Registered employment by sex and municipalities of residence (NSTJ) ;A;Normal value
24021105IND01;70807;Malo Crniće;00;2021;0;Total;2106;NR;number;SORS;Registered employment by sex and municipalities of residence (NSTJ) ;A;Normal value
24021105IND01;70807;Malo Crniće;00;2021;1;Male;1340;NR;number;SORS;Registered employment by sex and municipalities of residence (NSTJ) ;A;Normal value
24021105IND01;70807;Malo Crniće;00;2021;2;Female;766;NR;number;SORS;Registered employment by sex and municipalities of residence (NSTJ) ;A;Normal value
24021105IND01;70807;Malo Crniće;00;2020;0;Total;2089;NR;number;SORS;Registered employment by sex and municipalities of residence (NSTJ) ;A;Normal value
24021105IND01;70807;Malo Crniće;00;2020;1;Male;1335;NR;number;SORS;Registered employment by sex and municipalities of residence (NSTJ) ;A;Normal value
24021105IND01;70807;Malo Crniće;00;2020;2;Female;754;NR;number;SORS;Registered employment by sex and municipalities of residence (NSTJ) ;A;Normal value
24021105IND01;70807;Malo Crniće;00;2019;0;Total;2087;NR;number;SORS;Registered employment by sex and municipalities of residence (NSTJ) ;A;Normal value
24021105IND01;70807;Malo Crniće;00;2019;1;Male;1341;NR;number;SORS;Registered employment by sex and municipalities of residence (NSTJ) ;A;Normal value
24021105IND01;70807;Malo Crniće;00;2019;2;Female;745;NR;number;SORS;Registered employment by sex and municipalities of residence (NSTJ) ;A;Normal value
24021105IND01;70807;Malo Crniće;00;2018;0;Total;2070;NR;number;SORS;Registered employment by sex and municipalities of residence (NSTJ) ;A;Normal value
24021105IND01;70807;Malo Crniće;00;2018;1;Male;1341;NR;number;SORS;Registered employment by sex and municipalities of residence (NSTJ) ;A;Normal value
24021105IND01;70807;Malo Crniće;00;2018;2;Female;729;NR;number;SORS;Registered employment by sex and municipalities of residence (NSTJ) ;A;Normal value
24021105IND01;70807;Malo Crniće;00;2017;0;Total;2027;NR;number;SORS;Registered employment by sex and municipalities of residence (NSTJ) ;A;Normal value
24021105IND01;70807;Malo Crniće;00;2017;1;Male;1335;NR;number;SORS;Registered employment by sex and municipalities of residence (NSTJ) ;A;Normal value
24021105IND01;70807;Malo Crniće;00;2017;2;Female;692;NR;number;SORS;Registered employment by sex and municipalities of residence (NSTJ) ;A;Normal value
24021105IND01;70807;Malo Crniće;00;2016;0;Total;2016;NR;number;SORS;Registered employment by sex and municipalities of residence (NSTJ) ;A;Normal value
24021105IND01;70807;Malo Crniće;00;2016;1;Male;1350;NR;number;SORS;Registered employment by sex and municipalities of residence (NSTJ) ;A;Normal value
24021105IND01;70807;Malo Crniće;00;2016;2;Female;666;NR;number;SORS;Registered employment by sex and municipalities of residence (NSTJ) ;A;Normal value
24021105IND01;70815;Medveđa;00;2016;0;Total;1615;NR;number;SORS;Registered employment by sex and municipalities of residence (NSTJ) ;A;Normal value
24021105IND01;70815;Medveđa;00;2016;1;Male;1100;NR;number;SORS;Registered employment by sex and municipalities of residence (NSTJ) ;A;Normal value
24021105IND01;70815;Medveđa;00;2016;2;Female;515;NR;number;SORS;Registered employment by sex and municipalities of residence (NSTJ) ;A;Normal value
24021105IND01;70815;Medveđa;00;2017;0;Total;1642;NR;number;SORS;Registered employment by sex and municipalities of residence (NSTJ) ;A;Normal value
24021105IND01;70815;Medveđa;00;2017;1;Male;1121;NR;number;SORS;Registered employment by sex and municipalities of residence (NSTJ) ;A;Normal value
24021105IND01;70815;Medveđa;00;2017;2;Female;521;NR;number;SORS;Registered employment by sex and municipalities of residence (NSTJ) ;A;Normal value
24021105IND01;70815;Medveđa;00;2018;0;Total;1686;NR;number;SORS;Registered employment by sex and municipalities of residence (NSTJ) ;A;Normal value
24021105IND01;70815;Medveđa;00;2018;1;Male;1133;NR;number;SORS;Registered employment by sex and municipalities of residence (NSTJ) ;A;Normal value
24021105IND01;70815;Medveđa;00;2018;2;Female;553;NR;number;SORS;Registered employment by sex and municipalities of residence (NSTJ) ;A;Normal value
24021105IND01;70815;Medveđa;00;2019;0;Total;1759;NR;number;SORS;Registered employment by sex and municipalities of residence (NSTJ) ;A;Normal value
24021105IND01;70815;Medveđa;00;2019;1;Male;1163;NR;number;SORS;Registered employment by sex and municipalities of residence (NSTJ) ;A;Normal value
24021105IND01;70815;Medveđa;00;2019;2;Female;596;NR;number;SORS;Registered employment by sex and municipalities of residence (NSTJ) ;A;Normal value
24021105IND01;70815;Medveđa;00;2020;0;Total;1775;NR;number;SORS;Registered employment by sex and municipalities of residence (NSTJ) ;A;Normal value
24021105IND01;70815;Medveđa;00;2020;1;Male;1166;NR;number;SORS;Registered employment by sex and municipalities of residence (NSTJ) ;A;Normal value
24021105IND01;70815;Medveđa;00;2020;2;Female;609;NR;number;SORS;Registered employment by sex and municipalities of residence (NSTJ) ;A;Normal value
24021105IND01;70815;Medveđa;00;2021;0;Total;1761;NR;number;SORS;Registered employment by sex and municipalities of residence (NSTJ) ;A;Normal value
24021105IND01;70815;Medveđa;00;2021;1;Male;1154;NR;number;SORS;Registered employment by sex and municipalities of residence (NSTJ) ;A;Normal value
24021105IND01;70815;Medveđa;00;2021;2;Female;608;NR;number;SORS;Registered employment by sex and municipalities of residence (NSTJ) ;A;Normal value
24021105IND01;70815;Medveđa;00;2022;0;Total;1763;NR;number;SORS;Registered employment by sex and municipalities of residence (NSTJ) ;A;Normal value
24021105IND01;70815;Medveđa;00;2022;1;Male;1138;NR;number;SORS;Registered employment by sex and municipalities of residence (NSTJ) ;A;Normal value
24021105IND01;70815;Medveđa;00;2022;2;Female;625;NR;number;SORS;Registered employment by sex and municipalities of residence (NSTJ) ;A;Normal value
24021105IND01;70815;Medveđa;00;2023;0;Total;1749;NR;number;SORS;Registered employment by sex and municipalities of residence (NSTJ) ;A;Normal value
24021105IND01;70815;Medveđa;00;2023;1;Male;1116;NR;number;SORS;Registered employment by sex and municipalities of residence (NSTJ) ;A;Normal value
24021105IND01;70815;Medveđa;00;2023;2;Female;633;NR;number;SORS;Registered employment by sex and municipalities of residence (NSTJ) ;A;Normal value
24021105IND01;70815;Medveđa;00;2024;0;Total;1757;NR;number;SORS;Registered employment by sex and municipalities of residence (NSTJ) ;A;Normal value
24021105IND01;70815;Medveđa;00;2024;1;Male;1114;NR;number;SORS;Registered employment by sex and municipalities of residence (NSTJ) ;A;Normal value
24021105IND01;70815;Medveđa;00;2024;2;Female;643;NR;number;SORS;Registered employment by sex and municipalities of residence (NSTJ) ;A;Normal value
24021105IND01;70815;Medveđa;00;2025;0;Total;1747;NR;number;SORS;Registered employment by sex and municipalities of residence (NSTJ) ;A;Normal value
24021105IND01;70815;Medveđa;00;2025;1;Male;1097;NR;number;SORS;Registered employment by sex and municipalities of residence (NSTJ) ;A;Normal value
24021105IND01;70815;Medveđa;00;2025;2;Female;649;NR;number;SORS;Registered employment by sex and municipalities of residence (NSTJ) ;A;Normal value
24021105IND01;70823;Merošina;00;2025;0;Total;3331;NR;number;SORS;Registered employment by sex and municipalities of residence (NSTJ) ;A;Normal value
24021105IND01;70823;Merošina;00;2025;1;Male;1945;NR;number;SORS;Registered employment by sex and municipalities of residence (NSTJ) ;A;Normal value
24021105IND01;70823;Merošina;00;2025;2;Female;1387;NR;number;SORS;Registered employment by sex and municipalities of residence (NSTJ) ;A;Normal value
24021105IND01;70823;Merošina;00;2024;0;Total;3420;NR;number;SORS;Registered employment by sex and municipalities of residence (NSTJ) ;A;Normal value
24021105IND01;70823;Merošina;00;2024;1;Male;1974;NR;number;SORS;Registered employment by sex and municipalities of residence (NSTJ) ;A;Normal value
24021105IND01;70823;Merošina;00;2024;2;Female;1447;NR;number;SORS;Registered employment by sex and municipalities of residence (NSTJ) ;A;Normal value
24021105IND01;70823;Merošina;00;2023;0;Total;3364;NR;number;SORS;Registered employment by sex and municipalities of residence (NSTJ) ;A;Normal value
24021105IND01;70823;Merošina;00;2023;1;Male;1962;NR;number;SORS;Registered employment by sex and municipalities of residence (NSTJ) ;A;Normal value
24021105IND01;70823;Merošina;00;2023;2;Female;1402;NR;number;SORS;Registered employment by sex and municipalities of residence (NSTJ) ;A;Normal value
24021105IND01;70823;Merošina;00;2022;0;Total;3329;NR;number;SORS;Registered employment by sex and municipalities of residence (NSTJ) ;A;Normal value
24021105IND01;70823;Merošina;00;2022;1;Male;1960;NR;number;SORS;Registered employment by sex and municipalities of residence (NSTJ) ;A;Normal value
24021105IND01;70823;Merošina;00;2022;2;Female;1369;NR;number;SORS;Registered employment by sex and municipalities of residence (NSTJ) ;A;Normal value
24021105IND01;70823;Merošina;00;2021;0;Total;3304;NR;number;SORS;Registered employment by sex and municipalities of residence (NSTJ) ;A;Normal value
24021105IND01;70823;Merošina;00;2021;1;Male;1965;NR;number;SORS;Registered employment by sex and municipalities of residence (NSTJ) ;A;Normal value
24021105IND01;70823;Merošina;00;2021;2;Female;1339;NR;number;SORS;Registered employment by sex and municipalities of residence (NSTJ) ;A;Normal value
24021105IND01;70823;Merošina;00;2020;0;Total;3162;NR;number;SORS;Registered employment by sex and municipalities of residence (NSTJ) ;A;Normal value
24021105IND01;70823;Merošina;00;2020;1;Male;1891;NR;number;SORS;Registered employment by sex and municipalities of residence (NSTJ) ;A;Normal value
24021105IND01;70823;Merošina;00;2020;2;Female;1271;NR;number;SORS;Registered employment by sex and municipalities of residence (NSTJ) ;A;Normal value
24021105IND01;70823;Merošina;00;2019;0;Total;3041;NR;number;SORS;Registered employment by sex and municipalities of residence (NSTJ) ;A;Normal value
24021105IND01;70823;Merošina;00;2019;1;Male;1837;NR;number;SORS;Registered employment by sex and municipalities of residence (NSTJ) ;A;Normal value
24021105IND01;70823;Merošina;00;2019;2;Female;1204;NR;number;SORS;Registered employment by sex and municipalities of residence (NSTJ) ;A;Normal value
24021105IND01;70823;Merošina;00;2018;0;Total;2904;NR;number;SORS;Registered employment by sex and municipalities of residence (NSTJ) ;A;Normal value
24021105IND01;70823;Merošina;00;2018;1;Male;1775;NR;number;SORS;Registered employment by sex and municipalities of residence (NSTJ) ;A;Normal value
24021105IND01;70823;Merošina;00;2018;2;Female;1129;NR;number;SORS;Registered employment by sex and municipalities of residence (NSTJ) ;A;Normal value
24021105IND01;70823;Merošina;00;2017;0;Total;2794;NR;number;SORS;Registered employment by sex and municipalities of residence (NSTJ) ;A;Normal value
24021105IND01;70823;Merošina;00;2017;1;Male;1746;NR;number;SORS;Registered employment by sex and municipalities of residence (NSTJ) ;A;Normal value
24021105IND01;70823;Merošina;00;2017;2;Female;1049;NR;number;SORS;Registered employment by sex and municipalities of residence (NSTJ) ;A;Normal value
24021105IND01;70823;Merošina;00;2016;0;Total;2682;NR;number;SORS;Registered employment by sex and municipalities of residence (NSTJ) ;A;Normal value
24021105IND01;70823;Merošina;00;2016;1;Male;1742;NR;number;SORS;Registered employment by sex and municipalities of residence (NSTJ) ;A;Normal value
24021105IND01;70823;Merošina;00;2016;2;Female;940;NR;number;SORS;Registered employment by sex and municipalities of residence (NSTJ) ;A;Normal value
24021105IND01;70831;Mionica;00;2016;0;Total;3191;NR;number;SORS;Registered employment by sex and municipalities of residence (NSTJ) ;A;Normal value
24021105IND01;70831;Mionica;00;2016;1;Male;2093;NR;number;SORS;Registered employment by sex and municipalities of residence (NSTJ) ;A;Normal value
24021105IND01;70831;Mionica;00;2016;2;Female;1098;NR;number;SORS;Registered employment by sex and municipalities of residence (NSTJ) ;A;Normal value
24021105IND01;70831;Mionica;00;2017;0;Total;3308;NR;number;SORS;Registered employment by sex and municipalities of residence (NSTJ) ;A;Normal value
24021105IND01;70831;Mionica;00;2017;1;Male;2162;NR;number;SORS;Registered employment by sex and municipalities of residence (NSTJ) ;A;Normal value
24021105IND01;70831;Mionica;00;2017;2;Female;1146;NR;number;SORS;Registered employment by sex and municipalities of residence (NSTJ) ;A;Normal value
24021105IND01;70831;Mionica;00;2018;0;Total;3421;NR;number;SORS;Registered employment by sex and municipalities of residence (NSTJ) ;A;Normal value
24021105IND01;70831;Mionica;00;2018;1;Male;2197;NR;number;SORS;Registered employment by sex and municipalities of residence (NSTJ) ;A;Normal value
24021105IND01;70831;Mionica;00;2018;2;Female;1224;NR;number;SORS;Registered employment by sex and municipalities of residence (NSTJ) ;A;Normal value
24021105IND01;70831;Mionica;00;2019;0;Total;3524;NR;number;SORS;Registered employment by sex and municipalities of residence (NSTJ) ;A;Normal value
24021105IND01;70831;Mionica;00;2019;1;Male;2239;NR;number;SORS;Registered employment by sex and municipalities of residence (NSTJ) ;A;Normal value
24021105IND01;70831;Mionica;00;2019;2;Female;1284;NR;number;SORS;Registered employment by sex and municipalities of residence (NSTJ) ;A;Normal value
24021105IND01;70831;Mionica;00;2020;0;Total;3709;NR;number;SORS;Registered employment by sex and municipalities of residence (NSTJ) ;A;Normal value
24021105IND01;70831;Mionica;00;2020;1;Male;2313;NR;number;SORS;Registered employment by sex and municipalities of residence (NSTJ) ;A;Normal value
24021105IND01;70831;Mionica;00;2020;2;Female;1396;NR;number;SORS;Registered employment by sex and municipalities of residence (NSTJ) ;A;Normal value
24021105IND01;70831;Mionica;00;2021;0;Total;3806;NR;number;SORS;Registered employment by sex and municipalities of residence (NSTJ) ;A;Normal value
24021105IND01;70831;Mionica;00;2021;1;Male;2360;NR;number;SORS;Registered employment by sex and municipalities of residence (NSTJ) ;A;Normal value
24021105IND01;70831;Mionica;00;2021;2;Female;1447;NR;number;SORS;Registered employment by sex and municipalities of residence (NSTJ) ;A;Normal value
24021105IND01;70831;Mionica;00;2022;0;Total;3849;NR;number;SORS;Registered employment by sex and municipalities of residence (NSTJ) ;A;Normal value
24021105IND01;70831;Mionica;00;2022;1;Male;2364;NR;number;SORS;Registered employment by sex and municipalities of residence (NSTJ) ;A;Normal value
24021105IND01;70831;Mionica;00;2022;2;Female;1486;NR;number;SORS;Registered employment by sex and municipalities of residence (NSTJ) ;A;Normal value
24021105IND01;70831;Mionica;00;2023;0;Total;3999;NR;number;SORS;Registered employment by sex and municipalities of residence (NSTJ) ;A;Normal value
24021105IND01;70831;Mionica;00;2023;1;Male;2418;NR;number;SORS;Registered employment by sex and municipalities of residence (NSTJ) ;A;Normal value
24021105IND01;70831;Mionica;00;2023;2;Female;1581;NR;number;SORS;Registered employment by sex and municipalities of residence (NSTJ) ;A;Normal value
24021105IND01;70831;Mionica;00;2024;0;Total;4010;NR;number;SORS;Registered employment by sex and municipalities of residence (NSTJ) ;A;Normal value
24021105IND01;70831;Mionica;00;2024;1;Male;2405;NR;number;SORS;Registered employment by sex and municipalities of residence (NSTJ) ;A;Normal value
24021105IND01;70831;Mionica;00;2024;2;Female;1606;NR;number;SORS;Registered employment by sex and municipalities of residence (NSTJ) ;A;Normal value
24021105IND01;70831;Mionica;00;2025;0;Total;3967;NR;number;SORS;Registered employment by sex and municipalities of residence (NSTJ) ;A;Normal value
24021105IND01;70831;Mionica;00;2025;1;Male;2371;NR;number;SORS;Registered employment by sex and municipalities of residence (NSTJ) ;A;Normal value
24021105IND01;70831;Mionica;00;2025;2;Female;1596;NR;number;SORS;Registered employment by sex and municipalities of residence (NSTJ) ;A;Normal value
24021105IND01;70840;Negotin;00;2025;0;Total;7573;NR;number;SORS;Registered employment by sex and municipalities of residence (NSTJ) ;A;Normal value
24021105IND01;70840;Negotin;00;2025;1;Male;4219;NR;number;SORS;Registered employment by sex and municipalities of residence (NSTJ) ;A;Normal value
24021105IND01;70840;Negotin;00;2025;2;Female;3354;NR;number;SORS;Registered employment by sex and municipalities of residence (NSTJ) ;A;Normal value
24021105IND01;70840;Negotin;00;2024;0;Total;7643;NR;number;SORS;Registered employment by sex and municipalities of residence (NSTJ) ;A;Normal value
24021105IND01;70840;Negotin;00;2024;1;Male;4250;NR;number;SORS;Registered employment by sex and municipalities of residence (NSTJ) ;A;Normal value
24021105IND01;70840;Negotin;00;2024;2;Female;3393;NR;number;SORS;Registered employment by sex and municipalities of residence (NSTJ) ;A;Normal value
24021105IND01;70840;Negotin;00;2023;0;Total;7654;NR;number;SORS;Registered employment by sex and municipalities of residence (NSTJ) ;A;Normal value
24021105IND01;70840;Negotin;00;2023;1;Male;4265;NR;number;SORS;Registered employment by sex and municipalities of residence (NSTJ) ;A;Normal value
24021105IND01;70840;Negotin;00;2023;2;Female;3389;NR;number;SORS;Registered employment by sex and municipalities of residence (NSTJ) ;A;Normal value
24021105IND01;70840;Negotin;00;2022;0;Total;7591;NR;number;SORS;Registered employment by sex and municipalities of residence (NSTJ) ;A;Normal value
24021105IND01;70840;Negotin;00;2022;1;Male;4241;NR;number;SORS;Registered employment by sex and municipalities of residence (NSTJ) ;A;Normal value
24021105IND01;70840;Negotin;00;2022;2;Female;3351;NR;number;SORS;Registered employment by sex and municipalities of residence (NSTJ) ;A;Normal value
24021105IND01;70840;Negotin;00;2021;0;Total;7584;NR;number;SORS;Registered employment by sex and municipalities of residence (NSTJ) ;A;Normal value
24021105IND01;70840;Negotin;00;2021;1;Male;4230;NR;number;SORS;Registered employment by sex and municipalities of residence (NSTJ) ;A;Normal value
24021105IND01;70840;Negotin;00;2021;2;Female;3355;NR;number;SORS;Registered employment by sex and municipalities of residence (NSTJ) ;A;Normal value
24021105IND01;70840;Negotin;00;2020;0;Total;7510;NR;number;SORS;Registered employment by sex and municipalities of residence (NSTJ) ;A;Normal value
24021105IND01;70840;Negotin;00;2020;1;Male;4217;NR;number;SORS;Registered employment by sex and municipalities of residence (NSTJ) ;A;Normal value
24021105IND01;70840;Negotin;00;2020;2;Female;3293;NR;number;SORS;Registered employment by sex and municipalities of residence (NSTJ) ;A;Normal value
24021105IND01;70840;Negotin;00;2019;0;Total;7527;NR;number;SORS;Registered employment by sex and municipalities of residence (NSTJ) ;A;Normal value
24021105IND01;70840;Negotin;00;2019;1;Male;4212;NR;number;SORS;Registered employment by sex and municipalities of residence (NSTJ) ;A;Normal value
24021105IND01;70840;Negotin;00;2019;2;Female;3315;NR;number;SORS;Registered employment by sex and municipalities of residence (NSTJ) ;A;Normal value
24021105IND01;70840;Negotin;00;2018;0;Total;7587;NR;number;SORS;Registered employment by sex and municipalities of residence (NSTJ) ;A;Normal value
24021105IND01;70840;Negotin;00;2018;1;Male;4248;NR;number;SORS;Registered employment by sex and municipalities of residence (NSTJ) ;A;Normal value
24021105IND01;70840;Negotin;00;2018;2;Female;3339;NR;number;SORS;Registered employment by sex and municipalities of residence (NSTJ) ;A;Normal value
24021105IND01;70840;Negotin;00;2017;0;Total;7680;NR;number;SORS;Registered employment by sex and municipalities of residence (NSTJ) ;A;Normal value
24021105IND01;70840;Negotin;00;2017;1;Male;4317;NR;number;SORS;Registered employment by sex and municipalities of residence (NSTJ) ;A;Normal value
24021105IND01;70840;Negotin;00;2017;2;Female;3363;NR;number;SORS;Registered employment by sex and municipalities of residence (NSTJ) ;A;Normal value
24021105IND01;70840;Negotin;00;2016;0;Total;7650;NR;number;SORS;Registered employment by sex and municipalities of residence (NSTJ) ;A;Normal value
24021105IND01;70840;Negotin;00;2016;1;Male;4313;NR;number;SORS;Registered employment by sex and municipalities of residence (NSTJ) ;A;Normal value
24021105IND01;70840;Negotin;00;2016;2;Female;3337;NR;number;SORS;Registered employment by sex and municipalities of residence (NSTJ) ;A;Normal value
24021105IND01;70866;Nova Varoš;00;2016;0;Total;3485;NR;number;SORS;Registered employment by sex and municipalities of residence (NSTJ) ;A;Normal value
24021105IND01;70866;Nova Varoš;00;2016;1;Male;2104;NR;number;SORS;Registered employment by sex and municipalities of residence (NSTJ) ;A;Normal value
24021105IND01;70866;Nova Varoš;00;2016;2;Female;1381;NR;number;SORS;Registered employment by sex and municipalities of residence (NSTJ) ;A;Normal value
24021105IND01;70866;Nova Varoš;00;2017;0;Total;3571;NR;number;SORS;Registered employment by sex and municipalities of residence (NSTJ) ;A;Normal value
24021105IND01;70866;Nova Varoš;00;2017;1;Male;2162;NR;number;SORS;Registered employment by sex and municipalities of residence (NSTJ) ;A;Normal value
24021105IND01;70866;Nova Varoš;00;2017;2;Female;1409;NR;number;SORS;Registered employment by sex and municipalities of residence (NSTJ) ;A;Normal value
24021105IND01;70866;Nova Varoš;00;2018;0;Total;3604;NR;number;SORS;Registered employment by sex and municipalities of residence (NSTJ) ;A;Normal value
24021105IND01;70866;Nova Varoš;00;2018;1;Male;2149;NR;number;SORS;Registered employment by sex and municipalities of residence (NSTJ) ;A;Normal value
24021105IND01;70866;Nova Varoš;00;2018;2;Female;1455;NR;number;SORS;Registered employment by sex and municipalities of residence (NSTJ) ;A;Normal value
24021105IND01;70866;Nova Varoš;00;2019;0;Total;3681;NR;number;SORS;Registered employment by sex and municipalities of residence (NSTJ) ;A;Normal value
24021105IND01;70866;Nova Varoš;00;2019;1;Male;2182;NR;number;SORS;Registered employment by sex and municipalities of residence (NSTJ) ;A;Normal value
24021105IND01;70866;Nova Varoš;00;2019;2;Female;1499;NR;number;SORS;Registered employment by sex and municipalities of residence (NSTJ) ;A;Normal value
24021105IND01;70866;Nova Varoš;00;2020;0;Total;3764;NR;number;SORS;Registered employment by sex and municipalities of residence (NSTJ) ;A;Normal value
24021105IND01;70866;Nova Varoš;00;2020;1;Male;2237;NR;number;SORS;Registered employment by sex and municipalities of residence (NSTJ) ;A;Normal value
24021105IND01;70866;Nova Varoš;00;2020;2;Female;1527;NR;number;SORS;Registered employment by sex and municipalities of residence (NSTJ) ;A;Normal value
24021105IND01;70866;Nova Varoš;00;2021;0;Total;3786;NR;number;SORS;Registered employment by sex and municipalities of residence (NSTJ) ;A;Normal value
24021105IND01;70866;Nova Varoš;00;2021;1;Male;2212;NR;number;SORS;Registered employment by sex and municipalities of residence (NSTJ) ;A;Normal value
24021105IND01;70866;Nova Varoš;00;2021;2;Female;1575;NR;number;SORS;Registered employment by sex and municipalities of residence (NSTJ) ;A;Normal value
24021105IND01;70866;Nova Varoš;00;2022;0;Total;3835;NR;number;SORS;Registered employment by sex and municipalities of residence (NSTJ) ;A;Normal value
24021105IND01;70866;Nova Varoš;00;2022;1;Male;2214;NR;number;SORS;Registered employment by sex and municipalities of residence (NSTJ) ;A;Normal value
24021105IND01;70866;Nova Varoš;00;2022;2;Female;1621;NR;number;SORS;Registered employment by sex and municipalities of residence (NSTJ) ;A;Normal value
24021105IND01;70866;Nova Varoš;00;2023;0;Total;3915;NR;number;SORS;Registered employment by sex and municipalities of residence (NSTJ) ;A;Normal value
24021105IND01;70866;Nova Varoš;00;2023;1;Male;2233;NR;number;SORS;Registered employment by sex and municipalities of residence (NSTJ) ;A;Normal value
24021105IND01;70866;Nova Varoš;00;2023;2;Female;1682;NR;number;SORS;Registered employment by sex and municipalities of residence (NSTJ) ;A;Normal value
24021105IND01;70866;Nova Varoš;00;2024;0;Total;3849;NR;number;SORS;Registered employment by sex and municipalities of residence (NSTJ) ;A;Normal value
24021105IND01;70866;Nova Varoš;00;2024;1;Male;2182;NR;number;SORS;Registered employment by sex and municipalities of residence (NSTJ) ;A;Normal value
24021105IND01;70866;Nova Varoš;00;2024;2;Female;1667;NR;number;SORS;Registered employment by sex and municipalities of residence (NSTJ) ;A;Normal value
24021105IND01;70866;Nova Varoš;00;2025;0;Total;3752;NR;number;SORS;Registered employment by sex and municipalities of residence (NSTJ) ;A;Normal value
24021105IND01;70866;Nova Varoš;00;2025;1;Male;2134;NR;number;SORS;Registered employment by sex and municipalities of residence (NSTJ) ;A;Normal value
24021105IND01;70866;Nova Varoš;00;2025;2;Female;1618;NR;number;SORS;Registered employment by sex and municipalities of residence (NSTJ) ;A;Normal value
24021105IND01;70874;Novi Pazar;00;2025;0;Total;21424;NR;number;SORS;Registered employment by sex and municipalities of residence (NSTJ) ;A;Normal value
24021105IND01;70874;Novi Pazar;00;2025;1;Male;11991;NR;number;SORS;Registered employment by sex and municipalities of residence (NSTJ) ;A;Normal value
24021105IND01;70874;Novi Pazar;00;2025;2;Female;9433;NR;number;SORS;Registered employment by sex and municipalities of residence (NSTJ) ;A;Normal value
24021105IND01;70874;Novi Pazar;00;2024;0;Total;21182;NR;number;SORS;Registered employment by sex and municipalities of residence (NSTJ) ;A;Normal value
24021105IND01;70874;Novi Pazar;00;2024;1;Male;11909;NR;number;SORS;Registered employment by sex and municipalities of residence (NSTJ) ;A;Normal value
24021105IND01;70874;Novi Pazar;00;2024;2;Female;9273;NR;number;SORS;Registered employment by sex and municipalities of residence (NSTJ) ;A;Normal value
24021105IND01;70874;Novi Pazar;00;2023;0;Total;20940;NR;number;SORS;Registered employment by sex and municipalities of residence (NSTJ) ;A;Normal value
24021105IND01;70874;Novi Pazar;00;2023;1;Male;11870;NR;number;SORS;Registered employment by sex and municipalities of residence (NSTJ) ;A;Normal value
24021105IND01;70874;Novi Pazar;00;2023;2;Female;9070;NR;number;SORS;Registered employment by sex and municipalities of residence (NSTJ) ;A;Normal value
24021105IND01;70874;Novi Pazar;00;2022;0;Total;20468;NR;number;SORS;Registered employment by sex and municipalities of residence (NSTJ) ;A;Normal value
24021105IND01;70874;Novi Pazar;00;2022;1;Male;11697;NR;number;SORS;Registered employment by sex and municipalities of residence (NSTJ) ;A;Normal value
24021105IND01;70874;Novi Pazar;00;2022;2;Female;8771;NR;number;SORS;Registered employment by sex and municipalities of residence (NSTJ) ;A;Normal value
24021105IND01;70874;Novi Pazar;00;2021;0;Total;20368;NR;number;SORS;Registered employment by sex and municipalities of residence (NSTJ) ;A;Normal value
24021105IND01;70874;Novi Pazar;00;2021;1;Male;11810;NR;number;SORS;Registered employment by sex and municipalities of residence (NSTJ) ;A;Normal value
24021105IND01;70874;Novi Pazar;00;2021;2;Female;8559;NR;number;SORS;Registered employment by sex and municipalities of residence (NSTJ) ;A;Normal value
24021105IND01;70874;Novi Pazar;00;2020;0;Total;20062;NR;number;SORS;Registered employment by sex and municipalities of residence (NSTJ) ;A;Normal value
24021105IND01;70874;Novi Pazar;00;2020;1;Male;11671;NR;number;SORS;Registered employment by sex and municipalities of residence (NSTJ) ;A;Normal value
24021105IND01;70874;Novi Pazar;00;2020;2;Female;8391;NR;number;SORS;Registered employment by sex and municipalities of residence (NSTJ) ;A;Normal value
24021105IND01;70874;Novi Pazar;00;2019;0;Total;19770;NR;number;SORS;Registered employment by sex and municipalities of residence (NSTJ) ;A;Normal value
24021105IND01;70874;Novi Pazar;00;2019;1;Male;11458;NR;number;SORS;Registered employment by sex and municipalities of residence (NSTJ) ;A;Normal value
24021105IND01;70874;Novi Pazar;00;2019;2;Female;8312;NR;number;SORS;Registered employment by sex and municipalities of residence (NSTJ) ;A;Normal value
24021105IND01;70874;Novi Pazar;00;2018;0;Total;19721;NR;number;SORS;Registered employment by sex and municipalities of residence (NSTJ) ;A;Normal value
24021105IND01;70874;Novi Pazar;00;2018;1;Male;11320;NR;number;SORS;Registered employment by sex and municipalities of residence (NSTJ) ;A;Normal value
24021105IND01;70874;Novi Pazar;00;2018;2;Female;8401;NR;number;SORS;Registered employment by sex and municipalities of residence (NSTJ) ;A;Normal value
24021105IND01;70874;Novi Pazar;00;2017;0;Total;19254;NR;number;SORS;Registered employment by sex and municipalities of residence (NSTJ) ;A;Normal value
24021105IND01;70874;Novi Pazar;00;2017;1;Male;11018;NR;number;SORS;Registered employment by sex and municipalities of residence (NSTJ) ;A;Normal value
24021105IND01;70874;Novi Pazar;00;2017;2;Female;8236;NR;number;SORS;Registered employment by sex and municipalities of residence (NSTJ) ;A;Normal value
24021105IND01;70874;Novi Pazar;00;2016;0;Total;18426;NR;number;SORS;Registered employment by sex and municipalities of residence (NSTJ) ;A;Normal value
24021105IND01;70874;Novi Pazar;00;2016;1;Male;10688;NR;number;SORS;Registered employment by sex and municipalities of residence (NSTJ) ;A;Normal value
24021105IND01;70874;Novi Pazar;00;2016;2;Female;7738;NR;number;SORS;Registered employment by sex and municipalities of residence (NSTJ) ;A;Normal value
24021105IND01;70882;Osečina;00;2016;0;Total;2818;NR;number;SORS;Registered employment by sex and municipalities of residence (NSTJ) ;A;Normal value
24021105IND01;70882;Osečina;00;2016;1;Male;1971;NR;number;SORS;Registered employment by sex and municipalities of residence (NSTJ) ;A;Normal value
24021105IND01;70882;Osečina;00;2016;2;Female;848;NR;number;SORS;Registered employment by sex and municipalities of residence (NSTJ) ;A;Normal value
24021105IND01;70882;Osečina;00;2017;0;Total;2741;NR;number;SORS;Registered employment by sex and municipalities of residence (NSTJ) ;A;Normal value
24021105IND01;70882;Osečina;00;2017;1;Male;1879;NR;number;SORS;Registered employment by sex and municipalities of residence (NSTJ) ;A;Normal value
24021105IND01;70882;Osečina;00;2017;2;Female;861;NR;number;SORS;Registered employment by sex and municipalities of residence (NSTJ) ;A;Normal value
24021105IND01;70882;Osečina;00;2018;0;Total;2820;NR;number;SORS;Registered employment by sex and municipalities of residence (NSTJ) ;A;Normal value
24021105IND01;70882;Osečina;00;2018;1;Male;1906;NR;number;SORS;Registered employment by sex and municipalities of residence (NSTJ) ;A;Normal value
24021105IND01;70882;Osečina;00;2018;2;Female;914;NR;number;SORS;Registered employment by sex and municipalities of residence (NSTJ) ;A;Normal value
24021105IND01;70882;Osečina;00;2019;0;Total;2887;NR;number;SORS;Registered employment by sex and municipalities of residence (NSTJ) ;A;Normal value
24021105IND01;70882;Osečina;00;2019;1;Male;1930;NR;number;SORS;Registered employment by sex and municipalities of residence (NSTJ) ;A;Normal value
24021105IND01;70882;Osečina;00;2019;2;Female;957;NR;number;SORS;Registered employment by sex and municipalities of residence (NSTJ) ;A;Normal value
24021105IND01;70882;Osečina;00;2020;0;Total;2920;NR;number;SORS;Registered employment by sex and municipalities of residence (NSTJ) ;A;Normal value
24021105IND01;70882;Osečina;00;2020;1;Male;1936;NR;number;SORS;Registered employment by sex and municipalities of residence (NSTJ) ;A;Normal value
24021105IND01;70882;Osečina;00;2020;2;Female;984;NR;number;SORS;Registered employment by sex and municipalities of residence (NSTJ) ;A;Normal value
24021105IND01;70882;Osečina;00;2021;0;Total;2916;NR;number;SORS;Registered employment by sex and municipalities of residence (NSTJ) ;A;Normal value
24021105IND01;70882;Osečina;00;2021;1;Male;1892;NR;number;SORS;Registered employment by sex and municipalities of residence (NSTJ) ;A;Normal value
24021105IND01;70882;Osečina;00;2021;2;Female;1024;NR;number;SORS;Registered employment by sex and municipalities of residence (NSTJ) ;A;Normal value
24021105IND01;70882;Osečina;00;2022;0;Total;2905;NR;number;SORS;Registered employment by sex and municipalities of residence (NSTJ) ;A;Normal value
24021105IND01;70882;Osečina;00;2022;1;Male;1861;NR;number;SORS;Registered employment by sex and municipalities of residence (NSTJ) ;A;Normal value
24021105IND01;70882;Osečina;00;2022;2;Female;1043;NR;number;SORS;Registered employment by sex and municipalities of residence (NSTJ) ;A;Normal value
24021105IND01;70882;Osečina;00;2023;0;Total;2946;NR;number;SORS;Registered employment by sex and municipalities of residence (NSTJ) ;A;Normal value
24021105IND01;70882;Osečina;00;2023;1;Male;1871;NR;number;SORS;Registered employment by sex and municipalities of residence (NSTJ) ;A;Normal value
24021105IND01;70882;Osečina;00;2023;2;Female;1075;NR;number;SORS;Registered employment by sex and municipalities of residence (NSTJ) ;A;Normal value
24021105IND01;70882;Osečina;00;2024;0;Total;2940;NR;number;SORS;Registered employment by sex and municipalities of residence (NSTJ) ;A;Normal value
24021105IND01;70882;Osečina;00;2024;1;Male;1860;NR;number;SORS;Registered employment by sex and municipalities of residence (NSTJ) ;A;Normal value
24021105IND01;70882;Osečina;00;2024;2;Female;1080;NR;number;SORS;Registered employment by sex and municipalities of residence (NSTJ) ;A;Normal value
24021105IND01;70882;Osečina;00;2025;0;Total;2913;NR;number;SORS;Registered employment by sex and municipalities of residence (NSTJ) ;A;Normal value
24021105IND01;70882;Osečina;00;2025;1;Male;1834;NR;number;SORS;Registered employment by sex and municipalities of residence (NSTJ) ;A;Normal value
24021105IND01;70882;Osečina;00;2025;2;Female;1079;NR;number;SORS;Registered employment by sex and municipalities of residence (NSTJ) ;A;Normal value
24021105IND01;70904;Paraćin;00;2025;0;Total;13432;NR;number;SORS;Registered employment by sex and municipalities of residence (NSTJ) ;A;Normal value
24021105IND01;70904;Paraćin;00;2025;1;Male;7245;NR;number;SORS;Registered employment by sex and municipalities of residence (NSTJ) ;A;Normal value
24021105IND01;70904;Paraćin;00;2025;2;Female;6187;NR;number;SORS;Registered employment by sex and municipalities of residence (NSTJ) ;A;Normal value
24021105IND01;70904;Paraćin;00;2024;0;Total;13513;NR;number;SORS;Registered employment by sex and municipalities of residence (NSTJ) ;A;Normal value
24021105IND01;70904;Paraćin;00;2024;1;Male;7320;NR;number;SORS;Registered employment by sex and municipalities of residence (NSTJ) ;A;Normal value
24021105IND01;70904;Paraćin;00;2024;2;Female;6194;NR;number;SORS;Registered employment by sex and municipalities of residence (NSTJ) ;A;Normal value
24021105IND01;70904;Paraćin;00;2023;0;Total;13414;NR;number;SORS;Registered employment by sex and municipalities of residence (NSTJ) ;A;Normal value
24021105IND01;70904;Paraćin;00;2023;1;Male;7355;NR;number;SORS;Registered employment by sex and municipalities of residence (NSTJ) ;A;Normal value
24021105IND01;70904;Paraćin;00;2023;2;Female;6059;NR;number;SORS;Registered employment by sex and municipalities of residence (NSTJ) ;A;Normal value
24021105IND01;70904;Paraćin;00;2022;0;Total;13208;NR;number;SORS;Registered employment by sex and municipalities of residence (NSTJ) ;A;Normal value
24021105IND01;70904;Paraćin;00;2022;1;Male;7334;NR;number;SORS;Registered employment by sex and municipalities of residence (NSTJ) ;A;Normal value
24021105IND01;70904;Paraćin;00;2022;2;Female;5875;NR;number;SORS;Registered employment by sex and municipalities of residence (NSTJ) ;A;Normal value
24021105IND01;70904;Paraćin;00;2021;0;Total;13006;NR;number;SORS;Registered employment by sex and municipalities of residence (NSTJ) ;A;Normal value
24021105IND01;70904;Paraćin;00;2021;1;Male;7293;NR;number;SORS;Registered employment by sex and municipalities of residence (NSTJ) ;A;Normal value
24021105IND01;70904;Paraćin;00;2021;2;Female;5713;NR;number;SORS;Registered employment by sex and municipalities of residence (NSTJ) ;A;Normal value
24021105IND01;70904;Paraćin;00;2020;0;Total;12562;NR;number;SORS;Registered employment by sex and municipalities of residence (NSTJ) ;A;Normal value
24021105IND01;70904;Paraćin;00;2020;1;Male;7079;NR;number;SORS;Registered employment by sex and municipalities of residence (NSTJ) ;A;Normal value
24021105IND01;70904;Paraćin;00;2020;2;Female;5483;NR;number;SORS;Registered employment by sex and municipalities of residence (NSTJ) ;A;Normal value
24021105IND01;70904;Paraćin;00;2019;0;Total;12218;NR;number;SORS;Registered employment by sex and municipalities of residence (NSTJ) ;A;Normal value
24021105IND01;70904;Paraćin;00;2019;1;Male;6898;NR;number;SORS;Registered employment by sex and municipalities of residence (NSTJ) ;A;Normal value
24021105IND01;70904;Paraćin;00;2019;2;Female;5320;NR;number;SORS;Registered employment by sex and municipalities of residence (NSTJ) ;A;Normal value
24021105IND01;70904;Paraćin;00;2018;0;Total;11886;NR;number;SORS;Registered employment by sex and municipalities of residence (NSTJ) ;A;Normal value
24021105IND01;70904;Paraćin;00;2018;1;Male;6692;NR;number;SORS;Registered employment by sex and municipalities of residence (NSTJ) ;A;Normal value
24021105IND01;70904;Paraćin;00;2018;2;Female;5194;NR;number;SORS;Registered employment by sex and municipalities of residence (NSTJ) ;A;Normal value
24021105IND01;70904;Paraćin;00;2017;0;Total;11750;NR;number;SORS;Registered employment by sex and municipalities of residence (NSTJ) ;A;Normal value
24021105IND01;70904;Paraćin;00;2017;1;Male;6630;NR;number;SORS;Registered employment by sex and municipalities of residence (NSTJ) ;A;Normal value
24021105IND01;70904;Paraćin;00;2017;2;Female;5120;NR;number;SORS;Registered employment by sex and municipalities of residence (NSTJ) ;A;Normal value
24021105IND01;70904;Paraćin;00;2016;0;Total;11622;NR;number;SORS;Registered employment by sex and municipalities of residence (NSTJ) ;A;Normal value
24021105IND01;70904;Paraćin;00;2016;1;Male;6621;NR;number;SORS;Registered employment by sex and municipalities of residence (NSTJ) ;A;Normal value
24021105IND01;70904;Paraćin;00;2016;2;Female;5001;NR;number;SORS;Registered employment by sex and municipalities of residence (NSTJ) ;A;Normal value
24021105IND01;70912;Petrovac na Mlavi;00;2016;0;Total;7009;NR;number;SORS;Registered employment by sex and municipalities of residence (NSTJ) ;A;Normal value
24021105IND01;70912;Petrovac na Mlavi;00;2016;1;Male;4187;NR;number;SORS;Registered employment by sex and municipalities of residence (NSTJ) ;A;Normal value
24021105IND01;70912;Petrovac na Mlavi;00;2016;2;Female;2823;NR;number;SORS;Registered employment by sex and municipalities of residence (NSTJ) ;A;Normal value
24021105IND01;70912;Petrovac na Mlavi;00;2017;0;Total;6970;NR;number;SORS;Registered employment by sex and municipalities of residence (NSTJ) ;A;Normal value
24021105IND01;70912;Petrovac na Mlavi;00;2017;1;Male;4119;NR;number;SORS;Registered employment by sex and municipalities of residence (NSTJ) ;A;Normal value
24021105IND01;70912;Petrovac na Mlavi;00;2017;2;Female;2851;NR;number;SORS;Registered employment by sex and municipalities of residence (NSTJ) ;A;Normal value
24021105IND01;70912;Petrovac na Mlavi;00;2018;0;Total;6961;NR;number;SORS;Registered employment by sex and municipalities of residence (NSTJ) ;A;Normal value
24021105IND01;70912;Petrovac na Mlavi;00;2018;1;Male;4068;NR;number;SORS;Registered employment by sex and municipalities of residence (NSTJ) ;A;Normal value
24021105IND01;70912;Petrovac na Mlavi;00;2018;2;Female;2893;NR;number;SORS;Registered employment by sex and municipalities of residence (NSTJ) ;A;Normal value
24021105IND01;70912;Petrovac na Mlavi;00;2019;0;Total;6929;NR;number;SORS;Registered employment by sex and municipalities of residence (NSTJ) ;A;Normal value
24021105IND01;70912;Petrovac na Mlavi;00;2019;1;Male;4011;NR;number;SORS;Registered employment by sex and municipalities of residence (NSTJ) ;A;Normal value
24021105IND01;70912;Petrovac na Mlavi;00;2019;2;Female;2917;NR;number;SORS;Registered employment by sex and municipalities of residence (NSTJ) ;A;Normal value
24021105IND01;70912;Petrovac na Mlavi;00;2020;0;Total;6906;NR;number;SORS;Registered employment by sex and municipalities of residence (NSTJ) ;A;Normal value
24021105IND01;70912;Petrovac na Mlavi;00;2020;1;Male;3971;NR;number;SORS;Registered employment by sex and municipalities of residence (NSTJ) ;A;Normal value
24021105IND01;70912;Petrovac na Mlavi;00;2020;2;Female;2936;NR;number;SORS;Registered employment by sex and municipalities of residence (NSTJ) ;A;Normal value
24021105IND01;70912;Petrovac na Mlavi;00;2021;0;Total;6820;NR;number;SORS;Registered employment by sex and municipalities of residence (NSTJ) ;A;Normal value
24021105IND01;70912;Petrovac na Mlavi;00;2021;1;Male;3896;NR;number;SORS;Registered employment by sex and municipalities of residence (NSTJ) ;A;Normal value
24021105IND01;70912;Petrovac na Mlavi;00;2021;2;Female;2924;NR;number;SORS;Registered employment by sex and municipalities of residence (NSTJ) ;A;Normal value
24021105IND01;70912;Petrovac na Mlavi;00;2022;0;Total;6807;NR;number;SORS;Registered employment by sex and municipalities of residence (NSTJ) ;A;Normal value
24021105IND01;70912;Petrovac na Mlavi;00;2022;1;Male;3868;NR;number;SORS;Registered employment by sex and municipalities of residence (NSTJ) ;A;Normal value
24021105IND01;70912;Petrovac na Mlavi;00;2022;2;Female;2939;NR;number;SORS;Registered employment by sex and municipalities of residence (NSTJ) ;A;Normal value
24021105IND01;70912;Petrovac na Mlavi;00;2023;0;Total;6952;NR;number;SORS;Registered employment by sex and municipalities of residence (NSTJ) ;A;Normal value
24021105IND01;70912;Petrovac na Mlavi;00;2023;1;Male;3944;NR;number;SORS;Registered employment by sex and municipalities of residence (NSTJ) ;A;Normal value
24021105IND01;70912;Petrovac na Mlavi;00;2023;2;Female;3008;NR;number;SORS;Registered employment by sex and municipalities of residence (NSTJ) ;A;Normal value
24021105IND01;70912;Petrovac na Mlavi;00;2024;0;Total;6889;NR;number;SORS;Registered employment by sex and municipalities of residence (NSTJ) ;A;Normal value
24021105IND01;70912;Petrovac na Mlavi;00;2024;1;Male;3860;NR;number;SORS;Registered employment by sex and municipalities of residence (NSTJ) ;A;Normal value
24021105IND01;70912;Petrovac na Mlavi;00;2024;2;Female;3028;NR;number;SORS;Registered employment by sex and municipalities of residence (NSTJ) ;A;Normal value
24021105IND01;70912;Petrovac na Mlavi;00;2025;0;Total;6823;NR;number;SORS;Registered employment by sex and municipalities of residence (NSTJ) ;A;Normal value
24021105IND01;70912;Petrovac na Mlavi;00;2025;1;Male;3811;NR;number;SORS;Registered employment by sex and municipalities of residence (NSTJ) ;A;Normal value
24021105IND01;70912;Petrovac na Mlavi;00;2025;2;Female;3012;NR;number;SORS;Registered employment by sex and municipalities of residence (NSTJ) ;A;Normal value
24021105IND01;70939;Pirot;00;2025;0;Total;16716;NR;number;SORS;Registered employment by sex and municipalities of residence (NSTJ) ;A;Normal value
24021105IND01;70939;Pirot;00;2025;1;Male;9352;NR;number;SORS;Registered employment by sex and municipalities of residence (NSTJ) ;A;Normal value
24021105IND01;70939;Pirot;00;2025;2;Female;7364;NR;number;SORS;Registered employment by sex and municipalities of residence (NSTJ) ;A;Normal value
24021105IND01;70939;Pirot;00;2024;0;Total;16677;NR;number;SORS;Registered employment by sex and municipalities of residence (NSTJ) ;A;Normal value
24021105IND01;70939;Pirot;00;2024;1;Male;9393;NR;number;SORS;Registered employment by sex and municipalities of residence (NSTJ) ;A;Normal value
24021105IND01;70939;Pirot;00;2024;2;Female;7284;NR;number;SORS;Registered employment by sex and municipalities of residence (NSTJ) ;A;Normal value
24021105IND01;70939;Pirot;00;2023;0;Total;17117;NR;number;SORS;Registered employment by sex and municipalities of residence (NSTJ) ;A;Normal value
24021105IND01;70939;Pirot;00;2023;1;Male;9618;NR;number;SORS;Registered employment by sex and municipalities of residence (NSTJ) ;A;Normal value
24021105IND01;70939;Pirot;00;2023;2;Female;7499;NR;number;SORS;Registered employment by sex and municipalities of residence (NSTJ) ;A;Normal value
24021105IND01;70939;Pirot;00;2022;0;Total;17349;NR;number;SORS;Registered employment by sex and municipalities of residence (NSTJ) ;A;Normal value
24021105IND01;70939;Pirot;00;2022;1;Male;9883;NR;number;SORS;Registered employment by sex and municipalities of residence (NSTJ) ;A;Normal value
24021105IND01;70939;Pirot;00;2022;2;Female;7466;NR;number;SORS;Registered employment by sex and municipalities of residence (NSTJ) ;A;Normal value
24021105IND01;70939;Pirot;00;2021;0;Total;17051;NR;number;SORS;Registered employment by sex and municipalities of residence (NSTJ) ;A;Normal value
24021105IND01;70939;Pirot;00;2021;1;Male;9838;NR;number;SORS;Registered employment by sex and municipalities of residence (NSTJ) ;A;Normal value
24021105IND01;70939;Pirot;00;2021;2;Female;7214;NR;number;SORS;Registered employment by sex and municipalities of residence (NSTJ) ;A;Normal value
24021105IND01;70939;Pirot;00;2020;0;Total;16645;NR;number;SORS;Registered employment by sex and municipalities of residence (NSTJ) ;A;Normal value
24021105IND01;70939;Pirot;00;2020;1;Male;9593;NR;number;SORS;Registered employment by sex and municipalities of residence (NSTJ) ;A;Normal value
24021105IND01;70939;Pirot;00;2020;2;Female;7052;NR;number;SORS;Registered employment by sex and municipalities of residence (NSTJ) ;A;Normal value
24021105IND01;70939;Pirot;00;2019;0;Total;16472;NR;number;SORS;Registered employment by sex and municipalities of residence (NSTJ) ;A;Normal value
24021105IND01;70939;Pirot;00;2019;1;Male;9600;NR;number;SORS;Registered employment by sex and municipalities of residence (NSTJ) ;A;Normal value
24021105IND01;70939;Pirot;00;2019;2;Female;6873;NR;number;SORS;Registered employment by sex and municipalities of residence (NSTJ) ;A;Normal value
24021105IND01;70939;Pirot;00;2018;0;Total;16286;NR;number;SORS;Registered employment by sex and municipalities of residence (NSTJ) ;A;Normal value
24021105IND01;70939;Pirot;00;2018;1;Male;9504;NR;number;SORS;Registered employment by sex and municipalities of residence (NSTJ) ;A;Normal value
24021105IND01;70939;Pirot;00;2018;2;Female;6782;NR;number;SORS;Registered employment by sex and municipalities of residence (NSTJ) ;A;Normal value
24021105IND01;70939;Pirot;00;2017;0;Total;15984;NR;number;SORS;Registered employment by sex and municipalities of residence (NSTJ) ;A;Normal value
24021105IND01;70939;Pirot;00;2017;1;Male;9499;NR;number;SORS;Registered employment by sex and municipalities of residence (NSTJ) ;A;Normal value
24021105IND01;70939;Pirot;00;2017;2;Female;6484;NR;number;SORS;Registered employment by sex and municipalities of residence (NSTJ) ;A;Normal value
24021105IND01;70939;Pirot;00;2016;0;Total;15735;NR;number;SORS;Registered employment by sex and municipalities of residence (NSTJ) ;A;Normal value
24021105IND01;70939;Pirot;00;2016;1;Male;9472;NR;number;SORS;Registered employment by sex and municipalities of residence (NSTJ) ;A;Normal value
24021105IND01;70939;Pirot;00;2016;2;Female;6263;NR;number;SORS;Registered employment by sex and municipalities of residence (NSTJ) ;A;Normal value
24021105IND01;70947;Požarevac;00;2016;0;Total;17776;NR;number;SORS;Registered employment by sex and municipalities of residence (NSTJ) ;A;Normal value
24021105IND01;70947;Požarevac;00;2016;1;Male;9814;NR;number;SORS;Registered employment by sex and municipalities of residence (NSTJ) ;A;Normal value
24021105IND01;70947;Požarevac;00;2016;2;Female;7962;NR;number;SORS;Registered employment by sex and municipalities of residence (NSTJ) ;A;Normal value
24021105IND01;70947;Požarevac;00;2017;0;Total;18021;NR;number;SORS;Registered employment by sex and municipalities of residence (NSTJ) ;A;Normal value
24021105IND01;70947;Požarevac;00;2017;1;Male;9900;NR;number;SORS;Registered employment by sex and municipalities of residence (NSTJ) ;A;Normal value
24021105IND01;70947;Požarevac;00;2017;2;Female;8121;NR;number;SORS;Registered employment by sex and municipalities of residence (NSTJ) ;A;Normal value
24021105IND01;70947;Požarevac;00;2018;0;Total;18550;NR;number;SORS;Registered employment by sex and municipalities of residence (NSTJ) ;A;Normal value
24021105IND01;70947;Požarevac;00;2018;1;Male;10123;NR;number;SORS;Registered employment by sex and municipalities of residence (NSTJ) ;A;Normal value
24021105IND01;70947;Požarevac;00;2018;2;Female;8427;NR;number;SORS;Registered employment by sex and municipalities of residence (NSTJ) ;A;Normal value
24021105IND01;70947;Požarevac;00;2019;0;Total;18754;NR;number;SORS;Registered employment by sex and municipalities of residence (NSTJ) ;A;Normal value
24021105IND01;70947;Požarevac;00;2019;1;Male;10234;NR;number;SORS;Registered employment by sex and municipalities of residence (NSTJ) ;A;Normal value
24021105IND01;70947;Požarevac;00;2019;2;Female;8520;NR;number;SORS;Registered employment by sex and municipalities of residence (NSTJ) ;A;Normal value
24021105IND01;70947;Požarevac;00;2020;0;Total;19020;NR;number;SORS;Registered employment by sex and municipalities of residence (NSTJ) ;A;Normal value
24021105IND01;70947;Požarevac;00;2020;1;Male;10346;NR;number;SORS;Registered employment by sex and municipalities of residence (NSTJ) ;A;Normal value
24021105IND01;70947;Požarevac;00;2020;2;Female;8674;NR;number;SORS;Registered employment by sex and municipalities of residence (NSTJ) ;A;Normal value
24021105IND01;70947;Požarevac;00;2021;0;Total;19472;NR;number;SORS;Registered employment by sex and municipalities of residence (NSTJ) ;A;Normal value
24021105IND01;70947;Požarevac;00;2021;1;Male;10519;NR;number;SORS;Registered employment by sex and municipalities of residence (NSTJ) ;A;Normal value
24021105IND01;70947;Požarevac;00;2021;2;Female;8953;NR;number;SORS;Registered employment by sex and municipalities of residence (NSTJ) ;A;Normal value
24021105IND01;70947;Požarevac;00;2022;0;Total;19878;NR;number;SORS;Registered employment by sex and municipalities of residence (NSTJ) ;A;Normal value
24021105IND01;70947;Požarevac;00;2022;1;Male;10678;NR;number;SORS;Registered employment by sex and municipalities of residence (NSTJ) ;A;Normal value
24021105IND01;70947;Požarevac;00;2022;2;Female;9199;NR;number;SORS;Registered employment by sex and municipalities of residence (NSTJ) ;A;Normal value
24021105IND01;70947;Požarevac;00;2023;0;Total;20278;NR;number;SORS;Registered employment by sex and municipalities of residence (NSTJ) ;A;Normal value
24021105IND01;70947;Požarevac;00;2023;1;Male;10812;NR;number;SORS;Registered employment by sex and municipalities of residence (NSTJ) ;A;Normal value
24021105IND01;70947;Požarevac;00;2023;2;Female;9466;NR;number;SORS;Registered employment by sex and municipalities of residence (NSTJ) ;A;Normal value
24021105IND01;70947;Požarevac;00;2024;0;Total;20159;NR;number;SORS;Registered employment by sex and municipalities of residence (NSTJ) ;A;Normal value
24021105IND01;70947;Požarevac;00;2024;1;Male;10687;NR;number;SORS;Registered employment by sex and municipalities of residence (NSTJ) ;A;Normal value
24021105IND01;70947;Požarevac;00;2024;2;Female;9473;NR;number;SORS;Registered employment by sex and municipalities of residence (NSTJ) ;A;Normal value
24021105IND01;70947;Požarevac;00;2025;0;Total;19992;NR;number;SORS;Registered employment by sex and municipalities of residence (NSTJ) ;A;Normal value
24021105IND01;70947;Požarevac;00;2025;1;Male;10556;NR;number;SORS;Registered employment by sex and municipalities of residence (NSTJ) ;A;Normal value
24021105IND01;70947;Požarevac;00;2025;2;Female;9435;NR;number;SORS;Registered employment by sex and municipalities of residence (NSTJ) ;A;Normal value
24021105IND01;70955;Požega;00;2025;0;Total;9355;NR;number;SORS;Registered employment by sex and municipalities of residence (NSTJ) ;A;Normal value
24021105IND01;70955;Požega;00;2025;1;Male;5041;NR;number;SORS;Registered employment by sex and municipalities of residence (NSTJ) ;A;Normal value
24021105IND01;70955;Požega;00;2025;2;Female;4314;NR;number;SORS;Registered employment by sex and municipalities of residence (NSTJ) ;A;Normal value
24021105IND01;70955;Požega;00;2024;0;Total;9421;NR;number;SORS;Registered employment by sex and municipalities of residence (NSTJ) ;A;Normal value
24021105IND01;70955;Požega;00;2024;1;Male;5081;NR;number;SORS;Registered employment by sex and municipalities of residence (NSTJ) ;A;Normal value
24021105IND01;70955;Požega;00;2024;2;Female;4340;NR;number;SORS;Registered employment by sex and municipalities of residence (NSTJ) ;A;Normal value
24021105IND01;70955;Požega;00;2023;0;Total;9501;NR;number;SORS;Registered employment by sex and municipalities of residence (NSTJ) ;A;Normal value
24021105IND01;70955;Požega;00;2023;1;Male;5134;NR;number;SORS;Registered employment by sex and municipalities of residence (NSTJ) ;A;Normal value
24021105IND01;70955;Požega;00;2023;2;Female;4367;NR;number;SORS;Registered employment by sex and municipalities of residence (NSTJ) ;A;Normal value
24021105IND01;70955;Požega;00;2022;0;Total;9308;NR;number;SORS;Registered employment by sex and municipalities of residence (NSTJ) ;A;Normal value
24021105IND01;70955;Požega;00;2022;1;Male;5083;NR;number;SORS;Registered employment by sex and municipalities of residence (NSTJ) ;A;Normal value
24021105IND01;70955;Požega;00;2022;2;Female;4226;NR;number;SORS;Registered employment by sex and municipalities of residence (NSTJ) ;A;Normal value
24021105IND01;70955;Požega;00;2021;0;Total;9218;NR;number;SORS;Registered employment by sex and municipalities of residence (NSTJ) ;A;Normal value
24021105IND01;70955;Požega;00;2021;1;Male;5065;NR;number;SORS;Registered employment by sex and municipalities of residence (NSTJ) ;A;Normal value
24021105IND01;70955;Požega;00;2021;2;Female;4153;NR;number;SORS;Registered employment by sex and municipalities of residence (NSTJ) ;A;Normal value
24021105IND01;70955;Požega;00;2020;0;Total;8971;NR;number;SORS;Registered employment by sex and municipalities of residence (NSTJ) ;A;Normal value
24021105IND01;70955;Požega;00;2020;1;Male;4950;NR;number;SORS;Registered employment by sex and municipalities of residence (NSTJ) ;A;Normal value
24021105IND01;70955;Požega;00;2020;2;Female;4022;NR;number;SORS;Registered employment by sex and municipalities of residence (NSTJ) ;A;Normal value
24021105IND01;70955;Požega;00;2019;0;Total;8668;NR;number;SORS;Registered employment by sex and municipalities of residence (NSTJ) ;A;Normal value
24021105IND01;70955;Požega;00;2019;1;Male;4804;NR;number;SORS;Registered employment by sex and municipalities of residence (NSTJ) ;A;Normal value
24021105IND01;70955;Požega;00;2019;2;Female;3864;NR;number;SORS;Registered employment by sex and municipalities of residence (NSTJ) ;A;Normal value
24021105IND01;70955;Požega;00;2018;0;Total;8402;NR;number;SORS;Registered employment by sex and municipalities of residence (NSTJ) ;A;Normal value
24021105IND01;70955;Požega;00;2018;1;Male;4672;NR;number;SORS;Registered employment by sex and municipalities of residence (NSTJ) ;A;Normal value
24021105IND01;70955;Požega;00;2018;2;Female;3730;NR;number;SORS;Registered employment by sex and municipalities of residence (NSTJ) ;A;Normal value
24021105IND01;70955;Požega;00;2017;0;Total;8108;NR;number;SORS;Registered employment by sex and municipalities of residence (NSTJ) ;A;Normal value
24021105IND01;70955;Požega;00;2017;1;Male;4548;NR;number;SORS;Registered employment by sex and municipalities of residence (NSTJ) ;A;Normal value
24021105IND01;70955;Požega;00;2017;2;Female;3560;NR;number;SORS;Registered employment by sex and municipalities of residence (NSTJ) ;A;Normal value
24021105IND01;70955;Požega;00;2016;0;Total;7956;NR;number;SORS;Registered employment by sex and municipalities of residence (NSTJ) ;A;Normal value
24021105IND01;70955;Požega;00;2016;1;Male;4499;NR;number;SORS;Registered employment by sex and municipalities of residence (NSTJ) ;A;Normal value
24021105IND01;70955;Požega;00;2016;2;Female;3457;NR;number;SORS;Registered employment by sex and municipalities of residence (NSTJ) ;A;Normal value
24021105IND01;70963;Preševo;00;2016;0;Total;3579;NR;number;SORS;Registered employment by sex and municipalities of residence (NSTJ) ;A;Normal value
24021105IND01;70963;Preševo;00;2016;1;Male;2675;NR;number;SORS;Registered employment by sex and municipalities of residence (NSTJ) ;A;Normal value
24021105IND01;70963;Preševo;00;2016;2;Female;904;NR;number;SORS;Registered employment by sex and municipalities of residence (NSTJ) ;A;Normal value
24021105IND01;70963;Preševo;00;2017;0;Total;3634;NR;number;SORS;Registered employment by sex and municipalities of residence (NSTJ) ;A;Normal value
24021105IND01;70963;Preševo;00;2017;1;Male;2688;NR;number;SORS;Registered employment by sex and municipalities of residence (NSTJ) ;A;Normal value
24021105IND01;70963;Preševo;00;2017;2;Female;946;NR;number;SORS;Registered employment by sex and municipalities of residence (NSTJ) ;A;Normal value
24021105IND01;70963;Preševo;00;2018;0;Total;3778;NR;number;SORS;Registered employment by sex and municipalities of residence (NSTJ) ;A;Normal value
24021105IND01;70963;Preševo;00;2018;1;Male;2737;NR;number;SORS;Registered employment by sex and municipalities of residence (NSTJ) ;A;Normal value
24021105IND01;70963;Preševo;00;2018;2;Female;1041;NR;number;SORS;Registered employment by sex and municipalities of residence (NSTJ) ;A;Normal value
24021105IND01;70963;Preševo;00;2019;0;Total;3911;NR;number;SORS;Registered employment by sex and municipalities of residence (NSTJ) ;A;Normal value
24021105IND01;70963;Preševo;00;2019;1;Male;2810;NR;number;SORS;Registered employment by sex and municipalities of residence (NSTJ) ;A;Normal value
24021105IND01;70963;Preševo;00;2019;2;Female;1100;NR;number;SORS;Registered employment by sex and municipalities of residence (NSTJ) ;A;Normal value
24021105IND01;70963;Preševo;00;2020;0;Total;3983;NR;number;SORS;Registered employment by sex and municipalities of residence (NSTJ) ;A;Normal value
24021105IND01;70963;Preševo;00;2020;1;Male;2865;NR;number;SORS;Registered employment by sex and municipalities of residence (NSTJ) ;A;Normal value
24021105IND01;70963;Preševo;00;2020;2;Female;1118;NR;number;SORS;Registered employment by sex and municipalities of residence (NSTJ) ;A;Normal value
24021105IND01;70963;Preševo;00;2021;0;Total;4042;NR;number;SORS;Registered employment by sex and municipalities of residence (NSTJ) ;A;Normal value
24021105IND01;70963;Preševo;00;2021;1;Male;2889;NR;number;SORS;Registered employment by sex and municipalities of residence (NSTJ) ;A;Normal value
24021105IND01;70963;Preševo;00;2021;2;Female;1152;NR;number;SORS;Registered employment by sex and municipalities of residence (NSTJ) ;A;Normal value
24021105IND01;70963;Preševo;00;2022;0;Total;4022;NR;number;SORS;Registered employment by sex and municipalities of residence (NSTJ) ;A;Normal value
24021105IND01;70963;Preševo;00;2022;1;Male;2812;NR;number;SORS;Registered employment by sex and municipalities of residence (NSTJ) ;A;Normal value
24021105IND01;70963;Preševo;00;2022;2;Female;1210;NR;number;SORS;Registered employment by sex and municipalities of residence (NSTJ) ;A;Normal value
24021105IND01;70963;Preševo;00;2023;0;Total;3948;NR;number;SORS;Registered employment by sex and municipalities of residence (NSTJ) ;A;Normal value
24021105IND01;70963;Preševo;00;2023;1;Male;2735;NR;number;SORS;Registered employment by sex and municipalities of residence (NSTJ) ;A;Normal value
24021105IND01;70963;Preševo;00;2023;2;Female;1213;NR;number;SORS;Registered employment by sex and municipalities of residence (NSTJ) ;A;Normal value
24021105IND01;70963;Preševo;00;2024;0;Total;3880;NR;number;SORS;Registered employment by sex and municipalities of residence (NSTJ) ;A;Normal value
24021105IND01;70963;Preševo;00;2024;1;Male;2684;NR;number;SORS;Registered employment by sex and municipalities of residence (NSTJ) ;A;Normal value
24021105IND01;70963;Preševo;00;2024;2;Female;1197;NR;number;SORS;Registered employment by sex and municipalities of residence (NSTJ) ;A;Normal value
24021105IND01;70963;Preševo;00;2025;0;Total;3903;NR;number;SORS;Registered employment by sex and municipalities of residence (NSTJ) ;A;Normal value
24021105IND01;70963;Preševo;00;2025;1;Male;2665;NR;number;SORS;Registered employment by sex and municipalities of residence (NSTJ) ;A;Normal value
24021105IND01;70963;Preševo;00;2025;2;Female;1237;NR;number;SORS;Registered employment by sex and municipalities of residence (NSTJ) ;A;Normal value
24021105IND01;70971;Priboj;00;2025;0;Total;6201;NR;number;SORS;Registered employment by sex and municipalities of residence (NSTJ) ;A;Normal value
24021105IND01;70971;Priboj;00;2025;1;Male;3401;NR;number;SORS;Registered employment by sex and municipalities of residence (NSTJ) ;A;Normal value
24021105IND01;70971;Priboj;00;2025;2;Female;2800;NR;number;SORS;Registered employment by sex and municipalities of residence (NSTJ) ;A;Normal value
24021105IND01;70971;Priboj;00;2024;0;Total;6261;NR;number;SORS;Registered employment by sex and municipalities of residence (NSTJ) ;A;Normal value
24021105IND01;70971;Priboj;00;2024;1;Male;3486;NR;number;SORS;Registered employment by sex and municipalities of residence (NSTJ) ;A;Normal value
24021105IND01;70971;Priboj;00;2024;2;Female;2775;NR;number;SORS;Registered employment by sex and municipalities of residence (NSTJ) ;A;Normal value
24021105IND01;70971;Priboj;00;2023;0;Total;6424;NR;number;SORS;Registered employment by sex and municipalities of residence (NSTJ) ;A;Normal value
24021105IND01;70971;Priboj;00;2023;1;Male;3606;NR;number;SORS;Registered employment by sex and municipalities of residence (NSTJ) ;A;Normal value
24021105IND01;70971;Priboj;00;2023;2;Female;2818;NR;number;SORS;Registered employment by sex and municipalities of residence (NSTJ) ;A;Normal value
24021105IND01;70971;Priboj;00;2022;0;Total;6267;NR;number;SORS;Registered employment by sex and municipalities of residence (NSTJ) ;A;Normal value
24021105IND01;70971;Priboj;00;2022;1;Male;3569;NR;number;SORS;Registered employment by sex and municipalities of residence (NSTJ) ;A;Normal value
24021105IND01;70971;Priboj;00;2022;2;Female;2698;NR;number;SORS;Registered employment by sex and municipalities of residence (NSTJ) ;A;Normal value
24021105IND01;70971;Priboj;00;2021;0;Total;6046;NR;number;SORS;Registered employment by sex and municipalities of residence (NSTJ) ;A;Normal value
24021105IND01;70971;Priboj;00;2021;1;Male;3518;NR;number;SORS;Registered employment by sex and municipalities of residence (NSTJ) ;A;Normal value
24021105IND01;70971;Priboj;00;2021;2;Female;2528;NR;number;SORS;Registered employment by sex and municipalities of residence (NSTJ) ;A;Normal value
24021105IND01;70971;Priboj;00;2020;0;Total;5755;NR;number;SORS;Registered employment by sex and municipalities of residence (NSTJ) ;A;Normal value
24021105IND01;70971;Priboj;00;2020;1;Male;3378;NR;number;SORS;Registered employment by sex and municipalities of residence (NSTJ) ;A;Normal value
24021105IND01;70971;Priboj;00;2020;2;Female;2377;NR;number;SORS;Registered employment by sex and municipalities of residence (NSTJ) ;A;Normal value
24021105IND01;70971;Priboj;00;2019;0;Total;5537;NR;number;SORS;Registered employment by sex and municipalities of residence (NSTJ) ;A;Normal value
24021105IND01;70971;Priboj;00;2019;1;Male;3244;NR;number;SORS;Registered employment by sex and municipalities of residence (NSTJ) ;A;Normal value
24021105IND01;70971;Priboj;00;2019;2;Female;2292;NR;number;SORS;Registered employment by sex and municipalities of residence (NSTJ) ;A;Normal value
24021105IND01;70971;Priboj;00;2018;0;Total;5277;NR;number;SORS;Registered employment by sex and municipalities of residence (NSTJ) ;A;Normal value
24021105IND01;70971;Priboj;00;2018;1;Male;3075;NR;number;SORS;Registered employment by sex and municipalities of residence (NSTJ) ;A;Normal value
24021105IND01;70971;Priboj;00;2018;2;Female;2201;NR;number;SORS;Registered employment by sex and municipalities of residence (NSTJ) ;A;Normal value
24021105IND01;70971;Priboj;00;2017;0;Total;4921;NR;number;SORS;Registered employment by sex and municipalities of residence (NSTJ) ;A;Normal value
24021105IND01;70971;Priboj;00;2017;1;Male;2829;NR;number;SORS;Registered employment by sex and municipalities of residence (NSTJ) ;A;Normal value
24021105IND01;70971;Priboj;00;2017;2;Female;2092;NR;number;SORS;Registered employment by sex and municipalities of residence (NSTJ) ;A;Normal value
24021105IND01;70971;Priboj;00;2016;0;Total;5034;NR;number;SORS;Registered employment by sex and municipalities of residence (NSTJ) ;A;Normal value
24021105IND01;70971;Priboj;00;2016;1;Male;2936;NR;number;SORS;Registered employment by sex and municipalities of residence (NSTJ) ;A;Normal value
24021105IND01;70971;Priboj;00;2016;2;Female;2098;NR;number;SORS;Registered employment by sex and municipalities of residence (NSTJ) ;A;Normal value
24021105IND01;70980;Prijepolje;00;2016;0;Total;7489;NR;number;SORS;Registered employment by sex and municipalities of residence (NSTJ) ;A;Normal value
24021105IND01;70980;Prijepolje;00;2016;1;Male;4340;NR;number;SORS;Registered employment by sex and municipalities of residence (NSTJ) ;A;Normal value
24021105IND01;70980;Prijepolje;00;2016;2;Female;3149;NR;number;SORS;Registered employment by sex and municipalities of residence (NSTJ) ;A;Normal value
24021105IND01;70980;Prijepolje;00;2017;0;Total;7711;NR;number;SORS;Registered employment by sex and municipalities of residence (NSTJ) ;A;Normal value
24021105IND01;70980;Prijepolje;00;2017;1;Male;4361;NR;number;SORS;Registered employment by sex and municipalities of residence (NSTJ) ;A;Normal value
24021105IND01;70980;Prijepolje;00;2017;2;Female;3350;NR;number;SORS;Registered employment by sex and municipalities of residence (NSTJ) ;A;Normal value
24021105IND01;70980;Prijepolje;00;2018;0;Total;8031;NR;number;SORS;Registered employment by sex and municipalities of residence (NSTJ) ;A;Normal value
24021105IND01;70980;Prijepolje;00;2018;1;Male;4524;NR;number;SORS;Registered employment by sex and municipalities of residence (NSTJ) ;A;Normal value
24021105IND01;70980;Prijepolje;00;2018;2;Female;3507;NR;number;SORS;Registered employment by sex and municipalities of residence (NSTJ) ;A;Normal value
24021105IND01;70980;Prijepolje;00;2019;0;Total;8155;NR;number;SORS;Registered employment by sex and municipalities of residence (NSTJ) ;A;Normal value
24021105IND01;70980;Prijepolje;00;2019;1;Male;4657;NR;number;SORS;Registered employment by sex and municipalities of residence (NSTJ) ;A;Normal value
24021105IND01;70980;Prijepolje;00;2019;2;Female;3498;NR;number;SORS;Registered employment by sex and municipalities of residence (NSTJ) ;A;Normal value
24021105IND01;70980;Prijepolje;00;2020;0;Total;8543;NR;number;SORS;Registered employment by sex and municipalities of residence (NSTJ) ;A;Normal value
24021105IND01;70980;Prijepolje;00;2020;1;Male;4907;NR;number;SORS;Registered employment by sex and municipalities of residence (NSTJ) ;A;Normal value
24021105IND01;70980;Prijepolje;00;2020;2;Female;3637;NR;number;SORS;Registered employment by sex and municipalities of residence (NSTJ) ;A;Normal value
24021105IND01;70980;Prijepolje;00;2021;0;Total;8758;NR;number;SORS;Registered employment by sex and municipalities of residence (NSTJ) ;A;Normal value
24021105IND01;70980;Prijepolje;00;2021;1;Male;4971;NR;number;SORS;Registered employment by sex and municipalities of residence (NSTJ) ;A;Normal value
24021105IND01;70980;Prijepolje;00;2021;2;Female;3787;NR;number;SORS;Registered employment by sex and municipalities of residence (NSTJ) ;A;Normal value
24021105IND01;70980;Prijepolje;00;2022;0;Total;8895;NR;number;SORS;Registered employment by sex and municipalities of residence (NSTJ) ;A;Normal value
24021105IND01;70980;Prijepolje;00;2022;1;Male;5018;NR;number;SORS;Registered employment by sex and municipalities of residence (NSTJ) ;A;Normal value
24021105IND01;70980;Prijepolje;00;2022;2;Female;3878;NR;number;SORS;Registered employment by sex and municipalities of residence (NSTJ) ;A;Normal value
24021105IND01;70980;Prijepolje;00;2023;0;Total;8929;NR;number;SORS;Registered employment by sex and municipalities of residence (NSTJ) ;A;Normal value
24021105IND01;70980;Prijepolje;00;2023;1;Male;4999;NR;number;SORS;Registered employment by sex and municipalities of residence (NSTJ) ;A;Normal value
24021105IND01;70980;Prijepolje;00;2023;2;Female;3930;NR;number;SORS;Registered employment by sex and municipalities of residence (NSTJ) ;A;Normal value
24021105IND01;70980;Prijepolje;00;2024;0;Total;8914;NR;number;SORS;Registered employment by sex and municipalities of residence (NSTJ) ;A;Normal value
24021105IND01;70980;Prijepolje;00;2024;1;Male;4991;NR;number;SORS;Registered employment by sex and municipalities of residence (NSTJ) ;A;Normal value
24021105IND01;70980;Prijepolje;00;2024;2;Female;3923;NR;number;SORS;Registered employment by sex and municipalities of residence (NSTJ) ;A;Normal value
24021105IND01;70980;Prijepolje;00;2025;0;Total;8863;NR;number;SORS;Registered employment by sex and municipalities of residence (NSTJ) ;A;Normal value
24021105IND01;70980;Prijepolje;00;2025;1;Male;4936;NR;number;SORS;Registered employment by sex and municipalities of residence (NSTJ) ;A;Normal value
24021105IND01;70980;Prijepolje;00;2025;2;Female;3927;NR;number;SORS;Registered employment by sex and municipalities of residence (NSTJ) ;A;Normal value
24021105IND01;70998;Prokuplje;00;2025;0;Total;12325;NR;number;SORS;Registered employment by sex and municipalities of residence (NSTJ) ;A;Normal value
24021105IND01;70998;Prokuplje;00;2025;1;Male;6196;NR;number;SORS;Registered employment by sex and municipalities of residence (NSTJ) ;A;Normal value
24021105IND01;70998;Prokuplje;00;2025;2;Female;6129;NR;number;SORS;Registered employment by sex and municipalities of residence (NSTJ) ;A;Normal value
24021105IND01;70998;Prokuplje;00;2024;0;Total;12706;NR;number;SORS;Registered employment by sex and municipalities of residence (NSTJ) ;A;Normal value
24021105IND01;70998;Prokuplje;00;2024;1;Male;6410;NR;number;SORS;Registered employment by sex and municipalities of residence (NSTJ) ;A;Normal value
24021105IND01;70998;Prokuplje;00;2024;2;Female;6296;NR;number;SORS;Registered employment by sex and municipalities of residence (NSTJ) ;A;Normal value
24021105IND01;70998;Prokuplje;00;2023;0;Total;12755;NR;number;SORS;Registered employment by sex and municipalities of residence (NSTJ) ;A;Normal value
24021105IND01;70998;Prokuplje;00;2023;1;Male;6459;NR;number;SORS;Registered employment by sex and municipalities of residence (NSTJ) ;A;Normal value
24021105IND01;70998;Prokuplje;00;2023;2;Female;6296;NR;number;SORS;Registered employment by sex and municipalities of residence (NSTJ) ;A;Normal value
24021105IND01;70998;Prokuplje;00;2022;0;Total;12770;NR;number;SORS;Registered employment by sex and municipalities of residence (NSTJ) ;A;Normal value
24021105IND01;70998;Prokuplje;00;2022;1;Male;6533;NR;number;SORS;Registered employment by sex and municipalities of residence (NSTJ) ;A;Normal value
24021105IND01;70998;Prokuplje;00;2022;2;Female;6237;NR;number;SORS;Registered employment by sex and municipalities of residence (NSTJ) ;A;Normal value
24021105IND01;70998;Prokuplje;00;2021;0;Total;12760;NR;number;SORS;Registered employment by sex and municipalities of residence (NSTJ) ;A;Normal value
24021105IND01;70998;Prokuplje;00;2021;1;Male;6594;NR;number;SORS;Registered employment by sex and municipalities of residence (NSTJ) ;A;Normal value
24021105IND01;70998;Prokuplje;00;2021;2;Female;6166;NR;number;SORS;Registered employment by sex and municipalities of residence (NSTJ) ;A;Normal value
24021105IND01;70998;Prokuplje;00;2020;0;Total;12520;NR;number;SORS;Registered employment by sex and municipalities of residence (NSTJ) ;A;Normal value
24021105IND01;70998;Prokuplje;00;2020;1;Male;6434;NR;number;SORS;Registered employment by sex and municipalities of residence (NSTJ) ;A;Normal value
24021105IND01;70998;Prokuplje;00;2020;2;Female;6085;NR;number;SORS;Registered employment by sex and municipalities of residence (NSTJ) ;A;Normal value
24021105IND01;70998;Prokuplje;00;2019;0;Total;12356;NR;number;SORS;Registered employment by sex and municipalities of residence (NSTJ) ;A;Normal value
24021105IND01;70998;Prokuplje;00;2019;1;Male;6368;NR;number;SORS;Registered employment by sex and municipalities of residence (NSTJ) ;A;Normal value
24021105IND01;70998;Prokuplje;00;2019;2;Female;5989;NR;number;SORS;Registered employment by sex and municipalities of residence (NSTJ) ;A;Normal value
24021105IND01;70998;Prokuplje;00;2018;0;Total;11900;NR;number;SORS;Registered employment by sex and municipalities of residence (NSTJ) ;A;Normal value
24021105IND01;70998;Prokuplje;00;2018;1;Male;6175;NR;number;SORS;Registered employment by sex and municipalities of residence (NSTJ) ;A;Normal value
24021105IND01;70998;Prokuplje;00;2018;2;Female;5725;NR;number;SORS;Registered employment by sex and municipalities of residence (NSTJ) ;A;Normal value
24021105IND01;70998;Prokuplje;00;2017;0;Total;11705;NR;number;SORS;Registered employment by sex and municipalities of residence (NSTJ) ;A;Normal value
24021105IND01;70998;Prokuplje;00;2017;1;Male;6093;NR;number;SORS;Registered employment by sex and municipalities of residence (NSTJ) ;A;Normal value
24021105IND01;70998;Prokuplje;00;2017;2;Female;5612;NR;number;SORS;Registered employment by sex and municipalities of residence (NSTJ) ;A;Normal value
24021105IND01;70998;Prokuplje;00;2016;0;Total;10922;NR;number;SORS;Registered employment by sex and municipalities of residence (NSTJ) ;A;Normal value
24021105IND01;70998;Prokuplje;00;2016;1;Male;5731;NR;number;SORS;Registered employment by sex and municipalities of residence (NSTJ) ;A;Normal value
24021105IND01;70998;Prokuplje;00;2016;2;Female;5191;NR;number;SORS;Registered employment by sex and municipalities of residence (NSTJ) ;A;Normal value
24021105IND01;71005;Ražanj;00;2016;0;Total;1514;NR;number;SORS;Registered employment by sex and municipalities of residence (NSTJ) ;A;Normal value
24021105IND01;71005;Ražanj;00;2016;1;Male;1003;NR;number;SORS;Registered employment by sex and municipalities of residence (NSTJ) ;A;Normal value
24021105IND01;71005;Ražanj;00;2016;2;Female;510;NR;number;SORS;Registered employment by sex and municipalities of residence (NSTJ) ;A;Normal value
24021105IND01;71005;Ražanj;00;2017;0;Total;1537;NR;number;SORS;Registered employment by sex and municipalities of residence (NSTJ) ;A;Normal value
24021105IND01;71005;Ražanj;00;2017;1;Male;1016;NR;number;SORS;Registered employment by sex and municipalities of residence (NSTJ) ;A;Normal value
24021105IND01;71005;Ražanj;00;2017;2;Female;521;NR;number;SORS;Registered employment by sex and municipalities of residence (NSTJ) ;A;Normal value
24021105IND01;71005;Ražanj;00;2018;0;Total;1574;NR;number;SORS;Registered employment by sex and municipalities of residence (NSTJ) ;A;Normal value
24021105IND01;71005;Ražanj;00;2018;1;Male;1037;NR;number;SORS;Registered employment by sex and municipalities of residence (NSTJ) ;A;Normal value
24021105IND01;71005;Ražanj;00;2018;2;Female;537;NR;number;SORS;Registered employment by sex and municipalities of residence (NSTJ) ;A;Normal value
24021105IND01;71005;Ražanj;00;2019;0;Total;1586;NR;number;SORS;Registered employment by sex and municipalities of residence (NSTJ) ;A;Normal value
24021105IND01;71005;Ražanj;00;2019;1;Male;1056;NR;number;SORS;Registered employment by sex and municipalities of residence (NSTJ) ;A;Normal value
24021105IND01;71005;Ražanj;00;2019;2;Female;530;NR;number;SORS;Registered employment by sex and municipalities of residence (NSTJ) ;A;Normal value
24021105IND01;71005;Ražanj;00;2020;0;Total;1603;NR;number;SORS;Registered employment by sex and municipalities of residence (NSTJ) ;A;Normal value
24021105IND01;71005;Ražanj;00;2020;1;Male;1057;NR;number;SORS;Registered employment by sex and municipalities of residence (NSTJ) ;A;Normal value
24021105IND01;71005;Ražanj;00;2020;2;Female;546;NR;number;SORS;Registered employment by sex and municipalities of residence (NSTJ) ;A;Normal value
24021105IND01;71005;Ražanj;00;2021;0;Total;1680;NR;number;SORS;Registered employment by sex and municipalities of residence (NSTJ) ;A;Normal value
24021105IND01;71005;Ražanj;00;2021;1;Male;1099;NR;number;SORS;Registered employment by sex and municipalities of residence (NSTJ) ;A;Normal value
24021105IND01;71005;Ražanj;00;2021;2;Female;581;NR;number;SORS;Registered employment by sex and municipalities of residence (NSTJ) ;A;Normal value
24021105IND01;71005;Ražanj;00;2022;0;Total;1706;NR;number;SORS;Registered employment by sex and municipalities of residence (NSTJ) ;A;Normal value
24021105IND01;71005;Ražanj;00;2022;1;Male;1110;NR;number;SORS;Registered employment by sex and municipalities of residence (NSTJ) ;A;Normal value
24021105IND01;71005;Ražanj;00;2022;2;Female;596;NR;number;SORS;Registered employment by sex and municipalities of residence (NSTJ) ;A;Normal value
24021105IND01;71005;Ražanj;00;2023;0;Total;1701;NR;number;SORS;Registered employment by sex and municipalities of residence (NSTJ) ;A;Normal value
24021105IND01;71005;Ražanj;00;2023;1;Male;1086;NR;number;SORS;Registered employment by sex and municipalities of residence (NSTJ) ;A;Normal value
24021105IND01;71005;Ražanj;00;2023;2;Female;615;NR;number;SORS;Registered employment by sex and municipalities of residence (NSTJ) ;A;Normal value
24021105IND01;71005;Ražanj;00;2024;0;Total;1710;NR;number;SORS;Registered employment by sex and municipalities of residence (NSTJ) ;A;Normal value
24021105IND01;71005;Ražanj;00;2024;1;Male;1076;NR;number;SORS;Registered employment by sex and municipalities of residence (NSTJ) ;A;Normal value
24021105IND01;71005;Ražanj;00;2024;2;Female;634;NR;number;SORS;Registered employment by sex and municipalities of residence (NSTJ) ;A;Normal value
24021105IND01;71005;Ražanj;00;2025;0;Total;1708;NR;number;SORS;Registered employment by sex and municipalities of residence (NSTJ) ;A;Normal value
24021105IND01;71005;Ražanj;00;2025;1;Male;1063;NR;number;SORS;Registered employment by sex and municipalities of residence (NSTJ) ;A;Normal value
24021105IND01;71005;Ražanj;00;2025;2;Female;645;NR;number;SORS;Registered employment by sex and municipalities of residence (NSTJ) ;A;Normal value
24021105IND01;71013;Rača;00;2025;0;Total;3241;NR;number;SORS;Registered employment by sex and municipalities of residence (NSTJ) ;A;Normal value
24021105IND01;71013;Rača;00;2025;1;Male;1847;NR;number;SORS;Registered employment by sex and municipalities of residence (NSTJ) ;A;Normal value
24021105IND01;71013;Rača;00;2025;2;Female;1394;NR;number;SORS;Registered employment by sex and municipalities of residence (NSTJ) ;A;Normal value
24021105IND01;71013;Rača;00;2024;0;Total;3222;NR;number;SORS;Registered employment by sex and municipalities of residence (NSTJ) ;A;Normal value
24021105IND01;71013;Rača;00;2024;1;Male;1844;NR;number;SORS;Registered employment by sex and municipalities of residence (NSTJ) ;A;Normal value
24021105IND01;71013;Rača;00;2024;2;Female;1378;NR;number;SORS;Registered employment by sex and municipalities of residence (NSTJ) ;A;Normal value
24021105IND01;71013;Rača;00;2023;0;Total;3195;NR;number;SORS;Registered employment by sex and municipalities of residence (NSTJ) ;A;Normal value
24021105IND01;71013;Rača;00;2023;1;Male;1855;NR;number;SORS;Registered employment by sex and municipalities of residence (NSTJ) ;A;Normal value
24021105IND01;71013;Rača;00;2023;2;Female;1340;NR;number;SORS;Registered employment by sex and municipalities of residence (NSTJ) ;A;Normal value
24021105IND01;71013;Rača;00;2022;0;Total;3092;NR;number;SORS;Registered employment by sex and municipalities of residence (NSTJ) ;A;Normal value
24021105IND01;71013;Rača;00;2022;1;Male;1811;NR;number;SORS;Registered employment by sex and municipalities of residence (NSTJ) ;A;Normal value
24021105IND01;71013;Rača;00;2022;2;Female;1281;NR;number;SORS;Registered employment by sex and municipalities of residence (NSTJ) ;A;Normal value
24021105IND01;71013;Rača;00;2021;0;Total;3025;NR;number;SORS;Registered employment by sex and municipalities of residence (NSTJ) ;A;Normal value
24021105IND01;71013;Rača;00;2021;1;Male;1813;NR;number;SORS;Registered employment by sex and municipalities of residence (NSTJ) ;A;Normal value
24021105IND01;71013;Rača;00;2021;2;Female;1212;NR;number;SORS;Registered employment by sex and municipalities of residence (NSTJ) ;A;Normal value
24021105IND01;71013;Rača;00;2020;0;Total;2994;NR;number;SORS;Registered employment by sex and municipalities of residence (NSTJ) ;A;Normal value
24021105IND01;71013;Rača;00;2020;1;Male;1818;NR;number;SORS;Registered employment by sex and municipalities of residence (NSTJ) ;A;Normal value
24021105IND01;71013;Rača;00;2020;2;Female;1176;NR;number;SORS;Registered employment by sex and municipalities of residence (NSTJ) ;A;Normal value
24021105IND01;71013;Rača;00;2019;0;Total;2904;NR;number;SORS;Registered employment by sex and municipalities of residence (NSTJ) ;A;Normal value
24021105IND01;71013;Rača;00;2019;1;Male;1781;NR;number;SORS;Registered employment by sex and municipalities of residence (NSTJ) ;A;Normal value
24021105IND01;71013;Rača;00;2019;2;Female;1122;NR;number;SORS;Registered employment by sex and municipalities of residence (NSTJ) ;A;Normal value
24021105IND01;71013;Rača;00;2018;0;Total;2839;NR;number;SORS;Registered employment by sex and municipalities of residence (NSTJ) ;A;Normal value
24021105IND01;71013;Rača;00;2018;1;Male;1740;NR;number;SORS;Registered employment by sex and municipalities of residence (NSTJ) ;A;Normal value
24021105IND01;71013;Rača;00;2018;2;Female;1100;NR;number;SORS;Registered employment by sex and municipalities of residence (NSTJ) ;A;Normal value
24021105IND01;71013;Rača;00;2017;0;Total;2790;NR;number;SORS;Registered employment by sex and municipalities of residence (NSTJ) ;A;Normal value
24021105IND01;71013;Rača;00;2017;1;Male;1724;NR;number;SORS;Registered employment by sex and municipalities of residence (NSTJ) ;A;Normal value
24021105IND01;71013;Rača;00;2017;2;Female;1066;NR;number;SORS;Registered employment by sex and municipalities of residence (NSTJ) ;A;Normal value
24021105IND01;71013;Rača;00;2016;0;Total;2773;NR;number;SORS;Registered employment by sex and municipalities of residence (NSTJ) ;A;Normal value
24021105IND01;71013;Rača;00;2016;1;Male;1725;NR;number;SORS;Registered employment by sex and municipalities of residence (NSTJ) ;A;Normal value
24021105IND01;71013;Rača;00;2016;2;Female;1048;NR;number;SORS;Registered employment by sex and municipalities of residence (NSTJ) ;A;Normal value
24021105IND01;71021;Raška;00;2016;0;Total;5845;NR;number;SORS;Registered employment by sex and municipalities of residence (NSTJ) ;A;Normal value
24021105IND01;71021;Raška;00;2016;1;Male;3511;NR;number;SORS;Registered employment by sex and municipalities of residence (NSTJ) ;A;Normal value
24021105IND01;71021;Raška;00;2016;2;Female;2334;NR;number;SORS;Registered employment by sex and municipalities of residence (NSTJ) ;A;Normal value
24021105IND01;71021;Raška;00;2017;0;Total;6169;NR;number;SORS;Registered employment by sex and municipalities of residence (NSTJ) ;A;Normal value
24021105IND01;71021;Raška;00;2017;1;Male;3645;NR;number;SORS;Registered employment by sex and municipalities of residence (NSTJ) ;A;Normal value
24021105IND01;71021;Raška;00;2017;2;Female;2524;NR;number;SORS;Registered employment by sex and municipalities of residence (NSTJ) ;A;Normal value
24021105IND01;71021;Raška;00;2018;0;Total;6346;NR;number;SORS;Registered employment by sex and municipalities of residence (NSTJ) ;A;Normal value
24021105IND01;71021;Raška;00;2018;1;Male;3704;NR;number;SORS;Registered employment by sex and municipalities of residence (NSTJ) ;A;Normal value
24021105IND01;71021;Raška;00;2018;2;Female;2642;NR;number;SORS;Registered employment by sex and municipalities of residence (NSTJ) ;A;Normal value
24021105IND01;71021;Raška;00;2019;0;Total;6572;NR;number;SORS;Registered employment by sex and municipalities of residence (NSTJ) ;A;Normal value
24021105IND01;71021;Raška;00;2019;1;Male;3764;NR;number;SORS;Registered employment by sex and municipalities of residence (NSTJ) ;A;Normal value
24021105IND01;71021;Raška;00;2019;2;Female;2808;NR;number;SORS;Registered employment by sex and municipalities of residence (NSTJ) ;A;Normal value
24021105IND01;71021;Raška;00;2020;0;Total;6660;NR;number;SORS;Registered employment by sex and municipalities of residence (NSTJ) ;A;Normal value
24021105IND01;71021;Raška;00;2020;1;Male;3766;NR;number;SORS;Registered employment by sex and municipalities of residence (NSTJ) ;A;Normal value
24021105IND01;71021;Raška;00;2020;2;Female;2894;NR;number;SORS;Registered employment by sex and municipalities of residence (NSTJ) ;A;Normal value
24021105IND01;71021;Raška;00;2021;0;Total;6904;NR;number;SORS;Registered employment by sex and municipalities of residence (NSTJ) ;A;Normal value
24021105IND01;71021;Raška;00;2021;1;Male;3877;NR;number;SORS;Registered employment by sex and municipalities of residence (NSTJ) ;A;Normal value
24021105IND01;71021;Raška;00;2021;2;Female;3027;NR;number;SORS;Registered employment by sex and municipalities of residence (NSTJ) ;A;Normal value
24021105IND01;71021;Raška;00;2022;0;Total;7019;NR;number;SORS;Registered employment by sex and municipalities of residence (NSTJ) ;A;Normal value
24021105IND01;71021;Raška;00;2022;1;Male;3905;NR;number;SORS;Registered employment by sex and municipalities of residence (NSTJ) ;A;Normal value
24021105IND01;71021;Raška;00;2022;2;Female;3114;NR;number;SORS;Registered employment by sex and municipalities of residence (NSTJ) ;A;Normal value
24021105IND01;71021;Raška;00;2023;0;Total;7188;NR;number;SORS;Registered employment by sex and municipalities of residence (NSTJ) ;A;Normal value
24021105IND01;71021;Raška;00;2023;1;Male;3984;NR;number;SORS;Registered employment by sex and municipalities of residence (NSTJ) ;A;Normal value
24021105IND01;71021;Raška;00;2023;2;Female;3204;NR;number;SORS;Registered employment by sex and municipalities of residence (NSTJ) ;A;Normal value
24021105IND01;71021;Raška;00;2024;0;Total;7204;NR;number;SORS;Registered employment by sex and municipalities of residence (NSTJ) ;A;Normal value
24021105IND01;71021;Raška;00;2024;1;Male;4016;NR;number;SORS;Registered employment by sex and municipalities of residence (NSTJ) ;A;Normal value
24021105IND01;71021;Raška;00;2024;2;Female;3188;NR;number;SORS;Registered employment by sex and municipalities of residence (NSTJ) ;A;Normal value
24021105IND01;71021;Raška;00;2025;0;Total;7128;NR;number;SORS;Registered employment by sex and municipalities of residence (NSTJ) ;A;Normal value
24021105IND01;71021;Raška;00;2025;1;Male;3945;NR;number;SORS;Registered employment by sex and municipalities of residence (NSTJ) ;A;Normal value
24021105IND01;71021;Raška;00;2025;2;Female;3183;NR;number;SORS;Registered employment by sex and municipalities of residence (NSTJ) ;A;Normal value
24021105IND01;71030;Rekovac;00;2025;0;Total;1922;NR;number;SORS;Registered employment by sex and municipalities of residence (NSTJ) ;A;Normal value
24021105IND01;71030;Rekovac;00;2025;1;Male;1176;NR;number;SORS;Registered employment by sex and municipalities of residence (NSTJ) ;A;Normal value
24021105IND01;71030;Rekovac;00;2025;2;Female;746;NR;number;SORS;Registered employment by sex and municipalities of residence (NSTJ) ;A;Normal value
24021105IND01;71030;Rekovac;00;2024;0;Total;1963;NR;number;SORS;Registered employment by sex and municipalities of residence (NSTJ) ;A;Normal value
24021105IND01;71030;Rekovac;00;2024;1;Male;1198;NR;number;SORS;Registered employment by sex and municipalities of residence (NSTJ) ;A;Normal value
24021105IND01;71030;Rekovac;00;2024;2;Female;765;NR;number;SORS;Registered employment by sex and municipalities of residence (NSTJ) ;A;Normal value
24021105IND01;71030;Rekovac;00;2023;0;Total;1943;NR;number;SORS;Registered employment by sex and municipalities of residence (NSTJ) ;A;Normal value
24021105IND01;71030;Rekovac;00;2023;1;Male;1196;NR;number;SORS;Registered employment by sex and municipalities of residence (NSTJ) ;A;Normal value
24021105IND01;71030;Rekovac;00;2023;2;Female;747;NR;number;SORS;Registered employment by sex and municipalities of residence (NSTJ) ;A;Normal value
24021105IND01;71030;Rekovac;00;2022;0;Total;1924;NR;number;SORS;Registered employment by sex and municipalities of residence (NSTJ) ;A;Normal value
24021105IND01;71030;Rekovac;00;2022;1;Male;1177;NR;number;SORS;Registered employment by sex and municipalities of residence (NSTJ) ;A;Normal value
24021105IND01;71030;Rekovac;00;2022;2;Female;747;NR;number;SORS;Registered employment by sex and municipalities of residence (NSTJ) ;A;Normal value
24021105IND01;71030;Rekovac;00;2021;0;Total;1907;NR;number;SORS;Registered employment by sex and municipalities of residence (NSTJ) ;A;Normal value
24021105IND01;71030;Rekovac;00;2021;1;Male;1166;NR;number;SORS;Registered employment by sex and municipalities of residence (NSTJ) ;A;Normal value
24021105IND01;71030;Rekovac;00;2021;2;Female;741;NR;number;SORS;Registered employment by sex and municipalities of residence (NSTJ) ;A;Normal value
24021105IND01;71030;Rekovac;00;2020;0;Total;1886;NR;number;SORS;Registered employment by sex and municipalities of residence (NSTJ) ;A;Normal value
24021105IND01;71030;Rekovac;00;2020;1;Male;1160;NR;number;SORS;Registered employment by sex and municipalities of residence (NSTJ) ;A;Normal value
24021105IND01;71030;Rekovac;00;2020;2;Female;726;NR;number;SORS;Registered employment by sex and municipalities of residence (NSTJ) ;A;Normal value
24021105IND01;71030;Rekovac;00;2019;0;Total;1870;NR;number;SORS;Registered employment by sex and municipalities of residence (NSTJ) ;A;Normal value
24021105IND01;71030;Rekovac;00;2019;1;Male;1157;NR;number;SORS;Registered employment by sex and municipalities of residence (NSTJ) ;A;Normal value
24021105IND01;71030;Rekovac;00;2019;2;Female;713;NR;number;SORS;Registered employment by sex and municipalities of residence (NSTJ) ;A;Normal value
24021105IND01;71030;Rekovac;00;2018;0;Total;1817;NR;number;SORS;Registered employment by sex and municipalities of residence (NSTJ) ;A;Normal value
24021105IND01;71030;Rekovac;00;2018;1;Male;1134;NR;number;SORS;Registered employment by sex and municipalities of residence (NSTJ) ;A;Normal value
24021105IND01;71030;Rekovac;00;2018;2;Female;683;NR;number;SORS;Registered employment by sex and municipalities of residence (NSTJ) ;A;Normal value
24021105IND01;71030;Rekovac;00;2017;0;Total;1784;NR;number;SORS;Registered employment by sex and municipalities of residence (NSTJ) ;A;Normal value
24021105IND01;71030;Rekovac;00;2017;1;Male;1139;NR;number;SORS;Registered employment by sex and municipalities of residence (NSTJ) ;A;Normal value
24021105IND01;71030;Rekovac;00;2017;2;Female;645;NR;number;SORS;Registered employment by sex and municipalities of residence (NSTJ) ;A;Normal value
24021105IND01;71030;Rekovac;00;2016;0;Total;1769;NR;number;SORS;Registered employment by sex and municipalities of residence (NSTJ) ;A;Normal value
24021105IND01;71030;Rekovac;00;2016;1;Male;1146;NR;number;SORS;Registered employment by sex and municipalities of residence (NSTJ) ;A;Normal value
24021105IND01;71030;Rekovac;00;2016;2;Female;623;NR;number;SORS;Registered employment by sex and municipalities of residence (NSTJ) ;A;Normal value
24021105IND01;71048;Jagodina;00;2016;0;Total;17655;NR;number;SORS;Registered employment by sex and municipalities of residence (NSTJ) ;A;Normal value
24021105IND01;71048;Jagodina;00;2016;1;Male;9484;NR;number;SORS;Registered employment by sex and municipalities of residence (NSTJ) ;A;Normal value
24021105IND01;71048;Jagodina;00;2016;2;Female;8171;NR;number;SORS;Registered employment by sex and municipalities of residence (NSTJ) ;A;Normal value
24021105IND01;71048;Jagodina;00;2017;0;Total;17948;NR;number;SORS;Registered employment by sex and municipalities of residence (NSTJ) ;A;Normal value
24021105IND01;71048;Jagodina;00;2017;1;Male;9538;NR;number;SORS;Registered employment by sex and municipalities of residence (NSTJ) ;A;Normal value
24021105IND01;71048;Jagodina;00;2017;2;Female;8411;NR;number;SORS;Registered employment by sex and municipalities of residence (NSTJ) ;A;Normal value
24021105IND01;71048;Jagodina;00;2018;0;Total;18744;NR;number;SORS;Registered employment by sex and municipalities of residence (NSTJ) ;A;Normal value
24021105IND01;71048;Jagodina;00;2018;1;Male;9922;NR;number;SORS;Registered employment by sex and municipalities of residence (NSTJ) ;A;Normal value
24021105IND01;71048;Jagodina;00;2018;2;Female;8822;NR;number;SORS;Registered employment by sex and municipalities of residence (NSTJ) ;A;Normal value
24021105IND01;71048;Jagodina;00;2019;0;Total;19009;NR;number;SORS;Registered employment by sex and municipalities of residence (NSTJ) ;A;Normal value
24021105IND01;71048;Jagodina;00;2019;1;Male;10072;NR;number;SORS;Registered employment by sex and municipalities of residence (NSTJ) ;A;Normal value
24021105IND01;71048;Jagodina;00;2019;2;Female;8937;NR;number;SORS;Registered employment by sex and municipalities of residence (NSTJ) ;A;Normal value
24021105IND01;71048;Jagodina;00;2020;0;Total;19354;NR;number;SORS;Registered employment by sex and municipalities of residence (NSTJ) ;A;Normal value
24021105IND01;71048;Jagodina;00;2020;1;Male;10218;NR;number;SORS;Registered employment by sex and municipalities of residence (NSTJ) ;A;Normal value
24021105IND01;71048;Jagodina;00;2020;2;Female;9135;NR;number;SORS;Registered employment by sex and municipalities of residence (NSTJ) ;A;Normal value
24021105IND01;71048;Jagodina;00;2021;0;Total;20019;NR;number;SORS;Registered employment by sex and municipalities of residence (NSTJ) ;A;Normal value
24021105IND01;71048;Jagodina;00;2021;1;Male;10518;NR;number;SORS;Registered employment by sex and municipalities of residence (NSTJ) ;A;Normal value
24021105IND01;71048;Jagodina;00;2021;2;Female;9500;NR;number;SORS;Registered employment by sex and municipalities of residence (NSTJ) ;A;Normal value
24021105IND01;71048;Jagodina;00;2022;0;Total;20316;NR;number;SORS;Registered employment by sex and municipalities of residence (NSTJ) ;A;Normal value
24021105IND01;71048;Jagodina;00;2022;1;Male;10642;NR;number;SORS;Registered employment by sex and municipalities of residence (NSTJ) ;A;Normal value
24021105IND01;71048;Jagodina;00;2022;2;Female;9673;NR;number;SORS;Registered employment by sex and municipalities of residence (NSTJ) ;A;Normal value
24021105IND01;71048;Jagodina;00;2023;0;Total;20852;NR;number;SORS;Registered employment by sex and municipalities of residence (NSTJ) ;A;Normal value
24021105IND01;71048;Jagodina;00;2023;1;Male;10828;NR;number;SORS;Registered employment by sex and municipalities of residence (NSTJ) ;A;Normal value
24021105IND01;71048;Jagodina;00;2023;2;Female;10025;NR;number;SORS;Registered employment by sex and municipalities of residence (NSTJ) ;A;Normal value
24021105IND01;71048;Jagodina;00;2024;0;Total;21137;NR;number;SORS;Registered employment by sex and municipalities of residence (NSTJ) ;A;Normal value
24021105IND01;71048;Jagodina;00;2024;1;Male;10956;NR;number;SORS;Registered employment by sex and municipalities of residence (NSTJ) ;A;Normal value
24021105IND01;71048;Jagodina;00;2024;2;Female;10182;NR;number;SORS;Registered employment by sex and municipalities of residence (NSTJ) ;A;Normal value
24021105IND01;71048;Jagodina;00;2025;0;Total;21202;NR;number;SORS;Registered employment by sex and municipalities of residence (NSTJ) ;A;Normal value
24021105IND01;71048;Jagodina;00;2025;1;Male;10960;NR;number;SORS;Registered employment by sex and municipalities of residence (NSTJ) ;A;Normal value
24021105IND01;71048;Jagodina;00;2025;2;Female;10242;NR;number;SORS;Registered employment by sex and municipalities of residence (NSTJ) ;A;Normal value
24021105IND01;71056;Svilajnac;00;2025;0;Total;5891;NR;number;SORS;Registered employment by sex and municipalities of residence (NSTJ) ;A;Normal value
24021105IND01;71056;Svilajnac;00;2025;1;Male;3138;NR;number;SORS;Registered employment by sex and municipalities of residence (NSTJ) ;A;Normal value
24021105IND01;71056;Svilajnac;00;2025;2;Female;2753;NR;number;SORS;Registered employment by sex and municipalities of residence (NSTJ) ;A;Normal value
24021105IND01;71056;Svilajnac;00;2024;0;Total;5943;NR;number;SORS;Registered employment by sex and municipalities of residence (NSTJ) ;A;Normal value
24021105IND01;71056;Svilajnac;00;2024;1;Male;3210;NR;number;SORS;Registered employment by sex and municipalities of residence (NSTJ) ;A;Normal value
24021105IND01;71056;Svilajnac;00;2024;2;Female;2732;NR;number;SORS;Registered employment by sex and municipalities of residence (NSTJ) ;A;Normal value
24021105IND01;71056;Svilajnac;00;2023;0;Total;5898;NR;number;SORS;Registered employment by sex and municipalities of residence (NSTJ) ;A;Normal value
24021105IND01;71056;Svilajnac;00;2023;1;Male;3225;NR;number;SORS;Registered employment by sex and municipalities of residence (NSTJ) ;A;Normal value
24021105IND01;71056;Svilajnac;00;2023;2;Female;2673;NR;number;SORS;Registered employment by sex and municipalities of residence (NSTJ) ;A;Normal value
24021105IND01;71056;Svilajnac;00;2022;0;Total;5858;NR;number;SORS;Registered employment by sex and municipalities of residence (NSTJ) ;A;Normal value
24021105IND01;71056;Svilajnac;00;2022;1;Male;3236;NR;number;SORS;Registered employment by sex and municipalities of residence (NSTJ) ;A;Normal value
24021105IND01;71056;Svilajnac;00;2022;2;Female;2622;NR;number;SORS;Registered employment by sex and municipalities of residence (NSTJ) ;A;Normal value
24021105IND01;71056;Svilajnac;00;2021;0;Total;5740;NR;number;SORS;Registered employment by sex and municipalities of residence (NSTJ) ;A;Normal value
24021105IND01;71056;Svilajnac;00;2021;1;Male;3223;NR;number;SORS;Registered employment by sex and municipalities of residence (NSTJ) ;A;Normal value
24021105IND01;71056;Svilajnac;00;2021;2;Female;2517;NR;number;SORS;Registered employment by sex and municipalities of residence (NSTJ) ;A;Normal value
24021105IND01;71056;Svilajnac;00;2020;0;Total;5595;NR;number;SORS;Registered employment by sex and municipalities of residence (NSTJ) ;A;Normal value
24021105IND01;71056;Svilajnac;00;2020;1;Male;3130;NR;number;SORS;Registered employment by sex and municipalities of residence (NSTJ) ;A;Normal value
24021105IND01;71056;Svilajnac;00;2020;2;Female;2465;NR;number;SORS;Registered employment by sex and municipalities of residence (NSTJ) ;A;Normal value
24021105IND01;71056;Svilajnac;00;2019;0;Total;5533;NR;number;SORS;Registered employment by sex and municipalities of residence (NSTJ) ;A;Normal value
24021105IND01;71056;Svilajnac;00;2019;1;Male;3075;NR;number;SORS;Registered employment by sex and municipalities of residence (NSTJ) ;A;Normal value
24021105IND01;71056;Svilajnac;00;2019;2;Female;2459;NR;number;SORS;Registered employment by sex and municipalities of residence (NSTJ) ;A;Normal value
24021105IND01;71056;Svilajnac;00;2018;0;Total;5527;NR;number;SORS;Registered employment by sex and municipalities of residence (NSTJ) ;A;Normal value
24021105IND01;71056;Svilajnac;00;2018;1;Male;3039;NR;number;SORS;Registered employment by sex and municipalities of residence (NSTJ) ;A;Normal value
24021105IND01;71056;Svilajnac;00;2018;2;Female;2488;NR;number;SORS;Registered employment by sex and municipalities of residence (NSTJ) ;A;Normal value
24021105IND01;71056;Svilajnac;00;2017;0;Total;5398;NR;number;SORS;Registered employment by sex and municipalities of residence (NSTJ) ;A;Normal value
24021105IND01;71056;Svilajnac;00;2017;1;Male;2975;NR;number;SORS;Registered employment by sex and municipalities of residence (NSTJ) ;A;Normal value
24021105IND01;71056;Svilajnac;00;2017;2;Female;2422;NR;number;SORS;Registered employment by sex and municipalities of residence (NSTJ) ;A;Normal value
24021105IND01;71056;Svilajnac;00;2016;0;Total;5372;NR;number;SORS;Registered employment by sex and municipalities of residence (NSTJ) ;A;Normal value
24021105IND01;71056;Svilajnac;00;2016;1;Male;2995;NR;number;SORS;Registered employment by sex and municipalities of residence (NSTJ) ;A;Normal value
24021105IND01;71056;Svilajnac;00;2016;2;Female;2377;NR;number;SORS;Registered employment by sex and municipalities of residence (NSTJ) ;A;Normal value
24021105IND01;71064;Svrljig;00;2016;0;Total;2711;NR;number;SORS;Registered employment by sex and municipalities of residence (NSTJ) ;A;Normal value
24021105IND01;71064;Svrljig;00;2016;1;Male;1643;NR;number;SORS;Registered employment by sex and municipalities of residence (NSTJ) ;A;Normal value
24021105IND01;71064;Svrljig;00;2016;2;Female;1069;NR;number;SORS;Registered employment by sex and municipalities of residence (NSTJ) ;A;Normal value
24021105IND01;71064;Svrljig;00;2017;0;Total;2681;NR;number;SORS;Registered employment by sex and municipalities of residence (NSTJ) ;A;Normal value
24021105IND01;71064;Svrljig;00;2017;1;Male;1635;NR;number;SORS;Registered employment by sex and municipalities of residence (NSTJ) ;A;Normal value
24021105IND01;71064;Svrljig;00;2017;2;Female;1047;NR;number;SORS;Registered employment by sex and municipalities of residence (NSTJ) ;A;Normal value
24021105IND01;71064;Svrljig;00;2018;0;Total;2772;NR;number;SORS;Registered employment by sex and municipalities of residence (NSTJ) ;A;Normal value
24021105IND01;71064;Svrljig;00;2018;1;Male;1653;NR;number;SORS;Registered employment by sex and municipalities of residence (NSTJ) ;A;Normal value
24021105IND01;71064;Svrljig;00;2018;2;Female;1119;NR;number;SORS;Registered employment by sex and municipalities of residence (NSTJ) ;A;Normal value
24021105IND01;71064;Svrljig;00;2019;0;Total;2833;NR;number;SORS;Registered employment by sex and municipalities of residence (NSTJ) ;A;Normal value
24021105IND01;71064;Svrljig;00;2019;1;Male;1693;NR;number;SORS;Registered employment by sex and municipalities of residence (NSTJ) ;A;Normal value
24021105IND01;71064;Svrljig;00;2019;2;Female;1140;NR;number;SORS;Registered employment by sex and municipalities of residence (NSTJ) ;A;Normal value
24021105IND01;71064;Svrljig;00;2020;0;Total;2862;NR;number;SORS;Registered employment by sex and municipalities of residence (NSTJ) ;A;Normal value
24021105IND01;71064;Svrljig;00;2020;1;Male;1698;NR;number;SORS;Registered employment by sex and municipalities of residence (NSTJ) ;A;Normal value
24021105IND01;71064;Svrljig;00;2020;2;Female;1164;NR;number;SORS;Registered employment by sex and municipalities of residence (NSTJ) ;A;Normal value
24021105IND01;71064;Svrljig;00;2021;0;Total;2864;NR;number;SORS;Registered employment by sex and municipalities of residence (NSTJ) ;A;Normal value
24021105IND01;71064;Svrljig;00;2021;1;Male;1675;NR;number;SORS;Registered employment by sex and municipalities of residence (NSTJ) ;A;Normal value
24021105IND01;71064;Svrljig;00;2021;2;Female;1189;NR;number;SORS;Registered employment by sex and municipalities of residence (NSTJ) ;A;Normal value
24021105IND01;71064;Svrljig;00;2022;0;Total;2999;NR;number;SORS;Registered employment by sex and municipalities of residence (NSTJ) ;A;Normal value
24021105IND01;71064;Svrljig;00;2022;1;Male;1722;NR;number;SORS;Registered employment by sex and municipalities of residence (NSTJ) ;A;Normal value
24021105IND01;71064;Svrljig;00;2022;2;Female;1278;NR;number;SORS;Registered employment by sex and municipalities of residence (NSTJ) ;A;Normal value
24021105IND01;71064;Svrljig;00;2023;0;Total;3039;NR;number;SORS;Registered employment by sex and municipalities of residence (NSTJ) ;A;Normal value
24021105IND01;71064;Svrljig;00;2023;1;Male;1730;NR;number;SORS;Registered employment by sex and municipalities of residence (NSTJ) ;A;Normal value
24021105IND01;71064;Svrljig;00;2023;2;Female;1309;NR;number;SORS;Registered employment by sex and municipalities of residence (NSTJ) ;A;Normal value
24021105IND01;71064;Svrljig;00;2024;0;Total;2974;NR;number;SORS;Registered employment by sex and municipalities of residence (NSTJ) ;A;Normal value
24021105IND01;71064;Svrljig;00;2024;1;Male;1704;NR;number;SORS;Registered employment by sex and municipalities of residence (NSTJ) ;A;Normal value
24021105IND01;71064;Svrljig;00;2024;2;Female;1270;NR;number;SORS;Registered employment by sex and municipalities of residence (NSTJ) ;A;Normal value
24021105IND01;71064;Svrljig;00;2025;0;Total;2888;NR;number;SORS;Registered employment by sex and municipalities of residence (NSTJ) ;A;Normal value
24021105IND01;71064;Svrljig;00;2025;1;Male;1658;NR;number;SORS;Registered employment by sex and municipalities of residence (NSTJ) ;A;Normal value
24021105IND01;71064;Svrljig;00;2025;2;Female;1230;NR;number;SORS;Registered employment by sex and municipalities of residence (NSTJ) ;A;Normal value
24021105IND01;71072;Sjenica;00;2025;0;Total;4911;NR;number;SORS;Registered employment by sex and municipalities of residence (NSTJ) ;A;Normal value
24021105IND01;71072;Sjenica;00;2025;1;Male;2866;NR;number;SORS;Registered employment by sex and municipalities of residence (NSTJ) ;A;Normal value
24021105IND01;71072;Sjenica;00;2025;2;Female;2045;NR;number;SORS;Registered employment by sex and municipalities of residence (NSTJ) ;A;Normal value
24021105IND01;71072;Sjenica;00;2024;0;Total;4954;NR;number;SORS;Registered employment by sex and municipalities of residence (NSTJ) ;A;Normal value
24021105IND01;71072;Sjenica;00;2024;1;Male;2889;NR;number;SORS;Registered employment by sex and municipalities of residence (NSTJ) ;A;Normal value
24021105IND01;71072;Sjenica;00;2024;2;Female;2065;NR;number;SORS;Registered employment by sex and municipalities of residence (NSTJ) ;A;Normal value
24021105IND01;71072;Sjenica;00;2023;0;Total;4950;NR;number;SORS;Registered employment by sex and municipalities of residence (NSTJ) ;A;Normal value
24021105IND01;71072;Sjenica;00;2023;1;Male;2839;NR;number;SORS;Registered employment by sex and municipalities of residence (NSTJ) ;A;Normal value
24021105IND01;71072;Sjenica;00;2023;2;Female;2111;NR;number;SORS;Registered employment by sex and municipalities of residence (NSTJ) ;A;Normal value
24021105IND01;71072;Sjenica;00;2022;0;Total;4981;NR;number;SORS;Registered employment by sex and municipalities of residence (NSTJ) ;A;Normal value
24021105IND01;71072;Sjenica;00;2022;1;Male;2916;NR;number;SORS;Registered employment by sex and municipalities of residence (NSTJ) ;A;Normal value
24021105IND01;71072;Sjenica;00;2022;2;Female;2065;NR;number;SORS;Registered employment by sex and municipalities of residence (NSTJ) ;A;Normal value
24021105IND01;71072;Sjenica;00;2021;0;Total;5048;NR;number;SORS;Registered employment by sex and municipalities of residence (NSTJ) ;A;Normal value
24021105IND01;71072;Sjenica;00;2021;1;Male;3029;NR;number;SORS;Registered employment by sex and municipalities of residence (NSTJ) ;A;Normal value
24021105IND01;71072;Sjenica;00;2021;2;Female;2019;NR;number;SORS;Registered employment by sex and municipalities of residence (NSTJ) ;A;Normal value
24021105IND01;71072;Sjenica;00;2020;0;Total;5046;NR;number;SORS;Registered employment by sex and municipalities of residence (NSTJ) ;A;Normal value
24021105IND01;71072;Sjenica;00;2020;1;Male;3057;NR;number;SORS;Registered employment by sex and municipalities of residence (NSTJ) ;A;Normal value
24021105IND01;71072;Sjenica;00;2020;2;Female;1989;NR;number;SORS;Registered employment by sex and municipalities of residence (NSTJ) ;A;Normal value
24021105IND01;71072;Sjenica;00;2019;0;Total;5027;NR;number;SORS;Registered employment by sex and municipalities of residence (NSTJ) ;A;Normal value
24021105IND01;71072;Sjenica;00;2019;1;Male;3014;NR;number;SORS;Registered employment by sex and municipalities of residence (NSTJ) ;A;Normal value
24021105IND01;71072;Sjenica;00;2019;2;Female;2014;NR;number;SORS;Registered employment by sex and municipalities of residence (NSTJ) ;A;Normal value
24021105IND01;71072;Sjenica;00;2018;0;Total;5022;NR;number;SORS;Registered employment by sex and municipalities of residence (NSTJ) ;A;Normal value
24021105IND01;71072;Sjenica;00;2018;1;Male;2999;NR;number;SORS;Registered employment by sex and municipalities of residence (NSTJ) ;A;Normal value
24021105IND01;71072;Sjenica;00;2018;2;Female;2022;NR;number;SORS;Registered employment by sex and municipalities of residence (NSTJ) ;A;Normal value
24021105IND01;71072;Sjenica;00;2017;0;Total;5014;NR;number;SORS;Registered employment by sex and municipalities of residence (NSTJ) ;A;Normal value
24021105IND01;71072;Sjenica;00;2017;1;Male;3024;NR;number;SORS;Registered employment by sex and municipalities of residence (NSTJ) ;A;Normal value
24021105IND01;71072;Sjenica;00;2017;2;Female;1990;NR;number;SORS;Registered employment by sex and municipalities of residence (NSTJ) ;A;Normal value
24021105IND01;71072;Sjenica;00;2016;0;Total;4900;NR;number;SORS;Registered employment by sex and municipalities of residence (NSTJ) ;A;Normal value
24021105IND01;71072;Sjenica;00;2016;1;Male;2988;NR;number;SORS;Registered employment by sex and municipalities of residence (NSTJ) ;A;Normal value
24021105IND01;71072;Sjenica;00;2016;2;Female;1912;NR;number;SORS;Registered employment by sex and municipalities of residence (NSTJ) ;A;Normal value
24021105IND01;71099;Smederevo;00;2016;0;Total;26386;NR;number;SORS;Registered employment by sex and municipalities of residence (NSTJ) ;A;Normal value
24021105IND01;71099;Smederevo;00;2016;1;Male;15539;NR;number;SORS;Registered employment by sex and municipalities of residence (NSTJ) ;A;Normal value
24021105IND01;71099;Smederevo;00;2016;2;Female;10847;NR;number;SORS;Registered employment by sex and municipalities of residence (NSTJ) ;A;Normal value
24021105IND01;71099;Smederevo;00;2017;0;Total;27940;NR;number;SORS;Registered employment by sex and municipalities of residence (NSTJ) ;A;Normal value
24021105IND01;71099;Smederevo;00;2017;1;Male;16287;NR;number;SORS;Registered employment by sex and municipalities of residence (NSTJ) ;A;Normal value
24021105IND01;71099;Smederevo;00;2017;2;Female;11654;NR;number;SORS;Registered employment by sex and municipalities of residence (NSTJ) ;A;Normal value
24021105IND01;71099;Smederevo;00;2018;0;Total;29685;NR;number;SORS;Registered employment by sex and municipalities of residence (NSTJ) ;A;Normal value
24021105IND01;71099;Smederevo;00;2018;1;Male;17162;NR;number;SORS;Registered employment by sex and municipalities of residence (NSTJ) ;A;Normal value
24021105IND01;71099;Smederevo;00;2018;2;Female;12523;NR;number;SORS;Registered employment by sex and municipalities of residence (NSTJ) ;A;Normal value
24021105IND01;71099;Smederevo;00;2019;0;Total;30339;NR;number;SORS;Registered employment by sex and municipalities of residence (NSTJ) ;A;Normal value
24021105IND01;71099;Smederevo;00;2019;1;Male;17487;NR;number;SORS;Registered employment by sex and municipalities of residence (NSTJ) ;A;Normal value
24021105IND01;71099;Smederevo;00;2019;2;Female;12852;NR;number;SORS;Registered employment by sex and municipalities of residence (NSTJ) ;A;Normal value
24021105IND01;71099;Smederevo;00;2020;0;Total;30581;NR;number;SORS;Registered employment by sex and municipalities of residence (NSTJ) ;A;Normal value
24021105IND01;71099;Smederevo;00;2020;1;Male;17493;NR;number;SORS;Registered employment by sex and municipalities of residence (NSTJ) ;A;Normal value
24021105IND01;71099;Smederevo;00;2020;2;Female;13087;NR;number;SORS;Registered employment by sex and municipalities of residence (NSTJ) ;A;Normal value
24021105IND01;71099;Smederevo;00;2021;0;Total;32077;NR;number;SORS;Registered employment by sex and municipalities of residence (NSTJ) ;A;Normal value
24021105IND01;71099;Smederevo;00;2021;1;Male;18162;NR;number;SORS;Registered employment by sex and municipalities of residence (NSTJ) ;A;Normal value
24021105IND01;71099;Smederevo;00;2021;2;Female;13916;NR;number;SORS;Registered employment by sex and municipalities of residence (NSTJ) ;A;Normal value
24021105IND01;71099;Smederevo;00;2022;0;Total;32686;NR;number;SORS;Registered employment by sex and municipalities of residence (NSTJ) ;A;Normal value
24021105IND01;71099;Smederevo;00;2022;1;Male;18301;NR;number;SORS;Registered employment by sex and municipalities of residence (NSTJ) ;A;Normal value
24021105IND01;71099;Smederevo;00;2022;2;Female;14384;NR;number;SORS;Registered employment by sex and municipalities of residence (NSTJ) ;A;Normal value
24021105IND01;71099;Smederevo;00;2023;0;Total;33174;NR;number;SORS;Registered employment by sex and municipalities of residence (NSTJ) ;A;Normal value
24021105IND01;71099;Smederevo;00;2023;1;Male;18433;NR;number;SORS;Registered employment by sex and municipalities of residence (NSTJ) ;A;Normal value
24021105IND01;71099;Smederevo;00;2023;2;Female;14741;NR;number;SORS;Registered employment by sex and municipalities of residence (NSTJ) ;A;Normal value
24021105IND01;71099;Smederevo;00;2024;0;Total;32968;NR;number;SORS;Registered employment by sex and municipalities of residence (NSTJ) ;A;Normal value
24021105IND01;71099;Smederevo;00;2024;1;Male;18304;NR;number;SORS;Registered employment by sex and municipalities of residence (NSTJ) ;A;Normal value
24021105IND01;71099;Smederevo;00;2024;2;Female;14664;NR;number;SORS;Registered employment by sex and municipalities of residence (NSTJ) ;A;Normal value
24021105IND01;71099;Smederevo;00;2025;0;Total;33015;NR;number;SORS;Registered employment by sex and municipalities of residence (NSTJ) ;A;Normal value
24021105IND01;71099;Smederevo;00;2025;1;Male;18291;NR;number;SORS;Registered employment by sex and municipalities of residence (NSTJ) ;A;Normal value
24021105IND01;71099;Smederevo;00;2025;2;Female;14724;NR;number;SORS;Registered employment by sex and municipalities of residence (NSTJ) ;A;Normal value
24021105IND01;71102;Smederevska Palanka;00;2025;0;Total;12832;NR;number;SORS;Registered employment by sex and municipalities of residence (NSTJ) ;A;Normal value
24021105IND01;71102;Smederevska Palanka;00;2025;1;Male;7218;NR;number;SORS;Registered employment by sex and municipalities of residence (NSTJ) ;A;Normal value
24021105IND01;71102;Smederevska Palanka;00;2025;2;Female;5614;NR;number;SORS;Registered employment by sex and municipalities of residence (NSTJ) ;A;Normal value
24021105IND01;71102;Smederevska Palanka;00;2024;0;Total;12818;NR;number;SORS;Registered employment by sex and municipalities of residence (NSTJ) ;A;Normal value
24021105IND01;71102;Smederevska Palanka;00;2024;1;Male;7270;NR;number;SORS;Registered employment by sex and municipalities of residence (NSTJ) ;A;Normal value
24021105IND01;71102;Smederevska Palanka;00;2024;2;Female;5548;NR;number;SORS;Registered employment by sex and municipalities of residence (NSTJ) ;A;Normal value
24021105IND01;71102;Smederevska Palanka;00;2023;0;Total;12750;NR;number;SORS;Registered employment by sex and municipalities of residence (NSTJ) ;A;Normal value
24021105IND01;71102;Smederevska Palanka;00;2023;1;Male;7271;NR;number;SORS;Registered employment by sex and municipalities of residence (NSTJ) ;A;Normal value
24021105IND01;71102;Smederevska Palanka;00;2023;2;Female;5479;NR;number;SORS;Registered employment by sex and municipalities of residence (NSTJ) ;A;Normal value
24021105IND01;71102;Smederevska Palanka;00;2022;0;Total;12487;NR;number;SORS;Registered employment by sex and municipalities of residence (NSTJ) ;A;Normal value
24021105IND01;71102;Smederevska Palanka;00;2022;1;Male;7156;NR;number;SORS;Registered employment by sex and municipalities of residence (NSTJ) ;A;Normal value
24021105IND01;71102;Smederevska Palanka;00;2022;2;Female;5330;NR;number;SORS;Registered employment by sex and municipalities of residence (NSTJ) ;A;Normal value
24021105IND01;71102;Smederevska Palanka;00;2021;0;Total;12219;NR;number;SORS;Registered employment by sex and municipalities of residence (NSTJ) ;A;Normal value
24021105IND01;71102;Smederevska Palanka;00;2021;1;Male;7116;NR;number;SORS;Registered employment by sex and municipalities of residence (NSTJ) ;A;Normal value
24021105IND01;71102;Smederevska Palanka;00;2021;2;Female;5103;NR;number;SORS;Registered employment by sex and municipalities of residence (NSTJ) ;A;Normal value
24021105IND01;71102;Smederevska Palanka;00;2020;0;Total;11787;NR;number;SORS;Registered employment by sex and municipalities of residence (NSTJ) ;A;Normal value
24021105IND01;71102;Smederevska Palanka;00;2020;1;Male;6964;NR;number;SORS;Registered employment by sex and municipalities of residence (NSTJ) ;A;Normal value
24021105IND01;71102;Smederevska Palanka;00;2020;2;Female;4824;NR;number;SORS;Registered employment by sex and municipalities of residence (NSTJ) ;A;Normal value
24021105IND01;71102;Smederevska Palanka;00;2019;0;Total;11508;NR;number;SORS;Registered employment by sex and municipalities of residence (NSTJ) ;A;Normal value
24021105IND01;71102;Smederevska Palanka;00;2019;1;Male;6828;NR;number;SORS;Registered employment by sex and municipalities of residence (NSTJ) ;A;Normal value
24021105IND01;71102;Smederevska Palanka;00;2019;2;Female;4680;NR;number;SORS;Registered employment by sex and municipalities of residence (NSTJ) ;A;Normal value
24021105IND01;71102;Smederevska Palanka;00;2018;0;Total;11478;NR;number;SORS;Registered employment by sex and municipalities of residence (NSTJ) ;A;Normal value
24021105IND01;71102;Smederevska Palanka;00;2018;1;Male;6829;NR;number;SORS;Registered employment by sex and municipalities of residence (NSTJ) ;A;Normal value
24021105IND01;71102;Smederevska Palanka;00;2018;2;Female;4649;NR;number;SORS;Registered employment by sex and municipalities of residence (NSTJ) ;A;Normal value
24021105IND01;71102;Smederevska Palanka;00;2017;0;Total;11480;NR;number;SORS;Registered employment by sex and municipalities of residence (NSTJ) ;A;Normal value
24021105IND01;71102;Smederevska Palanka;00;2017;1;Male;6919;NR;number;SORS;Registered employment by sex and municipalities of residence (NSTJ) ;A;Normal value
24021105IND01;71102;Smederevska Palanka;00;2017;2;Female;4560;NR;number;SORS;Registered employment by sex and municipalities of residence (NSTJ) ;A;Normal value
24021105IND01;71102;Smederevska Palanka;00;2016;0;Total;11403;NR;number;SORS;Registered employment by sex and municipalities of residence (NSTJ) ;A;Normal value
24021105IND01;71102;Smederevska Palanka;00;2016;1;Male;6974;NR;number;SORS;Registered employment by sex and municipalities of residence (NSTJ) ;A;Normal value
24021105IND01;71102;Smederevska Palanka;00;2016;2;Female;4430;NR;number;SORS;Registered employment by sex and municipalities of residence (NSTJ) ;A;Normal value
24021105IND01;71129;Sokobanja;00;2016;0;Total;3475;NR;number;SORS;Registered employment by sex and municipalities of residence (NSTJ) ;A;Normal value
24021105IND01;71129;Sokobanja;00;2016;1;Male;2044;NR;number;SORS;Registered employment by sex and municipalities of residence (NSTJ) ;A;Normal value
24021105IND01;71129;Sokobanja;00;2016;2;Female;1432;NR;number;SORS;Registered employment by sex and municipalities of residence (NSTJ) ;A;Normal value
24021105IND01;71129;Sokobanja;00;2017;0;Total;3522;NR;number;SORS;Registered employment by sex and municipalities of residence (NSTJ) ;A;Normal value
24021105IND01;71129;Sokobanja;00;2017;1;Male;2057;NR;number;SORS;Registered employment by sex and municipalities of residence (NSTJ) ;A;Normal value
24021105IND01;71129;Sokobanja;00;2017;2;Female;1466;NR;number;SORS;Registered employment by sex and municipalities of residence (NSTJ) ;A;Normal value
24021105IND01;71129;Sokobanja;00;2018;0;Total;3593;NR;number;SORS;Registered employment by sex and municipalities of residence (NSTJ) ;A;Normal value
24021105IND01;71129;Sokobanja;00;2018;1;Male;2054;NR;number;SORS;Registered employment by sex and municipalities of residence (NSTJ) ;A;Normal value
24021105IND01;71129;Sokobanja;00;2018;2;Female;1540;NR;number;SORS;Registered employment by sex and municipalities of residence (NSTJ) ;A;Normal value
24021105IND01;71129;Sokobanja;00;2019;0;Total;3571;NR;number;SORS;Registered employment by sex and municipalities of residence (NSTJ) ;A;Normal value
24021105IND01;71129;Sokobanja;00;2019;1;Male;2050;NR;number;SORS;Registered employment by sex and municipalities of residence (NSTJ) ;A;Normal value
24021105IND01;71129;Sokobanja;00;2019;2;Female;1521;NR;number;SORS;Registered employment by sex and municipalities of residence (NSTJ) ;A;Normal value
24021105IND01;71129;Sokobanja;00;2020;0;Total;3595;NR;number;SORS;Registered employment by sex and municipalities of residence (NSTJ) ;A;Normal value
24021105IND01;71129;Sokobanja;00;2020;1;Male;2050;NR;number;SORS;Registered employment by sex and municipalities of residence (NSTJ) ;A;Normal value
24021105IND01;71129;Sokobanja;00;2020;2;Female;1545;NR;number;SORS;Registered employment by sex and municipalities of residence (NSTJ) ;A;Normal value
24021105IND01;71129;Sokobanja;00;2021;0;Total;3728;NR;number;SORS;Registered employment by sex and municipalities of residence (NSTJ) ;A;Normal value
24021105IND01;71129;Sokobanja;00;2021;1;Male;2102;NR;number;SORS;Registered employment by sex and municipalities of residence (NSTJ) ;A;Normal value
24021105IND01;71129;Sokobanja;00;2021;2;Female;1626;NR;number;SORS;Registered employment by sex and municipalities of residence (NSTJ) ;A;Normal value
24021105IND01;71129;Sokobanja;00;2022;0;Total;3834;NR;number;SORS;Registered employment by sex and municipalities of residence (NSTJ) ;A;Normal value
24021105IND01;71129;Sokobanja;00;2022;1;Male;2128;NR;number;SORS;Registered employment by sex and municipalities of residence (NSTJ) ;A;Normal value
24021105IND01;71129;Sokobanja;00;2022;2;Female;1706;NR;number;SORS;Registered employment by sex and municipalities of residence (NSTJ) ;A;Normal value
24021105IND01;71129;Sokobanja;00;2023;0;Total;3921;NR;number;SORS;Registered employment by sex and municipalities of residence (NSTJ) ;A;Normal value
24021105IND01;71129;Sokobanja;00;2023;1;Male;2141;NR;number;SORS;Registered employment by sex and municipalities of residence (NSTJ) ;A;Normal value
24021105IND01;71129;Sokobanja;00;2023;2;Female;1780;NR;number;SORS;Registered employment by sex and municipalities of residence (NSTJ) ;A;Normal value
24021105IND01;71129;Sokobanja;00;2024;0;Total;3932;NR;number;SORS;Registered employment by sex and municipalities of residence (NSTJ) ;A;Normal value
24021105IND01;71129;Sokobanja;00;2024;1;Male;2143;NR;number;SORS;Registered employment by sex and municipalities of residence (NSTJ) ;A;Normal value
24021105IND01;71129;Sokobanja;00;2024;2;Female;1789;NR;number;SORS;Registered employment by sex and municipalities of residence (NSTJ) ;A;Normal value
24021105IND01;71129;Sokobanja;00;2025;0;Total;3966;NR;number;SORS;Registered employment by sex and municipalities of residence (NSTJ) ;A;Normal value
24021105IND01;71129;Sokobanja;00;2025;1;Male;2153;NR;number;SORS;Registered employment by sex and municipalities of residence (NSTJ) ;A;Normal value
24021105IND01;71129;Sokobanja;00;2025;2;Female;1813;NR;number;SORS;Registered employment by sex and municipalities of residence (NSTJ) ;A;Normal value
24021105IND01;71137;Surdulica;00;2025;0;Total;5067;NR;number;SORS;Registered employment by sex and municipalities of residence (NSTJ) ;A;Normal value
24021105IND01;71137;Surdulica;00;2025;1;Male;2911;NR;number;SORS;Registered employment by sex and municipalities of residence (NSTJ) ;A;Normal value
24021105IND01;71137;Surdulica;00;2025;2;Female;2157;NR;number;SORS;Registered employment by sex and municipalities of residence (NSTJ) ;A;Normal value
24021105IND01;71137;Surdulica;00;2024;0;Total;5090;NR;number;SORS;Registered employment by sex and municipalities of residence (NSTJ) ;A;Normal value
24021105IND01;71137;Surdulica;00;2024;1;Male;2926;NR;number;SORS;Registered employment by sex and municipalities of residence (NSTJ) ;A;Normal value
24021105IND01;71137;Surdulica;00;2024;2;Female;2164;NR;number;SORS;Registered employment by sex and municipalities of residence (NSTJ) ;A;Normal value
24021105IND01;71137;Surdulica;00;2023;0;Total;5094;NR;number;SORS;Registered employment by sex and municipalities of residence (NSTJ) ;A;Normal value
24021105IND01;71137;Surdulica;00;2023;1;Male;2955;NR;number;SORS;Registered employment by sex and municipalities of residence (NSTJ) ;A;Normal value
24021105IND01;71137;Surdulica;00;2023;2;Female;2139;NR;number;SORS;Registered employment by sex and municipalities of residence (NSTJ) ;A;Normal value
24021105IND01;71137;Surdulica;00;2022;0;Total;5042;NR;number;SORS;Registered employment by sex and municipalities of residence (NSTJ) ;A;Normal value
24021105IND01;71137;Surdulica;00;2022;1;Male;2939;NR;number;SORS;Registered employment by sex and municipalities of residence (NSTJ) ;A;Normal value
24021105IND01;71137;Surdulica;00;2022;2;Female;2104;NR;number;SORS;Registered employment by sex and municipalities of residence (NSTJ) ;A;Normal value
24021105IND01;71137;Surdulica;00;2021;0;Total;4955;NR;number;SORS;Registered employment by sex and municipalities of residence (NSTJ) ;A;Normal value
24021105IND01;71137;Surdulica;00;2021;1;Male;2937;NR;number;SORS;Registered employment by sex and municipalities of residence (NSTJ) ;A;Normal value
24021105IND01;71137;Surdulica;00;2021;2;Female;2018;NR;number;SORS;Registered employment by sex and municipalities of residence (NSTJ) ;A;Normal value
24021105IND01;71137;Surdulica;00;2020;0;Total;4973;NR;number;SORS;Registered employment by sex and municipalities of residence (NSTJ) ;A;Normal value
24021105IND01;71137;Surdulica;00;2020;1;Male;2955;NR;number;SORS;Registered employment by sex and municipalities of residence (NSTJ) ;A;Normal value
24021105IND01;71137;Surdulica;00;2020;2;Female;2018;NR;number;SORS;Registered employment by sex and municipalities of residence (NSTJ) ;A;Normal value
24021105IND01;71137;Surdulica;00;2019;0;Total;4817;NR;number;SORS;Registered employment by sex and municipalities of residence (NSTJ) ;A;Normal value
24021105IND01;71137;Surdulica;00;2019;1;Male;2872;NR;number;SORS;Registered employment by sex and municipalities of residence (NSTJ) ;A;Normal value
24021105IND01;71137;Surdulica;00;2019;2;Female;1946;NR;number;SORS;Registered employment by sex and municipalities of residence (NSTJ) ;A;Normal value
24021105IND01;71137;Surdulica;00;2018;0;Total;4749;NR;number;SORS;Registered employment by sex and municipalities of residence (NSTJ) ;A;Normal value
24021105IND01;71137;Surdulica;00;2018;1;Male;2839;NR;number;SORS;Registered employment by sex and municipalities of residence (NSTJ) ;A;Normal value
24021105IND01;71137;Surdulica;00;2018;2;Female;1910;NR;number;SORS;Registered employment by sex and municipalities of residence (NSTJ) ;A;Normal value
24021105IND01;71137;Surdulica;00;2017;0;Total;4532;NR;number;SORS;Registered employment by sex and municipalities of residence (NSTJ) ;A;Normal value
24021105IND01;71137;Surdulica;00;2017;1;Male;2717;NR;number;SORS;Registered employment by sex and municipalities of residence (NSTJ) ;A;Normal value
24021105IND01;71137;Surdulica;00;2017;2;Female;1815;NR;number;SORS;Registered employment by sex and municipalities of residence (NSTJ) ;A;Normal value
24021105IND01;71137;Surdulica;00;2016;0;Total;4439;NR;number;SORS;Registered employment by sex and municipalities of residence (NSTJ) ;A;Normal value
24021105IND01;71137;Surdulica;00;2016;1;Male;2666;NR;number;SORS;Registered employment by sex and municipalities of residence (NSTJ) ;A;Normal value
24021105IND01;71137;Surdulica;00;2016;2;Female;1773;NR;number;SORS;Registered employment by sex and municipalities of residence (NSTJ) ;A;Normal value
24021105IND01;71145;Užice;00;2016;0;Total;23498;NR;number;SORS;Registered employment by sex and municipalities of residence (NSTJ) ;A;Normal value
24021105IND01;71145;Užice;00;2016;1;Male;12380;NR;number;SORS;Registered employment by sex and municipalities of residence (NSTJ) ;A;Normal value
24021105IND01;71145;Užice;00;2016;2;Female;11118;NR;number;SORS;Registered employment by sex and municipalities of residence (NSTJ) ;A;Normal value
24021105IND01;71145;Užice;00;2017;0;Total;23794;NR;number;SORS;Registered employment by sex and municipalities of residence (NSTJ) ;A;Normal value
24021105IND01;71145;Užice;00;2017;1;Male;12429;NR;number;SORS;Registered employment by sex and municipalities of residence (NSTJ) ;A;Normal value
24021105IND01;71145;Užice;00;2017;2;Female;11366;NR;number;SORS;Registered employment by sex and municipalities of residence (NSTJ) ;A;Normal value
24021105IND01;71145;Užice;00;2018;0;Total;24619;NR;number;SORS;Registered employment by sex and municipalities of residence (NSTJ) ;A;Normal value
24021105IND01;71145;Užice;00;2018;1;Male;12839;NR;number;SORS;Registered employment by sex and municipalities of residence (NSTJ) ;A;Normal value
24021105IND01;71145;Užice;00;2018;2;Female;11781;NR;number;SORS;Registered employment by sex and municipalities of residence (NSTJ) ;A;Normal value
24021105IND01;71145;Užice;00;2019;0;Total;24950;NR;number;SORS;Registered employment by sex and municipalities of residence (NSTJ) ;A;Normal value
24021105IND01;71145;Užice;00;2019;1;Male;12977;NR;number;SORS;Registered employment by sex and municipalities of residence (NSTJ) ;A;Normal value
24021105IND01;71145;Užice;00;2019;2;Female;11973;NR;number;SORS;Registered employment by sex and municipalities of residence (NSTJ) ;A;Normal value
24021105IND01;71145;Užice;00;2020;0;Total;24958;NR;number;SORS;Registered employment by sex and municipalities of residence (NSTJ) ;A;Normal value
24021105IND01;71145;Užice;00;2020;1;Male;12885;NR;number;SORS;Registered employment by sex and municipalities of residence (NSTJ) ;A;Normal value
24021105IND01;71145;Užice;00;2020;2;Female;12074;NR;number;SORS;Registered employment by sex and municipalities of residence (NSTJ) ;A;Normal value
24021105IND01;71145;Užice;00;2021;0;Total;25222;NR;number;SORS;Registered employment by sex and municipalities of residence (NSTJ) ;A;Normal value
24021105IND01;71145;Užice;00;2021;1;Male;12991;NR;number;SORS;Registered employment by sex and municipalities of residence (NSTJ) ;A;Normal value
24021105IND01;71145;Užice;00;2021;2;Female;12231;NR;number;SORS;Registered employment by sex and municipalities of residence (NSTJ) ;A;Normal value
24021105IND01;71145;Užice;00;2022;0;Total;25507;NR;number;SORS;Registered employment by sex and municipalities of residence (NSTJ) ;A;Normal value
24021105IND01;71145;Užice;00;2022;1;Male;13069;NR;number;SORS;Registered employment by sex and municipalities of residence (NSTJ) ;A;Normal value
24021105IND01;71145;Užice;00;2022;2;Female;12438;NR;number;SORS;Registered employment by sex and municipalities of residence (NSTJ) ;A;Normal value
24021105IND01;71145;Užice;00;2023;0;Total;25626;NR;number;SORS;Registered employment by sex and municipalities of residence (NSTJ) ;A;Normal value
24021105IND01;71145;Užice;00;2023;1;Male;13053;NR;number;SORS;Registered employment by sex and municipalities of residence (NSTJ) ;A;Normal value
24021105IND01;71145;Užice;00;2023;2;Female;12573;NR;number;SORS;Registered employment by sex and municipalities of residence (NSTJ) ;A;Normal value
24021105IND01;71145;Užice;00;2024;0;Total;25489;NR;number;SORS;Registered employment by sex and municipalities of residence (NSTJ) ;A;Normal value
24021105IND01;71145;Užice;00;2024;1;Male;13011;NR;number;SORS;Registered employment by sex and municipalities of residence (NSTJ) ;A;Normal value
24021105IND01;71145;Užice;00;2024;2;Female;12478;NR;number;SORS;Registered employment by sex and municipalities of residence (NSTJ) ;A;Normal value
24021105IND01;71145;Užice;00;2025;0;Total;25244;NR;number;SORS;Registered employment by sex and municipalities of residence (NSTJ) ;A;Normal value
24021105IND01;71145;Užice;00;2025;1;Male;12869;NR;number;SORS;Registered employment by sex and municipalities of residence (NSTJ) ;A;Normal value
24021105IND01;71145;Užice;00;2025;2;Female;12375;NR;number;SORS;Registered employment by sex and municipalities of residence (NSTJ) ;A;Normal value
24021105IND01;71153;Topola;00;2025;0;Total;5736;NR;number;SORS;Registered employment by sex and municipalities of residence (NSTJ) ;A;Normal value
24021105IND01;71153;Topola;00;2025;1;Male;3510;NR;number;SORS;Registered employment by sex and municipalities of residence (NSTJ) ;A;Normal value
24021105IND01;71153;Topola;00;2025;2;Female;2227;NR;number;SORS;Registered employment by sex and municipalities of residence (NSTJ) ;A;Normal value
24021105IND01;71153;Topola;00;2024;0;Total;5747;NR;number;SORS;Registered employment by sex and municipalities of residence (NSTJ) ;A;Normal value
24021105IND01;71153;Topola;00;2024;1;Male;3534;NR;number;SORS;Registered employment by sex and municipalities of residence (NSTJ) ;A;Normal value
24021105IND01;71153;Topola;00;2024;2;Female;2212;NR;number;SORS;Registered employment by sex and municipalities of residence (NSTJ) ;A;Normal value
24021105IND01;71153;Topola;00;2023;0;Total;5847;NR;number;SORS;Registered employment by sex and municipalities of residence (NSTJ) ;A;Normal value
24021105IND01;71153;Topola;00;2023;1;Male;3625;NR;number;SORS;Registered employment by sex and municipalities of residence (NSTJ) ;A;Normal value
24021105IND01;71153;Topola;00;2023;2;Female;2222;NR;number;SORS;Registered employment by sex and municipalities of residence (NSTJ) ;A;Normal value
24021105IND01;71153;Topola;00;2022;0;Total;5797;NR;number;SORS;Registered employment by sex and municipalities of residence (NSTJ) ;A;Normal value
24021105IND01;71153;Topola;00;2022;1;Male;3632;NR;number;SORS;Registered employment by sex and municipalities of residence (NSTJ) ;A;Normal value
24021105IND01;71153;Topola;00;2022;2;Female;2165;NR;number;SORS;Registered employment by sex and municipalities of residence (NSTJ) ;A;Normal value
24021105IND01;71153;Topola;00;2021;0;Total;5759;NR;number;SORS;Registered employment by sex and municipalities of residence (NSTJ) ;A;Normal value
24021105IND01;71153;Topola;00;2021;1;Male;3663;NR;number;SORS;Registered employment by sex and municipalities of residence (NSTJ) ;A;Normal value
24021105IND01;71153;Topola;00;2021;2;Female;2096;NR;number;SORS;Registered employment by sex and municipalities of residence (NSTJ) ;A;Normal value
24021105IND01;71153;Topola;00;2020;0;Total;5722;NR;number;SORS;Registered employment by sex and municipalities of residence (NSTJ) ;A;Normal value
24021105IND01;71153;Topola;00;2020;1;Male;3679;NR;number;SORS;Registered employment by sex and municipalities of residence (NSTJ) ;A;Normal value
24021105IND01;71153;Topola;00;2020;2;Female;2042;NR;number;SORS;Registered employment by sex and municipalities of residence (NSTJ) ;A;Normal value
24021105IND01;71153;Topola;00;2019;0;Total;5653;NR;number;SORS;Registered employment by sex and municipalities of residence (NSTJ) ;A;Normal value
24021105IND01;71153;Topola;00;2019;1;Male;3688;NR;number;SORS;Registered employment by sex and municipalities of residence (NSTJ) ;A;Normal value
24021105IND01;71153;Topola;00;2019;2;Female;1964;NR;number;SORS;Registered employment by sex and municipalities of residence (NSTJ) ;A;Normal value
24021105IND01;71153;Topola;00;2018;0;Total;5592;NR;number;SORS;Registered employment by sex and municipalities of residence (NSTJ) ;A;Normal value
24021105IND01;71153;Topola;00;2018;1;Male;3688;NR;number;SORS;Registered employment by sex and municipalities of residence (NSTJ) ;A;Normal value
24021105IND01;71153;Topola;00;2018;2;Female;1904;NR;number;SORS;Registered employment by sex and municipalities of residence (NSTJ) ;A;Normal value
24021105IND01;71153;Topola;00;2017;0;Total;5510;NR;number;SORS;Registered employment by sex and municipalities of residence (NSTJ) ;A;Normal value
24021105IND01;71153;Topola;00;2017;1;Male;3620;NR;number;SORS;Registered employment by sex and municipalities of residence (NSTJ) ;A;Normal value
24021105IND01;71153;Topola;00;2017;2;Female;1890;NR;number;SORS;Registered employment by sex and municipalities of residence (NSTJ) ;A;Normal value
24021105IND01;71153;Topola;00;2016;0;Total;5394;NR;number;SORS;Registered employment by sex and municipalities of residence (NSTJ) ;A;Normal value
24021105IND01;71153;Topola;00;2016;1;Male;3618;NR;number;SORS;Registered employment by sex and municipalities of residence (NSTJ) ;A;Normal value
24021105IND01;71153;Topola;00;2016;2;Female;1776;NR;number;SORS;Registered employment by sex and municipalities of residence (NSTJ) ;A;Normal value
24021105IND01;71161;Trgovište;00;2016;0;Total;1354;NR;number;SORS;Registered employment by sex and municipalities of residence (NSTJ) ;A;Normal value
24021105IND01;71161;Trgovište;00;2016;1;Male;881;NR;number;SORS;Registered employment by sex and municipalities of residence (NSTJ) ;A;Normal value
24021105IND01;71161;Trgovište;00;2016;2;Female;473;NR;number;SORS;Registered employment by sex and municipalities of residence (NSTJ) ;A;Normal value
24021105IND01;71161;Trgovište;00;2017;0;Total;1339;NR;number;SORS;Registered employment by sex and municipalities of residence (NSTJ) ;A;Normal value
24021105IND01;71161;Trgovište;00;2017;1;Male;887;NR;number;SORS;Registered employment by sex and municipalities of residence (NSTJ) ;A;Normal value
24021105IND01;71161;Trgovište;00;2017;2;Female;452;NR;number;SORS;Registered employment by sex and municipalities of residence (NSTJ) ;A;Normal value
24021105IND01;71161;Trgovište;00;2018;0;Total;1361;NR;number;SORS;Registered employment by sex and municipalities of residence (NSTJ) ;A;Normal value
24021105IND01;71161;Trgovište;00;2018;1;Male;914;NR;number;SORS;Registered employment by sex and municipalities of residence (NSTJ) ;A;Normal value
24021105IND01;71161;Trgovište;00;2018;2;Female;447;NR;number;SORS;Registered employment by sex and municipalities of residence (NSTJ) ;A;Normal value
24021105IND01;71161;Trgovište;00;2019;0;Total;1448;NR;number;SORS;Registered employment by sex and municipalities of residence (NSTJ) ;A;Normal value
24021105IND01;71161;Trgovište;00;2019;1;Male;960;NR;number;SORS;Registered employment by sex and municipalities of residence (NSTJ) ;A;Normal value
24021105IND01;71161;Trgovište;00;2019;2;Female;488;NR;number;SORS;Registered employment by sex and municipalities of residence (NSTJ) ;A;Normal value
24021105IND01;71161;Trgovište;00;2020;0;Total;1559;NR;number;SORS;Registered employment by sex and municipalities of residence (NSTJ) ;A;Normal value
24021105IND01;71161;Trgovište;00;2020;1;Male;1005;NR;number;SORS;Registered employment by sex and municipalities of residence (NSTJ) ;A;Normal value
24021105IND01;71161;Trgovište;00;2020;2;Female;554;NR;number;SORS;Registered employment by sex and municipalities of residence (NSTJ) ;A;Normal value
24021105IND01;71161;Trgovište;00;2021;0;Total;1491;NR;number;SORS;Registered employment by sex and municipalities of residence (NSTJ) ;A;Normal value
24021105IND01;71161;Trgovište;00;2021;1;Male;982;NR;number;SORS;Registered employment by sex and municipalities of residence (NSTJ) ;A;Normal value
24021105IND01;71161;Trgovište;00;2021;2;Female;509;NR;number;SORS;Registered employment by sex and municipalities of residence (NSTJ) ;A;Normal value
24021105IND01;71161;Trgovište;00;2022;0;Total;1505;NR;number;SORS;Registered employment by sex and municipalities of residence (NSTJ) ;A;Normal value
24021105IND01;71161;Trgovište;00;2022;1;Male;967;NR;number;SORS;Registered employment by sex and municipalities of residence (NSTJ) ;A;Normal value
24021105IND01;71161;Trgovište;00;2022;2;Female;538;NR;number;SORS;Registered employment by sex and municipalities of residence (NSTJ) ;A;Normal value
24021105IND01;71161;Trgovište;00;2023;0;Total;1515;NR;number;SORS;Registered employment by sex and municipalities of residence (NSTJ) ;A;Normal value
24021105IND01;71161;Trgovište;00;2023;1;Male;962;NR;number;SORS;Registered employment by sex and municipalities of residence (NSTJ) ;A;Normal value
24021105IND01;71161;Trgovište;00;2023;2;Female;554;NR;number;SORS;Registered employment by sex and municipalities of residence (NSTJ) ;A;Normal value
24021105IND01;71161;Trgovište;00;2024;0;Total;1516;NR;number;SORS;Registered employment by sex and municipalities of residence (NSTJ) ;A;Normal value
24021105IND01;71161;Trgovište;00;2024;1;Male;950;NR;number;SORS;Registered employment by sex and municipalities of residence (NSTJ) ;A;Normal value
24021105IND01;71161;Trgovište;00;2024;2;Female;567;NR;number;SORS;Registered employment by sex and municipalities of residence (NSTJ) ;A;Normal value
24021105IND01;71161;Trgovište;00;2025;0;Total;1516;NR;number;SORS;Registered employment by sex and municipalities of residence (NSTJ) ;A;Normal value
24021105IND01;71161;Trgovište;00;2025;1;Male;950;NR;number;SORS;Registered employment by sex and municipalities of residence (NSTJ) ;A;Normal value
24021105IND01;71161;Trgovište;00;2025;2;Female;566;NR;number;SORS;Registered employment by sex and municipalities of residence (NSTJ) ;A;Normal value
24021105IND01;71170;Trstenik;00;2025;0;Total;10918;NR;number;SORS;Registered employment by sex and municipalities of residence (NSTJ) ;A;Normal value
24021105IND01;71170;Trstenik;00;2025;1;Male;5968;NR;number;SORS;Registered employment by sex and municipalities of residence (NSTJ) ;A;Normal value
24021105IND01;71170;Trstenik;00;2025;2;Female;4950;NR;number;SORS;Registered employment by sex and municipalities of residence (NSTJ) ;A;Normal value
24021105IND01;71170;Trstenik;00;2024;0;Total;10924;NR;number;SORS;Registered employment by sex and municipalities of residence (NSTJ) ;A;Normal value
24021105IND01;71170;Trstenik;00;2024;1;Male;6033;NR;number;SORS;Registered employment by sex and municipalities of residence (NSTJ) ;A;Normal value
24021105IND01;71170;Trstenik;00;2024;2;Female;4891;NR;number;SORS;Registered employment by sex and municipalities of residence (NSTJ) ;A;Normal value
24021105IND01;71170;Trstenik;00;2023;0;Total;10895;NR;number;SORS;Registered employment by sex and municipalities of residence (NSTJ) ;A;Normal value
24021105IND01;71170;Trstenik;00;2023;1;Male;6101;NR;number;SORS;Registered employment by sex and municipalities of residence (NSTJ) ;A;Normal value
24021105IND01;71170;Trstenik;00;2023;2;Female;4794;NR;number;SORS;Registered employment by sex and municipalities of residence (NSTJ) ;A;Normal value
24021105IND01;71170;Trstenik;00;2022;0;Total;10670;NR;number;SORS;Registered employment by sex and municipalities of residence (NSTJ) ;A;Normal value
24021105IND01;71170;Trstenik;00;2022;1;Male;6019;NR;number;SORS;Registered employment by sex and municipalities of residence (NSTJ) ;A;Normal value
24021105IND01;71170;Trstenik;00;2022;2;Female;4651;NR;number;SORS;Registered employment by sex and municipalities of residence (NSTJ) ;A;Normal value
24021105IND01;71170;Trstenik;00;2021;0;Total;10577;NR;number;SORS;Registered employment by sex and municipalities of residence (NSTJ) ;A;Normal value
24021105IND01;71170;Trstenik;00;2021;1;Male;6014;NR;number;SORS;Registered employment by sex and municipalities of residence (NSTJ) ;A;Normal value
24021105IND01;71170;Trstenik;00;2021;2;Female;4563;NR;number;SORS;Registered employment by sex and municipalities of residence (NSTJ) ;A;Normal value
24021105IND01;71170;Trstenik;00;2020;0;Total;10256;NR;number;SORS;Registered employment by sex and municipalities of residence (NSTJ) ;A;Normal value
24021105IND01;71170;Trstenik;00;2020;1;Male;5859;NR;number;SORS;Registered employment by sex and municipalities of residence (NSTJ) ;A;Normal value
24021105IND01;71170;Trstenik;00;2020;2;Female;4397;NR;number;SORS;Registered employment by sex and municipalities of residence (NSTJ) ;A;Normal value
24021105IND01;71170;Trstenik;00;2019;0;Total;10043;NR;number;SORS;Registered employment by sex and municipalities of residence (NSTJ) ;A;Normal value
24021105IND01;71170;Trstenik;00;2019;1;Male;5831;NR;number;SORS;Registered employment by sex and municipalities of residence (NSTJ) ;A;Normal value
24021105IND01;71170;Trstenik;00;2019;2;Female;4212;NR;number;SORS;Registered employment by sex and municipalities of residence (NSTJ) ;A;Normal value
24021105IND01;71170;Trstenik;00;2018;0;Total;9705;NR;number;SORS;Registered employment by sex and municipalities of residence (NSTJ) ;A;Normal value
24021105IND01;71170;Trstenik;00;2018;1;Male;5726;NR;number;SORS;Registered employment by sex and municipalities of residence (NSTJ) ;A;Normal value
24021105IND01;71170;Trstenik;00;2018;2;Female;3980;NR;number;SORS;Registered employment by sex and municipalities of residence (NSTJ) ;A;Normal value
24021105IND01;71170;Trstenik;00;2017;0;Total;9452;NR;number;SORS;Registered employment by sex and municipalities of residence (NSTJ) ;A;Normal value
24021105IND01;71170;Trstenik;00;2017;1;Male;5629;NR;number;SORS;Registered employment by sex and municipalities of residence (NSTJ) ;A;Normal value
24021105IND01;71170;Trstenik;00;2017;2;Female;3824;NR;number;SORS;Registered employment by sex and municipalities of residence (NSTJ) ;A;Normal value
24021105IND01;71170;Trstenik;00;2016;0;Total;9144;NR;number;SORS;Registered employment by sex and municipalities of residence (NSTJ) ;A;Normal value
24021105IND01;71170;Trstenik;00;2016;1;Male;5502;NR;number;SORS;Registered employment by sex and municipalities of residence (NSTJ) ;A;Normal value
24021105IND01;71170;Trstenik;00;2016;2;Female;3642;NR;number;SORS;Registered employment by sex and municipalities of residence (NSTJ) ;A;Normal value
24021105IND01;71188;Tutin;00;2016;0;Total;5083;NR;number;SORS;Registered employment by sex and municipalities of residence (NSTJ) ;A;Normal value
24021105IND01;71188;Tutin;00;2016;1;Male;3330;NR;number;SORS;Registered employment by sex and municipalities of residence (NSTJ) ;A;Normal value
24021105IND01;71188;Tutin;00;2016;2;Female;1754;NR;number;SORS;Registered employment by sex and municipalities of residence (NSTJ) ;A;Normal value
24021105IND01;71188;Tutin;00;2017;0;Total;5057;NR;number;SORS;Registered employment by sex and municipalities of residence (NSTJ) ;A;Normal value
24021105IND01;71188;Tutin;00;2017;1;Male;3248;NR;number;SORS;Registered employment by sex and municipalities of residence (NSTJ) ;A;Normal value
24021105IND01;71188;Tutin;00;2017;2;Female;1809;NR;number;SORS;Registered employment by sex and municipalities of residence (NSTJ) ;A;Normal value
24021105IND01;71188;Tutin;00;2018;0;Total;5077;NR;number;SORS;Registered employment by sex and municipalities of residence (NSTJ) ;A;Normal value
24021105IND01;71188;Tutin;00;2018;1;Male;3194;NR;number;SORS;Registered employment by sex and municipalities of residence (NSTJ) ;A;Normal value
24021105IND01;71188;Tutin;00;2018;2;Female;1883;NR;number;SORS;Registered employment by sex and municipalities of residence (NSTJ) ;A;Normal value
24021105IND01;71188;Tutin;00;2019;0;Total;4900;NR;number;SORS;Registered employment by sex and municipalities of residence (NSTJ) ;A;Normal value
24021105IND01;71188;Tutin;00;2019;1;Male;3182;NR;number;SORS;Registered employment by sex and municipalities of residence (NSTJ) ;A;Normal value
24021105IND01;71188;Tutin;00;2019;2;Female;1718;NR;number;SORS;Registered employment by sex and municipalities of residence (NSTJ) ;A;Normal value
24021105IND01;71188;Tutin;00;2020;0;Total;4828;NR;number;SORS;Registered employment by sex and municipalities of residence (NSTJ) ;A;Normal value
24021105IND01;71188;Tutin;00;2020;1;Male;3212;NR;number;SORS;Registered employment by sex and municipalities of residence (NSTJ) ;A;Normal value
24021105IND01;71188;Tutin;00;2020;2;Female;1615;NR;number;SORS;Registered employment by sex and municipalities of residence (NSTJ) ;A;Normal value
24021105IND01;71188;Tutin;00;2021;0;Total;4855;NR;number;SORS;Registered employment by sex and municipalities of residence (NSTJ) ;A;Normal value
24021105IND01;71188;Tutin;00;2021;1;Male;3198;NR;number;SORS;Registered employment by sex and municipalities of residence (NSTJ) ;A;Normal value
24021105IND01;71188;Tutin;00;2021;2;Female;1656;NR;number;SORS;Registered employment by sex and municipalities of residence (NSTJ) ;A;Normal value
24021105IND01;71188;Tutin;00;2022;0;Total;4704;NR;number;SORS;Registered employment by sex and municipalities of residence (NSTJ) ;A;Normal value
24021105IND01;71188;Tutin;00;2022;1;Male;3042;NR;number;SORS;Registered employment by sex and municipalities of residence (NSTJ) ;A;Normal value
24021105IND01;71188;Tutin;00;2022;2;Female;1662;NR;number;SORS;Registered employment by sex and municipalities of residence (NSTJ) ;A;Normal value
24021105IND01;71188;Tutin;00;2023;0;Total;4658;NR;number;SORS;Registered employment by sex and municipalities of residence (NSTJ) ;A;Normal value
24021105IND01;71188;Tutin;00;2023;1;Male;2934;NR;number;SORS;Registered employment by sex and municipalities of residence (NSTJ) ;A;Normal value
24021105IND01;71188;Tutin;00;2023;2;Female;1724;NR;number;SORS;Registered employment by sex and municipalities of residence (NSTJ) ;A;Normal value
24021105IND01;71188;Tutin;00;2024;0;Total;4623;NR;number;SORS;Registered employment by sex and municipalities of residence (NSTJ) ;A;Normal value
24021105IND01;71188;Tutin;00;2024;1;Male;2880;NR;number;SORS;Registered employment by sex and municipalities of residence (NSTJ) ;A;Normal value
24021105IND01;71188;Tutin;00;2024;2;Female;1744;NR;number;SORS;Registered employment by sex and municipalities of residence (NSTJ) ;A;Normal value
24021105IND01;71188;Tutin;00;2025;0;Total;4612;NR;number;SORS;Registered employment by sex and municipalities of residence (NSTJ) ;A;Normal value
24021105IND01;71188;Tutin;00;2025;1;Male;2849;NR;number;SORS;Registered employment by sex and municipalities of residence (NSTJ) ;A;Normal value
24021105IND01;71188;Tutin;00;2025;2;Female;1763;NR;number;SORS;Registered employment by sex and municipalities of residence (NSTJ) ;A;Normal value
24021105IND01;71196;Ćićevac;00;2025;0;Total;2446;NR;number;SORS;Registered employment by sex and municipalities of residence (NSTJ) ;A;Normal value
24021105IND01;71196;Ćićevac;00;2025;1;Male;1398;NR;number;SORS;Registered employment by sex and municipalities of residence (NSTJ) ;A;Normal value
24021105IND01;71196;Ćićevac;00;2025;2;Female;1047;NR;number;SORS;Registered employment by sex and municipalities of residence (NSTJ) ;A;Normal value
24021105IND01;71196;Ćićevac;00;2024;0;Total;2496;NR;number;SORS;Registered employment by sex and municipalities of residence (NSTJ) ;A;Normal value
24021105IND01;71196;Ćićevac;00;2024;1;Male;1450;NR;number;SORS;Registered employment by sex and municipalities of residence (NSTJ) ;A;Normal value
24021105IND01;71196;Ćićevac;00;2024;2;Female;1046;NR;number;SORS;Registered employment by sex and municipalities of residence (NSTJ) ;A;Normal value
24021105IND01;71196;Ćićevac;00;2023;0;Total;2514;NR;number;SORS;Registered employment by sex and municipalities of residence (NSTJ) ;A;Normal value
24021105IND01;71196;Ćićevac;00;2023;1;Male;1480;NR;number;SORS;Registered employment by sex and municipalities of residence (NSTJ) ;A;Normal value
24021105IND01;71196;Ćićevac;00;2023;2;Female;1034;NR;number;SORS;Registered employment by sex and municipalities of residence (NSTJ) ;A;Normal value
24021105IND01;71196;Ćićevac;00;2022;0;Total;2516;NR;number;SORS;Registered employment by sex and municipalities of residence (NSTJ) ;A;Normal value
24021105IND01;71196;Ćićevac;00;2022;1;Male;1476;NR;number;SORS;Registered employment by sex and municipalities of residence (NSTJ) ;A;Normal value
24021105IND01;71196;Ćićevac;00;2022;2;Female;1040;NR;number;SORS;Registered employment by sex and municipalities of residence (NSTJ) ;A;Normal value
24021105IND01;71196;Ćićevac;00;2021;0;Total;2451;NR;number;SORS;Registered employment by sex and municipalities of residence (NSTJ) ;A;Normal value
24021105IND01;71196;Ćićevac;00;2021;1;Male;1439;NR;number;SORS;Registered employment by sex and municipalities of residence (NSTJ) ;A;Normal value
24021105IND01;71196;Ćićevac;00;2021;2;Female;1013;NR;number;SORS;Registered employment by sex and municipalities of residence (NSTJ) ;A;Normal value
24021105IND01;71196;Ćićevac;00;2020;0;Total;2413;NR;number;SORS;Registered employment by sex and municipalities of residence (NSTJ) ;A;Normal value
24021105IND01;71196;Ćićevac;00;2020;1;Male;1429;NR;number;SORS;Registered employment by sex and municipalities of residence (NSTJ) ;A;Normal value
24021105IND01;71196;Ćićevac;00;2020;2;Female;984;NR;number;SORS;Registered employment by sex and municipalities of residence (NSTJ) ;A;Normal value
24021105IND01;71196;Ćićevac;00;2019;0;Total;2453;NR;number;SORS;Registered employment by sex and municipalities of residence (NSTJ) ;A;Normal value
24021105IND01;71196;Ćićevac;00;2019;1;Male;1442;NR;number;SORS;Registered employment by sex and municipalities of residence (NSTJ) ;A;Normal value
24021105IND01;71196;Ćićevac;00;2019;2;Female;1011;NR;number;SORS;Registered employment by sex and municipalities of residence (NSTJ) ;A;Normal value
24021105IND01;71196;Ćićevac;00;2018;0;Total;2409;NR;number;SORS;Registered employment by sex and municipalities of residence (NSTJ) ;A;Normal value
24021105IND01;71196;Ćićevac;00;2018;1;Male;1412;NR;number;SORS;Registered employment by sex and municipalities of residence (NSTJ) ;A;Normal value
24021105IND01;71196;Ćićevac;00;2018;2;Female;997;NR;number;SORS;Registered employment by sex and municipalities of residence (NSTJ) ;A;Normal value
24021105IND01;71196;Ćićevac;00;2017;0;Total;2300;NR;number;SORS;Registered employment by sex and municipalities of residence (NSTJ) ;A;Normal value
24021105IND01;71196;Ćićevac;00;2017;1;Male;1352;NR;number;SORS;Registered employment by sex and municipalities of residence (NSTJ) ;A;Normal value
24021105IND01;71196;Ćićevac;00;2017;2;Female;949;NR;number;SORS;Registered employment by sex and municipalities of residence (NSTJ) ;A;Normal value
24021105IND01;71196;Ćićevac;00;2016;0;Total;2327;NR;number;SORS;Registered employment by sex and municipalities of residence (NSTJ) ;A;Normal value
24021105IND01;71196;Ćićevac;00;2016;1;Male;1386;NR;number;SORS;Registered employment by sex and municipalities of residence (NSTJ) ;A;Normal value
24021105IND01;71196;Ćićevac;00;2016;2;Female;941;NR;number;SORS;Registered employment by sex and municipalities of residence (NSTJ) ;A;Normal value
24021105IND01;71200;Ćuprija;00;2016;0;Total;7000;NR;number;SORS;Registered employment by sex and municipalities of residence (NSTJ) ;A;Normal value
24021105IND01;71200;Ćuprija;00;2016;1;Male;3768;NR;number;SORS;Registered employment by sex and municipalities of residence (NSTJ) ;A;Normal value
24021105IND01;71200;Ćuprija;00;2016;2;Female;3233;NR;number;SORS;Registered employment by sex and municipalities of residence (NSTJ) ;A;Normal value
24021105IND01;71200;Ćuprija;00;2017;0;Total;7081;NR;number;SORS;Registered employment by sex and municipalities of residence (NSTJ) ;A;Normal value
24021105IND01;71200;Ćuprija;00;2017;1;Male;3797;NR;number;SORS;Registered employment by sex and municipalities of residence (NSTJ) ;A;Normal value
24021105IND01;71200;Ćuprija;00;2017;2;Female;3284;NR;number;SORS;Registered employment by sex and municipalities of residence (NSTJ) ;A;Normal value
24021105IND01;71200;Ćuprija;00;2018;0;Total;7223;NR;number;SORS;Registered employment by sex and municipalities of residence (NSTJ) ;A;Normal value
24021105IND01;71200;Ćuprija;00;2018;1;Male;3883;NR;number;SORS;Registered employment by sex and municipalities of residence (NSTJ) ;A;Normal value
24021105IND01;71200;Ćuprija;00;2018;2;Female;3340;NR;number;SORS;Registered employment by sex and municipalities of residence (NSTJ) ;A;Normal value
24021105IND01;71200;Ćuprija;00;2019;0;Total;7258;NR;number;SORS;Registered employment by sex and municipalities of residence (NSTJ) ;A;Normal value
24021105IND01;71200;Ćuprija;00;2019;1;Male;3917;NR;number;SORS;Registered employment by sex and municipalities of residence (NSTJ) ;A;Normal value
24021105IND01;71200;Ćuprija;00;2019;2;Female;3341;NR;number;SORS;Registered employment by sex and municipalities of residence (NSTJ) ;A;Normal value
24021105IND01;71200;Ćuprija;00;2020;0;Total;7293;NR;number;SORS;Registered employment by sex and municipalities of residence (NSTJ) ;A;Normal value
24021105IND01;71200;Ćuprija;00;2020;1;Male;3957;NR;number;SORS;Registered employment by sex and municipalities of residence (NSTJ) ;A;Normal value
24021105IND01;71200;Ćuprija;00;2020;2;Female;3335;NR;number;SORS;Registered employment by sex and municipalities of residence (NSTJ) ;A;Normal value
24021105IND01;71200;Ćuprija;00;2021;0;Total;7426;NR;number;SORS;Registered employment by sex and municipalities of residence (NSTJ) ;A;Normal value
24021105IND01;71200;Ćuprija;00;2021;1;Male;3990;NR;number;SORS;Registered employment by sex and municipalities of residence (NSTJ) ;A;Normal value
24021105IND01;71200;Ćuprija;00;2021;2;Female;3436;NR;number;SORS;Registered employment by sex and municipalities of residence (NSTJ) ;A;Normal value
24021105IND01;71200;Ćuprija;00;2022;0;Total;7511;NR;number;SORS;Registered employment by sex and municipalities of residence (NSTJ) ;A;Normal value
24021105IND01;71200;Ćuprija;00;2022;1;Male;3999;NR;number;SORS;Registered employment by sex and municipalities of residence (NSTJ) ;A;Normal value
24021105IND01;71200;Ćuprija;00;2022;2;Female;3512;NR;number;SORS;Registered employment by sex and municipalities of residence (NSTJ) ;A;Normal value
24021105IND01;71200;Ćuprija;00;2023;0;Total;7609;NR;number;SORS;Registered employment by sex and municipalities of residence (NSTJ) ;A;Normal value
24021105IND01;71200;Ćuprija;00;2023;1;Male;4008;NR;number;SORS;Registered employment by sex and municipalities of residence (NSTJ) ;A;Normal value
24021105IND01;71200;Ćuprija;00;2023;2;Female;3601;NR;number;SORS;Registered employment by sex and municipalities of residence (NSTJ) ;A;Normal value
24021105IND01;71200;Ćuprija;00;2024;0;Total;7718;NR;number;SORS;Registered employment by sex and municipalities of residence (NSTJ) ;A;Normal value
24021105IND01;71200;Ćuprija;00;2024;1;Male;4056;NR;number;SORS;Registered employment by sex and municipalities of residence (NSTJ) ;A;Normal value
24021105IND01;71200;Ćuprija;00;2024;2;Female;3661;NR;number;SORS;Registered employment by sex and municipalities of residence (NSTJ) ;A;Normal value
24021105IND01;71200;Ćuprija;00;2025;0;Total;7659;NR;number;SORS;Registered employment by sex and municipalities of residence (NSTJ) ;A;Normal value
24021105IND01;71200;Ćuprija;00;2025;1;Male;4013;NR;number;SORS;Registered employment by sex and municipalities of residence (NSTJ) ;A;Normal value
24021105IND01;71200;Ćuprija;00;2025;2;Female;3646;NR;number;SORS;Registered employment by sex and municipalities of residence (NSTJ) ;A;Normal value
24021105IND01;71218;Ub;00;2025;0;Total;8270;NR;number;SORS;Registered employment by sex and municipalities of residence (NSTJ) ;A;Normal value
24021105IND01;71218;Ub;00;2025;1;Male;5105;NR;number;SORS;Registered employment by sex and municipalities of residence (NSTJ) ;A;Normal value
24021105IND01;71218;Ub;00;2025;2;Female;3165;NR;number;SORS;Registered employment by sex and municipalities of residence (NSTJ) ;A;Normal value
24021105IND01;71218;Ub;00;2024;0;Total;8340;NR;number;SORS;Registered employment by sex and municipalities of residence (NSTJ) ;A;Normal value
24021105IND01;71218;Ub;00;2024;1;Male;5169;NR;number;SORS;Registered employment by sex and municipalities of residence (NSTJ) ;A;Normal value
24021105IND01;71218;Ub;00;2024;2;Female;3171;NR;number;SORS;Registered employment by sex and municipalities of residence (NSTJ) ;A;Normal value
24021105IND01;71218;Ub;00;2023;0;Total;8333;NR;number;SORS;Registered employment by sex and municipalities of residence (NSTJ) ;A;Normal value
24021105IND01;71218;Ub;00;2023;1;Male;5200;NR;number;SORS;Registered employment by sex and municipalities of residence (NSTJ) ;A;Normal value
24021105IND01;71218;Ub;00;2023;2;Female;3134;NR;number;SORS;Registered employment by sex and municipalities of residence (NSTJ) ;A;Normal value
24021105IND01;71218;Ub;00;2022;0;Total;8047;NR;number;SORS;Registered employment by sex and municipalities of residence (NSTJ) ;A;Normal value
24021105IND01;71218;Ub;00;2022;1;Male;5099;NR;number;SORS;Registered employment by sex and municipalities of residence (NSTJ) ;A;Normal value
24021105IND01;71218;Ub;00;2022;2;Female;2948;NR;number;SORS;Registered employment by sex and municipalities of residence (NSTJ) ;A;Normal value
24021105IND01;71218;Ub;00;2021;0;Total;7985;NR;number;SORS;Registered employment by sex and municipalities of residence (NSTJ) ;A;Normal value
24021105IND01;71218;Ub;00;2021;1;Male;5122;NR;number;SORS;Registered employment by sex and municipalities of residence (NSTJ) ;A;Normal value
24021105IND01;71218;Ub;00;2021;2;Female;2863;NR;number;SORS;Registered employment by sex and municipalities of residence (NSTJ) ;A;Normal value
24021105IND01;71218;Ub;00;2020;0;Total;7837;NR;number;SORS;Registered employment by sex and municipalities of residence (NSTJ) ;A;Normal value
24021105IND01;71218;Ub;00;2020;1;Male;5096;NR;number;SORS;Registered employment by sex and municipalities of residence (NSTJ) ;A;Normal value
24021105IND01;71218;Ub;00;2020;2;Female;2741;NR;number;SORS;Registered employment by sex and municipalities of residence (NSTJ) ;A;Normal value
24021105IND01;71218;Ub;00;2019;0;Total;7669;NR;number;SORS;Registered employment by sex and municipalities of residence (NSTJ) ;A;Normal value
24021105IND01;71218;Ub;00;2019;1;Male;5063;NR;number;SORS;Registered employment by sex and municipalities of residence (NSTJ) ;A;Normal value
24021105IND01;71218;Ub;00;2019;2;Female;2607;NR;number;SORS;Registered employment by sex and municipalities of residence (NSTJ) ;A;Normal value
24021105IND01;71218;Ub;00;2018;0;Total;7518;NR;number;SORS;Registered employment by sex and municipalities of residence (NSTJ) ;A;Normal value
24021105IND01;71218;Ub;00;2018;1;Male;5045;NR;number;SORS;Registered employment by sex and municipalities of residence (NSTJ) ;A;Normal value
24021105IND01;71218;Ub;00;2018;2;Female;2473;NR;number;SORS;Registered employment by sex and municipalities of residence (NSTJ) ;A;Normal value
24021105IND01;71218;Ub;00;2017;0;Total;7254;NR;number;SORS;Registered employment by sex and municipalities of residence (NSTJ) ;A;Normal value
24021105IND01;71218;Ub;00;2017;1;Male;4954;NR;number;SORS;Registered employment by sex and municipalities of residence (NSTJ) ;A;Normal value
24021105IND01;71218;Ub;00;2017;2;Female;2300;NR;number;SORS;Registered employment by sex and municipalities of residence (NSTJ) ;A;Normal value
24021105IND01;71218;Ub;00;2016;0;Total;7013;NR;number;SORS;Registered employment by sex and municipalities of residence (NSTJ) ;A;Normal value
24021105IND01;71218;Ub;00;2016;1;Male;4846;NR;number;SORS;Registered employment by sex and municipalities of residence (NSTJ) ;A;Normal value
24021105IND01;71218;Ub;00;2016;2;Female;2166;NR;number;SORS;Registered employment by sex and municipalities of residence (NSTJ) ;A;Normal value
24021105IND01;71226;Crna Trava;00;2016;0;Total;284;NR;number;SORS;Registered employment by sex and municipalities of residence (NSTJ) ;A;Normal value
24021105IND01;71226;Crna Trava;00;2016;1;Male;194;NR;number;SORS;Registered employment by sex and municipalities of residence (NSTJ) ;A;Normal value
24021105IND01;71226;Crna Trava;00;2016;2;Female;90;NR;number;SORS;Registered employment by sex and municipalities of residence (NSTJ) ;A;Normal value
24021105IND01;71226;Crna Trava;00;2017;0;Total;279;NR;number;SORS;Registered employment by sex and municipalities of residence (NSTJ) ;A;Normal value
24021105IND01;71226;Crna Trava;00;2017;1;Male;183;NR;number;SORS;Registered employment by sex and municipalities of residence (NSTJ) ;A;Normal value
24021105IND01;71226;Crna Trava;00;2017;2;Female;96;NR;number;SORS;Registered employment by sex and municipalities of residence (NSTJ) ;A;Normal value
24021105IND01;71226;Crna Trava;00;2018;0;Total;291;NR;number;SORS;Registered employment by sex and municipalities of residence (NSTJ) ;A;Normal value
24021105IND01;71226;Crna Trava;00;2018;1;Male;195;NR;number;SORS;Registered employment by sex and municipalities of residence (NSTJ) ;A;Normal value
24021105IND01;71226;Crna Trava;00;2018;2;Female;96;NR;number;SORS;Registered employment by sex and municipalities of residence (NSTJ) ;A;Normal value
24021105IND01;71226;Crna Trava;00;2019;0;Total;301;NR;number;SORS;Registered employment by sex and municipalities of residence (NSTJ) ;A;Normal value
24021105IND01;71226;Crna Trava;00;2019;1;Male;192;NR;number;SORS;Registered employment by sex and municipalities of residence (NSTJ) ;A;Normal value
24021105IND01;71226;Crna Trava;00;2019;2;Female;108;NR;number;SORS;Registered employment by sex and municipalities of residence (NSTJ) ;A;Normal value
24021105IND01;71226;Crna Trava;00;2020;0;Total;288;NR;number;SORS;Registered employment by sex and municipalities of residence (NSTJ) ;A;Normal value
24021105IND01;71226;Crna Trava;00;2020;1;Male;181;NR;number;SORS;Registered employment by sex and municipalities of residence (NSTJ) ;A;Normal value
24021105IND01;71226;Crna Trava;00;2020;2;Female;107;NR;number;SORS;Registered employment by sex and municipalities of residence (NSTJ) ;A;Normal value
24021105IND01;71226;Crna Trava;00;2021;0;Total;289;NR;number;SORS;Registered employment by sex and municipalities of residence (NSTJ) ;A;Normal value
24021105IND01;71226;Crna Trava;00;2021;1;Male;183;NR;number;SORS;Registered employment by sex and municipalities of residence (NSTJ) ;A;Normal value
24021105IND01;71226;Crna Trava;00;2021;2;Female;106;NR;number;SORS;Registered employment by sex and municipalities of residence (NSTJ) ;A;Normal value
24021105IND01;71226;Crna Trava;00;2022;0;Total;286;NR;number;SORS;Registered employment by sex and municipalities of residence (NSTJ) ;A;Normal value
24021105IND01;71226;Crna Trava;00;2022;1;Male;183;NR;number;SORS;Registered employment by sex and municipalities of residence (NSTJ) ;A;Normal value
24021105IND01;71226;Crna Trava;00;2022;2;Female;103;NR;number;SORS;Registered employment by sex and municipalities of residence (NSTJ) ;A;Normal value
24021105IND01;71226;Crna Trava;00;2023;0;Total;272;NR;number;SORS;Registered employment by sex and municipalities of residence (NSTJ) ;A;Normal value
24021105IND01;71226;Crna Trava;00;2023;1;Male;175;NR;number;SORS;Registered employment by sex and municipalities of residence (NSTJ) ;A;Normal value
24021105IND01;71226;Crna Trava;00;2023;2;Female;97;NR;number;SORS;Registered employment by sex and municipalities of residence (NSTJ) ;A;Normal value
24021105IND01;71226;Crna Trava;00;2024;0;Total;255;NR;number;SORS;Registered employment by sex and municipalities of residence (NSTJ) ;A;Normal value
24021105IND01;71226;Crna Trava;00;2024;1;Male;161;NR;number;SORS;Registered employment by sex and municipalities of residence (NSTJ) ;A;Normal value
24021105IND01;71226;Crna Trava;00;2024;2;Female;94;NR;number;SORS;Registered employment by sex and municipalities of residence (NSTJ) ;A;Normal value
24021105IND01;71226;Crna Trava;00;2025;0;Total;234;NR;number;SORS;Registered employment by sex and municipalities of residence (NSTJ) ;A;Normal value
24021105IND01;71226;Crna Trava;00;2025;1;Male;150;NR;number;SORS;Registered employment by sex and municipalities of residence (NSTJ) ;A;Normal value
24021105IND01;71226;Crna Trava;00;2025;2;Female;84;NR;number;SORS;Registered employment by sex and municipalities of residence (NSTJ) ;A;Normal value
24021105IND01;71234;Čajetina;00;2025;0;Total;5412;NR;number;SORS;Registered employment by sex and municipalities of residence (NSTJ) ;A;Normal value
24021105IND01;71234;Čajetina;00;2025;1;Male;2823;NR;number;SORS;Registered employment by sex and municipalities of residence (NSTJ) ;A;Normal value
24021105IND01;71234;Čajetina;00;2025;2;Female;2589;NR;number;SORS;Registered employment by sex and municipalities of residence (NSTJ) ;A;Normal value
24021105IND01;71234;Čajetina;00;2024;0;Total;5213;NR;number;SORS;Registered employment by sex and municipalities of residence (NSTJ) ;A;Normal value
24021105IND01;71234;Čajetina;00;2024;1;Male;2711;NR;number;SORS;Registered employment by sex and municipalities of residence (NSTJ) ;A;Normal value
24021105IND01;71234;Čajetina;00;2024;2;Female;2502;NR;number;SORS;Registered employment by sex and municipalities of residence (NSTJ) ;A;Normal value
24021105IND01;71234;Čajetina;00;2023;0;Total;5129;NR;number;SORS;Registered employment by sex and municipalities of residence (NSTJ) ;A;Normal value
24021105IND01;71234;Čajetina;00;2023;1;Male;2700;NR;number;SORS;Registered employment by sex and municipalities of residence (NSTJ) ;A;Normal value
24021105IND01;71234;Čajetina;00;2023;2;Female;2430;NR;number;SORS;Registered employment by sex and municipalities of residence (NSTJ) ;A;Normal value
24021105IND01;71234;Čajetina;00;2022;0;Total;5001;NR;number;SORS;Registered employment by sex and municipalities of residence (NSTJ) ;A;Normal value
24021105IND01;71234;Čajetina;00;2022;1;Male;2658;NR;number;SORS;Registered employment by sex and municipalities of residence (NSTJ) ;A;Normal value
24021105IND01;71234;Čajetina;00;2022;2;Female;2343;NR;number;SORS;Registered employment by sex and municipalities of residence (NSTJ) ;A;Normal value
24021105IND01;71234;Čajetina;00;2021;0;Total;4778;NR;number;SORS;Registered employment by sex and municipalities of residence (NSTJ) ;A;Normal value
24021105IND01;71234;Čajetina;00;2021;1;Male;2556;NR;number;SORS;Registered employment by sex and municipalities of residence (NSTJ) ;A;Normal value
24021105IND01;71234;Čajetina;00;2021;2;Female;2222;NR;number;SORS;Registered employment by sex and municipalities of residence (NSTJ) ;A;Normal value
24021105IND01;71234;Čajetina;00;2020;0;Total;4564;NR;number;SORS;Registered employment by sex and municipalities of residence (NSTJ) ;A;Normal value
24021105IND01;71234;Čajetina;00;2020;1;Male;2421;NR;number;SORS;Registered employment by sex and municipalities of residence (NSTJ) ;A;Normal value
24021105IND01;71234;Čajetina;00;2020;2;Female;2142;NR;number;SORS;Registered employment by sex and municipalities of residence (NSTJ) ;A;Normal value
24021105IND01;71234;Čajetina;00;2019;0;Total;4468;NR;number;SORS;Registered employment by sex and municipalities of residence (NSTJ) ;A;Normal value
24021105IND01;71234;Čajetina;00;2019;1;Male;2379;NR;number;SORS;Registered employment by sex and municipalities of residence (NSTJ) ;A;Normal value
24021105IND01;71234;Čajetina;00;2019;2;Female;2089;NR;number;SORS;Registered employment by sex and municipalities of residence (NSTJ) ;A;Normal value
24021105IND01;71234;Čajetina;00;2018;0;Total;4330;NR;number;SORS;Registered employment by sex and municipalities of residence (NSTJ) ;A;Normal value
24021105IND01;71234;Čajetina;00;2018;1;Male;2332;NR;number;SORS;Registered employment by sex and municipalities of residence (NSTJ) ;A;Normal value
24021105IND01;71234;Čajetina;00;2018;2;Female;1997;NR;number;SORS;Registered employment by sex and municipalities of residence (NSTJ) ;A;Normal value
24021105IND01;71234;Čajetina;00;2017;0;Total;4159;NR;number;SORS;Registered employment by sex and municipalities of residence (NSTJ) ;A;Normal value
24021105IND01;71234;Čajetina;00;2017;1;Male;2249;NR;number;SORS;Registered employment by sex and municipalities of residence (NSTJ) ;A;Normal value
24021105IND01;71234;Čajetina;00;2017;2;Female;1910;NR;number;SORS;Registered employment by sex and municipalities of residence (NSTJ) ;A;Normal value
24021105IND01;71234;Čajetina;00;2016;0;Total;4004;NR;number;SORS;Registered employment by sex and municipalities of residence (NSTJ) ;A;Normal value
24021105IND01;71234;Čajetina;00;2016;1;Male;2192;NR;number;SORS;Registered employment by sex and municipalities of residence (NSTJ) ;A;Normal value
24021105IND01;71234;Čajetina;00;2016;2;Female;1812;NR;number;SORS;Registered employment by sex and municipalities of residence (NSTJ) ;A;Normal value
24021105IND01;71242;Čačak;00;2016;0;Total;32800;NR;number;SORS;Registered employment by sex and municipalities of residence (NSTJ) ;A;Normal value
24021105IND01;71242;Čačak;00;2016;1;Male;17831;NR;number;SORS;Registered employment by sex and municipalities of residence (NSTJ) ;A;Normal value
24021105IND01;71242;Čačak;00;2016;2;Female;14969;NR;number;SORS;Registered employment by sex and municipalities of residence (NSTJ) ;A;Normal value
24021105IND01;71242;Čačak;00;2017;0;Total;34199;NR;number;SORS;Registered employment by sex and municipalities of residence (NSTJ) ;A;Normal value
24021105IND01;71242;Čačak;00;2017;1;Male;18426;NR;number;SORS;Registered employment by sex and municipalities of residence (NSTJ) ;A;Normal value
24021105IND01;71242;Čačak;00;2017;2;Female;15773;NR;number;SORS;Registered employment by sex and municipalities of residence (NSTJ) ;A;Normal value
24021105IND01;71242;Čačak;00;2018;0;Total;35501;NR;number;SORS;Registered employment by sex and municipalities of residence (NSTJ) ;A;Normal value
24021105IND01;71242;Čačak;00;2018;1;Male;19002;NR;number;SORS;Registered employment by sex and municipalities of residence (NSTJ) ;A;Normal value
24021105IND01;71242;Čačak;00;2018;2;Female;16499;NR;number;SORS;Registered employment by sex and municipalities of residence (NSTJ) ;A;Normal value
24021105IND01;71242;Čačak;00;2019;0;Total;36302;NR;number;SORS;Registered employment by sex and municipalities of residence (NSTJ) ;A;Normal value
24021105IND01;71242;Čačak;00;2019;1;Male;19343;NR;number;SORS;Registered employment by sex and municipalities of residence (NSTJ) ;A;Normal value
24021105IND01;71242;Čačak;00;2019;2;Female;16959;NR;number;SORS;Registered employment by sex and municipalities of residence (NSTJ) ;A;Normal value
24021105IND01;71242;Čačak;00;2020;0;Total;37005;NR;number;SORS;Registered employment by sex and municipalities of residence (NSTJ) ;A;Normal value
24021105IND01;71242;Čačak;00;2020;1;Male;19686;NR;number;SORS;Registered employment by sex and municipalities of residence (NSTJ) ;A;Normal value
24021105IND01;71242;Čačak;00;2020;2;Female;17319;NR;number;SORS;Registered employment by sex and municipalities of residence (NSTJ) ;A;Normal value
24021105IND01;71242;Čačak;00;2021;0;Total;37802;NR;number;SORS;Registered employment by sex and municipalities of residence (NSTJ) ;A;Normal value
24021105IND01;71242;Čačak;00;2021;1;Male;19984;NR;number;SORS;Registered employment by sex and municipalities of residence (NSTJ) ;A;Normal value
24021105IND01;71242;Čačak;00;2021;2;Female;17818;NR;number;SORS;Registered employment by sex and municipalities of residence (NSTJ) ;A;Normal value
24021105IND01;71242;Čačak;00;2022;0;Total;38187;NR;number;SORS;Registered employment by sex and municipalities of residence (NSTJ) ;A;Normal value
24021105IND01;71242;Čačak;00;2022;1;Male;19937;NR;number;SORS;Registered employment by sex and municipalities of residence (NSTJ) ;A;Normal value
24021105IND01;71242;Čačak;00;2022;2;Female;18250;NR;number;SORS;Registered employment by sex and municipalities of residence (NSTJ) ;A;Normal value
24021105IND01;71242;Čačak;00;2023;0;Total;39161;NR;number;SORS;Registered employment by sex and municipalities of residence (NSTJ) ;A;Normal value
24021105IND01;71242;Čačak;00;2023;1;Male;20344;NR;number;SORS;Registered employment by sex and municipalities of residence (NSTJ) ;A;Normal value
24021105IND01;71242;Čačak;00;2023;2;Female;18818;NR;number;SORS;Registered employment by sex and municipalities of residence (NSTJ) ;A;Normal value
24021105IND01;71242;Čačak;00;2024;0;Total;39257;NR;number;SORS;Registered employment by sex and municipalities of residence (NSTJ) ;A;Normal value
24021105IND01;71242;Čačak;00;2024;1;Male;20293;NR;number;SORS;Registered employment by sex and municipalities of residence (NSTJ) ;A;Normal value
24021105IND01;71242;Čačak;00;2024;2;Female;18964;NR;number;SORS;Registered employment by sex and municipalities of residence (NSTJ) ;A;Normal value
24021105IND01;71242;Čačak;00;2025;0;Total;39311;NR;number;SORS;Registered employment by sex and municipalities of residence (NSTJ) ;A;Normal value
24021105IND01;71242;Čačak;00;2025;1;Male;20279;NR;number;SORS;Registered employment by sex and municipalities of residence (NSTJ) ;A;Normal value
24021105IND01;71242;Čačak;00;2025;2;Female;19032;NR;number;SORS;Registered employment by sex and municipalities of residence (NSTJ) ;A;Normal value
24021105IND01;71269;Šabac;00;2025;0;Total;37172;NR;number;SORS;Registered employment by sex and municipalities of residence (NSTJ) ;A;Normal value
24021105IND01;71269;Šabac;00;2025;1;Male;19648;NR;number;SORS;Registered employment by sex and municipalities of residence (NSTJ) ;A;Normal value
24021105IND01;71269;Šabac;00;2025;2;Female;17524;NR;number;SORS;Registered employment by sex and municipalities of residence (NSTJ) ;A;Normal value
24021105IND01;71269;Šabac;00;2024;0;Total;37545;NR;number;SORS;Registered employment by sex and municipalities of residence (NSTJ) ;A;Normal value
24021105IND01;71269;Šabac;00;2024;1;Male;19895;NR;number;SORS;Registered employment by sex and municipalities of residence (NSTJ) ;A;Normal value
24021105IND01;71269;Šabac;00;2024;2;Female;17651;NR;number;SORS;Registered employment by sex and municipalities of residence (NSTJ) ;A;Normal value
24021105IND01;71269;Šabac;00;2023;0;Total;37390;NR;number;SORS;Registered employment by sex and municipalities of residence (NSTJ) ;A;Normal value
24021105IND01;71269;Šabac;00;2023;1;Male;19901;NR;number;SORS;Registered employment by sex and municipalities of residence (NSTJ) ;A;Normal value
24021105IND01;71269;Šabac;00;2023;2;Female;17489;NR;number;SORS;Registered employment by sex and municipalities of residence (NSTJ) ;A;Normal value
24021105IND01;71269;Šabac;00;2022;0;Total;36571;NR;number;SORS;Registered employment by sex and municipalities of residence (NSTJ) ;A;Normal value
24021105IND01;71269;Šabac;00;2022;1;Male;19548;NR;number;SORS;Registered employment by sex and municipalities of residence (NSTJ) ;A;Normal value
24021105IND01;71269;Šabac;00;2022;2;Female;17024;NR;number;SORS;Registered employment by sex and municipalities of residence (NSTJ) ;A;Normal value
24021105IND01;71269;Šabac;00;2021;0;Total;36357;NR;number;SORS;Registered employment by sex and municipalities of residence (NSTJ) ;A;Normal value
24021105IND01;71269;Šabac;00;2021;1;Male;19698;NR;number;SORS;Registered employment by sex and municipalities of residence (NSTJ) ;A;Normal value
24021105IND01;71269;Šabac;00;2021;2;Female;16659;NR;number;SORS;Registered employment by sex and municipalities of residence (NSTJ) ;A;Normal value
24021105IND01;71269;Šabac;00;2020;0;Total;35426;NR;number;SORS;Registered employment by sex and municipalities of residence (NSTJ) ;A;Normal value
24021105IND01;71269;Šabac;00;2020;1;Male;19364;NR;number;SORS;Registered employment by sex and municipalities of residence (NSTJ) ;A;Normal value
24021105IND01;71269;Šabac;00;2020;2;Female;16062;NR;number;SORS;Registered employment by sex and municipalities of residence (NSTJ) ;A;Normal value
24021105IND01;71269;Šabac;00;2019;0;Total;34980;NR;number;SORS;Registered employment by sex and municipalities of residence (NSTJ) ;A;Normal value
24021105IND01;71269;Šabac;00;2019;1;Male;19211;NR;number;SORS;Registered employment by sex and municipalities of residence (NSTJ) ;A;Normal value
24021105IND01;71269;Šabac;00;2019;2;Female;15769;NR;number;SORS;Registered employment by sex and municipalities of residence (NSTJ) ;A;Normal value
24021105IND01;71269;Šabac;00;2018;0;Total;33901;NR;number;SORS;Registered employment by sex and municipalities of residence (NSTJ) ;A;Normal value
24021105IND01;71269;Šabac;00;2018;1;Male;18874;NR;number;SORS;Registered employment by sex and municipalities of residence (NSTJ) ;A;Normal value
24021105IND01;71269;Šabac;00;2018;2;Female;15027;NR;number;SORS;Registered employment by sex and municipalities of residence (NSTJ) ;A;Normal value
24021105IND01;71269;Šabac;00;2017;0;Total;32291;NR;number;SORS;Registered employment by sex and municipalities of residence (NSTJ) ;A;Normal value
24021105IND01;71269;Šabac;00;2017;1;Male;18357;NR;number;SORS;Registered employment by sex and municipalities of residence (NSTJ) ;A;Normal value
24021105IND01;71269;Šabac;00;2017;2;Female;13934;NR;number;SORS;Registered employment by sex and municipalities of residence (NSTJ) ;A;Normal value
24021105IND01;71269;Šabac;00;2016;0;Total;31202;NR;number;SORS;Registered employment by sex and municipalities of residence (NSTJ) ;A;Normal value
24021105IND01;71269;Šabac;00;2016;1;Male;17918;NR;number;SORS;Registered employment by sex and municipalities of residence (NSTJ) ;A;Normal value
24021105IND01;71269;Šabac;00;2016;2;Female;13284;NR;number;SORS;Registered employment by sex and municipalities of residence (NSTJ) ;A;Normal value
24021105IND01;71277;Lapovo;00;2016;0;Total;1927;NR;number;SORS;Registered employment by sex and municipalities of residence (NSTJ) ;A;Normal value
24021105IND01;71277;Lapovo;00;2016;1;Male;1178;NR;number;SORS;Registered employment by sex and municipalities of residence (NSTJ) ;A;Normal value
24021105IND01;71277;Lapovo;00;2016;2;Female;750;NR;number;SORS;Registered employment by sex and municipalities of residence (NSTJ) ;A;Normal value
24021105IND01;71277;Lapovo;00;2017;0;Total;1877;NR;number;SORS;Registered employment by sex and municipalities of residence (NSTJ) ;A;Normal value
24021105IND01;71277;Lapovo;00;2017;1;Male;1114;NR;number;SORS;Registered employment by sex and municipalities of residence (NSTJ) ;A;Normal value
24021105IND01;71277;Lapovo;00;2017;2;Female;763;NR;number;SORS;Registered employment by sex and municipalities of residence (NSTJ) ;A;Normal value
24021105IND01;71277;Lapovo;00;2018;0;Total;1963;NR;number;SORS;Registered employment by sex and municipalities of residence (NSTJ) ;A;Normal value
24021105IND01;71277;Lapovo;00;2018;1;Male;1142;NR;number;SORS;Registered employment by sex and municipalities of residence (NSTJ) ;A;Normal value
24021105IND01;71277;Lapovo;00;2018;2;Female;821;NR;number;SORS;Registered employment by sex and municipalities of residence (NSTJ) ;A;Normal value
24021105IND01;71277;Lapovo;00;2019;0;Total;2080;NR;number;SORS;Registered employment by sex and municipalities of residence (NSTJ) ;A;Normal value
24021105IND01;71277;Lapovo;00;2019;1;Male;1192;NR;number;SORS;Registered employment by sex and municipalities of residence (NSTJ) ;A;Normal value
24021105IND01;71277;Lapovo;00;2019;2;Female;888;NR;number;SORS;Registered employment by sex and municipalities of residence (NSTJ) ;A;Normal value
24021105IND01;71277;Lapovo;00;2020;0;Total;2116;NR;number;SORS;Registered employment by sex and municipalities of residence (NSTJ) ;A;Normal value
24021105IND01;71277;Lapovo;00;2020;1;Male;1209;NR;number;SORS;Registered employment by sex and municipalities of residence (NSTJ) ;A;Normal value
24021105IND01;71277;Lapovo;00;2020;2;Female;907;NR;number;SORS;Registered employment by sex and municipalities of residence (NSTJ) ;A;Normal value
24021105IND01;71277;Lapovo;00;2021;0;Total;2179;NR;number;SORS;Registered employment by sex and municipalities of residence (NSTJ) ;A;Normal value
24021105IND01;71277;Lapovo;00;2021;1;Male;1244;NR;number;SORS;Registered employment by sex and municipalities of residence (NSTJ) ;A;Normal value
24021105IND01;71277;Lapovo;00;2021;2;Female;934;NR;number;SORS;Registered employment by sex and municipalities of residence (NSTJ) ;A;Normal value
24021105IND01;71277;Lapovo;00;2022;0;Total;2224;NR;number;SORS;Registered employment by sex and municipalities of residence (NSTJ) ;A;Normal value
24021105IND01;71277;Lapovo;00;2022;1;Male;1258;NR;number;SORS;Registered employment by sex and municipalities of residence (NSTJ) ;A;Normal value
24021105IND01;71277;Lapovo;00;2022;2;Female;966;NR;number;SORS;Registered employment by sex and municipalities of residence (NSTJ) ;A;Normal value
24021105IND01;71277;Lapovo;00;2023;0;Total;2246;NR;number;SORS;Registered employment by sex and municipalities of residence (NSTJ) ;A;Normal value
24021105IND01;71277;Lapovo;00;2023;1;Male;1270;NR;number;SORS;Registered employment by sex and municipalities of residence (NSTJ) ;A;Normal value
24021105IND01;71277;Lapovo;00;2023;2;Female;976;NR;number;SORS;Registered employment by sex and municipalities of residence (NSTJ) ;A;Normal value
24021105IND01;71277;Lapovo;00;2024;0;Total;2270;NR;number;SORS;Registered employment by sex and municipalities of residence (NSTJ) ;A;Normal value
24021105IND01;71277;Lapovo;00;2024;1;Male;1293;NR;number;SORS;Registered employment by sex and municipalities of residence (NSTJ) ;A;Normal value
24021105IND01;71277;Lapovo;00;2024;2;Female;977;NR;number;SORS;Registered employment by sex and municipalities of residence (NSTJ) ;A;Normal value
24021105IND01;71277;Lapovo;00;2025;0;Total;2321;NR;number;SORS;Registered employment by sex and municipalities of residence (NSTJ) ;A;Normal value
24021105IND01;71277;Lapovo;00;2025;1;Male;1331;NR;number;SORS;Registered employment by sex and municipalities of residence (NSTJ) ;A;Normal value
24021105IND01;71277;Lapovo;00;2025;2;Female;990;NR;number;SORS;Registered employment by sex and municipalities of residence (NSTJ) ;A;Normal value
24021105IND01;71285;Niška Banja;00;2025;0;Total;4432;NR;number;SORS;Registered employment by sex and municipalities of residence (NSTJ) ;A;Normal value
24021105IND01;71285;Niška Banja;00;2025;1;Male;2383;NR;number;SORS;Registered employment by sex and municipalities of residence (NSTJ) ;A;Normal value
24021105IND01;71285;Niška Banja;00;2025;2;Female;2048;NR;number;SORS;Registered employment by sex and municipalities of residence (NSTJ) ;A;Normal value
24021105IND01;71285;Niška Banja;00;2024;0;Total;4505;NR;number;SORS;Registered employment by sex and municipalities of residence (NSTJ) ;A;Normal value
24021105IND01;71285;Niška Banja;00;2024;1;Male;2418;NR;number;SORS;Registered employment by sex and municipalities of residence (NSTJ) ;A;Normal value
24021105IND01;71285;Niška Banja;00;2024;2;Female;2087;NR;number;SORS;Registered employment by sex and municipalities of residence (NSTJ) ;A;Normal value
24021105IND01;71285;Niška Banja;00;2023;0;Total;4483;NR;number;SORS;Registered employment by sex and municipalities of residence (NSTJ) ;A;Normal value
24021105IND01;71285;Niška Banja;00;2023;1;Male;2419;NR;number;SORS;Registered employment by sex and municipalities of residence (NSTJ) ;A;Normal value
24021105IND01;71285;Niška Banja;00;2023;2;Female;2065;NR;number;SORS;Registered employment by sex and municipalities of residence (NSTJ) ;A;Normal value
24021105IND01;71285;Niška Banja;00;2022;0;Total;4441;NR;number;SORS;Registered employment by sex and municipalities of residence (NSTJ) ;A;Normal value
24021105IND01;71285;Niška Banja;00;2022;1;Male;2423;NR;number;SORS;Registered employment by sex and municipalities of residence (NSTJ) ;A;Normal value
24021105IND01;71285;Niška Banja;00;2022;2;Female;2018;NR;number;SORS;Registered employment by sex and municipalities of residence (NSTJ) ;A;Normal value
24021105IND01;71285;Niška Banja;00;2021;0;Total;4358;NR;number;SORS;Registered employment by sex and municipalities of residence (NSTJ) ;A;Normal value
24021105IND01;71285;Niška Banja;00;2021;1;Male;2409;NR;number;SORS;Registered employment by sex and municipalities of residence (NSTJ) ;A;Normal value
24021105IND01;71285;Niška Banja;00;2021;2;Female;1949;NR;number;SORS;Registered employment by sex and municipalities of residence (NSTJ) ;A;Normal value
24021105IND01;71285;Niška Banja;00;2020;0;Total;4216;NR;number;SORS;Registered employment by sex and municipalities of residence (NSTJ) ;A;Normal value
24021105IND01;71285;Niška Banja;00;2020;1;Male;2336;NR;number;SORS;Registered employment by sex and municipalities of residence (NSTJ) ;A;Normal value
24021105IND01;71285;Niška Banja;00;2020;2;Female;1880;NR;number;SORS;Registered employment by sex and municipalities of residence (NSTJ) ;A;Normal value
24021105IND01;71285;Niška Banja;00;2019;0;Total;4171;NR;number;SORS;Registered employment by sex and municipalities of residence (NSTJ) ;A;Normal value
24021105IND01;71285;Niška Banja;00;2019;1;Male;2306;NR;number;SORS;Registered employment by sex and municipalities of residence (NSTJ) ;A;Normal value
24021105IND01;71285;Niška Banja;00;2019;2;Female;1865;NR;number;SORS;Registered employment by sex and municipalities of residence (NSTJ) ;A;Normal value
24021105IND01;71285;Niška Banja;00;2018;0;Total;4164;NR;number;SORS;Registered employment by sex and municipalities of residence (NSTJ) ;A;Normal value
24021105IND01;71285;Niška Banja;00;2018;1;Male;2291;NR;number;SORS;Registered employment by sex and municipalities of residence (NSTJ) ;A;Normal value
24021105IND01;71285;Niška Banja;00;2018;2;Female;1873;NR;number;SORS;Registered employment by sex and municipalities of residence (NSTJ) ;A;Normal value
24021105IND01;71285;Niška Banja;00;2017;0;Total;4077;NR;number;SORS;Registered employment by sex and municipalities of residence (NSTJ) ;A;Normal value
24021105IND01;71285;Niška Banja;00;2017;1;Male;2245;NR;number;SORS;Registered employment by sex and municipalities of residence (NSTJ) ;A;Normal value
24021105IND01;71285;Niška Banja;00;2017;2;Female;1833;NR;number;SORS;Registered employment by sex and municipalities of residence (NSTJ) ;A;Normal value
24021105IND01;71285;Niška Banja;00;2016;0;Total;4007;NR;number;SORS;Registered employment by sex and municipalities of residence (NSTJ) ;A;Normal value
24021105IND01;71285;Niška Banja;00;2016;1;Male;2239;NR;number;SORS;Registered employment by sex and municipalities of residence (NSTJ) ;A;Normal value
24021105IND01;71285;Niška Banja;00;2016;2;Female;1768;NR;number;SORS;Registered employment by sex and municipalities of residence (NSTJ) ;A;Normal value
24021105IND01;71293;Surčin;00;2016;0;Total;13623;NR;number;SORS;Registered employment by sex and municipalities of residence (NSTJ) ;A;Normal value
24021105IND01;71293;Surčin;00;2016;1;Male;7315;NR;number;SORS;Registered employment by sex and municipalities of residence (NSTJ) ;A;Normal value
24021105IND01;71293;Surčin;00;2016;2;Female;6308;NR;number;SORS;Registered employment by sex and municipalities of residence (NSTJ) ;A;Normal value
24021105IND01;71293;Surčin;00;2017;0;Total;14203;NR;number;SORS;Registered employment by sex and municipalities of residence (NSTJ) ;A;Normal value
24021105IND01;71293;Surčin;00;2017;1;Male;7591;NR;number;SORS;Registered employment by sex and municipalities of residence (NSTJ) ;A;Normal value
24021105IND01;71293;Surčin;00;2017;2;Female;6612;NR;number;SORS;Registered employment by sex and municipalities of residence (NSTJ) ;A;Normal value
24021105IND01;71293;Surčin;00;2018;0;Total;14799;NR;number;SORS;Registered employment by sex and municipalities of residence (NSTJ) ;A;Normal value
24021105IND01;71293;Surčin;00;2018;1;Male;7869;NR;number;SORS;Registered employment by sex and municipalities of residence (NSTJ) ;A;Normal value
24021105IND01;71293;Surčin;00;2018;2;Female;6930;NR;number;SORS;Registered employment by sex and municipalities of residence (NSTJ) ;A;Normal value
24021105IND01;71293;Surčin;00;2019;0;Total;15312;NR;number;SORS;Registered employment by sex and municipalities of residence (NSTJ) ;A;Normal value
24021105IND01;71293;Surčin;00;2019;1;Male;8133;NR;number;SORS;Registered employment by sex and municipalities of residence (NSTJ) ;A;Normal value
24021105IND01;71293;Surčin;00;2019;2;Female;7179;NR;number;SORS;Registered employment by sex and municipalities of residence (NSTJ) ;A;Normal value
24021105IND01;71293;Surčin;00;2020;0;Total;15899;NR;number;SORS;Registered employment by sex and municipalities of residence (NSTJ) ;A;Normal value
24021105IND01;71293;Surčin;00;2020;1;Male;8461;NR;number;SORS;Registered employment by sex and municipalities of residence (NSTJ) ;A;Normal value
24021105IND01;71293;Surčin;00;2020;2;Female;7438;NR;number;SORS;Registered employment by sex and municipalities of residence (NSTJ) ;A;Normal value
24021105IND01;71293;Surčin;00;2021;0;Total;16413;NR;number;SORS;Registered employment by sex and municipalities of residence (NSTJ) ;A;Normal value
24021105IND01;71293;Surčin;00;2021;1;Male;8636;NR;number;SORS;Registered employment by sex and municipalities of residence (NSTJ) ;A;Normal value
24021105IND01;71293;Surčin;00;2021;2;Female;7777;NR;number;SORS;Registered employment by sex and municipalities of residence (NSTJ) ;A;Normal value
24021105IND01;71293;Surčin;00;2022;0;Total;16843;NR;number;SORS;Registered employment by sex and municipalities of residence (NSTJ) ;A;Normal value
24021105IND01;71293;Surčin;00;2022;1;Male;8821;NR;number;SORS;Registered employment by sex and municipalities of residence (NSTJ) ;A;Normal value
24021105IND01;71293;Surčin;00;2022;2;Female;8022;NR;number;SORS;Registered employment by sex and municipalities of residence (NSTJ) ;A;Normal value
24021105IND01;71293;Surčin;00;2023;0;Total;17612;NR;number;SORS;Registered employment by sex and municipalities of residence (NSTJ) ;A;Normal value
24021105IND01;71293;Surčin;00;2023;1;Male;9212;NR;number;SORS;Registered employment by sex and municipalities of residence (NSTJ) ;A;Normal value
24021105IND01;71293;Surčin;00;2023;2;Female;8401;NR;number;SORS;Registered employment by sex and municipalities of residence (NSTJ) ;A;Normal value
24021105IND01;71293;Surčin;00;2024;0;Total;18069;NR;number;SORS;Registered employment by sex and municipalities of residence (NSTJ) ;A;Normal value
24021105IND01;71293;Surčin;00;2024;1;Male;9460;NR;number;SORS;Registered employment by sex and municipalities of residence (NSTJ) ;A;Normal value
24021105IND01;71293;Surčin;00;2024;2;Female;8609;NR;number;SORS;Registered employment by sex and municipalities of residence (NSTJ) ;A;Normal value
24021105IND01;71293;Surčin;00;2025;0;Total;19061;NR;number;SORS;Registered employment by sex and municipalities of residence (NSTJ) ;A;Normal value
24021105IND01;71293;Surčin;00;2025;1;Male;10185;NR;number;SORS;Registered employment by sex and municipalities of residence (NSTJ) ;A;Normal value
24021105IND01;71293;Surčin;00;2025;2;Female;8875;NR;number;SORS;Registered employment by sex and municipalities of residence (NSTJ) ;A;Normal value
24021105IND01;71307;Pantelej;00;2025;0;Total;18751;NR;number;SORS;Registered employment by sex and municipalities of residence (NSTJ) ;A;Normal value
24021105IND01;71307;Pantelej;00;2025;1;Male;9236;NR;number;SORS;Registered employment by sex and municipalities of residence (NSTJ) ;A;Normal value
24021105IND01;71307;Pantelej;00;2025;2;Female;9516;NR;number;SORS;Registered employment by sex and municipalities of residence (NSTJ) ;A;Normal value
24021105IND01;71307;Pantelej;00;2024;0;Total;18916;NR;number;SORS;Registered employment by sex and municipalities of residence (NSTJ) ;A;Normal value
24021105IND01;71307;Pantelej;00;2024;1;Male;9302;NR;number;SORS;Registered employment by sex and municipalities of residence (NSTJ) ;A;Normal value
24021105IND01;71307;Pantelej;00;2024;2;Female;9614;NR;number;SORS;Registered employment by sex and municipalities of residence (NSTJ) ;A;Normal value
24021105IND01;71307;Pantelej;00;2023;0;Total;18552;NR;number;SORS;Registered employment by sex and municipalities of residence (NSTJ) ;A;Normal value
24021105IND01;71307;Pantelej;00;2023;1;Male;9142;NR;number;SORS;Registered employment by sex and municipalities of residence (NSTJ) ;A;Normal value
24021105IND01;71307;Pantelej;00;2023;2;Female;9410;NR;number;SORS;Registered employment by sex and municipalities of residence (NSTJ) ;A;Normal value
24021105IND01;71307;Pantelej;00;2022;0;Total;17940;NR;number;SORS;Registered employment by sex and municipalities of residence (NSTJ) ;A;Normal value
24021105IND01;71307;Pantelej;00;2022;1;Male;8884;NR;number;SORS;Registered employment by sex and municipalities of residence (NSTJ) ;A;Normal value
24021105IND01;71307;Pantelej;00;2022;2;Female;9056;NR;number;SORS;Registered employment by sex and municipalities of residence (NSTJ) ;A;Normal value
24021105IND01;71307;Pantelej;00;2021;0;Total;17333;NR;number;SORS;Registered employment by sex and municipalities of residence (NSTJ) ;A;Normal value
24021105IND01;71307;Pantelej;00;2021;1;Male;8655;NR;number;SORS;Registered employment by sex and municipalities of residence (NSTJ) ;A;Normal value
24021105IND01;71307;Pantelej;00;2021;2;Female;8678;NR;number;SORS;Registered employment by sex and municipalities of residence (NSTJ) ;A;Normal value
24021105IND01;71307;Pantelej;00;2020;0;Total;16506;NR;number;SORS;Registered employment by sex and municipalities of residence (NSTJ) ;A;Normal value
24021105IND01;71307;Pantelej;00;2020;1;Male;8291;NR;number;SORS;Registered employment by sex and municipalities of residence (NSTJ) ;A;Normal value
24021105IND01;71307;Pantelej;00;2020;2;Female;8215;NR;number;SORS;Registered employment by sex and municipalities of residence (NSTJ) ;A;Normal value
24021105IND01;71307;Pantelej;00;2019;0;Total;16196;NR;number;SORS;Registered employment by sex and municipalities of residence (NSTJ) ;A;Normal value
24021105IND01;71307;Pantelej;00;2019;1;Male;8138;NR;number;SORS;Registered employment by sex and municipalities of residence (NSTJ) ;A;Normal value
24021105IND01;71307;Pantelej;00;2019;2;Female;8058;NR;number;SORS;Registered employment by sex and municipalities of residence (NSTJ) ;A;Normal value
24021105IND01;71307;Pantelej;00;2018;0;Total;15797;NR;number;SORS;Registered employment by sex and municipalities of residence (NSTJ) ;A;Normal value
24021105IND01;71307;Pantelej;00;2018;1;Male;7886;NR;number;SORS;Registered employment by sex and municipalities of residence (NSTJ) ;A;Normal value
24021105IND01;71307;Pantelej;00;2018;2;Female;7911;NR;number;SORS;Registered employment by sex and municipalities of residence (NSTJ) ;A;Normal value
24021105IND01;71307;Pantelej;00;2017;0;Total;15191;NR;number;SORS;Registered employment by sex and municipalities of residence (NSTJ) ;A;Normal value
24021105IND01;71307;Pantelej;00;2017;1;Male;7666;NR;number;SORS;Registered employment by sex and municipalities of residence (NSTJ) ;A;Normal value
24021105IND01;71307;Pantelej;00;2017;2;Female;7525;NR;number;SORS;Registered employment by sex and municipalities of residence (NSTJ) ;A;Normal value
24021105IND01;71307;Pantelej;00;2016;0;Total;14764;NR;number;SORS;Registered employment by sex and municipalities of residence (NSTJ) ;A;Normal value
24021105IND01;71307;Pantelej;00;2016;1;Male;7502;NR;number;SORS;Registered employment by sex and municipalities of residence (NSTJ) ;A;Normal value
24021105IND01;71307;Pantelej;00;2016;2;Female;7262;NR;number;SORS;Registered employment by sex and municipalities of residence (NSTJ) ;A;Normal value
24021105IND01;71315;Crveni Krst;00;2016;0;Total;8855;NR;number;SORS;Registered employment by sex and municipalities of residence (NSTJ) ;A;Normal value
24021105IND01;71315;Crveni Krst;00;2016;1;Male;4730;NR;number;SORS;Registered employment by sex and municipalities of residence (NSTJ) ;A;Normal value
24021105IND01;71315;Crveni Krst;00;2016;2;Female;4125;NR;number;SORS;Registered employment by sex and municipalities of residence (NSTJ) ;A;Normal value
24021105IND01;71315;Crveni Krst;00;2017;0;Total;9189;NR;number;SORS;Registered employment by sex and municipalities of residence (NSTJ) ;A;Normal value
24021105IND01;71315;Crveni Krst;00;2017;1;Male;4856;NR;number;SORS;Registered employment by sex and municipalities of residence (NSTJ) ;A;Normal value
24021105IND01;71315;Crveni Krst;00;2017;2;Female;4332;NR;number;SORS;Registered employment by sex and municipalities of residence (NSTJ) ;A;Normal value
24021105IND01;71315;Crveni Krst;00;2018;0;Total;9583;NR;number;SORS;Registered employment by sex and municipalities of residence (NSTJ) ;A;Normal value
24021105IND01;71315;Crveni Krst;00;2018;1;Male;5037;NR;number;SORS;Registered employment by sex and municipalities of residence (NSTJ) ;A;Normal value
24021105IND01;71315;Crveni Krst;00;2018;2;Female;4546;NR;number;SORS;Registered employment by sex and municipalities of residence (NSTJ) ;A;Normal value
24021105IND01;71315;Crveni Krst;00;2019;0;Total;9843;NR;number;SORS;Registered employment by sex and municipalities of residence (NSTJ) ;A;Normal value
24021105IND01;71315;Crveni Krst;00;2019;1;Male;5190;NR;number;SORS;Registered employment by sex and municipalities of residence (NSTJ) ;A;Normal value
24021105IND01;71315;Crveni Krst;00;2019;2;Female;4654;NR;number;SORS;Registered employment by sex and municipalities of residence (NSTJ) ;A;Normal value
24021105IND01;71315;Crveni Krst;00;2020;0;Total;10045;NR;number;SORS;Registered employment by sex and municipalities of residence (NSTJ) ;A;Normal value
24021105IND01;71315;Crveni Krst;00;2020;1;Male;5313;NR;number;SORS;Registered employment by sex and municipalities of residence (NSTJ) ;A;Normal value
24021105IND01;71315;Crveni Krst;00;2020;2;Female;4732;NR;number;SORS;Registered employment by sex and municipalities of residence (NSTJ) ;A;Normal value
24021105IND01;71315;Crveni Krst;00;2021;0;Total;10404;NR;number;SORS;Registered employment by sex and municipalities of residence (NSTJ) ;A;Normal value
24021105IND01;71315;Crveni Krst;00;2021;1;Male;5466;NR;number;SORS;Registered employment by sex and municipalities of residence (NSTJ) ;A;Normal value
24021105IND01;71315;Crveni Krst;00;2021;2;Female;4939;NR;number;SORS;Registered employment by sex and municipalities of residence (NSTJ) ;A;Normal value
24021105IND01;71315;Crveni Krst;00;2022;0;Total;10515;NR;number;SORS;Registered employment by sex and municipalities of residence (NSTJ) ;A;Normal value
24021105IND01;71315;Crveni Krst;00;2022;1;Male;5461;NR;number;SORS;Registered employment by sex and municipalities of residence (NSTJ) ;A;Normal value
24021105IND01;71315;Crveni Krst;00;2022;2;Female;5054;NR;number;SORS;Registered employment by sex and municipalities of residence (NSTJ) ;A;Normal value
24021105IND01;71315;Crveni Krst;00;2023;0;Total;10619;NR;number;SORS;Registered employment by sex and municipalities of residence (NSTJ) ;A;Normal value
24021105IND01;71315;Crveni Krst;00;2023;1;Male;5520;NR;number;SORS;Registered employment by sex and municipalities of residence (NSTJ) ;A;Normal value
24021105IND01;71315;Crveni Krst;00;2023;2;Female;5099;NR;number;SORS;Registered employment by sex and municipalities of residence (NSTJ) ;A;Normal value
24021105IND01;71315;Crveni Krst;00;2024;0;Total;10615;NR;number;SORS;Registered employment by sex and municipalities of residence (NSTJ) ;A;Normal value
24021105IND01;71315;Crveni Krst;00;2024;1;Male;5533;NR;number;SORS;Registered employment by sex and municipalities of residence (NSTJ) ;A;Normal value
24021105IND01;71315;Crveni Krst;00;2024;2;Female;5082;NR;number;SORS;Registered employment by sex and municipalities of residence (NSTJ) ;A;Normal value
24021105IND01;71315;Crveni Krst;00;2025;0;Total;10469;NR;number;SORS;Registered employment by sex and municipalities of residence (NSTJ) ;A;Normal value
24021105IND01;71315;Crveni Krst;00;2025;1;Male;5530;NR;number;SORS;Registered employment by sex and municipalities of residence (NSTJ) ;A;Normal value
24021105IND01;71315;Crveni Krst;00;2025;2;Female;4940;NR;number;SORS;Registered employment by sex and municipalities of residence (NSTJ) ;A;Normal value
24021105IND01;71323;Palilula (Niš);00;2025;0;Total;25305;NR;number;SORS;Registered employment by sex and municipalities of residence (NSTJ) ;A;Normal value
24021105IND01;71323;Palilula (Niš);00;2025;1;Male;12647;NR;number;SORS;Registered employment by sex and municipalities of residence (NSTJ) ;A;Normal value
24021105IND01;71323;Palilula (Niš);00;2025;2;Female;12658;NR;number;SORS;Registered employment by sex and municipalities of residence (NSTJ) ;A;Normal value
24021105IND01;71323;Palilula (Niš);00;2024;0;Total;25631;NR;number;SORS;Registered employment by sex and municipalities of residence (NSTJ) ;A;Normal value
24021105IND01;71323;Palilula (Niš);00;2024;1;Male;12773;NR;number;SORS;Registered employment by sex and municipalities of residence (NSTJ) ;A;Normal value
24021105IND01;71323;Palilula (Niš);00;2024;2;Female;12858;NR;number;SORS;Registered employment by sex and municipalities of residence (NSTJ) ;A;Normal value
24021105IND01;71323;Palilula (Niš);00;2023;0;Total;25523;NR;number;SORS;Registered employment by sex and municipalities of residence (NSTJ) ;A;Normal value
24021105IND01;71323;Palilula (Niš);00;2023;1;Male;12668;NR;number;SORS;Registered employment by sex and municipalities of residence (NSTJ) ;A;Normal value
24021105IND01;71323;Palilula (Niš);00;2023;2;Female;12855;NR;number;SORS;Registered employment by sex and municipalities of residence (NSTJ) ;A;Normal value
24021105IND01;71323;Palilula (Niš);00;2022;0;Total;25166;NR;number;SORS;Registered employment by sex and municipalities of residence (NSTJ) ;A;Normal value
24021105IND01;71323;Palilula (Niš);00;2022;1;Male;12549;NR;number;SORS;Registered employment by sex and municipalities of residence (NSTJ) ;A;Normal value
24021105IND01;71323;Palilula (Niš);00;2022;2;Female;12617;NR;number;SORS;Registered employment by sex and municipalities of residence (NSTJ) ;A;Normal value
24021105IND01;71323;Palilula (Niš);00;2021;0;Total;24613;NR;number;SORS;Registered employment by sex and municipalities of residence (NSTJ) ;A;Normal value
24021105IND01;71323;Palilula (Niš);00;2021;1;Male;12383;NR;number;SORS;Registered employment by sex and municipalities of residence (NSTJ) ;A;Normal value
24021105IND01;71323;Palilula (Niš);00;2021;2;Female;12230;NR;number;SORS;Registered employment by sex and municipalities of residence (NSTJ) ;A;Normal value
24021105IND01;71323;Palilula (Niš);00;2020;0;Total;23889;NR;number;SORS;Registered employment by sex and municipalities of residence (NSTJ) ;A;Normal value
24021105IND01;71323;Palilula (Niš);00;2020;1;Male;12066;NR;number;SORS;Registered employment by sex and municipalities of residence (NSTJ) ;A;Normal value
24021105IND01;71323;Palilula (Niš);00;2020;2;Female;11822;NR;number;SORS;Registered employment by sex and municipalities of residence (NSTJ) ;A;Normal value
24021105IND01;71323;Palilula (Niš);00;2019;0;Total;23541;NR;number;SORS;Registered employment by sex and municipalities of residence (NSTJ) ;A;Normal value
24021105IND01;71323;Palilula (Niš);00;2019;1;Male;11838;NR;number;SORS;Registered employment by sex and municipalities of residence (NSTJ) ;A;Normal value
24021105IND01;71323;Palilula (Niš);00;2019;2;Female;11702;NR;number;SORS;Registered employment by sex and municipalities of residence (NSTJ) ;A;Normal value
24021105IND01;71323;Palilula (Niš);00;2018;0;Total;23106;NR;number;SORS;Registered employment by sex and municipalities of residence (NSTJ) ;A;Normal value
24021105IND01;71323;Palilula (Niš);00;2018;1;Male;11559;NR;number;SORS;Registered employment by sex and municipalities of residence (NSTJ) ;A;Normal value
24021105IND01;71323;Palilula (Niš);00;2018;2;Female;11546;NR;number;SORS;Registered employment by sex and municipalities of residence (NSTJ) ;A;Normal value
24021105IND01;71323;Palilula (Niš);00;2017;0;Total;22406;NR;number;SORS;Registered employment by sex and municipalities of residence (NSTJ) ;A;Normal value
24021105IND01;71323;Palilula (Niš);00;2017;1;Male;11245;NR;number;SORS;Registered employment by sex and municipalities of residence (NSTJ) ;A;Normal value
24021105IND01;71323;Palilula (Niš);00;2017;2;Female;11161;NR;number;SORS;Registered employment by sex and municipalities of residence (NSTJ) ;A;Normal value
24021105IND01;71323;Palilula (Niš);00;2016;0;Total;21900;NR;number;SORS;Registered employment by sex and municipalities of residence (NSTJ) ;A;Normal value
24021105IND01;71323;Palilula (Niš);00;2016;1;Male;11110;NR;number;SORS;Registered employment by sex and municipalities of residence (NSTJ) ;A;Normal value
24021105IND01;71323;Palilula (Niš);00;2016;2;Female;10790;NR;number;SORS;Registered employment by sex and municipalities of residence (NSTJ) ;A;Normal value
24021105IND01;71331;Medijana;00;2016;0;Total;28570;NR;number;SORS;Registered employment by sex and municipalities of residence (NSTJ) ;A;Normal value
24021105IND01;71331;Medijana;00;2016;1;Male;13578;NR;number;SORS;Registered employment by sex and municipalities of residence (NSTJ) ;A;Normal value
24021105IND01;71331;Medijana;00;2016;2;Female;14992;NR;number;SORS;Registered employment by sex and municipalities of residence (NSTJ) ;A;Normal value
24021105IND01;71331;Medijana;00;2017;0;Total;29022;NR;number;SORS;Registered employment by sex and municipalities of residence (NSTJ) ;A;Normal value
24021105IND01;71331;Medijana;00;2017;1;Male;13700;NR;number;SORS;Registered employment by sex and municipalities of residence (NSTJ) ;A;Normal value
24021105IND01;71331;Medijana;00;2017;2;Female;15323;NR;number;SORS;Registered employment by sex and municipalities of residence (NSTJ) ;A;Normal value
24021105IND01;71331;Medijana;00;2018;0;Total;29652;NR;number;SORS;Registered employment by sex and municipalities of residence (NSTJ) ;A;Normal value
24021105IND01;71331;Medijana;00;2018;1;Male;13950;NR;number;SORS;Registered employment by sex and municipalities of residence (NSTJ) ;A;Normal value
24021105IND01;71331;Medijana;00;2018;2;Female;15702;NR;number;SORS;Registered employment by sex and municipalities of residence (NSTJ) ;A;Normal value
24021105IND01;71331;Medijana;00;2019;0;Total;29977;NR;number;SORS;Registered employment by sex and municipalities of residence (NSTJ) ;A;Normal value
24021105IND01;71331;Medijana;00;2019;1;Male;14182;NR;number;SORS;Registered employment by sex and municipalities of residence (NSTJ) ;A;Normal value
24021105IND01;71331;Medijana;00;2019;2;Female;15796;NR;number;SORS;Registered employment by sex and municipalities of residence (NSTJ) ;A;Normal value
24021105IND01;71331;Medijana;00;2020;0;Total;30386;NR;number;SORS;Registered employment by sex and municipalities of residence (NSTJ) ;A;Normal value
24021105IND01;71331;Medijana;00;2020;1;Male;14422;NR;number;SORS;Registered employment by sex and municipalities of residence (NSTJ) ;A;Normal value
24021105IND01;71331;Medijana;00;2020;2;Female;15964;NR;number;SORS;Registered employment by sex and municipalities of residence (NSTJ) ;A;Normal value
24021105IND01;71331;Medijana;00;2021;0;Total;31299;NR;number;SORS;Registered employment by sex and municipalities of residence (NSTJ) ;A;Normal value
24021105IND01;71331;Medijana;00;2021;1;Male;14910;NR;number;SORS;Registered employment by sex and municipalities of residence (NSTJ) ;A;Normal value
24021105IND01;71331;Medijana;00;2021;2;Female;16388;NR;number;SORS;Registered employment by sex and municipalities of residence (NSTJ) ;A;Normal value
24021105IND01;71331;Medijana;00;2022;0;Total;31928;NR;number;SORS;Registered employment by sex and municipalities of residence (NSTJ) ;A;Normal value
24021105IND01;71331;Medijana;00;2022;1;Male;15119;NR;number;SORS;Registered employment by sex and municipalities of residence (NSTJ) ;A;Normal value
24021105IND01;71331;Medijana;00;2022;2;Female;16808;NR;number;SORS;Registered employment by sex and municipalities of residence (NSTJ) ;A;Normal value
24021105IND01;71331;Medijana;00;2023;0;Total;32450;NR;number;SORS;Registered employment by sex and municipalities of residence (NSTJ) ;A;Normal value
24021105IND01;71331;Medijana;00;2023;1;Male;15300;NR;number;SORS;Registered employment by sex and municipalities of residence (NSTJ) ;A;Normal value
24021105IND01;71331;Medijana;00;2023;2;Female;17149;NR;number;SORS;Registered employment by sex and municipalities of residence (NSTJ) ;A;Normal value
24021105IND01;71331;Medijana;00;2024;0;Total;32574;NR;number;SORS;Registered employment by sex and municipalities of residence (NSTJ) ;A;Normal value
24021105IND01;71331;Medijana;00;2024;1;Male;15337;NR;number;SORS;Registered employment by sex and municipalities of residence (NSTJ) ;A;Normal value
24021105IND01;71331;Medijana;00;2024;2;Female;17237;NR;number;SORS;Registered employment by sex and municipalities of residence (NSTJ) ;A;Normal value
24021105IND01;71331;Medijana;00;2025;0;Total;32397;NR;number;SORS;Registered employment by sex and municipalities of residence (NSTJ) ;A;Normal value
24021105IND01;71331;Medijana;00;2025;1;Male;15250;NR;number;SORS;Registered employment by sex and municipalities of residence (NSTJ) ;A;Normal value
24021105IND01;71331;Medijana;00;2025;2;Female;17147;NR;number;SORS;Registered employment by sex and municipalities of residence (NSTJ) ;A;Normal value
24021105IND01;71340;Kostolac;00;2025;0;Total;4104;NR;number;SORS;Registered employment by sex and municipalities of residence (NSTJ) ;A;Normal value
24021105IND01;71340;Kostolac;00;2025;1;Male;2531;NR;number;SORS;Registered employment by sex and municipalities of residence (NSTJ) ;A;Normal value
24021105IND01;71340;Kostolac;00;2025;2;Female;1573;NR;number;SORS;Registered employment by sex and municipalities of residence (NSTJ) ;A;Normal value
24021105IND01;71340;Kostolac;00;2024;0;Total;4126;NR;number;SORS;Registered employment by sex and municipalities of residence (NSTJ) ;A;Normal value
24021105IND01;71340;Kostolac;00;2024;1;Male;2571;NR;number;SORS;Registered employment by sex and municipalities of residence (NSTJ) ;A;Normal value
24021105IND01;71340;Kostolac;00;2024;2;Female;1556;NR;number;SORS;Registered employment by sex and municipalities of residence (NSTJ) ;A;Normal value
24021105IND01;71340;Kostolac;00;2023;0;Total;4165;NR;number;SORS;Registered employment by sex and municipalities of residence (NSTJ) ;A;Normal value
24021105IND01;71340;Kostolac;00;2023;1;Male;2597;NR;number;SORS;Registered employment by sex and municipalities of residence (NSTJ) ;A;Normal value
24021105IND01;71340;Kostolac;00;2023;2;Female;1567;NR;number;SORS;Registered employment by sex and municipalities of residence (NSTJ) ;A;Normal value
24021105IND01;71340;Kostolac;00;2022;0;Total;4087;NR;number;SORS;Registered employment by sex and municipalities of residence (NSTJ) ;A;Normal value
24021105IND01;71340;Kostolac;00;2022;1;Male;2560;NR;number;SORS;Registered employment by sex and municipalities of residence (NSTJ) ;A;Normal value
24021105IND01;71340;Kostolac;00;2022;2;Female;1527;NR;number;SORS;Registered employment by sex and municipalities of residence (NSTJ) ;A;Normal value
24021105IND01;71340;Kostolac;00;2021;0;Total;3988;NR;number;SORS;Registered employment by sex and municipalities of residence (NSTJ) ;A;Normal value
24021105IND01;71340;Kostolac;00;2021;1;Male;2529;NR;number;SORS;Registered employment by sex and municipalities of residence (NSTJ) ;A;Normal value
24021105IND01;71340;Kostolac;00;2021;2;Female;1458;NR;number;SORS;Registered employment by sex and municipalities of residence (NSTJ) ;A;Normal value
24021105IND01;71340;Kostolac;00;2020;0;Total;3906;NR;number;SORS;Registered employment by sex and municipalities of residence (NSTJ) ;A;Normal value
24021105IND01;71340;Kostolac;00;2020;1;Male;2507;NR;number;SORS;Registered employment by sex and municipalities of residence (NSTJ) ;A;Normal value
24021105IND01;71340;Kostolac;00;2020;2;Female;1399;NR;number;SORS;Registered employment by sex and municipalities of residence (NSTJ) ;A;Normal value
24021105IND01;71340;Kostolac;00;2019;0;Total;3826;NR;number;SORS;Registered employment by sex and municipalities of residence (NSTJ) ;A;Normal value
24021105IND01;71340;Kostolac;00;2019;1;Male;2476;NR;number;SORS;Registered employment by sex and municipalities of residence (NSTJ) ;A;Normal value
24021105IND01;71340;Kostolac;00;2019;2;Female;1351;NR;number;SORS;Registered employment by sex and municipalities of residence (NSTJ) ;A;Normal value
24021105IND01;71340;Kostolac;00;2018;0;Total;3830;NR;number;SORS;Registered employment by sex and municipalities of residence (NSTJ) ;A;Normal value
24021105IND01;71340;Kostolac;00;2018;1;Male;2482;NR;number;SORS;Registered employment by sex and municipalities of residence (NSTJ) ;A;Normal value
24021105IND01;71340;Kostolac;00;2018;2;Female;1348;NR;number;SORS;Registered employment by sex and municipalities of residence (NSTJ) ;A;Normal value
24021105IND01;71340;Kostolac;00;2017;0;Total;3747;NR;number;SORS;Registered employment by sex and municipalities of residence (NSTJ) ;A;Normal value
24021105IND01;71340;Kostolac;00;2017;1;Male;2447;NR;number;SORS;Registered employment by sex and municipalities of residence (NSTJ) ;A;Normal value
24021105IND01;71340;Kostolac;00;2017;2;Female;1300;NR;number;SORS;Registered employment by sex and municipalities of residence (NSTJ) ;A;Normal value
24021105IND01;71340;Kostolac;00;2016;0;Total;3718;NR;number;SORS;Registered employment by sex and municipalities of residence (NSTJ) ;A;Normal value
24021105IND01;71340;Kostolac;00;2016;1;Male;2435;NR;number;SORS;Registered employment by sex and municipalities of residence (NSTJ) ;A;Normal value
24021105IND01;71340;Kostolac;00;2016;2;Female;1283;NR;number;SORS;Registered employment by sex and municipalities of residence (NSTJ) ;A;Normal value
24021105IND01;71358;Vranjska Banja;00;2016;0;Total;1897;NR;number;SORS;Registered employment by sex and municipalities of residence (NSTJ) ;A;Normal value
24021105IND01;71358;Vranjska Banja;00;2016;1;Male;1176;NR;number;SORS;Registered employment by sex and municipalities of residence (NSTJ) ;A;Normal value
24021105IND01;71358;Vranjska Banja;00;2016;2;Female;721;NR;number;SORS;Registered employment by sex and municipalities of residence (NSTJ) ;A;Normal value
24021105IND01;71358;Vranjska Banja;00;2017;0;Total;1915;NR;number;SORS;Registered employment by sex and municipalities of residence (NSTJ) ;A;Normal value
24021105IND01;71358;Vranjska Banja;00;2017;1;Male;1164;NR;number;SORS;Registered employment by sex and municipalities of residence (NSTJ) ;A;Normal value
24021105IND01;71358;Vranjska Banja;00;2017;2;Female;751;NR;number;SORS;Registered employment by sex and municipalities of residence (NSTJ) ;A;Normal value
24021105IND01;71358;Vranjska Banja;00;2018;0;Total;2024;NR;number;SORS;Registered employment by sex and municipalities of residence (NSTJ) ;A;Normal value
24021105IND01;71358;Vranjska Banja;00;2018;1;Male;1207;NR;number;SORS;Registered employment by sex and municipalities of residence (NSTJ) ;A;Normal value
24021105IND01;71358;Vranjska Banja;00;2018;2;Female;817;NR;number;SORS;Registered employment by sex and municipalities of residence (NSTJ) ;A;Normal value
24021105IND01;71358;Vranjska Banja;00;2019;0;Total;2045;NR;number;SORS;Registered employment by sex and municipalities of residence (NSTJ) ;A;Normal value
24021105IND01;71358;Vranjska Banja;00;2019;1;Male;1209;NR;number;SORS;Registered employment by sex and municipalities of residence (NSTJ) ;A;Normal value
24021105IND01;71358;Vranjska Banja;00;2019;2;Female;836;NR;number;SORS;Registered employment by sex and municipalities of residence (NSTJ) ;A;Normal value
24021105IND01;71358;Vranjska Banja;00;2020;0;Total;2077;NR;number;SORS;Registered employment by sex and municipalities of residence (NSTJ) ;A;Normal value
24021105IND01;71358;Vranjska Banja;00;2020;1;Male;1220;NR;number;SORS;Registered employment by sex and municipalities of residence (NSTJ) ;A;Normal value
24021105IND01;71358;Vranjska Banja;00;2020;2;Female;857;NR;number;SORS;Registered employment by sex and municipalities of residence (NSTJ) ;A;Normal value
24021105IND01;71358;Vranjska Banja;00;2021;0;Total;2063;NR;number;SORS;Registered employment by sex and municipalities of residence (NSTJ) ;A;Normal value
24021105IND01;71358;Vranjska Banja;00;2021;1;Male;1205;NR;number;SORS;Registered employment by sex and municipalities of residence (NSTJ) ;A;Normal value
24021105IND01;71358;Vranjska Banja;00;2021;2;Female;857;NR;number;SORS;Registered employment by sex and municipalities of residence (NSTJ) ;A;Normal value
24021105IND01;71358;Vranjska Banja;00;2022;0;Total;2121;NR;number;SORS;Registered employment by sex and municipalities of residence (NSTJ) ;A;Normal value
24021105IND01;71358;Vranjska Banja;00;2022;1;Male;1226;NR;number;SORS;Registered employment by sex and municipalities of residence (NSTJ) ;A;Normal value
24021105IND01;71358;Vranjska Banja;00;2022;2;Female;895;NR;number;SORS;Registered employment by sex and municipalities of residence (NSTJ) ;A;Normal value
24021105IND01;71358;Vranjska Banja;00;2023;0;Total;2123;NR;number;SORS;Registered employment by sex and municipalities of residence (NSTJ) ;A;Normal value
24021105IND01;71358;Vranjska Banja;00;2023;1;Male;1226;NR;number;SORS;Registered employment by sex and municipalities of residence (NSTJ) ;A;Normal value
24021105IND01;71358;Vranjska Banja;00;2023;2;Female;898;NR;number;SORS;Registered employment by sex and municipalities of residence (NSTJ) ;A;Normal value
24021105IND01;71358;Vranjska Banja;00;2024;0;Total;2182;NR;number;SORS;Registered employment by sex and municipalities of residence (NSTJ) ;A;Normal value
24021105IND01;71358;Vranjska Banja;00;2024;1;Male;1252;NR;number;SORS;Registered employment by sex and municipalities of residence (NSTJ) ;A;Normal value
24021105IND01;71358;Vranjska Banja;00;2024;2;Female;930;NR;number;SORS;Registered employment by sex and municipalities of residence (NSTJ) ;A;Normal value
24021105IND01;71358;Vranjska Banja;00;2025;0;Total;2178;NR;number;SORS;Registered employment by sex and municipalities of residence (NSTJ) ;A;Normal value
24021105IND01;71358;Vranjska Banja;00;2025;1;Male;1233;NR;number;SORS;Registered employment by sex and municipalities of residence (NSTJ) ;A;Normal value
24021105IND01;71358;Vranjska Banja;00;2025;2;Female;945;NR;number;SORS;Registered employment by sex and municipalities of residence (NSTJ) ;A;Normal value
24021105IND01;71366;Sevojno;00;2025;0;Total;2190;NR;number;SORS;Registered employment by sex and municipalities of residence (NSTJ) ;A;Normal value
24021105IND01;71366;Sevojno;00;2025;1;Male;1116;NR;number;SORS;Registered employment by sex and municipalities of residence (NSTJ) ;A;Normal value
24021105IND01;71366;Sevojno;00;2025;2;Female;1075;NR;number;SORS;Registered employment by sex and municipalities of residence (NSTJ) ;A;Normal value
24021105IND01;71366;Sevojno;00;2024;0;Total;2192;NR;number;SORS;Registered employment by sex and municipalities of residence (NSTJ) ;A;Normal value
24021105IND01;71366;Sevojno;00;2024;1;Male;1120;NR;number;SORS;Registered employment by sex and municipalities of residence (NSTJ) ;A;Normal value
24021105IND01;71366;Sevojno;00;2024;2;Female;1072;NR;number;SORS;Registered employment by sex and municipalities of residence (NSTJ) ;A;Normal value
24021105IND01;71366;Sevojno;00;2023;0;Total;2167;NR;number;SORS;Registered employment by sex and municipalities of residence (NSTJ) ;A;Normal value
24021105IND01;71366;Sevojno;00;2023;1;Male;1107;NR;number;SORS;Registered employment by sex and municipalities of residence (NSTJ) ;A;Normal value
24021105IND01;71366;Sevojno;00;2023;2;Female;1060;NR;number;SORS;Registered employment by sex and municipalities of residence (NSTJ) ;A;Normal value
24021105IND01;71366;Sevojno;00;2022;0;Total;2004;NR;number;SORS;Registered employment by sex and municipalities of residence (NSTJ) ;A;Normal value
24021105IND01;71366;Sevojno;00;2022;1;Male;1046;NR;number;SORS;Registered employment by sex and municipalities of residence (NSTJ) ;A;Normal value
24021105IND01;71366;Sevojno;00;2022;2;Female;958;NR;number;SORS;Registered employment by sex and municipalities of residence (NSTJ) ;A;Normal value
24021105IND01;71366;Sevojno;00;2021;0;Total;1934;NR;number;SORS;Registered employment by sex and municipalities of residence (NSTJ) ;A;Normal value
24021105IND01;71366;Sevojno;00;2021;1;Male;1023;NR;number;SORS;Registered employment by sex and municipalities of residence (NSTJ) ;A;Normal value
24021105IND01;71366;Sevojno;00;2021;2;Female;911;NR;number;SORS;Registered employment by sex and municipalities of residence (NSTJ) ;A;Normal value
24021105IND01;71366;Sevojno;00;2020;0;Total;1606;NR;number;SORS;Registered employment by sex and municipalities of residence (NSTJ) ;A;Normal value
24021105IND01;71366;Sevojno;00;2020;1;Male;840;NR;number;SORS;Registered employment by sex and municipalities of residence (NSTJ) ;A;Normal value
24021105IND01;71366;Sevojno;00;2020;2;Female;765;NR;number;SORS;Registered employment by sex and municipalities of residence (NSTJ) ;A;Normal value
24021105IND01;71366;Sevojno;00;2019;0;Total;1326;NR;number;SORS;Registered employment by sex and municipalities of residence (NSTJ) ;A;Normal value
24021105IND01;71366;Sevojno;00;2019;1;Male;681;NR;number;SORS;Registered employment by sex and municipalities of residence (NSTJ) ;A;Normal value
24021105IND01;71366;Sevojno;00;2019;2;Female;645;NR;number;SORS;Registered employment by sex and municipalities of residence (NSTJ) ;A;Normal value
24021105IND01;71366;Sevojno;00;2018;0;Total;1193;NR;number;SORS;Registered employment by sex and municipalities of residence (NSTJ) ;A;Normal value
24021105IND01;71366;Sevojno;00;2018;1;Male;608;NR;number;SORS;Registered employment by sex and municipalities of residence (NSTJ) ;A;Normal value
24021105IND01;71366;Sevojno;00;2018;2;Female;585;NR;number;SORS;Registered employment by sex and municipalities of residence (NSTJ) ;A;Normal value
24021105IND01;71366;Sevojno;00;2017;0;Total;1009;NR;number;SORS;Registered employment by sex and municipalities of residence (NSTJ) ;A;Normal value
24021105IND01;71366;Sevojno;00;2017;1;Male;503;NR;number;SORS;Registered employment by sex and municipalities of residence (NSTJ) ;A;Normal value
24021105IND01;71366;Sevojno;00;2017;2;Female;506;NR;number;SORS;Registered employment by sex and municipalities of residence (NSTJ) ;A;Normal value
24021105IND01;71366;Sevojno;00;2016;0;Total;808;NR;number;SORS;Registered employment by sex and municipalities of residence (NSTJ) ;A;Normal value
24021105IND01;71366;Sevojno;00;2016;1;Male;393;NR;number;SORS;Registered employment by sex and municipalities of residence (NSTJ) ;A;Normal value
24021105IND01;71366;Sevojno;00;2016;2;Female;415;NR;number;SORS;Registered employment by sex and municipalities of residence (NSTJ) ;A;Normal value
24021105IND01;79022;Grad Niš;00;2016;0;Total;78096;NR;number;SORS;Registered employment by sex and municipalities of residence (NSTJ) ;A;Normal value
24021105IND01;79022;Grad Niš;00;2016;1;Male;39160;NR;number;SORS;Registered employment by sex and municipalities of residence (NSTJ) ;A;Normal value
24021105IND01;79022;Grad Niš;00;2016;2;Female;38937;NR;number;SORS;Registered employment by sex and municipalities of residence (NSTJ) ;A;Normal value
24021105IND01;79022;Grad Niš;00;2017;0;Total;79885;NR;number;SORS;Registered employment by sex and municipalities of residence (NSTJ) ;A;Normal value
24021105IND01;79022;Grad Niš;00;2017;1;Male;39712;NR;number;SORS;Registered employment by sex and municipalities of residence (NSTJ) ;A;Normal value
24021105IND01;79022;Grad Niš;00;2017;2;Female;40173;NR;number;SORS;Registered employment by sex and municipalities of residence (NSTJ) ;A;Normal value
24021105IND01;79022;Grad Niš;00;2018;0;Total;82302;NR;number;SORS;Registered employment by sex and municipalities of residence (NSTJ) ;A;Normal value
24021105IND01;79022;Grad Niš;00;2018;1;Male;40723;NR;number;SORS;Registered employment by sex and municipalities of residence (NSTJ) ;A;Normal value
24021105IND01;79022;Grad Niš;00;2018;2;Female;41579;NR;number;SORS;Registered employment by sex and municipalities of residence (NSTJ) ;A;Normal value
24021105IND01;79022;Grad Niš;00;2019;0;Total;83728;NR;number;SORS;Registered employment by sex and municipalities of residence (NSTJ) ;A;Normal value
24021105IND01;79022;Grad Niš;00;2019;1;Male;41653;NR;number;SORS;Registered employment by sex and municipalities of residence (NSTJ) ;A;Normal value
24021105IND01;79022;Grad Niš;00;2019;2;Female;42074;NR;number;SORS;Registered employment by sex and municipalities of residence (NSTJ) ;A;Normal value
24021105IND01;79022;Grad Niš;00;2020;0;Total;85041;NR;number;SORS;Registered employment by sex and municipalities of residence (NSTJ) ;A;Normal value
24021105IND01;79022;Grad Niš;00;2020;1;Male;42427;NR;number;SORS;Registered employment by sex and municipalities of residence (NSTJ) ;A;Normal value
24021105IND01;79022;Grad Niš;00;2020;2;Female;42614;NR;number;SORS;Registered employment by sex and municipalities of residence (NSTJ) ;A;Normal value
24021105IND01;79022;Grad Niš;00;2021;0;Total;88007;NR;number;SORS;Registered employment by sex and municipalities of residence (NSTJ) ;A;Normal value
24021105IND01;79022;Grad Niš;00;2021;1;Male;43823;NR;number;SORS;Registered employment by sex and municipalities of residence (NSTJ) ;A;Normal value
24021105IND01;79022;Grad Niš;00;2021;2;Female;44184;NR;number;SORS;Registered employment by sex and municipalities of residence (NSTJ) ;A;Normal value
24021105IND01;79022;Grad Niš;00;2022;0;Total;89990;NR;number;SORS;Registered employment by sex and municipalities of residence (NSTJ) ;A;Normal value
24021105IND01;79022;Grad Niš;00;2022;1;Male;44436;NR;number;SORS;Registered employment by sex and municipalities of residence (NSTJ) ;A;Normal value
24021105IND01;79022;Grad Niš;00;2022;2;Female;45554;NR;number;SORS;Registered employment by sex and municipalities of residence (NSTJ) ;A;Normal value
24021105IND01;79022;Grad Niš;00;2023;0;Total;91627;NR;number;SORS;Registered employment by sex and municipalities of residence (NSTJ) ;A;Normal value
24021105IND01;79022;Grad Niš;00;2023;1;Male;45049;NR;number;SORS;Registered employment by sex and municipalities of residence (NSTJ) ;A;Normal value
24021105IND01;79022;Grad Niš;00;2023;2;Female;46577;NR;number;SORS;Registered employment by sex and municipalities of residence (NSTJ) ;A;Normal value
24021105IND01;79022;Grad Niš;00;2024;0;Total;92241;NR;number;SORS;Registered employment by sex and municipalities of residence (NSTJ) ;A;Normal value
24021105IND01;79022;Grad Niš;00;2024;1;Male;45363;NR;number;SORS;Registered employment by sex and municipalities of residence (NSTJ) ;A;Normal value
24021105IND01;79022;Grad Niš;00;2024;2;Female;46879;NR;number;SORS;Registered employment by sex and municipalities of residence (NSTJ) ;A;Normal value
24021105IND01;79022;Grad Niš;00;2025;0;Total;91354;NR;number;SORS;Registered employment by sex and municipalities of residence (NSTJ) ;A;Normal value
24021105IND01;79022;Grad Niš;00;2025;1;Male;45046;NR;number;SORS;Registered employment by sex and municipalities of residence (NSTJ) ;A;Normal value
24021105IND01;79022;Grad Niš;00;2025;2;Female;46309;NR;number;SORS;Registered employment by sex and municipalities of residence (NSTJ) ;A;Normal value
24021105IND01;79049;Grad Požarevac;00;2025;0;Total;24096;NR;number;SORS;Registered employment by sex and municipalities of residence (NSTJ) ;A;Normal value
24021105IND01;79049;Grad Požarevac;00;2025;1;Male;13087;NR;number;SORS;Registered employment by sex and municipalities of residence (NSTJ) ;A;Normal value
24021105IND01;79049;Grad Požarevac;00;2025;2;Female;11008;NR;number;SORS;Registered employment by sex and municipalities of residence (NSTJ) ;A;Normal value
24021105IND01;79049;Grad Požarevac;00;2024;0;Total;24285;NR;number;SORS;Registered employment by sex and municipalities of residence (NSTJ) ;A;Normal value
24021105IND01;79049;Grad Požarevac;00;2024;1;Male;13257;NR;number;SORS;Registered employment by sex and municipalities of residence (NSTJ) ;A;Normal value
24021105IND01;79049;Grad Požarevac;00;2024;2;Female;11028;NR;number;SORS;Registered employment by sex and municipalities of residence (NSTJ) ;A;Normal value
24021105IND01;79049;Grad Požarevac;00;2023;0;Total;24443;NR;number;SORS;Registered employment by sex and municipalities of residence (NSTJ) ;A;Normal value
24021105IND01;79049;Grad Požarevac;00;2023;1;Male;13410;NR;number;SORS;Registered employment by sex and municipalities of residence (NSTJ) ;A;Normal value
24021105IND01;79049;Grad Požarevac;00;2023;2;Female;11033;NR;number;SORS;Registered employment by sex and municipalities of residence (NSTJ) ;A;Normal value
24021105IND01;79049;Grad Požarevac;00;2022;0;Total;23964;NR;number;SORS;Registered employment by sex and municipalities of residence (NSTJ) ;A;Normal value
24021105IND01;79049;Grad Požarevac;00;2022;1;Male;13238;NR;number;SORS;Registered employment by sex and municipalities of residence (NSTJ) ;A;Normal value
24021105IND01;79049;Grad Požarevac;00;2022;2;Female;10726;NR;number;SORS;Registered employment by sex and municipalities of residence (NSTJ) ;A;Normal value
24021105IND01;79049;Grad Požarevac;00;2021;0;Total;23460;NR;number;SORS;Registered employment by sex and municipalities of residence (NSTJ) ;A;Normal value
24021105IND01;79049;Grad Požarevac;00;2021;1;Male;13048;NR;number;SORS;Registered employment by sex and municipalities of residence (NSTJ) ;A;Normal value
24021105IND01;79049;Grad Požarevac;00;2021;2;Female;10412;NR;number;SORS;Registered employment by sex and municipalities of residence (NSTJ) ;A;Normal value
24021105IND01;79049;Grad Požarevac;00;2020;0;Total;22926;NR;number;SORS;Registered employment by sex and municipalities of residence (NSTJ) ;A;Normal value
24021105IND01;79049;Grad Požarevac;00;2020;1;Male;12853;NR;number;SORS;Registered employment by sex and municipalities of residence (NSTJ) ;A;Normal value
24021105IND01;79049;Grad Požarevac;00;2020;2;Female;10073;NR;number;SORS;Registered employment by sex and municipalities of residence (NSTJ) ;A;Normal value
24021105IND01;79049;Grad Požarevac;00;2019;0;Total;22581;NR;number;SORS;Registered employment by sex and municipalities of residence (NSTJ) ;A;Normal value
24021105IND01;79049;Grad Požarevac;00;2019;1;Male;12710;NR;number;SORS;Registered employment by sex and municipalities of residence (NSTJ) ;A;Normal value
24021105IND01;79049;Grad Požarevac;00;2019;2;Female;9871;NR;number;SORS;Registered employment by sex and municipalities of residence (NSTJ) ;A;Normal value
24021105IND01;79049;Grad Požarevac;00;2018;0;Total;22380;NR;number;SORS;Registered employment by sex and municipalities of residence (NSTJ) ;A;Normal value
24021105IND01;79049;Grad Požarevac;00;2018;1;Male;12605;NR;number;SORS;Registered employment by sex and municipalities of residence (NSTJ) ;A;Normal value
24021105IND01;79049;Grad Požarevac;00;2018;2;Female;9775;NR;number;SORS;Registered employment by sex and municipalities of residence (NSTJ) ;A;Normal value
24021105IND01;79049;Grad Požarevac;00;2017;0;Total;21768;NR;number;SORS;Registered employment by sex and municipalities of residence (NSTJ) ;A;Normal value
24021105IND01;79049;Grad Požarevac;00;2017;1;Male;12347;NR;number;SORS;Registered employment by sex and municipalities of residence (NSTJ) ;A;Normal value
24021105IND01;79049;Grad Požarevac;00;2017;2;Female;9421;NR;number;SORS;Registered employment by sex and municipalities of residence (NSTJ) ;A;Normal value
24021105IND01;79049;Grad Požarevac;00;2016;0;Total;21494;NR;number;SORS;Registered employment by sex and municipalities of residence (NSTJ) ;A;Normal value
24021105IND01;79049;Grad Požarevac;00;2016;1;Male;12249;NR;number;SORS;Registered employment by sex and municipalities of residence (NSTJ) ;A;Normal value
24021105IND01;79049;Grad Požarevac;00;2016;2;Female;9246;NR;number;SORS;Registered employment by sex and municipalities of residence (NSTJ) ;A;Normal value
24021105IND01;79057;Grad Vranje;00;2016;0;Total;22692;NR;number;SORS;Registered employment by sex and municipalities of residence (NSTJ) ;A;Normal value
24021105IND01;79057;Grad Vranje;00;2016;1;Male;12482;NR;number;SORS;Registered employment by sex and municipalities of residence (NSTJ) ;A;Normal value
24021105IND01;79057;Grad Vranje;00;2016;2;Female;10210;NR;number;SORS;Registered employment by sex and municipalities of residence (NSTJ) ;A;Normal value
24021105IND01;79057;Grad Vranje;00;2017;0;Total;23092;NR;number;SORS;Registered employment by sex and municipalities of residence (NSTJ) ;A;Normal value
24021105IND01;79057;Grad Vranje;00;2017;1;Male;12598;NR;number;SORS;Registered employment by sex and municipalities of residence (NSTJ) ;A;Normal value
24021105IND01;79057;Grad Vranje;00;2017;2;Female;10494;NR;number;SORS;Registered employment by sex and municipalities of residence (NSTJ) ;A;Normal value
24021105IND01;79057;Grad Vranje;00;2018;0;Total;23948;NR;number;SORS;Registered employment by sex and municipalities of residence (NSTJ) ;A;Normal value
24021105IND01;79057;Grad Vranje;00;2018;1;Male;12987;NR;number;SORS;Registered employment by sex and municipalities of residence (NSTJ) ;A;Normal value
24021105IND01;79057;Grad Vranje;00;2018;2;Female;10962;NR;number;SORS;Registered employment by sex and municipalities of residence (NSTJ) ;A;Normal value
24021105IND01;79057;Grad Vranje;00;2019;0;Total;24047;NR;number;SORS;Registered employment by sex and municipalities of residence (NSTJ) ;A;Normal value
24021105IND01;79057;Grad Vranje;00;2019;1;Male;13008;NR;number;SORS;Registered employment by sex and municipalities of residence (NSTJ) ;A;Normal value
24021105IND01;79057;Grad Vranje;00;2019;2;Female;11039;NR;number;SORS;Registered employment by sex and municipalities of residence (NSTJ) ;A;Normal value
24021105IND01;79057;Grad Vranje;00;2020;0;Total;24509;NR;number;SORS;Registered employment by sex and municipalities of residence (NSTJ) ;A;Normal value
24021105IND01;79057;Grad Vranje;00;2020;1;Male;13229;NR;number;SORS;Registered employment by sex and municipalities of residence (NSTJ) ;A;Normal value
24021105IND01;79057;Grad Vranje;00;2020;2;Female;11280;NR;number;SORS;Registered employment by sex and municipalities of residence (NSTJ) ;A;Normal value
24021105IND01;79057;Grad Vranje;00;2021;0;Total;24566;NR;number;SORS;Registered employment by sex and municipalities of residence (NSTJ) ;A;Normal value
24021105IND01;79057;Grad Vranje;00;2021;1;Male;13235;NR;number;SORS;Registered employment by sex and municipalities of residence (NSTJ) ;A;Normal value
24021105IND01;79057;Grad Vranje;00;2021;2;Female;11331;NR;number;SORS;Registered employment by sex and municipalities of residence (NSTJ) ;A;Normal value
24021105IND01;79057;Grad Vranje;00;2022;0;Total;24873;NR;number;SORS;Registered employment by sex and municipalities of residence (NSTJ) ;A;Normal value
24021105IND01;79057;Grad Vranje;00;2022;1;Male;13269;NR;number;SORS;Registered employment by sex and municipalities of residence (NSTJ) ;A;Normal value
24021105IND01;79057;Grad Vranje;00;2022;2;Female;11604;NR;number;SORS;Registered employment by sex and municipalities of residence (NSTJ) ;A;Normal value
24021105IND01;79057;Grad Vranje;00;2023;0;Total;25276;NR;number;SORS;Registered employment by sex and municipalities of residence (NSTJ) ;A;Normal value
24021105IND01;79057;Grad Vranje;00;2023;1;Male;13254;NR;number;SORS;Registered employment by sex and municipalities of residence (NSTJ) ;A;Normal value
24021105IND01;79057;Grad Vranje;00;2023;2;Female;12023;NR;number;SORS;Registered employment by sex and municipalities of residence (NSTJ) ;A;Normal value
24021105IND01;79057;Grad Vranje;00;2024;0;Total;25444;NR;number;SORS;Registered employment by sex and municipalities of residence (NSTJ) ;A;Normal value
24021105IND01;79057;Grad Vranje;00;2024;1;Male;13380;NR;number;SORS;Registered employment by sex and municipalities of residence (NSTJ) ;A;Normal value
24021105IND01;79057;Grad Vranje;00;2024;2;Female;12064;NR;number;SORS;Registered employment by sex and municipalities of residence (NSTJ) ;A;Normal value
24021105IND01;79057;Grad Vranje;00;2025;0;Total;25104;NR;number;SORS;Registered employment by sex and municipalities of residence (NSTJ) ;A;Normal value
24021105IND01;79057;Grad Vranje;00;2025;1;Male;13181;NR;number;SORS;Registered employment by sex and municipalities of residence (NSTJ) ;A;Normal value
24021105IND01;79057;Grad Vranje;00;2025;2;Female;11923;NR;number;SORS;Registered employment by sex and municipalities of residence (NSTJ) ;A;Normal value
24021105IND01;79065;Grad Užice;00;2025;0;Total;27435;NR;number;SORS;Registered employment by sex and municipalities of residence (NSTJ) ;A;Normal value
24021105IND01;79065;Grad Užice;00;2025;1;Male;13985;NR;number;SORS;Registered employment by sex and municipalities of residence (NSTJ) ;A;Normal value
24021105IND01;79065;Grad Užice;00;2025;2;Female;13450;NR;number;SORS;Registered employment by sex and municipalities of residence (NSTJ) ;A;Normal value
24021105IND01;79065;Grad Užice;00;2024;0;Total;27681;NR;number;SORS;Registered employment by sex and municipalities of residence (NSTJ) ;A;Normal value
24021105IND01;79065;Grad Užice;00;2024;1;Male;14132;NR;number;SORS;Registered employment by sex and municipalities of residence (NSTJ) ;A;Normal value
24021105IND01;79065;Grad Užice;00;2024;2;Female;13550;NR;number;SORS;Registered employment by sex and municipalities of residence (NSTJ) ;A;Normal value
24021105IND01;79065;Grad Užice;00;2023;0;Total;27793;NR;number;SORS;Registered employment by sex and municipalities of residence (NSTJ) ;A;Normal value
24021105IND01;79065;Grad Užice;00;2023;1;Male;14159;NR;number;SORS;Registered employment by sex and municipalities of residence (NSTJ) ;A;Normal value
24021105IND01;79065;Grad Užice;00;2023;2;Female;13633;NR;number;SORS;Registered employment by sex and municipalities of residence (NSTJ) ;A;Normal value
24021105IND01;79065;Grad Užice;00;2022;0;Total;27511;NR;number;SORS;Registered employment by sex and municipalities of residence (NSTJ) ;A;Normal value
24021105IND01;79065;Grad Užice;00;2022;1;Male;14116;NR;number;SORS;Registered employment by sex and municipalities of residence (NSTJ) ;A;Normal value
24021105IND01;79065;Grad Užice;00;2022;2;Female;13396;NR;number;SORS;Registered employment by sex and municipalities of residence (NSTJ) ;A;Normal value
24021105IND01;79065;Grad Užice;00;2021;0;Total;27156;NR;number;SORS;Registered employment by sex and municipalities of residence (NSTJ) ;A;Normal value
24021105IND01;79065;Grad Užice;00;2021;1;Male;14014;NR;number;SORS;Registered employment by sex and municipalities of residence (NSTJ) ;A;Normal value
24021105IND01;79065;Grad Užice;00;2021;2;Female;13142;NR;number;SORS;Registered employment by sex and municipalities of residence (NSTJ) ;A;Normal value
24021105IND01;79065;Grad Užice;00;2020;0;Total;26564;NR;number;SORS;Registered employment by sex and municipalities of residence (NSTJ) ;A;Normal value
24021105IND01;79065;Grad Užice;00;2020;1;Male;13725;NR;number;SORS;Registered employment by sex and municipalities of residence (NSTJ) ;A;Normal value
24021105IND01;79065;Grad Užice;00;2020;2;Female;12839;NR;number;SORS;Registered employment by sex and municipalities of residence (NSTJ) ;A;Normal value
24021105IND01;79065;Grad Užice;00;2019;0;Total;26276;NR;number;SORS;Registered employment by sex and municipalities of residence (NSTJ) ;A;Normal value
24021105IND01;79065;Grad Užice;00;2019;1;Male;13658;NR;number;SORS;Registered employment by sex and municipalities of residence (NSTJ) ;A;Normal value
24021105IND01;79065;Grad Užice;00;2019;2;Female;12618;NR;number;SORS;Registered employment by sex and municipalities of residence (NSTJ) ;A;Normal value
24021105IND01;79065;Grad Užice;00;2018;0;Total;25812;NR;number;SORS;Registered employment by sex and municipalities of residence (NSTJ) ;A;Normal value
24021105IND01;79065;Grad Užice;00;2018;1;Male;13447;NR;number;SORS;Registered employment by sex and municipalities of residence (NSTJ) ;A;Normal value
24021105IND01;79065;Grad Užice;00;2018;2;Female;12366;NR;number;SORS;Registered employment by sex and municipalities of residence (NSTJ) ;A;Normal value
24021105IND01;79065;Grad Užice;00;2017;0;Total;24803;NR;number;SORS;Registered employment by sex and municipalities of residence (NSTJ) ;A;Normal value
24021105IND01;79065;Grad Užice;00;2017;1;Male;12932;NR;number;SORS;Registered employment by sex and municipalities of residence (NSTJ) ;A;Normal value
24021105IND01;79065;Grad Užice;00;2017;2;Female;11871;NR;number;SORS;Registered employment by sex and municipalities of residence (NSTJ) ;A;Normal value
24021105IND01;79065;Grad Užice;00;2016;0;Total;24306;NR;number;SORS;Registered employment by sex and municipalities of residence (NSTJ) ;A;Normal value
24021105IND01;79065;Grad Užice;00;2016;1;Male;12773;NR;number;SORS;Registered employment by sex and municipalities of residence (NSTJ) ;A;Normal value
24021105IND01;79065;Grad Užice;00;2016;2;Female;11533;NR;number;SORS;Registered employment by sex and municipalities of residence (NSTJ) ;A;Normal value
24021105IND01;80012;Ada;00;2016;0;Total;4316;NR;number;SORS;Registered employment by sex and municipalities of residence (NSTJ) ;A;Normal value
24021105IND01;80012;Ada;00;2016;1;Male;2432;NR;number;SORS;Registered employment by sex and municipalities of residence (NSTJ) ;A;Normal value
24021105IND01;80012;Ada;00;2016;2;Female;1884;NR;number;SORS;Registered employment by sex and municipalities of residence (NSTJ) ;A;Normal value
24021105IND01;80012;Ada;00;2017;0;Total;4258;NR;number;SORS;Registered employment by sex and municipalities of residence (NSTJ) ;A;Normal value
24021105IND01;80012;Ada;00;2017;1;Male;2387;NR;number;SORS;Registered employment by sex and municipalities of residence (NSTJ) ;A;Normal value
24021105IND01;80012;Ada;00;2017;2;Female;1871;NR;number;SORS;Registered employment by sex and municipalities of residence (NSTJ) ;A;Normal value
24021105IND01;80012;Ada;00;2018;0;Total;4278;NR;number;SORS;Registered employment by sex and municipalities of residence (NSTJ) ;A;Normal value
24021105IND01;80012;Ada;00;2018;1;Male;2396;NR;number;SORS;Registered employment by sex and municipalities of residence (NSTJ) ;A;Normal value
24021105IND01;80012;Ada;00;2018;2;Female;1882;NR;number;SORS;Registered employment by sex and municipalities of residence (NSTJ) ;A;Normal value
24021105IND01;80012;Ada;00;2019;0;Total;4265;NR;number;SORS;Registered employment by sex and municipalities of residence (NSTJ) ;A;Normal value
24021105IND01;80012;Ada;00;2019;1;Male;2402;NR;number;SORS;Registered employment by sex and municipalities of residence (NSTJ) ;A;Normal value
24021105IND01;80012;Ada;00;2019;2;Female;1863;NR;number;SORS;Registered employment by sex and municipalities of residence (NSTJ) ;A;Normal value
24021105IND01;80012;Ada;00;2020;0;Total;4221;NR;number;SORS;Registered employment by sex and municipalities of residence (NSTJ) ;A;Normal value
24021105IND01;80012;Ada;00;2020;1;Male;2362;NR;number;SORS;Registered employment by sex and municipalities of residence (NSTJ) ;A;Normal value
24021105IND01;80012;Ada;00;2020;2;Female;1859;NR;number;SORS;Registered employment by sex and municipalities of residence (NSTJ) ;A;Normal value
24021105IND01;80012;Ada;00;2021;0;Total;4199;NR;number;SORS;Registered employment by sex and municipalities of residence (NSTJ) ;A;Normal value
24021105IND01;80012;Ada;00;2021;1;Male;2339;NR;number;SORS;Registered employment by sex and municipalities of residence (NSTJ) ;A;Normal value
24021105IND01;80012;Ada;00;2021;2;Female;1859;NR;number;SORS;Registered employment by sex and municipalities of residence (NSTJ) ;A;Normal value
24021105IND01;80012;Ada;00;2022;0;Total;4191;NR;number;SORS;Registered employment by sex and municipalities of residence (NSTJ) ;A;Normal value
24021105IND01;80012;Ada;00;2022;1;Male;2307;NR;number;SORS;Registered employment by sex and municipalities of residence (NSTJ) ;A;Normal value
24021105IND01;80012;Ada;00;2022;2;Female;1884;NR;number;SORS;Registered employment by sex and municipalities of residence (NSTJ) ;A;Normal value
24021105IND01;80012;Ada;00;2023;0;Total;4180;NR;number;SORS;Registered employment by sex and municipalities of residence (NSTJ) ;A;Normal value
24021105IND01;80012;Ada;00;2023;1;Male;2283;NR;number;SORS;Registered employment by sex and municipalities of residence (NSTJ) ;A;Normal value
24021105IND01;80012;Ada;00;2023;2;Female;1897;NR;number;SORS;Registered employment by sex and municipalities of residence (NSTJ) ;A;Normal value
24021105IND01;80012;Ada;00;2024;0;Total;4146;NR;number;SORS;Registered employment by sex and municipalities of residence (NSTJ) ;A;Normal value
24021105IND01;80012;Ada;00;2024;1;Male;2271;NR;number;SORS;Registered employment by sex and municipalities of residence (NSTJ) ;A;Normal value
24021105IND01;80012;Ada;00;2024;2;Female;1875;NR;number;SORS;Registered employment by sex and municipalities of residence (NSTJ) ;A;Normal value
24021105IND01;80012;Ada;00;2025;0;Total;4022;NR;number;SORS;Registered employment by sex and municipalities of residence (NSTJ) ;A;Normal value
24021105IND01;80012;Ada;00;2025;1;Male;2206;NR;number;SORS;Registered employment by sex and municipalities of residence (NSTJ) ;A;Normal value
24021105IND01;80012;Ada;00;2025;2;Female;1815;NR;number;SORS;Registered employment by sex and municipalities of residence (NSTJ) ;A;Normal value
24021105IND01;80039;Alibunar;00;2025;0;Total;4916;NR;number;SORS;Registered employment by sex and municipalities of residence (NSTJ) ;A;Normal value
24021105IND01;80039;Alibunar;00;2025;1;Male;2760;NR;number;SORS;Registered employment by sex and municipalities of residence (NSTJ) ;A;Normal value
24021105IND01;80039;Alibunar;00;2025;2;Female;2156;NR;number;SORS;Registered employment by sex and municipalities of residence (NSTJ) ;A;Normal value
24021105IND01;80039;Alibunar;00;2024;0;Total;4905;NR;number;SORS;Registered employment by sex and municipalities of residence (NSTJ) ;A;Normal value
24021105IND01;80039;Alibunar;00;2024;1;Male;2783;NR;number;SORS;Registered employment by sex and municipalities of residence (NSTJ) ;A;Normal value
24021105IND01;80039;Alibunar;00;2024;2;Female;2121;NR;number;SORS;Registered employment by sex and municipalities of residence (NSTJ) ;A;Normal value
24021105IND01;80039;Alibunar;00;2023;0;Total;4896;NR;number;SORS;Registered employment by sex and municipalities of residence (NSTJ) ;A;Normal value
24021105IND01;80039;Alibunar;00;2023;1;Male;2775;NR;number;SORS;Registered employment by sex and municipalities of residence (NSTJ) ;A;Normal value
24021105IND01;80039;Alibunar;00;2023;2;Female;2121;NR;number;SORS;Registered employment by sex and municipalities of residence (NSTJ) ;A;Normal value
24021105IND01;80039;Alibunar;00;2022;0;Total;4837;NR;number;SORS;Registered employment by sex and municipalities of residence (NSTJ) ;A;Normal value
24021105IND01;80039;Alibunar;00;2022;1;Male;2739;NR;number;SORS;Registered employment by sex and municipalities of residence (NSTJ) ;A;Normal value
24021105IND01;80039;Alibunar;00;2022;2;Female;2099;NR;number;SORS;Registered employment by sex and municipalities of residence (NSTJ) ;A;Normal value
24021105IND01;80039;Alibunar;00;2021;0;Total;4716;NR;number;SORS;Registered employment by sex and municipalities of residence (NSTJ) ;A;Normal value
24021105IND01;80039;Alibunar;00;2021;1;Male;2698;NR;number;SORS;Registered employment by sex and municipalities of residence (NSTJ) ;A;Normal value
24021105IND01;80039;Alibunar;00;2021;2;Female;2018;NR;number;SORS;Registered employment by sex and municipalities of residence (NSTJ) ;A;Normal value
24021105IND01;80039;Alibunar;00;2020;0;Total;4580;NR;number;SORS;Registered employment by sex and municipalities of residence (NSTJ) ;A;Normal value
24021105IND01;80039;Alibunar;00;2020;1;Male;2643;NR;number;SORS;Registered employment by sex and municipalities of residence (NSTJ) ;A;Normal value
24021105IND01;80039;Alibunar;00;2020;2;Female;1937;NR;number;SORS;Registered employment by sex and municipalities of residence (NSTJ) ;A;Normal value
24021105IND01;80039;Alibunar;00;2019;0;Total;4416;NR;number;SORS;Registered employment by sex and municipalities of residence (NSTJ) ;A;Normal value
24021105IND01;80039;Alibunar;00;2019;1;Male;2618;NR;number;SORS;Registered employment by sex and municipalities of residence (NSTJ) ;A;Normal value
24021105IND01;80039;Alibunar;00;2019;2;Female;1798;NR;number;SORS;Registered employment by sex and municipalities of residence (NSTJ) ;A;Normal value
24021105IND01;80039;Alibunar;00;2018;0;Total;4243;NR;number;SORS;Registered employment by sex and municipalities of residence (NSTJ) ;A;Normal value
24021105IND01;80039;Alibunar;00;2018;1;Male;2553;NR;number;SORS;Registered employment by sex and municipalities of residence (NSTJ) ;A;Normal value
24021105IND01;80039;Alibunar;00;2018;2;Female;1689;NR;number;SORS;Registered employment by sex and municipalities of residence (NSTJ) ;A;Normal value
24021105IND01;80039;Alibunar;00;2017;0;Total;4175;NR;number;SORS;Registered employment by sex and municipalities of residence (NSTJ) ;A;Normal value
24021105IND01;80039;Alibunar;00;2017;1;Male;2485;NR;number;SORS;Registered employment by sex and municipalities of residence (NSTJ) ;A;Normal value
24021105IND01;80039;Alibunar;00;2017;2;Female;1690;NR;number;SORS;Registered employment by sex and municipalities of residence (NSTJ) ;A;Normal value
24021105IND01;80039;Alibunar;00;2016;0;Total;4020;NR;number;SORS;Registered employment by sex and municipalities of residence (NSTJ) ;A;Normal value
24021105IND01;80039;Alibunar;00;2016;1;Male;2437;NR;number;SORS;Registered employment by sex and municipalities of residence (NSTJ) ;A;Normal value
24021105IND01;80039;Alibunar;00;2016;2;Female;1583;NR;number;SORS;Registered employment by sex and municipalities of residence (NSTJ) ;A;Normal value
24021105IND01;80047;Apatin;00;2016;0;Total;6574;NR;number;SORS;Registered employment by sex and municipalities of residence (NSTJ) ;A;Normal value
24021105IND01;80047;Apatin;00;2016;1;Male;3548;NR;number;SORS;Registered employment by sex and municipalities of residence (NSTJ) ;A;Normal value
24021105IND01;80047;Apatin;00;2016;2;Female;3026;NR;number;SORS;Registered employment by sex and municipalities of residence (NSTJ) ;A;Normal value
24021105IND01;80047;Apatin;00;2017;0;Total;6493;NR;number;SORS;Registered employment by sex and municipalities of residence (NSTJ) ;A;Normal value
24021105IND01;80047;Apatin;00;2017;1;Male;3522;NR;number;SORS;Registered employment by sex and municipalities of residence (NSTJ) ;A;Normal value
24021105IND01;80047;Apatin;00;2017;2;Female;2971;NR;number;SORS;Registered employment by sex and municipalities of residence (NSTJ) ;A;Normal value
24021105IND01;80047;Apatin;00;2018;0;Total;6681;NR;number;SORS;Registered employment by sex and municipalities of residence (NSTJ) ;A;Normal value
24021105IND01;80047;Apatin;00;2018;1;Male;3614;NR;number;SORS;Registered employment by sex and municipalities of residence (NSTJ) ;A;Normal value
24021105IND01;80047;Apatin;00;2018;2;Female;3067;NR;number;SORS;Registered employment by sex and municipalities of residence (NSTJ) ;A;Normal value
24021105IND01;80047;Apatin;00;2019;0;Total;6568;NR;number;SORS;Registered employment by sex and municipalities of residence (NSTJ) ;A;Normal value
24021105IND01;80047;Apatin;00;2019;1;Male;3514;NR;number;SORS;Registered employment by sex and municipalities of residence (NSTJ) ;A;Normal value
24021105IND01;80047;Apatin;00;2019;2;Female;3054;NR;number;SORS;Registered employment by sex and municipalities of residence (NSTJ) ;A;Normal value
24021105IND01;80047;Apatin;00;2020;0;Total;6587;NR;number;SORS;Registered employment by sex and municipalities of residence (NSTJ) ;A;Normal value
24021105IND01;80047;Apatin;00;2020;1;Male;3510;NR;number;SORS;Registered employment by sex and municipalities of residence (NSTJ) ;A;Normal value
24021105IND01;80047;Apatin;00;2020;2;Female;3078;NR;number;SORS;Registered employment by sex and municipalities of residence (NSTJ) ;A;Normal value
24021105IND01;80047;Apatin;00;2021;0;Total;6474;NR;number;SORS;Registered employment by sex and municipalities of residence (NSTJ) ;A;Normal value
24021105IND01;80047;Apatin;00;2021;1;Male;3426;NR;number;SORS;Registered employment by sex and municipalities of residence (NSTJ) ;A;Normal value
24021105IND01;80047;Apatin;00;2021;2;Female;3048;NR;number;SORS;Registered employment by sex and municipalities of residence (NSTJ) ;A;Normal value
24021105IND01;80047;Apatin;00;2022;0;Total;6499;NR;number;SORS;Registered employment by sex and municipalities of residence (NSTJ) ;A;Normal value
24021105IND01;80047;Apatin;00;2022;1;Male;3431;NR;number;SORS;Registered employment by sex and municipalities of residence (NSTJ) ;A;Normal value
24021105IND01;80047;Apatin;00;2022;2;Female;3067;NR;number;SORS;Registered employment by sex and municipalities of residence (NSTJ) ;A;Normal value
24021105IND01;80047;Apatin;00;2023;0;Total;6588;NR;number;SORS;Registered employment by sex and municipalities of residence (NSTJ) ;A;Normal value
24021105IND01;80047;Apatin;00;2023;1;Male;3451;NR;number;SORS;Registered employment by sex and municipalities of residence (NSTJ) ;A;Normal value
24021105IND01;80047;Apatin;00;2023;2;Female;3137;NR;number;SORS;Registered employment by sex and municipalities of residence (NSTJ) ;A;Normal value
24021105IND01;80047;Apatin;00;2024;0;Total;6505;NR;number;SORS;Registered employment by sex and municipalities of residence (NSTJ) ;A;Normal value
24021105IND01;80047;Apatin;00;2024;1;Male;3378;NR;number;SORS;Registered employment by sex and municipalities of residence (NSTJ) ;A;Normal value
24021105IND01;80047;Apatin;00;2024;2;Female;3127;NR;number;SORS;Registered employment by sex and municipalities of residence (NSTJ) ;A;Normal value
24021105IND01;80047;Apatin;00;2025;0;Total;6413;NR;number;SORS;Registered employment by sex and municipalities of residence (NSTJ) ;A;Normal value
24021105IND01;80047;Apatin;00;2025;1;Male;3327;NR;number;SORS;Registered employment by sex and municipalities of residence (NSTJ) ;A;Normal value
24021105IND01;80047;Apatin;00;2025;2;Female;3086;NR;number;SORS;Registered employment by sex and municipalities of residence (NSTJ) ;A;Normal value
24021105IND01;80055;Bač;00;2025;0;Total;3064;NR;number;SORS;Registered employment by sex and municipalities of residence (NSTJ) ;A;Normal value
24021105IND01;80055;Bač;00;2025;1;Male;1724;NR;number;SORS;Registered employment by sex and municipalities of residence (NSTJ) ;A;Normal value
24021105IND01;80055;Bač;00;2025;2;Female;1340;NR;number;SORS;Registered employment by sex and municipalities of residence (NSTJ) ;A;Normal value
24021105IND01;80055;Bač;00;2024;0;Total;3137;NR;number;SORS;Registered employment by sex and municipalities of residence (NSTJ) ;A;Normal value
24021105IND01;80055;Bač;00;2024;1;Male;1783;NR;number;SORS;Registered employment by sex and municipalities of residence (NSTJ) ;A;Normal value
24021105IND01;80055;Bač;00;2024;2;Female;1354;NR;number;SORS;Registered employment by sex and municipalities of residence (NSTJ) ;A;Normal value
24021105IND01;80055;Bač;00;2023;0;Total;3237;NR;number;SORS;Registered employment by sex and municipalities of residence (NSTJ) ;A;Normal value
24021105IND01;80055;Bač;00;2023;1;Male;1850;NR;number;SORS;Registered employment by sex and municipalities of residence (NSTJ) ;A;Normal value
24021105IND01;80055;Bač;00;2023;2;Female;1387;NR;number;SORS;Registered employment by sex and municipalities of residence (NSTJ) ;A;Normal value
24021105IND01;80055;Bač;00;2022;0;Total;3195;NR;number;SORS;Registered employment by sex and municipalities of residence (NSTJ) ;A;Normal value
24021105IND01;80055;Bač;00;2022;1;Male;1852;NR;number;SORS;Registered employment by sex and municipalities of residence (NSTJ) ;A;Normal value
24021105IND01;80055;Bač;00;2022;2;Female;1343;NR;number;SORS;Registered employment by sex and municipalities of residence (NSTJ) ;A;Normal value
24021105IND01;80055;Bač;00;2021;0;Total;3238;NR;number;SORS;Registered employment by sex and municipalities of residence (NSTJ) ;A;Normal value
24021105IND01;80055;Bač;00;2021;1;Male;1902;NR;number;SORS;Registered employment by sex and municipalities of residence (NSTJ) ;A;Normal value
24021105IND01;80055;Bač;00;2021;2;Female;1337;NR;number;SORS;Registered employment by sex and municipalities of residence (NSTJ) ;A;Normal value
24021105IND01;80055;Bač;00;2020;0;Total;3227;NR;number;SORS;Registered employment by sex and municipalities of residence (NSTJ) ;A;Normal value
24021105IND01;80055;Bač;00;2020;1;Male;1918;NR;number;SORS;Registered employment by sex and municipalities of residence (NSTJ) ;A;Normal value
24021105IND01;80055;Bač;00;2020;2;Female;1308;NR;number;SORS;Registered employment by sex and municipalities of residence (NSTJ) ;A;Normal value
24021105IND01;80055;Bač;00;2019;0;Total;3180;NR;number;SORS;Registered employment by sex and municipalities of residence (NSTJ) ;A;Normal value
24021105IND01;80055;Bač;00;2019;1;Male;1884;NR;number;SORS;Registered employment by sex and municipalities of residence (NSTJ) ;A;Normal value
24021105IND01;80055;Bač;00;2019;2;Female;1296;NR;number;SORS;Registered employment by sex and municipalities of residence (NSTJ) ;A;Normal value
24021105IND01;80055;Bač;00;2018;0;Total;3160;NR;number;SORS;Registered employment by sex and municipalities of residence (NSTJ) ;A;Normal value
24021105IND01;80055;Bač;00;2018;1;Male;1891;NR;number;SORS;Registered employment by sex and municipalities of residence (NSTJ) ;A;Normal value
24021105IND01;80055;Bač;00;2018;2;Female;1269;NR;number;SORS;Registered employment by sex and municipalities of residence (NSTJ) ;A;Normal value
24021105IND01;80055;Bač;00;2017;0;Total;3064;NR;number;SORS;Registered employment by sex and municipalities of residence (NSTJ) ;A;Normal value
24021105IND01;80055;Bač;00;2017;1;Male;1862;NR;number;SORS;Registered employment by sex and municipalities of residence (NSTJ) ;A;Normal value
24021105IND01;80055;Bač;00;2017;2;Female;1203;NR;number;SORS;Registered employment by sex and municipalities of residence (NSTJ) ;A;Normal value
24021105IND01;80055;Bač;00;2016;0;Total;3007;NR;number;SORS;Registered employment by sex and municipalities of residence (NSTJ) ;A;Normal value
24021105IND01;80055;Bač;00;2016;1;Male;1857;NR;number;SORS;Registered employment by sex and municipalities of residence (NSTJ) ;A;Normal value
24021105IND01;80055;Bač;00;2016;2;Female;1150;NR;number;SORS;Registered employment by sex and municipalities of residence (NSTJ) ;A;Normal value
24021105IND01;80063;Bačka Palanka;00;2016;0;Total;15771;NR;number;SORS;Registered employment by sex and municipalities of residence (NSTJ) ;A;Normal value
24021105IND01;80063;Bačka Palanka;00;2016;1;Male;8775;NR;number;SORS;Registered employment by sex and municipalities of residence (NSTJ) ;A;Normal value
24021105IND01;80063;Bačka Palanka;00;2016;2;Female;6996;NR;number;SORS;Registered employment by sex and municipalities of residence (NSTJ) ;A;Normal value
24021105IND01;80063;Bačka Palanka;00;2017;0;Total;16110;NR;number;SORS;Registered employment by sex and municipalities of residence (NSTJ) ;A;Normal value
24021105IND01;80063;Bačka Palanka;00;2017;1;Male;8942;NR;number;SORS;Registered employment by sex and municipalities of residence (NSTJ) ;A;Normal value
24021105IND01;80063;Bačka Palanka;00;2017;2;Female;7167;NR;number;SORS;Registered employment by sex and municipalities of residence (NSTJ) ;A;Normal value
24021105IND01;80063;Bačka Palanka;00;2018;0;Total;16726;NR;number;SORS;Registered employment by sex and municipalities of residence (NSTJ) ;A;Normal value
24021105IND01;80063;Bačka Palanka;00;2018;1;Male;9255;NR;number;SORS;Registered employment by sex and municipalities of residence (NSTJ) ;A;Normal value
24021105IND01;80063;Bačka Palanka;00;2018;2;Female;7471;NR;number;SORS;Registered employment by sex and municipalities of residence (NSTJ) ;A;Normal value
24021105IND01;80063;Bačka Palanka;00;2019;0;Total;16962;NR;number;SORS;Registered employment by sex and municipalities of residence (NSTJ) ;A;Normal value
24021105IND01;80063;Bačka Palanka;00;2019;1;Male;9321;NR;number;SORS;Registered employment by sex and municipalities of residence (NSTJ) ;A;Normal value
24021105IND01;80063;Bačka Palanka;00;2019;2;Female;7641;NR;number;SORS;Registered employment by sex and municipalities of residence (NSTJ) ;A;Normal value
24021105IND01;80063;Bačka Palanka;00;2020;0;Total;16853;NR;number;SORS;Registered employment by sex and municipalities of residence (NSTJ) ;A;Normal value
24021105IND01;80063;Bačka Palanka;00;2020;1;Male;9246;NR;number;SORS;Registered employment by sex and municipalities of residence (NSTJ) ;A;Normal value
24021105IND01;80063;Bačka Palanka;00;2020;2;Female;7607;NR;number;SORS;Registered employment by sex and municipalities of residence (NSTJ) ;A;Normal value
24021105IND01;80063;Bačka Palanka;00;2021;0;Total;17248;NR;number;SORS;Registered employment by sex and municipalities of residence (NSTJ) ;A;Normal value
24021105IND01;80063;Bačka Palanka;00;2021;1;Male;9408;NR;number;SORS;Registered employment by sex and municipalities of residence (NSTJ) ;A;Normal value
24021105IND01;80063;Bačka Palanka;00;2021;2;Female;7840;NR;number;SORS;Registered employment by sex and municipalities of residence (NSTJ) ;A;Normal value
24021105IND01;80063;Bačka Palanka;00;2022;0;Total;17320;NR;number;SORS;Registered employment by sex and municipalities of residence (NSTJ) ;A;Normal value
24021105IND01;80063;Bačka Palanka;00;2022;1;Male;9458;NR;number;SORS;Registered employment by sex and municipalities of residence (NSTJ) ;A;Normal value
24021105IND01;80063;Bačka Palanka;00;2022;2;Female;7862;NR;number;SORS;Registered employment by sex and municipalities of residence (NSTJ) ;A;Normal value
24021105IND01;80063;Bačka Palanka;00;2023;0;Total;17392;NR;number;SORS;Registered employment by sex and municipalities of residence (NSTJ) ;A;Normal value
24021105IND01;80063;Bačka Palanka;00;2023;1;Male;9417;NR;number;SORS;Registered employment by sex and municipalities of residence (NSTJ) ;A;Normal value
24021105IND01;80063;Bačka Palanka;00;2023;2;Female;7976;NR;number;SORS;Registered employment by sex and municipalities of residence (NSTJ) ;A;Normal value
24021105IND01;80063;Bačka Palanka;00;2024;0;Total;17243;NR;number;SORS;Registered employment by sex and municipalities of residence (NSTJ) ;A;Normal value
24021105IND01;80063;Bačka Palanka;00;2024;1;Male;9236;NR;number;SORS;Registered employment by sex and municipalities of residence (NSTJ) ;A;Normal value
24021105IND01;80063;Bačka Palanka;00;2024;2;Female;8008;NR;number;SORS;Registered employment by sex and municipalities of residence (NSTJ) ;A;Normal value
24021105IND01;80063;Bačka Palanka;00;2025;0;Total;17154;NR;number;SORS;Registered employment by sex and municipalities of residence (NSTJ) ;A;Normal value
24021105IND01;80063;Bačka Palanka;00;2025;1;Male;9163;NR;number;SORS;Registered employment by sex and municipalities of residence (NSTJ) ;A;Normal value
24021105IND01;80063;Bačka Palanka;00;2025;2;Female;7991;NR;number;SORS;Registered employment by sex and municipalities of residence (NSTJ) ;A;Normal value
24021105IND01;80071;Bačka Topola;00;2025;0;Total;8250;NR;number;SORS;Registered employment by sex and municipalities of residence (NSTJ) ;A;Normal value
24021105IND01;80071;Bačka Topola;00;2025;1;Male;4619;NR;number;SORS;Registered employment by sex and municipalities of residence (NSTJ) ;A;Normal value
24021105IND01;80071;Bačka Topola;00;2025;2;Female;3631;NR;number;SORS;Registered employment by sex and municipalities of residence (NSTJ) ;A;Normal value
24021105IND01;80071;Bačka Topola;00;2024;0;Total;8377;NR;number;SORS;Registered employment by sex and municipalities of residence (NSTJ) ;A;Normal value
24021105IND01;80071;Bačka Topola;00;2024;1;Male;4712;NR;number;SORS;Registered employment by sex and municipalities of residence (NSTJ) ;A;Normal value
24021105IND01;80071;Bačka Topola;00;2024;2;Female;3666;NR;number;SORS;Registered employment by sex and municipalities of residence (NSTJ) ;A;Normal value
24021105IND01;80071;Bačka Topola;00;2023;0;Total;8368;NR;number;SORS;Registered employment by sex and municipalities of residence (NSTJ) ;A;Normal value
24021105IND01;80071;Bačka Topola;00;2023;1;Male;4728;NR;number;SORS;Registered employment by sex and municipalities of residence (NSTJ) ;A;Normal value
24021105IND01;80071;Bačka Topola;00;2023;2;Female;3640;NR;number;SORS;Registered employment by sex and municipalities of residence (NSTJ) ;A;Normal value
24021105IND01;80071;Bačka Topola;00;2022;0;Total;8447;NR;number;SORS;Registered employment by sex and municipalities of residence (NSTJ) ;A;Normal value
24021105IND01;80071;Bačka Topola;00;2022;1;Male;4769;NR;number;SORS;Registered employment by sex and municipalities of residence (NSTJ) ;A;Normal value
24021105IND01;80071;Bačka Topola;00;2022;2;Female;3678;NR;number;SORS;Registered employment by sex and municipalities of residence (NSTJ) ;A;Normal value
24021105IND01;80071;Bačka Topola;00;2021;0;Total;8551;NR;number;SORS;Registered employment by sex and municipalities of residence (NSTJ) ;A;Normal value
24021105IND01;80071;Bačka Topola;00;2021;1;Male;4845;NR;number;SORS;Registered employment by sex and municipalities of residence (NSTJ) ;A;Normal value
24021105IND01;80071;Bačka Topola;00;2021;2;Female;3706;NR;number;SORS;Registered employment by sex and municipalities of residence (NSTJ) ;A;Normal value
24021105IND01;80071;Bačka Topola;00;2020;0;Total;8484;NR;number;SORS;Registered employment by sex and municipalities of residence (NSTJ) ;A;Normal value
24021105IND01;80071;Bačka Topola;00;2020;1;Male;4828;NR;number;SORS;Registered employment by sex and municipalities of residence (NSTJ) ;A;Normal value
24021105IND01;80071;Bačka Topola;00;2020;2;Female;3656;NR;number;SORS;Registered employment by sex and municipalities of residence (NSTJ) ;A;Normal value
24021105IND01;80071;Bačka Topola;00;2019;0;Total;8548;NR;number;SORS;Registered employment by sex and municipalities of residence (NSTJ) ;A;Normal value
24021105IND01;80071;Bačka Topola;00;2019;1;Male;4884;NR;number;SORS;Registered employment by sex and municipalities of residence (NSTJ) ;A;Normal value
24021105IND01;80071;Bačka Topola;00;2019;2;Female;3664;NR;number;SORS;Registered employment by sex and municipalities of residence (NSTJ) ;A;Normal value
24021105IND01;80071;Bačka Topola;00;2018;0;Total;8619;NR;number;SORS;Registered employment by sex and municipalities of residence (NSTJ) ;A;Normal value
24021105IND01;80071;Bačka Topola;00;2018;1;Male;4981;NR;number;SORS;Registered employment by sex and municipalities of residence (NSTJ) ;A;Normal value
24021105IND01;80071;Bačka Topola;00;2018;2;Female;3638;NR;number;SORS;Registered employment by sex and municipalities of residence (NSTJ) ;A;Normal value
24021105IND01;80071;Bačka Topola;00;2017;0;Total;8538;NR;number;SORS;Registered employment by sex and municipalities of residence (NSTJ) ;A;Normal value
24021105IND01;80071;Bačka Topola;00;2017;1;Male;4983;NR;number;SORS;Registered employment by sex and municipalities of residence (NSTJ) ;A;Normal value
24021105IND01;80071;Bačka Topola;00;2017;2;Female;3555;NR;number;SORS;Registered employment by sex and municipalities of residence (NSTJ) ;A;Normal value
24021105IND01;80071;Bačka Topola;00;2016;0;Total;8383;NR;number;SORS;Registered employment by sex and municipalities of residence (NSTJ) ;A;Normal value
24021105IND01;80071;Bačka Topola;00;2016;1;Male;4915;NR;number;SORS;Registered employment by sex and municipalities of residence (NSTJ) ;A;Normal value
24021105IND01;80071;Bačka Topola;00;2016;2;Female;3468;NR;number;SORS;Registered employment by sex and municipalities of residence (NSTJ) ;A;Normal value
24021105IND01;80080;Bački Petrovac;00;2016;0;Total;4135;NR;number;SORS;Registered employment by sex and municipalities of residence (NSTJ) ;A;Normal value
24021105IND01;80080;Bački Petrovac;00;2016;1;Male;2382;NR;number;SORS;Registered employment by sex and municipalities of residence (NSTJ) ;A;Normal value
24021105IND01;80080;Bački Petrovac;00;2016;2;Female;1752;NR;number;SORS;Registered employment by sex and municipalities of residence (NSTJ) ;A;Normal value
24021105IND01;80080;Bački Petrovac;00;2017;0;Total;4148;NR;number;SORS;Registered employment by sex and municipalities of residence (NSTJ) ;A;Normal value
24021105IND01;80080;Bački Petrovac;00;2017;1;Male;2353;NR;number;SORS;Registered employment by sex and municipalities of residence (NSTJ) ;A;Normal value
24021105IND01;80080;Bački Petrovac;00;2017;2;Female;1795;NR;number;SORS;Registered employment by sex and municipalities of residence (NSTJ) ;A;Normal value
24021105IND01;80080;Bački Petrovac;00;2018;0;Total;4184;NR;number;SORS;Registered employment by sex and municipalities of residence (NSTJ) ;A;Normal value
24021105IND01;80080;Bački Petrovac;00;2018;1;Male;2357;NR;number;SORS;Registered employment by sex and municipalities of residence (NSTJ) ;A;Normal value
24021105IND01;80080;Bački Petrovac;00;2018;2;Female;1827;NR;number;SORS;Registered employment by sex and municipalities of residence (NSTJ) ;A;Normal value
24021105IND01;80080;Bački Petrovac;00;2019;0;Total;4192;NR;number;SORS;Registered employment by sex and municipalities of residence (NSTJ) ;A;Normal value
24021105IND01;80080;Bački Petrovac;00;2019;1;Male;2347;NR;number;SORS;Registered employment by sex and municipalities of residence (NSTJ) ;A;Normal value
24021105IND01;80080;Bački Petrovac;00;2019;2;Female;1844;NR;number;SORS;Registered employment by sex and municipalities of residence (NSTJ) ;A;Normal value
24021105IND01;80080;Bački Petrovac;00;2020;0;Total;4206;NR;number;SORS;Registered employment by sex and municipalities of residence (NSTJ) ;A;Normal value
24021105IND01;80080;Bački Petrovac;00;2020;1;Male;2362;NR;number;SORS;Registered employment by sex and municipalities of residence (NSTJ) ;A;Normal value
24021105IND01;80080;Bački Petrovac;00;2020;2;Female;1844;NR;number;SORS;Registered employment by sex and municipalities of residence (NSTJ) ;A;Normal value
24021105IND01;80080;Bački Petrovac;00;2021;0;Total;4269;NR;number;SORS;Registered employment by sex and municipalities of residence (NSTJ) ;A;Normal value
24021105IND01;80080;Bački Petrovac;00;2021;1;Male;2373;NR;number;SORS;Registered employment by sex and municipalities of residence (NSTJ) ;A;Normal value
24021105IND01;80080;Bački Petrovac;00;2021;2;Female;1897;NR;number;SORS;Registered employment by sex and municipalities of residence (NSTJ) ;A;Normal value
24021105IND01;80080;Bački Petrovac;00;2022;0;Total;4309;NR;number;SORS;Registered employment by sex and municipalities of residence (NSTJ) ;A;Normal value
24021105IND01;80080;Bački Petrovac;00;2022;1;Male;2382;NR;number;SORS;Registered employment by sex and municipalities of residence (NSTJ) ;A;Normal value
24021105IND01;80080;Bački Petrovac;00;2022;2;Female;1926;NR;number;SORS;Registered employment by sex and municipalities of residence (NSTJ) ;A;Normal value
24021105IND01;80080;Bački Petrovac;00;2023;0;Total;4415;NR;number;SORS;Registered employment by sex and municipalities of residence (NSTJ) ;A;Normal value
24021105IND01;80080;Bački Petrovac;00;2023;1;Male;2441;NR;number;SORS;Registered employment by sex and municipalities of residence (NSTJ) ;A;Normal value
24021105IND01;80080;Bački Petrovac;00;2023;2;Female;1974;NR;number;SORS;Registered employment by sex and municipalities of residence (NSTJ) ;A;Normal value
24021105IND01;80080;Bački Petrovac;00;2024;0;Total;4422;NR;number;SORS;Registered employment by sex and municipalities of residence (NSTJ) ;A;Normal value
24021105IND01;80080;Bački Petrovac;00;2024;1;Male;2435;NR;number;SORS;Registered employment by sex and municipalities of residence (NSTJ) ;A;Normal value
24021105IND01;80080;Bački Petrovac;00;2024;2;Female;1987;NR;number;SORS;Registered employment by sex and municipalities of residence (NSTJ) ;A;Normal value
24021105IND01;80080;Bački Petrovac;00;2025;0;Total;4354;NR;number;SORS;Registered employment by sex and municipalities of residence (NSTJ) ;A;Normal value
24021105IND01;80080;Bački Petrovac;00;2025;1;Male;2395;NR;number;SORS;Registered employment by sex and municipalities of residence (NSTJ) ;A;Normal value
24021105IND01;80080;Bački Petrovac;00;2025;2;Female;1958;NR;number;SORS;Registered employment by sex and municipalities of residence (NSTJ) ;A;Normal value
24021105IND01;80098;Bela Crkva;00;2025;0;Total;3724;NR;number;SORS;Registered employment by sex and municipalities of residence (NSTJ) ;A;Normal value
24021105IND01;80098;Bela Crkva;00;2025;1;Male;2055;NR;number;SORS;Registered employment by sex and municipalities of residence (NSTJ) ;A;Normal value
24021105IND01;80098;Bela Crkva;00;2025;2;Female;1669;NR;number;SORS;Registered employment by sex and municipalities of residence (NSTJ) ;A;Normal value
24021105IND01;80098;Bela Crkva;00;2024;0;Total;3662;NR;number;SORS;Registered employment by sex and municipalities of residence (NSTJ) ;A;Normal value
24021105IND01;80098;Bela Crkva;00;2024;1;Male;2021;NR;number;SORS;Registered employment by sex and municipalities of residence (NSTJ) ;A;Normal value
24021105IND01;80098;Bela Crkva;00;2024;2;Female;1641;NR;number;SORS;Registered employment by sex and municipalities of residence (NSTJ) ;A;Normal value
24021105IND01;80098;Bela Crkva;00;2023;0;Total;3597;NR;number;SORS;Registered employment by sex and municipalities of residence (NSTJ) ;A;Normal value
24021105IND01;80098;Bela Crkva;00;2023;1;Male;1976;NR;number;SORS;Registered employment by sex and municipalities of residence (NSTJ) ;A;Normal value
24021105IND01;80098;Bela Crkva;00;2023;2;Female;1621;NR;number;SORS;Registered employment by sex and municipalities of residence (NSTJ) ;A;Normal value
24021105IND01;80098;Bela Crkva;00;2022;0;Total;3572;NR;number;SORS;Registered employment by sex and municipalities of residence (NSTJ) ;A;Normal value
24021105IND01;80098;Bela Crkva;00;2022;1;Male;1959;NR;number;SORS;Registered employment by sex and municipalities of residence (NSTJ) ;A;Normal value
24021105IND01;80098;Bela Crkva;00;2022;2;Female;1612;NR;number;SORS;Registered employment by sex and municipalities of residence (NSTJ) ;A;Normal value
24021105IND01;80098;Bela Crkva;00;2021;0;Total;3530;NR;number;SORS;Registered employment by sex and municipalities of residence (NSTJ) ;A;Normal value
24021105IND01;80098;Bela Crkva;00;2021;1;Male;1938;NR;number;SORS;Registered employment by sex and municipalities of residence (NSTJ) ;A;Normal value
24021105IND01;80098;Bela Crkva;00;2021;2;Female;1592;NR;number;SORS;Registered employment by sex and municipalities of residence (NSTJ) ;A;Normal value
24021105IND01;80098;Bela Crkva;00;2020;0;Total;3487;NR;number;SORS;Registered employment by sex and municipalities of residence (NSTJ) ;A;Normal value
24021105IND01;80098;Bela Crkva;00;2020;1;Male;1917;NR;number;SORS;Registered employment by sex and municipalities of residence (NSTJ) ;A;Normal value
24021105IND01;80098;Bela Crkva;00;2020;2;Female;1570;NR;number;SORS;Registered employment by sex and municipalities of residence (NSTJ) ;A;Normal value
24021105IND01;80098;Bela Crkva;00;2019;0;Total;3445;NR;number;SORS;Registered employment by sex and municipalities of residence (NSTJ) ;A;Normal value
24021105IND01;80098;Bela Crkva;00;2019;1;Male;1900;NR;number;SORS;Registered employment by sex and municipalities of residence (NSTJ) ;A;Normal value
24021105IND01;80098;Bela Crkva;00;2019;2;Female;1545;NR;number;SORS;Registered employment by sex and municipalities of residence (NSTJ) ;A;Normal value
24021105IND01;80098;Bela Crkva;00;2018;0;Total;3294;NR;number;SORS;Registered employment by sex and municipalities of residence (NSTJ) ;A;Normal value
24021105IND01;80098;Bela Crkva;00;2018;1;Male;1830;NR;number;SORS;Registered employment by sex and municipalities of residence (NSTJ) ;A;Normal value
24021105IND01;80098;Bela Crkva;00;2018;2;Female;1464;NR;number;SORS;Registered employment by sex and municipalities of residence (NSTJ) ;A;Normal value
24021105IND01;80098;Bela Crkva;00;2017;0;Total;3107;NR;number;SORS;Registered employment by sex and municipalities of residence (NSTJ) ;A;Normal value
24021105IND01;80098;Bela Crkva;00;2017;1;Male;1767;NR;number;SORS;Registered employment by sex and municipalities of residence (NSTJ) ;A;Normal value
24021105IND01;80098;Bela Crkva;00;2017;2;Female;1340;NR;number;SORS;Registered employment by sex and municipalities of residence (NSTJ) ;A;Normal value
24021105IND01;80098;Bela Crkva;00;2016;0;Total;3048;NR;number;SORS;Registered employment by sex and municipalities of residence (NSTJ) ;A;Normal value
24021105IND01;80098;Bela Crkva;00;2016;1;Male;1759;NR;number;SORS;Registered employment by sex and municipalities of residence (NSTJ) ;A;Normal value
24021105IND01;80098;Bela Crkva;00;2016;2;Female;1290;NR;number;SORS;Registered employment by sex and municipalities of residence (NSTJ) ;A;Normal value
24021105IND01;80101;Beočin;00;2016;0;Total;4154;NR;number;SORS;Registered employment by sex and municipalities of residence (NSTJ) ;A;Normal value
24021105IND01;80101;Beočin;00;2016;1;Male;2468;NR;number;SORS;Registered employment by sex and municipalities of residence (NSTJ) ;A;Normal value
24021105IND01;80101;Beočin;00;2016;2;Female;1685;NR;number;SORS;Registered employment by sex and municipalities of residence (NSTJ) ;A;Normal value
24021105IND01;80101;Beočin;00;2017;0;Total;4357;NR;number;SORS;Registered employment by sex and municipalities of residence (NSTJ) ;A;Normal value
24021105IND01;80101;Beočin;00;2017;1;Male;2555;NR;number;SORS;Registered employment by sex and municipalities of residence (NSTJ) ;A;Normal value
24021105IND01;80101;Beočin;00;2017;2;Female;1802;NR;number;SORS;Registered employment by sex and municipalities of residence (NSTJ) ;A;Normal value
24021105IND01;80101;Beočin;00;2018;0;Total;4548;NR;number;SORS;Registered employment by sex and municipalities of residence (NSTJ) ;A;Normal value
24021105IND01;80101;Beočin;00;2018;1;Male;2625;NR;number;SORS;Registered employment by sex and municipalities of residence (NSTJ) ;A;Normal value
24021105IND01;80101;Beočin;00;2018;2;Female;1923;NR;number;SORS;Registered employment by sex and municipalities of residence (NSTJ) ;A;Normal value
24021105IND01;80101;Beočin;00;2019;0;Total;4651;NR;number;SORS;Registered employment by sex and municipalities of residence (NSTJ) ;A;Normal value
24021105IND01;80101;Beočin;00;2019;1;Male;2659;NR;number;SORS;Registered employment by sex and municipalities of residence (NSTJ) ;A;Normal value
24021105IND01;80101;Beočin;00;2019;2;Female;1992;NR;number;SORS;Registered employment by sex and municipalities of residence (NSTJ) ;A;Normal value
24021105IND01;80101;Beočin;00;2020;0;Total;4769;NR;number;SORS;Registered employment by sex and municipalities of residence (NSTJ) ;A;Normal value
24021105IND01;80101;Beočin;00;2020;1;Male;2724;NR;number;SORS;Registered employment by sex and municipalities of residence (NSTJ) ;A;Normal value
24021105IND01;80101;Beočin;00;2020;2;Female;2045;NR;number;SORS;Registered employment by sex and municipalities of residence (NSTJ) ;A;Normal value
24021105IND01;80101;Beočin;00;2021;0;Total;4917;NR;number;SORS;Registered employment by sex and municipalities of residence (NSTJ) ;A;Normal value
24021105IND01;80101;Beočin;00;2021;1;Male;2784;NR;number;SORS;Registered employment by sex and municipalities of residence (NSTJ) ;A;Normal value
24021105IND01;80101;Beočin;00;2021;2;Female;2133;NR;number;SORS;Registered employment by sex and municipalities of residence (NSTJ) ;A;Normal value
24021105IND01;80101;Beočin;00;2022;0;Total;4968;NR;number;SORS;Registered employment by sex and municipalities of residence (NSTJ) ;A;Normal value
24021105IND01;80101;Beočin;00;2022;1;Male;2778;NR;number;SORS;Registered employment by sex and municipalities of residence (NSTJ) ;A;Normal value
24021105IND01;80101;Beočin;00;2022;2;Female;2190;NR;number;SORS;Registered employment by sex and municipalities of residence (NSTJ) ;A;Normal value
24021105IND01;80101;Beočin;00;2023;0;Total;5080;NR;number;SORS;Registered employment by sex and municipalities of residence (NSTJ) ;A;Normal value
24021105IND01;80101;Beočin;00;2023;1;Male;2823;NR;number;SORS;Registered employment by sex and municipalities of residence (NSTJ) ;A;Normal value
24021105IND01;80101;Beočin;00;2023;2;Female;2257;NR;number;SORS;Registered employment by sex and municipalities of residence (NSTJ) ;A;Normal value
24021105IND01;80101;Beočin;00;2024;0;Total;5078;NR;number;SORS;Registered employment by sex and municipalities of residence (NSTJ) ;A;Normal value
24021105IND01;80101;Beočin;00;2024;1;Male;2814;NR;number;SORS;Registered employment by sex and municipalities of residence (NSTJ) ;A;Normal value
24021105IND01;80101;Beočin;00;2024;2;Female;2265;NR;number;SORS;Registered employment by sex and municipalities of residence (NSTJ) ;A;Normal value
24021105IND01;80101;Beočin;00;2025;0;Total;5077;NR;number;SORS;Registered employment by sex and municipalities of residence (NSTJ) ;A;Normal value
24021105IND01;80101;Beočin;00;2025;1;Male;2810;NR;number;SORS;Registered employment by sex and municipalities of residence (NSTJ) ;A;Normal value
24021105IND01;80101;Beočin;00;2025;2;Female;2267;NR;number;SORS;Registered employment by sex and municipalities of residence (NSTJ) ;A;Normal value
24021105IND01;80110;Bečej;00;2025;0;Total;9545;NR;number;SORS;Registered employment by sex and municipalities of residence (NSTJ) ;A;Normal value
24021105IND01;80110;Bečej;00;2025;1;Male;5335;NR;number;SORS;Registered employment by sex and municipalities of residence (NSTJ) ;A;Normal value
24021105IND01;80110;Bečej;00;2025;2;Female;4209;NR;number;SORS;Registered employment by sex and municipalities of residence (NSTJ) ;A;Normal value
24021105IND01;80110;Bečej;00;2024;0;Total;9617;NR;number;SORS;Registered employment by sex and municipalities of residence (NSTJ) ;A;Normal value
24021105IND01;80110;Bečej;00;2024;1;Male;5386;NR;number;SORS;Registered employment by sex and municipalities of residence (NSTJ) ;A;Normal value
24021105IND01;80110;Bečej;00;2024;2;Female;4232;NR;number;SORS;Registered employment by sex and municipalities of residence (NSTJ) ;A;Normal value
24021105IND01;80110;Bečej;00;2023;0;Total;9719;NR;number;SORS;Registered employment by sex and municipalities of residence (NSTJ) ;A;Normal value
24021105IND01;80110;Bečej;00;2023;1;Male;5447;NR;number;SORS;Registered employment by sex and municipalities of residence (NSTJ) ;A;Normal value
24021105IND01;80110;Bečej;00;2023;2;Female;4272;NR;number;SORS;Registered employment by sex and municipalities of residence (NSTJ) ;A;Normal value
24021105IND01;80110;Bečej;00;2022;0;Total;9665;NR;number;SORS;Registered employment by sex and municipalities of residence (NSTJ) ;A;Normal value
24021105IND01;80110;Bečej;00;2022;1;Male;5457;NR;number;SORS;Registered employment by sex and municipalities of residence (NSTJ) ;A;Normal value
24021105IND01;80110;Bečej;00;2022;2;Female;4208;NR;number;SORS;Registered employment by sex and municipalities of residence (NSTJ) ;A;Normal value
24021105IND01;80110;Bečej;00;2021;0;Total;9725;NR;number;SORS;Registered employment by sex and municipalities of residence (NSTJ) ;A;Normal value
24021105IND01;80110;Bečej;00;2021;1;Male;5556;NR;number;SORS;Registered employment by sex and municipalities of residence (NSTJ) ;A;Normal value
24021105IND01;80110;Bečej;00;2021;2;Female;4169;NR;number;SORS;Registered employment by sex and municipalities of residence (NSTJ) ;A;Normal value
24021105IND01;80110;Bečej;00;2020;0;Total;9504;NR;number;SORS;Registered employment by sex and municipalities of residence (NSTJ) ;A;Normal value
24021105IND01;80110;Bečej;00;2020;1;Male;5449;NR;number;SORS;Registered employment by sex and municipalities of residence (NSTJ) ;A;Normal value
24021105IND01;80110;Bečej;00;2020;2;Female;4055;NR;number;SORS;Registered employment by sex and municipalities of residence (NSTJ) ;A;Normal value
24021105IND01;80110;Bečej;00;2019;0;Total;9374;NR;number;SORS;Registered employment by sex and municipalities of residence (NSTJ) ;A;Normal value
24021105IND01;80110;Bečej;00;2019;1;Male;5402;NR;number;SORS;Registered employment by sex and municipalities of residence (NSTJ) ;A;Normal value
24021105IND01;80110;Bečej;00;2019;2;Female;3972;NR;number;SORS;Registered employment by sex and municipalities of residence (NSTJ) ;A;Normal value
24021105IND01;80110;Bečej;00;2018;0;Total;9297;NR;number;SORS;Registered employment by sex and municipalities of residence (NSTJ) ;A;Normal value
24021105IND01;80110;Bečej;00;2018;1;Male;5447;NR;number;SORS;Registered employment by sex and municipalities of residence (NSTJ) ;A;Normal value
24021105IND01;80110;Bečej;00;2018;2;Female;3849;NR;number;SORS;Registered employment by sex and municipalities of residence (NSTJ) ;A;Normal value
24021105IND01;80110;Bečej;00;2017;0;Total;9004;NR;number;SORS;Registered employment by sex and municipalities of residence (NSTJ) ;A;Normal value
24021105IND01;80110;Bečej;00;2017;1;Male;5372;NR;number;SORS;Registered employment by sex and municipalities of residence (NSTJ) ;A;Normal value
24021105IND01;80110;Bečej;00;2017;2;Female;3631;NR;number;SORS;Registered employment by sex and municipalities of residence (NSTJ) ;A;Normal value
24021105IND01;80110;Bečej;00;2016;0;Total;8775;NR;number;SORS;Registered employment by sex and municipalities of residence (NSTJ) ;A;Normal value
24021105IND01;80110;Bečej;00;2016;1;Male;5275;NR;number;SORS;Registered employment by sex and municipalities of residence (NSTJ) ;A;Normal value
24021105IND01;80110;Bečej;00;2016;2;Female;3500;NR;number;SORS;Registered employment by sex and municipalities of residence (NSTJ) ;A;Normal value
24021105IND01;80128;Vršac;00;2016;0;Total;14158;NR;number;SORS;Registered employment by sex and municipalities of residence (NSTJ) ;A;Normal value
24021105IND01;80128;Vršac;00;2016;1;Male;7400;NR;number;SORS;Registered employment by sex and municipalities of residence (NSTJ) ;A;Normal value
24021105IND01;80128;Vršac;00;2016;2;Female;6758;NR;number;SORS;Registered employment by sex and municipalities of residence (NSTJ) ;A;Normal value
24021105IND01;80128;Vršac;00;2017;0;Total;14290;NR;number;SORS;Registered employment by sex and municipalities of residence (NSTJ) ;A;Normal value
24021105IND01;80128;Vršac;00;2017;1;Male;7440;NR;number;SORS;Registered employment by sex and municipalities of residence (NSTJ) ;A;Normal value
24021105IND01;80128;Vršac;00;2017;2;Female;6849;NR;number;SORS;Registered employment by sex and municipalities of residence (NSTJ) ;A;Normal value
24021105IND01;80128;Vršac;00;2018;0;Total;14597;NR;number;SORS;Registered employment by sex and municipalities of residence (NSTJ) ;A;Normal value
24021105IND01;80128;Vršac;00;2018;1;Male;7575;NR;number;SORS;Registered employment by sex and municipalities of residence (NSTJ) ;A;Normal value
24021105IND01;80128;Vršac;00;2018;2;Female;7022;NR;number;SORS;Registered employment by sex and municipalities of residence (NSTJ) ;A;Normal value
24021105IND01;80128;Vršac;00;2019;0;Total;14669;NR;number;SORS;Registered employment by sex and municipalities of residence (NSTJ) ;A;Normal value
24021105IND01;80128;Vršac;00;2019;1;Male;7590;NR;number;SORS;Registered employment by sex and municipalities of residence (NSTJ) ;A;Normal value
24021105IND01;80128;Vršac;00;2019;2;Female;7080;NR;number;SORS;Registered employment by sex and municipalities of residence (NSTJ) ;A;Normal value
24021105IND01;80128;Vršac;00;2020;0;Total;14584;NR;number;SORS;Registered employment by sex and municipalities of residence (NSTJ) ;A;Normal value
24021105IND01;80128;Vršac;00;2020;1;Male;7529;NR;number;SORS;Registered employment by sex and municipalities of residence (NSTJ) ;A;Normal value
24021105IND01;80128;Vršac;00;2020;2;Female;7054;NR;number;SORS;Registered employment by sex and municipalities of residence (NSTJ) ;A;Normal value
24021105IND01;80128;Vršac;00;2021;0;Total;14640;NR;number;SORS;Registered employment by sex and municipalities of residence (NSTJ) ;A;Normal value
24021105IND01;80128;Vršac;00;2021;1;Male;7565;NR;number;SORS;Registered employment by sex and municipalities of residence (NSTJ) ;A;Normal value
24021105IND01;80128;Vršac;00;2021;2;Female;7075;NR;number;SORS;Registered employment by sex and municipalities of residence (NSTJ) ;A;Normal value
24021105IND01;80128;Vršac;00;2022;0;Total;14850;NR;number;SORS;Registered employment by sex and municipalities of residence (NSTJ) ;A;Normal value
24021105IND01;80128;Vršac;00;2022;1;Male;7663;NR;number;SORS;Registered employment by sex and municipalities of residence (NSTJ) ;A;Normal value
24021105IND01;80128;Vršac;00;2022;2;Female;7186;NR;number;SORS;Registered employment by sex and municipalities of residence (NSTJ) ;A;Normal value
24021105IND01;80128;Vršac;00;2023;0;Total;15105;NR;number;SORS;Registered employment by sex and municipalities of residence (NSTJ) ;A;Normal value
24021105IND01;80128;Vršac;00;2023;1;Male;7757;NR;number;SORS;Registered employment by sex and municipalities of residence (NSTJ) ;A;Normal value
24021105IND01;80128;Vršac;00;2023;2;Female;7348;NR;number;SORS;Registered employment by sex and municipalities of residence (NSTJ) ;A;Normal value
24021105IND01;80128;Vršac;00;2024;0;Total;15084;NR;number;SORS;Registered employment by sex and municipalities of residence (NSTJ) ;A;Normal value
24021105IND01;80128;Vršac;00;2024;1;Male;7772;NR;number;SORS;Registered employment by sex and municipalities of residence (NSTJ) ;A;Normal value
24021105IND01;80128;Vršac;00;2024;2;Female;7312;NR;number;SORS;Registered employment by sex and municipalities of residence (NSTJ) ;A;Normal value
24021105IND01;80128;Vršac;00;2025;0;Total;14968;NR;number;SORS;Registered employment by sex and municipalities of residence (NSTJ) ;A;Normal value
24021105IND01;80128;Vršac;00;2025;1;Male;7698;NR;number;SORS;Registered employment by sex and municipalities of residence (NSTJ) ;A;Normal value
24021105IND01;80128;Vršac;00;2025;2;Female;7270;NR;number;SORS;Registered employment by sex and municipalities of residence (NSTJ) ;A;Normal value
24021105IND01;80136;Žabalj;00;2025;0;Total;8086;NR;number;SORS;Registered employment by sex and municipalities of residence (NSTJ) ;A;Normal value
24021105IND01;80136;Žabalj;00;2025;1;Male;4460;NR;number;SORS;Registered employment by sex and municipalities of residence (NSTJ) ;A;Normal value
24021105IND01;80136;Žabalj;00;2025;2;Female;3626;NR;number;SORS;Registered employment by sex and municipalities of residence (NSTJ) ;A;Normal value
24021105IND01;80136;Žabalj;00;2024;0;Total;8039;NR;number;SORS;Registered employment by sex and municipalities of residence (NSTJ) ;A;Normal value
24021105IND01;80136;Žabalj;00;2024;1;Male;4461;NR;number;SORS;Registered employment by sex and municipalities of residence (NSTJ) ;A;Normal value
24021105IND01;80136;Žabalj;00;2024;2;Female;3578;NR;number;SORS;Registered employment by sex and municipalities of residence (NSTJ) ;A;Normal value
24021105IND01;80136;Žabalj;00;2023;0;Total;7911;NR;number;SORS;Registered employment by sex and municipalities of residence (NSTJ) ;A;Normal value
24021105IND01;80136;Žabalj;00;2023;1;Male;4421;NR;number;SORS;Registered employment by sex and municipalities of residence (NSTJ) ;A;Normal value
24021105IND01;80136;Žabalj;00;2023;2;Female;3490;NR;number;SORS;Registered employment by sex and municipalities of residence (NSTJ) ;A;Normal value
24021105IND01;80136;Žabalj;00;2022;0;Total;7690;NR;number;SORS;Registered employment by sex and municipalities of residence (NSTJ) ;A;Normal value
24021105IND01;80136;Žabalj;00;2022;1;Male;4374;NR;number;SORS;Registered employment by sex and municipalities of residence (NSTJ) ;A;Normal value
24021105IND01;80136;Žabalj;00;2022;2;Female;3315;NR;number;SORS;Registered employment by sex and municipalities of residence (NSTJ) ;A;Normal value
24021105IND01;80136;Žabalj;00;2021;0;Total;7567;NR;number;SORS;Registered employment by sex and municipalities of residence (NSTJ) ;A;Normal value
24021105IND01;80136;Žabalj;00;2021;1;Male;4379;NR;number;SORS;Registered employment by sex and municipalities of residence (NSTJ) ;A;Normal value
24021105IND01;80136;Žabalj;00;2021;2;Female;3188;NR;number;SORS;Registered employment by sex and municipalities of residence (NSTJ) ;A;Normal value
24021105IND01;80136;Žabalj;00;2020;0;Total;7331;NR;number;SORS;Registered employment by sex and municipalities of residence (NSTJ) ;A;Normal value
24021105IND01;80136;Žabalj;00;2020;1;Male;4264;NR;number;SORS;Registered employment by sex and municipalities of residence (NSTJ) ;A;Normal value
24021105IND01;80136;Žabalj;00;2020;2;Female;3066;NR;number;SORS;Registered employment by sex and municipalities of residence (NSTJ) ;A;Normal value
24021105IND01;80136;Žabalj;00;2019;0;Total;7046;NR;number;SORS;Registered employment by sex and municipalities of residence (NSTJ) ;A;Normal value
24021105IND01;80136;Žabalj;00;2019;1;Male;4106;NR;number;SORS;Registered employment by sex and municipalities of residence (NSTJ) ;A;Normal value
24021105IND01;80136;Žabalj;00;2019;2;Female;2939;NR;number;SORS;Registered employment by sex and municipalities of residence (NSTJ) ;A;Normal value
24021105IND01;80136;Žabalj;00;2018;0;Total;6869;NR;number;SORS;Registered employment by sex and municipalities of residence (NSTJ) ;A;Normal value
24021105IND01;80136;Žabalj;00;2018;1;Male;4045;NR;number;SORS;Registered employment by sex and municipalities of residence (NSTJ) ;A;Normal value
24021105IND01;80136;Žabalj;00;2018;2;Female;2824;NR;number;SORS;Registered employment by sex and municipalities of residence (NSTJ) ;A;Normal value
24021105IND01;80136;Žabalj;00;2017;0;Total;6253;NR;number;SORS;Registered employment by sex and municipalities of residence (NSTJ) ;A;Normal value
24021105IND01;80136;Žabalj;00;2017;1;Male;3769;NR;number;SORS;Registered employment by sex and municipalities of residence (NSTJ) ;A;Normal value
24021105IND01;80136;Žabalj;00;2017;2;Female;2484;NR;number;SORS;Registered employment by sex and municipalities of residence (NSTJ) ;A;Normal value
24021105IND01;80136;Žabalj;00;2016;0;Total;5868;NR;number;SORS;Registered employment by sex and municipalities of residence (NSTJ) ;A;Normal value
24021105IND01;80136;Žabalj;00;2016;1;Male;3598;NR;number;SORS;Registered employment by sex and municipalities of residence (NSTJ) ;A;Normal value
24021105IND01;80136;Žabalj;00;2016;2;Female;2269;NR;number;SORS;Registered employment by sex and municipalities of residence (NSTJ) ;A;Normal value
24021105IND01;80144;Žitište;00;2016;0;Total;3572;NR;number;SORS;Registered employment by sex and municipalities of residence (NSTJ) ;A;Normal value
24021105IND01;80144;Žitište;00;2016;1;Male;2282;NR;number;SORS;Registered employment by sex and municipalities of residence (NSTJ) ;A;Normal value
24021105IND01;80144;Žitište;00;2016;2;Female;1290;NR;number;SORS;Registered employment by sex and municipalities of residence (NSTJ) ;A;Normal value
24021105IND01;80144;Žitište;00;2017;0;Total;3615;NR;number;SORS;Registered employment by sex and municipalities of residence (NSTJ) ;A;Normal value
24021105IND01;80144;Žitište;00;2017;1;Male;2285;NR;number;SORS;Registered employment by sex and municipalities of residence (NSTJ) ;A;Normal value
24021105IND01;80144;Žitište;00;2017;2;Female;1330;NR;number;SORS;Registered employment by sex and municipalities of residence (NSTJ) ;A;Normal value
24021105IND01;80144;Žitište;00;2018;0;Total;3911;NR;number;SORS;Registered employment by sex and municipalities of residence (NSTJ) ;A;Normal value
24021105IND01;80144;Žitište;00;2018;1;Male;2444;NR;number;SORS;Registered employment by sex and municipalities of residence (NSTJ) ;A;Normal value
24021105IND01;80144;Žitište;00;2018;2;Female;1468;NR;number;SORS;Registered employment by sex and municipalities of residence (NSTJ) ;A;Normal value
24021105IND01;80144;Žitište;00;2019;0;Total;3954;NR;number;SORS;Registered employment by sex and municipalities of residence (NSTJ) ;A;Normal value
24021105IND01;80144;Žitište;00;2019;1;Male;2463;NR;number;SORS;Registered employment by sex and municipalities of residence (NSTJ) ;A;Normal value
24021105IND01;80144;Žitište;00;2019;2;Female;1491;NR;number;SORS;Registered employment by sex and municipalities of residence (NSTJ) ;A;Normal value
24021105IND01;80144;Žitište;00;2020;0;Total;3900;NR;number;SORS;Registered employment by sex and municipalities of residence (NSTJ) ;A;Normal value
24021105IND01;80144;Žitište;00;2020;1;Male;2408;NR;number;SORS;Registered employment by sex and municipalities of residence (NSTJ) ;A;Normal value
24021105IND01;80144;Žitište;00;2020;2;Female;1492;NR;number;SORS;Registered employment by sex and municipalities of residence (NSTJ) ;A;Normal value
24021105IND01;80144;Žitište;00;2021;0;Total;3869;NR;number;SORS;Registered employment by sex and municipalities of residence (NSTJ) ;A;Normal value
24021105IND01;80144;Žitište;00;2021;1;Male;2403;NR;number;SORS;Registered employment by sex and municipalities of residence (NSTJ) ;A;Normal value
24021105IND01;80144;Žitište;00;2021;2;Female;1466;NR;number;SORS;Registered employment by sex and municipalities of residence (NSTJ) ;A;Normal value
24021105IND01;80144;Žitište;00;2022;0;Total;3920;NR;number;SORS;Registered employment by sex and municipalities of residence (NSTJ) ;A;Normal value
24021105IND01;80144;Žitište;00;2022;1;Male;2407;NR;number;SORS;Registered employment by sex and municipalities of residence (NSTJ) ;A;Normal value
24021105IND01;80144;Žitište;00;2022;2;Female;1513;NR;number;SORS;Registered employment by sex and municipalities of residence (NSTJ) ;A;Normal value
24021105IND01;80144;Žitište;00;2023;0;Total;3964;NR;number;SORS;Registered employment by sex and municipalities of residence (NSTJ) ;A;Normal value
24021105IND01;80144;Žitište;00;2023;1;Male;2406;NR;number;SORS;Registered employment by sex and municipalities of residence (NSTJ) ;A;Normal value
24021105IND01;80144;Žitište;00;2023;2;Female;1558;NR;number;SORS;Registered employment by sex and municipalities of residence (NSTJ) ;A;Normal value
24021105IND01;80144;Žitište;00;2024;0;Total;3973;NR;number;SORS;Registered employment by sex and municipalities of residence (NSTJ) ;A;Normal value
24021105IND01;80144;Žitište;00;2024;1;Male;2379;NR;number;SORS;Registered employment by sex and municipalities of residence (NSTJ) ;A;Normal value
24021105IND01;80144;Žitište;00;2024;2;Female;1595;NR;number;SORS;Registered employment by sex and municipalities of residence (NSTJ) ;A;Normal value
24021105IND01;80144;Žitište;00;2025;0;Total;4008;NR;number;SORS;Registered employment by sex and municipalities of residence (NSTJ) ;A;Normal value
24021105IND01;80144;Žitište;00;2025;1;Male;2393;NR;number;SORS;Registered employment by sex and municipalities of residence (NSTJ) ;A;Normal value
24021105IND01;80144;Žitište;00;2025;2;Female;1615;NR;number;SORS;Registered employment by sex and municipalities of residence (NSTJ) ;A;Normal value
24021105IND01;80152;Zrenjanin;00;2025;0;Total;38780;NR;number;SORS;Registered employment by sex and municipalities of residence (NSTJ) ;A;Normal value
24021105IND01;80152;Zrenjanin;00;2025;1;Male;21138;NR;number;SORS;Registered employment by sex and municipalities of residence (NSTJ) ;A;Normal value
24021105IND01;80152;Zrenjanin;00;2025;2;Female;17642;NR;number;SORS;Registered employment by sex and municipalities of residence (NSTJ) ;A;Normal value
24021105IND01;80152;Zrenjanin;00;2024;0;Total;39038;NR;number;SORS;Registered employment by sex and municipalities of residence (NSTJ) ;A;Normal value
24021105IND01;80152;Zrenjanin;00;2024;1;Male;21224;NR;number;SORS;Registered employment by sex and municipalities of residence (NSTJ) ;A;Normal value
24021105IND01;80152;Zrenjanin;00;2024;2;Female;17814;NR;number;SORS;Registered employment by sex and municipalities of residence (NSTJ) ;A;Normal value
24021105IND01;80152;Zrenjanin;00;2023;0;Total;38892;NR;number;SORS;Registered employment by sex and municipalities of residence (NSTJ) ;A;Normal value
24021105IND01;80152;Zrenjanin;00;2023;1;Male;21097;NR;number;SORS;Registered employment by sex and municipalities of residence (NSTJ) ;A;Normal value
24021105IND01;80152;Zrenjanin;00;2023;2;Female;17795;NR;number;SORS;Registered employment by sex and municipalities of residence (NSTJ) ;A;Normal value
24021105IND01;80152;Zrenjanin;00;2022;0;Total;38112;NR;number;SORS;Registered employment by sex and municipalities of residence (NSTJ) ;A;Normal value
24021105IND01;80152;Zrenjanin;00;2022;1;Male;20779;NR;number;SORS;Registered employment by sex and municipalities of residence (NSTJ) ;A;Normal value
24021105IND01;80152;Zrenjanin;00;2022;2;Female;17333;NR;number;SORS;Registered employment by sex and municipalities of residence (NSTJ) ;A;Normal value
24021105IND01;80152;Zrenjanin;00;2021;0;Total;37534;NR;number;SORS;Registered employment by sex and municipalities of residence (NSTJ) ;A;Normal value
24021105IND01;80152;Zrenjanin;00;2021;1;Male;20455;NR;number;SORS;Registered employment by sex and municipalities of residence (NSTJ) ;A;Normal value
24021105IND01;80152;Zrenjanin;00;2021;2;Female;17079;NR;number;SORS;Registered employment by sex and municipalities of residence (NSTJ) ;A;Normal value
24021105IND01;80152;Zrenjanin;00;2020;0;Total;36882;NR;number;SORS;Registered employment by sex and municipalities of residence (NSTJ) ;A;Normal value
24021105IND01;80152;Zrenjanin;00;2020;1;Male;19794;NR;number;SORS;Registered employment by sex and municipalities of residence (NSTJ) ;A;Normal value
24021105IND01;80152;Zrenjanin;00;2020;2;Female;17088;NR;number;SORS;Registered employment by sex and municipalities of residence (NSTJ) ;A;Normal value
24021105IND01;80152;Zrenjanin;00;2019;0;Total;37184;NR;number;SORS;Registered employment by sex and municipalities of residence (NSTJ) ;A;Normal value
24021105IND01;80152;Zrenjanin;00;2019;1;Male;20159;NR;number;SORS;Registered employment by sex and municipalities of residence (NSTJ) ;A;Normal value
24021105IND01;80152;Zrenjanin;00;2019;2;Female;17026;NR;number;SORS;Registered employment by sex and municipalities of residence (NSTJ) ;A;Normal value
24021105IND01;80152;Zrenjanin;00;2018;0;Total;37435;NR;number;SORS;Registered employment by sex and municipalities of residence (NSTJ) ;A;Normal value
24021105IND01;80152;Zrenjanin;00;2018;1;Male;20469;NR;number;SORS;Registered employment by sex and municipalities of residence (NSTJ) ;A;Normal value
24021105IND01;80152;Zrenjanin;00;2018;2;Female;16966;NR;number;SORS;Registered employment by sex and municipalities of residence (NSTJ) ;A;Normal value
24021105IND01;80152;Zrenjanin;00;2017;0;Total;35647;NR;number;SORS;Registered employment by sex and municipalities of residence (NSTJ) ;A;Normal value
24021105IND01;80152;Zrenjanin;00;2017;1;Male;19690;NR;number;SORS;Registered employment by sex and municipalities of residence (NSTJ) ;A;Normal value
24021105IND01;80152;Zrenjanin;00;2017;2;Female;15957;NR;number;SORS;Registered employment by sex and municipalities of residence (NSTJ) ;A;Normal value
24021105IND01;80152;Zrenjanin;00;2016;0;Total;34704;NR;number;SORS;Registered employment by sex and municipalities of residence (NSTJ) ;A;Normal value
24021105IND01;80152;Zrenjanin;00;2016;1;Male;19301;NR;number;SORS;Registered employment by sex and municipalities of residence (NSTJ) ;A;Normal value
24021105IND01;80152;Zrenjanin;00;2016;2;Female;15403;NR;number;SORS;Registered employment by sex and municipalities of residence (NSTJ) ;A;Normal value
24021105IND01;80179;Inđija;00;2016;0;Total;13925;NR;number;SORS;Registered employment by sex and municipalities of residence (NSTJ) ;A;Normal value
24021105IND01;80179;Inđija;00;2016;1;Male;7500;NR;number;SORS;Registered employment by sex and municipalities of residence (NSTJ) ;A;Normal value
24021105IND01;80179;Inđija;00;2016;2;Female;6424;NR;number;SORS;Registered employment by sex and municipalities of residence (NSTJ) ;A;Normal value
24021105IND01;80179;Inđija;00;2017;0;Total;14687;NR;number;SORS;Registered employment by sex and municipalities of residence (NSTJ) ;A;Normal value
24021105IND01;80179;Inđija;00;2017;1;Male;7835;NR;number;SORS;Registered employment by sex and municipalities of residence (NSTJ) ;A;Normal value
24021105IND01;80179;Inđija;00;2017;2;Female;6853;NR;number;SORS;Registered employment by sex and municipalities of residence (NSTJ) ;A;Normal value
24021105IND01;80179;Inđija;00;2018;0;Total;15077;NR;number;SORS;Registered employment by sex and municipalities of residence (NSTJ) ;A;Normal value
24021105IND01;80179;Inđija;00;2018;1;Male;8035;NR;number;SORS;Registered employment by sex and municipalities of residence (NSTJ) ;A;Normal value
24021105IND01;80179;Inđija;00;2018;2;Female;7041;NR;number;SORS;Registered employment by sex and municipalities of residence (NSTJ) ;A;Normal value
24021105IND01;80179;Inđija;00;2019;0;Total;15254;NR;number;SORS;Registered employment by sex and municipalities of residence (NSTJ) ;A;Normal value
24021105IND01;80179;Inđija;00;2019;1;Male;8120;NR;number;SORS;Registered employment by sex and municipalities of residence (NSTJ) ;A;Normal value
24021105IND01;80179;Inđija;00;2019;2;Female;7135;NR;number;SORS;Registered employment by sex and municipalities of residence (NSTJ) ;A;Normal value
24021105IND01;80179;Inđija;00;2020;0;Total;15477;NR;number;SORS;Registered employment by sex and municipalities of residence (NSTJ) ;A;Normal value
24021105IND01;80179;Inđija;00;2020;1;Male;8252;NR;number;SORS;Registered employment by sex and municipalities of residence (NSTJ) ;A;Normal value
24021105IND01;80179;Inđija;00;2020;2;Female;7225;NR;number;SORS;Registered employment by sex and municipalities of residence (NSTJ) ;A;Normal value
24021105IND01;80179;Inđija;00;2021;0;Total;15898;NR;number;SORS;Registered employment by sex and municipalities of residence (NSTJ) ;A;Normal value
24021105IND01;80179;Inđija;00;2021;1;Male;8440;NR;number;SORS;Registered employment by sex and municipalities of residence (NSTJ) ;A;Normal value
24021105IND01;80179;Inđija;00;2021;2;Female;7458;NR;number;SORS;Registered employment by sex and municipalities of residence (NSTJ) ;A;Normal value
24021105IND01;80179;Inđija;00;2022;0;Total;16133;NR;number;SORS;Registered employment by sex and municipalities of residence (NSTJ) ;A;Normal value
24021105IND01;80179;Inđija;00;2022;1;Male;8502;NR;number;SORS;Registered employment by sex and municipalities of residence (NSTJ) ;A;Normal value
24021105IND01;80179;Inđija;00;2022;2;Female;7631;NR;number;SORS;Registered employment by sex and municipalities of residence (NSTJ) ;A;Normal value
24021105IND01;80179;Inđija;00;2023;0;Total;16519;NR;number;SORS;Registered employment by sex and municipalities of residence (NSTJ) ;A;Normal value
24021105IND01;80179;Inđija;00;2023;1;Male;8699;NR;number;SORS;Registered employment by sex and municipalities of residence (NSTJ) ;A;Normal value
24021105IND01;80179;Inđija;00;2023;2;Female;7820;NR;number;SORS;Registered employment by sex and municipalities of residence (NSTJ) ;A;Normal value
24021105IND01;80179;Inđija;00;2024;0;Total;16591;NR;number;SORS;Registered employment by sex and municipalities of residence (NSTJ) ;A;Normal value
24021105IND01;80179;Inđija;00;2024;1;Male;8729;NR;number;SORS;Registered employment by sex and municipalities of residence (NSTJ) ;A;Normal value
24021105IND01;80179;Inđija;00;2024;2;Female;7862;NR;number;SORS;Registered employment by sex and municipalities of residence (NSTJ) ;A;Normal value
24021105IND01;80179;Inđija;00;2025;0;Total;16759;NR;number;SORS;Registered employment by sex and municipalities of residence (NSTJ) ;A;Normal value
24021105IND01;80179;Inđija;00;2025;1;Male;8811;NR;number;SORS;Registered employment by sex and municipalities of residence (NSTJ) ;A;Normal value
24021105IND01;80179;Inđija;00;2025;2;Female;7947;NR;number;SORS;Registered employment by sex and municipalities of residence (NSTJ) ;A;Normal value
24021105IND01;80187;Irig;00;2025;0;Total;3129;NR;number;SORS;Registered employment by sex and municipalities of residence (NSTJ) ;A;Normal value
24021105IND01;80187;Irig;00;2025;1;Male;1767;NR;number;SORS;Registered employment by sex and municipalities of residence (NSTJ) ;A;Normal value
24021105IND01;80187;Irig;00;2025;2;Female;1362;NR;number;SORS;Registered employment by sex and municipalities of residence (NSTJ) ;A;Normal value
24021105IND01;80187;Irig;00;2024;0;Total;3119;NR;number;SORS;Registered employment by sex and municipalities of residence (NSTJ) ;A;Normal value
24021105IND01;80187;Irig;00;2024;1;Male;1754;NR;number;SORS;Registered employment by sex and municipalities of residence (NSTJ) ;A;Normal value
24021105IND01;80187;Irig;00;2024;2;Female;1365;NR;number;SORS;Registered employment by sex and municipalities of residence (NSTJ) ;A;Normal value
24021105IND01;80187;Irig;00;2023;0;Total;3097;NR;number;SORS;Registered employment by sex and municipalities of residence (NSTJ) ;A;Normal value
24021105IND01;80187;Irig;00;2023;1;Male;1758;NR;number;SORS;Registered employment by sex and municipalities of residence (NSTJ) ;A;Normal value
24021105IND01;80187;Irig;00;2023;2;Female;1339;NR;number;SORS;Registered employment by sex and municipalities of residence (NSTJ) ;A;Normal value
24021105IND01;80187;Irig;00;2022;0;Total;2981;NR;number;SORS;Registered employment by sex and municipalities of residence (NSTJ) ;A;Normal value
24021105IND01;80187;Irig;00;2022;1;Male;1697;NR;number;SORS;Registered employment by sex and municipalities of residence (NSTJ) ;A;Normal value
24021105IND01;80187;Irig;00;2022;2;Female;1283;NR;number;SORS;Registered employment by sex and municipalities of residence (NSTJ) ;A;Normal value
24021105IND01;80187;Irig;00;2021;0;Total;2897;NR;number;SORS;Registered employment by sex and municipalities of residence (NSTJ) ;A;Normal value
24021105IND01;80187;Irig;00;2021;1;Male;1657;NR;number;SORS;Registered employment by sex and municipalities of residence (NSTJ) ;A;Normal value
24021105IND01;80187;Irig;00;2021;2;Female;1239;NR;number;SORS;Registered employment by sex and municipalities of residence (NSTJ) ;A;Normal value
24021105IND01;80187;Irig;00;2020;0;Total;2824;NR;number;SORS;Registered employment by sex and municipalities of residence (NSTJ) ;A;Normal value
24021105IND01;80187;Irig;00;2020;1;Male;1612;NR;number;SORS;Registered employment by sex and municipalities of residence (NSTJ) ;A;Normal value
24021105IND01;80187;Irig;00;2020;2;Female;1212;NR;number;SORS;Registered employment by sex and municipalities of residence (NSTJ) ;A;Normal value
24021105IND01;80187;Irig;00;2019;0;Total;2825;NR;number;SORS;Registered employment by sex and municipalities of residence (NSTJ) ;A;Normal value
24021105IND01;80187;Irig;00;2019;1;Male;1608;NR;number;SORS;Registered employment by sex and municipalities of residence (NSTJ) ;A;Normal value
24021105IND01;80187;Irig;00;2019;2;Female;1217;NR;number;SORS;Registered employment by sex and municipalities of residence (NSTJ) ;A;Normal value
24021105IND01;80187;Irig;00;2018;0;Total;2774;NR;number;SORS;Registered employment by sex and municipalities of residence (NSTJ) ;A;Normal value
24021105IND01;80187;Irig;00;2018;1;Male;1575;NR;number;SORS;Registered employment by sex and municipalities of residence (NSTJ) ;A;Normal value
24021105IND01;80187;Irig;00;2018;2;Female;1199;NR;number;SORS;Registered employment by sex and municipalities of residence (NSTJ) ;A;Normal value
24021105IND01;80187;Irig;00;2017;0;Total;2610;NR;number;SORS;Registered employment by sex and municipalities of residence (NSTJ) ;A;Normal value
24021105IND01;80187;Irig;00;2017;1;Male;1475;NR;number;SORS;Registered employment by sex and municipalities of residence (NSTJ) ;A;Normal value
24021105IND01;80187;Irig;00;2017;2;Female;1136;NR;number;SORS;Registered employment by sex and municipalities of residence (NSTJ) ;A;Normal value
24021105IND01;80187;Irig;00;2016;0;Total;2479;NR;number;SORS;Registered employment by sex and municipalities of residence (NSTJ) ;A;Normal value
24021105IND01;80187;Irig;00;2016;1;Male;1414;NR;number;SORS;Registered employment by sex and municipalities of residence (NSTJ) ;A;Normal value
24021105IND01;80187;Irig;00;2016;2;Female;1065;NR;number;SORS;Registered employment by sex and municipalities of residence (NSTJ) ;A;Normal value
24021105IND01;80195;Kanjiža;00;2016;0;Total;5974;NR;number;SORS;Registered employment by sex and municipalities of residence (NSTJ) ;A;Normal value
24021105IND01;80195;Kanjiža;00;2016;1;Male;3569;NR;number;SORS;Registered employment by sex and municipalities of residence (NSTJ) ;A;Normal value
24021105IND01;80195;Kanjiža;00;2016;2;Female;2405;NR;number;SORS;Registered employment by sex and municipalities of residence (NSTJ) ;A;Normal value
24021105IND01;80195;Kanjiža;00;2017;0;Total;5938;NR;number;SORS;Registered employment by sex and municipalities of residence (NSTJ) ;A;Normal value
24021105IND01;80195;Kanjiža;00;2017;1;Male;3488;NR;number;SORS;Registered employment by sex and municipalities of residence (NSTJ) ;A;Normal value
24021105IND01;80195;Kanjiža;00;2017;2;Female;2450;NR;number;SORS;Registered employment by sex and municipalities of residence (NSTJ) ;A;Normal value
24021105IND01;80195;Kanjiža;00;2018;0;Total;5898;NR;number;SORS;Registered employment by sex and municipalities of residence (NSTJ) ;A;Normal value
24021105IND01;80195;Kanjiža;00;2018;1;Male;3429;NR;number;SORS;Registered employment by sex and municipalities of residence (NSTJ) ;A;Normal value
24021105IND01;80195;Kanjiža;00;2018;2;Female;2469;NR;number;SORS;Registered employment by sex and municipalities of residence (NSTJ) ;A;Normal value
24021105IND01;80195;Kanjiža;00;2019;0;Total;5788;NR;number;SORS;Registered employment by sex and municipalities of residence (NSTJ) ;A;Normal value
24021105IND01;80195;Kanjiža;00;2019;1;Male;3336;NR;number;SORS;Registered employment by sex and municipalities of residence (NSTJ) ;A;Normal value
24021105IND01;80195;Kanjiža;00;2019;2;Female;2452;NR;number;SORS;Registered employment by sex and municipalities of residence (NSTJ) ;A;Normal value
24021105IND01;80195;Kanjiža;00;2020;0;Total;5707;NR;number;SORS;Registered employment by sex and municipalities of residence (NSTJ) ;A;Normal value
24021105IND01;80195;Kanjiža;00;2020;1;Male;3264;NR;number;SORS;Registered employment by sex and municipalities of residence (NSTJ) ;A;Normal value
24021105IND01;80195;Kanjiža;00;2020;2;Female;2443;NR;number;SORS;Registered employment by sex and municipalities of residence (NSTJ) ;A;Normal value
24021105IND01;80195;Kanjiža;00;2021;0;Total;5710;NR;number;SORS;Registered employment by sex and municipalities of residence (NSTJ) ;A;Normal value
24021105IND01;80195;Kanjiža;00;2021;1;Male;3288;NR;number;SORS;Registered employment by sex and municipalities of residence (NSTJ) ;A;Normal value
24021105IND01;80195;Kanjiža;00;2021;2;Female;2422;NR;number;SORS;Registered employment by sex and municipalities of residence (NSTJ) ;A;Normal value
24021105IND01;80195;Kanjiža;00;2022;0;Total;5686;NR;number;SORS;Registered employment by sex and municipalities of residence (NSTJ) ;A;Normal value
24021105IND01;80195;Kanjiža;00;2022;1;Male;3248;NR;number;SORS;Registered employment by sex and municipalities of residence (NSTJ) ;A;Normal value
24021105IND01;80195;Kanjiža;00;2022;2;Female;2438;NR;number;SORS;Registered employment by sex and municipalities of residence (NSTJ) ;A;Normal value
24021105IND01;80195;Kanjiža;00;2023;0;Total;5594;NR;number;SORS;Registered employment by sex and municipalities of residence (NSTJ) ;A;Normal value
24021105IND01;80195;Kanjiža;00;2023;1;Male;3165;NR;number;SORS;Registered employment by sex and municipalities of residence (NSTJ) ;A;Normal value
24021105IND01;80195;Kanjiža;00;2023;2;Female;2430;NR;number;SORS;Registered employment by sex and municipalities of residence (NSTJ) ;A;Normal value
24021105IND01;80195;Kanjiža;00;2024;0;Total;5435;NR;number;SORS;Registered employment by sex and municipalities of residence (NSTJ) ;A;Normal value
24021105IND01;80195;Kanjiža;00;2024;1;Male;3044;NR;number;SORS;Registered employment by sex and municipalities of residence (NSTJ) ;A;Normal value
24021105IND01;80195;Kanjiža;00;2024;2;Female;2391;NR;number;SORS;Registered employment by sex and municipalities of residence (NSTJ) ;A;Normal value
24021105IND01;80195;Kanjiža;00;2025;0;Total;5364;NR;number;SORS;Registered employment by sex and municipalities of residence (NSTJ) ;A;Normal value
24021105IND01;80195;Kanjiža;00;2025;1;Male;2998;NR;number;SORS;Registered employment by sex and municipalities of residence (NSTJ) ;A;Normal value
24021105IND01;80195;Kanjiža;00;2025;2;Female;2366;NR;number;SORS;Registered employment by sex and municipalities of residence (NSTJ) ;A;Normal value
24021105IND01;80209;Kikinda;00;2025;0;Total;17605;NR;number;SORS;Registered employment by sex and municipalities of residence (NSTJ) ;A;Normal value
24021105IND01;80209;Kikinda;00;2025;1;Male;9569;NR;number;SORS;Registered employment by sex and municipalities of residence (NSTJ) ;A;Normal value
24021105IND01;80209;Kikinda;00;2025;2;Female;8037;NR;number;SORS;Registered employment by sex and municipalities of residence (NSTJ) ;A;Normal value
24021105IND01;80209;Kikinda;00;2024;0;Total;17892;NR;number;SORS;Registered employment by sex and municipalities of residence (NSTJ) ;A;Normal value
24021105IND01;80209;Kikinda;00;2024;1;Male;9699;NR;number;SORS;Registered employment by sex and municipalities of residence (NSTJ) ;A;Normal value
24021105IND01;80209;Kikinda;00;2024;2;Female;8193;NR;number;SORS;Registered employment by sex and municipalities of residence (NSTJ) ;A;Normal value
24021105IND01;80209;Kikinda;00;2023;0;Total;18073;NR;number;SORS;Registered employment by sex and municipalities of residence (NSTJ) ;A;Normal value
24021105IND01;80209;Kikinda;00;2023;1;Male;9818;NR;number;SORS;Registered employment by sex and municipalities of residence (NSTJ) ;A;Normal value
24021105IND01;80209;Kikinda;00;2023;2;Female;8255;NR;number;SORS;Registered employment by sex and municipalities of residence (NSTJ) ;A;Normal value
24021105IND01;80209;Kikinda;00;2022;0;Total;17954;NR;number;SORS;Registered employment by sex and municipalities of residence (NSTJ) ;A;Normal value
24021105IND01;80209;Kikinda;00;2022;1;Male;9796;NR;number;SORS;Registered employment by sex and municipalities of residence (NSTJ) ;A;Normal value
24021105IND01;80209;Kikinda;00;2022;2;Female;8158;NR;number;SORS;Registered employment by sex and municipalities of residence (NSTJ) ;A;Normal value
24021105IND01;80209;Kikinda;00;2021;0;Total;17831;NR;number;SORS;Registered employment by sex and municipalities of residence (NSTJ) ;A;Normal value
24021105IND01;80209;Kikinda;00;2021;1;Male;9760;NR;number;SORS;Registered employment by sex and municipalities of residence (NSTJ) ;A;Normal value
24021105IND01;80209;Kikinda;00;2021;2;Female;8072;NR;number;SORS;Registered employment by sex and municipalities of residence (NSTJ) ;A;Normal value
24021105IND01;80209;Kikinda;00;2020;0;Total;17243;NR;number;SORS;Registered employment by sex and municipalities of residence (NSTJ) ;A;Normal value
24021105IND01;80209;Kikinda;00;2020;1;Male;9393;NR;number;SORS;Registered employment by sex and municipalities of residence (NSTJ) ;A;Normal value
24021105IND01;80209;Kikinda;00;2020;2;Female;7850;NR;number;SORS;Registered employment by sex and municipalities of residence (NSTJ) ;A;Normal value
24021105IND01;80209;Kikinda;00;2019;0;Total;17165;NR;number;SORS;Registered employment by sex and municipalities of residence (NSTJ) ;A;Normal value
24021105IND01;80209;Kikinda;00;2019;1;Male;9568;NR;number;SORS;Registered employment by sex and municipalities of residence (NSTJ) ;A;Normal value
24021105IND01;80209;Kikinda;00;2019;2;Female;7596;NR;number;SORS;Registered employment by sex and municipalities of residence (NSTJ) ;A;Normal value
24021105IND01;80209;Kikinda;00;2018;0;Total;16954;NR;number;SORS;Registered employment by sex and municipalities of residence (NSTJ) ;A;Normal value
24021105IND01;80209;Kikinda;00;2018;1;Male;9564;NR;number;SORS;Registered employment by sex and municipalities of residence (NSTJ) ;A;Normal value
24021105IND01;80209;Kikinda;00;2018;2;Female;7390;NR;number;SORS;Registered employment by sex and municipalities of residence (NSTJ) ;A;Normal value
24021105IND01;80209;Kikinda;00;2017;0;Total;15964;NR;number;SORS;Registered employment by sex and municipalities of residence (NSTJ) ;A;Normal value
24021105IND01;80209;Kikinda;00;2017;1;Male;9130;NR;number;SORS;Registered employment by sex and municipalities of residence (NSTJ) ;A;Normal value
24021105IND01;80209;Kikinda;00;2017;2;Female;6835;NR;number;SORS;Registered employment by sex and municipalities of residence (NSTJ) ;A;Normal value
24021105IND01;80209;Kikinda;00;2016;0;Total;15702;NR;number;SORS;Registered employment by sex and municipalities of residence (NSTJ) ;A;Normal value
24021105IND01;80209;Kikinda;00;2016;1;Male;8992;NR;number;SORS;Registered employment by sex and municipalities of residence (NSTJ) ;A;Normal value
24021105IND01;80209;Kikinda;00;2016;2;Female;6711;NR;number;SORS;Registered employment by sex and municipalities of residence (NSTJ) ;A;Normal value
24021105IND01;80217;Kovačica;00;2016;0;Total;5098;NR;number;SORS;Registered employment by sex and municipalities of residence (NSTJ) ;A;Normal value
24021105IND01;80217;Kovačica;00;2016;1;Male;3296;NR;number;SORS;Registered employment by sex and municipalities of residence (NSTJ) ;A;Normal value
24021105IND01;80217;Kovačica;00;2016;2;Female;1802;NR;number;SORS;Registered employment by sex and municipalities of residence (NSTJ) ;A;Normal value
24021105IND01;80217;Kovačica;00;2017;0;Total;5108;NR;number;SORS;Registered employment by sex and municipalities of residence (NSTJ) ;A;Normal value
24021105IND01;80217;Kovačica;00;2017;1;Male;3275;NR;number;SORS;Registered employment by sex and municipalities of residence (NSTJ) ;A;Normal value
24021105IND01;80217;Kovačica;00;2017;2;Female;1833;NR;number;SORS;Registered employment by sex and municipalities of residence (NSTJ) ;A;Normal value
24021105IND01;80217;Kovačica;00;2018;0;Total;5267;NR;number;SORS;Registered employment by sex and municipalities of residence (NSTJ) ;A;Normal value
24021105IND01;80217;Kovačica;00;2018;1;Male;3336;NR;number;SORS;Registered employment by sex and municipalities of residence (NSTJ) ;A;Normal value
24021105IND01;80217;Kovačica;00;2018;2;Female;1931;NR;number;SORS;Registered employment by sex and municipalities of residence (NSTJ) ;A;Normal value
24021105IND01;80217;Kovačica;00;2019;0;Total;5400;NR;number;SORS;Registered employment by sex and municipalities of residence (NSTJ) ;A;Normal value
24021105IND01;80217;Kovačica;00;2019;1;Male;3397;NR;number;SORS;Registered employment by sex and municipalities of residence (NSTJ) ;A;Normal value
24021105IND01;80217;Kovačica;00;2019;2;Female;2003;NR;number;SORS;Registered employment by sex and municipalities of residence (NSTJ) ;A;Normal value
24021105IND01;80217;Kovačica;00;2020;0;Total;5475;NR;number;SORS;Registered employment by sex and municipalities of residence (NSTJ) ;A;Normal value
24021105IND01;80217;Kovačica;00;2020;1;Male;3430;NR;number;SORS;Registered employment by sex and municipalities of residence (NSTJ) ;A;Normal value
24021105IND01;80217;Kovačica;00;2020;2;Female;2045;NR;number;SORS;Registered employment by sex and municipalities of residence (NSTJ) ;A;Normal value
24021105IND01;80217;Kovačica;00;2021;0;Total;5629;NR;number;SORS;Registered employment by sex and municipalities of residence (NSTJ) ;A;Normal value
24021105IND01;80217;Kovačica;00;2021;1;Male;3514;NR;number;SORS;Registered employment by sex and municipalities of residence (NSTJ) ;A;Normal value
24021105IND01;80217;Kovačica;00;2021;2;Female;2115;NR;number;SORS;Registered employment by sex and municipalities of residence (NSTJ) ;A;Normal value
24021105IND01;80217;Kovačica;00;2022;0;Total;5693;NR;number;SORS;Registered employment by sex and municipalities of residence (NSTJ) ;A;Normal value
24021105IND01;80217;Kovačica;00;2022;1;Male;3511;NR;number;SORS;Registered employment by sex and municipalities of residence (NSTJ) ;A;Normal value
24021105IND01;80217;Kovačica;00;2022;2;Female;2182;NR;number;SORS;Registered employment by sex and municipalities of residence (NSTJ) ;A;Normal value
24021105IND01;80217;Kovačica;00;2023;0;Total;5828;NR;number;SORS;Registered employment by sex and municipalities of residence (NSTJ) ;A;Normal value
24021105IND01;80217;Kovačica;00;2023;1;Male;3542;NR;number;SORS;Registered employment by sex and municipalities of residence (NSTJ) ;A;Normal value
24021105IND01;80217;Kovačica;00;2023;2;Female;2286;NR;number;SORS;Registered employment by sex and municipalities of residence (NSTJ) ;A;Normal value
24021105IND01;80217;Kovačica;00;2024;0;Total;5846;NR;number;SORS;Registered employment by sex and municipalities of residence (NSTJ) ;A;Normal value
24021105IND01;80217;Kovačica;00;2024;1;Male;3532;NR;number;SORS;Registered employment by sex and municipalities of residence (NSTJ) ;A;Normal value
24021105IND01;80217;Kovačica;00;2024;2;Female;2315;NR;number;SORS;Registered employment by sex and municipalities of residence (NSTJ) ;A;Normal value
24021105IND01;80217;Kovačica;00;2025;0;Total;5789;NR;number;SORS;Registered employment by sex and municipalities of residence (NSTJ) ;A;Normal value
24021105IND01;80217;Kovačica;00;2025;1;Male;3448;NR;number;SORS;Registered employment by sex and municipalities of residence (NSTJ) ;A;Normal value
24021105IND01;80217;Kovačica;00;2025;2;Female;2341;NR;number;SORS;Registered employment by sex and municipalities of residence (NSTJ) ;A;Normal value
24021105IND01;80225;Kovin;00;2025;0;Total;8859;NR;number;SORS;Registered employment by sex and municipalities of residence (NSTJ) ;A;Normal value
24021105IND01;80225;Kovin;00;2025;1;Male;5148;NR;number;SORS;Registered employment by sex and municipalities of residence (NSTJ) ;A;Normal value
24021105IND01;80225;Kovin;00;2025;2;Female;3712;NR;number;SORS;Registered employment by sex and municipalities of residence (NSTJ) ;A;Normal value
24021105IND01;80225;Kovin;00;2024;0;Total;8864;NR;number;SORS;Registered employment by sex and municipalities of residence (NSTJ) ;A;Normal value
24021105IND01;80225;Kovin;00;2024;1;Male;5196;NR;number;SORS;Registered employment by sex and municipalities of residence (NSTJ) ;A;Normal value
24021105IND01;80225;Kovin;00;2024;2;Female;3667;NR;number;SORS;Registered employment by sex and municipalities of residence (NSTJ) ;A;Normal value
24021105IND01;80225;Kovin;00;2023;0;Total;8835;NR;number;SORS;Registered employment by sex and municipalities of residence (NSTJ) ;A;Normal value
24021105IND01;80225;Kovin;00;2023;1;Male;5197;NR;number;SORS;Registered employment by sex and municipalities of residence (NSTJ) ;A;Normal value
24021105IND01;80225;Kovin;00;2023;2;Female;3638;NR;number;SORS;Registered employment by sex and municipalities of residence (NSTJ) ;A;Normal value
24021105IND01;80225;Kovin;00;2022;0;Total;8806;NR;number;SORS;Registered employment by sex and municipalities of residence (NSTJ) ;A;Normal value
24021105IND01;80225;Kovin;00;2022;1;Male;5230;NR;number;SORS;Registered employment by sex and municipalities of residence (NSTJ) ;A;Normal value
24021105IND01;80225;Kovin;00;2022;2;Female;3576;NR;number;SORS;Registered employment by sex and municipalities of residence (NSTJ) ;A;Normal value
24021105IND01;80225;Kovin;00;2021;0;Total;8757;NR;number;SORS;Registered employment by sex and municipalities of residence (NSTJ) ;A;Normal value
24021105IND01;80225;Kovin;00;2021;1;Male;5241;NR;number;SORS;Registered employment by sex and municipalities of residence (NSTJ) ;A;Normal value
24021105IND01;80225;Kovin;00;2021;2;Female;3515;NR;number;SORS;Registered employment by sex and municipalities of residence (NSTJ) ;A;Normal value
24021105IND01;80225;Kovin;00;2020;0;Total;8570;NR;number;SORS;Registered employment by sex and municipalities of residence (NSTJ) ;A;Normal value
24021105IND01;80225;Kovin;00;2020;1;Male;5212;NR;number;SORS;Registered employment by sex and municipalities of residence (NSTJ) ;A;Normal value
24021105IND01;80225;Kovin;00;2020;2;Female;3358;NR;number;SORS;Registered employment by sex and municipalities of residence (NSTJ) ;A;Normal value
24021105IND01;80225;Kovin;00;2019;0;Total;8334;NR;number;SORS;Registered employment by sex and municipalities of residence (NSTJ) ;A;Normal value
24021105IND01;80225;Kovin;00;2019;1;Male;5118;NR;number;SORS;Registered employment by sex and municipalities of residence (NSTJ) ;A;Normal value
24021105IND01;80225;Kovin;00;2019;2;Female;3216;NR;number;SORS;Registered employment by sex and municipalities of residence (NSTJ) ;A;Normal value
24021105IND01;80225;Kovin;00;2018;0;Total;7938;NR;number;SORS;Registered employment by sex and municipalities of residence (NSTJ) ;A;Normal value
24021105IND01;80225;Kovin;00;2018;1;Male;4823;NR;number;SORS;Registered employment by sex and municipalities of residence (NSTJ) ;A;Normal value
24021105IND01;80225;Kovin;00;2018;2;Female;3115;NR;number;SORS;Registered employment by sex and municipalities of residence (NSTJ) ;A;Normal value
24021105IND01;80225;Kovin;00;2017;0;Total;7546;NR;number;SORS;Registered employment by sex and municipalities of residence (NSTJ) ;A;Normal value
24021105IND01;80225;Kovin;00;2017;1;Male;4610;NR;number;SORS;Registered employment by sex and municipalities of residence (NSTJ) ;A;Normal value
24021105IND01;80225;Kovin;00;2017;2;Female;2936;NR;number;SORS;Registered employment by sex and municipalities of residence (NSTJ) ;A;Normal value
24021105IND01;80225;Kovin;00;2016;0;Total;7346;NR;number;SORS;Registered employment by sex and municipalities of residence (NSTJ) ;A;Normal value
24021105IND01;80225;Kovin;00;2016;1;Male;4520;NR;number;SORS;Registered employment by sex and municipalities of residence (NSTJ) ;A;Normal value
24021105IND01;80225;Kovin;00;2016;2;Female;2826;NR;number;SORS;Registered employment by sex and municipalities of residence (NSTJ) ;A;Normal value
24021105IND01;80233;Kula;00;2016;0;Total;9552;NR;number;SORS;Registered employment by sex and municipalities of residence (NSTJ) ;A;Normal value
24021105IND01;80233;Kula;00;2016;1;Male;5199;NR;number;SORS;Registered employment by sex and municipalities of residence (NSTJ) ;A;Normal value
24021105IND01;80233;Kula;00;2016;2;Female;4353;NR;number;SORS;Registered employment by sex and municipalities of residence (NSTJ) ;A;Normal value
24021105IND01;80233;Kula;00;2017;0;Total;9952;NR;number;SORS;Registered employment by sex and municipalities of residence (NSTJ) ;A;Normal value
24021105IND01;80233;Kula;00;2017;1;Male;5465;NR;number;SORS;Registered employment by sex and municipalities of residence (NSTJ) ;A;Normal value
24021105IND01;80233;Kula;00;2017;2;Female;4487;NR;number;SORS;Registered employment by sex and municipalities of residence (NSTJ) ;A;Normal value
24021105IND01;80233;Kula;00;2018;0;Total;10522;NR;number;SORS;Registered employment by sex and municipalities of residence (NSTJ) ;A;Normal value
24021105IND01;80233;Kula;00;2018;1;Male;5804;NR;number;SORS;Registered employment by sex and municipalities of residence (NSTJ) ;A;Normal value
24021105IND01;80233;Kula;00;2018;2;Female;4719;NR;number;SORS;Registered employment by sex and municipalities of residence (NSTJ) ;A;Normal value
24021105IND01;80233;Kula;00;2019;0;Total;10596;NR;number;SORS;Registered employment by sex and municipalities of residence (NSTJ) ;A;Normal value
24021105IND01;80233;Kula;00;2019;1;Male;5809;NR;number;SORS;Registered employment by sex and municipalities of residence (NSTJ) ;A;Normal value
24021105IND01;80233;Kula;00;2019;2;Female;4788;NR;number;SORS;Registered employment by sex and municipalities of residence (NSTJ) ;A;Normal value
24021105IND01;80233;Kula;00;2020;0;Total;10710;NR;number;SORS;Registered employment by sex and municipalities of residence (NSTJ) ;A;Normal value
24021105IND01;80233;Kula;00;2020;1;Male;5850;NR;number;SORS;Registered employment by sex and municipalities of residence (NSTJ) ;A;Normal value
24021105IND01;80233;Kula;00;2020;2;Female;4861;NR;number;SORS;Registered employment by sex and municipalities of residence (NSTJ) ;A;Normal value
24021105IND01;80233;Kula;00;2021;0;Total;10999;NR;number;SORS;Registered employment by sex and municipalities of residence (NSTJ) ;A;Normal value
24021105IND01;80233;Kula;00;2021;1;Male;5971;NR;number;SORS;Registered employment by sex and municipalities of residence (NSTJ) ;A;Normal value
24021105IND01;80233;Kula;00;2021;2;Female;5028;NR;number;SORS;Registered employment by sex and municipalities of residence (NSTJ) ;A;Normal value
24021105IND01;80233;Kula;00;2022;0;Total;11094;NR;number;SORS;Registered employment by sex and municipalities of residence (NSTJ) ;A;Normal value
24021105IND01;80233;Kula;00;2022;1;Male;6000;NR;number;SORS;Registered employment by sex and municipalities of residence (NSTJ) ;A;Normal value
24021105IND01;80233;Kula;00;2022;2;Female;5094;NR;number;SORS;Registered employment by sex and municipalities of residence (NSTJ) ;A;Normal value
24021105IND01;80233;Kula;00;2023;0;Total;11314;NR;number;SORS;Registered employment by sex and municipalities of residence (NSTJ) ;A;Normal value
24021105IND01;80233;Kula;00;2023;1;Male;6063;NR;number;SORS;Registered employment by sex and municipalities of residence (NSTJ) ;A;Normal value
24021105IND01;80233;Kula;00;2023;2;Female;5251;NR;number;SORS;Registered employment by sex and municipalities of residence (NSTJ) ;A;Normal value
24021105IND01;80233;Kula;00;2024;0;Total;11227;NR;number;SORS;Registered employment by sex and municipalities of residence (NSTJ) ;A;Normal value
24021105IND01;80233;Kula;00;2024;1;Male;5973;NR;number;SORS;Registered employment by sex and municipalities of residence (NSTJ) ;A;Normal value
24021105IND01;80233;Kula;00;2024;2;Female;5255;NR;number;SORS;Registered employment by sex and municipalities of residence (NSTJ) ;A;Normal value
24021105IND01;80233;Kula;00;2025;0;Total;11088;NR;number;SORS;Registered employment by sex and municipalities of residence (NSTJ) ;A;Normal value
24021105IND01;80233;Kula;00;2025;1;Male;5895;NR;number;SORS;Registered employment by sex and municipalities of residence (NSTJ) ;A;Normal value
24021105IND01;80233;Kula;00;2025;2;Female;5192;NR;number;SORS;Registered employment by sex and municipalities of residence (NSTJ) ;A;Normal value
24021105IND01;80241;Mali Iđoš;00;2025;0;Total;2832;NR;number;SORS;Registered employment by sex and municipalities of residence (NSTJ) ;A;Normal value
24021105IND01;80241;Mali Iđoš;00;2025;1;Male;1600;NR;number;SORS;Registered employment by sex and municipalities of residence (NSTJ) ;A;Normal value
24021105IND01;80241;Mali Iđoš;00;2025;2;Female;1233;NR;number;SORS;Registered employment by sex and municipalities of residence (NSTJ) ;A;Normal value
24021105IND01;80241;Mali Iđoš;00;2024;0;Total;2882;NR;number;SORS;Registered employment by sex and municipalities of residence (NSTJ) ;A;Normal value
24021105IND01;80241;Mali Iđoš;00;2024;1;Male;1625;NR;number;SORS;Registered employment by sex and municipalities of residence (NSTJ) ;A;Normal value
24021105IND01;80241;Mali Iđoš;00;2024;2;Female;1257;NR;number;SORS;Registered employment by sex and municipalities of residence (NSTJ) ;A;Normal value
24021105IND01;80241;Mali Iđoš;00;2023;0;Total;2895;NR;number;SORS;Registered employment by sex and municipalities of residence (NSTJ) ;A;Normal value
24021105IND01;80241;Mali Iđoš;00;2023;1;Male;1642;NR;number;SORS;Registered employment by sex and municipalities of residence (NSTJ) ;A;Normal value
24021105IND01;80241;Mali Iđoš;00;2023;2;Female;1253;NR;number;SORS;Registered employment by sex and municipalities of residence (NSTJ) ;A;Normal value
24021105IND01;80241;Mali Iđoš;00;2022;0;Total;2906;NR;number;SORS;Registered employment by sex and municipalities of residence (NSTJ) ;A;Normal value
24021105IND01;80241;Mali Iđoš;00;2022;1;Male;1664;NR;number;SORS;Registered employment by sex and municipalities of residence (NSTJ) ;A;Normal value
24021105IND01;80241;Mali Iđoš;00;2022;2;Female;1242;NR;number;SORS;Registered employment by sex and municipalities of residence (NSTJ) ;A;Normal value
24021105IND01;80241;Mali Iđoš;00;2021;0;Total;2859;NR;number;SORS;Registered employment by sex and municipalities of residence (NSTJ) ;A;Normal value
24021105IND01;80241;Mali Iđoš;00;2021;1;Male;1650;NR;number;SORS;Registered employment by sex and municipalities of residence (NSTJ) ;A;Normal value
24021105IND01;80241;Mali Iđoš;00;2021;2;Female;1209;NR;number;SORS;Registered employment by sex and municipalities of residence (NSTJ) ;A;Normal value
24021105IND01;80241;Mali Iđoš;00;2020;0;Total;2784;NR;number;SORS;Registered employment by sex and municipalities of residence (NSTJ) ;A;Normal value
24021105IND01;80241;Mali Iđoš;00;2020;1;Male;1647;NR;number;SORS;Registered employment by sex and municipalities of residence (NSTJ) ;A;Normal value
24021105IND01;80241;Mali Iđoš;00;2020;2;Female;1137;NR;number;SORS;Registered employment by sex and municipalities of residence (NSTJ) ;A;Normal value
24021105IND01;80241;Mali Iđoš;00;2019;0;Total;2791;NR;number;SORS;Registered employment by sex and municipalities of residence (NSTJ) ;A;Normal value
24021105IND01;80241;Mali Iđoš;00;2019;1;Male;1626;NR;number;SORS;Registered employment by sex and municipalities of residence (NSTJ) ;A;Normal value
24021105IND01;80241;Mali Iđoš;00;2019;2;Female;1165;NR;number;SORS;Registered employment by sex and municipalities of residence (NSTJ) ;A;Normal value
24021105IND01;80241;Mali Iđoš;00;2018;0;Total;2783;NR;number;SORS;Registered employment by sex and municipalities of residence (NSTJ) ;A;Normal value
24021105IND01;80241;Mali Iđoš;00;2018;1;Male;1620;NR;number;SORS;Registered employment by sex and municipalities of residence (NSTJ) ;A;Normal value
24021105IND01;80241;Mali Iđoš;00;2018;2;Female;1163;NR;number;SORS;Registered employment by sex and municipalities of residence (NSTJ) ;A;Normal value
24021105IND01;80241;Mali Iđoš;00;2017;0;Total;2679;NR;number;SORS;Registered employment by sex and municipalities of residence (NSTJ) ;A;Normal value
24021105IND01;80241;Mali Iđoš;00;2017;1;Male;1571;NR;number;SORS;Registered employment by sex and municipalities of residence (NSTJ) ;A;Normal value
24021105IND01;80241;Mali Iđoš;00;2017;2;Female;1108;NR;number;SORS;Registered employment by sex and municipalities of residence (NSTJ) ;A;Normal value
24021105IND01;80241;Mali Iđoš;00;2016;0;Total;2551;NR;number;SORS;Registered employment by sex and municipalities of residence (NSTJ) ;A;Normal value
24021105IND01;80241;Mali Iđoš;00;2016;1;Male;1483;NR;number;SORS;Registered employment by sex and municipalities of residence (NSTJ) ;A;Normal value
24021105IND01;80241;Mali Iđoš;00;2016;2;Female;1068;NR;number;SORS;Registered employment by sex and municipalities of residence (NSTJ) ;A;Normal value
24021105IND01;80250;Nova Crnja;00;2016;0;Total;1934;NR;number;SORS;Registered employment by sex and municipalities of residence (NSTJ) ;A;Normal value
24021105IND01;80250;Nova Crnja;00;2016;1;Male;1188;NR;number;SORS;Registered employment by sex and municipalities of residence (NSTJ) ;A;Normal value
24021105IND01;80250;Nova Crnja;00;2016;2;Female;747;NR;number;SORS;Registered employment by sex and municipalities of residence (NSTJ) ;A;Normal value
24021105IND01;80250;Nova Crnja;00;2017;0;Total;1982;NR;number;SORS;Registered employment by sex and municipalities of residence (NSTJ) ;A;Normal value
24021105IND01;80250;Nova Crnja;00;2017;1;Male;1202;NR;number;SORS;Registered employment by sex and municipalities of residence (NSTJ) ;A;Normal value
24021105IND01;80250;Nova Crnja;00;2017;2;Female;780;NR;number;SORS;Registered employment by sex and municipalities of residence (NSTJ) ;A;Normal value
24021105IND01;80250;Nova Crnja;00;2018;0;Total;2162;NR;number;SORS;Registered employment by sex and municipalities of residence (NSTJ) ;A;Normal value
24021105IND01;80250;Nova Crnja;00;2018;1;Male;1313;NR;number;SORS;Registered employment by sex and municipalities of residence (NSTJ) ;A;Normal value
24021105IND01;80250;Nova Crnja;00;2018;2;Female;849;NR;number;SORS;Registered employment by sex and municipalities of residence (NSTJ) ;A;Normal value
24021105IND01;80250;Nova Crnja;00;2019;0;Total;2185;NR;number;SORS;Registered employment by sex and municipalities of residence (NSTJ) ;A;Normal value
24021105IND01;80250;Nova Crnja;00;2019;1;Male;1306;NR;number;SORS;Registered employment by sex and municipalities of residence (NSTJ) ;A;Normal value
24021105IND01;80250;Nova Crnja;00;2019;2;Female;879;NR;number;SORS;Registered employment by sex and municipalities of residence (NSTJ) ;A;Normal value
24021105IND01;80250;Nova Crnja;00;2020;0;Total;2185;NR;number;SORS;Registered employment by sex and municipalities of residence (NSTJ) ;A;Normal value
24021105IND01;80250;Nova Crnja;00;2020;1;Male;1281;NR;number;SORS;Registered employment by sex and municipalities of residence (NSTJ) ;A;Normal value
24021105IND01;80250;Nova Crnja;00;2020;2;Female;904;NR;number;SORS;Registered employment by sex and municipalities of residence (NSTJ) ;A;Normal value
24021105IND01;80250;Nova Crnja;00;2021;0;Total;2239;NR;number;SORS;Registered employment by sex and municipalities of residence (NSTJ) ;A;Normal value
24021105IND01;80250;Nova Crnja;00;2021;1;Male;1303;NR;number;SORS;Registered employment by sex and municipalities of residence (NSTJ) ;A;Normal value
24021105IND01;80250;Nova Crnja;00;2021;2;Female;936;NR;number;SORS;Registered employment by sex and municipalities of residence (NSTJ) ;A;Normal value
24021105IND01;80250;Nova Crnja;00;2022;0;Total;2231;NR;number;SORS;Registered employment by sex and municipalities of residence (NSTJ) ;A;Normal value
24021105IND01;80250;Nova Crnja;00;2022;1;Male;1305;NR;number;SORS;Registered employment by sex and municipalities of residence (NSTJ) ;A;Normal value
24021105IND01;80250;Nova Crnja;00;2022;2;Female;925;NR;number;SORS;Registered employment by sex and municipalities of residence (NSTJ) ;A;Normal value
24021105IND01;80250;Nova Crnja;00;2023;0;Total;2289;NR;number;SORS;Registered employment by sex and municipalities of residence (NSTJ) ;A;Normal value
24021105IND01;80250;Nova Crnja;00;2023;1;Male;1337;NR;number;SORS;Registered employment by sex and municipalities of residence (NSTJ) ;A;Normal value
24021105IND01;80250;Nova Crnja;00;2023;2;Female;951;NR;number;SORS;Registered employment by sex and municipalities of residence (NSTJ) ;A;Normal value
24021105IND01;80250;Nova Crnja;00;2024;0;Total;2363;NR;number;SORS;Registered employment by sex and municipalities of residence (NSTJ) ;A;Normal value
24021105IND01;80250;Nova Crnja;00;2024;1;Male;1368;NR;number;SORS;Registered employment by sex and municipalities of residence (NSTJ) ;A;Normal value
24021105IND01;80250;Nova Crnja;00;2024;2;Female;994;NR;number;SORS;Registered employment by sex and municipalities of residence (NSTJ) ;A;Normal value
24021105IND01;80250;Nova Crnja;00;2025;0;Total;2361;NR;number;SORS;Registered employment by sex and municipalities of residence (NSTJ) ;A;Normal value
24021105IND01;80250;Nova Crnja;00;2025;1;Male;1361;NR;number;SORS;Registered employment by sex and municipalities of residence (NSTJ) ;A;Normal value
24021105IND01;80250;Nova Crnja;00;2025;2;Female;1000;NR;number;SORS;Registered employment by sex and municipalities of residence (NSTJ) ;A;Normal value
24021105IND01;80268;Novi Bečej;00;2025;0;Total;6151;NR;number;SORS;Registered employment by sex and municipalities of residence (NSTJ) ;A;Normal value
24021105IND01;80268;Novi Bečej;00;2025;1;Male;3448;NR;number;SORS;Registered employment by sex and municipalities of residence (NSTJ) ;A;Normal value
24021105IND01;80268;Novi Bečej;00;2025;2;Female;2704;NR;number;SORS;Registered employment by sex and municipalities of residence (NSTJ) ;A;Normal value
24021105IND01;80268;Novi Bečej;00;2024;0;Total;6128;NR;number;SORS;Registered employment by sex and municipalities of residence (NSTJ) ;A;Normal value
24021105IND01;80268;Novi Bečej;00;2024;1;Male;3428;NR;number;SORS;Registered employment by sex and municipalities of residence (NSTJ) ;A;Normal value
24021105IND01;80268;Novi Bečej;00;2024;2;Female;2700;NR;number;SORS;Registered employment by sex and municipalities of residence (NSTJ) ;A;Normal value
24021105IND01;80268;Novi Bečej;00;2023;0;Total;6219;NR;number;SORS;Registered employment by sex and municipalities of residence (NSTJ) ;A;Normal value
24021105IND01;80268;Novi Bečej;00;2023;1;Male;3508;NR;number;SORS;Registered employment by sex and municipalities of residence (NSTJ) ;A;Normal value
24021105IND01;80268;Novi Bečej;00;2023;2;Female;2712;NR;number;SORS;Registered employment by sex and municipalities of residence (NSTJ) ;A;Normal value
24021105IND01;80268;Novi Bečej;00;2022;0;Total;6182;NR;number;SORS;Registered employment by sex and municipalities of residence (NSTJ) ;A;Normal value
24021105IND01;80268;Novi Bečej;00;2022;1;Male;3515;NR;number;SORS;Registered employment by sex and municipalities of residence (NSTJ) ;A;Normal value
24021105IND01;80268;Novi Bečej;00;2022;2;Female;2667;NR;number;SORS;Registered employment by sex and municipalities of residence (NSTJ) ;A;Normal value
24021105IND01;80268;Novi Bečej;00;2021;0;Total;6169;NR;number;SORS;Registered employment by sex and municipalities of residence (NSTJ) ;A;Normal value
24021105IND01;80268;Novi Bečej;00;2021;1;Male;3535;NR;number;SORS;Registered employment by sex and municipalities of residence (NSTJ) ;A;Normal value
24021105IND01;80268;Novi Bečej;00;2021;2;Female;2634;NR;number;SORS;Registered employment by sex and municipalities of residence (NSTJ) ;A;Normal value
24021105IND01;80268;Novi Bečej;00;2020;0;Total;6022;NR;number;SORS;Registered employment by sex and municipalities of residence (NSTJ) ;A;Normal value
24021105IND01;80268;Novi Bečej;00;2020;1;Male;3431;NR;number;SORS;Registered employment by sex and municipalities of residence (NSTJ) ;A;Normal value
24021105IND01;80268;Novi Bečej;00;2020;2;Female;2591;NR;number;SORS;Registered employment by sex and municipalities of residence (NSTJ) ;A;Normal value
24021105IND01;80268;Novi Bečej;00;2019;0;Total;5904;NR;number;SORS;Registered employment by sex and municipalities of residence (NSTJ) ;A;Normal value
24021105IND01;80268;Novi Bečej;00;2019;1;Male;3388;NR;number;SORS;Registered employment by sex and municipalities of residence (NSTJ) ;A;Normal value
24021105IND01;80268;Novi Bečej;00;2019;2;Female;2516;NR;number;SORS;Registered employment by sex and municipalities of residence (NSTJ) ;A;Normal value
24021105IND01;80268;Novi Bečej;00;2018;0;Total;5909;NR;number;SORS;Registered employment by sex and municipalities of residence (NSTJ) ;A;Normal value
24021105IND01;80268;Novi Bečej;00;2018;1;Male;3393;NR;number;SORS;Registered employment by sex and municipalities of residence (NSTJ) ;A;Normal value
24021105IND01;80268;Novi Bečej;00;2018;2;Female;2516;NR;number;SORS;Registered employment by sex and municipalities of residence (NSTJ) ;A;Normal value
24021105IND01;80268;Novi Bečej;00;2017;0;Total;5545;NR;number;SORS;Registered employment by sex and municipalities of residence (NSTJ) ;A;Normal value
24021105IND01;80268;Novi Bečej;00;2017;1;Male;3243;NR;number;SORS;Registered employment by sex and municipalities of residence (NSTJ) ;A;Normal value
24021105IND01;80268;Novi Bečej;00;2017;2;Female;2303;NR;number;SORS;Registered employment by sex and municipalities of residence (NSTJ) ;A;Normal value
24021105IND01;80268;Novi Bečej;00;2016;0;Total;5458;NR;number;SORS;Registered employment by sex and municipalities of residence (NSTJ) ;A;Normal value
24021105IND01;80268;Novi Bečej;00;2016;1;Male;3204;NR;number;SORS;Registered employment by sex and municipalities of residence (NSTJ) ;A;Normal value
24021105IND01;80268;Novi Bečej;00;2016;2;Female;2254;NR;number;SORS;Registered employment by sex and municipalities of residence (NSTJ) ;A;Normal value
24021105IND01;80276;Novi Kneževac;00;2016;0;Total;2644;NR;number;SORS;Registered employment by sex and municipalities of residence (NSTJ) ;A;Normal value
24021105IND01;80276;Novi Kneževac;00;2016;1;Male;1468;NR;number;SORS;Registered employment by sex and municipalities of residence (NSTJ) ;A;Normal value
24021105IND01;80276;Novi Kneževac;00;2016;2;Female;1176;NR;number;SORS;Registered employment by sex and municipalities of residence (NSTJ) ;A;Normal value
24021105IND01;80276;Novi Kneževac;00;2017;0;Total;2653;NR;number;SORS;Registered employment by sex and municipalities of residence (NSTJ) ;A;Normal value
24021105IND01;80276;Novi Kneževac;00;2017;1;Male;1488;NR;number;SORS;Registered employment by sex and municipalities of residence (NSTJ) ;A;Normal value
24021105IND01;80276;Novi Kneževac;00;2017;2;Female;1164;NR;number;SORS;Registered employment by sex and municipalities of residence (NSTJ) ;A;Normal value
24021105IND01;80276;Novi Kneževac;00;2018;0;Total;2713;NR;number;SORS;Registered employment by sex and municipalities of residence (NSTJ) ;A;Normal value
24021105IND01;80276;Novi Kneževac;00;2018;1;Male;1523;NR;number;SORS;Registered employment by sex and municipalities of residence (NSTJ) ;A;Normal value
24021105IND01;80276;Novi Kneževac;00;2018;2;Female;1190;NR;number;SORS;Registered employment by sex and municipalities of residence (NSTJ) ;A;Normal value
24021105IND01;80276;Novi Kneževac;00;2019;0;Total;2720;NR;number;SORS;Registered employment by sex and municipalities of residence (NSTJ) ;A;Normal value
24021105IND01;80276;Novi Kneževac;00;2019;1;Male;1512;NR;number;SORS;Registered employment by sex and municipalities of residence (NSTJ) ;A;Normal value
24021105IND01;80276;Novi Kneževac;00;2019;2;Female;1208;NR;number;SORS;Registered employment by sex and municipalities of residence (NSTJ) ;A;Normal value
24021105IND01;80276;Novi Kneževac;00;2020;0;Total;2746;NR;number;SORS;Registered employment by sex and municipalities of residence (NSTJ) ;A;Normal value
24021105IND01;80276;Novi Kneževac;00;2020;1;Male;1511;NR;number;SORS;Registered employment by sex and municipalities of residence (NSTJ) ;A;Normal value
24021105IND01;80276;Novi Kneževac;00;2020;2;Female;1236;NR;number;SORS;Registered employment by sex and municipalities of residence (NSTJ) ;A;Normal value
24021105IND01;80276;Novi Kneževac;00;2021;0;Total;2728;NR;number;SORS;Registered employment by sex and municipalities of residence (NSTJ) ;A;Normal value
24021105IND01;80276;Novi Kneževac;00;2021;1;Male;1505;NR;number;SORS;Registered employment by sex and municipalities of residence (NSTJ) ;A;Normal value
24021105IND01;80276;Novi Kneževac;00;2021;2;Female;1223;NR;number;SORS;Registered employment by sex and municipalities of residence (NSTJ) ;A;Normal value
24021105IND01;80276;Novi Kneževac;00;2022;0;Total;2715;NR;number;SORS;Registered employment by sex and municipalities of residence (NSTJ) ;A;Normal value
24021105IND01;80276;Novi Kneževac;00;2022;1;Male;1490;NR;number;SORS;Registered employment by sex and municipalities of residence (NSTJ) ;A;Normal value
24021105IND01;80276;Novi Kneževac;00;2022;2;Female;1225;NR;number;SORS;Registered employment by sex and municipalities of residence (NSTJ) ;A;Normal value
24021105IND01;80276;Novi Kneževac;00;2023;0;Total;2659;NR;number;SORS;Registered employment by sex and municipalities of residence (NSTJ) ;A;Normal value
24021105IND01;80276;Novi Kneževac;00;2023;1;Male;1451;NR;number;SORS;Registered employment by sex and municipalities of residence (NSTJ) ;A;Normal value
24021105IND01;80276;Novi Kneževac;00;2023;2;Female;1208;NR;number;SORS;Registered employment by sex and municipalities of residence (NSTJ) ;A;Normal value
24021105IND01;80276;Novi Kneževac;00;2024;0;Total;2598;NR;number;SORS;Registered employment by sex and municipalities of residence (NSTJ) ;A;Normal value
24021105IND01;80276;Novi Kneževac;00;2024;1;Male;1414;NR;number;SORS;Registered employment by sex and municipalities of residence (NSTJ) ;A;Normal value
24021105IND01;80276;Novi Kneževac;00;2024;2;Female;1184;NR;number;SORS;Registered employment by sex and municipalities of residence (NSTJ) ;A;Normal value
24021105IND01;80276;Novi Kneževac;00;2025;0;Total;2542;NR;number;SORS;Registered employment by sex and municipalities of residence (NSTJ) ;A;Normal value
24021105IND01;80276;Novi Kneževac;00;2025;1;Male;1384;NR;number;SORS;Registered employment by sex and municipalities of residence (NSTJ) ;A;Normal value
24021105IND01;80276;Novi Kneževac;00;2025;2;Female;1157;NR;number;SORS;Registered employment by sex and municipalities of residence (NSTJ) ;A;Normal value
24021105IND01;80284;Novi Sad;00;2019;0;Total;128660;NR;number;SORS;Registered employment by sex and municipalities of residence (NSTJ) ;A;Normal value
24021105IND01;80284;Novi Sad;00;2019;1;Male;63194;NR;number;SORS;Registered employment by sex and municipalities of residence (NSTJ) ;A;Normal value
24021105IND01;80284;Novi Sad;00;2019;2;Female;65467;NR;number;SORS;Registered employment by sex and municipalities of residence (NSTJ) ;A;Normal value
24021105IND01;80284;Novi Sad;00;2018;0;Total;117407;NR;number;SORS;Registered employment by sex and municipalities of residence (NSTJ) ;A;Normal value
24021105IND01;80284;Novi Sad;00;2018;1;Male;57591;NR;number;SORS;Registered employment by sex and municipalities of residence (NSTJ) ;A;Normal value
24021105IND01;80284;Novi Sad;00;2018;2;Female;59816;NR;number;SORS;Registered employment by sex and municipalities of residence (NSTJ) ;A;Normal value
24021105IND01;80284;Novi Sad;00;2017;0;Total;113699;NR;number;SORS;Registered employment by sex and municipalities of residence (NSTJ) ;A;Normal value
24021105IND01;80284;Novi Sad;00;2017;1;Male;56071;NR;number;SORS;Registered employment by sex and municipalities of residence (NSTJ) ;A;Normal value
24021105IND01;80284;Novi Sad;00;2017;2;Female;57628;NR;number;SORS;Registered employment by sex and municipalities of residence (NSTJ) ;A;Normal value
24021105IND01;80284;Novi Sad;00;2016;0;Total;108980;NR;number;SORS;Registered employment by sex and municipalities of residence (NSTJ) ;A;Normal value
24021105IND01;80284;Novi Sad;00;2016;1;Male;53958;NR;number;SORS;Registered employment by sex and municipalities of residence (NSTJ) ;A;Normal value
24021105IND01;80284;Novi Sad;00;2016;2;Female;55021;NR;number;SORS;Registered employment by sex and municipalities of residence (NSTJ) ;A;Normal value
24021105IND01;80292;Opovo;00;2016;0;Total;2524;NR;number;SORS;Registered employment by sex and municipalities of residence (NSTJ) ;A;Normal value
24021105IND01;80292;Opovo;00;2016;1;Male;1561;NR;number;SORS;Registered employment by sex and municipalities of residence (NSTJ) ;A;Normal value
24021105IND01;80292;Opovo;00;2016;2;Female;963;NR;number;SORS;Registered employment by sex and municipalities of residence (NSTJ) ;A;Normal value
24021105IND01;80292;Opovo;00;2017;0;Total;2634;NR;number;SORS;Registered employment by sex and municipalities of residence (NSTJ) ;A;Normal value
24021105IND01;80292;Opovo;00;2017;1;Male;1608;NR;number;SORS;Registered employment by sex and municipalities of residence (NSTJ) ;A;Normal value
24021105IND01;80292;Opovo;00;2017;2;Female;1027;NR;number;SORS;Registered employment by sex and municipalities of residence (NSTJ) ;A;Normal value
24021105IND01;80292;Opovo;00;2018;0;Total;2769;NR;number;SORS;Registered employment by sex and municipalities of residence (NSTJ) ;A;Normal value
24021105IND01;80292;Opovo;00;2018;1;Male;1652;NR;number;SORS;Registered employment by sex and municipalities of residence (NSTJ) ;A;Normal value
24021105IND01;80292;Opovo;00;2018;2;Female;1117;NR;number;SORS;Registered employment by sex and municipalities of residence (NSTJ) ;A;Normal value
24021105IND01;80292;Opovo;00;2019;0;Total;2856;NR;number;SORS;Registered employment by sex and municipalities of residence (NSTJ) ;A;Normal value
24021105IND01;80292;Opovo;00;2019;1;Male;1695;NR;number;SORS;Registered employment by sex and municipalities of residence (NSTJ) ;A;Normal value
24021105IND01;80292;Opovo;00;2019;2;Female;1161;NR;number;SORS;Registered employment by sex and municipalities of residence (NSTJ) ;A;Normal value
24021105IND01;80292;Opovo;00;2023;0;Total;3121;NR;number;SORS;Registered employment by sex and municipalities of residence (NSTJ) ;A;Normal value
24021105IND01;80292;Opovo;00;2023;1;Male;1796;NR;number;SORS;Registered employment by sex and municipalities of residence (NSTJ) ;A;Normal value
24021105IND01;80292;Opovo;00;2023;2;Female;1324;NR;number;SORS;Registered employment by sex and municipalities of residence (NSTJ) ;A;Normal value
24021105IND01;80292;Opovo;00;2022;0;Total;3036;NR;number;SORS;Registered employment by sex and municipalities of residence (NSTJ) ;A;Normal value
24021105IND01;80292;Opovo;00;2022;1;Male;1754;NR;number;SORS;Registered employment by sex and municipalities of residence (NSTJ) ;A;Normal value
24021105IND01;80292;Opovo;00;2022;2;Female;1282;NR;number;SORS;Registered employment by sex and municipalities of residence (NSTJ) ;A;Normal value
24021105IND01;80292;Opovo;00;2021;0;Total;3013;NR;number;SORS;Registered employment by sex and municipalities of residence (NSTJ) ;A;Normal value
24021105IND01;80292;Opovo;00;2021;1;Male;1774;NR;number;SORS;Registered employment by sex and municipalities of residence (NSTJ) ;A;Normal value
24021105IND01;80292;Opovo;00;2021;2;Female;1240;NR;number;SORS;Registered employment by sex and municipalities of residence (NSTJ) ;A;Normal value
24021105IND01;80292;Opovo;00;2020;0;Total;2967;NR;number;SORS;Registered employment by sex and municipalities of residence (NSTJ) ;A;Normal value
24021105IND01;80292;Opovo;00;2020;1;Male;1758;NR;number;SORS;Registered employment by sex and municipalities of residence (NSTJ) ;A;Normal value
24021105IND01;80292;Opovo;00;2020;2;Female;1209;NR;number;SORS;Registered employment by sex and municipalities of residence (NSTJ) ;A;Normal value
24021105IND01;80292;Opovo;00;2025;0;Total;3181;NR;number;SORS;Registered employment by sex and municipalities of residence (NSTJ) ;A;Normal value
24021105IND01;80292;Opovo;00;2025;1;Male;1835;NR;number;SORS;Registered employment by sex and municipalities of residence (NSTJ) ;A;Normal value
24021105IND01;80292;Opovo;00;2025;2;Female;1347;NR;number;SORS;Registered employment by sex and municipalities of residence (NSTJ) ;A;Normal value
24021105IND01;80292;Opovo;00;2024;0;Total;3122;NR;number;SORS;Registered employment by sex and municipalities of residence (NSTJ) ;A;Normal value
24021105IND01;80292;Opovo;00;2024;1;Male;1801;NR;number;SORS;Registered employment by sex and municipalities of residence (NSTJ) ;A;Normal value
24021105IND01;80292;Opovo;00;2024;2;Female;1321;NR;number;SORS;Registered employment by sex and municipalities of residence (NSTJ) ;A;Normal value
24021105IND01;80306;Odžaci;00;2024;0;Total;8102;NR;number;SORS;Registered employment by sex and municipalities of residence (NSTJ) ;A;Normal value
24021105IND01;80306;Odžaci;00;2024;1;Male;4413;NR;number;SORS;Registered employment by sex and municipalities of residence (NSTJ) ;A;Normal value
24021105IND01;80306;Odžaci;00;2024;2;Female;3689;NR;number;SORS;Registered employment by sex and municipalities of residence (NSTJ) ;A;Normal value
24021105IND01;80306;Odžaci;00;2025;0;Total;8015;NR;number;SORS;Registered employment by sex and municipalities of residence (NSTJ) ;A;Normal value
24021105IND01;80306;Odžaci;00;2025;1;Male;4350;NR;number;SORS;Registered employment by sex and municipalities of residence (NSTJ) ;A;Normal value
24021105IND01;80306;Odžaci;00;2025;2;Female;3665;NR;number;SORS;Registered employment by sex and municipalities of residence (NSTJ) ;A;Normal value
24021105IND01;80306;Odžaci;00;2020;0;Total;8042;NR;number;SORS;Registered employment by sex and municipalities of residence (NSTJ) ;A;Normal value
24021105IND01;80306;Odžaci;00;2020;1;Male;4487;NR;number;SORS;Registered employment by sex and municipalities of residence (NSTJ) ;A;Normal value
24021105IND01;80306;Odžaci;00;2020;2;Female;3555;NR;number;SORS;Registered employment by sex and municipalities of residence (NSTJ) ;A;Normal value
24021105IND01;80306;Odžaci;00;2021;0;Total;8111;NR;number;SORS;Registered employment by sex and municipalities of residence (NSTJ) ;A;Normal value
24021105IND01;80306;Odžaci;00;2021;1;Male;4498;NR;number;SORS;Registered employment by sex and municipalities of residence (NSTJ) ;A;Normal value
24021105IND01;80306;Odžaci;00;2021;2;Female;3614;NR;number;SORS;Registered employment by sex and municipalities of residence (NSTJ) ;A;Normal value
24021105IND01;80306;Odžaci;00;2022;0;Total;8049;NR;number;SORS;Registered employment by sex and municipalities of residence (NSTJ) ;A;Normal value
24021105IND01;80306;Odžaci;00;2022;1;Male;4408;NR;number;SORS;Registered employment by sex and municipalities of residence (NSTJ) ;A;Normal value
24021105IND01;80306;Odžaci;00;2022;2;Female;3641;NR;number;SORS;Registered employment by sex and municipalities of residence (NSTJ) ;A;Normal value
24021105IND01;80306;Odžaci;00;2023;0;Total;8203;NR;number;SORS;Registered employment by sex and municipalities of residence (NSTJ) ;A;Normal value
24021105IND01;80306;Odžaci;00;2023;1;Male;4461;NR;number;SORS;Registered employment by sex and municipalities of residence (NSTJ) ;A;Normal value
24021105IND01;80306;Odžaci;00;2023;2;Female;3742;NR;number;SORS;Registered employment by sex and municipalities of residence (NSTJ) ;A;Normal value
24021105IND01;80306;Odžaci;00;2019;0;Total;8038;NR;number;SORS;Registered employment by sex and municipalities of residence (NSTJ) ;A;Normal value
24021105IND01;80306;Odžaci;00;2019;1;Male;4464;NR;number;SORS;Registered employment by sex and municipalities of residence (NSTJ) ;A;Normal value
24021105IND01;80306;Odžaci;00;2019;2;Female;3575;NR;number;SORS;Registered employment by sex and municipalities of residence (NSTJ) ;A;Normal value
24021105IND01;80306;Odžaci;00;2018;0;Total;7949;NR;number;SORS;Registered employment by sex and municipalities of residence (NSTJ) ;A;Normal value
24021105IND01;80306;Odžaci;00;2018;1;Male;4426;NR;number;SORS;Registered employment by sex and municipalities of residence (NSTJ) ;A;Normal value
24021105IND01;80306;Odžaci;00;2018;2;Female;3523;NR;number;SORS;Registered employment by sex and municipalities of residence (NSTJ) ;A;Normal value
24021105IND01;80306;Odžaci;00;2017;0;Total;7544;NR;number;SORS;Registered employment by sex and municipalities of residence (NSTJ) ;A;Normal value
24021105IND01;80306;Odžaci;00;2017;1;Male;4234;NR;number;SORS;Registered employment by sex and municipalities of residence (NSTJ) ;A;Normal value
24021105IND01;80306;Odžaci;00;2017;2;Female;3310;NR;number;SORS;Registered employment by sex and municipalities of residence (NSTJ) ;A;Normal value
24021105IND01;80306;Odžaci;00;2016;0;Total;7240;NR;number;SORS;Registered employment by sex and municipalities of residence (NSTJ) ;A;Normal value
24021105IND01;80306;Odžaci;00;2016;1;Male;4135;NR;number;SORS;Registered employment by sex and municipalities of residence (NSTJ) ;A;Normal value
24021105IND01;80306;Odžaci;00;2016;2;Female;3105;NR;number;SORS;Registered employment by sex and municipalities of residence (NSTJ) ;A;Normal value
24021105IND01;80314;Pančevo;00;2016;0;Total;34737;NR;number;SORS;Registered employment by sex and municipalities of residence (NSTJ) ;A;Normal value
24021105IND01;80314;Pančevo;00;2016;1;Male;19278;NR;number;SORS;Registered employment by sex and municipalities of residence (NSTJ) ;A;Normal value
24021105IND01;80314;Pančevo;00;2016;2;Female;15459;NR;number;SORS;Registered employment by sex and municipalities of residence (NSTJ) ;A;Normal value
24021105IND01;80314;Pančevo;00;2017;0;Total;35947;NR;number;SORS;Registered employment by sex and municipalities of residence (NSTJ) ;A;Normal value
24021105IND01;80314;Pančevo;00;2017;1;Male;19853;NR;number;SORS;Registered employment by sex and municipalities of residence (NSTJ) ;A;Normal value
24021105IND01;80314;Pančevo;00;2017;2;Female;16094;NR;number;SORS;Registered employment by sex and municipalities of residence (NSTJ) ;A;Normal value
24021105IND01;80314;Pančevo;00;2018;0;Total;37067;NR;number;SORS;Registered employment by sex and municipalities of residence (NSTJ) ;A;Normal value
24021105IND01;80314;Pančevo;00;2018;1;Male;20283;NR;number;SORS;Registered employment by sex and municipalities of residence (NSTJ) ;A;Normal value
24021105IND01;80314;Pančevo;00;2018;2;Female;16785;NR;number;SORS;Registered employment by sex and municipalities of residence (NSTJ) ;A;Normal value
24021105IND01;80314;Pančevo;00;2019;0;Total;37990;NR;number;SORS;Registered employment by sex and municipalities of residence (NSTJ) ;A;Normal value
24021105IND01;80314;Pančevo;00;2019;1;Male;20739;NR;number;SORS;Registered employment by sex and municipalities of residence (NSTJ) ;A;Normal value
24021105IND01;80314;Pančevo;00;2019;2;Female;17252;NR;number;SORS;Registered employment by sex and municipalities of residence (NSTJ) ;A;Normal value
24021105IND01;80314;Pančevo;00;2023;0;Total;41499;NR;number;SORS;Registered employment by sex and municipalities of residence (NSTJ) ;A;Normal value
24021105IND01;80314;Pančevo;00;2023;1;Male;21898;NR;number;SORS;Registered employment by sex and municipalities of residence (NSTJ) ;A;Normal value
24021105IND01;80314;Pančevo;00;2023;2;Female;19602;NR;number;SORS;Registered employment by sex and municipalities of residence (NSTJ) ;A;Normal value
24021105IND01;80314;Pančevo;00;2022;0;Total;40732;NR;number;SORS;Registered employment by sex and municipalities of residence (NSTJ) ;A;Normal value
24021105IND01;80314;Pančevo;00;2022;1;Male;21746;NR;number;SORS;Registered employment by sex and municipalities of residence (NSTJ) ;A;Normal value
24021105IND01;80314;Pančevo;00;2022;2;Female;18986;NR;number;SORS;Registered employment by sex and municipalities of residence (NSTJ) ;A;Normal value
24021105IND01;80314;Pančevo;00;2021;0;Total;40079;NR;number;SORS;Registered employment by sex and municipalities of residence (NSTJ) ;A;Normal value
24021105IND01;80314;Pančevo;00;2021;1;Male;21599;NR;number;SORS;Registered employment by sex and municipalities of residence (NSTJ) ;A;Normal value
24021105IND01;80314;Pančevo;00;2021;2;Female;18479;NR;number;SORS;Registered employment by sex and municipalities of residence (NSTJ) ;A;Normal value
24021105IND01;80314;Pančevo;00;2020;0;Total;38873;NR;number;SORS;Registered employment by sex and municipalities of residence (NSTJ) ;A;Normal value
24021105IND01;80314;Pančevo;00;2020;1;Male;21139;NR;number;SORS;Registered employment by sex and municipalities of residence (NSTJ) ;A;Normal value
24021105IND01;80314;Pančevo;00;2020;2;Female;17734;NR;number;SORS;Registered employment by sex and municipalities of residence (NSTJ) ;A;Normal value
24021105IND01;80314;Pančevo;00;2025;0;Total;42296;NR;number;SORS;Registered employment by sex and municipalities of residence (NSTJ) ;A;Normal value
24021105IND01;80314;Pančevo;00;2025;1;Male;22324;NR;number;SORS;Registered employment by sex and municipalities of residence (NSTJ) ;A;Normal value
24021105IND01;80314;Pančevo;00;2025;2;Female;19972;NR;number;SORS;Registered employment by sex and municipalities of residence (NSTJ) ;A;Normal value
24021105IND01;80314;Pančevo;00;2024;0;Total;42039;NR;number;SORS;Registered employment by sex and municipalities of residence (NSTJ) ;A;Normal value
24021105IND01;80314;Pančevo;00;2024;1;Male;22161;NR;number;SORS;Registered employment by sex and municipalities of residence (NSTJ) ;A;Normal value
24021105IND01;80314;Pančevo;00;2024;2;Female;19878;NR;number;SORS;Registered employment by sex and municipalities of residence (NSTJ) ;A;Normal value
24021105IND01;80322;Pećinci;00;2024;0;Total;7128;NR;number;SORS;Registered employment by sex and municipalities of residence (NSTJ) ;A;Normal value
24021105IND01;80322;Pećinci;00;2024;1;Male;4047;NR;number;SORS;Registered employment by sex and municipalities of residence (NSTJ) ;A;Normal value
24021105IND01;80322;Pećinci;00;2024;2;Female;3081;NR;number;SORS;Registered employment by sex and municipalities of residence (NSTJ) ;A;Normal value
24021105IND01;80322;Pećinci;00;2025;0;Total;7252;NR;number;SORS;Registered employment by sex and municipalities of residence (NSTJ) ;A;Normal value
24021105IND01;80322;Pećinci;00;2025;1;Male;4128;NR;number;SORS;Registered employment by sex and municipalities of residence (NSTJ) ;A;Normal value
24021105IND01;80322;Pećinci;00;2025;2;Female;3125;NR;number;SORS;Registered employment by sex and municipalities of residence (NSTJ) ;A;Normal value
24021105IND01;80322;Pećinci;00;2020;0;Total;6774;NR;number;SORS;Registered employment by sex and municipalities of residence (NSTJ) ;A;Normal value
24021105IND01;80322;Pećinci;00;2020;1;Male;3988;NR;number;SORS;Registered employment by sex and municipalities of residence (NSTJ) ;A;Normal value
24021105IND01;80322;Pećinci;00;2020;2;Female;2786;NR;number;SORS;Registered employment by sex and municipalities of residence (NSTJ) ;A;Normal value
24021105IND01;80322;Pećinci;00;2021;0;Total;6877;NR;number;SORS;Registered employment by sex and municipalities of residence (NSTJ) ;A;Normal value
24021105IND01;80322;Pećinci;00;2021;1;Male;3997;NR;number;SORS;Registered employment by sex and municipalities of residence (NSTJ) ;A;Normal value
24021105IND01;80322;Pećinci;00;2021;2;Female;2880;NR;number;SORS;Registered employment by sex and municipalities of residence (NSTJ) ;A;Normal value
24021105IND01;80322;Pećinci;00;2022;0;Total;6923;NR;number;SORS;Registered employment by sex and municipalities of residence (NSTJ) ;A;Normal value
24021105IND01;80322;Pećinci;00;2022;1;Male;3967;NR;number;SORS;Registered employment by sex and municipalities of residence (NSTJ) ;A;Normal value
24021105IND01;80322;Pećinci;00;2022;2;Female;2956;NR;number;SORS;Registered employment by sex and municipalities of residence (NSTJ) ;A;Normal value
24021105IND01;80322;Pećinci;00;2023;0;Total;7061;NR;number;SORS;Registered employment by sex and municipalities of residence (NSTJ) ;A;Normal value
24021105IND01;80322;Pećinci;00;2023;1;Male;3995;NR;number;SORS;Registered employment by sex and municipalities of residence (NSTJ) ;A;Normal value
24021105IND01;80322;Pećinci;00;2023;2;Female;3066;NR;number;SORS;Registered employment by sex and municipalities of residence (NSTJ) ;A;Normal value
24021105IND01;80322;Pećinci;00;2019;0;Total;6526;NR;number;SORS;Registered employment by sex and municipalities of residence (NSTJ) ;A;Normal value
24021105IND01;80322;Pećinci;00;2019;1;Male;3879;NR;number;SORS;Registered employment by sex and municipalities of residence (NSTJ) ;A;Normal value
24021105IND01;80322;Pećinci;00;2019;2;Female;2648;NR;number;SORS;Registered employment by sex and municipalities of residence (NSTJ) ;A;Normal value
24021105IND01;80322;Pećinci;00;2018;0;Total;6368;NR;number;SORS;Registered employment by sex and municipalities of residence (NSTJ) ;A;Normal value
24021105IND01;80322;Pećinci;00;2018;1;Male;3850;NR;number;SORS;Registered employment by sex and municipalities of residence (NSTJ) ;A;Normal value
24021105IND01;80322;Pećinci;00;2018;2;Female;2518;NR;number;SORS;Registered employment by sex and municipalities of residence (NSTJ) ;A;Normal value
24021105IND01;80322;Pećinci;00;2017;0;Total;6090;NR;number;SORS;Registered employment by sex and municipalities of residence (NSTJ) ;A;Normal value
24021105IND01;80322;Pećinci;00;2017;1;Male;3735;NR;number;SORS;Registered employment by sex and municipalities of residence (NSTJ) ;A;Normal value
24021105IND01;80322;Pećinci;00;2017;2;Female;2355;NR;number;SORS;Registered employment by sex and municipalities of residence (NSTJ) ;A;Normal value
24021105IND01;80322;Pećinci;00;2016;0;Total;5888;NR;number;SORS;Registered employment by sex and municipalities of residence (NSTJ) ;A;Normal value
24021105IND01;80322;Pećinci;00;2016;1;Male;3634;NR;number;SORS;Registered employment by sex and municipalities of residence (NSTJ) ;A;Normal value
24021105IND01;80322;Pećinci;00;2016;2;Female;2254;NR;number;SORS;Registered employment by sex and municipalities of residence (NSTJ) ;A;Normal value
24021105IND01;80349;Plandište;00;2016;0;Total;2596;NR;number;SORS;Registered employment by sex and municipalities of residence (NSTJ) ;A;Normal value
24021105IND01;80349;Plandište;00;2016;1;Male;1538;NR;number;SORS;Registered employment by sex and municipalities of residence (NSTJ) ;A;Normal value
24021105IND01;80349;Plandište;00;2016;2;Female;1058;NR;number;SORS;Registered employment by sex and municipalities of residence (NSTJ) ;A;Normal value
24021105IND01;80349;Plandište;00;2017;0;Total;2600;NR;number;SORS;Registered employment by sex and municipalities of residence (NSTJ) ;A;Normal value
24021105IND01;80349;Plandište;00;2017;1;Male;1544;NR;number;SORS;Registered employment by sex and municipalities of residence (NSTJ) ;A;Normal value
24021105IND01;80349;Plandište;00;2017;2;Female;1056;NR;number;SORS;Registered employment by sex and municipalities of residence (NSTJ) ;A;Normal value
24021105IND01;80349;Plandište;00;2018;0;Total;2650;NR;number;SORS;Registered employment by sex and municipalities of residence (NSTJ) ;A;Normal value
24021105IND01;80349;Plandište;00;2018;1;Male;1564;NR;number;SORS;Registered employment by sex and municipalities of residence (NSTJ) ;A;Normal value
24021105IND01;80349;Plandište;00;2018;2;Female;1086;NR;number;SORS;Registered employment by sex and municipalities of residence (NSTJ) ;A;Normal value
24021105IND01;80349;Plandište;00;2019;0;Total;2704;NR;number;SORS;Registered employment by sex and municipalities of residence (NSTJ) ;A;Normal value
24021105IND01;80349;Plandište;00;2019;1;Male;1582;NR;number;SORS;Registered employment by sex and municipalities of residence (NSTJ) ;A;Normal value
24021105IND01;80349;Plandište;00;2019;2;Female;1122;NR;number;SORS;Registered employment by sex and municipalities of residence (NSTJ) ;A;Normal value
24021105IND01;80349;Plandište;00;2023;0;Total;2869;NR;number;SORS;Registered employment by sex and municipalities of residence (NSTJ) ;A;Normal value
24021105IND01;80349;Plandište;00;2023;1;Male;1626;NR;number;SORS;Registered employment by sex and municipalities of residence (NSTJ) ;A;Normal value
24021105IND01;80349;Plandište;00;2023;2;Female;1242;NR;number;SORS;Registered employment by sex and municipalities of residence (NSTJ) ;A;Normal value
24021105IND01;80349;Plandište;00;2022;0;Total;2847;NR;number;SORS;Registered employment by sex and municipalities of residence (NSTJ) ;A;Normal value
24021105IND01;80349;Plandište;00;2022;1;Male;1636;NR;number;SORS;Registered employment by sex and municipalities of residence (NSTJ) ;A;Normal value
24021105IND01;80349;Plandište;00;2022;2;Female;1210;NR;number;SORS;Registered employment by sex and municipalities of residence (NSTJ) ;A;Normal value
24021105IND01;80349;Plandište;00;2021;0;Total;2767;NR;number;SORS;Registered employment by sex and municipalities of residence (NSTJ) ;A;Normal value
24021105IND01;80349;Plandište;00;2021;1;Male;1605;NR;number;SORS;Registered employment by sex and municipalities of residence (NSTJ) ;A;Normal value
24021105IND01;80349;Plandište;00;2021;2;Female;1162;NR;number;SORS;Registered employment by sex and municipalities of residence (NSTJ) ;A;Normal value
24021105IND01;80349;Plandište;00;2020;0;Total;2740;NR;number;SORS;Registered employment by sex and municipalities of residence (NSTJ) ;A;Normal value
24021105IND01;80349;Plandište;00;2020;1;Male;1564;NR;number;SORS;Registered employment by sex and municipalities of residence (NSTJ) ;A;Normal value
24021105IND01;80349;Plandište;00;2020;2;Female;1176;NR;number;SORS;Registered employment by sex and municipalities of residence (NSTJ) ;A;Normal value
24021105IND01;80349;Plandište;00;2025;0;Total;2799;NR;number;SORS;Registered employment by sex and municipalities of residence (NSTJ) ;A;Normal value
24021105IND01;80349;Plandište;00;2025;1;Male;1608;NR;number;SORS;Registered employment by sex and municipalities of residence (NSTJ) ;A;Normal value
24021105IND01;80349;Plandište;00;2025;2;Female;1191;NR;number;SORS;Registered employment by sex and municipalities of residence (NSTJ) ;A;Normal value
24021105IND01;80349;Plandište;00;2024;0;Total;2855;NR;number;SORS;Registered employment by sex and municipalities of residence (NSTJ) ;A;Normal value
24021105IND01;80349;Plandište;00;2024;1;Male;1617;NR;number;SORS;Registered employment by sex and municipalities of residence (NSTJ) ;A;Normal value
24021105IND01;80349;Plandište;00;2024;2;Female;1238;NR;number;SORS;Registered employment by sex and municipalities of residence (NSTJ) ;A;Normal value
24021105IND01;80357;Ruma;00;2024;0;Total;17241;NR;number;SORS;Registered employment by sex and municipalities of residence (NSTJ) ;A;Normal value
24021105IND01;80357;Ruma;00;2024;1;Male;9276;NR;number;SORS;Registered employment by sex and municipalities of residence (NSTJ) ;A;Normal value
24021105IND01;80357;Ruma;00;2024;2;Female;7966;NR;number;SORS;Registered employment by sex and municipalities of residence (NSTJ) ;A;Normal value
24021105IND01;80357;Ruma;00;2025;0;Total;17202;NR;number;SORS;Registered employment by sex and municipalities of residence (NSTJ) ;A;Normal value
24021105IND01;80357;Ruma;00;2025;1;Male;9305;NR;number;SORS;Registered employment by sex and municipalities of residence (NSTJ) ;A;Normal value
24021105IND01;80357;Ruma;00;2025;2;Female;7897;NR;number;SORS;Registered employment by sex and municipalities of residence (NSTJ) ;A;Normal value
24021105IND01;80357;Ruma;00;2020;0;Total;16230;NR;number;SORS;Registered employment by sex and municipalities of residence (NSTJ) ;A;Normal value
24021105IND01;80357;Ruma;00;2020;1;Male;8969;NR;number;SORS;Registered employment by sex and municipalities of residence (NSTJ) ;A;Normal value
24021105IND01;80357;Ruma;00;2020;2;Female;7262;NR;number;SORS;Registered employment by sex and municipalities of residence (NSTJ) ;A;Normal value
24021105IND01;80357;Ruma;00;2021;0;Total;16485;NR;number;SORS;Registered employment by sex and municipalities of residence (NSTJ) ;A;Normal value
24021105IND01;80357;Ruma;00;2021;1;Male;9072;NR;number;SORS;Registered employment by sex and municipalities of residence (NSTJ) ;A;Normal value
24021105IND01;80357;Ruma;00;2021;2;Female;7413;NR;number;SORS;Registered employment by sex and municipalities of residence (NSTJ) ;A;Normal value
24021105IND01;80357;Ruma;00;2022;0;Total;16828;NR;number;SORS;Registered employment by sex and municipalities of residence (NSTJ) ;A;Normal value
24021105IND01;80357;Ruma;00;2022;1;Male;9186;NR;number;SORS;Registered employment by sex and municipalities of residence (NSTJ) ;A;Normal value
24021105IND01;80357;Ruma;00;2022;2;Female;7642;NR;number;SORS;Registered employment by sex and municipalities of residence (NSTJ) ;A;Normal value
24021105IND01;80357;Ruma;00;2023;0;Total;17253;NR;number;SORS;Registered employment by sex and municipalities of residence (NSTJ) ;A;Normal value
24021105IND01;80357;Ruma;00;2023;1;Male;9343;NR;number;SORS;Registered employment by sex and municipalities of residence (NSTJ) ;A;Normal value
24021105IND01;80357;Ruma;00;2023;2;Female;7910;NR;number;SORS;Registered employment by sex and municipalities of residence (NSTJ) ;A;Normal value
24021105IND01;80357;Ruma;00;2019;0;Total;16074;NR;number;SORS;Registered employment by sex and municipalities of residence (NSTJ) ;A;Normal value
24021105IND01;80357;Ruma;00;2019;1;Male;8907;NR;number;SORS;Registered employment by sex and municipalities of residence (NSTJ) ;A;Normal value
24021105IND01;80357;Ruma;00;2019;2;Female;7167;NR;number;SORS;Registered employment by sex and municipalities of residence (NSTJ) ;A;Normal value
24021105IND01;80357;Ruma;00;2018;0;Total;15744;NR;number;SORS;Registered employment by sex and municipalities of residence (NSTJ) ;A;Normal value
24021105IND01;80357;Ruma;00;2018;1;Male;8839;NR;number;SORS;Registered employment by sex and municipalities of residence (NSTJ) ;A;Normal value
24021105IND01;80357;Ruma;00;2018;2;Female;6906;NR;number;SORS;Registered employment by sex and municipalities of residence (NSTJ) ;A;Normal value
24021105IND01;80357;Ruma;00;2017;0;Total;15224;NR;number;SORS;Registered employment by sex and municipalities of residence (NSTJ) ;A;Normal value
24021105IND01;80357;Ruma;00;2017;1;Male;8697;NR;number;SORS;Registered employment by sex and municipalities of residence (NSTJ) ;A;Normal value
24021105IND01;80357;Ruma;00;2017;2;Female;6527;NR;number;SORS;Registered employment by sex and municipalities of residence (NSTJ) ;A;Normal value
24021105IND01;80357;Ruma;00;2016;0;Total;14544;NR;number;SORS;Registered employment by sex and municipalities of residence (NSTJ) ;A;Normal value
24021105IND01;80357;Ruma;00;2016;1;Male;8353;NR;number;SORS;Registered employment by sex and municipalities of residence (NSTJ) ;A;Normal value
24021105IND01;80357;Ruma;00;2016;2;Female;6191;NR;number;SORS;Registered employment by sex and municipalities of residence (NSTJ) ;A;Normal value
24021105IND01;80365;Senta;00;2016;0;Total;6117;NR;number;SORS;Registered employment by sex and municipalities of residence (NSTJ) ;A;Normal value
24021105IND01;80365;Senta;00;2016;1;Male;3414;NR;number;SORS;Registered employment by sex and municipalities of residence (NSTJ) ;A;Normal value
24021105IND01;80365;Senta;00;2016;2;Female;2702;NR;number;SORS;Registered employment by sex and municipalities of residence (NSTJ) ;A;Normal value
24021105IND01;80365;Senta;00;2017;0;Total;5916;NR;number;SORS;Registered employment by sex and municipalities of residence (NSTJ) ;A;Normal value
24021105IND01;80365;Senta;00;2017;1;Male;3311;NR;number;SORS;Registered employment by sex and municipalities of residence (NSTJ) ;A;Normal value
24021105IND01;80365;Senta;00;2017;2;Female;2605;NR;number;SORS;Registered employment by sex and municipalities of residence (NSTJ) ;A;Normal value
24021105IND01;80365;Senta;00;2018;0;Total;5825;NR;number;SORS;Registered employment by sex and municipalities of residence (NSTJ) ;A;Normal value
24021105IND01;80365;Senta;00;2018;1;Male;3252;NR;number;SORS;Registered employment by sex and municipalities of residence (NSTJ) ;A;Normal value
24021105IND01;80365;Senta;00;2018;2;Female;2573;NR;number;SORS;Registered employment by sex and municipalities of residence (NSTJ) ;A;Normal value
24021105IND01;80365;Senta;00;2019;0;Total;5792;NR;number;SORS;Registered employment by sex and municipalities of residence (NSTJ) ;A;Normal value
24021105IND01;80365;Senta;00;2019;1;Male;3230;NR;number;SORS;Registered employment by sex and municipalities of residence (NSTJ) ;A;Normal value
24021105IND01;80365;Senta;00;2019;2;Female;2562;NR;number;SORS;Registered employment by sex and municipalities of residence (NSTJ) ;A;Normal value
24021105IND01;80365;Senta;00;2023;0;Total;5620;NR;number;SORS;Registered employment by sex and municipalities of residence (NSTJ) ;A;Normal value
24021105IND01;80365;Senta;00;2023;1;Male;3051;NR;number;SORS;Registered employment by sex and municipalities of residence (NSTJ) ;A;Normal value
24021105IND01;80365;Senta;00;2023;2;Female;2568;NR;number;SORS;Registered employment by sex and municipalities of residence (NSTJ) ;A;Normal value
24021105IND01;80365;Senta;00;2022;0;Total;5797;NR;number;SORS;Registered employment by sex and municipalities of residence (NSTJ) ;A;Normal value
24021105IND01;80365;Senta;00;2022;1;Male;3187;NR;number;SORS;Registered employment by sex and municipalities of residence (NSTJ) ;A;Normal value
24021105IND01;80365;Senta;00;2022;2;Female;2610;NR;number;SORS;Registered employment by sex and municipalities of residence (NSTJ) ;A;Normal value
24021105IND01;80365;Senta;00;2021;0;Total;5775;NR;number;SORS;Registered employment by sex and municipalities of residence (NSTJ) ;A;Normal value
24021105IND01;80365;Senta;00;2021;1;Male;3211;NR;number;SORS;Registered employment by sex and municipalities of residence (NSTJ) ;A;Normal value
24021105IND01;80365;Senta;00;2021;2;Female;2564;NR;number;SORS;Registered employment by sex and municipalities of residence (NSTJ) ;A;Normal value
24021105IND01;80365;Senta;00;2020;0;Total;5787;NR;number;SORS;Registered employment by sex and municipalities of residence (NSTJ) ;A;Normal value
24021105IND01;80365;Senta;00;2020;1;Male;3236;NR;number;SORS;Registered employment by sex and municipalities of residence (NSTJ) ;A;Normal value
24021105IND01;80365;Senta;00;2020;2;Female;2551;NR;number;SORS;Registered employment by sex and municipalities of residence (NSTJ) ;A;Normal value
24021105IND01;80365;Senta;00;2025;0;Total;5407;NR;number;SORS;Registered employment by sex and municipalities of residence (NSTJ) ;A;Normal value
24021105IND01;80365;Senta;00;2025;1;Male;2940;NR;number;SORS;Registered employment by sex and municipalities of residence (NSTJ) ;A;Normal value
24021105IND01;80365;Senta;00;2025;2;Female;2468;NR;number;SORS;Registered employment by sex and municipalities of residence (NSTJ) ;A;Normal value
24021105IND01;80365;Senta;00;2024;0;Total;5558;NR;number;SORS;Registered employment by sex and municipalities of residence (NSTJ) ;A;Normal value
24021105IND01;80365;Senta;00;2024;1;Male;3005;NR;number;SORS;Registered employment by sex and municipalities of residence (NSTJ) ;A;Normal value
24021105IND01;80365;Senta;00;2024;2;Female;2553;NR;number;SORS;Registered employment by sex and municipalities of residence (NSTJ) ;A;Normal value
24021105IND01;80373;Sečanj;00;2024;0;Total;3139;NR;number;SORS;Registered employment by sex and municipalities of residence (NSTJ) ;A;Normal value
24021105IND01;80373;Sečanj;00;2024;1;Male;1908;NR;number;SORS;Registered employment by sex and municipalities of residence (NSTJ) ;A;Normal value
24021105IND01;80373;Sečanj;00;2024;2;Female;1231;NR;number;SORS;Registered employment by sex and municipalities of residence (NSTJ) ;A;Normal value
24021105IND01;80373;Sečanj;00;2025;0;Total;3131;NR;number;SORS;Registered employment by sex and municipalities of residence (NSTJ) ;A;Normal value
24021105IND01;80373;Sečanj;00;2025;1;Male;1903;NR;number;SORS;Registered employment by sex and municipalities of residence (NSTJ) ;A;Normal value
24021105IND01;80373;Sečanj;00;2025;2;Female;1227;NR;number;SORS;Registered employment by sex and municipalities of residence (NSTJ) ;A;Normal value
24021105IND01;80373;Sečanj;00;2020;0;Total;3102;NR;number;SORS;Registered employment by sex and municipalities of residence (NSTJ) ;A;Normal value
24021105IND01;80373;Sečanj;00;2020;1;Male;1867;NR;number;SORS;Registered employment by sex and municipalities of residence (NSTJ) ;A;Normal value
24021105IND01;80373;Sečanj;00;2020;2;Female;1235;NR;number;SORS;Registered employment by sex and municipalities of residence (NSTJ) ;A;Normal value
24021105IND01;80373;Sečanj;00;2021;0;Total;3044;NR;number;SORS;Registered employment by sex and municipalities of residence (NSTJ) ;A;Normal value
24021105IND01;80373;Sečanj;00;2021;1;Male;1869;NR;number;SORS;Registered employment by sex and municipalities of residence (NSTJ) ;A;Normal value
24021105IND01;80373;Sečanj;00;2021;2;Female;1175;NR;number;SORS;Registered employment by sex and municipalities of residence (NSTJ) ;A;Normal value
24021105IND01;80373;Sečanj;00;2022;0;Total;3060;NR;number;SORS;Registered employment by sex and municipalities of residence (NSTJ) ;A;Normal value
24021105IND01;80373;Sečanj;00;2022;1;Male;1873;NR;number;SORS;Registered employment by sex and municipalities of residence (NSTJ) ;A;Normal value
24021105IND01;80373;Sečanj;00;2022;2;Female;1187;NR;number;SORS;Registered employment by sex and municipalities of residence (NSTJ) ;A;Normal value
24021105IND01;80373;Sečanj;00;2023;0;Total;3098;NR;number;SORS;Registered employment by sex and municipalities of residence (NSTJ) ;A;Normal value
24021105IND01;80373;Sečanj;00;2023;1;Male;1896;NR;number;SORS;Registered employment by sex and municipalities of residence (NSTJ) ;A;Normal value
24021105IND01;80373;Sečanj;00;2023;2;Female;1202;NR;number;SORS;Registered employment by sex and municipalities of residence (NSTJ) ;A;Normal value
24021105IND01;80373;Sečanj;00;2019;0;Total;3079;NR;number;SORS;Registered employment by sex and municipalities of residence (NSTJ) ;A;Normal value
24021105IND01;80373;Sečanj;00;2019;1;Male;1859;NR;number;SORS;Registered employment by sex and municipalities of residence (NSTJ) ;A;Normal value
24021105IND01;80373;Sečanj;00;2019;2;Female;1220;NR;number;SORS;Registered employment by sex and municipalities of residence (NSTJ) ;A;Normal value
24021105IND01;80373;Sečanj;00;2018;0;Total;2981;NR;number;SORS;Registered employment by sex and municipalities of residence (NSTJ) ;A;Normal value
24021105IND01;80373;Sečanj;00;2018;1;Male;1806;NR;number;SORS;Registered employment by sex and municipalities of residence (NSTJ) ;A;Normal value
24021105IND01;80373;Sečanj;00;2018;2;Female;1175;NR;number;SORS;Registered employment by sex and municipalities of residence (NSTJ) ;A;Normal value
24021105IND01;80373;Sečanj;00;2017;0;Total;2632;NR;number;SORS;Registered employment by sex and municipalities of residence (NSTJ) ;A;Normal value
24021105IND01;80373;Sečanj;00;2017;1;Male;1604;NR;number;SORS;Registered employment by sex and municipalities of residence (NSTJ) ;A;Normal value
24021105IND01;80373;Sečanj;00;2017;2;Female;1028;NR;number;SORS;Registered employment by sex and municipalities of residence (NSTJ) ;A;Normal value
24021105IND01;80373;Sečanj;00;2016;0;Total;2560;NR;number;SORS;Registered employment by sex and municipalities of residence (NSTJ) ;A;Normal value
24021105IND01;80373;Sečanj;00;2016;1;Male;1602;NR;number;SORS;Registered employment by sex and municipalities of residence (NSTJ) ;A;Normal value
24021105IND01;80373;Sečanj;00;2016;2;Female;958;NR;number;SORS;Registered employment by sex and municipalities of residence (NSTJ) ;A;Normal value
24021105IND01;80381;Sombor;00;2016;0;Total;21479;NR;number;SORS;Registered employment by sex and municipalities of residence (NSTJ) ;A;Normal value
24021105IND01;80381;Sombor;00;2016;1;Male;11461;NR;number;SORS;Registered employment by sex and municipalities of residence (NSTJ) ;A;Normal value
24021105IND01;80381;Sombor;00;2016;2;Female;10017;NR;number;SORS;Registered employment by sex and municipalities of residence (NSTJ) ;A;Normal value
24021105IND01;80381;Sombor;00;2017;0;Total;21419;NR;number;SORS;Registered employment by sex and municipalities of residence (NSTJ) ;A;Normal value
24021105IND01;80381;Sombor;00;2017;1;Male;11440;NR;number;SORS;Registered employment by sex and municipalities of residence (NSTJ) ;A;Normal value
24021105IND01;80381;Sombor;00;2017;2;Female;9979;NR;number;SORS;Registered employment by sex and municipalities of residence (NSTJ) ;A;Normal value
24021105IND01;80381;Sombor;00;2018;0;Total;21892;NR;number;SORS;Registered employment by sex and municipalities of residence (NSTJ) ;A;Normal value
24021105IND01;80381;Sombor;00;2018;1;Male;11744;NR;number;SORS;Registered employment by sex and municipalities of residence (NSTJ) ;A;Normal value
24021105IND01;80381;Sombor;00;2018;2;Female;10148;NR;number;SORS;Registered employment by sex and municipalities of residence (NSTJ) ;A;Normal value
24021105IND01;80381;Sombor;00;2019;0;Total;22070;NR;number;SORS;Registered employment by sex and municipalities of residence (NSTJ) ;A;Normal value
24021105IND01;80381;Sombor;00;2019;1;Male;11912;NR;number;SORS;Registered employment by sex and municipalities of residence (NSTJ) ;A;Normal value
24021105IND01;80381;Sombor;00;2019;2;Female;10158;NR;number;SORS;Registered employment by sex and municipalities of residence (NSTJ) ;A;Normal value
24021105IND01;80381;Sombor;00;2023;0;Total;22846;NR;number;SORS;Registered employment by sex and municipalities of residence (NSTJ) ;A;Normal value
24021105IND01;80381;Sombor;00;2023;1;Male;12038;NR;number;SORS;Registered employment by sex and municipalities of residence (NSTJ) ;A;Normal value
24021105IND01;80381;Sombor;00;2023;2;Female;10809;NR;number;SORS;Registered employment by sex and municipalities of residence (NSTJ) ;A;Normal value
24021105IND01;80381;Sombor;00;2022;0;Total;22557;NR;number;SORS;Registered employment by sex and municipalities of residence (NSTJ) ;A;Normal value
24021105IND01;80381;Sombor;00;2022;1;Male;11938;NR;number;SORS;Registered employment by sex and municipalities of residence (NSTJ) ;A;Normal value
24021105IND01;80381;Sombor;00;2022;2;Female;10619;NR;number;SORS;Registered employment by sex and municipalities of residence (NSTJ) ;A;Normal value
24021105IND01;80381;Sombor;00;2021;0;Total;22346;NR;number;SORS;Registered employment by sex and municipalities of residence (NSTJ) ;A;Normal value
24021105IND01;80381;Sombor;00;2021;1;Male;11917;NR;number;SORS;Registered employment by sex and municipalities of residence (NSTJ) ;A;Normal value
24021105IND01;80381;Sombor;00;2021;2;Female;10429;NR;number;SORS;Registered employment by sex and municipalities of residence (NSTJ) ;A;Normal value
24021105IND01;80381;Sombor;00;2020;0;Total;22072;NR;number;SORS;Registered employment by sex and municipalities of residence (NSTJ) ;A;Normal value
24021105IND01;80381;Sombor;00;2020;1;Male;11868;NR;number;SORS;Registered employment by sex and municipalities of residence (NSTJ) ;A;Normal value
24021105IND01;80381;Sombor;00;2020;2;Female;10204;NR;number;SORS;Registered employment by sex and municipalities of residence (NSTJ) ;A;Normal value
24021105IND01;80381;Sombor;00;2025;0;Total;22292;NR;number;SORS;Registered employment by sex and municipalities of residence (NSTJ) ;A;Normal value
24021105IND01;80381;Sombor;00;2025;1;Male;11633;NR;number;SORS;Registered employment by sex and municipalities of residence (NSTJ) ;A;Normal value
24021105IND01;80381;Sombor;00;2025;2;Female;10658;NR;number;SORS;Registered employment by sex and municipalities of residence (NSTJ) ;A;Normal value
24021105IND01;80381;Sombor;00;2024;0;Total;22568;NR;number;SORS;Registered employment by sex and municipalities of residence (NSTJ) ;A;Normal value
24021105IND01;80381;Sombor;00;2024;1;Male;11858;NR;number;SORS;Registered employment by sex and municipalities of residence (NSTJ) ;A;Normal value
24021105IND01;80381;Sombor;00;2024;2;Female;10709;NR;number;SORS;Registered employment by sex and municipalities of residence (NSTJ) ;A;Normal value
24021105IND01;80390;Srbobran;00;2024;0;Total;4676;NR;number;SORS;Registered employment by sex and municipalities of residence (NSTJ) ;A;Normal value
24021105IND01;80390;Srbobran;00;2024;1;Male;2596;NR;number;SORS;Registered employment by sex and municipalities of residence (NSTJ) ;A;Normal value
24021105IND01;80390;Srbobran;00;2024;2;Female;2080;NR;number;SORS;Registered employment by sex and municipalities of residence (NSTJ) ;A;Normal value
24021105IND01;80390;Srbobran;00;2025;0;Total;4653;NR;number;SORS;Registered employment by sex and municipalities of residence (NSTJ) ;A;Normal value
24021105IND01;80390;Srbobran;00;2025;1;Male;2577;NR;number;SORS;Registered employment by sex and municipalities of residence (NSTJ) ;A;Normal value
24021105IND01;80390;Srbobran;00;2025;2;Female;2076;NR;number;SORS;Registered employment by sex and municipalities of residence (NSTJ) ;A;Normal value
24021105IND01;80390;Srbobran;00;2020;0;Total;4487;NR;number;SORS;Registered employment by sex and municipalities of residence (NSTJ) ;A;Normal value
24021105IND01;80390;Srbobran;00;2020;1;Male;2621;NR;number;SORS;Registered employment by sex and municipalities of residence (NSTJ) ;A;Normal value
24021105IND01;80390;Srbobran;00;2020;2;Female;1867;NR;number;SORS;Registered employment by sex and municipalities of residence (NSTJ) ;A;Normal value
24021105IND01;80390;Srbobran;00;2021;0;Total;4520;NR;number;SORS;Registered employment by sex and municipalities of residence (NSTJ) ;A;Normal value
24021105IND01;80390;Srbobran;00;2021;1;Male;2624;NR;number;SORS;Registered employment by sex and municipalities of residence (NSTJ) ;A;Normal value
24021105IND01;80390;Srbobran;00;2021;2;Female;1896;NR;number;SORS;Registered employment by sex and municipalities of residence (NSTJ) ;A;Normal value
24021105IND01;80390;Srbobran;00;2022;0;Total;4517;NR;number;SORS;Registered employment by sex and municipalities of residence (NSTJ) ;A;Normal value
24021105IND01;80390;Srbobran;00;2022;1;Male;2560;NR;number;SORS;Registered employment by sex and municipalities of residence (NSTJ) ;A;Normal value
24021105IND01;80390;Srbobran;00;2022;2;Female;1957;NR;number;SORS;Registered employment by sex and municipalities of residence (NSTJ) ;A;Normal value
24021105IND01;80390;Srbobran;00;2023;0;Total;4683;NR;number;SORS;Registered employment by sex and municipalities of residence (NSTJ) ;A;Normal value
24021105IND01;80390;Srbobran;00;2023;1;Male;2608;NR;number;SORS;Registered employment by sex and municipalities of residence (NSTJ) ;A;Normal value
24021105IND01;80390;Srbobran;00;2023;2;Female;2075;NR;number;SORS;Registered employment by sex and municipalities of residence (NSTJ) ;A;Normal value
24021105IND01;80390;Srbobran;00;2019;0;Total;4387;NR;number;SORS;Registered employment by sex and municipalities of residence (NSTJ) ;A;Normal value
24021105IND01;80390;Srbobran;00;2019;1;Male;2586;NR;number;SORS;Registered employment by sex and municipalities of residence (NSTJ) ;A;Normal value
24021105IND01;80390;Srbobran;00;2019;2;Female;1801;NR;number;SORS;Registered employment by sex and municipalities of residence (NSTJ) ;A;Normal value
24021105IND01;80390;Srbobran;00;2018;0;Total;4290;NR;number;SORS;Registered employment by sex and municipalities of residence (NSTJ) ;A;Normal value
24021105IND01;80390;Srbobran;00;2018;1;Male;2565;NR;number;SORS;Registered employment by sex and municipalities of residence (NSTJ) ;A;Normal value
24021105IND01;80390;Srbobran;00;2018;2;Female;1725;NR;number;SORS;Registered employment by sex and municipalities of residence (NSTJ) ;A;Normal value
24021105IND01;80390;Srbobran;00;2017;0;Total;3993;NR;number;SORS;Registered employment by sex and municipalities of residence (NSTJ) ;A;Normal value
24021105IND01;80390;Srbobran;00;2017;1;Male;2458;NR;number;SORS;Registered employment by sex and municipalities of residence (NSTJ) ;A;Normal value
24021105IND01;80390;Srbobran;00;2017;2;Female;1535;NR;number;SORS;Registered employment by sex and municipalities of residence (NSTJ) ;A;Normal value
24021105IND01;80390;Srbobran;00;2016;0;Total;3737;NR;number;SORS;Registered employment by sex and municipalities of residence (NSTJ) ;A;Normal value
24021105IND01;80390;Srbobran;00;2016;1;Male;2325;NR;number;SORS;Registered employment by sex and municipalities of residence (NSTJ) ;A;Normal value
24021105IND01;80390;Srbobran;00;2016;2;Female;1412;NR;number;SORS;Registered employment by sex and municipalities of residence (NSTJ) ;A;Normal value
24021105IND01;80403;Sremska Mitrovica;00;2016;0;Total;21225;NR;number;SORS;Registered employment by sex and municipalities of residence (NSTJ) ;A;Normal value
24021105IND01;80403;Sremska Mitrovica;00;2016;1;Male;11686;NR;number;SORS;Registered employment by sex and municipalities of residence (NSTJ) ;A;Normal value
24021105IND01;80403;Sremska Mitrovica;00;2016;2;Female;9539;NR;number;SORS;Registered employment by sex and municipalities of residence (NSTJ) ;A;Normal value
24021105IND01;80403;Sremska Mitrovica;00;2017;0;Total;22060;NR;number;SORS;Registered employment by sex and municipalities of residence (NSTJ) ;A;Normal value
24021105IND01;80403;Sremska Mitrovica;00;2017;1;Male;12141;NR;number;SORS;Registered employment by sex and municipalities of residence (NSTJ) ;A;Normal value
24021105IND01;80403;Sremska Mitrovica;00;2017;2;Female;9919;NR;number;SORS;Registered employment by sex and municipalities of residence (NSTJ) ;A;Normal value
24021105IND01;80403;Sremska Mitrovica;00;2018;0;Total;23140;NR;number;SORS;Registered employment by sex and municipalities of residence (NSTJ) ;A;Normal value
24021105IND01;80403;Sremska Mitrovica;00;2018;1;Male;12688;NR;number;SORS;Registered employment by sex and municipalities of residence (NSTJ) ;A;Normal value
24021105IND01;80403;Sremska Mitrovica;00;2018;2;Female;10452;NR;number;SORS;Registered employment by sex and municipalities of residence (NSTJ) ;A;Normal value
24021105IND01;80403;Sremska Mitrovica;00;2019;0;Total;23725;NR;number;SORS;Registered employment by sex and municipalities of residence (NSTJ) ;A;Normal value
24021105IND01;80403;Sremska Mitrovica;00;2019;1;Male;12932;NR;number;SORS;Registered employment by sex and municipalities of residence (NSTJ) ;A;Normal value
24021105IND01;80403;Sremska Mitrovica;00;2019;2;Female;10793;NR;number;SORS;Registered employment by sex and municipalities of residence (NSTJ) ;A;Normal value
24021105IND01;80403;Sremska Mitrovica;00;2023;0;Total;25430;NR;number;SORS;Registered employment by sex and municipalities of residence (NSTJ) ;A;Normal value
24021105IND01;80403;Sremska Mitrovica;00;2023;1;Male;13401;NR;number;SORS;Registered employment by sex and municipalities of residence (NSTJ) ;A;Normal value
24021105IND01;80403;Sremska Mitrovica;00;2023;2;Female;12029;NR;number;SORS;Registered employment by sex and municipalities of residence (NSTJ) ;A;Normal value
24021105IND01;80403;Sremska Mitrovica;00;2022;0;Total;24900;NR;number;SORS;Registered employment by sex and municipalities of residence (NSTJ) ;A;Normal value
24021105IND01;80403;Sremska Mitrovica;00;2022;1;Male;13280;NR;number;SORS;Registered employment by sex and municipalities of residence (NSTJ) ;A;Normal value
24021105IND01;80403;Sremska Mitrovica;00;2022;2;Female;11621;NR;number;SORS;Registered employment by sex and municipalities of residence (NSTJ) ;A;Normal value
24021105IND01;80403;Sremska Mitrovica;00;2021;0;Total;24555;NR;number;SORS;Registered employment by sex and municipalities of residence (NSTJ) ;A;Normal value
24021105IND01;80403;Sremska Mitrovica;00;2021;1;Male;13247;NR;number;SORS;Registered employment by sex and municipalities of residence (NSTJ) ;A;Normal value
24021105IND01;80403;Sremska Mitrovica;00;2021;2;Female;11308;NR;number;SORS;Registered employment by sex and municipalities of residence (NSTJ) ;A;Normal value
24021105IND01;80403;Sremska Mitrovica;00;2020;0;Total;24024;NR;number;SORS;Registered employment by sex and municipalities of residence (NSTJ) ;A;Normal value
24021105IND01;80403;Sremska Mitrovica;00;2020;1;Male;13060;NR;number;SORS;Registered employment by sex and municipalities of residence (NSTJ) ;A;Normal value
24021105IND01;80403;Sremska Mitrovica;00;2020;2;Female;10964;NR;number;SORS;Registered employment by sex and municipalities of residence (NSTJ) ;A;Normal value
24021105IND01;80403;Sremska Mitrovica;00;2025;0;Total;25053;NR;number;SORS;Registered employment by sex and municipalities of residence (NSTJ) ;A;Normal value
24021105IND01;80403;Sremska Mitrovica;00;2025;1;Male;13281;NR;number;SORS;Registered employment by sex and municipalities of residence (NSTJ) ;A;Normal value
24021105IND01;80403;Sremska Mitrovica;00;2025;2;Female;11772;NR;number;SORS;Registered employment by sex and municipalities of residence (NSTJ) ;A;Normal value
24021105IND01;80403;Sremska Mitrovica;00;2024;0;Total;25090;NR;number;SORS;Registered employment by sex and municipalities of residence (NSTJ) ;A;Normal value
24021105IND01;80403;Sremska Mitrovica;00;2024;1;Male;13202;NR;number;SORS;Registered employment by sex and municipalities of residence (NSTJ) ;A;Normal value
24021105IND01;80403;Sremska Mitrovica;00;2024;2;Female;11888;NR;number;SORS;Registered employment by sex and municipalities of residence (NSTJ) ;A;Normal value
24021105IND01;80411;Sremski Karlovci;00;2024;0;Total;3083;NR;number;SORS;Registered employment by sex and municipalities of residence (NSTJ) ;A;Normal value
24021105IND01;80411;Sremski Karlovci;00;2024;1;Male;1627;NR;number;SORS;Registered employment by sex and municipalities of residence (NSTJ) ;A;Normal value
24021105IND01;80411;Sremski Karlovci;00;2024;2;Female;1456;NR;number;SORS;Registered employment by sex and municipalities of residence (NSTJ) ;A;Normal value
24021105IND01;80411;Sremski Karlovci;00;2025;0;Total;3010;NR;number;SORS;Registered employment by sex and municipalities of residence (NSTJ) ;A;Normal value
24021105IND01;80411;Sremski Karlovci;00;2025;1;Male;1583;NR;number;SORS;Registered employment by sex and municipalities of residence (NSTJ) ;A;Normal value
24021105IND01;80411;Sremski Karlovci;00;2025;2;Female;1427;NR;number;SORS;Registered employment by sex and municipalities of residence (NSTJ) ;A;Normal value
24021105IND01;80411;Sremski Karlovci;00;2020;0;Total;3029;NR;number;SORS;Registered employment by sex and municipalities of residence (NSTJ) ;A;Normal value
24021105IND01;80411;Sremski Karlovci;00;2020;1;Male;1633;NR;number;SORS;Registered employment by sex and municipalities of residence (NSTJ) ;A;Normal value
24021105IND01;80411;Sremski Karlovci;00;2020;2;Female;1396;NR;number;SORS;Registered employment by sex and municipalities of residence (NSTJ) ;A;Normal value
24021105IND01;80411;Sremski Karlovci;00;2021;0;Total;3076;NR;number;SORS;Registered employment by sex and municipalities of residence (NSTJ) ;A;Normal value
24021105IND01;80411;Sremski Karlovci;00;2021;1;Male;1660;NR;number;SORS;Registered employment by sex and municipalities of residence (NSTJ) ;A;Normal value
24021105IND01;80411;Sremski Karlovci;00;2021;2;Female;1416;NR;number;SORS;Registered employment by sex and municipalities of residence (NSTJ) ;A;Normal value
24021105IND01;80411;Sremski Karlovci;00;2022;0;Total;3084;NR;number;SORS;Registered employment by sex and municipalities of residence (NSTJ) ;A;Normal value
24021105IND01;80411;Sremski Karlovci;00;2022;1;Male;1644;NR;number;SORS;Registered employment by sex and municipalities of residence (NSTJ) ;A;Normal value
24021105IND01;80411;Sremski Karlovci;00;2022;2;Female;1440;NR;number;SORS;Registered employment by sex and municipalities of residence (NSTJ) ;A;Normal value
24021105IND01;80411;Sremski Karlovci;00;2023;0;Total;3088;NR;number;SORS;Registered employment by sex and municipalities of residence (NSTJ) ;A;Normal value
24021105IND01;80411;Sremski Karlovci;00;2023;1;Male;1635;NR;number;SORS;Registered employment by sex and municipalities of residence (NSTJ) ;A;Normal value
24021105IND01;80411;Sremski Karlovci;00;2023;2;Female;1453;NR;number;SORS;Registered employment by sex and municipalities of residence (NSTJ) ;A;Normal value
24021105IND01;80411;Sremski Karlovci;00;2019;0;Total;3010;NR;number;SORS;Registered employment by sex and municipalities of residence (NSTJ) ;A;Normal value
24021105IND01;80411;Sremski Karlovci;00;2019;1;Male;1633;NR;number;SORS;Registered employment by sex and municipalities of residence (NSTJ) ;A;Normal value
24021105IND01;80411;Sremski Karlovci;00;2019;2;Female;1377;NR;number;SORS;Registered employment by sex and municipalities of residence (NSTJ) ;A;Normal value
24021105IND01;80411;Sremski Karlovci;00;2018;0;Total;2979;NR;number;SORS;Registered employment by sex and municipalities of residence (NSTJ) ;A;Normal value
24021105IND01;80411;Sremski Karlovci;00;2018;1;Male;1620;NR;number;SORS;Registered employment by sex and municipalities of residence (NSTJ) ;A;Normal value
24021105IND01;80411;Sremski Karlovci;00;2018;2;Female;1359;NR;number;SORS;Registered employment by sex and municipalities of residence (NSTJ) ;A;Normal value
24021105IND01;80411;Sremski Karlovci;00;2017;0;Total;2834;NR;number;SORS;Registered employment by sex and municipalities of residence (NSTJ) ;A;Normal value
24021105IND01;80411;Sremski Karlovci;00;2017;1;Male;1530;NR;number;SORS;Registered employment by sex and municipalities of residence (NSTJ) ;A;Normal value
24021105IND01;80411;Sremski Karlovci;00;2017;2;Female;1304;NR;number;SORS;Registered employment by sex and municipalities of residence (NSTJ) ;A;Normal value
24021105IND01;80411;Sremski Karlovci;00;2016;0;Total;2698;NR;number;SORS;Registered employment by sex and municipalities of residence (NSTJ) ;A;Normal value
24021105IND01;80411;Sremski Karlovci;00;2016;1;Male;1455;NR;number;SORS;Registered employment by sex and municipalities of residence (NSTJ) ;A;Normal value
24021105IND01;80411;Sremski Karlovci;00;2016;2;Female;1244;NR;number;SORS;Registered employment by sex and municipalities of residence (NSTJ) ;A;Normal value
24021105IND01;80420;Stara Pazova;00;2016;0;Total;19514;NR;number;SORS;Registered employment by sex and municipalities of residence (NSTJ) ;A;Normal value
24021105IND01;80420;Stara Pazova;00;2016;1;Male;10764;NR;number;SORS;Registered employment by sex and municipalities of residence (NSTJ) ;A;Normal value
24021105IND01;80420;Stara Pazova;00;2016;2;Female;8750;NR;number;SORS;Registered employment by sex and municipalities of residence (NSTJ) ;A;Normal value
24021105IND01;80420;Stara Pazova;00;2017;0;Total;20202;NR;number;SORS;Registered employment by sex and municipalities of residence (NSTJ) ;A;Normal value
24021105IND01;80420;Stara Pazova;00;2017;1;Male;11017;NR;number;SORS;Registered employment by sex and municipalities of residence (NSTJ) ;A;Normal value
24021105IND01;80420;Stara Pazova;00;2017;2;Female;9184;NR;number;SORS;Registered employment by sex and municipalities of residence (NSTJ) ;A;Normal value
24021105IND01;80420;Stara Pazova;00;2018;0;Total;20965;NR;number;SORS;Registered employment by sex and municipalities of residence (NSTJ) ;A;Normal value
24021105IND01;80420;Stara Pazova;00;2018;1;Male;11356;NR;number;SORS;Registered employment by sex and municipalities of residence (NSTJ) ;A;Normal value
24021105IND01;80420;Stara Pazova;00;2018;2;Female;9610;NR;number;SORS;Registered employment by sex and municipalities of residence (NSTJ) ;A;Normal value
24021105IND01;80420;Stara Pazova;00;2019;0;Total;21378;NR;number;SORS;Registered employment by sex and municipalities of residence (NSTJ) ;A;Normal value
24021105IND01;80420;Stara Pazova;00;2019;1;Male;11523;NR;number;SORS;Registered employment by sex and municipalities of residence (NSTJ) ;A;Normal value
24021105IND01;80420;Stara Pazova;00;2019;2;Female;9856;NR;number;SORS;Registered employment by sex and municipalities of residence (NSTJ) ;A;Normal value
24021105IND01;80420;Stara Pazova;00;2023;0;Total;23595;NR;number;SORS;Registered employment by sex and municipalities of residence (NSTJ) ;A;Normal value
24021105IND01;80420;Stara Pazova;00;2023;1;Male;12429;NR;number;SORS;Registered employment by sex and municipalities of residence (NSTJ) ;A;Normal value
24021105IND01;80420;Stara Pazova;00;2023;2;Female;11166;NR;number;SORS;Registered employment by sex and municipalities of residence (NSTJ) ;A;Normal value
24021105IND01;80420;Stara Pazova;00;2022;0;Total;22923;NR;number;SORS;Registered employment by sex and municipalities of residence (NSTJ) ;A;Normal value
24021105IND01;80420;Stara Pazova;00;2022;1;Male;12143;NR;number;SORS;Registered employment by sex and municipalities of residence (NSTJ) ;A;Normal value
24021105IND01;80420;Stara Pazova;00;2022;2;Female;10780;NR;number;SORS;Registered employment by sex and municipalities of residence (NSTJ) ;A;Normal value
24021105IND01;80420;Stara Pazova;00;2021;0;Total;22574;NR;number;SORS;Registered employment by sex and municipalities of residence (NSTJ) ;A;Normal value
24021105IND01;80420;Stara Pazova;00;2021;1;Male;12032;NR;number;SORS;Registered employment by sex and municipalities of residence (NSTJ) ;A;Normal value
24021105IND01;80420;Stara Pazova;00;2021;2;Female;10542;NR;number;SORS;Registered employment by sex and municipalities of residence (NSTJ) ;A;Normal value
24021105IND01;80420;Stara Pazova;00;2020;0;Total;21821;NR;number;SORS;Registered employment by sex and municipalities of residence (NSTJ) ;A;Normal value
24021105IND01;80420;Stara Pazova;00;2020;1;Male;11698;NR;number;SORS;Registered employment by sex and municipalities of residence (NSTJ) ;A;Normal value
24021105IND01;80420;Stara Pazova;00;2020;2;Female;10123;NR;number;SORS;Registered employment by sex and municipalities of residence (NSTJ) ;A;Normal value
24021105IND01;80420;Stara Pazova;00;2025;0;Total;24837;NR;number;SORS;Registered employment by sex and municipalities of residence (NSTJ) ;A;Normal value
24021105IND01;80420;Stara Pazova;00;2025;1;Male;13267;NR;number;SORS;Registered employment by sex and municipalities of residence (NSTJ) ;A;Normal value
24021105IND01;80420;Stara Pazova;00;2025;2;Female;11570;NR;number;SORS;Registered employment by sex and municipalities of residence (NSTJ) ;A;Normal value
24021105IND01;80420;Stara Pazova;00;2024;0;Total;24198;NR;number;SORS;Registered employment by sex and municipalities of residence (NSTJ) ;A;Normal value
24021105IND01;80420;Stara Pazova;00;2024;1;Male;12803;NR;number;SORS;Registered employment by sex and municipalities of residence (NSTJ) ;A;Normal value
24021105IND01;80420;Stara Pazova;00;2024;2;Female;11395;NR;number;SORS;Registered employment by sex and municipalities of residence (NSTJ) ;A;Normal value
24021105IND01;80438;Subotica;00;2024;0;Total;45020;NR;number;SORS;Registered employment by sex and municipalities of residence (NSTJ) ;A;Normal value
24021105IND01;80438;Subotica;00;2024;1;Male;23328;NR;number;SORS;Registered employment by sex and municipalities of residence (NSTJ) ;A;Normal value
24021105IND01;80438;Subotica;00;2024;2;Female;21691;NR;number;SORS;Registered employment by sex and municipalities of residence (NSTJ) ;A;Normal value
24021105IND01;80438;Subotica;00;2025;0;Total;44517;NR;number;SORS;Registered employment by sex and municipalities of residence (NSTJ) ;A;Normal value
24021105IND01;80438;Subotica;00;2025;1;Male;22964;NR;number;SORS;Registered employment by sex and municipalities of residence (NSTJ) ;A;Normal value
24021105IND01;80438;Subotica;00;2025;2;Female;21553;NR;number;SORS;Registered employment by sex and municipalities of residence (NSTJ) ;A;Normal value
24021105IND01;80438;Subotica;00;2020;0;Total;44359;NR;number;SORS;Registered employment by sex and municipalities of residence (NSTJ) ;A;Normal value
24021105IND01;80438;Subotica;00;2020;1;Male;23248;NR;number;SORS;Registered employment by sex and municipalities of residence (NSTJ) ;A;Normal value
24021105IND01;80438;Subotica;00;2020;2;Female;21111;NR;number;SORS;Registered employment by sex and municipalities of residence (NSTJ) ;A;Normal value
24021105IND01;80438;Subotica;00;2021;0;Total;44750;NR;number;SORS;Registered employment by sex and municipalities of residence (NSTJ) ;A;Normal value
24021105IND01;80438;Subotica;00;2021;1;Male;23382;NR;number;SORS;Registered employment by sex and municipalities of residence (NSTJ) ;A;Normal value
24021105IND01;80438;Subotica;00;2021;2;Female;21368;NR;number;SORS;Registered employment by sex and municipalities of residence (NSTJ) ;A;Normal value
24021105IND01;80438;Subotica;00;2022;0;Total;45067;NR;number;SORS;Registered employment by sex and municipalities of residence (NSTJ) ;A;Normal value
24021105IND01;80438;Subotica;00;2022;1;Male;23421;NR;number;SORS;Registered employment by sex and municipalities of residence (NSTJ) ;A;Normal value
24021105IND01;80438;Subotica;00;2022;2;Female;21646;NR;number;SORS;Registered employment by sex and municipalities of residence (NSTJ) ;A;Normal value
24021105IND01;80438;Subotica;00;2023;0;Total;45419;NR;number;SORS;Registered employment by sex and municipalities of residence (NSTJ) ;A;Normal value
24021105IND01;80438;Subotica;00;2023;1;Male;23566;NR;number;SORS;Registered employment by sex and municipalities of residence (NSTJ) ;A;Normal value
24021105IND01;80438;Subotica;00;2023;2;Female;21853;NR;number;SORS;Registered employment by sex and municipalities of residence (NSTJ) ;A;Normal value
24021105IND01;80438;Subotica;00;2019;0;Total;44469;NR;number;SORS;Registered employment by sex and municipalities of residence (NSTJ) ;A;Normal value
24021105IND01;80438;Subotica;00;2019;1;Male;23291;NR;number;SORS;Registered employment by sex and municipalities of residence (NSTJ) ;A;Normal value
24021105IND01;80438;Subotica;00;2019;2;Female;21178;NR;number;SORS;Registered employment by sex and municipalities of residence (NSTJ) ;A;Normal value
24021105IND01;80438;Subotica;00;2018;0;Total;44049;NR;number;SORS;Registered employment by sex and municipalities of residence (NSTJ) ;A;Normal value
24021105IND01;80438;Subotica;00;2018;1;Male;23083;NR;number;SORS;Registered employment by sex and municipalities of residence (NSTJ) ;A;Normal value
24021105IND01;80438;Subotica;00;2018;2;Female;20966;NR;number;SORS;Registered employment by sex and municipalities of residence (NSTJ) ;A;Normal value
24021105IND01;80438;Subotica;00;2017;0;Total;43718;NR;number;SORS;Registered employment by sex and municipalities of residence (NSTJ) ;A;Normal value
24021105IND01;80438;Subotica;00;2017;1;Male;23032;NR;number;SORS;Registered employment by sex and municipalities of residence (NSTJ) ;A;Normal value
24021105IND01;80438;Subotica;00;2017;2;Female;20686;NR;number;SORS;Registered employment by sex and municipalities of residence (NSTJ) ;A;Normal value
24021105IND01;80438;Subotica;00;2016;0;Total;43032;NR;number;SORS;Registered employment by sex and municipalities of residence (NSTJ) ;A;Normal value
24021105IND01;80438;Subotica;00;2016;1;Male;22816;NR;number;SORS;Registered employment by sex and municipalities of residence (NSTJ) ;A;Normal value
24021105IND01;80438;Subotica;00;2016;2;Female;20216;NR;number;SORS;Registered employment by sex and municipalities of residence (NSTJ) ;A;Normal value
24021105IND01;80446;Temerin;00;2016;0;Total;8742;NR;number;SORS;Registered employment by sex and municipalities of residence (NSTJ) ;A;Normal value
24021105IND01;80446;Temerin;00;2016;1;Male;4971;NR;number;SORS;Registered employment by sex and municipalities of residence (NSTJ) ;A;Normal value
24021105IND01;80446;Temerin;00;2016;2;Female;3771;NR;number;SORS;Registered employment by sex and municipalities of residence (NSTJ) ;A;Normal value
24021105IND01;80446;Temerin;00;2017;0;Total;9001;NR;number;SORS;Registered employment by sex and municipalities of residence (NSTJ) ;A;Normal value
24021105IND01;80446;Temerin;00;2017;1;Male;5053;NR;number;SORS;Registered employment by sex and municipalities of residence (NSTJ) ;A;Normal value
24021105IND01;80446;Temerin;00;2017;2;Female;3948;NR;number;SORS;Registered employment by sex and municipalities of residence (NSTJ) ;A;Normal value
24021105IND01;80446;Temerin;00;2018;0;Total;9340;NR;number;SORS;Registered employment by sex and municipalities of residence (NSTJ) ;A;Normal value
24021105IND01;80446;Temerin;00;2018;1;Male;5183;NR;number;SORS;Registered employment by sex and municipalities of residence (NSTJ) ;A;Normal value
24021105IND01;80446;Temerin;00;2018;2;Female;4157;NR;number;SORS;Registered employment by sex and municipalities of residence (NSTJ) ;A;Normal value
24021105IND01;80446;Temerin;00;2019;0;Total;9426;NR;number;SORS;Registered employment by sex and municipalities of residence (NSTJ) ;A;Normal value
24021105IND01;80446;Temerin;00;2019;1;Male;5203;NR;number;SORS;Registered employment by sex and municipalities of residence (NSTJ) ;A;Normal value
24021105IND01;80446;Temerin;00;2019;2;Female;4223;NR;number;SORS;Registered employment by sex and municipalities of residence (NSTJ) ;A;Normal value
24021105IND01;80446;Temerin;00;2023;0;Total;10006;NR;number;SORS;Registered employment by sex and municipalities of residence (NSTJ) ;A;Normal value
24021105IND01;80446;Temerin;00;2023;1;Male;5460;NR;number;SORS;Registered employment by sex and municipalities of residence (NSTJ) ;A;Normal value
24021105IND01;80446;Temerin;00;2023;2;Female;4546;NR;number;SORS;Registered employment by sex and municipalities of residence (NSTJ) ;A;Normal value
24021105IND01;80446;Temerin;00;2022;0;Total;9874;NR;number;SORS;Registered employment by sex and municipalities of residence (NSTJ) ;A;Normal value
24021105IND01;80446;Temerin;00;2022;1;Male;5427;NR;number;SORS;Registered employment by sex and municipalities of residence (NSTJ) ;A;Normal value
24021105IND01;80446;Temerin;00;2022;2;Female;4447;NR;number;SORS;Registered employment by sex and municipalities of residence (NSTJ) ;A;Normal value
24021105IND01;80446;Temerin;00;2021;0;Total;9786;NR;number;SORS;Registered employment by sex and municipalities of residence (NSTJ) ;A;Normal value
24021105IND01;80446;Temerin;00;2021;1;Male;5418;NR;number;SORS;Registered employment by sex and municipalities of residence (NSTJ) ;A;Normal value
24021105IND01;80446;Temerin;00;2021;2;Female;4367;NR;number;SORS;Registered employment by sex and municipalities of residence (NSTJ) ;A;Normal value
24021105IND01;80446;Temerin;00;2020;0;Total;9555;NR;number;SORS;Registered employment by sex and municipalities of residence (NSTJ) ;A;Normal value
24021105IND01;80446;Temerin;00;2020;1;Male;5294;NR;number;SORS;Registered employment by sex and municipalities of residence (NSTJ) ;A;Normal value
24021105IND01;80446;Temerin;00;2020;2;Female;4261;NR;number;SORS;Registered employment by sex and municipalities of residence (NSTJ) ;A;Normal value
24021105IND01;80446;Temerin;00;2025;0;Total;10078;NR;number;SORS;Registered employment by sex and municipalities of residence (NSTJ) ;A;Normal value
24021105IND01;80446;Temerin;00;2025;1;Male;5440;NR;number;SORS;Registered employment by sex and municipalities of residence (NSTJ) ;A;Normal value
24021105IND01;80446;Temerin;00;2025;2;Female;4638;NR;number;SORS;Registered employment by sex and municipalities of residence (NSTJ) ;A;Normal value
24021105IND01;80446;Temerin;00;2024;0;Total;10054;NR;number;SORS;Registered employment by sex and municipalities of residence (NSTJ) ;A;Normal value
24021105IND01;80446;Temerin;00;2024;1;Male;5464;NR;number;SORS;Registered employment by sex and municipalities of residence (NSTJ) ;A;Normal value
24021105IND01;80446;Temerin;00;2024;2;Female;4590;NR;number;SORS;Registered employment by sex and municipalities of residence (NSTJ) ;A;Normal value
24021105IND01;80454;Titel;00;2024;0;Total;4583;NR;number;SORS;Registered employment by sex and municipalities of residence (NSTJ) ;A;Normal value
24021105IND01;80454;Titel;00;2024;1;Male;2689;NR;number;SORS;Registered employment by sex and municipalities of residence (NSTJ) ;A;Normal value
24021105IND01;80454;Titel;00;2024;2;Female;1893;NR;number;SORS;Registered employment by sex and municipalities of residence (NSTJ) ;A;Normal value
24021105IND01;80454;Titel;00;2025;0;Total;4606;NR;number;SORS;Registered employment by sex and municipalities of residence (NSTJ) ;A;Normal value
24021105IND01;80454;Titel;00;2025;1;Male;2681;NR;number;SORS;Registered employment by sex and municipalities of residence (NSTJ) ;A;Normal value
24021105IND01;80454;Titel;00;2025;2;Female;1925;NR;number;SORS;Registered employment by sex and municipalities of residence (NSTJ) ;A;Normal value
24021105IND01;80454;Titel;00;2020;0;Total;4486;NR;number;SORS;Registered employment by sex and municipalities of residence (NSTJ) ;A;Normal value
24021105IND01;80454;Titel;00;2020;1;Male;2832;NR;number;SORS;Registered employment by sex and municipalities of residence (NSTJ) ;A;Normal value
24021105IND01;80454;Titel;00;2020;2;Female;1653;NR;number;SORS;Registered employment by sex and municipalities of residence (NSTJ) ;A;Normal value
24021105IND01;80454;Titel;00;2021;0;Total;4407;NR;number;SORS;Registered employment by sex and municipalities of residence (NSTJ) ;A;Normal value
24021105IND01;80454;Titel;00;2021;1;Male;2691;NR;number;SORS;Registered employment by sex and municipalities of residence (NSTJ) ;A;Normal value
24021105IND01;80454;Titel;00;2021;2;Female;1716;NR;number;SORS;Registered employment by sex and municipalities of residence (NSTJ) ;A;Normal value
24021105IND01;80454;Titel;00;2022;0;Total;4481;NR;number;SORS;Registered employment by sex and municipalities of residence (NSTJ) ;A;Normal value
24021105IND01;80454;Titel;00;2022;1;Male;2688;NR;number;SORS;Registered employment by sex and municipalities of residence (NSTJ) ;A;Normal value
24021105IND01;80454;Titel;00;2022;2;Female;1793;NR;number;SORS;Registered employment by sex and municipalities of residence (NSTJ) ;A;Normal value
24021105IND01;80454;Titel;00;2023;0;Total;4527;NR;number;SORS;Registered employment by sex and municipalities of residence (NSTJ) ;A;Normal value
24021105IND01;80454;Titel;00;2023;1;Male;2669;NR;number;SORS;Registered employment by sex and municipalities of residence (NSTJ) ;A;Normal value
24021105IND01;80454;Titel;00;2023;2;Female;1858;NR;number;SORS;Registered employment by sex and municipalities of residence (NSTJ) ;A;Normal value
24021105IND01;80454;Titel;00;2019;0;Total;4217;NR;number;SORS;Registered employment by sex and municipalities of residence (NSTJ) ;A;Normal value
24021105IND01;80454;Titel;00;2019;1;Male;2661;NR;number;SORS;Registered employment by sex and municipalities of residence (NSTJ) ;A;Normal value
24021105IND01;80454;Titel;00;2019;2;Female;1556;NR;number;SORS;Registered employment by sex and municipalities of residence (NSTJ) ;A;Normal value
24021105IND01;80454;Titel;00;2018;0;Total;3938;NR;number;SORS;Registered employment by sex and municipalities of residence (NSTJ) ;A;Normal value
24021105IND01;80454;Titel;00;2018;1;Male;2473;NR;number;SORS;Registered employment by sex and municipalities of residence (NSTJ) ;A;Normal value
24021105IND01;80454;Titel;00;2018;2;Female;1465;NR;number;SORS;Registered employment by sex and municipalities of residence (NSTJ) ;A;Normal value
24021105IND01;80454;Titel;00;2017;0;Total;3558;NR;number;SORS;Registered employment by sex and municipalities of residence (NSTJ) ;A;Normal value
24021105IND01;80454;Titel;00;2017;1;Male;2293;NR;number;SORS;Registered employment by sex and municipalities of residence (NSTJ) ;A;Normal value
24021105IND01;80454;Titel;00;2017;2;Female;1265;NR;number;SORS;Registered employment by sex and municipalities of residence (NSTJ) ;A;Normal value
24021105IND01;80454;Titel;00;2016;0;Total;3325;NR;number;SORS;Registered employment by sex and municipalities of residence (NSTJ) ;A;Normal value
24021105IND01;80454;Titel;00;2016;1;Male;2160;NR;number;SORS;Registered employment by sex and municipalities of residence (NSTJ) ;A;Normal value
24021105IND01;80454;Titel;00;2016;2;Female;1165;NR;number;SORS;Registered employment by sex and municipalities of residence (NSTJ) ;A;Normal value
24021105IND01;80462;Vrbas;00;2016;0;Total;11092;NR;number;SORS;Registered employment by sex and municipalities of residence (NSTJ) ;A;Normal value
24021105IND01;80462;Vrbas;00;2016;1;Male;6128;NR;number;SORS;Registered employment by sex and municipalities of residence (NSTJ) ;A;Normal value
24021105IND01;80462;Vrbas;00;2016;2;Female;4964;NR;number;SORS;Registered employment by sex and municipalities of residence (NSTJ) ;A;Normal value
24021105IND01;80462;Vrbas;00;2017;0;Total;11450;NR;number;SORS;Registered employment by sex and municipalities of residence (NSTJ) ;A;Normal value
24021105IND01;80462;Vrbas;00;2017;1;Male;6300;NR;number;SORS;Registered employment by sex and municipalities of residence (NSTJ) ;A;Normal value
24021105IND01;80462;Vrbas;00;2017;2;Female;5151;NR;number;SORS;Registered employment by sex and municipalities of residence (NSTJ) ;A;Normal value
24021105IND01;80462;Vrbas;00;2018;0;Total;12118;NR;number;SORS;Registered employment by sex and municipalities of residence (NSTJ) ;A;Normal value
24021105IND01;80462;Vrbas;00;2018;1;Male;6609;NR;number;SORS;Registered employment by sex and municipalities of residence (NSTJ) ;A;Normal value
24021105IND01;80462;Vrbas;00;2018;2;Female;5509;NR;number;SORS;Registered employment by sex and municipalities of residence (NSTJ) ;A;Normal value
24021105IND01;80462;Vrbas;00;2019;0;Total;12280;NR;number;SORS;Registered employment by sex and municipalities of residence (NSTJ) ;A;Normal value
24021105IND01;80462;Vrbas;00;2019;1;Male;6656;NR;number;SORS;Registered employment by sex and municipalities of residence (NSTJ) ;A;Normal value
24021105IND01;80462;Vrbas;00;2019;2;Female;5625;NR;number;SORS;Registered employment by sex and municipalities of residence (NSTJ) ;A;Normal value
24021105IND01;80462;Vrbas;00;2023;0;Total;13069;NR;number;SORS;Registered employment by sex and municipalities of residence (NSTJ) ;A;Normal value
24021105IND01;80462;Vrbas;00;2023;1;Male;6988;NR;number;SORS;Registered employment by sex and municipalities of residence (NSTJ) ;A;Normal value
24021105IND01;80462;Vrbas;00;2023;2;Female;6081;NR;number;SORS;Registered employment by sex and municipalities of residence (NSTJ) ;A;Normal value
24021105IND01;80462;Vrbas;00;2022;0;Total;12678;NR;number;SORS;Registered employment by sex and municipalities of residence (NSTJ) ;A;Normal value
24021105IND01;80462;Vrbas;00;2022;1;Male;6765;NR;number;SORS;Registered employment by sex and municipalities of residence (NSTJ) ;A;Normal value
24021105IND01;80462;Vrbas;00;2022;2;Female;5913;NR;number;SORS;Registered employment by sex and municipalities of residence (NSTJ) ;A;Normal value
24021105IND01;80462;Vrbas;00;2021;0;Total;12754;NR;number;SORS;Registered employment by sex and municipalities of residence (NSTJ) ;A;Normal value
24021105IND01;80462;Vrbas;00;2021;1;Male;6865;NR;number;SORS;Registered employment by sex and municipalities of residence (NSTJ) ;A;Normal value
24021105IND01;80462;Vrbas;00;2021;2;Female;5890;NR;number;SORS;Registered employment by sex and municipalities of residence (NSTJ) ;A;Normal value
24021105IND01;80462;Vrbas;00;2020;0;Total;12450;NR;number;SORS;Registered employment by sex and municipalities of residence (NSTJ) ;A;Normal value
24021105IND01;80462;Vrbas;00;2020;1;Male;6769;NR;number;SORS;Registered employment by sex and municipalities of residence (NSTJ) ;A;Normal value
24021105IND01;80462;Vrbas;00;2020;2;Female;5681;NR;number;SORS;Registered employment by sex and municipalities of residence (NSTJ) ;A;Normal value
24021105IND01;80462;Vrbas;00;2025;0;Total;13001;NR;number;SORS;Registered employment by sex and municipalities of residence (NSTJ) ;A;Normal value
24021105IND01;80462;Vrbas;00;2025;1;Male;6929;NR;number;SORS;Registered employment by sex and municipalities of residence (NSTJ) ;A;Normal value
24021105IND01;80462;Vrbas;00;2025;2;Female;6072;NR;number;SORS;Registered employment by sex and municipalities of residence (NSTJ) ;A;Normal value
24021105IND01;80462;Vrbas;00;2024;0;Total;13048;NR;number;SORS;Registered employment by sex and municipalities of residence (NSTJ) ;A;Normal value
24021105IND01;80462;Vrbas;00;2024;1;Male;6977;NR;number;SORS;Registered employment by sex and municipalities of residence (NSTJ) ;A;Normal value
24021105IND01;80462;Vrbas;00;2024;2;Female;6070;NR;number;SORS;Registered employment by sex and municipalities of residence (NSTJ) ;A;Normal value
24021105IND01;80489;Čoka;00;2024;0;Total;2711;NR;number;SORS;Registered employment by sex and municipalities of residence (NSTJ) ;A;Normal value
24021105IND01;80489;Čoka;00;2024;1;Male;1569;NR;number;SORS;Registered employment by sex and municipalities of residence (NSTJ) ;A;Normal value
24021105IND01;80489;Čoka;00;2024;2;Female;1142;NR;number;SORS;Registered employment by sex and municipalities of residence (NSTJ) ;A;Normal value
24021105IND01;80489;Čoka;00;2025;0;Total;2659;NR;number;SORS;Registered employment by sex and municipalities of residence (NSTJ) ;A;Normal value
24021105IND01;80489;Čoka;00;2025;1;Male;1531;NR;number;SORS;Registered employment by sex and municipalities of residence (NSTJ) ;A;Normal value
24021105IND01;80489;Čoka;00;2025;2;Female;1128;NR;number;SORS;Registered employment by sex and municipalities of residence (NSTJ) ;A;Normal value
24021105IND01;80489;Čoka;00;2020;0;Total;2785;NR;number;SORS;Registered employment by sex and municipalities of residence (NSTJ) ;A;Normal value
24021105IND01;80489;Čoka;00;2020;1;Male;1627;NR;number;SORS;Registered employment by sex and municipalities of residence (NSTJ) ;A;Normal value
24021105IND01;80489;Čoka;00;2020;2;Female;1158;NR;number;SORS;Registered employment by sex and municipalities of residence (NSTJ) ;A;Normal value
24021105IND01;80489;Čoka;00;2021;0;Total;2791;NR;number;SORS;Registered employment by sex and municipalities of residence (NSTJ) ;A;Normal value
24021105IND01;80489;Čoka;00;2021;1;Male;1622;NR;number;SORS;Registered employment by sex and municipalities of residence (NSTJ) ;A;Normal value
24021105IND01;80489;Čoka;00;2021;2;Female;1169;NR;number;SORS;Registered employment by sex and municipalities of residence (NSTJ) ;A;Normal value
24021105IND01;80489;Čoka;00;2022;0;Total;2771;NR;number;SORS;Registered employment by sex and municipalities of residence (NSTJ) ;A;Normal value
24021105IND01;80489;Čoka;00;2022;1;Male;1599;NR;number;SORS;Registered employment by sex and municipalities of residence (NSTJ) ;A;Normal value
24021105IND01;80489;Čoka;00;2022;2;Female;1173;NR;number;SORS;Registered employment by sex and municipalities of residence (NSTJ) ;A;Normal value
24021105IND01;80489;Čoka;00;2023;0;Total;2758;NR;number;SORS;Registered employment by sex and municipalities of residence (NSTJ) ;A;Normal value
24021105IND01;80489;Čoka;00;2023;1;Male;1594;NR;number;SORS;Registered employment by sex and municipalities of residence (NSTJ) ;A;Normal value
24021105IND01;80489;Čoka;00;2023;2;Female;1164;NR;number;SORS;Registered employment by sex and municipalities of residence (NSTJ) ;A;Normal value
24021105IND01;80489;Čoka;00;2019;0;Total;2778;NR;number;SORS;Registered employment by sex and municipalities of residence (NSTJ) ;A;Normal value
24021105IND01;80489;Čoka;00;2019;1;Male;1638;NR;number;SORS;Registered employment by sex and municipalities of residence (NSTJ) ;A;Normal value
24021105IND01;80489;Čoka;00;2019;2;Female;1140;NR;number;SORS;Registered employment by sex and municipalities of residence (NSTJ) ;A;Normal value
24021105IND01;80489;Čoka;00;2018;0;Total;2749;NR;number;SORS;Registered employment by sex and municipalities of residence (NSTJ) ;A;Normal value
24021105IND01;80489;Čoka;00;2018;1;Male;1627;NR;number;SORS;Registered employment by sex and municipalities of residence (NSTJ) ;A;Normal value
24021105IND01;80489;Čoka;00;2018;2;Female;1122;NR;number;SORS;Registered employment by sex and municipalities of residence (NSTJ) ;A;Normal value
24021105IND01;80489;Čoka;00;2017;0;Total;2699;NR;number;SORS;Registered employment by sex and municipalities of residence (NSTJ) ;A;Normal value
24021105IND01;80489;Čoka;00;2017;1;Male;1615;NR;number;SORS;Registered employment by sex and municipalities of residence (NSTJ) ;A;Normal value
24021105IND01;80489;Čoka;00;2017;2;Female;1084;NR;number;SORS;Registered employment by sex and municipalities of residence (NSTJ) ;A;Normal value
24021105IND01;80489;Čoka;00;2016;0;Total;2687;NR;number;SORS;Registered employment by sex and municipalities of residence (NSTJ) ;A;Normal value
24021105IND01;80489;Čoka;00;2016;1;Male;1652;NR;number;SORS;Registered employment by sex and municipalities of residence (NSTJ) ;A;Normal value
24021105IND01;80489;Čoka;00;2016;2;Female;1035;NR;number;SORS;Registered employment by sex and municipalities of residence (NSTJ) ;A;Normal value
24021105IND01;80497;Šid;00;2016;0;Total;7669;NR;number;SORS;Registered employment by sex and municipalities of residence (NSTJ) ;A;Normal value
24021105IND01;80497;Šid;00;2016;1;Male;4622;NR;number;SORS;Registered employment by sex and municipalities of residence (NSTJ) ;A;Normal value
24021105IND01;80497;Šid;00;2016;2;Female;3048;NR;number;SORS;Registered employment by sex and municipalities of residence (NSTJ) ;A;Normal value
24021105IND01;80497;Šid;00;2017;0;Total;7858;NR;number;SORS;Registered employment by sex and municipalities of residence (NSTJ) ;A;Normal value
24021105IND01;80497;Šid;00;2017;1;Male;4713;NR;number;SORS;Registered employment by sex and municipalities of residence (NSTJ) ;A;Normal value
24021105IND01;80497;Šid;00;2017;2;Female;3145;NR;number;SORS;Registered employment by sex and municipalities of residence (NSTJ) ;A;Normal value
24021105IND01;80497;Šid;00;2018;0;Total;7989;NR;number;SORS;Registered employment by sex and municipalities of residence (NSTJ) ;A;Normal value
24021105IND01;80497;Šid;00;2018;1;Male;4758;NR;number;SORS;Registered employment by sex and municipalities of residence (NSTJ) ;A;Normal value
24021105IND01;80497;Šid;00;2018;2;Female;3231;NR;number;SORS;Registered employment by sex and municipalities of residence (NSTJ) ;A;Normal value
24021105IND01;80497;Šid;00;2019;0;Total;8029;NR;number;SORS;Registered employment by sex and municipalities of residence (NSTJ) ;A;Normal value
24021105IND01;80497;Šid;00;2019;1;Male;4775;NR;number;SORS;Registered employment by sex and municipalities of residence (NSTJ) ;A;Normal value
24021105IND01;80497;Šid;00;2019;2;Female;3254;NR;number;SORS;Registered employment by sex and municipalities of residence (NSTJ) ;A;Normal value
24021105IND01;80497;Šid;00;2023;0;Total;8394;NR;number;SORS;Registered employment by sex and municipalities of residence (NSTJ) ;A;Normal value
24021105IND01;80497;Šid;00;2023;1;Male;4868;NR;number;SORS;Registered employment by sex and municipalities of residence (NSTJ) ;A;Normal value
24021105IND01;80497;Šid;00;2023;2;Female;3527;NR;number;SORS;Registered employment by sex and municipalities of residence (NSTJ) ;A;Normal value
24021105IND01;80497;Šid;00;2022;0;Total;8368;NR;number;SORS;Registered employment by sex and municipalities of residence (NSTJ) ;A;Normal value
24021105IND01;80497;Šid;00;2022;1;Male;4895;NR;number;SORS;Registered employment by sex and municipalities of residence (NSTJ) ;A;Normal value
24021105IND01;80497;Šid;00;2022;2;Female;3473;NR;number;SORS;Registered employment by sex and municipalities of residence (NSTJ) ;A;Normal value
24021105IND01;80497;Šid;00;2021;0;Total;8318;NR;number;SORS;Registered employment by sex and municipalities of residence (NSTJ) ;A;Normal value
24021105IND01;80497;Šid;00;2021;1;Male;4929;NR;number;SORS;Registered employment by sex and municipalities of residence (NSTJ) ;A;Normal value
24021105IND01;80497;Šid;00;2021;2;Female;3388;NR;number;SORS;Registered employment by sex and municipalities of residence (NSTJ) ;A;Normal value
24021105IND01;80497;Šid;00;2020;0;Total;8206;NR;number;SORS;Registered employment by sex and municipalities of residence (NSTJ) ;A;Normal value
24021105IND01;80497;Šid;00;2020;1;Male;4898;NR;number;SORS;Registered employment by sex and municipalities of residence (NSTJ) ;A;Normal value
24021105IND01;80497;Šid;00;2020;2;Female;3308;NR;number;SORS;Registered employment by sex and municipalities of residence (NSTJ) ;A;Normal value
24021105IND01;80497;Šid;00;2025;0;Total;8269;NR;number;SORS;Registered employment by sex and municipalities of residence (NSTJ) ;A;Normal value
24021105IND01;80497;Šid;00;2025;1;Male;4712;NR;number;SORS;Registered employment by sex and municipalities of residence (NSTJ) ;A;Normal value
24021105IND01;80497;Šid;00;2025;2;Female;3557;NR;number;SORS;Registered employment by sex and municipalities of residence (NSTJ) ;A;Normal value
24021105IND01;80497;Šid;00;2024;0;Total;8336;NR;number;SORS;Registered employment by sex and municipalities of residence (NSTJ) ;A;Normal value
24021105IND01;80497;Šid;00;2024;1;Male;4800;NR;number;SORS;Registered employment by sex and municipalities of residence (NSTJ) ;A;Normal value
24021105IND01;80497;Šid;00;2024;2;Female;3536;NR;number;SORS;Registered employment by sex and municipalities of residence (NSTJ) ;A;Normal value
24021105IND01;80519;Petrovaradin;00;2019;0;Total;2843;NR;number;SORS;Registered employment by sex and municipalities of residence (NSTJ) ;A;Normal value
24021105IND01;80519;Petrovaradin;00;2019;1;Male;1456;NR;number;SORS;Registered employment by sex and municipalities of residence (NSTJ) ;A;Normal value
24021105IND01;80519;Petrovaradin;00;2019;2;Female;1387;NR;number;SORS;Registered employment by sex and municipalities of residence (NSTJ) ;A;Normal value
24021105IND01;80519;Petrovaradin;00;2018;0;Total;11258;NR;number;SORS;Registered employment by sex and municipalities of residence (NSTJ) ;A;Normal value
24021105IND01;80519;Petrovaradin;00;2018;1;Male;5768;NR;number;SORS;Registered employment by sex and municipalities of residence (NSTJ) ;A;Normal value
24021105IND01;80519;Petrovaradin;00;2018;2;Female;5490;NR;number;SORS;Registered employment by sex and municipalities of residence (NSTJ) ;A;Normal value
24021105IND01;80519;Petrovaradin;00;2017;0;Total;10364;NR;number;SORS;Registered employment by sex and municipalities of residence (NSTJ) ;A;Normal value
24021105IND01;80519;Petrovaradin;00;2017;1;Male;5335;NR;number;SORS;Registered employment by sex and municipalities of residence (NSTJ) ;A;Normal value
24021105IND01;80519;Petrovaradin;00;2017;2;Female;5030;NR;number;SORS;Registered employment by sex and municipalities of residence (NSTJ) ;A;Normal value
24021105IND01;80519;Petrovaradin;00;2016;0;Total;10580;NR;number;SORS;Registered employment by sex and municipalities of residence (NSTJ) ;A;Normal value
24021105IND01;80519;Petrovaradin;00;2016;1;Male;5459;NR;number;SORS;Registered employment by sex and municipalities of residence (NSTJ) ;A;Normal value
24021105IND01;80519;Petrovaradin;00;2016;2;Female;5122;NR;number;SORS;Registered employment by sex and municipalities of residence (NSTJ) ;A;Normal value
24021105IND01;89010;Grad Novi Sad;00;2016;0;Total;119560;NR;number;SORS;Registered employment by sex and municipalities of residence (NSTJ) ;A;Normal value
24021105IND01;89010;Grad Novi Sad;00;2016;1;Male;59417;NR;number;SORS;Registered employment by sex and municipalities of residence (NSTJ) ;A;Normal value
24021105IND01;89010;Grad Novi Sad;00;2016;2;Female;60143;NR;number;SORS;Registered employment by sex and municipalities of residence (NSTJ) ;A;Normal value
24021105IND01;89010;Grad Novi Sad;00;2017;0;Total;124063;NR;number;SORS;Registered employment by sex and municipalities of residence (NSTJ) ;A;Normal value
24021105IND01;89010;Grad Novi Sad;00;2017;1;Male;61405;NR;number;SORS;Registered employment by sex and municipalities of residence (NSTJ) ;A;Normal value
24021105IND01;89010;Grad Novi Sad;00;2017;2;Female;62658;NR;number;SORS;Registered employment by sex and municipalities of residence (NSTJ) ;A;Normal value
24021105IND01;89010;Grad Novi Sad;00;2018;0;Total;128665;NR;number;SORS;Registered employment by sex and municipalities of residence (NSTJ) ;A;Normal value
24021105IND01;89010;Grad Novi Sad;00;2018;1;Male;63359;NR;number;SORS;Registered employment by sex and municipalities of residence (NSTJ) ;A;Normal value
24021105IND01;89010;Grad Novi Sad;00;2018;2;Female;65306;NR;number;SORS;Registered employment by sex and municipalities of residence (NSTJ) ;A;Normal value
24021105IND01;89010;Grad Novi Sad;00;2019;0;Total;131504;NR;number;SORS;Registered employment by sex and municipalities of residence (NSTJ) ;A;Normal value
24021105IND01;89010;Grad Novi Sad;00;2019;1;Male;64650;NR;number;SORS;Registered employment by sex and municipalities of residence (NSTJ) ;A;Normal value
24021105IND01;89010;Grad Novi Sad;00;2019;2;Female;66854;NR;number;SORS;Registered employment by sex and municipalities of residence (NSTJ) ;A;Normal value
24021105IND01;89010;Grad Novi Sad;00;2020;0;Total;134002;NR;number;SORS;Registered employment by sex and municipalities of residence (NSTJ) ;A;Normal value
24021105IND01;89010;Grad Novi Sad;00;2020;1;Male;65823;NR;number;SORS;Registered employment by sex and municipalities of residence (NSTJ) ;A;Normal value
24021105IND01;89010;Grad Novi Sad;00;2020;2;Female;68179;NR;number;SORS;Registered employment by sex and municipalities of residence (NSTJ) ;A;Normal value
24021105IND01;89010;Grad Novi Sad;00;2021;0;Total;138452;NR;number;SORS;Registered employment by sex and municipalities of residence (NSTJ) ;A;Normal value
24021105IND01;89010;Grad Novi Sad;00;2021;1;Male;67993;NR;number;SORS;Registered employment by sex and municipalities of residence (NSTJ) ;A;Normal value
24021105IND01;89010;Grad Novi Sad;00;2021;2;Female;70459;NR;number;SORS;Registered employment by sex and municipalities of residence (NSTJ) ;A;Normal value
24021105IND01;89010;Grad Novi Sad;00;2022;0;Total;141848;NR;number;SORS;Registered employment by sex and municipalities of residence (NSTJ) ;A;Normal value
24021105IND01;89010;Grad Novi Sad;00;2022;1;Male;69267;NR;number;SORS;Registered employment by sex and municipalities of residence (NSTJ) ;A;Normal value
24021105IND01;89010;Grad Novi Sad;00;2022;2;Female;72582;NR;number;SORS;Registered employment by sex and municipalities of residence (NSTJ) ;A;Normal value
24021105IND01;89010;Grad Novi Sad;00;2023;0;Total;147383;NR;number;SORS;Registered employment by sex and municipalities of residence (NSTJ) ;A;Normal value
24021105IND01;89010;Grad Novi Sad;00;2023;1;Male;72099;NR;number;SORS;Registered employment by sex and municipalities of residence (NSTJ) ;A;Normal value
24021105IND01;89010;Grad Novi Sad;00;2023;2;Female;75284;NR;number;SORS;Registered employment by sex and municipalities of residence (NSTJ) ;A;Normal value
24021105IND01;89010;Grad Novi Sad;00;2024;0;Total;150045;NR;number;SORS;Registered employment by sex and municipalities of residence (NSTJ) ;A;Normal value
24021105IND01;89010;Grad Novi Sad;00;2024;1;Male;73473;NR;number;SORS;Registered employment by sex and municipalities of residence (NSTJ) ;A;Normal value
24021105IND01;89010;Grad Novi Sad;00;2024;2;Female;76572;NR;number;SORS;Registered employment by sex and municipalities of residence (NSTJ) ;A;Normal value
24021105IND01;89010;Grad Novi Sad;00;2025;0;Total;151721;NR;number;SORS;Registered employment by sex and municipalities of residence (NSTJ) ;A;Normal value
24021105IND01;89010;Grad Novi Sad;00;2025;1;Male;74385;NR;number;SORS;Registered employment by sex and municipalities of residence (NSTJ) ;A;Normal value
24021105IND01;89010;Grad Novi Sad;00;2025;2;Female;77336;NR;number;SORS;Registered employment by sex and municipalities of residence (NSTJ) ;A;Normal value
24021105IND01;RS;REPUBLIC OF SERBIA;00;2025;0;Total;2364301;NR;number;SORS;Registered employment by sex and municipalities of residence (NSTJ) ;A;Normal value
24021105IND01;RS;REPUBLIC OF SERBIA;00;2025;1;Male;1244194;NR;number;SORS;Registered employment by sex and municipalities of residence (NSTJ) ;A;Normal value
24021105IND01;RS;REPUBLIC OF SERBIA;00;2025;2;Female;1120108;NR;number;SORS;Registered employment by sex and municipalities of residence (NSTJ) ;A;Normal value
24021105IND01;RS;REPUBLIC OF SERBIA;00;2024;0;Total;2368948;NR;number;SORS;Registered employment by sex and municipalities of residence (NSTJ) ;A;Normal value
24021105IND01;RS;REPUBLIC OF SERBIA;00;2024;1;Male;1248169;NR;number;SORS;Registered employment by sex and municipalities of residence (NSTJ) ;A;Normal value
24021105IND01;RS;REPUBLIC OF SERBIA;00;2024;2;Female;1120778;NR;number;SORS;Registered employment by sex and municipalities of residence (NSTJ) ;A;Normal value
24021105IND01;RS;REPUBLIC OF SERBIA;00;2023;0;Total;2360588;NR;number;SORS;Registered employment by sex and municipalities of residence (NSTJ) ;A;Normal value
24021105IND01;RS;REPUBLIC OF SERBIA;00;2023;1;Male;1247644;NR;number;SORS;Registered employment by sex and municipalities of residence (NSTJ) ;A;Normal value
24021105IND01;RS;REPUBLIC OF SERBIA;00;2023;2;Female;1112944;NR;number;SORS;Registered employment by sex and municipalities of residence (NSTJ) ;A;Normal value
24021105IND01;RS;REPUBLIC OF SERBIA;00;2022;0;Total;2310035;NR;number;SORS;Registered employment by sex and municipalities of residence (NSTJ) ;A;Normal value
24021105IND01;RS;REPUBLIC OF SERBIA;00;2022;1;Male;1227901;NR;number;SORS;Registered employment by sex and municipalities of residence (NSTJ) ;A;Normal value
24021105IND01;RS;REPUBLIC OF SERBIA;00;2022;2;Female;1082134;NR;number;SORS;Registered employment by sex and municipalities of residence (NSTJ) ;A;Normal value
24021105IND01;RS;REPUBLIC OF SERBIA;00;2021;0;Total;2273591;NR;number;SORS;Registered employment by sex and municipalities of residence (NSTJ) ;A;Normal value
24021105IND01;RS;REPUBLIC OF SERBIA;00;2021;1;Male;1218016;NR;number;SORS;Registered employment by sex and municipalities of residence (NSTJ) ;A;Normal value
24021105IND01;RS;REPUBLIC OF SERBIA;00;2021;2;Female;1055574;NR;number;SORS;Registered employment by sex and municipalities of residence (NSTJ) ;A;Normal value
24021105IND01;RS;REPUBLIC OF SERBIA;00;2020;0;Total;2215475;NR;number;SORS;Registered employment by sex and municipalities of residence (NSTJ) ;A;Normal value
24021105IND01;RS;REPUBLIC OF SERBIA;00;2020;1;Male;1192958;NR;number;SORS;Registered employment by sex and municipalities of residence (NSTJ) ;A;Normal value
24021105IND01;RS;REPUBLIC OF SERBIA;00;2020;2;Female;1022517;NR;number;SORS;Registered employment by sex and municipalities of residence (NSTJ) ;A;Normal value
24021105IND01;RS;REPUBLIC OF SERBIA;00;2019;0;Total;2173135;NR;number;SORS;Registered employment by sex and municipalities of residence (NSTJ) ;A;Normal value
24021105IND01;RS;REPUBLIC OF SERBIA;00;2019;1;Male;1174150;NR;number;SORS;Registered employment by sex and municipalities of residence (NSTJ) ;A;Normal value
24021105IND01;RS;REPUBLIC OF SERBIA;00;2019;2;Female;998984;NR;number;SORS;Registered employment by sex and municipalities of residence (NSTJ) ;A;Normal value
24021105IND01;RS;REPUBLIC OF SERBIA;00;2018;0;Total;2131079;NR;number;SORS;Registered employment by sex and municipalities of residence (NSTJ) ;A;Normal value
24021105IND01;RS;REPUBLIC OF SERBIA;00;2018;1;Male;1155488;NR;number;SORS;Registered employment by sex and municipalities of residence (NSTJ) ;A;Normal value
24021105IND01;RS;REPUBLIC OF SERBIA;00;2018;2;Female;975592;NR;number;SORS;Registered employment by sex and municipalities of residence (NSTJ) ;A;Normal value
24021105IND01;RS;REPUBLIC OF SERBIA;00;2017;0;Total;2062588;NR;number;SORS;Registered employment by sex and municipalities of residence (NSTJ) ;A;Normal value
24021105IND01;RS;REPUBLIC OF SERBIA;00;2017;1;Male;1125171;NR;number;SORS;Registered employment by sex and municipalities of residence (NSTJ) ;A;Normal value
24021105IND01;RS;REPUBLIC OF SERBIA;00;2017;2;Female;937416;NR;number;SORS;Registered employment by sex and municipalities of residence (NSTJ) ;A;Normal value
24021105IND01;RS;REPUBLIC OF SERBIA;00;2016;0;Total;2009785;NR;number;SORS;Registered employment by sex and municipalities of residence (NSTJ) ;A;Normal value
24021105IND01;RS;REPUBLIC OF SERBIA;00;2016;1;Male;1103842;NR;number;SORS;Registered employment by sex and municipalities of residence (NSTJ) ;A;Normal value
24021105IND01;RS;REPUBLIC OF SERBIA;00;2016;2;Female;905942;NR;number;SORS;Registered employment by sex and municipalities of residence (NSTJ) ;A;Normal value
24021105IND01;RS1;SRBIJA – SEVER;00;2016;0;Total;1114331;NR;number;SORS;Registered employment by sex and municipalities of residence (NSTJ) ;A;Normal value
24021105IND01;RS1;SRBIJA – SEVER;00;2016;1;Male;583760;NR;number;SORS;Registered employment by sex and municipalities of residence (NSTJ) ;A;Normal value
24021105IND01;RS1;SRBIJA – SEVER;00;2016;2;Female;530570;NR;number;SORS;Registered employment by sex and municipalities of residence (NSTJ) ;A;Normal value
24021105IND01;RS1;SRBIJA – SEVER;00;2017;0;Total;1145650;NR;number;SORS;Registered employment by sex and municipalities of residence (NSTJ) ;A;Normal value
24021105IND01;RS1;SRBIJA – SEVER;00;2017;1;Male;597623;NR;number;SORS;Registered employment by sex and municipalities of residence (NSTJ) ;A;Normal value
24021105IND01;RS1;SRBIJA – SEVER;00;2017;2;Female;548028;NR;number;SORS;Registered employment by sex and municipalities of residence (NSTJ) ;A;Normal value
24021105IND01;RS1;SRBIJA – SEVER;00;2018;0;Total;1185906;NR;number;SORS;Registered employment by sex and municipalities of residence (NSTJ) ;A;Normal value
24021105IND01;RS1;SRBIJA – SEVER;00;2018;1;Male;615971;NR;number;SORS;Registered employment by sex and municipalities of residence (NSTJ) ;A;Normal value
24021105IND01;RS1;SRBIJA – SEVER;00;2018;2;Female;569934;NR;number;SORS;Registered employment by sex and municipalities of residence (NSTJ) ;A;Normal value
24021105IND01;RS1;SRBIJA – SEVER;00;2019;0;Total;1209060;NR;number;SORS;Registered employment by sex and municipalities of residence (NSTJ) ;A;Normal value
24021105IND01;RS1;SRBIJA – SEVER;00;2019;1;Male;626141;NR;number;SORS;Registered employment by sex and municipalities of residence (NSTJ) ;A;Normal value
24021105IND01;RS1;SRBIJA – SEVER;00;2019;2;Female;582919;NR;number;SORS;Registered employment by sex and municipalities of residence (NSTJ) ;A;Normal value
24021105IND01;RS1;SRBIJA – SEVER;00;2020;0;Total;1230919;NR;number;SORS;Registered employment by sex and municipalities of residence (NSTJ) ;A;Normal value
24021105IND01;RS1;SRBIJA – SEVER;00;2020;1;Male;636029;NR;number;SORS;Registered employment by sex and municipalities of residence (NSTJ) ;A;Normal value
24021105IND01;RS1;SRBIJA – SEVER;00;2020;2;Female;594890;NR;number;SORS;Registered employment by sex and municipalities of residence (NSTJ) ;A;Normal value
24021105IND01;RS1;SRBIJA – SEVER;00;2021;0;Total;1260524;NR;number;SORS;Registered employment by sex and municipalities of residence (NSTJ) ;A;Normal value
24021105IND01;RS1;SRBIJA – SEVER;00;2021;1;Male;649046;NR;number;SORS;Registered employment by sex and municipalities of residence (NSTJ) ;A;Normal value
24021105IND01;RS1;SRBIJA – SEVER;00;2021;2;Female;611478;NR;number;SORS;Registered employment by sex and municipalities of residence (NSTJ) ;A;Normal value
24021105IND01;RS1;SRBIJA – SEVER;00;2022;0;Total;1282161;NR;number;SORS;Registered employment by sex and municipalities of residence (NSTJ) ;A;Normal value
24021105IND01;RS1;SRBIJA – SEVER;00;2022;1;Male;656464;NR;number;SORS;Registered employment by sex and municipalities of residence (NSTJ) ;A;Normal value
24021105IND01;RS1;SRBIJA – SEVER;00;2022;2;Female;625697;NR;number;SORS;Registered employment by sex and municipalities of residence (NSTJ) ;A;Normal value
24021105IND01;RS1;SRBIJA – SEVER;00;2023;0;Total;1316950;NR;number;SORS;Registered employment by sex and municipalities of residence (NSTJ) ;A;Normal value
24021105IND01;RS1;SRBIJA – SEVER;00;2023;1;Male;672305;NR;number;SORS;Registered employment by sex and municipalities of residence (NSTJ) ;A;Normal value
24021105IND01;RS1;SRBIJA – SEVER;00;2023;2;Female;644645;NR;number;SORS;Registered employment by sex and municipalities of residence (NSTJ) ;A;Normal value
24021105IND01;RS1;SRBIJA – SEVER;00;2024;0;Total;1325938;NR;number;SORS;Registered employment by sex and municipalities of residence (NSTJ) ;A;Normal value
24021105IND01;RS1;SRBIJA – SEVER;00;2024;1;Male;676442;NR;number;SORS;Registered employment by sex and municipalities of residence (NSTJ) ;A;Normal value
24021105IND01;RS1;SRBIJA – SEVER;00;2024;2;Female;649496;NR;number;SORS;Registered employment by sex and municipalities of residence (NSTJ) ;A;Normal value
24021105IND01;RS1;SRBIJA – SEVER;00;2025;0;Total;1330971;NR;number;SORS;Registered employment by sex and municipalities of residence (NSTJ) ;A;Normal value
24021105IND01;RS1;SRBIJA – SEVER;00;2025;1;Male;679240;NR;number;SORS;Registered employment by sex and municipalities of residence (NSTJ) ;A;Normal value
24021105IND01;RS1;SRBIJA – SEVER;00;2025;2;Female;651731;NR;number;SORS;Registered employment by sex and municipalities of residence (NSTJ) ;A;Normal value
24021105IND01;RS11;Beogradski region;00;2025;0;Total;712154;NR;number;SORS;Registered employment by sex and municipalities of residence (NSTJ) ;A;Normal value
24021105IND01;RS11;Beogradski region;00;2025;1;Male;352354;NR;number;SORS;Registered employment by sex and municipalities of residence (NSTJ) ;A;Normal value
24021105IND01;RS11;Beogradski region;00;2025;2;Female;359799;NR;number;SORS;Registered employment by sex and municipalities of residence (NSTJ) ;A;Normal value
24021105IND01;RS11;Beogradski region;00;2024;0;Total;707173;NR;number;SORS;Registered employment by sex and municipalities of residence (NSTJ) ;A;Normal value
24021105IND01;RS11;Beogradski region;00;2024;1;Male;349413;NR;number;SORS;Registered employment by sex and municipalities of residence (NSTJ) ;A;Normal value
24021105IND01;RS11;Beogradski region;00;2024;2;Female;357759;NR;number;SORS;Registered employment by sex and municipalities of residence (NSTJ) ;A;Normal value
24021105IND01;RS11;Beogradski region;00;2023;0;Total;700363;NR;number;SORS;Registered employment by sex and municipalities of residence (NSTJ) ;A;Normal value
24021105IND01;RS11;Beogradski region;00;2023;1;Male;345834;NR;number;SORS;Registered employment by sex and municipalities of residence (NSTJ) ;A;Normal value
24021105IND01;RS11;Beogradski region;00;2023;2;Female;354529;NR;number;SORS;Registered employment by sex and municipalities of residence (NSTJ) ;A;Normal value
24021105IND01;RS11;Beogradski region;00;2022;0;Total;677869;NR;number;SORS;Registered employment by sex and municipalities of residence (NSTJ) ;A;Normal value
24021105IND01;RS11;Beogradski region;00;2022;1;Male;334768;NR;number;SORS;Registered employment by sex and municipalities of residence (NSTJ) ;A;Normal value
24021105IND01;RS11;Beogradski region;00;2022;2;Female;343101;NR;number;SORS;Registered employment by sex and municipalities of residence (NSTJ) ;A;Normal value
24021105IND01;RS11;Beogradski region;00;2021;0;Total;663855;NR;number;SORS;Registered employment by sex and municipalities of residence (NSTJ) ;A;Normal value
24021105IND01;RS11;Beogradski region;00;2021;1;Male;329109;NR;number;SORS;Registered employment by sex and municipalities of residence (NSTJ) ;A;Normal value
24021105IND01;RS11;Beogradski region;00;2021;2;Female;334746;NR;number;SORS;Registered employment by sex and municipalities of residence (NSTJ) ;A;Normal value
24021105IND01;RS11;Beogradski region;00;2020;0;Total;646775;NR;number;SORS;Registered employment by sex and municipalities of residence (NSTJ) ;A;Normal value
24021105IND01;RS11;Beogradski region;00;2020;1;Male;321816;NR;number;SORS;Registered employment by sex and municipalities of residence (NSTJ) ;A;Normal value
24021105IND01;RS11;Beogradski region;00;2020;2;Female;324958;NR;number;SORS;Registered employment by sex and municipalities of residence (NSTJ) ;A;Normal value
24021105IND01;RS11;Beogradski region;00;2019;0;Total;631314;NR;number;SORS;Registered employment by sex and municipalities of residence (NSTJ) ;A;Normal value
24021105IND01;RS11;Beogradski region;00;2019;1;Male;314292;NR;number;SORS;Registered employment by sex and municipalities of residence (NSTJ) ;A;Normal value
24021105IND01;RS11;Beogradski region;00;2019;2;Female;317023;NR;number;SORS;Registered employment by sex and municipalities of residence (NSTJ) ;A;Normal value
24021105IND01;RS11;Beogradski region;00;2018;0;Total;616604;NR;number;SORS;Registered employment by sex and municipalities of residence (NSTJ) ;A;Normal value
24021105IND01;RS11;Beogradski region;00;2018;1;Male;307341;NR;number;SORS;Registered employment by sex and municipalities of residence (NSTJ) ;A;Normal value
24021105IND01;RS11;Beogradski region;00;2018;2;Female;309264;NR;number;SORS;Registered employment by sex and municipalities of residence (NSTJ) ;A;Normal value
24021105IND01;RS11;Beogradski region;00;2017;0;Total;596487;NR;number;SORS;Registered employment by sex and municipalities of residence (NSTJ) ;A;Normal value
24021105IND01;RS11;Beogradski region;00;2017;1;Male;297846;NR;number;SORS;Registered employment by sex and municipalities of residence (NSTJ) ;A;Normal value
24021105IND01;RS11;Beogradski region;00;2017;2;Female;298642;NR;number;SORS;Registered employment by sex and municipalities of residence (NSTJ) ;A;Normal value
24021105IND01;RS11;Beogradski region;00;2016;0;Total;580217;NR;number;SORS;Registered employment by sex and municipalities of residence (NSTJ) ;A;Normal value
24021105IND01;RS11;Beogradski region;00;2016;1;Male;290525;NR;number;SORS;Registered employment by sex and municipalities of residence (NSTJ) ;A;Normal value
24021105IND01;RS11;Beogradski region;00;2016;2;Female;289693;NR;number;SORS;Registered employment by sex and municipalities of residence (NSTJ) ;A;Normal value
24021105IND01;RS110;Beogradska oblast;00;2016;0;Total;580217;NR;number;SORS;Registered employment by sex and municipalities of residence (NSTJ) ;A;Normal value
24021105IND01;RS110;Beogradska oblast;00;2016;1;Male;290525;NR;number;SORS;Registered employment by sex and municipalities of residence (NSTJ) ;A;Normal value
24021105IND01;RS110;Beogradska oblast;00;2016;2;Female;289693;NR;number;SORS;Registered employment by sex and municipalities of residence (NSTJ) ;A;Normal value
24021105IND01;RS110;Beogradska oblast;00;2017;0;Total;596487;NR;number;SORS;Registered employment by sex and municipalities of residence (NSTJ) ;A;Normal value
24021105IND01;RS110;Beogradska oblast;00;2017;1;Male;297846;NR;number;SORS;Registered employment by sex and municipalities of residence (NSTJ) ;A;Normal value
24021105IND01;RS110;Beogradska oblast;00;2017;2;Female;298642;NR;number;SORS;Registered employment by sex and municipalities of residence (NSTJ) ;A;Normal value
24021105IND01;RS110;Beogradska oblast;00;2018;0;Total;616604;NR;number;SORS;Registered employment by sex and municipalities of residence (NSTJ) ;A;Normal value
24021105IND01;RS110;Beogradska oblast;00;2018;1;Male;307341;NR;number;SORS;Registered employment by sex and municipalities of residence (NSTJ) ;A;Normal value
24021105IND01;RS110;Beogradska oblast;00;2018;2;Female;309264;NR;number;SORS;Registered employment by sex and municipalities of residence (NSTJ) ;A;Normal value
24021105IND01;RS110;Beogradska oblast;00;2019;0;Total;631314;NR;number;SORS;Registered employment by sex and municipalities of residence (NSTJ) ;A;Normal value
24021105IND01;RS110;Beogradska oblast;00;2019;1;Male;314292;NR;number;SORS;Registered employment by sex and municipalities of residence (NSTJ) ;A;Normal value
24021105IND01;RS110;Beogradska oblast;00;2019;2;Female;317023;NR;number;SORS;Registered employment by sex and municipalities of residence (NSTJ) ;A;Normal value
24021105IND01;RS110;Beogradska oblast;00;2020;0;Total;646775;NR;number;SORS;Registered employment by sex and municipalities of residence (NSTJ) ;A;Normal value
24021105IND01;RS110;Beogradska oblast;00;2020;1;Male;321816;NR;number;SORS;Registered employment by sex and municipalities of residence (NSTJ) ;A;Normal value
24021105IND01;RS110;Beogradska oblast;00;2020;2;Female;324958;NR;number;SORS;Registered employment by sex and municipalities of residence (NSTJ) ;A;Normal value
24021105IND01;RS110;Beogradska oblast;00;2021;0;Total;663855;NR;number;SORS;Registered employment by sex and municipalities of residence (NSTJ) ;A;Normal value
24021105IND01;RS110;Beogradska oblast;00;2021;1;Male;329109;NR;number;SORS;Registered employment by sex and municipalities of residence (NSTJ) ;A;Normal value
24021105IND01;RS110;Beogradska oblast;00;2021;2;Female;334746;NR;number;SORS;Registered employment by sex and municipalities of residence (NSTJ) ;A;Normal value
24021105IND01;RS110;Beogradska oblast;00;2022;0;Total;677869;NR;number;SORS;Registered employment by sex and municipalities of residence (NSTJ) ;A;Normal value
24021105IND01;RS110;Beogradska oblast;00;2022;1;Male;334768;NR;number;SORS;Registered employment by sex and municipalities of residence (NSTJ) ;A;Normal value
24021105IND01;RS110;Beogradska oblast;00;2022;2;Female;343101;NR;number;SORS;Registered employment by sex and municipalities of residence (NSTJ) ;A;Normal value
24021105IND01;RS110;Beogradska oblast;00;2023;0;Total;700363;NR;number;SORS;Registered employment by sex and municipalities of residence (NSTJ) ;A;Normal value
24021105IND01;RS110;Beogradska oblast;00;2023;1;Male;345834;NR;number;SORS;Registered employment by sex and municipalities of residence (NSTJ) ;A;Normal value
24021105IND01;RS110;Beogradska oblast;00;2023;2;Female;354529;NR;number;SORS;Registered employment by sex and municipalities of residence (NSTJ) ;A;Normal value
24021105IND01;RS110;Beogradska oblast;00;2024;0;Total;707173;NR;number;SORS;Registered employment by sex and municipalities of residence (NSTJ) ;A;Normal value
24021105IND01;RS110;Beogradska oblast;00;2024;1;Male;349413;NR;number;SORS;Registered employment by sex and municipalities of residence (NSTJ) ;A;Normal value
24021105IND01;RS110;Beogradska oblast;00;2024;2;Female;357759;NR;number;SORS;Registered employment by sex and municipalities of residence (NSTJ) ;A;Normal value
24021105IND01;RS110;Beogradska oblast;00;2025;0;Total;712154;NR;number;SORS;Registered employment by sex and municipalities of residence (NSTJ) ;A;Normal value
24021105IND01;RS110;Beogradska oblast;00;2025;1;Male;352354;NR;number;SORS;Registered employment by sex and municipalities of residence (NSTJ) ;A;Normal value
24021105IND01;RS110;Beogradska oblast;00;2025;2;Female;359799;NR;number;SORS;Registered employment by sex and municipalities of residence (NSTJ) ;A;Normal value
24021105IND01;RS12;Region Vojvodine;00;2025;0;Total;618817;NR;number;SORS;Registered employment by sex and municipalities of residence (NSTJ) ;A;Normal value
24021105IND01;RS12;Region Vojvodine;00;2025;1;Male;326886;NR;number;SORS;Registered employment by sex and municipalities of residence (NSTJ) ;A;Normal value
24021105IND01;RS12;Region Vojvodine;00;2025;2;Female;291932;NR;number;SORS;Registered employment by sex and municipalities of residence (NSTJ) ;A;Normal value
24021105IND01;RS12;Region Vojvodine;00;2024;0;Total;618765;NR;number;SORS;Registered employment by sex and municipalities of residence (NSTJ) ;A;Normal value
24021105IND01;RS12;Region Vojvodine;00;2024;1;Male;327029;NR;number;SORS;Registered employment by sex and municipalities of residence (NSTJ) ;A;Normal value
24021105IND01;RS12;Region Vojvodine;00;2024;2;Female;291736;NR;number;SORS;Registered employment by sex and municipalities of residence (NSTJ) ;A;Normal value
24021105IND01;RS12;Region Vojvodine;00;2023;0;Total;616587;NR;number;SORS;Registered employment by sex and municipalities of residence (NSTJ) ;A;Normal value
24021105IND01;RS12;Region Vojvodine;00;2023;1;Male;326471;NR;number;SORS;Registered employment by sex and municipalities of residence (NSTJ) ;A;Normal value
24021105IND01;RS12;Region Vojvodine;00;2023;2;Female;290116;NR;number;SORS;Registered employment by sex and municipalities of residence (NSTJ) ;A;Normal value
24021105IND01;RS12;Region Vojvodine;00;2022;0;Total;604293;NR;number;SORS;Registered employment by sex and municipalities of residence (NSTJ) ;A;Normal value
24021105IND01;RS12;Region Vojvodine;00;2022;1;Male;321696;NR;number;SORS;Registered employment by sex and municipalities of residence (NSTJ) ;A;Normal value
24021105IND01;RS12;Region Vojvodine;00;2022;2;Female;282596;NR;number;SORS;Registered employment by sex and municipalities of residence (NSTJ) ;A;Normal value
24021105IND01;RS12;Region Vojvodine;00;2021;0;Total;596668;NR;number;SORS;Registered employment by sex and municipalities of residence (NSTJ) ;A;Normal value
24021105IND01;RS12;Region Vojvodine;00;2021;1;Male;319936;NR;number;SORS;Registered employment by sex and municipalities of residence (NSTJ) ;A;Normal value
24021105IND01;RS12;Region Vojvodine;00;2021;2;Female;276732;NR;number;SORS;Registered employment by sex and municipalities of residence (NSTJ) ;A;Normal value
24021105IND01;RS12;Region Vojvodine;00;2020;0;Total;584145;NR;number;SORS;Registered employment by sex and municipalities of residence (NSTJ) ;A;Normal value
24021105IND01;RS12;Region Vojvodine;00;2020;1;Male;314213;NR;number;SORS;Registered employment by sex and municipalities of residence (NSTJ) ;A;Normal value
24021105IND01;RS12;Region Vojvodine;00;2020;2;Female;269932;NR;number;SORS;Registered employment by sex and municipalities of residence (NSTJ) ;A;Normal value
24021105IND01;RS12;Region Vojvodine;00;2019;0;Total;577746;NR;number;SORS;Registered employment by sex and municipalities of residence (NSTJ) ;A;Normal value
24021105IND01;RS12;Region Vojvodine;00;2019;1;Male;311850;NR;number;SORS;Registered employment by sex and municipalities of residence (NSTJ) ;A;Normal value
24021105IND01;RS12;Region Vojvodine;00;2019;2;Female;265896;NR;number;SORS;Registered employment by sex and municipalities of residence (NSTJ) ;A;Normal value
24021105IND01;RS12;Region Vojvodine;00;2018;0;Total;569302;NR;number;SORS;Registered employment by sex and municipalities of residence (NSTJ) ;A;Normal value
24021105IND01;RS12;Region Vojvodine;00;2018;1;Male;308631;NR;number;SORS;Registered employment by sex and municipalities of residence (NSTJ) ;A;Normal value
24021105IND01;RS12;Region Vojvodine;00;2018;2;Female;260671;NR;number;SORS;Registered employment by sex and municipalities of residence (NSTJ) ;A;Normal value
24021105IND01;RS12;Region Vojvodine;00;2017;0;Total;549163;NR;number;SORS;Registered employment by sex and municipalities of residence (NSTJ) ;A;Normal value
24021105IND01;RS12;Region Vojvodine;00;2017;1;Male;299777;NR;number;SORS;Registered employment by sex and municipalities of residence (NSTJ) ;A;Normal value
24021105IND01;RS12;Region Vojvodine;00;2017;2;Female;249386;NR;number;SORS;Registered employment by sex and municipalities of residence (NSTJ) ;A;Normal value
24021105IND01;RS12;Region Vojvodine;00;2016;0;Total;534113;NR;number;SORS;Registered employment by sex and municipalities of residence (NSTJ) ;A;Normal value
24021105IND01;RS12;Region Vojvodine;00;2016;1;Male;293235;NR;number;SORS;Registered employment by sex and municipalities of residence (NSTJ) ;A;Normal value
24021105IND01;RS12;Region Vojvodine;00;2016;2;Female;240878;NR;number;SORS;Registered employment by sex and municipalities of residence (NSTJ) ;A;Normal value
24021105IND01;RS121;Zapadnobačka oblast;00;2016;0;Total;44845;NR;number;SORS;Registered employment by sex and municipalities of residence (NSTJ) ;A;Normal value
24021105IND01;RS121;Zapadnobačka oblast;00;2016;1;Male;24343;NR;number;SORS;Registered employment by sex and municipalities of residence (NSTJ) ;A;Normal value
24021105IND01;RS121;Zapadnobačka oblast;00;2016;2;Female;20502;NR;number;SORS;Registered employment by sex and municipalities of residence (NSTJ) ;A;Normal value
24021105IND01;RS121;Zapadnobačka oblast;00;2017;0;Total;45408;NR;number;SORS;Registered employment by sex and municipalities of residence (NSTJ) ;A;Normal value
24021105IND01;RS121;Zapadnobačka oblast;00;2017;1;Male;24662;NR;number;SORS;Registered employment by sex and municipalities of residence (NSTJ) ;A;Normal value
24021105IND01;RS121;Zapadnobačka oblast;00;2017;2;Female;20747;NR;number;SORS;Registered employment by sex and municipalities of residence (NSTJ) ;A;Normal value
24021105IND01;RS121;Zapadnobačka oblast;00;2018;0;Total;47044;NR;number;SORS;Registered employment by sex and municipalities of residence (NSTJ) ;A;Normal value
24021105IND01;RS121;Zapadnobačka oblast;00;2018;1;Male;25588;NR;number;SORS;Registered employment by sex and municipalities of residence (NSTJ) ;A;Normal value
24021105IND01;RS121;Zapadnobačka oblast;00;2018;2;Female;21456;NR;number;SORS;Registered employment by sex and municipalities of residence (NSTJ) ;A;Normal value
24021105IND01;RS121;Zapadnobačka oblast;00;2019;0;Total;47272;NR;number;SORS;Registered employment by sex and municipalities of residence (NSTJ) ;A;Normal value
24021105IND01;RS121;Zapadnobačka oblast;00;2019;1;Male;25698;NR;number;SORS;Registered employment by sex and municipalities of residence (NSTJ) ;A;Normal value
24021105IND01;RS121;Zapadnobačka oblast;00;2019;2;Female;21574;NR;number;SORS;Registered employment by sex and municipalities of residence (NSTJ) ;A;Normal value
24021105IND01;RS121;Zapadnobačka oblast;00;2020;0;Total;47412;NR;number;SORS;Registered employment by sex and municipalities of residence (NSTJ) ;A;Normal value
24021105IND01;RS121;Zapadnobačka oblast;00;2020;1;Male;25715;NR;number;SORS;Registered employment by sex and municipalities of residence (NSTJ) ;A;Normal value
24021105IND01;RS121;Zapadnobačka oblast;00;2020;2;Female;21697;NR;number;SORS;Registered employment by sex and municipalities of residence (NSTJ) ;A;Normal value
24021105IND01;RS121;Zapadnobačka oblast;00;2021;0;Total;47930;NR;number;SORS;Registered employment by sex and municipalities of residence (NSTJ) ;A;Normal value
24021105IND01;RS121;Zapadnobačka oblast;00;2021;1;Male;25812;NR;number;SORS;Registered employment by sex and municipalities of residence (NSTJ) ;A;Normal value
24021105IND01;RS121;Zapadnobačka oblast;00;2021;2;Female;22118;NR;number;SORS;Registered employment by sex and municipalities of residence (NSTJ) ;A;Normal value
24021105IND01;RS121;Zapadnobačka oblast;00;2022;0;Total;48199;NR;number;SORS;Registered employment by sex and municipalities of residence (NSTJ) ;A;Normal value
24021105IND01;RS121;Zapadnobačka oblast;00;2022;1;Male;25777;NR;number;SORS;Registered employment by sex and municipalities of residence (NSTJ) ;A;Normal value
24021105IND01;RS121;Zapadnobačka oblast;00;2022;2;Female;22422;NR;number;SORS;Registered employment by sex and municipalities of residence (NSTJ) ;A;Normal value
24021105IND01;RS121;Zapadnobačka oblast;00;2023;0;Total;48951;NR;number;SORS;Registered employment by sex and municipalities of residence (NSTJ) ;A;Normal value
24021105IND01;RS121;Zapadnobačka oblast;00;2023;1;Male;26013;NR;number;SORS;Registered employment by sex and municipalities of residence (NSTJ) ;A;Normal value
24021105IND01;RS121;Zapadnobačka oblast;00;2023;2;Female;22939;NR;number;SORS;Registered employment by sex and municipalities of residence (NSTJ) ;A;Normal value
24021105IND01;RS121;Zapadnobačka oblast;00;2024;0;Total;48402;NR;number;SORS;Registered employment by sex and municipalities of residence (NSTJ) ;A;Normal value
24021105IND01;RS121;Zapadnobačka oblast;00;2024;1;Male;25622;NR;number;SORS;Registered employment by sex and municipalities of residence (NSTJ) ;A;Normal value
24021105IND01;RS121;Zapadnobačka oblast;00;2024;2;Female;22780;NR;number;SORS;Registered employment by sex and municipalities of residence (NSTJ) ;A;Normal value
24021105IND01;RS121;Zapadnobačka oblast;00;2025;0;Total;47808;NR;number;SORS;Registered employment by sex and municipalities of residence (NSTJ) ;A;Normal value
24021105IND01;RS121;Zapadnobačka oblast;00;2025;1;Male;25206;NR;number;SORS;Registered employment by sex and municipalities of residence (NSTJ) ;A;Normal value
24021105IND01;RS121;Zapadnobačka oblast;00;2025;2;Female;22602;NR;number;SORS;Registered employment by sex and municipalities of residence (NSTJ) ;A;Normal value
24021105IND01;RS122;Južnobanatska oblast;00;2025;0;Total;86533;NR;number;SORS;Registered employment by sex and municipalities of residence (NSTJ) ;A;Normal value
24021105IND01;RS122;Južnobanatska oblast;00;2025;1;Male;46876;NR;number;SORS;Registered employment by sex and municipalities of residence (NSTJ) ;A;Normal value
24021105IND01;RS122;Južnobanatska oblast;00;2025;2;Female;39657;NR;number;SORS;Registered employment by sex and municipalities of residence (NSTJ) ;A;Normal value
24021105IND01;RS122;Južnobanatska oblast;00;2024;0;Total;86376;NR;number;SORS;Registered employment by sex and municipalities of residence (NSTJ) ;A;Normal value
24021105IND01;RS122;Južnobanatska oblast;00;2024;1;Male;46883;NR;number;SORS;Registered employment by sex and municipalities of residence (NSTJ) ;A;Normal value
24021105IND01;RS122;Južnobanatska oblast;00;2024;2;Female;39494;NR;number;SORS;Registered employment by sex and municipalities of residence (NSTJ) ;A;Normal value
24021105IND01;RS122;Južnobanatska oblast;00;2023;0;Total;85750;NR;number;SORS;Registered employment by sex and municipalities of residence (NSTJ) ;A;Normal value
24021105IND01;RS122;Južnobanatska oblast;00;2023;1;Male;46568;NR;number;SORS;Registered employment by sex and municipalities of residence (NSTJ) ;A;Normal value
24021105IND01;RS122;Južnobanatska oblast;00;2023;2;Female;39182;NR;number;SORS;Registered employment by sex and municipalities of residence (NSTJ) ;A;Normal value
24021105IND01;RS122;Južnobanatska oblast;00;2022;0;Total;84370;NR;number;SORS;Registered employment by sex and municipalities of residence (NSTJ) ;A;Normal value
24021105IND01;RS122;Južnobanatska oblast;00;2022;1;Male;46238;NR;number;SORS;Registered employment by sex and municipalities of residence (NSTJ) ;A;Normal value
24021105IND01;RS122;Južnobanatska oblast;00;2022;2;Female;38133;NR;number;SORS;Registered employment by sex and municipalities of residence (NSTJ) ;A;Normal value
24021105IND01;RS122;Južnobanatska oblast;00;2021;0;Total;83130;NR;number;SORS;Registered employment by sex and municipalities of residence (NSTJ) ;A;Normal value
24021105IND01;RS122;Južnobanatska oblast;00;2021;1;Male;45934;NR;number;SORS;Registered employment by sex and municipalities of residence (NSTJ) ;A;Normal value
24021105IND01;RS122;Južnobanatska oblast;00;2021;2;Female;37196;NR;number;SORS;Registered employment by sex and municipalities of residence (NSTJ) ;A;Normal value
24021105IND01;RS122;Južnobanatska oblast;00;2020;0;Total;81276;NR;number;SORS;Registered employment by sex and municipalities of residence (NSTJ) ;A;Normal value
24021105IND01;RS122;Južnobanatska oblast;00;2020;1;Male;45192;NR;number;SORS;Registered employment by sex and municipalities of residence (NSTJ) ;A;Normal value
24021105IND01;RS122;Južnobanatska oblast;00;2020;2;Female;36084;NR;number;SORS;Registered employment by sex and municipalities of residence (NSTJ) ;A;Normal value
24021105IND01;RS122;Južnobanatska oblast;00;2019;0;Total;79814;NR;number;SORS;Registered employment by sex and municipalities of residence (NSTJ) ;A;Normal value
24021105IND01;RS122;Južnobanatska oblast;00;2019;1;Male;44638;NR;number;SORS;Registered employment by sex and municipalities of residence (NSTJ) ;A;Normal value
24021105IND01;RS122;Južnobanatska oblast;00;2019;2;Female;35176;NR;number;SORS;Registered employment by sex and municipalities of residence (NSTJ) ;A;Normal value
24021105IND01;RS122;Južnobanatska oblast;00;2018;0;Total;77825;NR;number;SORS;Registered employment by sex and municipalities of residence (NSTJ) ;A;Normal value
24021105IND01;RS122;Južnobanatska oblast;00;2018;1;Male;43615;NR;number;SORS;Registered employment by sex and municipalities of residence (NSTJ) ;A;Normal value
24021105IND01;RS122;Južnobanatska oblast;00;2018;2;Female;34210;NR;number;SORS;Registered employment by sex and municipalities of residence (NSTJ) ;A;Normal value
24021105IND01;RS122;Južnobanatska oblast;00;2017;0;Total;75406;NR;number;SORS;Registered employment by sex and municipalities of residence (NSTJ) ;A;Normal value
24021105IND01;RS122;Južnobanatska oblast;00;2017;1;Male;42582;NR;number;SORS;Registered employment by sex and municipalities of residence (NSTJ) ;A;Normal value
24021105IND01;RS122;Južnobanatska oblast;00;2017;2;Female;32824;NR;number;SORS;Registered employment by sex and municipalities of residence (NSTJ) ;A;Normal value
24021105IND01;RS122;Južnobanatska oblast;00;2016;0;Total;73527;NR;number;SORS;Registered employment by sex and municipalities of residence (NSTJ) ;A;Normal value
24021105IND01;RS122;Južnobanatska oblast;00;2016;1;Male;41789;NR;number;SORS;Registered employment by sex and municipalities of residence (NSTJ) ;A;Normal value
24021105IND01;RS122;Južnobanatska oblast;00;2016;2;Female;31738;NR;number;SORS;Registered employment by sex and municipalities of residence (NSTJ) ;A;Normal value
24021105IND01;RS123;Južnobačka oblast;00;2016;0;Total;190863;NR;number;SORS;Registered employment by sex and municipalities of residence (NSTJ) ;A;Normal value
24021105IND01;RS123;Južnobačka oblast;00;2016;1;Male;100811;NR;number;SORS;Registered employment by sex and municipalities of residence (NSTJ) ;A;Normal value
24021105IND01;RS123;Južnobačka oblast;00;2016;2;Female;90052;NR;number;SORS;Registered employment by sex and municipalities of residence (NSTJ) ;A;Normal value
24021105IND01;RS123;Južnobačka oblast;00;2017;0;Total;197834;NR;number;SORS;Registered employment by sex and municipalities of residence (NSTJ) ;A;Normal value
24021105IND01;RS123;Južnobačka oblast;00;2017;1;Male;103892;NR;number;SORS;Registered employment by sex and municipalities of residence (NSTJ) ;A;Normal value
24021105IND01;RS123;Južnobačka oblast;00;2017;2;Female;93942;NR;number;SORS;Registered employment by sex and municipalities of residence (NSTJ) ;A;Normal value
24021105IND01;RS123;Južnobačka oblast;00;2018;0;Total;206112;NR;number;SORS;Registered employment by sex and municipalities of residence (NSTJ) ;A;Normal value
24021105IND01;RS123;Južnobačka oblast;00;2018;1;Male;107429;NR;number;SORS;Registered employment by sex and municipalities of residence (NSTJ) ;A;Normal value
24021105IND01;RS123;Južnobačka oblast;00;2018;2;Female;98683;NR;number;SORS;Registered employment by sex and municipalities of residence (NSTJ) ;A;Normal value
24021105IND01;RS123;Južnobačka oblast;00;2019;0;Total;210228;NR;number;SORS;Registered employment by sex and municipalities of residence (NSTJ) ;A;Normal value
24021105IND01;RS123;Južnobačka oblast;00;2019;1;Male;109109;NR;number;SORS;Registered employment by sex and municipalities of residence (NSTJ) ;A;Normal value
24021105IND01;RS123;Južnobačka oblast;00;2019;2;Female;101119;NR;number;SORS;Registered employment by sex and municipalities of residence (NSTJ) ;A;Normal value
24021105IND01;RS123;Južnobačka oblast;00;2020;0;Total;213897;NR;number;SORS;Registered employment by sex and municipalities of residence (NSTJ) ;A;Normal value
24021105IND01;RS123;Južnobačka oblast;00;2020;1;Male;110934;NR;number;SORS;Registered employment by sex and municipalities of residence (NSTJ) ;A;Normal value
24021105IND01;RS123;Južnobačka oblast;00;2020;2;Female;102962;NR;number;SORS;Registered employment by sex and municipalities of residence (NSTJ) ;A;Normal value
24021105IND01;RS123;Južnobačka oblast;00;2021;0;Total;219958;NR;number;SORS;Registered employment by sex and municipalities of residence (NSTJ) ;A;Normal value
24021105IND01;RS123;Južnobačka oblast;00;2021;1;Male;113651;NR;number;SORS;Registered employment by sex and municipalities of residence (NSTJ) ;A;Normal value
24021105IND01;RS123;Južnobačka oblast;00;2021;2;Female;106307;NR;number;SORS;Registered employment by sex and municipalities of residence (NSTJ) ;A;Normal value
24021105IND01;RS123;Južnobačka oblast;00;2022;0;Total;223629;NR;number;SORS;Registered employment by sex and municipalities of residence (NSTJ) ;A;Normal value
24021105IND01;RS123;Južnobačka oblast;00;2022;1;Male;114652;NR;number;SORS;Registered employment by sex and municipalities of residence (NSTJ) ;A;Normal value
24021105IND01;RS123;Južnobačka oblast;00;2022;2;Female;108976;NR;number;SORS;Registered employment by sex and municipalities of residence (NSTJ) ;A;Normal value
24021105IND01;RS123;Južnobačka oblast;00;2023;0;Total;230509;NR;number;SORS;Registered employment by sex and municipalities of residence (NSTJ) ;A;Normal value
24021105IND01;RS123;Južnobačka oblast;00;2023;1;Male;117857;NR;number;SORS;Registered employment by sex and municipalities of residence (NSTJ) ;A;Normal value
24021105IND01;RS123;Južnobačka oblast;00;2023;2;Female;112652;NR;number;SORS;Registered employment by sex and municipalities of residence (NSTJ) ;A;Normal value
24021105IND01;RS123;Južnobačka oblast;00;2024;0;Total;233024;NR;number;SORS;Registered employment by sex and municipalities of residence (NSTJ) ;A;Normal value
24021105IND01;RS123;Južnobačka oblast;00;2024;1;Male;118940;NR;number;SORS;Registered employment by sex and municipalities of residence (NSTJ) ;A;Normal value
24021105IND01;RS123;Južnobačka oblast;00;2024;2;Female;114084;NR;number;SORS;Registered employment by sex and municipalities of residence (NSTJ) ;A;Normal value
24021105IND01;RS123;Južnobačka oblast;00;2025;0;Total;234347;NR;number;SORS;Registered employment by sex and municipalities of residence (NSTJ) ;A;Normal value
24021105IND01;RS123;Južnobačka oblast;00;2025;1;Male;119480;NR;number;SORS;Registered employment by sex and municipalities of residence (NSTJ) ;A;Normal value
24021105IND01;RS123;Južnobačka oblast;00;2025;2;Female;114867;NR;number;SORS;Registered employment by sex and municipalities of residence (NSTJ) ;A;Normal value
24021105IND01;RS124;Severnobanatska oblast;00;2025;0;Total;37599;NR;number;SORS;Registered employment by sex and municipalities of residence (NSTJ) ;A;Normal value
24021105IND01;RS124;Severnobanatska oblast;00;2025;1;Male;20628;NR;number;SORS;Registered employment by sex and municipalities of residence (NSTJ) ;A;Normal value
24021105IND01;RS124;Severnobanatska oblast;00;2025;2;Female;16971;NR;number;SORS;Registered employment by sex and municipalities of residence (NSTJ) ;A;Normal value
24021105IND01;RS124;Severnobanatska oblast;00;2024;0;Total;38339;NR;number;SORS;Registered employment by sex and municipalities of residence (NSTJ) ;A;Normal value
24021105IND01;RS124;Severnobanatska oblast;00;2024;1;Male;21001;NR;number;SORS;Registered employment by sex and municipalities of residence (NSTJ) ;A;Normal value
24021105IND01;RS124;Severnobanatska oblast;00;2024;2;Female;17338;NR;number;SORS;Registered employment by sex and municipalities of residence (NSTJ) ;A;Normal value
24021105IND01;RS124;Severnobanatska oblast;00;2023;0;Total;38885;NR;number;SORS;Registered employment by sex and municipalities of residence (NSTJ) ;A;Normal value
24021105IND01;RS124;Severnobanatska oblast;00;2023;1;Male;21362;NR;number;SORS;Registered employment by sex and municipalities of residence (NSTJ) ;A;Normal value
24021105IND01;RS124;Severnobanatska oblast;00;2023;2;Female;17523;NR;number;SORS;Registered employment by sex and municipalities of residence (NSTJ) ;A;Normal value
24021105IND01;RS124;Severnobanatska oblast;00;2022;0;Total;39114;NR;number;SORS;Registered employment by sex and municipalities of residence (NSTJ) ;A;Normal value
24021105IND01;RS124;Severnobanatska oblast;00;2022;1;Male;21626;NR;number;SORS;Registered employment by sex and municipalities of residence (NSTJ) ;A;Normal value
24021105IND01;RS124;Severnobanatska oblast;00;2022;2;Female;17488;NR;number;SORS;Registered employment by sex and municipalities of residence (NSTJ) ;A;Normal value
24021105IND01;RS124;Severnobanatska oblast;00;2021;0;Total;39033;NR;number;SORS;Registered employment by sex and municipalities of residence (NSTJ) ;A;Normal value
24021105IND01;RS124;Severnobanatska oblast;00;2021;1;Male;21725;NR;number;SORS;Registered employment by sex and municipalities of residence (NSTJ) ;A;Normal value
24021105IND01;RS124;Severnobanatska oblast;00;2021;2;Female;17309;NR;number;SORS;Registered employment by sex and municipalities of residence (NSTJ) ;A;Normal value
24021105IND01;RS124;Severnobanatska oblast;00;2020;0;Total;38488;NR;number;SORS;Registered employment by sex and municipalities of residence (NSTJ) ;A;Normal value
24021105IND01;RS124;Severnobanatska oblast;00;2020;1;Male;21392;NR;number;SORS;Registered employment by sex and municipalities of residence (NSTJ) ;A;Normal value
24021105IND01;RS124;Severnobanatska oblast;00;2020;2;Female;17096;NR;number;SORS;Registered employment by sex and municipalities of residence (NSTJ) ;A;Normal value
24021105IND01;RS124;Severnobanatska oblast;00;2019;0;Total;38507;NR;number;SORS;Registered employment by sex and municipalities of residence (NSTJ) ;A;Normal value
24021105IND01;RS124;Severnobanatska oblast;00;2019;1;Male;21687;NR;number;SORS;Registered employment by sex and municipalities of residence (NSTJ) ;A;Normal value
24021105IND01;RS124;Severnobanatska oblast;00;2019;2;Female;16821;NR;number;SORS;Registered employment by sex and municipalities of residence (NSTJ) ;A;Normal value
24021105IND01;RS124;Severnobanatska oblast;00;2018;0;Total;38416;NR;number;SORS;Registered employment by sex and municipalities of residence (NSTJ) ;A;Normal value
24021105IND01;RS124;Severnobanatska oblast;00;2018;1;Male;21790;NR;number;SORS;Registered employment by sex and municipalities of residence (NSTJ) ;A;Normal value
24021105IND01;RS124;Severnobanatska oblast;00;2018;2;Female;16626;NR;number;SORS;Registered employment by sex and municipalities of residence (NSTJ) ;A;Normal value
24021105IND01;RS124;Severnobanatska oblast;00;2017;0;Total;37428;NR;number;SORS;Registered employment by sex and municipalities of residence (NSTJ) ;A;Normal value
24021105IND01;RS124;Severnobanatska oblast;00;2017;1;Male;21419;NR;number;SORS;Registered employment by sex and municipalities of residence (NSTJ) ;A;Normal value
24021105IND01;RS124;Severnobanatska oblast;00;2017;2;Female;16009;NR;number;SORS;Registered employment by sex and municipalities of residence (NSTJ) ;A;Normal value
24021105IND01;RS124;Severnobanatska oblast;00;2016;0;Total;37440;NR;number;SORS;Registered employment by sex and municipalities of residence (NSTJ) ;A;Normal value
24021105IND01;RS124;Severnobanatska oblast;00;2016;1;Male;21528;NR;number;SORS;Registered employment by sex and municipalities of residence (NSTJ) ;A;Normal value
24021105IND01;RS124;Severnobanatska oblast;00;2016;2;Female;15913;NR;number;SORS;Registered employment by sex and municipalities of residence (NSTJ) ;A;Normal value
24021105IND01;RS125;Severnobačka oblast;00;2016;0;Total;53966;NR;number;SORS;Registered employment by sex and municipalities of residence (NSTJ) ;A;Normal value
24021105IND01;RS125;Severnobačka oblast;00;2016;1;Male;29214;NR;number;SORS;Registered employment by sex and municipalities of residence (NSTJ) ;A;Normal value
24021105IND01;RS125;Severnobačka oblast;00;2016;2;Female;24752;NR;number;SORS;Registered employment by sex and municipalities of residence (NSTJ) ;A;Normal value
24021105IND01;RS125;Severnobačka oblast;00;2017;0;Total;54935;NR;number;SORS;Registered employment by sex and municipalities of residence (NSTJ) ;A;Normal value
24021105IND01;RS125;Severnobačka oblast;00;2017;1;Male;29586;NR;number;SORS;Registered employment by sex and municipalities of residence (NSTJ) ;A;Normal value
24021105IND01;RS125;Severnobačka oblast;00;2017;2;Female;25349;NR;number;SORS;Registered employment by sex and municipalities of residence (NSTJ) ;A;Normal value
24021105IND01;RS125;Severnobačka oblast;00;2018;0;Total;55452;NR;number;SORS;Registered employment by sex and municipalities of residence (NSTJ) ;A;Normal value
24021105IND01;RS125;Severnobačka oblast;00;2018;1;Male;29685;NR;number;SORS;Registered employment by sex and municipalities of residence (NSTJ) ;A;Normal value
24021105IND01;RS125;Severnobačka oblast;00;2018;2;Female;25767;NR;number;SORS;Registered employment by sex and municipalities of residence (NSTJ) ;A;Normal value
24021105IND01;RS125;Severnobačka oblast;00;2019;0;Total;55807;NR;number;SORS;Registered employment by sex and municipalities of residence (NSTJ) ;A;Normal value
24021105IND01;RS125;Severnobačka oblast;00;2019;1;Male;29801;NR;number;SORS;Registered employment by sex and municipalities of residence (NSTJ) ;A;Normal value
24021105IND01;RS125;Severnobačka oblast;00;2019;2;Female;26006;NR;number;SORS;Registered employment by sex and municipalities of residence (NSTJ) ;A;Normal value
24021105IND01;RS125;Severnobačka oblast;00;2020;0;Total;55627;NR;number;SORS;Registered employment by sex and municipalities of residence (NSTJ) ;A;Normal value
24021105IND01;RS125;Severnobačka oblast;00;2020;1;Male;29723;NR;number;SORS;Registered employment by sex and municipalities of residence (NSTJ) ;A;Normal value
24021105IND01;RS125;Severnobačka oblast;00;2020;2;Female;25904;NR;number;SORS;Registered employment by sex and municipalities of residence (NSTJ) ;A;Normal value
24021105IND01;RS125;Severnobačka oblast;00;2021;0;Total;56160;NR;number;SORS;Registered employment by sex and municipalities of residence (NSTJ) ;A;Normal value
24021105IND01;RS125;Severnobačka oblast;00;2021;1;Male;29876;NR;number;SORS;Registered employment by sex and municipalities of residence (NSTJ) ;A;Normal value
24021105IND01;RS125;Severnobačka oblast;00;2021;2;Female;26283;NR;number;SORS;Registered employment by sex and municipalities of residence (NSTJ) ;A;Normal value
24021105IND01;RS125;Severnobačka oblast;00;2022;0;Total;56420;NR;number;SORS;Registered employment by sex and municipalities of residence (NSTJ) ;A;Normal value
24021105IND01;RS125;Severnobačka oblast;00;2022;1;Male;29854;NR;number;SORS;Registered employment by sex and municipalities of residence (NSTJ) ;A;Normal value
24021105IND01;RS125;Severnobačka oblast;00;2022;2;Female;26566;NR;number;SORS;Registered employment by sex and municipalities of residence (NSTJ) ;A;Normal value
24021105IND01;RS125;Severnobačka oblast;00;2023;0;Total;56682;NR;number;SORS;Registered employment by sex and municipalities of residence (NSTJ) ;A;Normal value
24021105IND01;RS125;Severnobačka oblast;00;2023;1;Male;29936;NR;number;SORS;Registered employment by sex and municipalities of residence (NSTJ) ;A;Normal value
24021105IND01;RS125;Severnobačka oblast;00;2023;2;Female;26746;NR;number;SORS;Registered employment by sex and municipalities of residence (NSTJ) ;A;Normal value
24021105IND01;RS125;Severnobačka oblast;00;2024;0;Total;56279;NR;number;SORS;Registered employment by sex and municipalities of residence (NSTJ) ;A;Normal value
24021105IND01;RS125;Severnobačka oblast;00;2024;1;Male;29665;NR;number;SORS;Registered employment by sex and municipalities of residence (NSTJ) ;A;Normal value
24021105IND01;RS125;Severnobačka oblast;00;2024;2;Female;26614;NR;number;SORS;Registered employment by sex and municipalities of residence (NSTJ) ;A;Normal value
24021105IND01;RS125;Severnobačka oblast;00;2025;0;Total;55599;NR;number;SORS;Registered employment by sex and municipalities of residence (NSTJ) ;A;Normal value
24021105IND01;RS125;Severnobačka oblast;00;2025;1;Male;29182;NR;number;SORS;Registered employment by sex and municipalities of residence (NSTJ) ;A;Normal value
24021105IND01;RS125;Severnobačka oblast;00;2025;2;Female;26417;NR;number;SORS;Registered employment by sex and municipalities of residence (NSTJ) ;A;Normal value
24021105IND01;RS126;Srednjobanatska oblast;00;2025;0;Total;54430;NR;number;SORS;Registered employment by sex and municipalities of residence (NSTJ) ;A;Normal value
24021105IND01;RS126;Srednjobanatska oblast;00;2025;1;Male;30242;NR;number;SORS;Registered employment by sex and municipalities of residence (NSTJ) ;A;Normal value
24021105IND01;RS126;Srednjobanatska oblast;00;2025;2;Female;24188;NR;number;SORS;Registered employment by sex and municipalities of residence (NSTJ) ;A;Normal value
24021105IND01;RS126;Srednjobanatska oblast;00;2024;0;Total;54642;NR;number;SORS;Registered employment by sex and municipalities of residence (NSTJ) ;A;Normal value
24021105IND01;RS126;Srednjobanatska oblast;00;2024;1;Male;30308;NR;number;SORS;Registered employment by sex and municipalities of residence (NSTJ) ;A;Normal value
24021105IND01;RS126;Srednjobanatska oblast;00;2024;2;Female;24334;NR;number;SORS;Registered employment by sex and municipalities of residence (NSTJ) ;A;Normal value
24021105IND01;RS126;Srednjobanatska oblast;00;2023;0;Total;54461;NR;number;SORS;Registered employment by sex and municipalities of residence (NSTJ) ;A;Normal value
24021105IND01;RS126;Srednjobanatska oblast;00;2023;1;Male;30244;NR;number;SORS;Registered employment by sex and municipalities of residence (NSTJ) ;A;Normal value
24021105IND01;RS126;Srednjobanatska oblast;00;2023;2;Female;24218;NR;number;SORS;Registered employment by sex and municipalities of residence (NSTJ) ;A;Normal value
24021105IND01;RS126;Srednjobanatska oblast;00;2022;0;Total;53505;NR;number;SORS;Registered employment by sex and municipalities of residence (NSTJ) ;A;Normal value
24021105IND01;RS126;Srednjobanatska oblast;00;2022;1;Male;29880;NR;number;SORS;Registered employment by sex and municipalities of residence (NSTJ) ;A;Normal value
24021105IND01;RS126;Srednjobanatska oblast;00;2022;2;Female;23626;NR;number;SORS;Registered employment by sex and municipalities of residence (NSTJ) ;A;Normal value
24021105IND01;RS126;Srednjobanatska oblast;00;2021;0;Total;52855;NR;number;SORS;Registered employment by sex and municipalities of residence (NSTJ) ;A;Normal value
24021105IND01;RS126;Srednjobanatska oblast;00;2021;1;Male;29564;NR;number;SORS;Registered employment by sex and municipalities of residence (NSTJ) ;A;Normal value
24021105IND01;RS126;Srednjobanatska oblast;00;2021;2;Female;23291;NR;number;SORS;Registered employment by sex and municipalities of residence (NSTJ) ;A;Normal value
24021105IND01;RS126;Srednjobanatska oblast;00;2020;0;Total;52090;NR;number;SORS;Registered employment by sex and municipalities of residence (NSTJ) ;A;Normal value
24021105IND01;RS126;Srednjobanatska oblast;00;2020;1;Male;28780;NR;number;SORS;Registered employment by sex and municipalities of residence (NSTJ) ;A;Normal value
24021105IND01;RS126;Srednjobanatska oblast;00;2020;2;Female;23310;NR;number;SORS;Registered employment by sex and municipalities of residence (NSTJ) ;A;Normal value
24021105IND01;RS126;Srednjobanatska oblast;00;2019;0;Total;52306;NR;number;SORS;Registered employment by sex and municipalities of residence (NSTJ) ;A;Normal value
24021105IND01;RS126;Srednjobanatska oblast;00;2019;1;Male;29174;NR;number;SORS;Registered employment by sex and municipalities of residence (NSTJ) ;A;Normal value
24021105IND01;RS126;Srednjobanatska oblast;00;2019;2;Female;23132;NR;number;SORS;Registered employment by sex and municipalities of residence (NSTJ) ;A;Normal value
24021105IND01;RS126;Srednjobanatska oblast;00;2018;0;Total;52397;NR;number;SORS;Registered employment by sex and municipalities of residence (NSTJ) ;A;Normal value
24021105IND01;RS126;Srednjobanatska oblast;00;2018;1;Male;29424;NR;number;SORS;Registered employment by sex and municipalities of residence (NSTJ) ;A;Normal value
24021105IND01;RS126;Srednjobanatska oblast;00;2018;2;Female;22974;NR;number;SORS;Registered employment by sex and municipalities of residence (NSTJ) ;A;Normal value
24021105IND01;RS126;Srednjobanatska oblast;00;2017;0;Total;49422;NR;number;SORS;Registered employment by sex and municipalities of residence (NSTJ) ;A;Normal value
24021105IND01;RS126;Srednjobanatska oblast;00;2017;1;Male;28024;NR;number;SORS;Registered employment by sex and municipalities of residence (NSTJ) ;A;Normal value
24021105IND01;RS126;Srednjobanatska oblast;00;2017;2;Female;21398;NR;number;SORS;Registered employment by sex and municipalities of residence (NSTJ) ;A;Normal value
24021105IND01;RS126;Srednjobanatska oblast;00;2016;0;Total;48229;NR;number;SORS;Registered employment by sex and municipalities of residence (NSTJ) ;A;Normal value
24021105IND01;RS126;Srednjobanatska oblast;00;2016;1;Male;27578;NR;number;SORS;Registered employment by sex and municipalities of residence (NSTJ) ;A;Normal value
24021105IND01;RS126;Srednjobanatska oblast;00;2016;2;Female;20651;NR;number;SORS;Registered employment by sex and municipalities of residence (NSTJ) ;A;Normal value
24021105IND01;RS127;Sremska oblast;00;2016;0;Total;85244;NR;number;SORS;Registered employment by sex and municipalities of residence (NSTJ) ;A;Normal value
24021105IND01;RS127;Sremska oblast;00;2016;1;Male;47973;NR;number;SORS;Registered employment by sex and municipalities of residence (NSTJ) ;A;Normal value
24021105IND01;RS127;Sremska oblast;00;2016;2;Female;37271;NR;number;SORS;Registered employment by sex and municipalities of residence (NSTJ) ;A;Normal value
24021105IND01;RS127;Sremska oblast;00;2017;0;Total;88730;NR;number;SORS;Registered employment by sex and municipalities of residence (NSTJ) ;A;Normal value
24021105IND01;RS127;Sremska oblast;00;2017;1;Male;49612;NR;number;SORS;Registered employment by sex and municipalities of residence (NSTJ) ;A;Normal value
24021105IND01;RS127;Sremska oblast;00;2017;2;Female;39118;NR;number;SORS;Registered employment by sex and municipalities of residence (NSTJ) ;A;Normal value
24021105IND01;RS127;Sremska oblast;00;2018;0;Total;92056;NR;number;SORS;Registered employment by sex and municipalities of residence (NSTJ) ;A;Normal value
24021105IND01;RS127;Sremska oblast;00;2018;1;Male;51101;NR;number;SORS;Registered employment by sex and municipalities of residence (NSTJ) ;A;Normal value
24021105IND01;RS127;Sremska oblast;00;2018;2;Female;40956;NR;number;SORS;Registered employment by sex and municipalities of residence (NSTJ) ;A;Normal value
24021105IND01;RS127;Sremska oblast;00;2019;0;Total;93812;NR;number;SORS;Registered employment by sex and municipalities of residence (NSTJ) ;A;Normal value
24021105IND01;RS127;Sremska oblast;00;2019;1;Male;51744;NR;number;SORS;Registered employment by sex and municipalities of residence (NSTJ) ;A;Normal value
24021105IND01;RS127;Sremska oblast;00;2019;2;Female;42068;NR;number;SORS;Registered employment by sex and municipalities of residence (NSTJ) ;A;Normal value
24021105IND01;RS127;Sremska oblast;00;2020;0;Total;95355;NR;number;SORS;Registered employment by sex and municipalities of residence (NSTJ) ;A;Normal value
24021105IND01;RS127;Sremska oblast;00;2020;1;Male;52477;NR;number;SORS;Registered employment by sex and municipalities of residence (NSTJ) ;A;Normal value
24021105IND01;RS127;Sremska oblast;00;2020;2;Female;42879;NR;number;SORS;Registered employment by sex and municipalities of residence (NSTJ) ;A;Normal value
24021105IND01;RS127;Sremska oblast;00;2021;0;Total;97603;NR;number;SORS;Registered employment by sex and municipalities of residence (NSTJ) ;A;Normal value
24021105IND01;RS127;Sremska oblast;00;2021;1;Male;53375;NR;number;SORS;Registered employment by sex and municipalities of residence (NSTJ) ;A;Normal value
24021105IND01;RS127;Sremska oblast;00;2021;2;Female;44228;NR;number;SORS;Registered employment by sex and municipalities of residence (NSTJ) ;A;Normal value
24021105IND01;RS127;Sremska oblast;00;2022;0;Total;99056;NR;number;SORS;Registered employment by sex and municipalities of residence (NSTJ) ;A;Normal value
24021105IND01;RS127;Sremska oblast;00;2022;1;Male;53670;NR;number;SORS;Registered employment by sex and municipalities of residence (NSTJ) ;A;Normal value
24021105IND01;RS127;Sremska oblast;00;2022;2;Female;45386;NR;number;SORS;Registered employment by sex and municipalities of residence (NSTJ) ;A;Normal value
24021105IND01;RS127;Sremska oblast;00;2023;0;Total;101348;NR;number;SORS;Registered employment by sex and municipalities of residence (NSTJ) ;A;Normal value
24021105IND01;RS127;Sremska oblast;00;2023;1;Male;54492;NR;number;SORS;Registered employment by sex and municipalities of residence (NSTJ) ;A;Normal value
24021105IND01;RS127;Sremska oblast;00;2023;2;Female;46857;NR;number;SORS;Registered employment by sex and municipalities of residence (NSTJ) ;A;Normal value
24021105IND01;RS127;Sremska oblast;00;2024;0;Total;101703;NR;number;SORS;Registered employment by sex and municipalities of residence (NSTJ) ;A;Normal value
24021105IND01;RS127;Sremska oblast;00;2024;1;Male;54610;NR;number;SORS;Registered employment by sex and municipalities of residence (NSTJ) ;A;Normal value
24021105IND01;RS127;Sremska oblast;00;2024;2;Female;47093;NR;number;SORS;Registered employment by sex and municipalities of residence (NSTJ) ;A;Normal value
24021105IND01;RS127;Sremska oblast;00;2025;0;Total;102501;NR;number;SORS;Registered employment by sex and municipalities of residence (NSTJ) ;A;Normal value
24021105IND01;RS127;Sremska oblast;00;2025;1;Male;55271;NR;number;SORS;Registered employment by sex and municipalities of residence (NSTJ) ;A;Normal value
24021105IND01;RS127;Sremska oblast;00;2025;2;Female;47230;NR;number;SORS;Registered employment by sex and municipalities of residence (NSTJ) ;A;Normal value
24021105IND01;RS2;SRBIJA – JUG;00;2025;0;Total;1024382;NR;number;SORS;Registered employment by sex and municipalities of residence (NSTJ) ;A;Normal value
24021105IND01;RS2;SRBIJA – JUG;00;2025;1;Male;556927;NR;number;SORS;Registered employment by sex and municipalities of residence (NSTJ) ;A;Normal value
24021105IND01;RS2;SRBIJA – JUG;00;2025;2;Female;467456;NR;number;SORS;Registered employment by sex and municipalities of residence (NSTJ) ;A;Normal value
24021105IND01;RS2;SRBIJA – JUG;00;2024;0;Total;1031083;NR;number;SORS;Registered employment by sex and municipalities of residence (NSTJ) ;A;Normal value
24021105IND01;RS2;SRBIJA – JUG;00;2024;1;Male;561733;NR;number;SORS;Registered employment by sex and municipalities of residence (NSTJ) ;A;Normal value
24021105IND01;RS2;SRBIJA – JUG;00;2024;2;Female;469349;NR;number;SORS;Registered employment by sex and municipalities of residence (NSTJ) ;A;Normal value
24021105IND01;RS2;SRBIJA – JUG;00;2023;0;Total;1031077;NR;number;SORS;Registered employment by sex and municipalities of residence (NSTJ) ;A;Normal value
24021105IND01;RS2;SRBIJA – JUG;00;2023;1;Male;563750;NR;number;SORS;Registered employment by sex and municipalities of residence (NSTJ) ;A;Normal value
24021105IND01;RS2;SRBIJA – JUG;00;2023;2;Female;467327;NR;number;SORS;Registered employment by sex and municipalities of residence (NSTJ) ;A;Normal value
24021105IND01;RS2;SRBIJA – JUG;00;2022;0;Total;1014707;NR;number;SORS;Registered employment by sex and municipalities of residence (NSTJ) ;A;Normal value
24021105IND01;RS2;SRBIJA – JUG;00;2022;1;Male;559246;NR;number;SORS;Registered employment by sex and municipalities of residence (NSTJ) ;A;Normal value
24021105IND01;RS2;SRBIJA – JUG;00;2022;2;Female;455461;NR;number;SORS;Registered employment by sex and municipalities of residence (NSTJ) ;A;Normal value
24021105IND01;RS2;SRBIJA – JUG;00;2021;0;Total;998979;NR;number;SORS;Registered employment by sex and municipalities of residence (NSTJ) ;A;Normal value
24021105IND01;RS2;SRBIJA – JUG;00;2021;1;Male;555869;NR;number;SORS;Registered employment by sex and municipalities of residence (NSTJ) ;A;Normal value
24021105IND01;RS2;SRBIJA – JUG;00;2021;2;Female;443110;NR;number;SORS;Registered employment by sex and municipalities of residence (NSTJ) ;A;Normal value
24021105IND01;RS2;SRBIJA – JUG;00;2020;0;Total;969671;NR;number;SORS;Registered employment by sex and municipalities of residence (NSTJ) ;A;Normal value
24021105IND01;RS2;SRBIJA – JUG;00;2020;1;Male;543043;NR;number;SORS;Registered employment by sex and municipalities of residence (NSTJ) ;A;Normal value
24021105IND01;RS2;SRBIJA – JUG;00;2020;2;Female;426628;NR;number;SORS;Registered employment by sex and municipalities of residence (NSTJ) ;A;Normal value
24021105IND01;RS2;SRBIJA – JUG;00;2019;0;Total;948736;NR;number;SORS;Registered employment by sex and municipalities of residence (NSTJ) ;A;Normal value
24021105IND01;RS2;SRBIJA – JUG;00;2019;1;Male;533611;NR;number;SORS;Registered employment by sex and municipalities of residence (NSTJ) ;A;Normal value
24021105IND01;RS2;SRBIJA – JUG;00;2019;2;Female;415126;NR;number;SORS;Registered employment by sex and municipalities of residence (NSTJ) ;A;Normal value
24021105IND01;RS2;SRBIJA – JUG;00;2018;0;Total;929458;NR;number;SORS;Registered employment by sex and municipalities of residence (NSTJ) ;A;Normal value
24021105IND01;RS2;SRBIJA – JUG;00;2018;1;Male;524606;NR;number;SORS;Registered employment by sex and municipalities of residence (NSTJ) ;A;Normal value
24021105IND01;RS2;SRBIJA – JUG;00;2018;2;Female;404852;NR;number;SORS;Registered employment by sex and municipalities of residence (NSTJ) ;A;Normal value
24021105IND01;RS2;SRBIJA – JUG;00;2017;0;Total;900741;NR;number;SORS;Registered employment by sex and municipalities of residence (NSTJ) ;A;Normal value
24021105IND01;RS2;SRBIJA – JUG;00;2017;1;Male;512134;NR;number;SORS;Registered employment by sex and municipalities of residence (NSTJ) ;A;Normal value
24021105IND01;RS2;SRBIJA – JUG;00;2017;2;Female;388608;NR;number;SORS;Registered employment by sex and municipalities of residence (NSTJ) ;A;Normal value
24021105IND01;RS2;SRBIJA – JUG;00;2016;0;Total;878369;NR;number;SORS;Registered employment by sex and municipalities of residence (NSTJ) ;A;Normal value
24021105IND01;RS2;SRBIJA – JUG;00;2016;1;Male;503833;NR;number;SORS;Registered employment by sex and municipalities of residence (NSTJ) ;A;Normal value
24021105IND01;RS2;SRBIJA – JUG;00;2016;2;Female;374537;NR;number;SORS;Registered employment by sex and municipalities of residence (NSTJ) ;A;Normal value
24021105IND01;RS21;Region Šumadije i Zapadne Srbije;00;2016;0;Total;499405;NR;number;SORS;Registered employment by sex and municipalities of residence (NSTJ) ;A;Normal value
24021105IND01;RS21;Region Šumadije i Zapadne Srbije;00;2016;1;Male;288164;NR;number;SORS;Registered employment by sex and municipalities of residence (NSTJ) ;A;Normal value
24021105IND01;RS21;Region Šumadije i Zapadne Srbije;00;2016;2;Female;211241;NR;number;SORS;Registered employment by sex and municipalities of residence (NSTJ) ;A;Normal value
24021105IND01;RS21;Region Šumadije i Zapadne Srbije;00;2017;0;Total;513065;NR;number;SORS;Registered employment by sex and municipalities of residence (NSTJ) ;A;Normal value
24021105IND01;RS21;Region Šumadije i Zapadne Srbije;00;2017;1;Male;293259;NR;number;SORS;Registered employment by sex and municipalities of residence (NSTJ) ;A;Normal value
24021105IND01;RS21;Region Šumadije i Zapadne Srbije;00;2017;2;Female;219806;NR;number;SORS;Registered employment by sex and municipalities of residence (NSTJ) ;A;Normal value
24021105IND01;RS21;Region Šumadije i Zapadne Srbije;00;2018;0;Total;530611;NR;number;SORS;Registered employment by sex and municipalities of residence (NSTJ) ;A;Normal value
24021105IND01;RS21;Region Šumadije i Zapadne Srbije;00;2018;1;Male;300964;NR;number;SORS;Registered employment by sex and municipalities of residence (NSTJ) ;A;Normal value
24021105IND01;RS21;Region Šumadije i Zapadne Srbije;00;2018;2;Female;229647;NR;number;SORS;Registered employment by sex and municipalities of residence (NSTJ) ;A;Normal value
24021105IND01;RS21;Region Šumadije i Zapadne Srbije;00;2019;0;Total;542473;NR;number;SORS;Registered employment by sex and municipalities of residence (NSTJ) ;A;Normal value
24021105IND01;RS21;Region Šumadije i Zapadne Srbije;00;2019;1;Male;306235;NR;number;SORS;Registered employment by sex and municipalities of residence (NSTJ) ;A;Normal value
24021105IND01;RS21;Region Šumadije i Zapadne Srbije;00;2019;2;Female;236238;NR;number;SORS;Registered employment by sex and municipalities of residence (NSTJ) ;A;Normal value
24021105IND01;RS21;Region Šumadije i Zapadne Srbije;00;2020;0;Total;554643;NR;number;SORS;Registered employment by sex and municipalities of residence (NSTJ) ;A;Normal value
24021105IND01;RS21;Region Šumadije i Zapadne Srbije;00;2020;1;Male;311570;NR;number;SORS;Registered employment by sex and municipalities of residence (NSTJ) ;A;Normal value
24021105IND01;RS21;Region Šumadije i Zapadne Srbije;00;2020;2;Female;243073;NR;number;SORS;Registered employment by sex and municipalities of residence (NSTJ) ;A;Normal value
24021105IND01;RS21;Region Šumadije i Zapadne Srbije;00;2021;0;Total;571001;NR;number;SORS;Registered employment by sex and municipalities of residence (NSTJ) ;A;Normal value
24021105IND01;RS21;Region Šumadije i Zapadne Srbije;00;2021;1;Male;318284;NR;number;SORS;Registered employment by sex and municipalities of residence (NSTJ) ;A;Normal value
24021105IND01;RS21;Region Šumadije i Zapadne Srbije;00;2021;2;Female;252716;NR;number;SORS;Registered employment by sex and municipalities of residence (NSTJ) ;A;Normal value
24021105IND01;RS21;Region Šumadije i Zapadne Srbije;00;2022;0;Total;578691;NR;number;SORS;Registered employment by sex and municipalities of residence (NSTJ) ;A;Normal value
24021105IND01;RS21;Region Šumadije i Zapadne Srbije;00;2022;1;Male;319414;NR;number;SORS;Registered employment by sex and municipalities of residence (NSTJ) ;A;Normal value
24021105IND01;RS21;Region Šumadije i Zapadne Srbije;00;2022;2;Female;259277;NR;number;SORS;Registered employment by sex and municipalities of residence (NSTJ) ;A;Normal value
24021105IND01;RS21;Region Šumadije i Zapadne Srbije;00;2023;0;Total;589354;NR;number;SORS;Registered employment by sex and municipalities of residence (NSTJ) ;A;Normal value
24021105IND01;RS21;Region Šumadije i Zapadne Srbije;00;2023;1;Male;322362;NR;number;SORS;Registered employment by sex and municipalities of residence (NSTJ) ;A;Normal value
24021105IND01;RS21;Region Šumadije i Zapadne Srbije;00;2023;2;Female;266992;NR;number;SORS;Registered employment by sex and municipalities of residence (NSTJ) ;A;Normal value
24021105IND01;RS21;Region Šumadije i Zapadne Srbije;00;2024;0;Total;591060;NR;number;SORS;Registered employment by sex and municipalities of residence (NSTJ) ;A;Normal value
24021105IND01;RS21;Region Šumadije i Zapadne Srbije;00;2024;1;Male;321661;NR;number;SORS;Registered employment by sex and municipalities of residence (NSTJ) ;A;Normal value
24021105IND01;RS21;Region Šumadije i Zapadne Srbije;00;2024;2;Female;269399;NR;number;SORS;Registered employment by sex and municipalities of residence (NSTJ) ;A;Normal value
24021105IND01;RS21;Region Šumadije i Zapadne Srbije;00;2025;0;Total;589690;NR;number;SORS;Registered employment by sex and municipalities of residence (NSTJ) ;A;Normal value
24021105IND01;RS21;Region Šumadije i Zapadne Srbije;00;2025;1;Male;320021;NR;number;SORS;Registered employment by sex and municipalities of residence (NSTJ) ;A;Normal value
24021105IND01;RS21;Region Šumadije i Zapadne Srbije;00;2025;2;Female;269670;NR;number;SORS;Registered employment by sex and municipalities of residence (NSTJ) ;A;Normal value
24021105IND01;RS211;Zlatiborska oblast;00;2025;0;Total;82493;NR;number;SORS;Registered employment by sex and municipalities of residence (NSTJ) ;A;Normal value
24021105IND01;RS211;Zlatiborska oblast;00;2025;1;Male;44349;NR;number;SORS;Registered employment by sex and municipalities of residence (NSTJ) ;A;Normal value
24021105IND01;RS211;Zlatiborska oblast;00;2025;2;Female;38145;NR;number;SORS;Registered employment by sex and municipalities of residence (NSTJ) ;A;Normal value
24021105IND01;RS211;Zlatiborska oblast;00;2024;0;Total;83040;NR;number;SORS;Registered employment by sex and municipalities of residence (NSTJ) ;A;Normal value
24021105IND01;RS211;Zlatiborska oblast;00;2024;1;Male;44808;NR;number;SORS;Registered employment by sex and municipalities of residence (NSTJ) ;A;Normal value
24021105IND01;RS211;Zlatiborska oblast;00;2024;2;Female;38232;NR;number;SORS;Registered employment by sex and municipalities of residence (NSTJ) ;A;Normal value
24021105IND01;RS211;Zlatiborska oblast;00;2023;0;Total;83406;NR;number;SORS;Registered employment by sex and municipalities of residence (NSTJ) ;A;Normal value
24021105IND01;RS211;Zlatiborska oblast;00;2023;1;Male;45025;NR;number;SORS;Registered employment by sex and municipalities of residence (NSTJ) ;A;Normal value
24021105IND01;RS211;Zlatiborska oblast;00;2023;2;Female;38381;NR;number;SORS;Registered employment by sex and municipalities of residence (NSTJ) ;A;Normal value
24021105IND01;RS211;Zlatiborska oblast;00;2022;0;Total;82338;NR;number;SORS;Registered employment by sex and municipalities of residence (NSTJ) ;A;Normal value
24021105IND01;RS211;Zlatiborska oblast;00;2022;1;Male;44903;NR;number;SORS;Registered employment by sex and municipalities of residence (NSTJ) ;A;Normal value
24021105IND01;RS211;Zlatiborska oblast;00;2022;2;Female;37436;NR;number;SORS;Registered employment by sex and municipalities of residence (NSTJ) ;A;Normal value
24021105IND01;RS211;Zlatiborska oblast;00;2021;0;Total;81249;NR;number;SORS;Registered employment by sex and municipalities of residence (NSTJ) ;A;Normal value
24021105IND01;RS211;Zlatiborska oblast;00;2021;1;Male;44717;NR;number;SORS;Registered employment by sex and municipalities of residence (NSTJ) ;A;Normal value
24021105IND01;RS211;Zlatiborska oblast;00;2021;2;Female;36532;NR;number;SORS;Registered employment by sex and municipalities of residence (NSTJ) ;A;Normal value
24021105IND01;RS211;Zlatiborska oblast;00;2020;0;Total;79423;NR;number;SORS;Registered employment by sex and municipalities of residence (NSTJ) ;A;Normal value
24021105IND01;RS211;Zlatiborska oblast;00;2020;1;Male;43933;NR;number;SORS;Registered employment by sex and municipalities of residence (NSTJ) ;A;Normal value
24021105IND01;RS211;Zlatiborska oblast;00;2020;2;Female;35490;NR;number;SORS;Registered employment by sex and municipalities of residence (NSTJ) ;A;Normal value
24021105IND01;RS211;Zlatiborska oblast;00;2019;0;Total;77740;NR;number;SORS;Registered employment by sex and municipalities of residence (NSTJ) ;A;Normal value
24021105IND01;RS211;Zlatiborska oblast;00;2019;1;Male;43020;NR;number;SORS;Registered employment by sex and municipalities of residence (NSTJ) ;A;Normal value
24021105IND01;RS211;Zlatiborska oblast;00;2019;2;Female;34720;NR;number;SORS;Registered employment by sex and municipalities of residence (NSTJ) ;A;Normal value
24021105IND01;RS211;Zlatiborska oblast;00;2018;0;Total;75942;NR;number;SORS;Registered employment by sex and municipalities of residence (NSTJ) ;A;Normal value
24021105IND01;RS211;Zlatiborska oblast;00;2018;1;Male;42057;NR;number;SORS;Registered employment by sex and municipalities of residence (NSTJ) ;A;Normal value
24021105IND01;RS211;Zlatiborska oblast;00;2018;2;Female;33886;NR;number;SORS;Registered employment by sex and municipalities of residence (NSTJ) ;A;Normal value
24021105IND01;RS211;Zlatiborska oblast;00;2017;0;Total;73069;NR;number;SORS;Registered employment by sex and municipalities of residence (NSTJ) ;A;Normal value
24021105IND01;RS211;Zlatiborska oblast;00;2017;1;Male;40610;NR;number;SORS;Registered employment by sex and municipalities of residence (NSTJ) ;A;Normal value
24021105IND01;RS211;Zlatiborska oblast;00;2017;2;Female;32459;NR;number;SORS;Registered employment by sex and municipalities of residence (NSTJ) ;A;Normal value
24021105IND01;RS211;Zlatiborska oblast;00;2016;0;Total;71572;NR;number;SORS;Registered employment by sex and municipalities of residence (NSTJ) ;A;Normal value
24021105IND01;RS211;Zlatiborska oblast;00;2016;1;Male;40272;NR;number;SORS;Registered employment by sex and municipalities of residence (NSTJ) ;A;Normal value
24021105IND01;RS211;Zlatiborska oblast;00;2016;2;Female;31300;NR;number;SORS;Registered employment by sex and municipalities of residence (NSTJ) ;A;Normal value
24021105IND01;RS212;Kolubarska oblast;00;2016;0;Total;47250;NR;number;SORS;Registered employment by sex and municipalities of residence (NSTJ) ;A;Normal value
24021105IND01;RS212;Kolubarska oblast;00;2016;1;Male;28571;NR;number;SORS;Registered employment by sex and municipalities of residence (NSTJ) ;A;Normal value
24021105IND01;RS212;Kolubarska oblast;00;2016;2;Female;18679;NR;number;SORS;Registered employment by sex and municipalities of residence (NSTJ) ;A;Normal value
24021105IND01;RS212;Kolubarska oblast;00;2017;0;Total;48743;NR;number;SORS;Registered employment by sex and municipalities of residence (NSTJ) ;A;Normal value
24021105IND01;RS212;Kolubarska oblast;00;2017;1;Male;29183;NR;number;SORS;Registered employment by sex and municipalities of residence (NSTJ) ;A;Normal value
24021105IND01;RS212;Kolubarska oblast;00;2017;2;Female;19560;NR;number;SORS;Registered employment by sex and municipalities of residence (NSTJ) ;A;Normal value
24021105IND01;RS212;Kolubarska oblast;00;2018;0;Total;50475;NR;number;SORS;Registered employment by sex and municipalities of residence (NSTJ) ;A;Normal value
24021105IND01;RS212;Kolubarska oblast;00;2018;1;Male;29865;NR;number;SORS;Registered employment by sex and municipalities of residence (NSTJ) ;A;Normal value
24021105IND01;RS212;Kolubarska oblast;00;2018;2;Female;20610;NR;number;SORS;Registered employment by sex and municipalities of residence (NSTJ) ;A;Normal value
24021105IND01;RS212;Kolubarska oblast;00;2019;0;Total;51364;NR;number;SORS;Registered employment by sex and municipalities of residence (NSTJ) ;A;Normal value
24021105IND01;RS212;Kolubarska oblast;00;2019;1;Male;30175;NR;number;SORS;Registered employment by sex and municipalities of residence (NSTJ) ;A;Normal value
24021105IND01;RS212;Kolubarska oblast;00;2019;2;Female;21189;NR;number;SORS;Registered employment by sex and municipalities of residence (NSTJ) ;A;Normal value
24021105IND01;RS212;Kolubarska oblast;00;2020;0;Total;52584;NR;number;SORS;Registered employment by sex and municipalities of residence (NSTJ) ;A;Normal value
24021105IND01;RS212;Kolubarska oblast;00;2020;1;Male;30636;NR;number;SORS;Registered employment by sex and municipalities of residence (NSTJ) ;A;Normal value
24021105IND01;RS212;Kolubarska oblast;00;2020;2;Female;21948;NR;number;SORS;Registered employment by sex and municipalities of residence (NSTJ) ;A;Normal value
24021105IND01;RS212;Kolubarska oblast;00;2021;0;Total;53197;NR;number;SORS;Registered employment by sex and municipalities of residence (NSTJ) ;A;Normal value
24021105IND01;RS212;Kolubarska oblast;00;2021;1;Male;30779;NR;number;SORS;Registered employment by sex and municipalities of residence (NSTJ) ;A;Normal value
24021105IND01;RS212;Kolubarska oblast;00;2021;2;Female;22418;NR;number;SORS;Registered employment by sex and municipalities of residence (NSTJ) ;A;Normal value
24021105IND01;RS212;Kolubarska oblast;00;2022;0;Total;53514;NR;number;SORS;Registered employment by sex and municipalities of residence (NSTJ) ;A;Normal value
24021105IND01;RS212;Kolubarska oblast;00;2022;1;Male;30701;NR;number;SORS;Registered employment by sex and municipalities of residence (NSTJ) ;A;Normal value
24021105IND01;RS212;Kolubarska oblast;00;2022;2;Female;22813;NR;number;SORS;Registered employment by sex and municipalities of residence (NSTJ) ;A;Normal value
24021105IND01;RS212;Kolubarska oblast;00;2023;0;Total;55049;NR;number;SORS;Registered employment by sex and municipalities of residence (NSTJ) ;A;Normal value
24021105IND01;RS212;Kolubarska oblast;00;2023;1;Male;31194;NR;number;SORS;Registered employment by sex and municipalities of residence (NSTJ) ;A;Normal value
24021105IND01;RS212;Kolubarska oblast;00;2023;2;Female;23855;NR;number;SORS;Registered employment by sex and municipalities of residence (NSTJ) ;A;Normal value
24021105IND01;RS212;Kolubarska oblast;00;2024;0;Total;54923;NR;number;SORS;Registered employment by sex and municipalities of residence (NSTJ) ;A;Normal value
24021105IND01;RS212;Kolubarska oblast;00;2024;1;Male;30914;NR;number;SORS;Registered employment by sex and municipalities of residence (NSTJ) ;A;Normal value
24021105IND01;RS212;Kolubarska oblast;00;2024;2;Female;24009;NR;number;SORS;Registered employment by sex and municipalities of residence (NSTJ) ;A;Normal value
24021105IND01;RS212;Kolubarska oblast;00;2025;0;Total;54166;NR;number;SORS;Registered employment by sex and municipalities of residence (NSTJ) ;A;Normal value
24021105IND01;RS212;Kolubarska oblast;00;2025;1;Male;30325;NR;number;SORS;Registered employment by sex and municipalities of residence (NSTJ) ;A;Normal value
24021105IND01;RS212;Kolubarska oblast;00;2025;2;Female;23841;NR;number;SORS;Registered employment by sex and municipalities of residence (NSTJ) ;A;Normal value
24021105IND01;RS213;Mačvanska oblast;00;2025;0;Total;85589;NR;number;SORS;Registered employment by sex and municipalities of residence (NSTJ) ;A;Normal value
24021105IND01;RS213;Mačvanska oblast;00;2025;1;Male;47608;NR;number;SORS;Registered employment by sex and municipalities of residence (NSTJ) ;A;Normal value
24021105IND01;RS213;Mačvanska oblast;00;2025;2;Female;37981;NR;number;SORS;Registered employment by sex and municipalities of residence (NSTJ) ;A;Normal value
24021105IND01;RS213;Mačvanska oblast;00;2024;0;Total;86670;NR;number;SORS;Registered employment by sex and municipalities of residence (NSTJ) ;A;Normal value
24021105IND01;RS213;Mačvanska oblast;00;2024;1;Male;48294;NR;number;SORS;Registered employment by sex and municipalities of residence (NSTJ) ;A;Normal value
24021105IND01;RS213;Mačvanska oblast;00;2024;2;Female;38377;NR;number;SORS;Registered employment by sex and municipalities of residence (NSTJ) ;A;Normal value
24021105IND01;RS213;Mačvanska oblast;00;2023;0;Total;86556;NR;number;SORS;Registered employment by sex and municipalities of residence (NSTJ) ;A;Normal value
24021105IND01;RS213;Mačvanska oblast;00;2023;1;Male;48453;NR;number;SORS;Registered employment by sex and municipalities of residence (NSTJ) ;A;Normal value
24021105IND01;RS213;Mačvanska oblast;00;2023;2;Female;38104;NR;number;SORS;Registered employment by sex and municipalities of residence (NSTJ) ;A;Normal value
24021105IND01;RS213;Mačvanska oblast;00;2022;0;Total;84797;NR;number;SORS;Registered employment by sex and municipalities of residence (NSTJ) ;A;Normal value
24021105IND01;RS213;Mačvanska oblast;00;2022;1;Male;47803;NR;number;SORS;Registered employment by sex and municipalities of residence (NSTJ) ;A;Normal value
24021105IND01;RS213;Mačvanska oblast;00;2022;2;Female;36994;NR;number;SORS;Registered employment by sex and municipalities of residence (NSTJ) ;A;Normal value
24021105IND01;RS213;Mačvanska oblast;00;2021;0;Total;83787;NR;number;SORS;Registered employment by sex and municipalities of residence (NSTJ) ;A;Normal value
24021105IND01;RS213;Mačvanska oblast;00;2021;1;Male;47980;NR;number;SORS;Registered employment by sex and municipalities of residence (NSTJ) ;A;Normal value
24021105IND01;RS213;Mačvanska oblast;00;2021;2;Female;35807;NR;number;SORS;Registered employment by sex and municipalities of residence (NSTJ) ;A;Normal value
24021105IND01;RS213;Mačvanska oblast;00;2020;0;Total;81688;NR;number;SORS;Registered employment by sex and municipalities of residence (NSTJ) ;A;Normal value
24021105IND01;RS213;Mačvanska oblast;00;2020;1;Male;47183;NR;number;SORS;Registered employment by sex and municipalities of residence (NSTJ) ;A;Normal value
24021105IND01;RS213;Mačvanska oblast;00;2020;2;Female;34504;NR;number;SORS;Registered employment by sex and municipalities of residence (NSTJ) ;A;Normal value
24021105IND01;RS213;Mačvanska oblast;00;2019;0;Total;79634;NR;number;SORS;Registered employment by sex and municipalities of residence (NSTJ) ;A;Normal value
24021105IND01;RS213;Mačvanska oblast;00;2019;1;Male;46405;NR;number;SORS;Registered employment by sex and municipalities of residence (NSTJ) ;A;Normal value
24021105IND01;RS213;Mačvanska oblast;00;2019;2;Female;33229;NR;number;SORS;Registered employment by sex and municipalities of residence (NSTJ) ;A;Normal value
24021105IND01;RS213;Mačvanska oblast;00;2018;0;Total;77199;NR;number;SORS;Registered employment by sex and municipalities of residence (NSTJ) ;A;Normal value
24021105IND01;RS213;Mačvanska oblast;00;2018;1;Male;45539;NR;number;SORS;Registered employment by sex and municipalities of residence (NSTJ) ;A;Normal value
24021105IND01;RS213;Mačvanska oblast;00;2018;2;Female;31661;NR;number;SORS;Registered employment by sex and municipalities of residence (NSTJ) ;A;Normal value
24021105IND01;RS213;Mačvanska oblast;00;2017;0;Total;73848;NR;number;SORS;Registered employment by sex and municipalities of residence (NSTJ) ;A;Normal value
24021105IND01;RS213;Mačvanska oblast;00;2017;1;Male;44251;NR;number;SORS;Registered employment by sex and municipalities of residence (NSTJ) ;A;Normal value
24021105IND01;RS213;Mačvanska oblast;00;2017;2;Female;29596;NR;number;SORS;Registered employment by sex and municipalities of residence (NSTJ) ;A;Normal value
24021105IND01;RS213;Mačvanska oblast;00;2016;0;Total;71229;NR;number;SORS;Registered employment by sex and municipalities of residence (NSTJ) ;A;Normal value
24021105IND01;RS213;Mačvanska oblast;00;2016;1;Male;43199;NR;number;SORS;Registered employment by sex and municipalities of residence (NSTJ) ;A;Normal value
24021105IND01;RS213;Mačvanska oblast;00;2016;2;Female;28030;NR;number;SORS;Registered employment by sex and municipalities of residence (NSTJ) ;A;Normal value
24021105IND01;RS214;Moravička oblast;00;2016;0;Total;58184;NR;number;SORS;Registered employment by sex and municipalities of residence (NSTJ) ;A;Normal value
24021105IND01;RS214;Moravička oblast;00;2016;1;Male;32733;NR;number;SORS;Registered employment by sex and municipalities of residence (NSTJ) ;A;Normal value
24021105IND01;RS214;Moravička oblast;00;2016;2;Female;25451;NR;number;SORS;Registered employment by sex and municipalities of residence (NSTJ) ;A;Normal value
24021105IND01;RS214;Moravička oblast;00;2017;0;Total;60131;NR;number;SORS;Registered employment by sex and municipalities of residence (NSTJ) ;A;Normal value
24021105IND01;RS214;Moravička oblast;00;2017;1;Male;33553;NR;number;SORS;Registered employment by sex and municipalities of residence (NSTJ) ;A;Normal value
24021105IND01;RS214;Moravička oblast;00;2017;2;Female;26578;NR;number;SORS;Registered employment by sex and municipalities of residence (NSTJ) ;A;Normal value
24021105IND01;RS214;Moravička oblast;00;2018;0;Total;62381;NR;number;SORS;Registered employment by sex and municipalities of residence (NSTJ) ;A;Normal value
24021105IND01;RS214;Moravička oblast;00;2018;1;Male;34556;NR;number;SORS;Registered employment by sex and municipalities of residence (NSTJ) ;A;Normal value
24021105IND01;RS214;Moravička oblast;00;2018;2;Female;27825;NR;number;SORS;Registered employment by sex and municipalities of residence (NSTJ) ;A;Normal value
24021105IND01;RS214;Moravička oblast;00;2019;0;Total;63609;NR;number;SORS;Registered employment by sex and municipalities of residence (NSTJ) ;A;Normal value
24021105IND01;RS214;Moravička oblast;00;2019;1;Male;35106;NR;number;SORS;Registered employment by sex and municipalities of residence (NSTJ) ;A;Normal value
24021105IND01;RS214;Moravička oblast;00;2019;2;Female;28503;NR;number;SORS;Registered employment by sex and municipalities of residence (NSTJ) ;A;Normal value
24021105IND01;RS214;Moravička oblast;00;2020;0;Total;64879;NR;number;SORS;Registered employment by sex and municipalities of residence (NSTJ) ;A;Normal value
24021105IND01;RS214;Moravička oblast;00;2020;1;Male;35667;NR;number;SORS;Registered employment by sex and municipalities of residence (NSTJ) ;A;Normal value
24021105IND01;RS214;Moravička oblast;00;2020;2;Female;29212;NR;number;SORS;Registered employment by sex and municipalities of residence (NSTJ) ;A;Normal value
24021105IND01;RS214;Moravička oblast;00;2021;0;Total;66075;NR;number;SORS;Registered employment by sex and municipalities of residence (NSTJ) ;A;Normal value
24021105IND01;RS214;Moravička oblast;00;2021;1;Male;36148;NR;number;SORS;Registered employment by sex and municipalities of residence (NSTJ) ;A;Normal value
24021105IND01;RS214;Moravička oblast;00;2021;2;Female;29927;NR;number;SORS;Registered employment by sex and municipalities of residence (NSTJ) ;A;Normal value
24021105IND01;RS214;Moravička oblast;00;2022;0;Total;66618;NR;number;SORS;Registered employment by sex and municipalities of residence (NSTJ) ;A;Normal value
24021105IND01;RS214;Moravička oblast;00;2022;1;Male;36091;NR;number;SORS;Registered employment by sex and municipalities of residence (NSTJ) ;A;Normal value
24021105IND01;RS214;Moravička oblast;00;2022;2;Female;30527;NR;number;SORS;Registered employment by sex and municipalities of residence (NSTJ) ;A;Normal value
24021105IND01;RS214;Moravička oblast;00;2023;0;Total;67838;NR;number;SORS;Registered employment by sex and municipalities of residence (NSTJ) ;A;Normal value
24021105IND01;RS214;Moravička oblast;00;2023;1;Male;36490;NR;number;SORS;Registered employment by sex and municipalities of residence (NSTJ) ;A;Normal value
24021105IND01;RS214;Moravička oblast;00;2023;2;Female;31348;NR;number;SORS;Registered employment by sex and municipalities of residence (NSTJ) ;A;Normal value
24021105IND01;RS214;Moravička oblast;00;2024;0;Total;67743;NR;number;SORS;Registered employment by sex and municipalities of residence (NSTJ) ;A;Normal value
24021105IND01;RS214;Moravička oblast;00;2024;1;Male;36226;NR;number;SORS;Registered employment by sex and municipalities of residence (NSTJ) ;A;Normal value
24021105IND01;RS214;Moravička oblast;00;2024;2;Female;31517;NR;number;SORS;Registered employment by sex and municipalities of residence (NSTJ) ;A;Normal value
24021105IND01;RS214;Moravička oblast;00;2025;0;Total;67236;NR;number;SORS;Registered employment by sex and municipalities of residence (NSTJ) ;A;Normal value
24021105IND01;RS214;Moravička oblast;00;2025;1;Male;35926;NR;number;SORS;Registered employment by sex and municipalities of residence (NSTJ) ;A;Normal value
24021105IND01;RS214;Moravička oblast;00;2025;2;Female;31310;NR;number;SORS;Registered employment by sex and municipalities of residence (NSTJ) ;A;Normal value
24021105IND01;RS215;Pomoravska oblast;00;2025;0;Total;54828;NR;number;SORS;Registered employment by sex and municipalities of residence (NSTJ) ;A;Normal value
24021105IND01;RS215;Pomoravska oblast;00;2025;1;Male;29308;NR;number;SORS;Registered employment by sex and municipalities of residence (NSTJ) ;A;Normal value
24021105IND01;RS215;Pomoravska oblast;00;2025;2;Female;25520;NR;number;SORS;Registered employment by sex and municipalities of residence (NSTJ) ;A;Normal value
24021105IND01;RS215;Pomoravska oblast;00;2024;0;Total;55069;NR;number;SORS;Registered employment by sex and municipalities of residence (NSTJ) ;A;Normal value
24021105IND01;RS215;Pomoravska oblast;00;2024;1;Male;29592;NR;number;SORS;Registered employment by sex and municipalities of residence (NSTJ) ;A;Normal value
24021105IND01;RS215;Pomoravska oblast;00;2024;2;Female;25476;NR;number;SORS;Registered employment by sex and municipalities of residence (NSTJ) ;A;Normal value
24021105IND01;RS215;Pomoravska oblast;00;2023;0;Total;54539;NR;number;SORS;Registered employment by sex and municipalities of residence (NSTJ) ;A;Normal value
24021105IND01;RS215;Pomoravska oblast;00;2023;1;Male;29508;NR;number;SORS;Registered employment by sex and municipalities of residence (NSTJ) ;A;Normal value
24021105IND01;RS215;Pomoravska oblast;00;2023;2;Female;25032;NR;number;SORS;Registered employment by sex and municipalities of residence (NSTJ) ;A;Normal value
24021105IND01;RS215;Pomoravska oblast;00;2022;0;Total;53652;NR;number;SORS;Registered employment by sex and municipalities of residence (NSTJ) ;A;Normal value
24021105IND01;RS215;Pomoravska oblast;00;2022;1;Male;29331;NR;number;SORS;Registered employment by sex and municipalities of residence (NSTJ) ;A;Normal value
24021105IND01;RS215;Pomoravska oblast;00;2022;2;Female;24322;NR;number;SORS;Registered employment by sex and municipalities of residence (NSTJ) ;A;Normal value
24021105IND01;RS215;Pomoravska oblast;00;2021;0;Total;52918;NR;number;SORS;Registered employment by sex and municipalities of residence (NSTJ) ;A;Normal value
24021105IND01;RS215;Pomoravska oblast;00;2021;1;Male;29149;NR;number;SORS;Registered employment by sex and municipalities of residence (NSTJ) ;A;Normal value
24021105IND01;RS215;Pomoravska oblast;00;2021;2;Female;23770;NR;number;SORS;Registered employment by sex and municipalities of residence (NSTJ) ;A;Normal value
24021105IND01;RS215;Pomoravska oblast;00;2020;0;Total;51482;NR;number;SORS;Registered employment by sex and municipalities of residence (NSTJ) ;A;Normal value
24021105IND01;RS215;Pomoravska oblast;00;2020;1;Male;28490;NR;number;SORS;Registered employment by sex and municipalities of residence (NSTJ) ;A;Normal value
24021105IND01;RS215;Pomoravska oblast;00;2020;2;Female;22992;NR;number;SORS;Registered employment by sex and municipalities of residence (NSTJ) ;A;Normal value
24021105IND01;RS215;Pomoravska oblast;00;2019;0;Total;50658;NR;number;SORS;Registered employment by sex and municipalities of residence (NSTJ) ;A;Normal value
24021105IND01;RS215;Pomoravska oblast;00;2019;1;Male;28079;NR;number;SORS;Registered employment by sex and municipalities of residence (NSTJ) ;A;Normal value
24021105IND01;RS215;Pomoravska oblast;00;2019;2;Female;22579;NR;number;SORS;Registered employment by sex and municipalities of residence (NSTJ) ;A;Normal value
24021105IND01;RS215;Pomoravska oblast;00;2018;0;Total;49998;NR;number;SORS;Registered employment by sex and municipalities of residence (NSTJ) ;A;Normal value
24021105IND01;RS215;Pomoravska oblast;00;2018;1;Male;27705;NR;number;SORS;Registered employment by sex and municipalities of residence (NSTJ) ;A;Normal value
24021105IND01;RS215;Pomoravska oblast;00;2018;2;Female;22293;NR;number;SORS;Registered employment by sex and municipalities of residence (NSTJ) ;A;Normal value
24021105IND01;RS215;Pomoravska oblast;00;2017;0;Total;48779;NR;number;SORS;Registered employment by sex and municipalities of residence (NSTJ) ;A;Normal value
24021105IND01;RS215;Pomoravska oblast;00;2017;1;Male;27161;NR;number;SORS;Registered employment by sex and municipalities of residence (NSTJ) ;A;Normal value
24021105IND01;RS215;Pomoravska oblast;00;2017;2;Female;21619;NR;number;SORS;Registered employment by sex and municipalities of residence (NSTJ) ;A;Normal value
24021105IND01;RS215;Pomoravska oblast;00;2016;0;Total;48265;NR;number;SORS;Registered employment by sex and municipalities of residence (NSTJ) ;A;Normal value
24021105IND01;RS215;Pomoravska oblast;00;2016;1;Male;27126;NR;number;SORS;Registered employment by sex and municipalities of residence (NSTJ) ;A;Normal value
24021105IND01;RS215;Pomoravska oblast;00;2016;2;Female;21140;NR;number;SORS;Registered employment by sex and municipalities of residence (NSTJ) ;A;Normal value
24021105IND01;RS216;Rasinska oblast;00;2016;0;Total;56808;NR;number;SORS;Registered employment by sex and municipalities of residence (NSTJ) ;A;Normal value
24021105IND01;RS216;Rasinska oblast;00;2016;1;Male;32768;NR;number;SORS;Registered employment by sex and municipalities of residence (NSTJ) ;A;Normal value
24021105IND01;RS216;Rasinska oblast;00;2016;2;Female;24040;NR;number;SORS;Registered employment by sex and municipalities of residence (NSTJ) ;A;Normal value
24021105IND01;RS216;Rasinska oblast;00;2017;0;Total;58367;NR;number;SORS;Registered employment by sex and municipalities of residence (NSTJ) ;A;Normal value
24021105IND01;RS216;Rasinska oblast;00;2017;1;Male;33552;NR;number;SORS;Registered employment by sex and municipalities of residence (NSTJ) ;A;Normal value
24021105IND01;RS216;Rasinska oblast;00;2017;2;Female;24815;NR;number;SORS;Registered employment by sex and municipalities of residence (NSTJ) ;A;Normal value
24021105IND01;RS216;Rasinska oblast;00;2018;0;Total;59972;NR;number;SORS;Registered employment by sex and municipalities of residence (NSTJ) ;A;Normal value
24021105IND01;RS216;Rasinska oblast;00;2018;1;Male;34233;NR;number;SORS;Registered employment by sex and municipalities of residence (NSTJ) ;A;Normal value
24021105IND01;RS216;Rasinska oblast;00;2018;2;Female;25739;NR;number;SORS;Registered employment by sex and municipalities of residence (NSTJ) ;A;Normal value
24021105IND01;RS216;Rasinska oblast;00;2019;0;Total;61500;NR;number;SORS;Registered employment by sex and municipalities of residence (NSTJ) ;A;Normal value
24021105IND01;RS216;Rasinska oblast;00;2019;1;Male;34817;NR;number;SORS;Registered employment by sex and municipalities of residence (NSTJ) ;A;Normal value
24021105IND01;RS216;Rasinska oblast;00;2019;2;Female;26683;NR;number;SORS;Registered employment by sex and municipalities of residence (NSTJ) ;A;Normal value
24021105IND01;RS216;Rasinska oblast;00;2020;0;Total;62340;NR;number;SORS;Registered employment by sex and municipalities of residence (NSTJ) ;A;Normal value
24021105IND01;RS216;Rasinska oblast;00;2020;1;Male;35068;NR;number;SORS;Registered employment by sex and municipalities of residence (NSTJ) ;A;Normal value
24021105IND01;RS216;Rasinska oblast;00;2020;2;Female;27271;NR;number;SORS;Registered employment by sex and municipalities of residence (NSTJ) ;A;Normal value
24021105IND01;RS216;Rasinska oblast;00;2021;0;Total;65729;NR;number;SORS;Registered employment by sex and municipalities of residence (NSTJ) ;A;Normal value
24021105IND01;RS216;Rasinska oblast;00;2021;1;Male;36650;NR;number;SORS;Registered employment by sex and municipalities of residence (NSTJ) ;A;Normal value
24021105IND01;RS216;Rasinska oblast;00;2021;2;Female;29078;NR;number;SORS;Registered employment by sex and municipalities of residence (NSTJ) ;A;Normal value
24021105IND01;RS216;Rasinska oblast;00;2022;0;Total;67566;NR;number;SORS;Registered employment by sex and municipalities of residence (NSTJ) ;A;Normal value
24021105IND01;RS216;Rasinska oblast;00;2022;1;Male;37954;NR;number;SORS;Registered employment by sex and municipalities of residence (NSTJ) ;A;Normal value
24021105IND01;RS216;Rasinska oblast;00;2022;2;Female;29612;NR;number;SORS;Registered employment by sex and municipalities of residence (NSTJ) ;A;Normal value
24021105IND01;RS216;Rasinska oblast;00;2023;0;Total;68509;NR;number;SORS;Registered employment by sex and municipalities of residence (NSTJ) ;A;Normal value
24021105IND01;RS216;Rasinska oblast;00;2023;1;Male;38350;NR;number;SORS;Registered employment by sex and municipalities of residence (NSTJ) ;A;Normal value
24021105IND01;RS216;Rasinska oblast;00;2023;2;Female;30159;NR;number;SORS;Registered employment by sex and municipalities of residence (NSTJ) ;A;Normal value
24021105IND01;RS216;Rasinska oblast;00;2024;0;Total;69090;NR;number;SORS;Registered employment by sex and municipalities of residence (NSTJ) ;A;Normal value
24021105IND01;RS216;Rasinska oblast;00;2024;1;Male;38491;NR;number;SORS;Registered employment by sex and municipalities of residence (NSTJ) ;A;Normal value
24021105IND01;RS216;Rasinska oblast;00;2024;2;Female;30598;NR;number;SORS;Registered employment by sex and municipalities of residence (NSTJ) ;A;Normal value
24021105IND01;RS216;Rasinska oblast;00;2025;0;Total;68771;NR;number;SORS;Registered employment by sex and municipalities of residence (NSTJ) ;A;Normal value
24021105IND01;RS216;Rasinska oblast;00;2025;1;Male;38137;NR;number;SORS;Registered employment by sex and municipalities of residence (NSTJ) ;A;Normal value
24021105IND01;RS216;Rasinska oblast;00;2025;2;Female;30634;NR;number;SORS;Registered employment by sex and municipalities of residence (NSTJ) ;A;Normal value
24021105IND01;RS217;Raška oblast;00;2025;0;Total;80318;NR;number;SORS;Registered employment by sex and municipalities of residence (NSTJ) ;A;Normal value
24021105IND01;RS217;Raška oblast;00;2025;1;Male;43513;NR;number;SORS;Registered employment by sex and municipalities of residence (NSTJ) ;A;Normal value
24021105IND01;RS217;Raška oblast;00;2025;2;Female;36806;NR;number;SORS;Registered employment by sex and municipalities of residence (NSTJ) ;A;Normal value
24021105IND01;RS217;Raška oblast;00;2024;0;Total;80238;NR;number;SORS;Registered employment by sex and municipalities of residence (NSTJ) ;A;Normal value
24021105IND01;RS217;Raška oblast;00;2024;1;Male;43596;NR;number;SORS;Registered employment by sex and municipalities of residence (NSTJ) ;A;Normal value
24021105IND01;RS217;Raška oblast;00;2024;2;Female;36643;NR;number;SORS;Registered employment by sex and municipalities of residence (NSTJ) ;A;Normal value
24021105IND01;RS217;Raška oblast;00;2023;0;Total;80365;NR;number;SORS;Registered employment by sex and municipalities of residence (NSTJ) ;A;Normal value
24021105IND01;RS217;Raška oblast;00;2023;1;Male;43830;NR;number;SORS;Registered employment by sex and municipalities of residence (NSTJ) ;A;Normal value
24021105IND01;RS217;Raška oblast;00;2023;2;Female;36535;NR;number;SORS;Registered employment by sex and municipalities of residence (NSTJ) ;A;Normal value
24021105IND01;RS217;Raška oblast;00;2022;0;Total;78997;NR;number;SORS;Registered employment by sex and municipalities of residence (NSTJ) ;A;Normal value
24021105IND01;RS217;Raška oblast;00;2022;1;Male;43487;NR;number;SORS;Registered employment by sex and municipalities of residence (NSTJ) ;A;Normal value
24021105IND01;RS217;Raška oblast;00;2022;2;Female;35509;NR;number;SORS;Registered employment by sex and municipalities of residence (NSTJ) ;A;Normal value
24021105IND01;RS217;Raška oblast;00;2021;0;Total;77867;NR;number;SORS;Registered employment by sex and municipalities of residence (NSTJ) ;A;Normal value
24021105IND01;RS217;Raška oblast;00;2021;1;Male;43452;NR;number;SORS;Registered employment by sex and municipalities of residence (NSTJ) ;A;Normal value
24021105IND01;RS217;Raška oblast;00;2021;2;Female;34415;NR;number;SORS;Registered employment by sex and municipalities of residence (NSTJ) ;A;Normal value
24021105IND01;RS217;Raška oblast;00;2020;0;Total;74659;NR;number;SORS;Registered employment by sex and municipalities of residence (NSTJ) ;A;Normal value
24021105IND01;RS217;Raška oblast;00;2020;1;Male;42220;NR;number;SORS;Registered employment by sex and municipalities of residence (NSTJ) ;A;Normal value
24021105IND01;RS217;Raška oblast;00;2020;2;Female;32439;NR;number;SORS;Registered employment by sex and municipalities of residence (NSTJ) ;A;Normal value
24021105IND01;RS217;Raška oblast;00;2019;0;Total;72479;NR;number;SORS;Registered employment by sex and municipalities of residence (NSTJ) ;A;Normal value
24021105IND01;RS217;Raška oblast;00;2019;1;Male;41260;NR;number;SORS;Registered employment by sex and municipalities of residence (NSTJ) ;A;Normal value
24021105IND01;RS217;Raška oblast;00;2019;2;Female;31219;NR;number;SORS;Registered employment by sex and municipalities of residence (NSTJ) ;A;Normal value
24021105IND01;RS217;Raška oblast;00;2018;0;Total;70863;NR;number;SORS;Registered employment by sex and municipalities of residence (NSTJ) ;A;Normal value
24021105IND01;RS217;Raška oblast;00;2018;1;Male;40433;NR;number;SORS;Registered employment by sex and municipalities of residence (NSTJ) ;A;Normal value
24021105IND01;RS217;Raška oblast;00;2018;2;Female;30430;NR;number;SORS;Registered employment by sex and municipalities of residence (NSTJ) ;A;Normal value
24021105IND01;RS217;Raška oblast;00;2017;0;Total;68820;NR;number;SORS;Registered employment by sex and municipalities of residence (NSTJ) ;A;Normal value
24021105IND01;RS217;Raška oblast;00;2017;1;Male;39483;NR;number;SORS;Registered employment by sex and municipalities of residence (NSTJ) ;A;Normal value
24021105IND01;RS217;Raška oblast;00;2017;2;Female;29336;NR;number;SORS;Registered employment by sex and municipalities of residence (NSTJ) ;A;Normal value
24021105IND01;RS217;Raška oblast;00;2016;0;Total;66553;NR;number;SORS;Registered employment by sex and municipalities of residence (NSTJ) ;A;Normal value
24021105IND01;RS217;Raška oblast;00;2016;1;Male;38568;NR;number;SORS;Registered employment by sex and municipalities of residence (NSTJ) ;A;Normal value
24021105IND01;RS217;Raška oblast;00;2016;2;Female;27985;NR;number;SORS;Registered employment by sex and municipalities of residence (NSTJ) ;A;Normal value
24021105IND01;RS218;Šumadijska oblast;00;2016;0;Total;79544;NR;number;SORS;Registered employment by sex and municipalities of residence (NSTJ) ;A;Normal value
24021105IND01;RS218;Šumadijska oblast;00;2016;1;Male;44928;NR;number;SORS;Registered employment by sex and municipalities of residence (NSTJ) ;A;Normal value
24021105IND01;RS218;Šumadijska oblast;00;2016;2;Female;34617;NR;number;SORS;Registered employment by sex and municipalities of residence (NSTJ) ;A;Normal value
24021105IND01;RS218;Šumadijska oblast;00;2017;0;Total;81309;NR;number;SORS;Registered employment by sex and municipalities of residence (NSTJ) ;A;Normal value
24021105IND01;RS218;Šumadijska oblast;00;2017;1;Male;45466;NR;number;SORS;Registered employment by sex and municipalities of residence (NSTJ) ;A;Normal value
24021105IND01;RS218;Šumadijska oblast;00;2017;2;Female;35843;NR;number;SORS;Registered employment by sex and municipalities of residence (NSTJ) ;A;Normal value
24021105IND01;RS218;Šumadijska oblast;00;2018;0;Total;83779;NR;number;SORS;Registered employment by sex and municipalities of residence (NSTJ) ;A;Normal value
24021105IND01;RS218;Šumadijska oblast;00;2018;1;Male;46576;NR;number;SORS;Registered employment by sex and municipalities of residence (NSTJ) ;A;Normal value
24021105IND01;RS218;Šumadijska oblast;00;2018;2;Female;37203;NR;number;SORS;Registered employment by sex and municipalities of residence (NSTJ) ;A;Normal value
24021105IND01;RS218;Šumadijska oblast;00;2019;0;Total;85489;NR;number;SORS;Registered employment by sex and municipalities of residence (NSTJ) ;A;Normal value
24021105IND01;RS218;Šumadijska oblast;00;2019;1;Male;47373;NR;number;SORS;Registered employment by sex and municipalities of residence (NSTJ) ;A;Normal value
24021105IND01;RS218;Šumadijska oblast;00;2019;2;Female;38116;NR;number;SORS;Registered employment by sex and municipalities of residence (NSTJ) ;A;Normal value
24021105IND01;RS218;Šumadijska oblast;00;2020;0;Total;87589;NR;number;SORS;Registered employment by sex and municipalities of residence (NSTJ) ;A;Normal value
24021105IND01;RS218;Šumadijska oblast;00;2020;1;Male;48373;NR;number;SORS;Registered employment by sex and municipalities of residence (NSTJ) ;A;Normal value
24021105IND01;RS218;Šumadijska oblast;00;2020;2;Female;39216;NR;number;SORS;Registered employment by sex and municipalities of residence (NSTJ) ;A;Normal value
24021105IND01;RS218;Šumadijska oblast;00;2021;0;Total;90180;NR;number;SORS;Registered employment by sex and municipalities of residence (NSTJ) ;A;Normal value
24021105IND01;RS218;Šumadijska oblast;00;2021;1;Male;49410;NR;number;SORS;Registered employment by sex and municipalities of residence (NSTJ) ;A;Normal value
24021105IND01;RS218;Šumadijska oblast;00;2021;2;Female;40770;NR;number;SORS;Registered employment by sex and municipalities of residence (NSTJ) ;A;Normal value
24021105IND01;RS218;Šumadijska oblast;00;2022;0;Total;91208;NR;number;SORS;Registered employment by sex and municipalities of residence (NSTJ) ;A;Normal value
24021105IND01;RS218;Šumadijska oblast;00;2022;1;Male;49144;NR;number;SORS;Registered employment by sex and municipalities of residence (NSTJ) ;A;Normal value
24021105IND01;RS218;Šumadijska oblast;00;2022;2;Female;42064;NR;number;SORS;Registered employment by sex and municipalities of residence (NSTJ) ;A;Normal value
24021105IND01;RS218;Šumadijska oblast;00;2023;0;Total;93091;NR;number;SORS;Registered employment by sex and municipalities of residence (NSTJ) ;A;Normal value
24021105IND01;RS218;Šumadijska oblast;00;2023;1;Male;49512;NR;number;SORS;Registered employment by sex and municipalities of residence (NSTJ) ;A;Normal value
24021105IND01;RS218;Šumadijska oblast;00;2023;2;Female;43580;NR;number;SORS;Registered employment by sex and municipalities of residence (NSTJ) ;A;Normal value
24021105IND01;RS218;Šumadijska oblast;00;2024;0;Total;94288;NR;number;SORS;Registered employment by sex and municipalities of residence (NSTJ) ;A;Normal value
24021105IND01;RS218;Šumadijska oblast;00;2024;1;Male;49741;NR;number;SORS;Registered employment by sex and municipalities of residence (NSTJ) ;A;Normal value
24021105IND01;RS218;Šumadijska oblast;00;2024;2;Female;44547;NR;number;SORS;Registered employment by sex and municipalities of residence (NSTJ) ;A;Normal value
24021105IND01;RS218;Šumadijska oblast;00;2025;0;Total;96289;NR;number;SORS;Registered employment by sex and municipalities of residence (NSTJ) ;A;Normal value
24021105IND01;RS218;Šumadijska oblast;00;2025;1;Male;50856;NR;number;SORS;Registered employment by sex and municipalities of residence (NSTJ) ;A;Normal value
24021105IND01;RS218;Šumadijska oblast;00;2025;2;Female;45433;NR;number;SORS;Registered employment by sex and municipalities of residence (NSTJ) ;A;Normal value
24021105IND01;RS22;Region Južne i Istočne Srbije;00;2025;0;Total;434692;NR;number;SORS;Registered employment by sex and municipalities of residence (NSTJ) ;A;Normal value
24021105IND01;RS22;Region Južne i Istočne Srbije;00;2025;1;Male;236906;NR;number;SORS;Registered employment by sex and municipalities of residence (NSTJ) ;A;Normal value
24021105IND01;RS22;Region Južne i Istočne Srbije;00;2025;2;Female;197786;NR;number;SORS;Registered employment by sex and municipalities of residence (NSTJ) ;A;Normal value
24021105IND01;RS22;Region Južne i Istočne Srbije;00;2024;0;Total;440022;NR;number;SORS;Registered employment by sex and municipalities of residence (NSTJ) ;A;Normal value
24021105IND01;RS22;Region Južne i Istočne Srbije;00;2024;1;Male;240072;NR;number;SORS;Registered employment by sex and municipalities of residence (NSTJ) ;A;Normal value
24021105IND01;RS22;Region Južne i Istočne Srbije;00;2024;2;Female;199950;NR;number;SORS;Registered employment by sex and municipalities of residence (NSTJ) ;A;Normal value
24021105IND01;RS22;Region Južne i Istočne Srbije;00;2023;0;Total;441723;NR;number;SORS;Registered employment by sex and municipalities of residence (NSTJ) ;A;Normal value
24021105IND01;RS22;Region Južne i Istočne Srbije;00;2023;1;Male;241388;NR;number;SORS;Registered employment by sex and municipalities of residence (NSTJ) ;A;Normal value
24021105IND01;RS22;Region Južne i Istočne Srbije;00;2023;2;Female;200335;NR;number;SORS;Registered employment by sex and municipalities of residence (NSTJ) ;A;Normal value
24021105IND01;RS22;Region Južne i Istočne Srbije;00;2022;0;Total;436016;NR;number;SORS;Registered employment by sex and municipalities of residence (NSTJ) ;A;Normal value
24021105IND01;RS22;Region Južne i Istočne Srbije;00;2022;1;Male;239832;NR;number;SORS;Registered employment by sex and municipalities of residence (NSTJ) ;A;Normal value
24021105IND01;RS22;Region Južne i Istočne Srbije;00;2022;2;Female;196183;NR;number;SORS;Registered employment by sex and municipalities of residence (NSTJ) ;A;Normal value
24021105IND01;RS22;Region Južne i Istočne Srbije;00;2021;0;Total;427978;NR;number;SORS;Registered employment by sex and municipalities of residence (NSTJ) ;A;Normal value
24021105IND01;RS22;Region Južne i Istočne Srbije;00;2021;1;Male;237585;NR;number;SORS;Registered employment by sex and municipalities of residence (NSTJ) ;A;Normal value
24021105IND01;RS22;Region Južne i Istočne Srbije;00;2021;2;Female;190393;NR;number;SORS;Registered employment by sex and municipalities of residence (NSTJ) ;A;Normal value
24021105IND01;RS22;Region Južne i Istočne Srbije;00;2020;0;Total;415027;NR;number;SORS;Registered employment by sex and municipalities of residence (NSTJ) ;A;Normal value
24021105IND01;RS22;Region Južne i Istočne Srbije;00;2020;1;Male;231472;NR;number;SORS;Registered employment by sex and municipalities of residence (NSTJ) ;A;Normal value
24021105IND01;RS22;Region Južne i Istočne Srbije;00;2020;2;Female;183555;NR;number;SORS;Registered employment by sex and municipalities of residence (NSTJ) ;A;Normal value
24021105IND01;RS22;Region Južne i Istočne Srbije;00;2019;0;Total;406264;NR;number;SORS;Registered employment by sex and municipalities of residence (NSTJ) ;A;Normal value
24021105IND01;RS22;Region Južne i Istočne Srbije;00;2019;1;Male;227376;NR;number;SORS;Registered employment by sex and municipalities of residence (NSTJ) ;A;Normal value
24021105IND01;RS22;Region Južne i Istočne Srbije;00;2019;2;Female;178888;NR;number;SORS;Registered employment by sex and municipalities of residence (NSTJ) ;A;Normal value
24021105IND01;RS22;Region Južne i Istočne Srbije;00;2018;0;Total;398847;NR;number;SORS;Registered employment by sex and municipalities of residence (NSTJ) ;A;Normal value
24021105IND01;RS22;Region Južne i Istočne Srbije;00;2018;1;Male;223642;NR;number;SORS;Registered employment by sex and municipalities of residence (NSTJ) ;A;Normal value
24021105IND01;RS22;Region Južne i Istočne Srbije;00;2018;2;Female;175205;NR;number;SORS;Registered employment by sex and municipalities of residence (NSTJ) ;A;Normal value
24021105IND01;RS22;Region Južne i Istočne Srbije;00;2017;0;Total;387676;NR;number;SORS;Registered employment by sex and municipalities of residence (NSTJ) ;A;Normal value
24021105IND01;RS22;Region Južne i Istočne Srbije;00;2017;1;Male;218874;NR;number;SORS;Registered employment by sex and municipalities of residence (NSTJ) ;A;Normal value
24021105IND01;RS22;Region Južne i Istočne Srbije;00;2017;2;Female;168802;NR;number;SORS;Registered employment by sex and municipalities of residence (NSTJ) ;A;Normal value
24021105IND01;RS22;Region Južne i Istočne Srbije;00;2016;0;Total;378964;NR;number;SORS;Registered employment by sex and municipalities of residence (NSTJ) ;A;Normal value
24021105IND01;RS22;Region Južne i Istočne Srbije;00;2016;1;Male;215668;NR;number;SORS;Registered employment by sex and municipalities of residence (NSTJ) ;A;Normal value
24021105IND01;RS22;Region Južne i Istočne Srbije;00;2016;2;Female;163296;NR;number;SORS;Registered employment by sex and municipalities of residence (NSTJ) ;A;Normal value
24021105IND01;RS221;Borska oblast;00;2016;0;Total;30044;NR;number;SORS;Registered employment by sex and municipalities of residence (NSTJ) ;A;Normal value
24021105IND01;RS221;Borska oblast;00;2016;1;Male;17968;NR;number;SORS;Registered employment by sex and municipalities of residence (NSTJ) ;A;Normal value
24021105IND01;RS221;Borska oblast;00;2016;2;Female;12076;NR;number;SORS;Registered employment by sex and municipalities of residence (NSTJ) ;A;Normal value
24021105IND01;RS221;Borska oblast;00;2017;0;Total;30178;NR;number;SORS;Registered employment by sex and municipalities of residence (NSTJ) ;A;Normal value
24021105IND01;RS221;Borska oblast;00;2017;1;Male;18026;NR;number;SORS;Registered employment by sex and municipalities of residence (NSTJ) ;A;Normal value
24021105IND01;RS221;Borska oblast;00;2017;2;Female;12152;NR;number;SORS;Registered employment by sex and municipalities of residence (NSTJ) ;A;Normal value
24021105IND01;RS221;Borska oblast;00;2018;0;Total;30277;NR;number;SORS;Registered employment by sex and municipalities of residence (NSTJ) ;A;Normal value
24021105IND01;RS221;Borska oblast;00;2018;1;Male;18062;NR;number;SORS;Registered employment by sex and municipalities of residence (NSTJ) ;A;Normal value
24021105IND01;RS221;Borska oblast;00;2018;2;Female;12215;NR;number;SORS;Registered employment by sex and municipalities of residence (NSTJ) ;A;Normal value
24021105IND01;RS221;Borska oblast;00;2019;0;Total;30293;NR;number;SORS;Registered employment by sex and municipalities of residence (NSTJ) ;A;Normal value
24021105IND01;RS221;Borska oblast;00;2019;1;Male;17972;NR;number;SORS;Registered employment by sex and municipalities of residence (NSTJ) ;A;Normal value
24021105IND01;RS221;Borska oblast;00;2019;2;Female;12322;NR;number;SORS;Registered employment by sex and municipalities of residence (NSTJ) ;A;Normal value
24021105IND01;RS221;Borska oblast;00;2020;0;Total;30636;NR;number;SORS;Registered employment by sex and municipalities of residence (NSTJ) ;A;Normal value
24021105IND01;RS221;Borska oblast;00;2020;1;Male;18147;NR;number;SORS;Registered employment by sex and municipalities of residence (NSTJ) ;A;Normal value
24021105IND01;RS221;Borska oblast;00;2020;2;Female;12489;NR;number;SORS;Registered employment by sex and municipalities of residence (NSTJ) ;A;Normal value
24021105IND01;RS221;Borska oblast;00;2021;0;Total;31953;NR;number;SORS;Registered employment by sex and municipalities of residence (NSTJ) ;A;Normal value
24021105IND01;RS221;Borska oblast;00;2021;1;Male;18974;NR;number;SORS;Registered employment by sex and municipalities of residence (NSTJ) ;A;Normal value
24021105IND01;RS221;Borska oblast;00;2021;2;Female;12979;NR;number;SORS;Registered employment by sex and municipalities of residence (NSTJ) ;A;Normal value
24021105IND01;RS221;Borska oblast;00;2022;0;Total;33404;NR;number;SORS;Registered employment by sex and municipalities of residence (NSTJ) ;A;Normal value
24021105IND01;RS221;Borska oblast;00;2022;1;Male;19899;NR;number;SORS;Registered employment by sex and municipalities of residence (NSTJ) ;A;Normal value
24021105IND01;RS221;Borska oblast;00;2022;2;Female;13505;NR;number;SORS;Registered employment by sex and municipalities of residence (NSTJ) ;A;Normal value
24021105IND01;RS221;Borska oblast;00;2023;0;Total;34539;NR;number;SORS;Registered employment by sex and municipalities of residence (NSTJ) ;A;Normal value
24021105IND01;RS221;Borska oblast;00;2023;1;Male;20556;NR;number;SORS;Registered employment by sex and municipalities of residence (NSTJ) ;A;Normal value
24021105IND01;RS221;Borska oblast;00;2023;2;Female;13983;NR;number;SORS;Registered employment by sex and municipalities of residence (NSTJ) ;A;Normal value
24021105IND01;RS221;Borska oblast;00;2024;0;Total;34984;NR;number;SORS;Registered employment by sex and municipalities of residence (NSTJ) ;A;Normal value
24021105IND01;RS221;Borska oblast;00;2024;1;Male;20860;NR;number;SORS;Registered employment by sex and municipalities of residence (NSTJ) ;A;Normal value
24021105IND01;RS221;Borska oblast;00;2024;2;Female;14125;NR;number;SORS;Registered employment by sex and municipalities of residence (NSTJ) ;A;Normal value
24021105IND01;RS221;Borska oblast;00;2025;0;Total;34712;NR;number;SORS;Registered employment by sex and municipalities of residence (NSTJ) ;A;Normal value
24021105IND01;RS221;Borska oblast;00;2025;1;Male;20798;NR;number;SORS;Registered employment by sex and municipalities of residence (NSTJ) ;A;Normal value
24021105IND01;RS221;Borska oblast;00;2025;2;Female;13915;NR;number;SORS;Registered employment by sex and municipalities of residence (NSTJ) ;A;Normal value
24021105IND01;RS222;Braničevska oblast;00;2025;0;Total;45695;NR;number;SORS;Registered employment by sex and municipalities of residence (NSTJ) ;A;Normal value
24021105IND01;RS222;Braničevska oblast;00;2025;1;Male;25747;NR;number;SORS;Registered employment by sex and municipalities of residence (NSTJ) ;A;Normal value
24021105IND01;RS222;Braničevska oblast;00;2025;2;Female;19948;NR;number;SORS;Registered employment by sex and municipalities of residence (NSTJ) ;A;Normal value
24021105IND01;RS222;Braničevska oblast;00;2024;0;Total;46132;NR;number;SORS;Registered employment by sex and municipalities of residence (NSTJ) ;A;Normal value
24021105IND01;RS222;Braničevska oblast;00;2024;1;Male;26118;NR;number;SORS;Registered employment by sex and municipalities of residence (NSTJ) ;A;Normal value
24021105IND01;RS222;Braničevska oblast;00;2024;2;Female;20014;NR;number;SORS;Registered employment by sex and municipalities of residence (NSTJ) ;A;Normal value
24021105IND01;RS222;Braničevska oblast;00;2023;0;Total;46507;NR;number;SORS;Registered employment by sex and municipalities of residence (NSTJ) ;A;Normal value
24021105IND01;RS222;Braničevska oblast;00;2023;1;Male;26429;NR;number;SORS;Registered employment by sex and municipalities of residence (NSTJ) ;A;Normal value
24021105IND01;RS222;Braničevska oblast;00;2023;2;Female;20079;NR;number;SORS;Registered employment by sex and municipalities of residence (NSTJ) ;A;Normal value
24021105IND01;RS222;Braničevska oblast;00;2022;0;Total;45493;NR;number;SORS;Registered employment by sex and municipalities of residence (NSTJ) ;A;Normal value
24021105IND01;RS222;Braničevska oblast;00;2022;1;Male;25951;NR;number;SORS;Registered employment by sex and municipalities of residence (NSTJ) ;A;Normal value
24021105IND01;RS222;Braničevska oblast;00;2022;2;Female;19542;NR;number;SORS;Registered employment by sex and municipalities of residence (NSTJ) ;A;Normal value
24021105IND01;RS222;Braničevska oblast;00;2021;0;Total;44651;NR;number;SORS;Registered employment by sex and municipalities of residence (NSTJ) ;A;Normal value
24021105IND01;RS222;Braničevska oblast;00;2021;1;Male;25633;NR;number;SORS;Registered employment by sex and municipalities of residence (NSTJ) ;A;Normal value
24021105IND01;RS222;Braničevska oblast;00;2021;2;Female;19018;NR;number;SORS;Registered employment by sex and municipalities of residence (NSTJ) ;A;Normal value
24021105IND01;RS222;Braničevska oblast;00;2020;0;Total;44073;NR;number;SORS;Registered employment by sex and municipalities of residence (NSTJ) ;A;Normal value
24021105IND01;RS222;Braničevska oblast;00;2020;1;Male;25455;NR;number;SORS;Registered employment by sex and municipalities of residence (NSTJ) ;A;Normal value
24021105IND01;RS222;Braničevska oblast;00;2020;2;Female;18617;NR;number;SORS;Registered employment by sex and municipalities of residence (NSTJ) ;A;Normal value
24021105IND01;RS222;Braničevska oblast;00;2019;0;Total;43561;NR;number;SORS;Registered employment by sex and municipalities of residence (NSTJ) ;A;Normal value
24021105IND01;RS222;Braničevska oblast;00;2019;1;Male;25295;NR;number;SORS;Registered employment by sex and municipalities of residence (NSTJ) ;A;Normal value
24021105IND01;RS222;Braničevska oblast;00;2019;2;Female;18266;NR;number;SORS;Registered employment by sex and municipalities of residence (NSTJ) ;A;Normal value
24021105IND01;RS222;Braničevska oblast;00;2018;0;Total;43328;NR;number;SORS;Registered employment by sex and municipalities of residence (NSTJ) ;A;Normal value
24021105IND01;RS222;Braničevska oblast;00;2018;1;Male;25275;NR;number;SORS;Registered employment by sex and municipalities of residence (NSTJ) ;A;Normal value
24021105IND01;RS222;Braničevska oblast;00;2018;2;Female;18053;NR;number;SORS;Registered employment by sex and municipalities of residence (NSTJ) ;A;Normal value
24021105IND01;RS222;Braničevska oblast;00;2017;0;Total;42620;NR;number;SORS;Registered employment by sex and municipalities of residence (NSTJ) ;A;Normal value
24021105IND01;RS222;Braničevska oblast;00;2017;1;Male;25053;NR;number;SORS;Registered employment by sex and municipalities of residence (NSTJ) ;A;Normal value
24021105IND01;RS222;Braničevska oblast;00;2017;2;Female;17567;NR;number;SORS;Registered employment by sex and municipalities of residence (NSTJ) ;A;Normal value
24021105IND01;RS222;Braničevska oblast;00;2016;0;Total;42377;NR;number;SORS;Registered employment by sex and municipalities of residence (NSTJ) ;A;Normal value
24021105IND01;RS222;Braničevska oblast;00;2016;1;Male;25111;NR;number;SORS;Registered employment by sex and municipalities of residence (NSTJ) ;A;Normal value
24021105IND01;RS222;Braničevska oblast;00;2016;2;Female;17266;NR;number;SORS;Registered employment by sex and municipalities of residence (NSTJ) ;A;Normal value
24021105IND01;RS223;Zaječarska oblast;00;2016;0;Total;25787;NR;number;SORS;Registered employment by sex and municipalities of residence (NSTJ) ;A;Normal value
24021105IND01;RS223;Zaječarska oblast;00;2016;1;Male;14613;NR;number;SORS;Registered employment by sex and municipalities of residence (NSTJ) ;A;Normal value
24021105IND01;RS223;Zaječarska oblast;00;2016;2;Female;11174;NR;number;SORS;Registered employment by sex and municipalities of residence (NSTJ) ;A;Normal value
24021105IND01;RS223;Zaječarska oblast;00;2017;0;Total;25992;NR;number;SORS;Registered employment by sex and municipalities of residence (NSTJ) ;A;Normal value
24021105IND01;RS223;Zaječarska oblast;00;2017;1;Male;14713;NR;number;SORS;Registered employment by sex and municipalities of residence (NSTJ) ;A;Normal value
24021105IND01;RS223;Zaječarska oblast;00;2017;2;Female;11279;NR;number;SORS;Registered employment by sex and municipalities of residence (NSTJ) ;A;Normal value
24021105IND01;RS223;Zaječarska oblast;00;2018;0;Total;26132;NR;number;SORS;Registered employment by sex and municipalities of residence (NSTJ) ;A;Normal value
24021105IND01;RS223;Zaječarska oblast;00;2018;1;Male;14709;NR;number;SORS;Registered employment by sex and municipalities of residence (NSTJ) ;A;Normal value
24021105IND01;RS223;Zaječarska oblast;00;2018;2;Female;11423;NR;number;SORS;Registered employment by sex and municipalities of residence (NSTJ) ;A;Normal value
24021105IND01;RS223;Zaječarska oblast;00;2019;0;Total;26239;NR;number;SORS;Registered employment by sex and municipalities of residence (NSTJ) ;A;Normal value
24021105IND01;RS223;Zaječarska oblast;00;2019;1;Male;14756;NR;number;SORS;Registered employment by sex and municipalities of residence (NSTJ) ;A;Normal value
24021105IND01;RS223;Zaječarska oblast;00;2019;2;Female;11483;NR;number;SORS;Registered employment by sex and municipalities of residence (NSTJ) ;A;Normal value
24021105IND01;RS223;Zaječarska oblast;00;2020;0;Total;26428;NR;number;SORS;Registered employment by sex and municipalities of residence (NSTJ) ;A;Normal value
24021105IND01;RS223;Zaječarska oblast;00;2020;1;Male;14843;NR;number;SORS;Registered employment by sex and municipalities of residence (NSTJ) ;A;Normal value
24021105IND01;RS223;Zaječarska oblast;00;2020;2;Female;11585;NR;number;SORS;Registered employment by sex and municipalities of residence (NSTJ) ;A;Normal value
24021105IND01;RS223;Zaječarska oblast;00;2021;0;Total;27444;NR;number;SORS;Registered employment by sex and municipalities of residence (NSTJ) ;A;Normal value
24021105IND01;RS223;Zaječarska oblast;00;2021;1;Male;15431;NR;number;SORS;Registered employment by sex and municipalities of residence (NSTJ) ;A;Normal value
24021105IND01;RS223;Zaječarska oblast;00;2021;2;Female;12013;NR;number;SORS;Registered employment by sex and municipalities of residence (NSTJ) ;A;Normal value
24021105IND01;RS223;Zaječarska oblast;00;2022;0;Total;28503;NR;number;SORS;Registered employment by sex and municipalities of residence (NSTJ) ;A;Normal value
24021105IND01;RS223;Zaječarska oblast;00;2022;1;Male;15892;NR;number;SORS;Registered employment by sex and municipalities of residence (NSTJ) ;A;Normal value
24021105IND01;RS223;Zaječarska oblast;00;2022;2;Female;12611;NR;number;SORS;Registered employment by sex and municipalities of residence (NSTJ) ;A;Normal value
24021105IND01;RS223;Zaječarska oblast;00;2023;0;Total;28881;NR;number;SORS;Registered employment by sex and municipalities of residence (NSTJ) ;A;Normal value
24021105IND01;RS223;Zaječarska oblast;00;2023;1;Male;16047;NR;number;SORS;Registered employment by sex and municipalities of residence (NSTJ) ;A;Normal value
24021105IND01;RS223;Zaječarska oblast;00;2023;2;Female;12834;NR;number;SORS;Registered employment by sex and municipalities of residence (NSTJ) ;A;Normal value
24021105IND01;RS223;Zaječarska oblast;00;2024;0;Total;28413;NR;number;SORS;Registered employment by sex and municipalities of residence (NSTJ) ;A;Normal value
24021105IND01;RS223;Zaječarska oblast;00;2024;1;Male;15805;NR;number;SORS;Registered employment by sex and municipalities of residence (NSTJ) ;A;Normal value
24021105IND01;RS223;Zaječarska oblast;00;2024;2;Female;12609;NR;number;SORS;Registered employment by sex and municipalities of residence (NSTJ) ;A;Normal value
24021105IND01;RS223;Zaječarska oblast;00;2025;0;Total;27970;NR;number;SORS;Registered employment by sex and municipalities of residence (NSTJ) ;A;Normal value
24021105IND01;RS223;Zaječarska oblast;00;2025;1;Male;15571;NR;number;SORS;Registered employment by sex and municipalities of residence (NSTJ) ;A;Normal value
24021105IND01;RS223;Zaječarska oblast;00;2025;2;Female;12399;NR;number;SORS;Registered employment by sex and municipalities of residence (NSTJ) ;A;Normal value
24021105IND01;RS224;Jablanička oblast;00;2025;0;Total;55019;NR;number;SORS;Registered employment by sex and municipalities of residence (NSTJ) ;A;Normal value
24021105IND01;RS224;Jablanička oblast;00;2025;1;Male;29390;NR;number;SORS;Registered employment by sex and municipalities of residence (NSTJ) ;A;Normal value
24021105IND01;RS224;Jablanička oblast;00;2025;2;Female;25629;NR;number;SORS;Registered employment by sex and municipalities of residence (NSTJ) ;A;Normal value
24021105IND01;RS224;Jablanička oblast;00;2024;0;Total;56573;NR;number;SORS;Registered employment by sex and municipalities of residence (NSTJ) ;A;Normal value
24021105IND01;RS224;Jablanička oblast;00;2024;1;Male;30252;NR;number;SORS;Registered employment by sex and municipalities of residence (NSTJ) ;A;Normal value
24021105IND01;RS224;Jablanička oblast;00;2024;2;Female;26322;NR;number;SORS;Registered employment by sex and municipalities of residence (NSTJ) ;A;Normal value
24021105IND01;RS224;Jablanička oblast;00;2023;0;Total;57614;NR;number;SORS;Registered employment by sex and municipalities of residence (NSTJ) ;A;Normal value
24021105IND01;RS224;Jablanička oblast;00;2023;1;Male;30792;NR;number;SORS;Registered employment by sex and municipalities of residence (NSTJ) ;A;Normal value
24021105IND01;RS224;Jablanička oblast;00;2023;2;Female;26822;NR;number;SORS;Registered employment by sex and municipalities of residence (NSTJ) ;A;Normal value
24021105IND01;RS224;Jablanička oblast;00;2022;0;Total;57819;NR;number;SORS;Registered employment by sex and municipalities of residence (NSTJ) ;A;Normal value
24021105IND01;RS224;Jablanička oblast;00;2022;1;Male;30999;NR;number;SORS;Registered employment by sex and municipalities of residence (NSTJ) ;A;Normal value
24021105IND01;RS224;Jablanička oblast;00;2022;2;Female;26821;NR;number;SORS;Registered employment by sex and municipalities of residence (NSTJ) ;A;Normal value
24021105IND01;RS224;Jablanička oblast;00;2021;0;Total;57773;NR;number;SORS;Registered employment by sex and municipalities of residence (NSTJ) ;A;Normal value
24021105IND01;RS224;Jablanička oblast;00;2021;1;Male;31336;NR;number;SORS;Registered employment by sex and municipalities of residence (NSTJ) ;A;Normal value
24021105IND01;RS224;Jablanička oblast;00;2021;2;Female;26437;NR;number;SORS;Registered employment by sex and municipalities of residence (NSTJ) ;A;Normal value
24021105IND01;RS224;Jablanička oblast;00;2020;0;Total;55481;NR;number;SORS;Registered employment by sex and municipalities of residence (NSTJ) ;A;Normal value
24021105IND01;RS224;Jablanička oblast;00;2020;1;Male;30350;NR;number;SORS;Registered employment by sex and municipalities of residence (NSTJ) ;A;Normal value
24021105IND01;RS224;Jablanička oblast;00;2020;2;Female;25131;NR;number;SORS;Registered employment by sex and municipalities of residence (NSTJ) ;A;Normal value
24021105IND01;RS224;Jablanička oblast;00;2019;0;Total;51941;NR;number;SORS;Registered employment by sex and municipalities of residence (NSTJ) ;A;Normal value
24021105IND01;RS224;Jablanička oblast;00;2019;1;Male;28647;NR;number;SORS;Registered employment by sex and municipalities of residence (NSTJ) ;A;Normal value
24021105IND01;RS224;Jablanička oblast;00;2019;2;Female;23295;NR;number;SORS;Registered employment by sex and municipalities of residence (NSTJ) ;A;Normal value
24021105IND01;RS224;Jablanička oblast;00;2018;0;Total;49587;NR;number;SORS;Registered employment by sex and municipalities of residence (NSTJ) ;A;Normal value
24021105IND01;RS224;Jablanička oblast;00;2018;1;Male;27457;NR;number;SORS;Registered employment by sex and municipalities of residence (NSTJ) ;A;Normal value
24021105IND01;RS224;Jablanička oblast;00;2018;2;Female;22130;NR;number;SORS;Registered employment by sex and municipalities of residence (NSTJ) ;A;Normal value
24021105IND01;RS224;Jablanička oblast;00;2017;0;Total;47159;NR;number;SORS;Registered employment by sex and municipalities of residence (NSTJ) ;A;Normal value
24021105IND01;RS224;Jablanička oblast;00;2017;1;Male;26273;NR;number;SORS;Registered employment by sex and municipalities of residence (NSTJ) ;A;Normal value
24021105IND01;RS224;Jablanička oblast;00;2017;2;Female;20886;NR;number;SORS;Registered employment by sex and municipalities of residence (NSTJ) ;A;Normal value
24021105IND01;RS224;Jablanička oblast;00;2016;0;Total;45611;NR;number;SORS;Registered employment by sex and municipalities of residence (NSTJ) ;A;Normal value
24021105IND01;RS224;Jablanička oblast;00;2016;1;Male;25493;NR;number;SORS;Registered employment by sex and municipalities of residence (NSTJ) ;A;Normal value
24021105IND01;RS224;Jablanička oblast;00;2016;2;Female;20118;NR;number;SORS;Registered employment by sex and municipalities of residence (NSTJ) ;A;Normal value
24021105IND01;RS225;Nišavska oblast;00;2016;0;Total;101459;NR;number;SORS;Registered employment by sex and municipalities of residence (NSTJ) ;A;Normal value
24021105IND01;RS225;Nišavska oblast;00;2016;1;Male;52964;NR;number;SORS;Registered employment by sex and municipalities of residence (NSTJ) ;A;Normal value
24021105IND01;RS225;Nišavska oblast;00;2016;2;Female;48496;NR;number;SORS;Registered employment by sex and municipalities of residence (NSTJ) ;A;Normal value
24021105IND01;RS225;Nišavska oblast;00;2017;0;Total;103839;NR;number;SORS;Registered employment by sex and municipalities of residence (NSTJ) ;A;Normal value
24021105IND01;RS225;Nišavska oblast;00;2017;1;Male;53734;NR;number;SORS;Registered employment by sex and municipalities of residence (NSTJ) ;A;Normal value
24021105IND01;RS225;Nišavska oblast;00;2017;2;Female;50105;NR;number;SORS;Registered employment by sex and municipalities of residence (NSTJ) ;A;Normal value
24021105IND01;RS225;Nišavska oblast;00;2018;0;Total;106931;NR;number;SORS;Registered employment by sex and municipalities of residence (NSTJ) ;A;Normal value
24021105IND01;RS225;Nišavska oblast;00;2018;1;Male;55063;NR;number;SORS;Registered employment by sex and municipalities of residence (NSTJ) ;A;Normal value
24021105IND01;RS225;Nišavska oblast;00;2018;2;Female;51868;NR;number;SORS;Registered employment by sex and municipalities of residence (NSTJ) ;A;Normal value
24021105IND01;RS225;Nišavska oblast;00;2019;0;Total;108798;NR;number;SORS;Registered employment by sex and municipalities of residence (NSTJ) ;A;Normal value
24021105IND01;RS225;Nišavska oblast;00;2019;1;Male;56297;NR;number;SORS;Registered employment by sex and municipalities of residence (NSTJ) ;A;Normal value
24021105IND01;RS225;Nišavska oblast;00;2019;2;Female;52502;NR;number;SORS;Registered employment by sex and municipalities of residence (NSTJ) ;A;Normal value
24021105IND01;RS225;Nišavska oblast;00;2020;0;Total;110824;NR;number;SORS;Registered employment by sex and municipalities of residence (NSTJ) ;A;Normal value
24021105IND01;RS225;Nišavska oblast;00;2020;1;Male;57450;NR;number;SORS;Registered employment by sex and municipalities of residence (NSTJ) ;A;Normal value
24021105IND01;RS225;Nišavska oblast;00;2020;2;Female;53374;NR;number;SORS;Registered employment by sex and municipalities of residence (NSTJ) ;A;Normal value
24021105IND01;RS225;Nišavska oblast;00;2021;0;Total;114890;NR;number;SORS;Registered employment by sex and municipalities of residence (NSTJ) ;A;Normal value
24021105IND01;RS225;Nišavska oblast;00;2021;1;Male;59334;NR;number;SORS;Registered employment by sex and municipalities of residence (NSTJ) ;A;Normal value
24021105IND01;RS225;Nišavska oblast;00;2021;2;Female;55556;NR;number;SORS;Registered employment by sex and municipalities of residence (NSTJ) ;A;Normal value
24021105IND01;RS225;Nišavska oblast;00;2022;0;Total;117510;NR;number;SORS;Registered employment by sex and municipalities of residence (NSTJ) ;A;Normal value
24021105IND01;RS225;Nišavska oblast;00;2022;1;Male;60196;NR;number;SORS;Registered employment by sex and municipalities of residence (NSTJ) ;A;Normal value
24021105IND01;RS225;Nišavska oblast;00;2022;2;Female;57314;NR;number;SORS;Registered employment by sex and municipalities of residence (NSTJ) ;A;Normal value
24021105IND01;RS225;Nišavska oblast;00;2023;0;Total;119534;NR;number;SORS;Registered employment by sex and municipalities of residence (NSTJ) ;A;Normal value
24021105IND01;RS225;Nišavska oblast;00;2023;1;Male;60873;NR;number;SORS;Registered employment by sex and municipalities of residence (NSTJ) ;A;Normal value
24021105IND01;RS225;Nišavska oblast;00;2023;2;Female;58661;NR;number;SORS;Registered employment by sex and municipalities of residence (NSTJ) ;A;Normal value
24021105IND01;RS225;Nišavska oblast;00;2024;0;Total;120041;NR;number;SORS;Registered employment by sex and municipalities of residence (NSTJ) ;A;Normal value
24021105IND01;RS225;Nišavska oblast;00;2024;1;Male;61073;NR;number;SORS;Registered employment by sex and municipalities of residence (NSTJ) ;A;Normal value
24021105IND01;RS225;Nišavska oblast;00;2024;2;Female;58968;NR;number;SORS;Registered employment by sex and municipalities of residence (NSTJ) ;A;Normal value
24021105IND01;RS225;Nišavska oblast;00;2025;0;Total;118673;NR;number;SORS;Registered employment by sex and municipalities of residence (NSTJ) ;A;Normal value
24021105IND01;RS225;Nišavska oblast;00;2025;1;Male;60447;NR;number;SORS;Registered employment by sex and municipalities of residence (NSTJ) ;A;Normal value
24021105IND01;RS225;Nišavska oblast;00;2025;2;Female;58226;NR;number;SORS;Registered employment by sex and municipalities of residence (NSTJ) ;A;Normal value
24021105IND01;RS226;Pirotska oblast;00;2025;0;Total;23770;NR;number;SORS;Registered employment by sex and municipalities of residence (NSTJ) ;A;Normal value
24021105IND01;RS226;Pirotska oblast;00;2025;1;Male;13287;NR;number;SORS;Registered employment by sex and municipalities of residence (NSTJ) ;A;Normal value
24021105IND01;RS226;Pirotska oblast;00;2025;2;Female;10483;NR;number;SORS;Registered employment by sex and municipalities of residence (NSTJ) ;A;Normal value
24021105IND01;RS226;Pirotska oblast;00;2024;0;Total;23863;NR;number;SORS;Registered employment by sex and municipalities of residence (NSTJ) ;A;Normal value
24021105IND01;RS226;Pirotska oblast;00;2024;1;Male;13417;NR;number;SORS;Registered employment by sex and municipalities of residence (NSTJ) ;A;Normal value
24021105IND01;RS226;Pirotska oblast;00;2024;2;Female;10446;NR;number;SORS;Registered employment by sex and municipalities of residence (NSTJ) ;A;Normal value
24021105IND01;RS226;Pirotska oblast;00;2023;0;Total;24546;NR;number;SORS;Registered employment by sex and municipalities of residence (NSTJ) ;A;Normal value
24021105IND01;RS226;Pirotska oblast;00;2023;1;Male;13816;NR;number;SORS;Registered employment by sex and municipalities of residence (NSTJ) ;A;Normal value
24021105IND01;RS226;Pirotska oblast;00;2023;2;Female;10731;NR;number;SORS;Registered employment by sex and municipalities of residence (NSTJ) ;A;Normal value
24021105IND01;RS226;Pirotska oblast;00;2022;0;Total;24845;NR;number;SORS;Registered employment by sex and municipalities of residence (NSTJ) ;A;Normal value
24021105IND01;RS226;Pirotska oblast;00;2022;1;Male;14189;NR;number;SORS;Registered employment by sex and municipalities of residence (NSTJ) ;A;Normal value
24021105IND01;RS226;Pirotska oblast;00;2022;2;Female;10656;NR;number;SORS;Registered employment by sex and municipalities of residence (NSTJ) ;A;Normal value
24021105IND01;RS226;Pirotska oblast;00;2021;0;Total;24522;NR;number;SORS;Registered employment by sex and municipalities of residence (NSTJ) ;A;Normal value
24021105IND01;RS226;Pirotska oblast;00;2021;1;Male;14150;NR;number;SORS;Registered employment by sex and municipalities of residence (NSTJ) ;A;Normal value
24021105IND01;RS226;Pirotska oblast;00;2021;2;Female;10372;NR;number;SORS;Registered employment by sex and municipalities of residence (NSTJ) ;A;Normal value
24021105IND01;RS226;Pirotska oblast;00;2020;0;Total;23945;NR;number;SORS;Registered employment by sex and municipalities of residence (NSTJ) ;A;Normal value
24021105IND01;RS226;Pirotska oblast;00;2020;1;Male;13825;NR;number;SORS;Registered employment by sex and municipalities of residence (NSTJ) ;A;Normal value
24021105IND01;RS226;Pirotska oblast;00;2020;2;Female;10119;NR;number;SORS;Registered employment by sex and municipalities of residence (NSTJ) ;A;Normal value
24021105IND01;RS226;Pirotska oblast;00;2019;0;Total;23902;NR;number;SORS;Registered employment by sex and municipalities of residence (NSTJ) ;A;Normal value
24021105IND01;RS226;Pirotska oblast;00;2019;1;Male;13956;NR;number;SORS;Registered employment by sex and municipalities of residence (NSTJ) ;A;Normal value
24021105IND01;RS226;Pirotska oblast;00;2019;2;Female;9946;NR;number;SORS;Registered employment by sex and municipalities of residence (NSTJ) ;A;Normal value
24021105IND01;RS226;Pirotska oblast;00;2018;0;Total;23647;NR;number;SORS;Registered employment by sex and municipalities of residence (NSTJ) ;A;Normal value
24021105IND01;RS226;Pirotska oblast;00;2018;1;Male;13827;NR;number;SORS;Registered employment by sex and municipalities of residence (NSTJ) ;A;Normal value
24021105IND01;RS226;Pirotska oblast;00;2018;2;Female;9820;NR;number;SORS;Registered employment by sex and municipalities of residence (NSTJ) ;A;Normal value
24021105IND01;RS226;Pirotska oblast;00;2017;0;Total;23099;NR;number;SORS;Registered employment by sex and municipalities of residence (NSTJ) ;A;Normal value
24021105IND01;RS226;Pirotska oblast;00;2017;1;Male;13703;NR;number;SORS;Registered employment by sex and municipalities of residence (NSTJ) ;A;Normal value
24021105IND01;RS226;Pirotska oblast;00;2017;2;Female;9396;NR;number;SORS;Registered employment by sex and municipalities of residence (NSTJ) ;A;Normal value
24021105IND01;RS226;Pirotska oblast;00;2016;0;Total;22819;NR;number;SORS;Registered employment by sex and municipalities of residence (NSTJ) ;A;Normal value
24021105IND01;RS226;Pirotska oblast;00;2016;1;Male;13727;NR;number;SORS;Registered employment by sex and municipalities of residence (NSTJ) ;A;Normal value
24021105IND01;RS226;Pirotska oblast;00;2016;2;Female;9092;NR;number;SORS;Registered employment by sex and municipalities of residence (NSTJ) ;A;Normal value
24021105IND01;RS227;Podunavska oblast;00;2016;0;Total;46673;NR;number;SORS;Registered employment by sex and municipalities of residence (NSTJ) ;A;Normal value
24021105IND01;RS227;Podunavska oblast;00;2016;1;Male;27990;NR;number;SORS;Registered employment by sex and municipalities of residence (NSTJ) ;A;Normal value
24021105IND01;RS227;Podunavska oblast;00;2016;2;Female;18682;NR;number;SORS;Registered employment by sex and municipalities of residence (NSTJ) ;A;Normal value
24021105IND01;RS227;Podunavska oblast;00;2017;0;Total;48564;NR;number;SORS;Registered employment by sex and municipalities of residence (NSTJ) ;A;Normal value
24021105IND01;RS227;Podunavska oblast;00;2017;1;Male;28756;NR;number;SORS;Registered employment by sex and municipalities of residence (NSTJ) ;A;Normal value
24021105IND01;RS227;Podunavska oblast;00;2017;2;Female;19808;NR;number;SORS;Registered employment by sex and municipalities of residence (NSTJ) ;A;Normal value
24021105IND01;RS227;Podunavska oblast;00;2018;0;Total;50674;NR;number;SORS;Registered employment by sex and municipalities of residence (NSTJ) ;A;Normal value
24021105IND01;RS227;Podunavska oblast;00;2018;1;Male;29667;NR;number;SORS;Registered employment by sex and municipalities of residence (NSTJ) ;A;Normal value
24021105IND01;RS227;Podunavska oblast;00;2018;2;Female;21006;NR;number;SORS;Registered employment by sex and municipalities of residence (NSTJ) ;A;Normal value
24021105IND01;RS227;Podunavska oblast;00;2019;0;Total;51774;NR;number;SORS;Registered employment by sex and municipalities of residence (NSTJ) ;A;Normal value
24021105IND01;RS227;Podunavska oblast;00;2019;1;Male;30305;NR;number;SORS;Registered employment by sex and municipalities of residence (NSTJ) ;A;Normal value
24021105IND01;RS227;Podunavska oblast;00;2019;2;Female;21469;NR;number;SORS;Registered employment by sex and municipalities of residence (NSTJ) ;A;Normal value
24021105IND01;RS227;Podunavska oblast;00;2020;0;Total;52490;NR;number;SORS;Registered employment by sex and municipalities of residence (NSTJ) ;A;Normal value
24021105IND01;RS227;Podunavska oblast;00;2020;1;Male;30565;NR;number;SORS;Registered employment by sex and municipalities of residence (NSTJ) ;A;Normal value
24021105IND01;RS227;Podunavska oblast;00;2020;2;Female;21925;NR;number;SORS;Registered employment by sex and municipalities of residence (NSTJ) ;A;Normal value
24021105IND01;RS227;Podunavska oblast;00;2021;0;Total;54791;NR;number;SORS;Registered employment by sex and municipalities of residence (NSTJ) ;A;Normal value
24021105IND01;RS227;Podunavska oblast;00;2021;1;Male;31505;NR;number;SORS;Registered employment by sex and municipalities of residence (NSTJ) ;A;Normal value
24021105IND01;RS227;Podunavska oblast;00;2021;2;Female;23286;NR;number;SORS;Registered employment by sex and municipalities of residence (NSTJ) ;A;Normal value
24021105IND01;RS227;Podunavska oblast;00;2022;0;Total;55777;NR;number;SORS;Registered employment by sex and municipalities of residence (NSTJ) ;A;Normal value
24021105IND01;RS227;Podunavska oblast;00;2022;1;Male;31628;NR;number;SORS;Registered employment by sex and municipalities of residence (NSTJ) ;A;Normal value
24021105IND01;RS227;Podunavska oblast;00;2022;2;Female;24149;NR;number;SORS;Registered employment by sex and municipalities of residence (NSTJ) ;A;Normal value
24021105IND01;RS227;Podunavska oblast;00;2023;0;Total;56678;NR;number;SORS;Registered employment by sex and municipalities of residence (NSTJ) ;A;Normal value
24021105IND01;RS227;Podunavska oblast;00;2023;1;Male;31874;NR;number;SORS;Registered employment by sex and municipalities of residence (NSTJ) ;A;Normal value
24021105IND01;RS227;Podunavska oblast;00;2023;2;Female;24804;NR;number;SORS;Registered employment by sex and municipalities of residence (NSTJ) ;A;Normal value
24021105IND01;RS227;Podunavska oblast;00;2024;0;Total;56602;NR;number;SORS;Registered employment by sex and municipalities of residence (NSTJ) ;A;Normal value
24021105IND01;RS227;Podunavska oblast;00;2024;1;Male;31717;NR;number;SORS;Registered employment by sex and municipalities of residence (NSTJ) ;A;Normal value
24021105IND01;RS227;Podunavska oblast;00;2024;2;Female;24885;NR;number;SORS;Registered employment by sex and municipalities of residence (NSTJ) ;A;Normal value
24021105IND01;RS227;Podunavska oblast;00;2025;0;Total;56616;NR;number;SORS;Registered employment by sex and municipalities of residence (NSTJ) ;A;Normal value
24021105IND01;RS227;Podunavska oblast;00;2025;1;Male;31558;NR;number;SORS;Registered employment by sex and municipalities of residence (NSTJ) ;A;Normal value
24021105IND01;RS227;Podunavska oblast;00;2025;2;Female;25058;NR;number;SORS;Registered employment by sex and municipalities of residence (NSTJ) ;A;Normal value
24021105IND01;RS228;Pčinjska oblast;00;2025;0;Total;48539;NR;number;SORS;Registered employment by sex and municipalities of residence (NSTJ) ;A;Normal value
24021105IND01;RS228;Pčinjska oblast;00;2025;1;Male;27463;NR;number;SORS;Registered employment by sex and municipalities of residence (NSTJ) ;A;Normal value
24021105IND01;RS228;Pčinjska oblast;00;2025;2;Female;21077;NR;number;SORS;Registered employment by sex and municipalities of residence (NSTJ) ;A;Normal value
24021105IND01;RS228;Pčinjska oblast;00;2024;0;Total;48975;NR;number;SORS;Registered employment by sex and municipalities of residence (NSTJ) ;A;Normal value
24021105IND01;RS228;Pčinjska oblast;00;2024;1;Male;27764;NR;number;SORS;Registered employment by sex and municipalities of residence (NSTJ) ;A;Normal value
24021105IND01;RS228;Pčinjska oblast;00;2024;2;Female;21210;NR;number;SORS;Registered employment by sex and municipalities of residence (NSTJ) ;A;Normal value
24021105IND01;RS228;Pčinjska oblast;00;2023;0;Total;48916;NR;number;SORS;Registered employment by sex and municipalities of residence (NSTJ) ;A;Normal value
24021105IND01;RS228;Pčinjska oblast;00;2023;1;Male;27848;NR;number;SORS;Registered employment by sex and municipalities of residence (NSTJ) ;A;Normal value
24021105IND01;RS228;Pčinjska oblast;00;2023;2;Female;21068;NR;number;SORS;Registered employment by sex and municipalities of residence (NSTJ) ;A;Normal value
24021105IND01;RS228;Pčinjska oblast;00;2022;0;Total;48348;NR;number;SORS;Registered employment by sex and municipalities of residence (NSTJ) ;A;Normal value
24021105IND01;RS228;Pčinjska oblast;00;2022;1;Male;27916;NR;number;SORS;Registered employment by sex and municipalities of residence (NSTJ) ;A;Normal value
24021105IND01;RS228;Pčinjska oblast;00;2022;2;Female;20432;NR;number;SORS;Registered employment by sex and municipalities of residence (NSTJ) ;A;Normal value
24021105IND01;RS228;Pčinjska oblast;00;2021;0;Total;47863;NR;number;SORS;Registered employment by sex and municipalities of residence (NSTJ) ;A;Normal value
24021105IND01;RS228;Pčinjska oblast;00;2021;1;Male;28013;NR;number;SORS;Registered employment by sex and municipalities of residence (NSTJ) ;A;Normal value
24021105IND01;RS228;Pčinjska oblast;00;2021;2;Female;19850;NR;number;SORS;Registered employment by sex and municipalities of residence (NSTJ) ;A;Normal value
24021105IND01;RS228;Pčinjska oblast;00;2020;0;Total;47602;NR;number;SORS;Registered employment by sex and municipalities of residence (NSTJ) ;A;Normal value
24021105IND01;RS228;Pčinjska oblast;00;2020;1;Male;27915;NR;number;SORS;Registered employment by sex and municipalities of residence (NSTJ) ;A;Normal value
24021105IND01;RS228;Pčinjska oblast;00;2020;2;Female;19687;NR;number;SORS;Registered employment by sex and municipalities of residence (NSTJ) ;A;Normal value
24021105IND01;RS228;Pčinjska oblast;00;2019;0;Total;46617;NR;number;SORS;Registered employment by sex and municipalities of residence (NSTJ) ;A;Normal value
24021105IND01;RS228;Pčinjska oblast;00;2019;1;Male;27425;NR;number;SORS;Registered employment by sex and municipalities of residence (NSTJ) ;A;Normal value
24021105IND01;RS228;Pčinjska oblast;00;2019;2;Female;19193;NR;number;SORS;Registered employment by sex and municipalities of residence (NSTJ) ;A;Normal value
24021105IND01;RS228;Pčinjska oblast;00;2018;0;Total;46143;NR;number;SORS;Registered employment by sex and municipalities of residence (NSTJ) ;A;Normal value
24021105IND01;RS228;Pčinjska oblast;00;2018;1;Male;27295;NR;number;SORS;Registered employment by sex and municipalities of residence (NSTJ) ;A;Normal value
24021105IND01;RS228;Pčinjska oblast;00;2018;2;Female;18848;NR;number;SORS;Registered employment by sex and municipalities of residence (NSTJ) ;A;Normal value
24021105IND01;RS228;Pčinjska oblast;00;2017;0;Total;44626;NR;number;SORS;Registered employment by sex and municipalities of residence (NSTJ) ;A;Normal value
24021105IND01;RS228;Pčinjska oblast;00;2017;1;Male;26580;NR;number;SORS;Registered employment by sex and municipalities of residence (NSTJ) ;A;Normal value
24021105IND01;RS228;Pčinjska oblast;00;2017;2;Female;18046;NR;number;SORS;Registered employment by sex and municipalities of residence (NSTJ) ;A;Normal value
24021105IND01;RS228;Pčinjska oblast;00;2016;0;Total;43621;NR;number;SORS;Registered employment by sex and municipalities of residence (NSTJ) ;A;Normal value
24021105IND01;RS228;Pčinjska oblast;00;2016;1;Male;26234;NR;number;SORS;Registered employment by sex and municipalities of residence (NSTJ) ;A;Normal value
24021105IND01;RS228;Pčinjska oblast;00;2016;2;Female;17387;NR;number;SORS;Registered employment by sex and municipalities of residence (NSTJ) ;A;Normal value
24021105IND01;RS229;Toplička oblast;00;2016;0;Total;20573;NR;number;SORS;Registered employment by sex and municipalities of residence (NSTJ) ;A;Normal value
24021105IND01;RS229;Toplička oblast;00;2016;1;Male;11568;NR;number;SORS;Registered employment by sex and municipalities of residence (NSTJ) ;A;Normal value
24021105IND01;RS229;Toplička oblast;00;2016;2;Female;9005;NR;number;SORS;Registered employment by sex and municipalities of residence (NSTJ) ;A;Normal value
24021105IND01;RS229;Toplička oblast;00;2017;0;Total;21599;NR;number;SORS;Registered employment by sex and municipalities of residence (NSTJ) ;A;Normal value
24021105IND01;RS229;Toplička oblast;00;2017;1;Male;12036;NR;number;SORS;Registered employment by sex and municipalities of residence (NSTJ) ;A;Normal value
24021105IND01;RS229;Toplička oblast;00;2017;2;Female;9563;NR;number;SORS;Registered employment by sex and municipalities of residence (NSTJ) ;A;Normal value
24021105IND01;RS229;Toplička oblast;00;2018;0;Total;22129;NR;number;SORS;Registered employment by sex and municipalities of residence (NSTJ) ;A;Normal value
24021105IND01;RS229;Toplička oblast;00;2018;1;Male;12288;NR;number;SORS;Registered employment by sex and municipalities of residence (NSTJ) ;A;Normal value
24021105IND01;RS229;Toplička oblast;00;2018;2;Female;9841;NR;number;SORS;Registered employment by sex and municipalities of residence (NSTJ) ;A;Normal value
24021105IND01;RS229;Toplička oblast;00;2019;0;Total;23137;NR;number;SORS;Registered employment by sex and municipalities of residence (NSTJ) ;A;Normal value
24021105IND01;RS229;Toplička oblast;00;2019;1;Male;12724;NR;number;SORS;Registered employment by sex and municipalities of residence (NSTJ) ;A;Normal value
24021105IND01;RS229;Toplička oblast;00;2019;2;Female;10413;NR;number;SORS;Registered employment by sex and municipalities of residence (NSTJ) ;A;Normal value
24021105IND01;RS229;Toplička oblast;00;2020;0;Total;23548;NR;number;SORS;Registered employment by sex and municipalities of residence (NSTJ) ;A;Normal value
24021105IND01;RS229;Toplička oblast;00;2020;1;Male;12920;NR;number;SORS;Registered employment by sex and municipalities of residence (NSTJ) ;A;Normal value
24021105IND01;RS229;Toplička oblast;00;2020;2;Female;10627;NR;number;SORS;Registered employment by sex and municipalities of residence (NSTJ) ;A;Normal value
24021105IND01;RS229;Toplička oblast;00;2021;0;Total;24092;NR;number;SORS;Registered employment by sex and municipalities of residence (NSTJ) ;A;Normal value
24021105IND01;RS229;Toplička oblast;00;2021;1;Male;13209;NR;number;SORS;Registered employment by sex and municipalities of residence (NSTJ) ;A;Normal value
24021105IND01;RS229;Toplička oblast;00;2021;2;Female;10882;NR;number;SORS;Registered employment by sex and municipalities of residence (NSTJ) ;A;Normal value
24021105IND01;RS229;Toplička oblast;00;2022;0;Total;24317;NR;number;SORS;Registered employment by sex and municipalities of residence (NSTJ) ;A;Normal value
24021105IND01;RS229;Toplička oblast;00;2022;1;Male;13164;NR;number;SORS;Registered employment by sex and municipalities of residence (NSTJ) ;A;Normal value
24021105IND01;RS229;Toplička oblast;00;2022;2;Female;11154;NR;number;SORS;Registered employment by sex and municipalities of residence (NSTJ) ;A;Normal value
24021105IND01;RS229;Toplička oblast;00;2023;0;Total;24507;NR;number;SORS;Registered employment by sex and municipalities of residence (NSTJ) ;A;Normal value
24021105IND01;RS229;Toplička oblast;00;2023;1;Male;13153;NR;number;SORS;Registered employment by sex and municipalities of residence (NSTJ) ;A;Normal value
24021105IND01;RS229;Toplička oblast;00;2023;2;Female;11354;NR;number;SORS;Registered employment by sex and municipalities of residence (NSTJ) ;A;Normal value
24021105IND01;RS229;Toplička oblast;00;2024;0;Total;24440;NR;number;SORS;Registered employment by sex and municipalities of residence (NSTJ) ;A;Normal value
24021105IND01;RS229;Toplička oblast;00;2024;1;Male;13067;NR;number;SORS;Registered employment by sex and municipalities of residence (NSTJ) ;A;Normal value
24021105IND01;RS229;Toplička oblast;00;2024;2;Female;11373;NR;number;SORS;Registered employment by sex and municipalities of residence (NSTJ) ;A;Normal value
24021105IND01;RS229;Toplička oblast;00;2025;0;Total;23698;NR;number;SORS;Registered employment by sex and municipalities of residence (NSTJ) ;A;Normal value
24021105IND01;RS229;Toplička oblast;00;2025;1;Male;12646;NR;number;SORS;Registered employment by sex and municipalities of residence (NSTJ) ;A;Normal value
24021105IND01;RS229;Toplička oblast;00;2025;2;Female;11052;NR;number;SORS;Registered employment by sex and municipalities of residence (NSTJ) ;A;Normal value
