idindikator;mes;god;IDTer;nTer;IDJavniSEK;nJavniSEK;vrednost;idJedinicaMere;nJedinicaMere;nIzvorI;Indikator;IDStatusPodatka;nStatusPodatka
2403040110IND02;01;2018;RS;REPUBLIC OF SERBIA;0;Total;69218;RSD;RSD;SORS;Average gross earnings;A;Normal value
2403040110IND02;01;2018;RS;REPUBLIC OF SERBIA;0_JP_JD_JL;Public enterprises;86455;RSD;RSD;SORS;Average gross earnings;A;Normal value
2403040110IND02;01;2018;RS;REPUBLIC OF SERBIA;0_JS;Public sector;78582;RSD;RSD;SORS;Average gross earnings;A;Normal value
2403040110IND02;01;2018;RS;REPUBLIC OF SERBIA;0_VJS;Non-public sector;64394;RSD;RSD;SORS;Average gross earnings;A;Normal value
2403040110IND02;01;2018;RS;REPUBLIC OF SERBIA;1_JD;Public state enterprises;99630;RSD;RSD;SORS;Average gross earnings;A;Normal value
2403040110IND02;01;2018;RS;REPUBLIC OF SERBIA;2_JL;Public local enterprises;66524;RSD;RSD;SORS;Average gross earnings;A;Normal value
2403040110IND02;01;2018;RS;REPUBLIC OF SERBIA;3_4_5_BK;General government;75968;RSD;RSD;SORS;Average gross earnings;A;Normal value
2403040110IND02;01;2018;RS;REPUBLIC OF SERBIA;3_ZS;Health and social work;70756;RSD;RSD;SORS;Average gross earnings;A;Normal value
2403040110IND02;01;2018;RS;REPUBLIC OF SERBIA;4_OK;Education and culture;73391;RSD;RSD;SORS;Average gross earnings;A;Normal value
2403040110IND02;01;2018;RS;REPUBLIC OF SERBIA;5_AD;Administration - all levels;83029;RSD;RSD;SORS;Average gross earnings;A;Normal value
2403040110IND02;01;2018;RS;REPUBLIC OF SERBIA;5_AD2;Administration - government  level;86317;RSD;RSD;SORS;Average gross earnings;A;Normal value
2403040110IND02;01;2018;RS;REPUBLIC OF SERBIA;5_AD3;Administration - autonomous  province level;86801;RSD;RSD;SORS;Average gross earnings;A;Normal value
2403040110IND02;01;2018;RS;REPUBLIC OF SERBIA;5_AD4;Administration - local authorities’ level;66706;RSD;RSD;SORS;Average gross earnings;A;Normal value
2403040110IND02;01;2019;RS;REPUBLIC OF SERBIA;0;Total;75296;RSD;RSD;SORS;Average gross earnings;A;Normal value
2403040110IND02;01;2019;RS;REPUBLIC OF SERBIA;0_JP_JD_JL;Public enterprises;93275;RSD;RSD;SORS;Average gross earnings;A;Normal value
2403040110IND02;01;2019;RS;REPUBLIC OF SERBIA;0_JS;Public sector;85552;RSD;RSD;SORS;Average gross earnings;A;Normal value
2403040110IND02;01;2019;RS;REPUBLIC OF SERBIA;0_VJS;Non-public sector;70386;RSD;RSD;SORS;Average gross earnings;A;Normal value
2403040110IND02;01;2019;RS;REPUBLIC OF SERBIA;1_JD;Public state enterprises;107438;RSD;RSD;SORS;Average gross earnings;A;Normal value
2403040110IND02;01;2019;RS;REPUBLIC OF SERBIA;2_JL;Public local enterprises;73391;RSD;RSD;SORS;Average gross earnings;A;Normal value
2403040110IND02;01;2019;RS;REPUBLIC OF SERBIA;3_4_5_BK;General government;83062;RSD;RSD;SORS;Average gross earnings;A;Normal value
2403040110IND02;01;2019;RS;REPUBLIC OF SERBIA;3_ZS;Health and social work;77910;RSD;RSD;SORS;Average gross earnings;A;Normal value
2403040110IND02;01;2019;RS;REPUBLIC OF SERBIA;4_OK;Education and culture;79530;RSD;RSD;SORS;Average gross earnings;A;Normal value
2403040110IND02;01;2019;RS;REPUBLIC OF SERBIA;5_AD;Administration - all levels;90990;RSD;RSD;SORS;Average gross earnings;A;Normal value
2403040110IND02;01;2019;RS;REPUBLIC OF SERBIA;5_AD2;Administration - government  level;94721;RSD;RSD;SORS;Average gross earnings;A;Normal value
2403040110IND02;01;2019;RS;REPUBLIC OF SERBIA;5_AD3;Administration - autonomous  province level;93550;RSD;RSD;SORS;Average gross earnings;A;Normal value
2403040110IND02;01;2019;RS;REPUBLIC OF SERBIA;5_AD4;Administration - local authorities’ level;72308;RSD;RSD;SORS;Average gross earnings;A;Normal value
2403040110IND02;01;2020;RS;REPUBLIC OF SERBIA;0;Total;82836;RSD;RSD;SORS;Average gross earnings;A;Normal value
2403040110IND02;01;2020;RS;REPUBLIC OF SERBIA;0_JP_JD_JL;Public enterprises;103019;RSD;RSD;SORS;Average gross earnings;A;Normal value
2403040110IND02;01;2020;RS;REPUBLIC OF SERBIA;0_JS;Public sector;94561;RSD;RSD;SORS;Average gross earnings;A;Normal value
2403040110IND02;01;2020;RS;REPUBLIC OF SERBIA;0_VJS;Non-public sector;77518;RSD;RSD;SORS;Average gross earnings;A;Normal value
2403040110IND02;01;2020;RS;REPUBLIC OF SERBIA;1_JD;Public state enterprises;116361;RSD;RSD;SORS;Average gross earnings;A;Normal value
2403040110IND02;01;2020;RS;REPUBLIC OF SERBIA;2_JL;Public local enterprises;84566;RSD;RSD;SORS;Average gross earnings;A;Normal value
2403040110IND02;01;2020;RS;REPUBLIC OF SERBIA;3_4_5_BK;General government;91863;RSD;RSD;SORS;Average gross earnings;A;Normal value
2403040110IND02;01;2020;RS;REPUBLIC OF SERBIA;3_ZS;Health and social work;87547;RSD;RSD;SORS;Average gross earnings;A;Normal value
2403040110IND02;01;2020;RS;REPUBLIC OF SERBIA;4_OK;Education and culture;87365;RSD;RSD;SORS;Average gross earnings;A;Normal value
2403040110IND02;01;2020;RS;REPUBLIC OF SERBIA;5_AD;Administration - all levels;99919;RSD;RSD;SORS;Average gross earnings;A;Normal value
2403040110IND02;01;2020;RS;REPUBLIC OF SERBIA;5_AD2;Administration - government  level;104210;RSD;RSD;SORS;Average gross earnings;A;Normal value
2403040110IND02;01;2020;RS;REPUBLIC OF SERBIA;5_AD3;Administration - autonomous  province level;101470;RSD;RSD;SORS;Average gross earnings;A;Normal value
2403040110IND02;01;2020;RS;REPUBLIC OF SERBIA;5_AD4;Administration - local authorities’ level;78657;RSD;RSD;SORS;Average gross earnings;A;Normal value
2403040110IND02;01;2021;RS;REPUBLIC OF SERBIA;0;Total;87058;RSD;RSD;SORS;Average gross earnings;A;Normal value
2403040110IND02;01;2021;RS;REPUBLIC OF SERBIA;0_JP_JD_JL;Public enterprises;101322;RSD;RSD;SORS;Average gross earnings;A;Normal value
2403040110IND02;01;2021;RS;REPUBLIC OF SERBIA;0_JS;Public sector;100228;RSD;RSD;SORS;Average gross earnings;A;Normal value
2403040110IND02;01;2021;RS;REPUBLIC OF SERBIA;0_VJS;Non-public sector;81390;RSD;RSD;SORS;Average gross earnings;A;Normal value
2403040110IND02;01;2021;RS;REPUBLIC OF SERBIA;1_JD;Public state enterprises;112116;RSD;RSD;SORS;Average gross earnings;A;Normal value
2403040110IND02;01;2021;RS;REPUBLIC OF SERBIA;2_JL;Public local enterprises;86239;RSD;RSD;SORS;Average gross earnings;A;Normal value
2403040110IND02;01;2021;RS;REPUBLIC OF SERBIA;3_4_5_BK;General government;99879;RSD;RSD;SORS;Average gross earnings;A;Normal value
2403040110IND02;01;2021;RS;REPUBLIC OF SERBIA;3_ZS;Health and social work;105122;RSD;RSD;SORS;Average gross earnings;A;Normal value
2403040110IND02;01;2021;RS;REPUBLIC OF SERBIA;4_OK;Education and culture;89834;RSD;RSD;SORS;Average gross earnings;A;Normal value
2403040110IND02;01;2021;RS;REPUBLIC OF SERBIA;5_AD;Administration - all levels;104298;RSD;RSD;SORS;Average gross earnings;A;Normal value
2403040110IND02;01;2021;RS;REPUBLIC OF SERBIA;5_AD2;Administration - government  level;108776;RSD;RSD;SORS;Average gross earnings;A;Normal value
2403040110IND02;01;2021;RS;REPUBLIC OF SERBIA;5_AD3;Administration - autonomous  province level;108862;RSD;RSD;SORS;Average gross earnings;A;Normal value
2403040110IND02;01;2021;RS;REPUBLIC OF SERBIA;5_AD4;Administration - local authorities’ level;81845;RSD;RSD;SORS;Average gross earnings;A;Normal value
2403040110IND02;01;2022;RS;REPUBLIC OF SERBIA;0;Total;97877;RSD;RSD;SORS;Average gross earnings;A;Normal value
2403040110IND02;01;2022;RS;REPUBLIC OF SERBIA;0_JP_JD_JL;Public enterprises;107986;RSD;RSD;SORS;Average gross earnings;A;Normal value
2403040110IND02;01;2022;RS;REPUBLIC OF SERBIA;0_JS;Public sector;108721;RSD;RSD;SORS;Average gross earnings;A;Normal value
2403040110IND02;01;2022;RS;REPUBLIC OF SERBIA;0_VJS;Non-public sector;93334;RSD;RSD;SORS;Average gross earnings;A;Normal value
2403040110IND02;01;2022;RS;REPUBLIC OF SERBIA;1_JD;Public state enterprises;118620;RSD;RSD;SORS;Average gross earnings;A;Normal value
2403040110IND02;01;2022;RS;REPUBLIC OF SERBIA;2_JL;Public local enterprises;93206;RSD;RSD;SORS;Average gross earnings;A;Normal value
2403040110IND02;01;2022;RS;REPUBLIC OF SERBIA;3_4_5_BK;General government;108954;RSD;RSD;SORS;Average gross earnings;A;Normal value
2403040110IND02;01;2022;RS;REPUBLIC OF SERBIA;3_ZS;Health and social work;113579;RSD;RSD;SORS;Average gross earnings;A;Normal value
2403040110IND02;01;2022;RS;REPUBLIC OF SERBIA;4_OK;Education and culture;96783;RSD;RSD;SORS;Average gross earnings;A;Normal value
2403040110IND02;01;2022;RS;REPUBLIC OF SERBIA;5_AD;Administration - all levels;115922;RSD;RSD;SORS;Average gross earnings;A;Normal value
2403040110IND02;01;2022;RS;REPUBLIC OF SERBIA;5_AD2;Administration - government  level;121289;RSD;RSD;SORS;Average gross earnings;A;Normal value
2403040110IND02;01;2022;RS;REPUBLIC OF SERBIA;5_AD3;Administration - autonomous  province level;117575;RSD;RSD;SORS;Average gross earnings;A;Normal value
2403040110IND02;01;2022;RS;REPUBLIC OF SERBIA;5_AD4;Administration - local authorities’ level;89282;RSD;RSD;SORS;Average gross earnings;A;Normal value
2403040110IND02;01;2023;RS;REPUBLIC OF SERBIA;0;Total;114228;RSD;RSD;SORS;Average gross earnings;A;Normal value
2403040110IND02;01;2023;RS;REPUBLIC OF SERBIA;0_JP_JD_JL;Public enterprises;120481;RSD;RSD;SORS;Average gross earnings;A;Normal value
2403040110IND02;01;2023;RS;REPUBLIC OF SERBIA;0_JS;Public sector;121471;RSD;RSD;SORS;Average gross earnings;A;Normal value
2403040110IND02;01;2023;RS;REPUBLIC OF SERBIA;0_VJS;Non-public sector;111283;RSD;RSD;SORS;Average gross earnings;A;Normal value
2403040110IND02;01;2023;RS;REPUBLIC OF SERBIA;1_JD;Public state enterprises;129196;RSD;RSD;SORS;Average gross earnings;A;Normal value
2403040110IND02;01;2023;RS;REPUBLIC OF SERBIA;2_JL;Public local enterprises;108408;RSD;RSD;SORS;Average gross earnings;A;Normal value
2403040110IND02;01;2023;RS;REPUBLIC OF SERBIA;3_4_5_BK;General government;121783;RSD;RSD;SORS;Average gross earnings;A;Normal value
2403040110IND02;01;2023;RS;REPUBLIC OF SERBIA;3_ZS;Health and social work;122190;RSD;RSD;SORS;Average gross earnings;A;Normal value
2403040110IND02;01;2023;RS;REPUBLIC OF SERBIA;4_OK;Education and culture;109804;RSD;RSD;SORS;Average gross earnings;A;Normal value
2403040110IND02;01;2023;RS;REPUBLIC OF SERBIA;5_AD;Administration - all levels;132552;RSD;RSD;SORS;Average gross earnings;A;Normal value
2403040110IND02;01;2023;RS;REPUBLIC OF SERBIA;5_AD2;Administration - government  level;138820;RSD;RSD;SORS;Average gross earnings;A;Normal value
2403040110IND02;01;2023;RS;REPUBLIC OF SERBIA;5_AD3;Administration - autonomous  province level;132717;RSD;RSD;SORS;Average gross earnings;A;Normal value
2403040110IND02;01;2023;RS;REPUBLIC OF SERBIA;5_AD4;Administration - local authorities’ level;101573;RSD;RSD;SORS;Average gross earnings;A;Normal value
2403040110IND02;01;2024;RS;REPUBLIC OF SERBIA;0;Total;132372;RSD;RSD;SORS;Average gross earnings;A;Normal value
2403040110IND02;01;2024;RS;REPUBLIC OF SERBIA;0_JP_JD_JL;Public enterprises;143200;RSD;RSD;SORS;Average gross earnings;A;Normal value
2403040110IND02;01;2024;RS;REPUBLIC OF SERBIA;0_JS;Public sector;141110;RSD;RSD;SORS;Average gross earnings;A;Normal value
2403040110IND02;01;2024;RS;REPUBLIC OF SERBIA;0_VJS;Non-public sector;128842;RSD;RSD;SORS;Average gross earnings;A;Normal value
2403040110IND02;01;2024;RS;REPUBLIC OF SERBIA;1_JD;Public state enterprises;154034;RSD;RSD;SORS;Average gross earnings;A;Normal value
2403040110IND02;01;2024;RS;REPUBLIC OF SERBIA;2_JL;Public local enterprises;128326;RSD;RSD;SORS;Average gross earnings;A;Normal value
2403040110IND02;01;2024;RS;REPUBLIC OF SERBIA;3_4_5_BK;General government;140462;RSD;RSD;SORS;Average gross earnings;A;Normal value
2403040110IND02;01;2024;RS;REPUBLIC OF SERBIA;3_ZS;Health and social work;139626;RSD;RSD;SORS;Average gross earnings;A;Normal value
2403040110IND02;01;2024;RS;REPUBLIC OF SERBIA;4_OK;Education and culture;128834;RSD;RSD;SORS;Average gross earnings;A;Normal value
2403040110IND02;01;2024;RS;REPUBLIC OF SERBIA;5_AD;Administration - all levels;151728;RSD;RSD;SORS;Average gross earnings;A;Normal value
2403040110IND02;01;2024;RS;REPUBLIC OF SERBIA;5_AD2;Administration - government  level;158981;RSD;RSD;SORS;Average gross earnings;A;Normal value
2403040110IND02;01;2024;RS;REPUBLIC OF SERBIA;5_AD3;Administration - autonomous  province level;150576;RSD;RSD;SORS;Average gross earnings;A;Normal value
2403040110IND02;01;2024;RS;REPUBLIC OF SERBIA;5_AD4;Administration - local authorities’ level;115584;RSD;RSD;SORS;Average gross earnings;A;Normal value
2403040110IND02;01;2025;RS;REPUBLIC OF SERBIA;0;Total;148440;RSD;RSD;SORS;Average gross earnings;A;Normal value
2403040110IND02;01;2025;RS;REPUBLIC OF SERBIA;0_JP_JD_JL;Public enterprises;162848;RSD;RSD;SORS;Average gross earnings;A;Normal value
2403040110IND02;01;2025;RS;REPUBLIC OF SERBIA;0_JS;Public sector;156398;RSD;RSD;SORS;Average gross earnings;A;Normal value
2403040110IND02;01;2025;RS;REPUBLIC OF SERBIA;0_VJS;Non-public sector;145244;RSD;RSD;SORS;Average gross earnings;A;Normal value
2403040110IND02;01;2025;RS;REPUBLIC OF SERBIA;1_JD;Public state enterprises;176298;RSD;RSD;SORS;Average gross earnings;A;Normal value
2403040110IND02;01;2025;RS;REPUBLIC OF SERBIA;2_JL;Public local enterprises;144516;RSD;RSD;SORS;Average gross earnings;A;Normal value
2403040110IND02;01;2025;RS;REPUBLIC OF SERBIA;3_4_5_BK;General government;154423;RSD;RSD;SORS;Average gross earnings;A;Normal value
2403040110IND02;01;2025;RS;REPUBLIC OF SERBIA;3_ZS;Health and social work;152689;RSD;RSD;SORS;Average gross earnings;A;Normal value
2403040110IND02;01;2025;RS;REPUBLIC OF SERBIA;4_OK;Education and culture;142532;RSD;RSD;SORS;Average gross earnings;A;Normal value
2403040110IND02;01;2025;RS;REPUBLIC OF SERBIA;5_AD;Administration - all levels;167046;RSD;RSD;SORS;Average gross earnings;A;Normal value
2403040110IND02;01;2025;RS;REPUBLIC OF SERBIA;5_AD2;Administration - government  level;174644;RSD;RSD;SORS;Average gross earnings;A;Normal value
2403040110IND02;01;2025;RS;REPUBLIC OF SERBIA;5_AD3;Administration - autonomous  province level;163836;RSD;RSD;SORS;Average gross earnings;A;Normal value
2403040110IND02;01;2025;RS;REPUBLIC OF SERBIA;5_AD4;Administration - local authorities’ level;129166;RSD;RSD;SORS;Average gross earnings;A;Normal value
2403040110IND02;01;2026;RS;REPUBLIC OF SERBIA;0;Total;163385;RSD;RSD;SORS;Average gross earnings;A;Normal value
2403040110IND02;01;2026;RS;REPUBLIC OF SERBIA;0_JP_JD_JL;Public enterprises;184086;RSD;RSD;SORS;Average gross earnings;A;Normal value
2403040110IND02;01;2026;RS;REPUBLIC OF SERBIA;0_JS;Public sector;175340;RSD;RSD;SORS;Average gross earnings;A;Normal value
2403040110IND02;01;2026;RS;REPUBLIC OF SERBIA;0_VJS;Non-public sector;158539;RSD;RSD;SORS;Average gross earnings;A;Normal value
2403040110IND02;01;2026;RS;REPUBLIC OF SERBIA;1_JD;Public state enterprises;198992;RSD;RSD;SORS;Average gross earnings;A;Normal value
2403040110IND02;01;2026;RS;REPUBLIC OF SERBIA;2_JL;Public local enterprises;164024;RSD;RSD;SORS;Average gross earnings;A;Normal value
2403040110IND02;01;2026;RS;REPUBLIC OF SERBIA;3_4_5_BK;General government;172706;RSD;RSD;SORS;Average gross earnings;A;Normal value
2403040110IND02;01;2026;RS;REPUBLIC OF SERBIA;3_ZS;Health and social work;171769;RSD;RSD;SORS;Average gross earnings;A;Normal value
2403040110IND02;01;2026;RS;REPUBLIC OF SERBIA;4_OK;Education and culture;164507;RSD;RSD;SORS;Average gross earnings;A;Normal value
2403040110IND02;01;2026;RS;REPUBLIC OF SERBIA;5_AD;Administration - all levels;181270;RSD;RSD;SORS;Average gross earnings;A;Normal value
2403040110IND02;01;2026;RS;REPUBLIC OF SERBIA;5_AD2;Administration - government  level;188960;RSD;RSD;SORS;Average gross earnings;A;Normal value
2403040110IND02;01;2026;RS;REPUBLIC OF SERBIA;5_AD3;Administration - autonomous  province level;170694;RSD;RSD;SORS;Average gross earnings;A;Normal value
2403040110IND02;01;2026;RS;REPUBLIC OF SERBIA;5_AD4;Administration - local authorities’ level;142447;RSD;RSD;SORS;Average gross earnings;A;Normal value
2403040110IND02;02;2018;RS;REPUBLIC OF SERBIA;0;Total;67646;RSD;RSD;SORS;Average gross earnings;A;Normal value
2403040110IND02;02;2018;RS;REPUBLIC OF SERBIA;0_JP_JD_JL;Public enterprises;82249;RSD;RSD;SORS;Average gross earnings;A;Normal value
2403040110IND02;02;2018;RS;REPUBLIC OF SERBIA;0_JS;Public sector;76873;RSD;RSD;SORS;Average gross earnings;A;Normal value
2403040110IND02;02;2018;RS;REPUBLIC OF SERBIA;0_VJS;Non-public sector;62900;RSD;RSD;SORS;Average gross earnings;A;Normal value
2403040110IND02;02;2018;RS;REPUBLIC OF SERBIA;1_JD;Public state enterprises;93382;RSD;RSD;SORS;Average gross earnings;A;Normal value
2403040110IND02;02;2018;RS;REPUBLIC OF SERBIA;2_JL;Public local enterprises;65349;RSD;RSD;SORS;Average gross earnings;A;Normal value
2403040110IND02;02;2018;RS;REPUBLIC OF SERBIA;3_4_5_BK;General government;75095;RSD;RSD;SORS;Average gross earnings;A;Normal value
2403040110IND02;02;2018;RS;REPUBLIC OF SERBIA;3_ZS;Health and social work;69767;RSD;RSD;SORS;Average gross earnings;A;Normal value
2403040110IND02;02;2018;RS;REPUBLIC OF SERBIA;4_OK;Education and culture;72541;RSD;RSD;SORS;Average gross earnings;A;Normal value
2403040110IND02;02;2018;RS;REPUBLIC OF SERBIA;5_AD;Administration - all levels;82229;RSD;RSD;SORS;Average gross earnings;A;Normal value
2403040110IND02;02;2018;RS;REPUBLIC OF SERBIA;5_AD2;Administration - government  level;85486;RSD;RSD;SORS;Average gross earnings;A;Normal value
2403040110IND02;02;2018;RS;REPUBLIC OF SERBIA;5_AD3;Administration - autonomous  province level;85744;RSD;RSD;SORS;Average gross earnings;A;Normal value
2403040110IND02;02;2018;RS;REPUBLIC OF SERBIA;5_AD4;Administration - local authorities’ level;66049;RSD;RSD;SORS;Average gross earnings;A;Normal value
2403040110IND02;02;2019;RS;REPUBLIC OF SERBIA;0;Total;73817;RSD;RSD;SORS;Average gross earnings;A;Normal value
2403040110IND02;02;2019;RS;REPUBLIC OF SERBIA;0_JP_JD_JL;Public enterprises;90066;RSD;RSD;SORS;Average gross earnings;A;Normal value
2403040110IND02;02;2019;RS;REPUBLIC OF SERBIA;0_JS;Public sector;84327;RSD;RSD;SORS;Average gross earnings;A;Normal value
2403040110IND02;02;2019;RS;REPUBLIC OF SERBIA;0_VJS;Non-public sector;68818;RSD;RSD;SORS;Average gross earnings;A;Normal value
2403040110IND02;02;2019;RS;REPUBLIC OF SERBIA;1_JD;Public state enterprises;102952;RSD;RSD;SORS;Average gross earnings;A;Normal value
2403040110IND02;02;2019;RS;REPUBLIC OF SERBIA;2_JL;Public local enterprises;72074;RSD;RSD;SORS;Average gross earnings;A;Normal value
2403040110IND02;02;2019;RS;REPUBLIC OF SERBIA;3_4_5_BK;General government;82476;RSD;RSD;SORS;Average gross earnings;A;Normal value
2403040110IND02;02;2019;RS;REPUBLIC OF SERBIA;3_ZS;Health and social work;76926;RSD;RSD;SORS;Average gross earnings;A;Normal value
2403040110IND02;02;2019;RS;REPUBLIC OF SERBIA;4_OK;Education and culture;78900;RSD;RSD;SORS;Average gross earnings;A;Normal value
2403040110IND02;02;2019;RS;REPUBLIC OF SERBIA;5_AD;Administration - all levels;90822;RSD;RSD;SORS;Average gross earnings;A;Normal value
2403040110IND02;02;2019;RS;REPUBLIC OF SERBIA;5_AD2;Administration - government  level;94591;RSD;RSD;SORS;Average gross earnings;A;Normal value
2403040110IND02;02;2019;RS;REPUBLIC OF SERBIA;5_AD3;Administration - autonomous  province level;104470;RSD;RSD;SORS;Average gross earnings;A;Normal value
2403040110IND02;02;2019;RS;REPUBLIC OF SERBIA;5_AD4;Administration - local authorities’ level;71493;RSD;RSD;SORS;Average gross earnings;A;Normal value
2403040110IND02;02;2020;RS;REPUBLIC OF SERBIA;0;Total;81562;RSD;RSD;SORS;Average gross earnings;A;Normal value
2403040110IND02;02;2020;RS;REPUBLIC OF SERBIA;0_JP_JD_JL;Public enterprises;99676;RSD;RSD;SORS;Average gross earnings;A;Normal value
2403040110IND02;02;2020;RS;REPUBLIC OF SERBIA;0_JS;Public sector;93310;RSD;RSD;SORS;Average gross earnings;A;Normal value
2403040110IND02;02;2020;RS;REPUBLIC OF SERBIA;0_VJS;Non-public sector;76233;RSD;RSD;SORS;Average gross earnings;A;Normal value
2403040110IND02;02;2020;RS;REPUBLIC OF SERBIA;1_JD;Public state enterprises;111816;RSD;RSD;SORS;Average gross earnings;A;Normal value
2403040110IND02;02;2020;RS;REPUBLIC OF SERBIA;2_JL;Public local enterprises;82847;RSD;RSD;SORS;Average gross earnings;A;Normal value
2403040110IND02;02;2020;RS;REPUBLIC OF SERBIA;3_4_5_BK;General government;91280;RSD;RSD;SORS;Average gross earnings;A;Normal value
2403040110IND02;02;2020;RS;REPUBLIC OF SERBIA;3_ZS;Health and social work;86791;RSD;RSD;SORS;Average gross earnings;A;Normal value
2403040110IND02;02;2020;RS;REPUBLIC OF SERBIA;4_OK;Education and culture;86662;RSD;RSD;SORS;Average gross earnings;A;Normal value
2403040110IND02;02;2020;RS;REPUBLIC OF SERBIA;5_AD;Administration - all levels;99598;RSD;RSD;SORS;Average gross earnings;A;Normal value
2403040110IND02;02;2020;RS;REPUBLIC OF SERBIA;5_AD2;Administration - government  level;103754;RSD;RSD;SORS;Average gross earnings;A;Normal value
2403040110IND02;02;2020;RS;REPUBLIC OF SERBIA;5_AD3;Administration - autonomous  province level;114283;RSD;RSD;SORS;Average gross earnings;A;Normal value
2403040110IND02;02;2020;RS;REPUBLIC OF SERBIA;5_AD4;Administration - local authorities’ level;78372;RSD;RSD;SORS;Average gross earnings;A;Normal value
2403040110IND02;02;2021;RS;REPUBLIC OF SERBIA;0;Total;86459;RSD;RSD;SORS;Average gross earnings;A;Normal value
2403040110IND02;02;2021;RS;REPUBLIC OF SERBIA;0_JP_JD_JL;Public enterprises;99630;RSD;RSD;SORS;Average gross earnings;A;Normal value
2403040110IND02;02;2021;RS;REPUBLIC OF SERBIA;0_JS;Public sector;99180;RSD;RSD;SORS;Average gross earnings;A;Normal value
2403040110IND02;02;2021;RS;REPUBLIC OF SERBIA;0_VJS;Non-public sector;80986;RSD;RSD;SORS;Average gross earnings;A;Normal value
2403040110IND02;02;2021;RS;REPUBLIC OF SERBIA;1_JD;Public state enterprises;109902;RSD;RSD;SORS;Average gross earnings;A;Normal value
2403040110IND02;02;2021;RS;REPUBLIC OF SERBIA;2_JL;Public local enterprises;85265;RSD;RSD;SORS;Average gross earnings;A;Normal value
2403040110IND02;02;2021;RS;REPUBLIC OF SERBIA;3_4_5_BK;General government;99037;RSD;RSD;SORS;Average gross earnings;A;Normal value
2403040110IND02;02;2021;RS;REPUBLIC OF SERBIA;3_ZS;Health and social work;103633;RSD;RSD;SORS;Average gross earnings;A;Normal value
2403040110IND02;02;2021;RS;REPUBLIC OF SERBIA;4_OK;Education and culture;89480;RSD;RSD;SORS;Average gross earnings;A;Normal value
2403040110IND02;02;2021;RS;REPUBLIC OF SERBIA;5_AD;Administration - all levels;103658;RSD;RSD;SORS;Average gross earnings;A;Normal value
2403040110IND02;02;2021;RS;REPUBLIC OF SERBIA;5_AD2;Administration - government  level;107950;RSD;RSD;SORS;Average gross earnings;A;Normal value
2403040110IND02;02;2021;RS;REPUBLIC OF SERBIA;5_AD3;Administration - autonomous  province level;121064;RSD;RSD;SORS;Average gross earnings;A;Normal value
2403040110IND02;02;2021;RS;REPUBLIC OF SERBIA;5_AD4;Administration - local authorities’ level;81528;RSD;RSD;SORS;Average gross earnings;A;Normal value
2403040110IND02;02;2022;RS;REPUBLIC OF SERBIA;0;Total;97634;RSD;RSD;SORS;Average gross earnings;A;Normal value
2403040110IND02;02;2022;RS;REPUBLIC OF SERBIA;0_JP_JD_JL;Public enterprises;106987;RSD;RSD;SORS;Average gross earnings;A;Normal value
2403040110IND02;02;2022;RS;REPUBLIC OF SERBIA;0_JS;Public sector;108030;RSD;RSD;SORS;Average gross earnings;A;Normal value
2403040110IND02;02;2022;RS;REPUBLIC OF SERBIA;0_VJS;Non-public sector;93275;RSD;RSD;SORS;Average gross earnings;A;Normal value
2403040110IND02;02;2022;RS;REPUBLIC OF SERBIA;1_JD;Public state enterprises;117457;RSD;RSD;SORS;Average gross earnings;A;Normal value
2403040110IND02;02;2022;RS;REPUBLIC OF SERBIA;2_JL;Public local enterprises;92438;RSD;RSD;SORS;Average gross earnings;A;Normal value
2403040110IND02;02;2022;RS;REPUBLIC OF SERBIA;3_4_5_BK;General government;108360;RSD;RSD;SORS;Average gross earnings;A;Normal value
2403040110IND02;02;2022;RS;REPUBLIC OF SERBIA;3_ZS;Health and social work;112328;RSD;RSD;SORS;Average gross earnings;A;Normal value
2403040110IND02;02;2022;RS;REPUBLIC OF SERBIA;4_OK;Education and culture;96700;RSD;RSD;SORS;Average gross earnings;A;Normal value
2403040110IND02;02;2022;RS;REPUBLIC OF SERBIA;5_AD;Administration - all levels;115522;RSD;RSD;SORS;Average gross earnings;A;Normal value
2403040110IND02;02;2022;RS;REPUBLIC OF SERBIA;5_AD2;Administration - government  level;120604;RSD;RSD;SORS;Average gross earnings;A;Normal value
2403040110IND02;02;2022;RS;REPUBLIC OF SERBIA;5_AD3;Administration - autonomous  province level;131402;RSD;RSD;SORS;Average gross earnings;A;Normal value
2403040110IND02;02;2022;RS;REPUBLIC OF SERBIA;5_AD4;Administration - local authorities’ level;89701;RSD;RSD;SORS;Average gross earnings;A;Normal value
2403040110IND02;02;2023;RS;REPUBLIC OF SERBIA;0;Total;113217;RSD;RSD;SORS;Average gross earnings;A;Normal value
2403040110IND02;02;2023;RS;REPUBLIC OF SERBIA;0_JP_JD_JL;Public enterprises;119232;RSD;RSD;SORS;Average gross earnings;A;Normal value
2403040110IND02;02;2023;RS;REPUBLIC OF SERBIA;0_JS;Public sector;120273;RSD;RSD;SORS;Average gross earnings;A;Normal value
2403040110IND02;02;2023;RS;REPUBLIC OF SERBIA;0_VJS;Non-public sector;110350;RSD;RSD;SORS;Average gross earnings;A;Normal value
2403040110IND02;02;2023;RS;REPUBLIC OF SERBIA;1_JD;Public state enterprises;128454;RSD;RSD;SORS;Average gross earnings;A;Normal value
2403040110IND02;02;2023;RS;REPUBLIC OF SERBIA;2_JL;Public local enterprises;106476;RSD;RSD;SORS;Average gross earnings;A;Normal value
2403040110IND02;02;2023;RS;REPUBLIC OF SERBIA;3_4_5_BK;General government;120600;RSD;RSD;SORS;Average gross earnings;A;Normal value
2403040110IND02;02;2023;RS;REPUBLIC OF SERBIA;3_ZS;Health and social work;120426;RSD;RSD;SORS;Average gross earnings;A;Normal value
2403040110IND02;02;2023;RS;REPUBLIC OF SERBIA;4_OK;Education and culture;108985;RSD;RSD;SORS;Average gross earnings;A;Normal value
2403040110IND02;02;2023;RS;REPUBLIC OF SERBIA;5_AD;Administration - all levels;131611;RSD;RSD;SORS;Average gross earnings;A;Normal value
2403040110IND02;02;2023;RS;REPUBLIC OF SERBIA;5_AD2;Administration - government  level;137514;RSD;RSD;SORS;Average gross earnings;A;Normal value
2403040110IND02;02;2023;RS;REPUBLIC OF SERBIA;5_AD3;Administration - autonomous  province level;155863;RSD;RSD;SORS;Average gross earnings;A;Normal value
2403040110IND02;02;2023;RS;REPUBLIC OF SERBIA;5_AD4;Administration - local authorities’ level;101277;RSD;RSD;SORS;Average gross earnings;A;Normal value
2403040110IND02;02;2024;RS;REPUBLIC OF SERBIA;0;Total;131151;RSD;RSD;SORS;Average gross earnings;A;Normal value
2403040110IND02;02;2024;RS;REPUBLIC OF SERBIA;0_JP_JD_JL;Public enterprises;139862;RSD;RSD;SORS;Average gross earnings;A;Normal value
2403040110IND02;02;2024;RS;REPUBLIC OF SERBIA;0_JS;Public sector;139305;RSD;RSD;SORS;Average gross earnings;A;Normal value
2403040110IND02;02;2024;RS;REPUBLIC OF SERBIA;0_VJS;Non-public sector;127855;RSD;RSD;SORS;Average gross earnings;A;Normal value
2403040110IND02;02;2024;RS;REPUBLIC OF SERBIA;1_JD;Public state enterprises;150482;RSD;RSD;SORS;Average gross earnings;A;Normal value
2403040110IND02;02;2024;RS;REPUBLIC OF SERBIA;2_JL;Public local enterprises;125317;RSD;RSD;SORS;Average gross earnings;A;Normal value
2403040110IND02;02;2024;RS;REPUBLIC OF SERBIA;3_4_5_BK;General government;139133;RSD;RSD;SORS;Average gross earnings;A;Normal value
2403040110IND02;02;2024;RS;REPUBLIC OF SERBIA;3_ZS;Health and social work;137585;RSD;RSD;SORS;Average gross earnings;A;Normal value
2403040110IND02;02;2024;RS;REPUBLIC OF SERBIA;4_OK;Education and culture;128519;RSD;RSD;SORS;Average gross earnings;A;Normal value
2403040110IND02;02;2024;RS;REPUBLIC OF SERBIA;5_AD;Administration - all levels;150267;RSD;RSD;SORS;Average gross earnings;A;Normal value
2403040110IND02;02;2024;RS;REPUBLIC OF SERBIA;5_AD2;Administration - government  level;157392;RSD;RSD;SORS;Average gross earnings;A;Normal value
2403040110IND02;02;2024;RS;REPUBLIC OF SERBIA;5_AD3;Administration - autonomous  province level;149941;RSD;RSD;SORS;Average gross earnings;A;Normal value
2403040110IND02;02;2024;RS;REPUBLIC OF SERBIA;5_AD4;Administration - local authorities’ level;114730;RSD;RSD;SORS;Average gross earnings;A;Normal value
2403040110IND02;02;2025;RS;REPUBLIC OF SERBIA;0;Total;145676;RSD;RSD;SORS;Average gross earnings;A;Normal value
2403040110IND02;02;2025;RS;REPUBLIC OF SERBIA;0_JP_JD_JL;Public enterprises;156157;RSD;RSD;SORS;Average gross earnings;A;Normal value
2403040110IND02;02;2025;RS;REPUBLIC OF SERBIA;0_JS;Public sector;153335;RSD;RSD;SORS;Average gross earnings;A;Normal value
2403040110IND02;02;2025;RS;REPUBLIC OF SERBIA;0_VJS;Non-public sector;142628;RSD;RSD;SORS;Average gross earnings;A;Normal value
2403040110IND02;02;2025;RS;REPUBLIC OF SERBIA;1_JD;Public state enterprises;168352;RSD;RSD;SORS;Average gross earnings;A;Normal value
2403040110IND02;02;2025;RS;REPUBLIC OF SERBIA;2_JL;Public local enterprises;139605;RSD;RSD;SORS;Average gross earnings;A;Normal value
2403040110IND02;02;2025;RS;REPUBLIC OF SERBIA;3_4_5_BK;General government;152462;RSD;RSD;SORS;Average gross earnings;A;Normal value
2403040110IND02;02;2025;RS;REPUBLIC OF SERBIA;3_ZS;Health and social work;150644;RSD;RSD;SORS;Average gross earnings;A;Normal value
2403040110IND02;02;2025;RS;REPUBLIC OF SERBIA;4_OK;Education and culture;139489;RSD;RSD;SORS;Average gross earnings;A;Normal value
2403040110IND02;02;2025;RS;REPUBLIC OF SERBIA;5_AD;Administration - all levels;165782;RSD;RSD;SORS;Average gross earnings;A;Normal value
2403040110IND02;02;2025;RS;REPUBLIC OF SERBIA;5_AD2;Administration - government  level;173505;RSD;RSD;SORS;Average gross earnings;A;Normal value
2403040110IND02;02;2025;RS;REPUBLIC OF SERBIA;5_AD3;Administration - autonomous  province level;162159;RSD;RSD;SORS;Average gross earnings;A;Normal value
2403040110IND02;02;2025;RS;REPUBLIC OF SERBIA;5_AD4;Administration - local authorities’ level;127558;RSD;RSD;SORS;Average gross earnings;A;Normal value
2403040110IND02;02;2026;RS;REPUBLIC OF SERBIA;0;Total;161724;RSD;RSD;SORS;Average gross earnings;A;Normal value
2403040110IND02;02;2026;RS;REPUBLIC OF SERBIA;0_JP_JD_JL;Public enterprises;175083;RSD;RSD;SORS;Average gross earnings;A;Normal value
2403040110IND02;02;2026;RS;REPUBLIC OF SERBIA;0_JS;Public sector;172456;RSD;RSD;SORS;Average gross earnings;A;Normal value
2403040110IND02;02;2026;RS;REPUBLIC OF SERBIA;0_VJS;Non-public sector;157373;RSD;RSD;SORS;Average gross earnings;A;Normal value
2403040110IND02;02;2026;RS;REPUBLIC OF SERBIA;1_JD;Public state enterprises;186972;RSD;RSD;SORS;Average gross earnings;A;Normal value
2403040110IND02;02;2026;RS;REPUBLIC OF SERBIA;2_JL;Public local enterprises;159138;RSD;RSD;SORS;Average gross earnings;A;Normal value
2403040110IND02;02;2026;RS;REPUBLIC OF SERBIA;3_4_5_BK;General government;171667;RSD;RSD;SORS;Average gross earnings;A;Normal value
2403040110IND02;02;2026;RS;REPUBLIC OF SERBIA;3_ZS;Health and social work;170440;RSD;RSD;SORS;Average gross earnings;A;Normal value
2403040110IND02;02;2026;RS;REPUBLIC OF SERBIA;4_OK;Education and culture;164169;RSD;RSD;SORS;Average gross earnings;A;Normal value
2403040110IND02;02;2026;RS;REPUBLIC OF SERBIA;5_AD;Administration - all levels;179908;RSD;RSD;SORS;Average gross earnings;A;Normal value
2403040110IND02;02;2026;RS;REPUBLIC OF SERBIA;5_AD2;Administration - government  level;187589;RSD;RSD;SORS;Average gross earnings;A;Normal value
2403040110IND02;02;2026;RS;REPUBLIC OF SERBIA;5_AD3;Administration - autonomous  province level;169971;RSD;RSD;SORS;Average gross earnings;A;Normal value
2403040110IND02;02;2026;RS;REPUBLIC OF SERBIA;5_AD4;Administration - local authorities’ level;141276;RSD;RSD;SORS;Average gross earnings;A;Normal value
2403040110IND02;03;2018;RS;REPUBLIC OF SERBIA;0;Total;67850;RSD;RSD;SORS;Average gross earnings;A;Normal value
2403040110IND02;03;2018;RS;REPUBLIC OF SERBIA;0_JP_JD_JL;Public enterprises;82829;RSD;RSD;SORS;Average gross earnings;A;Normal value
2403040110IND02;03;2018;RS;REPUBLIC OF SERBIA;0_JS;Public sector;76816;RSD;RSD;SORS;Average gross earnings;A;Normal value
2403040110IND02;03;2018;RS;REPUBLIC OF SERBIA;0_VJS;Non-public sector;63252;RSD;RSD;SORS;Average gross earnings;A;Normal value
2403040110IND02;03;2018;RS;REPUBLIC OF SERBIA;1_JD;Public state enterprises;94335;RSD;RSD;SORS;Average gross earnings;A;Normal value
2403040110IND02;03;2018;RS;REPUBLIC OF SERBIA;2_JL;Public local enterprises;65449;RSD;RSD;SORS;Average gross earnings;A;Normal value
2403040110IND02;03;2018;RS;REPUBLIC OF SERBIA;3_4_5_BK;General government;74829;RSD;RSD;SORS;Average gross earnings;A;Normal value
2403040110IND02;03;2018;RS;REPUBLIC OF SERBIA;3_ZS;Health and social work;69497;RSD;RSD;SORS;Average gross earnings;A;Normal value
2403040110IND02;03;2018;RS;REPUBLIC OF SERBIA;4_OK;Education and culture;72526;RSD;RSD;SORS;Average gross earnings;A;Normal value
2403040110IND02;03;2018;RS;REPUBLIC OF SERBIA;5_AD;Administration - all levels;81735;RSD;RSD;SORS;Average gross earnings;A;Normal value
2403040110IND02;03;2018;RS;REPUBLIC OF SERBIA;5_AD2;Administration - government  level;84903;RSD;RSD;SORS;Average gross earnings;A;Normal value
2403040110IND02;03;2018;RS;REPUBLIC OF SERBIA;5_AD3;Administration - autonomous  province level;85884;RSD;RSD;SORS;Average gross earnings;A;Normal value
2403040110IND02;03;2018;RS;REPUBLIC OF SERBIA;5_AD4;Administration - local authorities’ level;65953;RSD;RSD;SORS;Average gross earnings;A;Normal value
2403040110IND02;03;2019;RS;REPUBLIC OF SERBIA;0;Total;74132;RSD;RSD;SORS;Average gross earnings;A;Normal value
2403040110IND02;03;2019;RS;REPUBLIC OF SERBIA;0_JP_JD_JL;Public enterprises;90137;RSD;RSD;SORS;Average gross earnings;A;Normal value
2403040110IND02;03;2019;RS;REPUBLIC OF SERBIA;0_JS;Public sector;84124;RSD;RSD;SORS;Average gross earnings;A;Normal value
2403040110IND02;03;2019;RS;REPUBLIC OF SERBIA;0_VJS;Non-public sector;69393;RSD;RSD;SORS;Average gross earnings;A;Normal value
2403040110IND02;03;2019;RS;REPUBLIC OF SERBIA;1_JD;Public state enterprises;103321;RSD;RSD;SORS;Average gross earnings;A;Normal value
2403040110IND02;03;2019;RS;REPUBLIC OF SERBIA;2_JL;Public local enterprises;71732;RSD;RSD;SORS;Average gross earnings;A;Normal value
2403040110IND02;03;2019;RS;REPUBLIC OF SERBIA;3_4_5_BK;General government;82186;RSD;RSD;SORS;Average gross earnings;A;Normal value
2403040110IND02;03;2019;RS;REPUBLIC OF SERBIA;3_ZS;Health and social work;76535;RSD;RSD;SORS;Average gross earnings;A;Normal value
2403040110IND02;03;2019;RS;REPUBLIC OF SERBIA;4_OK;Education and culture;78936;RSD;RSD;SORS;Average gross earnings;A;Normal value
2403040110IND02;03;2019;RS;REPUBLIC OF SERBIA;5_AD;Administration - all levels;90338;RSD;RSD;SORS;Average gross earnings;A;Normal value
2403040110IND02;03;2019;RS;REPUBLIC OF SERBIA;5_AD2;Administration - government  level;94062;RSD;RSD;SORS;Average gross earnings;A;Normal value
2403040110IND02;03;2019;RS;REPUBLIC OF SERBIA;5_AD3;Administration - autonomous  province level;100446;RSD;RSD;SORS;Average gross earnings;A;Normal value
2403040110IND02;03;2019;RS;REPUBLIC OF SERBIA;5_AD4;Administration - local authorities’ level;71428;RSD;RSD;SORS;Average gross earnings;A;Normal value
2403040110IND02;03;2020;RS;REPUBLIC OF SERBIA;0;Total;81817;RSD;RSD;SORS;Average gross earnings;A;Normal value
2403040110IND02;03;2020;RS;REPUBLIC OF SERBIA;0_JP_JD_JL;Public enterprises;100773;RSD;RSD;SORS;Average gross earnings;A;Normal value
2403040110IND02;03;2020;RS;REPUBLIC OF SERBIA;0_JS;Public sector;93143;RSD;RSD;SORS;Average gross earnings;A;Normal value
2403040110IND02;03;2020;RS;REPUBLIC OF SERBIA;0_VJS;Non-public sector;76716;RSD;RSD;SORS;Average gross earnings;A;Normal value
2403040110IND02;03;2020;RS;REPUBLIC OF SERBIA;1_JD;Public state enterprises;113979;RSD;RSD;SORS;Average gross earnings;A;Normal value
2403040110IND02;03;2020;RS;REPUBLIC OF SERBIA;2_JL;Public local enterprises;82445;RSD;RSD;SORS;Average gross earnings;A;Normal value
2403040110IND02;03;2020;RS;REPUBLIC OF SERBIA;3_4_5_BK;General government;90705;RSD;RSD;SORS;Average gross earnings;A;Normal value
2403040110IND02;03;2020;RS;REPUBLIC OF SERBIA;3_ZS;Health and social work;86131;RSD;RSD;SORS;Average gross earnings;A;Normal value
2403040110IND02;03;2020;RS;REPUBLIC OF SERBIA;4_OK;Education and culture;86489;RSD;RSD;SORS;Average gross earnings;A;Normal value
2403040110IND02;03;2020;RS;REPUBLIC OF SERBIA;5_AD;Administration - all levels;98733;RSD;RSD;SORS;Average gross earnings;A;Normal value
2403040110IND02;03;2020;RS;REPUBLIC OF SERBIA;5_AD2;Administration - government  level;102744;RSD;RSD;SORS;Average gross earnings;A;Normal value
2403040110IND02;03;2020;RS;REPUBLIC OF SERBIA;5_AD3;Administration - autonomous  province level;113144;RSD;RSD;SORS;Average gross earnings;A;Normal value
2403040110IND02;03;2020;RS;REPUBLIC OF SERBIA;5_AD4;Administration - local authorities’ level;78225;RSD;RSD;SORS;Average gross earnings;A;Normal value
2403040110IND02;03;2021;RS;REPUBLIC OF SERBIA;0;Total;87611;RSD;RSD;SORS;Average gross earnings;A;Normal value
2403040110IND02;03;2021;RS;REPUBLIC OF SERBIA;0_JP_JD_JL;Public enterprises;100817;RSD;RSD;SORS;Average gross earnings;A;Normal value
2403040110IND02;03;2021;RS;REPUBLIC OF SERBIA;0_JS;Public sector;99689;RSD;RSD;SORS;Average gross earnings;A;Normal value
2403040110IND02;03;2021;RS;REPUBLIC OF SERBIA;0_VJS;Non-public sector;82423;RSD;RSD;SORS;Average gross earnings;A;Normal value
2403040110IND02;03;2021;RS;REPUBLIC OF SERBIA;1_JD;Public state enterprises;111298;RSD;RSD;SORS;Average gross earnings;A;Normal value
2403040110IND02;03;2021;RS;REPUBLIC OF SERBIA;2_JL;Public local enterprises;86191;RSD;RSD;SORS;Average gross earnings;A;Normal value
2403040110IND02;03;2021;RS;REPUBLIC OF SERBIA;3_4_5_BK;General government;99331;RSD;RSD;SORS;Average gross earnings;A;Normal value
2403040110IND02;03;2021;RS;REPUBLIC OF SERBIA;3_ZS;Health and social work;103321;RSD;RSD;SORS;Average gross earnings;A;Normal value
2403040110IND02;03;2021;RS;REPUBLIC OF SERBIA;4_OK;Education and culture;90457;RSD;RSD;SORS;Average gross earnings;A;Normal value
2403040110IND02;03;2021;RS;REPUBLIC OF SERBIA;5_AD;Administration - all levels;103898;RSD;RSD;SORS;Average gross earnings;A;Normal value
2403040110IND02;03;2021;RS;REPUBLIC OF SERBIA;5_AD2;Administration - government  level;108124;RSD;RSD;SORS;Average gross earnings;A;Normal value
2403040110IND02;03;2021;RS;REPUBLIC OF SERBIA;5_AD3;Administration - autonomous  province level;117454;RSD;RSD;SORS;Average gross earnings;A;Normal value
2403040110IND02;03;2021;RS;REPUBLIC OF SERBIA;5_AD4;Administration - local authorities’ level;82323;RSD;RSD;SORS;Average gross earnings;A;Normal value
2403040110IND02;03;2022;RS;REPUBLIC OF SERBIA;0;Total;99356;RSD;RSD;SORS;Average gross earnings;A;Normal value
2403040110IND02;03;2022;RS;REPUBLIC OF SERBIA;0_JP_JD_JL;Public enterprises;110674;RSD;RSD;SORS;Average gross earnings;A;Normal value
2403040110IND02;03;2022;RS;REPUBLIC OF SERBIA;0_JS;Public sector;108772;RSD;RSD;SORS;Average gross earnings;A;Normal value
2403040110IND02;03;2022;RS;REPUBLIC OF SERBIA;0_VJS;Non-public sector;95409;RSD;RSD;SORS;Average gross earnings;A;Normal value
2403040110IND02;03;2022;RS;REPUBLIC OF SERBIA;1_JD;Public state enterprises;122960;RSD;RSD;SORS;Average gross earnings;A;Normal value
2403040110IND02;03;2022;RS;REPUBLIC OF SERBIA;2_JL;Public local enterprises;93602;RSD;RSD;SORS;Average gross earnings;A;Normal value
2403040110IND02;03;2022;RS;REPUBLIC OF SERBIA;3_4_5_BK;General government;108170;RSD;RSD;SORS;Average gross earnings;A;Normal value
2403040110IND02;03;2022;RS;REPUBLIC OF SERBIA;3_ZS;Health and social work;111574;RSD;RSD;SORS;Average gross earnings;A;Normal value
2403040110IND02;03;2022;RS;REPUBLIC OF SERBIA;4_OK;Education and culture;97534;RSD;RSD;SORS;Average gross earnings;A;Normal value
2403040110IND02;03;2022;RS;REPUBLIC OF SERBIA;5_AD;Administration - all levels;114902;RSD;RSD;SORS;Average gross earnings;A;Normal value
2403040110IND02;03;2022;RS;REPUBLIC OF SERBIA;5_AD2;Administration - government  level;119768;RSD;RSD;SORS;Average gross earnings;A;Normal value
2403040110IND02;03;2022;RS;REPUBLIC OF SERBIA;5_AD3;Administration - autonomous  province level;127368;RSD;RSD;SORS;Average gross earnings;A;Normal value
2403040110IND02;03;2022;RS;REPUBLIC OF SERBIA;5_AD4;Administration - local authorities’ level;90364;RSD;RSD;SORS;Average gross earnings;A;Normal value
2403040110IND02;03;2023;RS;REPUBLIC OF SERBIA;0;Total;114708;RSD;RSD;SORS;Average gross earnings;A;Normal value
2403040110IND02;03;2023;RS;REPUBLIC OF SERBIA;0_JP_JD_JL;Public enterprises;120722;RSD;RSD;SORS;Average gross earnings;A;Normal value
2403040110IND02;03;2023;RS;REPUBLIC OF SERBIA;0_JS;Public sector;120571;RSD;RSD;SORS;Average gross earnings;A;Normal value
2403040110IND02;03;2023;RS;REPUBLIC OF SERBIA;0_VJS;Non-public sector;112329;RSD;RSD;SORS;Average gross earnings;A;Normal value
2403040110IND02;03;2023;RS;REPUBLIC OF SERBIA;1_JD;Public state enterprises;130284;RSD;RSD;SORS;Average gross earnings;A;Normal value
2403040110IND02;03;2023;RS;REPUBLIC OF SERBIA;2_JL;Public local enterprises;107543;RSD;RSD;SORS;Average gross earnings;A;Normal value
2403040110IND02;03;2023;RS;REPUBLIC OF SERBIA;3_4_5_BK;General government;120523;RSD;RSD;SORS;Average gross earnings;A;Normal value
2403040110IND02;03;2023;RS;REPUBLIC OF SERBIA;3_ZS;Health and social work;120000;RSD;RSD;SORS;Average gross earnings;A;Normal value
2403040110IND02;03;2023;RS;REPUBLIC OF SERBIA;4_OK;Education and culture;109817;RSD;RSD;SORS;Average gross earnings;A;Normal value
2403040110IND02;03;2023;RS;REPUBLIC OF SERBIA;5_AD;Administration - all levels;131031;RSD;RSD;SORS;Average gross earnings;A;Normal value
2403040110IND02;03;2023;RS;REPUBLIC OF SERBIA;5_AD2;Administration - government  level;136749;RSD;RSD;SORS;Average gross earnings;A;Normal value
2403040110IND02;03;2023;RS;REPUBLIC OF SERBIA;5_AD3;Administration - autonomous  province level;149014;RSD;RSD;SORS;Average gross earnings;A;Normal value
2403040110IND02;03;2023;RS;REPUBLIC OF SERBIA;5_AD4;Administration - local authorities’ level;101937;RSD;RSD;SORS;Average gross earnings;A;Normal value
2403040110IND02;03;2024;RS;REPUBLIC OF SERBIA;0;Total;131893;RSD;RSD;SORS;Average gross earnings;A;Normal value
2403040110IND02;03;2024;RS;REPUBLIC OF SERBIA;0_JP_JD_JL;Public enterprises;138715;RSD;RSD;SORS;Average gross earnings;A;Normal value
2403040110IND02;03;2024;RS;REPUBLIC OF SERBIA;0_JS;Public sector;138675;RSD;RSD;SORS;Average gross earnings;A;Normal value
2403040110IND02;03;2024;RS;REPUBLIC OF SERBIA;0_VJS;Non-public sector;129153;RSD;RSD;SORS;Average gross earnings;A;Normal value
2403040110IND02;03;2024;RS;REPUBLIC OF SERBIA;1_JD;Public state enterprises;149602;RSD;RSD;SORS;Average gross earnings;A;Normal value
2403040110IND02;03;2024;RS;REPUBLIC OF SERBIA;2_JL;Public local enterprises;123830;RSD;RSD;SORS;Average gross earnings;A;Normal value
2403040110IND02;03;2024;RS;REPUBLIC OF SERBIA;3_4_5_BK;General government;138663;RSD;RSD;SORS;Average gross earnings;A;Normal value
2403040110IND02;03;2024;RS;REPUBLIC OF SERBIA;3_ZS;Health and social work;136668;RSD;RSD;SORS;Average gross earnings;A;Normal value
2403040110IND02;03;2024;RS;REPUBLIC OF SERBIA;4_OK;Education and culture;128995;RSD;RSD;SORS;Average gross earnings;A;Normal value
2403040110IND02;03;2024;RS;REPUBLIC OF SERBIA;5_AD;Administration - all levels;149409;RSD;RSD;SORS;Average gross earnings;A;Normal value
2403040110IND02;03;2024;RS;REPUBLIC OF SERBIA;5_AD2;Administration - government  level;156376;RSD;RSD;SORS;Average gross earnings;A;Normal value
2403040110IND02;03;2024;RS;REPUBLIC OF SERBIA;5_AD3;Administration - autonomous  province level;149473;RSD;RSD;SORS;Average gross earnings;A;Normal value
2403040110IND02;03;2024;RS;REPUBLIC OF SERBIA;5_AD4;Administration - local authorities’ level;114678;RSD;RSD;SORS;Average gross earnings;A;Normal value
2403040110IND02;03;2025;RS;REPUBLIC OF SERBIA;0;Total;146669;RSD;RSD;SORS;Average gross earnings;A;Normal value
2403040110IND02;03;2025;RS;REPUBLIC OF SERBIA;0_JP_JD_JL;Public enterprises;155233;RSD;RSD;SORS;Average gross earnings;A;Normal value
2403040110IND02;03;2025;RS;REPUBLIC OF SERBIA;0_JS;Public sector;152882;RSD;RSD;SORS;Average gross earnings;A;Normal value
2403040110IND02;03;2025;RS;REPUBLIC OF SERBIA;0_VJS;Non-public sector;144203;RSD;RSD;SORS;Average gross earnings;A;Normal value
2403040110IND02;03;2025;RS;REPUBLIC OF SERBIA;1_JD;Public state enterprises;167316;RSD;RSD;SORS;Average gross earnings;A;Normal value
2403040110IND02;03;2025;RS;REPUBLIC OF SERBIA;2_JL;Public local enterprises;138848;RSD;RSD;SORS;Average gross earnings;A;Normal value
2403040110IND02;03;2025;RS;REPUBLIC OF SERBIA;3_4_5_BK;General government;152154;RSD;RSD;SORS;Average gross earnings;A;Normal value
2403040110IND02;03;2025;RS;REPUBLIC OF SERBIA;3_ZS;Health and social work;149657;RSD;RSD;SORS;Average gross earnings;A;Normal value
2403040110IND02;03;2025;RS;REPUBLIC OF SERBIA;4_OK;Education and culture;140117;RSD;RSD;SORS;Average gross earnings;A;Normal value
2403040110IND02;03;2025;RS;REPUBLIC OF SERBIA;5_AD;Administration - all levels;165282;RSD;RSD;SORS;Average gross earnings;A;Normal value
2403040110IND02;03;2025;RS;REPUBLIC OF SERBIA;5_AD2;Administration - government  level;172969;RSD;RSD;SORS;Average gross earnings;A;Normal value
2403040110IND02;03;2025;RS;REPUBLIC OF SERBIA;5_AD3;Administration - autonomous  province level;161816;RSD;RSD;SORS;Average gross earnings;A;Normal value
2403040110IND02;03;2025;RS;REPUBLIC OF SERBIA;5_AD4;Administration - local authorities’ level;127228;RSD;RSD;SORS;Average gross earnings;A;Normal value
2403040110IND02;04;2018;RS;REPUBLIC OF SERBIA;0;Total;67863;RSD;RSD;SORS;Average gross earnings;A;Normal value
2403040110IND02;04;2018;RS;REPUBLIC OF SERBIA;0_JP_JD_JL;Public enterprises;82567;RSD;RSD;SORS;Average gross earnings;A;Normal value
2403040110IND02;04;2018;RS;REPUBLIC OF SERBIA;0_JS;Public sector;76855;RSD;RSD;SORS;Average gross earnings;A;Normal value
2403040110IND02;04;2018;RS;REPUBLIC OF SERBIA;0_VJS;Non-public sector;63275;RSD;RSD;SORS;Average gross earnings;A;Normal value
2403040110IND02;04;2018;RS;REPUBLIC OF SERBIA;1_JD;Public state enterprises;93746;RSD;RSD;SORS;Average gross earnings;A;Normal value
2403040110IND02;04;2018;RS;REPUBLIC OF SERBIA;2_JL;Public local enterprises;65717;RSD;RSD;SORS;Average gross earnings;A;Normal value
2403040110IND02;04;2018;RS;REPUBLIC OF SERBIA;3_4_5_BK;General government;74968;RSD;RSD;SORS;Average gross earnings;A;Normal value
2403040110IND02;04;2018;RS;REPUBLIC OF SERBIA;3_ZS;Health and social work;69829;RSD;RSD;SORS;Average gross earnings;A;Normal value
2403040110IND02;04;2018;RS;REPUBLIC OF SERBIA;4_OK;Education and culture;72399;RSD;RSD;SORS;Average gross earnings;A;Normal value
2403040110IND02;04;2018;RS;REPUBLIC OF SERBIA;5_AD;Administration - all levels;81949;RSD;RSD;SORS;Average gross earnings;A;Normal value
2403040110IND02;04;2018;RS;REPUBLIC OF SERBIA;5_AD2;Administration - government  level;85175;RSD;RSD;SORS;Average gross earnings;A;Normal value
2403040110IND02;04;2018;RS;REPUBLIC OF SERBIA;5_AD3;Administration - autonomous  province level;85656;RSD;RSD;SORS;Average gross earnings;A;Normal value
2403040110IND02;04;2018;RS;REPUBLIC OF SERBIA;5_AD4;Administration - local authorities’ level;65870;RSD;RSD;SORS;Average gross earnings;A;Normal value
2403040110IND02;04;2019;RS;REPUBLIC OF SERBIA;0;Total;74462;RSD;RSD;SORS;Average gross earnings;A;Normal value
2403040110IND02;04;2019;RS;REPUBLIC OF SERBIA;0_JP_JD_JL;Public enterprises;90517;RSD;RSD;SORS;Average gross earnings;A;Normal value
2403040110IND02;04;2019;RS;REPUBLIC OF SERBIA;0_JS;Public sector;84355;RSD;RSD;SORS;Average gross earnings;A;Normal value
2403040110IND02;04;2019;RS;REPUBLIC OF SERBIA;0_VJS;Non-public sector;69782;RSD;RSD;SORS;Average gross earnings;A;Normal value
2403040110IND02;04;2019;RS;REPUBLIC OF SERBIA;1_JD;Public state enterprises;103739;RSD;RSD;SORS;Average gross earnings;A;Normal value
2403040110IND02;04;2019;RS;REPUBLIC OF SERBIA;2_JL;Public local enterprises;72083;RSD;RSD;SORS;Average gross earnings;A;Normal value
2403040110IND02;04;2019;RS;REPUBLIC OF SERBIA;3_4_5_BK;General government;82371;RSD;RSD;SORS;Average gross earnings;A;Normal value
2403040110IND02;04;2019;RS;REPUBLIC OF SERBIA;3_ZS;Health and social work;76912;RSD;RSD;SORS;Average gross earnings;A;Normal value
2403040110IND02;04;2019;RS;REPUBLIC OF SERBIA;4_OK;Education and culture;78952;RSD;RSD;SORS;Average gross earnings;A;Normal value
2403040110IND02;04;2019;RS;REPUBLIC OF SERBIA;5_AD;Administration - all levels;90507;RSD;RSD;SORS;Average gross earnings;A;Normal value
2403040110IND02;04;2019;RS;REPUBLIC OF SERBIA;5_AD2;Administration - government  level;94287;RSD;RSD;SORS;Average gross earnings;A;Normal value
2403040110IND02;04;2019;RS;REPUBLIC OF SERBIA;5_AD3;Administration - autonomous  province level;98249;RSD;RSD;SORS;Average gross earnings;A;Normal value
2403040110IND02;04;2019;RS;REPUBLIC OF SERBIA;5_AD4;Administration - local authorities’ level;71428;RSD;RSD;SORS;Average gross earnings;A;Normal value
2403040110IND02;04;2020;RS;REPUBLIC OF SERBIA;0;Total;81734;RSD;RSD;SORS;Average gross earnings;A;Normal value
2403040110IND02;04;2020;RS;REPUBLIC OF SERBIA;0_JP_JD_JL;Public enterprises;100524;RSD;RSD;SORS;Average gross earnings;A;Normal value
2403040110IND02;04;2020;RS;REPUBLIC OF SERBIA;0_JS;Public sector;93557;RSD;RSD;SORS;Average gross earnings;A;Normal value
2403040110IND02;04;2020;RS;REPUBLIC OF SERBIA;0_VJS;Non-public sector;76427;RSD;RSD;SORS;Average gross earnings;A;Normal value
2403040110IND02;04;2020;RS;REPUBLIC OF SERBIA;1_JD;Public state enterprises;113608;RSD;RSD;SORS;Average gross earnings;A;Normal value
2403040110IND02;04;2020;RS;REPUBLIC OF SERBIA;2_JL;Public local enterprises;82358;RSD;RSD;SORS;Average gross earnings;A;Normal value
2403040110IND02;04;2020;RS;REPUBLIC OF SERBIA;3_4_5_BK;General government;91329;RSD;RSD;SORS;Average gross earnings;A;Normal value
2403040110IND02;04;2020;RS;REPUBLIC OF SERBIA;3_ZS;Health and social work;87979;RSD;RSD;SORS;Average gross earnings;A;Normal value
2403040110IND02;04;2020;RS;REPUBLIC OF SERBIA;4_OK;Education and culture;86455;RSD;RSD;SORS;Average gross earnings;A;Normal value
2403040110IND02;04;2020;RS;REPUBLIC OF SERBIA;5_AD;Administration - all levels;98850;RSD;RSD;SORS;Average gross earnings;A;Normal value
2403040110IND02;04;2020;RS;REPUBLIC OF SERBIA;5_AD2;Administration - government  level;102945;RSD;RSD;SORS;Average gross earnings;A;Normal value
2403040110IND02;04;2020;RS;REPUBLIC OF SERBIA;5_AD3;Administration - autonomous  province level;110775;RSD;RSD;SORS;Average gross earnings;A;Normal value
2403040110IND02;04;2020;RS;REPUBLIC OF SERBIA;5_AD4;Administration - local authorities’ level;78046;RSD;RSD;SORS;Average gross earnings;A;Normal value
2403040110IND02;04;2021;RS;REPUBLIC OF SERBIA;0;Total;88108;RSD;RSD;SORS;Average gross earnings;A;Normal value
2403040110IND02;04;2021;RS;REPUBLIC OF SERBIA;0_JP_JD_JL;Public enterprises;102544;RSD;RSD;SORS;Average gross earnings;A;Normal value
2403040110IND02;04;2021;RS;REPUBLIC OF SERBIA;0_JS;Public sector;100321;RSD;RSD;SORS;Average gross earnings;A;Normal value
2403040110IND02;04;2021;RS;REPUBLIC OF SERBIA;0_VJS;Non-public sector;82877;RSD;RSD;SORS;Average gross earnings;A;Normal value
2403040110IND02;04;2021;RS;REPUBLIC OF SERBIA;1_JD;Public state enterprises;114082;RSD;RSD;SORS;Average gross earnings;A;Normal value
2403040110IND02;04;2021;RS;REPUBLIC OF SERBIA;2_JL;Public local enterprises;86475;RSD;RSD;SORS;Average gross earnings;A;Normal value
2403040110IND02;04;2021;RS;REPUBLIC OF SERBIA;3_4_5_BK;General government;99618;RSD;RSD;SORS;Average gross earnings;A;Normal value
2403040110IND02;04;2021;RS;REPUBLIC OF SERBIA;3_ZS;Health and social work;103604;RSD;RSD;SORS;Average gross earnings;A;Normal value
2403040110IND02;04;2021;RS;REPUBLIC OF SERBIA;4_OK;Education and culture;90760;RSD;RSD;SORS;Average gross earnings;A;Normal value
2403040110IND02;04;2021;RS;REPUBLIC OF SERBIA;5_AD;Administration - all levels;104173;RSD;RSD;SORS;Average gross earnings;A;Normal value
2403040110IND02;04;2021;RS;REPUBLIC OF SERBIA;5_AD2;Administration - government  level;108422;RSD;RSD;SORS;Average gross earnings;A;Normal value
2403040110IND02;04;2021;RS;REPUBLIC OF SERBIA;5_AD3;Administration - autonomous  province level;115901;RSD;RSD;SORS;Average gross earnings;A;Normal value
2403040110IND02;04;2021;RS;REPUBLIC OF SERBIA;5_AD4;Administration - local authorities’ level;82590;RSD;RSD;SORS;Average gross earnings;A;Normal value
2403040110IND02;04;2022;RS;REPUBLIC OF SERBIA;0;Total;99700;RSD;RSD;SORS;Average gross earnings;A;Normal value
2403040110IND02;04;2022;RS;REPUBLIC OF SERBIA;0_JP_JD_JL;Public enterprises;110301;RSD;RSD;SORS;Average gross earnings;A;Normal value
2403040110IND02;04;2022;RS;REPUBLIC OF SERBIA;0_JS;Public sector;108670;RSD;RSD;SORS;Average gross earnings;A;Normal value
2403040110IND02;04;2022;RS;REPUBLIC OF SERBIA;0_VJS;Non-public sector;95944;RSD;RSD;SORS;Average gross earnings;A;Normal value
2403040110IND02;04;2022;RS;REPUBLIC OF SERBIA;1_JD;Public state enterprises;122207;RSD;RSD;SORS;Average gross earnings;A;Normal value
2403040110IND02;04;2022;RS;REPUBLIC OF SERBIA;2_JL;Public local enterprises;93769;RSD;RSD;SORS;Average gross earnings;A;Normal value
2403040110IND02;04;2022;RS;REPUBLIC OF SERBIA;3_4_5_BK;General government;108154;RSD;RSD;SORS;Average gross earnings;A;Normal value
2403040110IND02;04;2022;RS;REPUBLIC OF SERBIA;3_ZS;Health and social work;111196;RSD;RSD;SORS;Average gross earnings;A;Normal value
2403040110IND02;04;2022;RS;REPUBLIC OF SERBIA;4_OK;Education and culture;97588;RSD;RSD;SORS;Average gross earnings;A;Normal value
2403040110IND02;04;2022;RS;REPUBLIC OF SERBIA;5_AD;Administration - all levels;115148;RSD;RSD;SORS;Average gross earnings;A;Normal value
2403040110IND02;04;2022;RS;REPUBLIC OF SERBIA;5_AD2;Administration - government  level;120134;RSD;RSD;SORS;Average gross earnings;A;Normal value
2403040110IND02;04;2022;RS;REPUBLIC OF SERBIA;5_AD3;Administration - autonomous  province level;124730;RSD;RSD;SORS;Average gross earnings;A;Normal value
2403040110IND02;04;2022;RS;REPUBLIC OF SERBIA;5_AD4;Administration - local authorities’ level;90216;RSD;RSD;SORS;Average gross earnings;A;Normal value
2403040110IND02;04;2023;RS;REPUBLIC OF SERBIA;0;Total;114939;RSD;RSD;SORS;Average gross earnings;A;Normal value
2403040110IND02;04;2023;RS;REPUBLIC OF SERBIA;0_JP_JD_JL;Public enterprises;122721;RSD;RSD;SORS;Average gross earnings;A;Normal value
2403040110IND02;04;2023;RS;REPUBLIC OF SERBIA;0_JS;Public sector;121160;RSD;RSD;SORS;Average gross earnings;A;Normal value
2403040110IND02;04;2023;RS;REPUBLIC OF SERBIA;0_VJS;Non-public sector;112420;RSD;RSD;SORS;Average gross earnings;A;Normal value
2403040110IND02;04;2023;RS;REPUBLIC OF SERBIA;1_JD;Public state enterprises;134038;RSD;RSD;SORS;Average gross earnings;A;Normal value
2403040110IND02;04;2023;RS;REPUBLIC OF SERBIA;2_JL;Public local enterprises;107140;RSD;RSD;SORS;Average gross earnings;A;Normal value
2403040110IND02;04;2023;RS;REPUBLIC OF SERBIA;3_4_5_BK;General government;120671;RSD;RSD;SORS;Average gross earnings;A;Normal value
2403040110IND02;04;2023;RS;REPUBLIC OF SERBIA;3_ZS;Health and social work;120324;RSD;RSD;SORS;Average gross earnings;A;Normal value
2403040110IND02;04;2023;RS;REPUBLIC OF SERBIA;4_OK;Education and culture;109497;RSD;RSD;SORS;Average gross earnings;A;Normal value
2403040110IND02;04;2023;RS;REPUBLIC OF SERBIA;5_AD;Administration - all levels;131438;RSD;RSD;SORS;Average gross earnings;A;Normal value
2403040110IND02;04;2023;RS;REPUBLIC OF SERBIA;5_AD2;Administration - government  level;137325;RSD;RSD;SORS;Average gross earnings;A;Normal value
2403040110IND02;04;2023;RS;REPUBLIC OF SERBIA;5_AD3;Administration - autonomous  province level;145689;RSD;RSD;SORS;Average gross earnings;A;Normal value
2403040110IND02;04;2023;RS;REPUBLIC OF SERBIA;5_AD4;Administration - local authorities’ level;101714;RSD;RSD;SORS;Average gross earnings;A;Normal value
2403040110IND02;04;2024;RS;REPUBLIC OF SERBIA;0;Total;132260;RSD;RSD;SORS;Average gross earnings;A;Normal value
2403040110IND02;04;2024;RS;REPUBLIC OF SERBIA;0_JP_JD_JL;Public enterprises;141426;RSD;RSD;SORS;Average gross earnings;A;Normal value
2403040110IND02;04;2024;RS;REPUBLIC OF SERBIA;0_JS;Public sector;139128;RSD;RSD;SORS;Average gross earnings;A;Normal value
2403040110IND02;04;2024;RS;REPUBLIC OF SERBIA;0_VJS;Non-public sector;129489;RSD;RSD;SORS;Average gross earnings;A;Normal value
2403040110IND02;04;2024;RS;REPUBLIC OF SERBIA;1_JD;Public state enterprises;154389;RSD;RSD;SORS;Average gross earnings;A;Normal value
2403040110IND02;04;2024;RS;REPUBLIC OF SERBIA;2_JL;Public local enterprises;123755;RSD;RSD;SORS;Average gross earnings;A;Normal value
2403040110IND02;04;2024;RS;REPUBLIC OF SERBIA;3_4_5_BK;General government;138416;RSD;RSD;SORS;Average gross earnings;A;Normal value
2403040110IND02;04;2024;RS;REPUBLIC OF SERBIA;3_ZS;Health and social work;136212;RSD;RSD;SORS;Average gross earnings;A;Normal value
2403040110IND02;04;2024;RS;REPUBLIC OF SERBIA;4_OK;Education and culture;129226;RSD;RSD;SORS;Average gross earnings;A;Normal value
2403040110IND02;04;2024;RS;REPUBLIC OF SERBIA;5_AD;Administration - all levels;148948;RSD;RSD;SORS;Average gross earnings;A;Normal value
2403040110IND02;04;2024;RS;REPUBLIC OF SERBIA;5_AD2;Administration - government  level;155787;RSD;RSD;SORS;Average gross earnings;A;Normal value
2403040110IND02;04;2024;RS;REPUBLIC OF SERBIA;5_AD3;Administration - autonomous  province level;149272;RSD;RSD;SORS;Average gross earnings;A;Normal value
2403040110IND02;04;2024;RS;REPUBLIC OF SERBIA;5_AD4;Administration - local authorities’ level;114900;RSD;RSD;SORS;Average gross earnings;A;Normal value
2403040110IND02;04;2025;RS;REPUBLIC OF SERBIA;0;Total;147698;RSD;RSD;SORS;Average gross earnings;A;Normal value
2403040110IND02;04;2025;RS;REPUBLIC OF SERBIA;0_JP_JD_JL;Public enterprises;159388;RSD;RSD;SORS;Average gross earnings;A;Normal value
2403040110IND02;04;2025;RS;REPUBLIC OF SERBIA;0_JS;Public sector;154182;RSD;RSD;SORS;Average gross earnings;A;Normal value
2403040110IND02;04;2025;RS;REPUBLIC OF SERBIA;0_VJS;Non-public sector;145126;RSD;RSD;SORS;Average gross earnings;A;Normal value
2403040110IND02;04;2025;RS;REPUBLIC OF SERBIA;1_JD;Public state enterprises;173553;RSD;RSD;SORS;Average gross earnings;A;Normal value
2403040110IND02;04;2025;RS;REPUBLIC OF SERBIA;2_JL;Public local enterprises;140167;RSD;RSD;SORS;Average gross earnings;A;Normal value
2403040110IND02;04;2025;RS;REPUBLIC OF SERBIA;3_4_5_BK;General government;152574;RSD;RSD;SORS;Average gross earnings;A;Normal value
2403040110IND02;04;2025;RS;REPUBLIC OF SERBIA;3_ZS;Health and social work;150296;RSD;RSD;SORS;Average gross earnings;A;Normal value
2403040110IND02;04;2025;RS;REPUBLIC OF SERBIA;4_OK;Education and culture;139918;RSD;RSD;SORS;Average gross earnings;A;Normal value
2403040110IND02;04;2025;RS;REPUBLIC OF SERBIA;5_AD;Administration - all levels;166052;RSD;RSD;SORS;Average gross earnings;A;Normal value
2403040110IND02;04;2025;RS;REPUBLIC OF SERBIA;5_AD2;Administration - government  level;173898;RSD;RSD;SORS;Average gross earnings;A;Normal value
2403040110IND02;04;2025;RS;REPUBLIC OF SERBIA;5_AD3;Administration - autonomous  province level;161693;RSD;RSD;SORS;Average gross earnings;A;Normal value
2403040110IND02;04;2025;RS;REPUBLIC OF SERBIA;5_AD4;Administration - local authorities’ level;127329;RSD;RSD;SORS;Average gross earnings;A;Normal value
2403040110IND02;05;2018;RS;REPUBLIC OF SERBIA;0;Total;68232;RSD;RSD;SORS;Average gross earnings;A;Normal value
2403040110IND02;05;2018;RS;REPUBLIC OF SERBIA;0_JP_JD_JL;Public enterprises;83050;RSD;RSD;SORS;Average gross earnings;A;Normal value
2403040110IND02;05;2018;RS;REPUBLIC OF SERBIA;0_JS;Public sector;77110;RSD;RSD;SORS;Average gross earnings;A;Normal value
2403040110IND02;05;2018;RS;REPUBLIC OF SERBIA;0_VJS;Non-public sector;63722;RSD;RSD;SORS;Average gross earnings;A;Normal value
2403040110IND02;05;2018;RS;REPUBLIC OF SERBIA;1_JD;Public state enterprises;94369;RSD;RSD;SORS;Average gross earnings;A;Normal value
2403040110IND02;05;2018;RS;REPUBLIC OF SERBIA;2_JL;Public local enterprises;66029;RSD;RSD;SORS;Average gross earnings;A;Normal value
2403040110IND02;05;2018;RS;REPUBLIC OF SERBIA;3_4_5_BK;General government;75148;RSD;RSD;SORS;Average gross earnings;A;Normal value
2403040110IND02;05;2018;RS;REPUBLIC OF SERBIA;3_ZS;Health and social work;70028;RSD;RSD;SORS;Average gross earnings;A;Normal value
2403040110IND02;05;2018;RS;REPUBLIC OF SERBIA;4_OK;Education and culture;72630;RSD;RSD;SORS;Average gross earnings;A;Normal value
2403040110IND02;05;2018;RS;REPUBLIC OF SERBIA;5_AD;Administration - all levels;82074;RSD;RSD;SORS;Average gross earnings;A;Normal value
2403040110IND02;05;2018;RS;REPUBLIC OF SERBIA;5_AD2;Administration - government  level;85298;RSD;RSD;SORS;Average gross earnings;A;Normal value
2403040110IND02;05;2018;RS;REPUBLIC OF SERBIA;5_AD3;Administration - autonomous  province level;85809;RSD;RSD;SORS;Average gross earnings;A;Normal value
2403040110IND02;05;2018;RS;REPUBLIC OF SERBIA;5_AD4;Administration - local authorities’ level;65986;RSD;RSD;SORS;Average gross earnings;A;Normal value
2403040110IND02;05;2019;RS;REPUBLIC OF SERBIA;0;Total;74876;RSD;RSD;SORS;Average gross earnings;A;Normal value
2403040110IND02;05;2019;RS;REPUBLIC OF SERBIA;0_JP_JD_JL;Public enterprises;90944;RSD;RSD;SORS;Average gross earnings;A;Normal value
2403040110IND02;05;2019;RS;REPUBLIC OF SERBIA;0_JS;Public sector;84578;RSD;RSD;SORS;Average gross earnings;A;Normal value
2403040110IND02;05;2019;RS;REPUBLIC OF SERBIA;0_VJS;Non-public sector;70299;RSD;RSD;SORS;Average gross earnings;A;Normal value
2403040110IND02;05;2019;RS;REPUBLIC OF SERBIA;1_JD;Public state enterprises;104265;RSD;RSD;SORS;Average gross earnings;A;Normal value
2403040110IND02;05;2019;RS;REPUBLIC OF SERBIA;2_JL;Public local enterprises;72412;RSD;RSD;SORS;Average gross earnings;A;Normal value
2403040110IND02;05;2019;RS;REPUBLIC OF SERBIA;3_4_5_BK;General government;82529;RSD;RSD;SORS;Average gross earnings;A;Normal value
2403040110IND02;05;2019;RS;REPUBLIC OF SERBIA;3_ZS;Health and social work;77157;RSD;RSD;SORS;Average gross earnings;A;Normal value
2403040110IND02;05;2019;RS;REPUBLIC OF SERBIA;4_OK;Education and culture;79335;RSD;RSD;SORS;Average gross earnings;A;Normal value
2403040110IND02;05;2019;RS;REPUBLIC OF SERBIA;5_AD;Administration - all levels;90367;RSD;RSD;SORS;Average gross earnings;A;Normal value
2403040110IND02;05;2019;RS;REPUBLIC OF SERBIA;5_AD2;Administration - government  level;94078;RSD;RSD;SORS;Average gross earnings;A;Normal value
2403040110IND02;05;2019;RS;REPUBLIC OF SERBIA;5_AD3;Administration - autonomous  province level;98032;RSD;RSD;SORS;Average gross earnings;A;Normal value
2403040110IND02;05;2019;RS;REPUBLIC OF SERBIA;5_AD4;Administration - local authorities’ level;71611;RSD;RSD;SORS;Average gross earnings;A;Normal value
2403040110IND02;05;2020;RS;REPUBLIC OF SERBIA;0;Total;81679;RSD;RSD;SORS;Average gross earnings;A;Normal value
2403040110IND02;05;2020;RS;REPUBLIC OF SERBIA;0_JP_JD_JL;Public enterprises;99952;RSD;RSD;SORS;Average gross earnings;A;Normal value
2403040110IND02;05;2020;RS;REPUBLIC OF SERBIA;0_JS;Public sector;93649;RSD;RSD;SORS;Average gross earnings;A;Normal value
2403040110IND02;05;2020;RS;REPUBLIC OF SERBIA;0_VJS;Non-public sector;76326;RSD;RSD;SORS;Average gross earnings;A;Normal value
2403040110IND02;05;2020;RS;REPUBLIC OF SERBIA;1_JD;Public state enterprises;112607;RSD;RSD;SORS;Average gross earnings;A;Normal value
2403040110IND02;05;2020;RS;REPUBLIC OF SERBIA;2_JL;Public local enterprises;82391;RSD;RSD;SORS;Average gross earnings;A;Normal value
2403040110IND02;05;2020;RS;REPUBLIC OF SERBIA;3_4_5_BK;General government;91631;RSD;RSD;SORS;Average gross earnings;A;Normal value
2403040110IND02;05;2020;RS;REPUBLIC OF SERBIA;3_ZS;Health and social work;88908;RSD;RSD;SORS;Average gross earnings;A;Normal value
2403040110IND02;05;2020;RS;REPUBLIC OF SERBIA;4_OK;Education and culture;86542;RSD;RSD;SORS;Average gross earnings;A;Normal value
2403040110IND02;05;2020;RS;REPUBLIC OF SERBIA;5_AD;Administration - all levels;98776;RSD;RSD;SORS;Average gross earnings;A;Normal value
2403040110IND02;05;2020;RS;REPUBLIC OF SERBIA;5_AD2;Administration - government  level;102852;RSD;RSD;SORS;Average gross earnings;A;Normal value
2403040110IND02;05;2020;RS;REPUBLIC OF SERBIA;5_AD3;Administration - autonomous  province level;109258;RSD;RSD;SORS;Average gross earnings;A;Normal value
2403040110IND02;05;2020;RS;REPUBLIC OF SERBIA;5_AD4;Administration - local authorities’ level;78091;RSD;RSD;SORS;Average gross earnings;A;Normal value
2403040110IND02;05;2021;RS;REPUBLIC OF SERBIA;0;Total;88433;RSD;RSD;SORS;Average gross earnings;A;Normal value
2403040110IND02;05;2021;RS;REPUBLIC OF SERBIA;0_JP_JD_JL;Public enterprises;102601;RSD;RSD;SORS;Average gross earnings;A;Normal value
2403040110IND02;05;2021;RS;REPUBLIC OF SERBIA;0_JS;Public sector;100645;RSD;RSD;SORS;Average gross earnings;A;Normal value
2403040110IND02;05;2021;RS;REPUBLIC OF SERBIA;0_VJS;Non-public sector;83214;RSD;RSD;SORS;Average gross earnings;A;Normal value
2403040110IND02;05;2021;RS;REPUBLIC OF SERBIA;1_JD;Public state enterprises;114122;RSD;RSD;SORS;Average gross earnings;A;Normal value
2403040110IND02;05;2021;RS;REPUBLIC OF SERBIA;2_JL;Public local enterprises;86582;RSD;RSD;SORS;Average gross earnings;A;Normal value
2403040110IND02;05;2021;RS;REPUBLIC OF SERBIA;3_4_5_BK;General government;100026;RSD;RSD;SORS;Average gross earnings;A;Normal value
2403040110IND02;05;2021;RS;REPUBLIC OF SERBIA;3_ZS;Health and social work;104023;RSD;RSD;SORS;Average gross earnings;A;Normal value
2403040110IND02;05;2021;RS;REPUBLIC OF SERBIA;4_OK;Education and culture;90949;RSD;RSD;SORS;Average gross earnings;A;Normal value
2403040110IND02;05;2021;RS;REPUBLIC OF SERBIA;5_AD;Administration - all levels;104774;RSD;RSD;SORS;Average gross earnings;A;Normal value
2403040110IND02;05;2021;RS;REPUBLIC OF SERBIA;5_AD2;Administration - government  level;109138;RSD;RSD;SORS;Average gross earnings;A;Normal value
2403040110IND02;05;2021;RS;REPUBLIC OF SERBIA;5_AD3;Administration - autonomous  province level;114580;RSD;RSD;SORS;Average gross earnings;A;Normal value
2403040110IND02;05;2021;RS;REPUBLIC OF SERBIA;5_AD4;Administration - local authorities’ level;82720;RSD;RSD;SORS;Average gross earnings;A;Normal value
2403040110IND02;05;2022;RS;REPUBLIC OF SERBIA;0;Total;100250;RSD;RSD;SORS;Average gross earnings;A;Normal value
2403040110IND02;05;2022;RS;REPUBLIC OF SERBIA;0_JP_JD_JL;Public enterprises;110610;RSD;RSD;SORS;Average gross earnings;A;Normal value
2403040110IND02;05;2022;RS;REPUBLIC OF SERBIA;0_JS;Public sector;108834;RSD;RSD;SORS;Average gross earnings;A;Normal value
2403040110IND02;05;2022;RS;REPUBLIC OF SERBIA;0_VJS;Non-public sector;96657;RSD;RSD;SORS;Average gross earnings;A;Normal value
2403040110IND02;05;2022;RS;REPUBLIC OF SERBIA;1_JD;Public state enterprises;122482;RSD;RSD;SORS;Average gross earnings;A;Normal value
2403040110IND02;05;2022;RS;REPUBLIC OF SERBIA;2_JL;Public local enterprises;94167;RSD;RSD;SORS;Average gross earnings;A;Normal value
2403040110IND02;05;2022;RS;REPUBLIC OF SERBIA;3_4_5_BK;General government;108272;RSD;RSD;SORS;Average gross earnings;A;Normal value
2403040110IND02;05;2022;RS;REPUBLIC OF SERBIA;3_ZS;Health and social work;111069;RSD;RSD;SORS;Average gross earnings;A;Normal value
2403040110IND02;05;2022;RS;REPUBLIC OF SERBIA;4_OK;Education and culture;97963;RSD;RSD;SORS;Average gross earnings;A;Normal value
2403040110IND02;05;2022;RS;REPUBLIC OF SERBIA;5_AD;Administration - all levels;115249;RSD;RSD;SORS;Average gross earnings;A;Normal value
2403040110IND02;05;2022;RS;REPUBLIC OF SERBIA;5_AD2;Administration - government  level;120270;RSD;RSD;SORS;Average gross earnings;A;Normal value
2403040110IND02;05;2022;RS;REPUBLIC OF SERBIA;5_AD3;Administration - autonomous  province level;123541;RSD;RSD;SORS;Average gross earnings;A;Normal value
2403040110IND02;05;2022;RS;REPUBLIC OF SERBIA;5_AD4;Administration - local authorities’ level;90233;RSD;RSD;SORS;Average gross earnings;A;Normal value
2403040110IND02;05;2023;RS;REPUBLIC OF SERBIA;0;Total;115754;RSD;RSD;SORS;Average gross earnings;A;Normal value
2403040110IND02;05;2023;RS;REPUBLIC OF SERBIA;0_JP_JD_JL;Public enterprises;123642;RSD;RSD;SORS;Average gross earnings;A;Normal value
2403040110IND02;05;2023;RS;REPUBLIC OF SERBIA;0_JS;Public sector;121593;RSD;RSD;SORS;Average gross earnings;A;Normal value
2403040110IND02;05;2023;RS;REPUBLIC OF SERBIA;0_VJS;Non-public sector;113391;RSD;RSD;SORS;Average gross earnings;A;Normal value
2403040110IND02;05;2023;RS;REPUBLIC OF SERBIA;1_JD;Public state enterprises;134871;RSD;RSD;SORS;Average gross earnings;A;Normal value
2403040110IND02;05;2023;RS;REPUBLIC OF SERBIA;2_JL;Public local enterprises;108186;RSD;RSD;SORS;Average gross earnings;A;Normal value
2403040110IND02;05;2023;RS;REPUBLIC OF SERBIA;3_4_5_BK;General government;120952;RSD;RSD;SORS;Average gross earnings;A;Normal value
2403040110IND02;05;2023;RS;REPUBLIC OF SERBIA;3_ZS;Health and social work;120627;RSD;RSD;SORS;Average gross earnings;A;Normal value
2403040110IND02;05;2023;RS;REPUBLIC OF SERBIA;4_OK;Education and culture;110069;RSD;RSD;SORS;Average gross earnings;A;Normal value
2403040110IND02;05;2023;RS;REPUBLIC OF SERBIA;5_AD;Administration - all levels;131426;RSD;RSD;SORS;Average gross earnings;A;Normal value
2403040110IND02;05;2023;RS;REPUBLIC OF SERBIA;5_AD2;Administration - government  level;137275;RSD;RSD;SORS;Average gross earnings;A;Normal value
2403040110IND02;05;2023;RS;REPUBLIC OF SERBIA;5_AD3;Administration - autonomous  province level;143709;RSD;RSD;SORS;Average gross earnings;A;Normal value
2403040110IND02;05;2023;RS;REPUBLIC OF SERBIA;5_AD4;Administration - local authorities’ level;102006;RSD;RSD;SORS;Average gross earnings;A;Normal value
2403040110IND02;05;2024;RS;REPUBLIC OF SERBIA;0;Total;133477;RSD;RSD;SORS;Average gross earnings;A;Normal value
2403040110IND02;05;2024;RS;REPUBLIC OF SERBIA;0_JP_JD_JL;Public enterprises;142892;RSD;RSD;SORS;Average gross earnings;A;Normal value
2403040110IND02;05;2024;RS;REPUBLIC OF SERBIA;0_JS;Public sector;140156;RSD;RSD;SORS;Average gross earnings;A;Normal value
2403040110IND02;05;2024;RS;REPUBLIC OF SERBIA;0_VJS;Non-public sector;130782;RSD;RSD;SORS;Average gross earnings;A;Normal value
2403040110IND02;05;2024;RS;REPUBLIC OF SERBIA;1_JD;Public state enterprises;155382;RSD;RSD;SORS;Average gross earnings;A;Normal value
2403040110IND02;05;2024;RS;REPUBLIC OF SERBIA;2_JL;Public local enterprises;125900;RSD;RSD;SORS;Average gross earnings;A;Normal value
2403040110IND02;05;2024;RS;REPUBLIC OF SERBIA;3_4_5_BK;General government;139309;RSD;RSD;SORS;Average gross earnings;A;Normal value
2403040110IND02;05;2024;RS;REPUBLIC OF SERBIA;3_ZS;Health and social work;137571;RSD;RSD;SORS;Average gross earnings;A;Normal value
2403040110IND02;05;2024;RS;REPUBLIC OF SERBIA;4_OK;Education and culture;129657;RSD;RSD;SORS;Average gross earnings;A;Normal value
2403040110IND02;05;2024;RS;REPUBLIC OF SERBIA;5_AD;Administration - all levels;149794;RSD;RSD;SORS;Average gross earnings;A;Normal value
2403040110IND02;05;2024;RS;REPUBLIC OF SERBIA;5_AD2;Administration - government  level;156677;RSD;RSD;SORS;Average gross earnings;A;Normal value
2403040110IND02;05;2024;RS;REPUBLIC OF SERBIA;5_AD3;Administration - autonomous  province level;149576;RSD;RSD;SORS;Average gross earnings;A;Normal value
2403040110IND02;05;2024;RS;REPUBLIC OF SERBIA;5_AD4;Administration - local authorities’ level;115555;RSD;RSD;SORS;Average gross earnings;A;Normal value
2403040110IND02;05;2025;RS;REPUBLIC OF SERBIA;0;Total;147945;RSD;RSD;SORS;Average gross earnings;A;Normal value
2403040110IND02;05;2025;RS;REPUBLIC OF SERBIA;0_JP_JD_JL;Public enterprises;159223;RSD;RSD;SORS;Average gross earnings;A;Normal value
2403040110IND02;05;2025;RS;REPUBLIC OF SERBIA;0_JS;Public sector;154256;RSD;RSD;SORS;Average gross earnings;A;Normal value
2403040110IND02;05;2025;RS;REPUBLIC OF SERBIA;0_VJS;Non-public sector;145440;RSD;RSD;SORS;Average gross earnings;A;Normal value
2403040110IND02;05;2025;RS;REPUBLIC OF SERBIA;1_JD;Public state enterprises;172758;RSD;RSD;SORS;Average gross earnings;A;Normal value
2403040110IND02;05;2025;RS;REPUBLIC OF SERBIA;2_JL;Public local enterprises;140864;RSD;RSD;SORS;Average gross earnings;A;Normal value
2403040110IND02;05;2025;RS;REPUBLIC OF SERBIA;3_4_5_BK;General government;152726;RSD;RSD;SORS;Average gross earnings;A;Normal value
2403040110IND02;05;2025;RS;REPUBLIC OF SERBIA;3_ZS;Health and social work;150454;RSD;RSD;SORS;Average gross earnings;A;Normal value
2403040110IND02;05;2025;RS;REPUBLIC OF SERBIA;4_OK;Education and culture;140214;RSD;RSD;SORS;Average gross earnings;A;Normal value
2403040110IND02;05;2025;RS;REPUBLIC OF SERBIA;5_AD;Administration - all levels;166129;RSD;RSD;SORS;Average gross earnings;A;Normal value
2403040110IND02;05;2025;RS;REPUBLIC OF SERBIA;5_AD2;Administration - government  level;173863;RSD;RSD;SORS;Average gross earnings;A;Normal value
2403040110IND02;05;2025;RS;REPUBLIC OF SERBIA;5_AD3;Administration - autonomous  province level;161653;RSD;RSD;SORS;Average gross earnings;A;Normal value
2403040110IND02;05;2025;RS;REPUBLIC OF SERBIA;5_AD4;Administration - local authorities’ level;127955;RSD;RSD;SORS;Average gross earnings;A;Normal value
2403040110IND02;06;2018;RS;REPUBLIC OF SERBIA;0;Total;68201;RSD;RSD;SORS;Average gross earnings;A;Normal value
2403040110IND02;06;2018;RS;REPUBLIC OF SERBIA;0_JP_JD_JL;Public enterprises;82536;RSD;RSD;SORS;Average gross earnings;A;Normal value
2403040110IND02;06;2018;RS;REPUBLIC OF SERBIA;0_JS;Public sector;76875;RSD;RSD;SORS;Average gross earnings;A;Normal value
2403040110IND02;06;2018;RS;REPUBLIC OF SERBIA;0_VJS;Non-public sector;63810;RSD;RSD;SORS;Average gross earnings;A;Normal value
2403040110IND02;06;2018;RS;REPUBLIC OF SERBIA;1_JD;Public state enterprises;93730;RSD;RSD;SORS;Average gross earnings;A;Normal value
2403040110IND02;06;2018;RS;REPUBLIC OF SERBIA;2_JL;Public local enterprises;65780;RSD;RSD;SORS;Average gross earnings;A;Normal value
2403040110IND02;06;2018;RS;REPUBLIC OF SERBIA;3_4_5_BK;General government;75004;RSD;RSD;SORS;Average gross earnings;A;Normal value
2403040110IND02;06;2018;RS;REPUBLIC OF SERBIA;3_ZS;Health and social work;69670;RSD;RSD;SORS;Average gross earnings;A;Normal value
2403040110IND02;06;2018;RS;REPUBLIC OF SERBIA;4_OK;Education and culture;72669;RSD;RSD;SORS;Average gross earnings;A;Normal value
2403040110IND02;06;2018;RS;REPUBLIC OF SERBIA;5_AD;Administration - all levels;81953;RSD;RSD;SORS;Average gross earnings;A;Normal value
2403040110IND02;06;2018;RS;REPUBLIC OF SERBIA;5_AD2;Administration - government  level;85215;RSD;RSD;SORS;Average gross earnings;A;Normal value
2403040110IND02;06;2018;RS;REPUBLIC OF SERBIA;5_AD3;Administration - autonomous  province level;85541;RSD;RSD;SORS;Average gross earnings;A;Normal value
2403040110IND02;06;2018;RS;REPUBLIC OF SERBIA;5_AD4;Administration - local authorities’ level;65743;RSD;RSD;SORS;Average gross earnings;A;Normal value
2403040110IND02;06;2019;RS;REPUBLIC OF SERBIA;0;Total;74730;RSD;RSD;SORS;Average gross earnings;A;Normal value
2403040110IND02;06;2019;RS;REPUBLIC OF SERBIA;0_JP_JD_JL;Public enterprises;90089;RSD;RSD;SORS;Average gross earnings;A;Normal value
2403040110IND02;06;2019;RS;REPUBLIC OF SERBIA;0_JS;Public sector;84226;RSD;RSD;SORS;Average gross earnings;A;Normal value
2403040110IND02;06;2019;RS;REPUBLIC OF SERBIA;0_VJS;Non-public sector;70262;RSD;RSD;SORS;Average gross earnings;A;Normal value
2403040110IND02;06;2019;RS;REPUBLIC OF SERBIA;1_JD;Public state enterprises;103165;RSD;RSD;SORS;Average gross earnings;A;Normal value
2403040110IND02;06;2019;RS;REPUBLIC OF SERBIA;2_JL;Public local enterprises;71882;RSD;RSD;SORS;Average gross earnings;A;Normal value
2403040110IND02;06;2019;RS;REPUBLIC OF SERBIA;3_4_5_BK;General government;82341;RSD;RSD;SORS;Average gross earnings;A;Normal value
2403040110IND02;06;2019;RS;REPUBLIC OF SERBIA;3_ZS;Health and social work;76745;RSD;RSD;SORS;Average gross earnings;A;Normal value
2403040110IND02;06;2019;RS;REPUBLIC OF SERBIA;4_OK;Education and culture;79353;RSD;RSD;SORS;Average gross earnings;A;Normal value
2403040110IND02;06;2019;RS;REPUBLIC OF SERBIA;5_AD;Administration - all levels;90192;RSD;RSD;SORS;Average gross earnings;A;Normal value
2403040110IND02;06;2019;RS;REPUBLIC OF SERBIA;5_AD2;Administration - government  level;93953;RSD;RSD;SORS;Average gross earnings;A;Normal value
2403040110IND02;06;2019;RS;REPUBLIC OF SERBIA;5_AD3;Administration - autonomous  province level;96620;RSD;RSD;SORS;Average gross earnings;A;Normal value
2403040110IND02;06;2019;RS;REPUBLIC OF SERBIA;5_AD4;Administration - local authorities’ level;71308;RSD;RSD;SORS;Average gross earnings;A;Normal value
2403040110IND02;06;2020;RS;REPUBLIC OF SERBIA;0;Total;81830;RSD;RSD;SORS;Average gross earnings;A;Normal value
2403040110IND02;06;2020;RS;REPUBLIC OF SERBIA;0_JP_JD_JL;Public enterprises;99606;RSD;RSD;SORS;Average gross earnings;A;Normal value
2403040110IND02;06;2020;RS;REPUBLIC OF SERBIA;0_JS;Public sector;93675;RSD;RSD;SORS;Average gross earnings;A;Normal value
2403040110IND02;06;2020;RS;REPUBLIC OF SERBIA;0_VJS;Non-public sector;76548;RSD;RSD;SORS;Average gross earnings;A;Normal value
2403040110IND02;06;2020;RS;REPUBLIC OF SERBIA;1_JD;Public state enterprises;112104;RSD;RSD;SORS;Average gross earnings;A;Normal value
2403040110IND02;06;2020;RS;REPUBLIC OF SERBIA;2_JL;Public local enterprises;82299;RSD;RSD;SORS;Average gross earnings;A;Normal value
2403040110IND02;06;2020;RS;REPUBLIC OF SERBIA;3_4_5_BK;General government;91775;RSD;RSD;SORS;Average gross earnings;A;Normal value
2403040110IND02;06;2020;RS;REPUBLIC OF SERBIA;3_ZS;Health and social work;89134;RSD;RSD;SORS;Average gross earnings;A;Normal value
2403040110IND02;06;2020;RS;REPUBLIC OF SERBIA;4_OK;Education and culture;86753;RSD;RSD;SORS;Average gross earnings;A;Normal value
2403040110IND02;06;2020;RS;REPUBLIC OF SERBIA;5_AD;Administration - all levels;98780;RSD;RSD;SORS;Average gross earnings;A;Normal value
2403040110IND02;06;2020;RS;REPUBLIC OF SERBIA;5_AD2;Administration - government  level;102854;RSD;RSD;SORS;Average gross earnings;A;Normal value
2403040110IND02;06;2020;RS;REPUBLIC OF SERBIA;5_AD3;Administration - autonomous  province level;108363;RSD;RSD;SORS;Average gross earnings;A;Normal value
2403040110IND02;06;2020;RS;REPUBLIC OF SERBIA;5_AD4;Administration - local authorities’ level;78144;RSD;RSD;SORS;Average gross earnings;A;Normal value
2403040110IND02;06;2021;RS;REPUBLIC OF SERBIA;0;Total;88663;RSD;RSD;SORS;Average gross earnings;A;Normal value
2403040110IND02;06;2021;RS;REPUBLIC OF SERBIA;0_JP_JD_JL;Public enterprises;102616;RSD;RSD;SORS;Average gross earnings;A;Normal value
2403040110IND02;06;2021;RS;REPUBLIC OF SERBIA;0_JS;Public sector;100607;RSD;RSD;SORS;Average gross earnings;A;Normal value
2403040110IND02;06;2021;RS;REPUBLIC OF SERBIA;0_VJS;Non-public sector;83568;RSD;RSD;SORS;Average gross earnings;A;Normal value
2403040110IND02;06;2021;RS;REPUBLIC OF SERBIA;1_JD;Public state enterprises;114052;RSD;RSD;SORS;Average gross earnings;A;Normal value
2403040110IND02;06;2021;RS;REPUBLIC OF SERBIA;2_JL;Public local enterprises;86693;RSD;RSD;SORS;Average gross earnings;A;Normal value
2403040110IND02;06;2021;RS;REPUBLIC OF SERBIA;3_4_5_BK;General government;99971;RSD;RSD;SORS;Average gross earnings;A;Normal value
2403040110IND02;06;2021;RS;REPUBLIC OF SERBIA;3_ZS;Health and social work;103338;RSD;RSD;SORS;Average gross earnings;A;Normal value
2403040110IND02;06;2021;RS;REPUBLIC OF SERBIA;4_OK;Education and culture;91235;RSD;RSD;SORS;Average gross earnings;A;Normal value
2403040110IND02;06;2021;RS;REPUBLIC OF SERBIA;5_AD;Administration - all levels;104977;RSD;RSD;SORS;Average gross earnings;A;Normal value
2403040110IND02;06;2021;RS;REPUBLIC OF SERBIA;5_AD2;Administration - government  level;109383;RSD;RSD;SORS;Average gross earnings;A;Normal value
2403040110IND02;06;2021;RS;REPUBLIC OF SERBIA;5_AD3;Administration - autonomous  province level;113848;RSD;RSD;SORS;Average gross earnings;A;Normal value
2403040110IND02;06;2021;RS;REPUBLIC OF SERBIA;5_AD4;Administration - local authorities’ level;82793;RSD;RSD;SORS;Average gross earnings;A;Normal value
2403040110IND02;06;2022;RS;REPUBLIC OF SERBIA;0;Total;100632;RSD;RSD;SORS;Average gross earnings;A;Normal value
2403040110IND02;06;2022;RS;REPUBLIC OF SERBIA;0_JP_JD_JL;Public enterprises;110463;RSD;RSD;SORS;Average gross earnings;A;Normal value
2403040110IND02;06;2022;RS;REPUBLIC OF SERBIA;0_JS;Public sector;108591;RSD;RSD;SORS;Average gross earnings;A;Normal value
2403040110IND02;06;2022;RS;REPUBLIC OF SERBIA;0_VJS;Non-public sector;97302;RSD;RSD;SORS;Average gross earnings;A;Normal value
2403040110IND02;06;2022;RS;REPUBLIC OF SERBIA;1_JD;Public state enterprises;122252;RSD;RSD;SORS;Average gross earnings;A;Normal value
2403040110IND02;06;2022;RS;REPUBLIC OF SERBIA;2_JL;Public local enterprises;94164;RSD;RSD;SORS;Average gross earnings;A;Normal value
2403040110IND02;06;2022;RS;REPUBLIC OF SERBIA;3_4_5_BK;General government;107999;RSD;RSD;SORS;Average gross earnings;A;Normal value
2403040110IND02;06;2022;RS;REPUBLIC OF SERBIA;3_ZS;Health and social work;110214;RSD;RSD;SORS;Average gross earnings;A;Normal value
2403040110IND02;06;2022;RS;REPUBLIC OF SERBIA;4_OK;Education and culture;98198;RSD;RSD;SORS;Average gross earnings;A;Normal value
2403040110IND02;06;2022;RS;REPUBLIC OF SERBIA;5_AD;Administration - all levels;115041;RSD;RSD;SORS;Average gross earnings;A;Normal value
2403040110IND02;06;2022;RS;REPUBLIC OF SERBIA;5_AD2;Administration - government  level;120073;RSD;RSD;SORS;Average gross earnings;A;Normal value
2403040110IND02;06;2022;RS;REPUBLIC OF SERBIA;5_AD3;Administration - autonomous  province level;122579;RSD;RSD;SORS;Average gross earnings;A;Normal value
2403040110IND02;06;2022;RS;REPUBLIC OF SERBIA;5_AD4;Administration - local authorities’ level;90061;RSD;RSD;SORS;Average gross earnings;A;Normal value
2403040110IND02;06;2023;RS;REPUBLIC OF SERBIA;0;Total;116135;RSD;RSD;SORS;Average gross earnings;A;Normal value
2403040110IND02;06;2023;RS;REPUBLIC OF SERBIA;0_JP_JD_JL;Public enterprises;123660;RSD;RSD;SORS;Average gross earnings;A;Normal value
2403040110IND02;06;2023;RS;REPUBLIC OF SERBIA;0_JS;Public sector;121513;RSD;RSD;SORS;Average gross earnings;A;Normal value
2403040110IND02;06;2023;RS;REPUBLIC OF SERBIA;0_VJS;Non-public sector;113959;RSD;RSD;SORS;Average gross earnings;A;Normal value
2403040110IND02;06;2023;RS;REPUBLIC OF SERBIA;1_JD;Public state enterprises;134941;RSD;RSD;SORS;Average gross earnings;A;Normal value
2403040110IND02;06;2023;RS;REPUBLIC OF SERBIA;2_JL;Public local enterprises;108159;RSD;RSD;SORS;Average gross earnings;A;Normal value
2403040110IND02;06;2023;RS;REPUBLIC OF SERBIA;3_4_5_BK;General government;120840;RSD;RSD;SORS;Average gross earnings;A;Normal value
2403040110IND02;06;2023;RS;REPUBLIC OF SERBIA;3_ZS;Health and social work;120233;RSD;RSD;SORS;Average gross earnings;A;Normal value
2403040110IND02;06;2023;RS;REPUBLIC OF SERBIA;4_OK;Education and culture;110278;RSD;RSD;SORS;Average gross earnings;A;Normal value
2403040110IND02;06;2023;RS;REPUBLIC OF SERBIA;5_AD;Administration - all levels;131273;RSD;RSD;SORS;Average gross earnings;A;Normal value
2403040110IND02;06;2023;RS;REPUBLIC OF SERBIA;5_AD2;Administration - government  level;137113;RSD;RSD;SORS;Average gross earnings;A;Normal value
2403040110IND02;06;2023;RS;REPUBLIC OF SERBIA;5_AD3;Administration - autonomous  province level;143917;RSD;RSD;SORS;Average gross earnings;A;Normal value
2403040110IND02;06;2023;RS;REPUBLIC OF SERBIA;5_AD4;Administration - local authorities’ level;101930;RSD;RSD;SORS;Average gross earnings;A;Normal value
2403040110IND02;06;2024;RS;REPUBLIC OF SERBIA;0;Total;133279;RSD;RSD;SORS;Average gross earnings;A;Normal value
2403040110IND02;06;2024;RS;REPUBLIC OF SERBIA;0_JP_JD_JL;Public enterprises;141285;RSD;RSD;SORS;Average gross earnings;A;Normal value
2403040110IND02;06;2024;RS;REPUBLIC OF SERBIA;0_JS;Public sector;139492;RSD;RSD;SORS;Average gross earnings;A;Normal value
2403040110IND02;06;2024;RS;REPUBLIC OF SERBIA;0_VJS;Non-public sector;130772;RSD;RSD;SORS;Average gross earnings;A;Normal value
2403040110IND02;06;2024;RS;REPUBLIC OF SERBIA;1_JD;Public state enterprises;153546;RSD;RSD;SORS;Average gross earnings;A;Normal value
2403040110IND02;06;2024;RS;REPUBLIC OF SERBIA;2_JL;Public local enterprises;124623;RSD;RSD;SORS;Average gross earnings;A;Normal value
2403040110IND02;06;2024;RS;REPUBLIC OF SERBIA;3_4_5_BK;General government;138937;RSD;RSD;SORS;Average gross earnings;A;Normal value
2403040110IND02;06;2024;RS;REPUBLIC OF SERBIA;3_ZS;Health and social work;136841;RSD;RSD;SORS;Average gross earnings;A;Normal value
2403040110IND02;06;2024;RS;REPUBLIC OF SERBIA;4_OK;Education and culture;129618;RSD;RSD;SORS;Average gross earnings;A;Normal value
2403040110IND02;06;2024;RS;REPUBLIC OF SERBIA;5_AD;Administration - all levels;149484;RSD;RSD;SORS;Average gross earnings;A;Normal value
2403040110IND02;06;2024;RS;REPUBLIC OF SERBIA;5_AD2;Administration - government  level;156440;RSD;RSD;SORS;Average gross earnings;A;Normal value
2403040110IND02;06;2024;RS;REPUBLIC OF SERBIA;5_AD3;Administration - autonomous  province level;149587;RSD;RSD;SORS;Average gross earnings;A;Normal value
2403040110IND02;06;2024;RS;REPUBLIC OF SERBIA;5_AD4;Administration - local authorities’ level;114896;RSD;RSD;SORS;Average gross earnings;A;Normal value
2403040110IND02;06;2025;RS;REPUBLIC OF SERBIA;0;Total;147945;RSD;RSD;SORS;Average gross earnings;A;Normal value
2403040110IND02;06;2025;RS;REPUBLIC OF SERBIA;0_JP_JD_JL;Public enterprises;158315;RSD;RSD;SORS;Average gross earnings;A;Normal value
2403040110IND02;06;2025;RS;REPUBLIC OF SERBIA;0_JS;Public sector;154126;RSD;RSD;SORS;Average gross earnings;A;Normal value
2403040110IND02;06;2025;RS;REPUBLIC OF SERBIA;0_VJS;Non-public sector;145490;RSD;RSD;SORS;Average gross earnings;A;Normal value
2403040110IND02;06;2025;RS;REPUBLIC OF SERBIA;1_JD;Public state enterprises;171491;RSD;RSD;SORS;Average gross earnings;A;Normal value
2403040110IND02;06;2025;RS;REPUBLIC OF SERBIA;2_JL;Public local enterprises;140464;RSD;RSD;SORS;Average gross earnings;A;Normal value
2403040110IND02;06;2025;RS;REPUBLIC OF SERBIA;3_4_5_BK;General government;152839;RSD;RSD;SORS;Average gross earnings;A;Normal value
2403040110IND02;06;2025;RS;REPUBLIC OF SERBIA;3_ZS;Health and social work;149867;RSD;RSD;SORS;Average gross earnings;A;Normal value
2403040110IND02;06;2025;RS;REPUBLIC OF SERBIA;4_OK;Education and culture;141336;RSD;RSD;SORS;Average gross earnings;A;Normal value
2403040110IND02;06;2025;RS;REPUBLIC OF SERBIA;5_AD;Administration - all levels;166105;RSD;RSD;SORS;Average gross earnings;A;Normal value
2403040110IND02;06;2025;RS;REPUBLIC OF SERBIA;5_AD2;Administration - government  level;173868;RSD;RSD;SORS;Average gross earnings;A;Normal value
2403040110IND02;06;2025;RS;REPUBLIC OF SERBIA;5_AD3;Administration - autonomous  province level;160994;RSD;RSD;SORS;Average gross earnings;A;Normal value
2403040110IND02;06;2025;RS;REPUBLIC OF SERBIA;5_AD4;Administration - local authorities’ level;127918;RSD;RSD;SORS;Average gross earnings;A;Normal value
2403040110IND02;07;2018;RS;REPUBLIC OF SERBIA;0;Total;68176;RSD;RSD;SORS;Average gross earnings;A;Normal value
2403040110IND02;07;2018;RS;REPUBLIC OF SERBIA;0_JP_JD_JL;Public enterprises;82439;RSD;RSD;SORS;Average gross earnings;A;Normal value
2403040110IND02;07;2018;RS;REPUBLIC OF SERBIA;0_JS;Public sector;76776;RSD;RSD;SORS;Average gross earnings;A;Normal value
2403040110IND02;07;2018;RS;REPUBLIC OF SERBIA;0_VJS;Non-public sector;63840;RSD;RSD;SORS;Average gross earnings;A;Normal value
2403040110IND02;07;2018;RS;REPUBLIC OF SERBIA;1_JD;Public state enterprises;93650;RSD;RSD;SORS;Average gross earnings;A;Normal value
2403040110IND02;07;2018;RS;REPUBLIC OF SERBIA;2_JL;Public local enterprises;65714;RSD;RSD;SORS;Average gross earnings;A;Normal value
2403040110IND02;07;2018;RS;REPUBLIC OF SERBIA;3_4_5_BK;General government;74901;RSD;RSD;SORS;Average gross earnings;A;Normal value
2403040110IND02;07;2018;RS;REPUBLIC OF SERBIA;3_ZS;Health and social work;69584;RSD;RSD;SORS;Average gross earnings;A;Normal value
2403040110IND02;07;2018;RS;REPUBLIC OF SERBIA;4_OK;Education and culture;72624;RSD;RSD;SORS;Average gross earnings;A;Normal value
2403040110IND02;07;2018;RS;REPUBLIC OF SERBIA;5_AD;Administration - all levels;81785;RSD;RSD;SORS;Average gross earnings;A;Normal value
2403040110IND02;07;2018;RS;REPUBLIC OF SERBIA;5_AD2;Administration - government  level;85050;RSD;RSD;SORS;Average gross earnings;A;Normal value
2403040110IND02;07;2018;RS;REPUBLIC OF SERBIA;5_AD3;Administration - autonomous  province level;85543;RSD;RSD;SORS;Average gross earnings;A;Normal value
2403040110IND02;07;2018;RS;REPUBLIC OF SERBIA;5_AD4;Administration - local authorities’ level;65611;RSD;RSD;SORS;Average gross earnings;A;Normal value
2403040110IND02;07;2019;RS;REPUBLIC OF SERBIA;0;Total;74922;RSD;RSD;SORS;Average gross earnings;A;Normal value
2403040110IND02;07;2019;RS;REPUBLIC OF SERBIA;0_JP_JD_JL;Public enterprises;90901;RSD;RSD;SORS;Average gross earnings;A;Normal value
2403040110IND02;07;2019;RS;REPUBLIC OF SERBIA;0_JS;Public sector;84427;RSD;RSD;SORS;Average gross earnings;A;Normal value
2403040110IND02;07;2019;RS;REPUBLIC OF SERBIA;0_VJS;Non-public sector;70464;RSD;RSD;SORS;Average gross earnings;A;Normal value
2403040110IND02;07;2019;RS;REPUBLIC OF SERBIA;1_JD;Public state enterprises;104551;RSD;RSD;SORS;Average gross earnings;A;Normal value
2403040110IND02;07;2019;RS;REPUBLIC OF SERBIA;2_JL;Public local enterprises;71953;RSD;RSD;SORS;Average gross earnings;A;Normal value
2403040110IND02;07;2019;RS;REPUBLIC OF SERBIA;3_4_5_BK;General government;82342;RSD;RSD;SORS;Average gross earnings;A;Normal value
2403040110IND02;07;2019;RS;REPUBLIC OF SERBIA;3_ZS;Health and social work;76759;RSD;RSD;SORS;Average gross earnings;A;Normal value
2403040110IND02;07;2019;RS;REPUBLIC OF SERBIA;4_OK;Education and culture;79567;RSD;RSD;SORS;Average gross earnings;A;Normal value
2403040110IND02;07;2019;RS;REPUBLIC OF SERBIA;5_AD;Administration - all levels;89980;RSD;RSD;SORS;Average gross earnings;A;Normal value
2403040110IND02;07;2019;RS;REPUBLIC OF SERBIA;5_AD2;Administration - government  level;93696;RSD;RSD;SORS;Average gross earnings;A;Normal value
2403040110IND02;07;2019;RS;REPUBLIC OF SERBIA;5_AD3;Administration - autonomous  province level;96313;RSD;RSD;SORS;Average gross earnings;A;Normal value
2403040110IND02;07;2019;RS;REPUBLIC OF SERBIA;5_AD4;Administration - local authorities’ level;71362;RSD;RSD;SORS;Average gross earnings;A;Normal value
2403040110IND02;07;2020;RS;REPUBLIC OF SERBIA;0;Total;82003;RSD;RSD;SORS;Average gross earnings;A;Normal value
2403040110IND02;07;2020;RS;REPUBLIC OF SERBIA;0_JP_JD_JL;Public enterprises;99719;RSD;RSD;SORS;Average gross earnings;A;Normal value
2403040110IND02;07;2020;RS;REPUBLIC OF SERBIA;0_JS;Public sector;93850;RSD;RSD;SORS;Average gross earnings;A;Normal value
2403040110IND02;07;2020;RS;REPUBLIC OF SERBIA;0_VJS;Non-public sector;76738;RSD;RSD;SORS;Average gross earnings;A;Normal value
2403040110IND02;07;2020;RS;REPUBLIC OF SERBIA;1_JD;Public state enterprises;112261;RSD;RSD;SORS;Average gross earnings;A;Normal value
2403040110IND02;07;2020;RS;REPUBLIC OF SERBIA;2_JL;Public local enterprises;82386;RSD;RSD;SORS;Average gross earnings;A;Normal value
2403040110IND02;07;2020;RS;REPUBLIC OF SERBIA;3_4_5_BK;General government;91967;RSD;RSD;SORS;Average gross earnings;A;Normal value
2403040110IND02;07;2020;RS;REPUBLIC OF SERBIA;3_ZS;Health and social work;89601;RSD;RSD;SORS;Average gross earnings;A;Normal value
2403040110IND02;07;2020;RS;REPUBLIC OF SERBIA;4_OK;Education and culture;87081;RSD;RSD;SORS;Average gross earnings;A;Normal value
2403040110IND02;07;2020;RS;REPUBLIC OF SERBIA;5_AD;Administration - all levels;98597;RSD;RSD;SORS;Average gross earnings;A;Normal value
2403040110IND02;07;2020;RS;REPUBLIC OF SERBIA;5_AD2;Administration - government  level;102644;RSD;RSD;SORS;Average gross earnings;A;Normal value
2403040110IND02;07;2020;RS;REPUBLIC OF SERBIA;5_AD3;Administration - autonomous  province level;107890;RSD;RSD;SORS;Average gross earnings;A;Normal value
2403040110IND02;07;2020;RS;REPUBLIC OF SERBIA;5_AD4;Administration - local authorities’ level;78132;RSD;RSD;SORS;Average gross earnings;A;Normal value
2403040110IND02;07;2021;RS;REPUBLIC OF SERBIA;0;Total;88759;RSD;RSD;SORS;Average gross earnings;A;Normal value
2403040110IND02;07;2021;RS;REPUBLIC OF SERBIA;0_JP_JD_JL;Public enterprises;102726;RSD;RSD;SORS;Average gross earnings;A;Normal value
2403040110IND02;07;2021;RS;REPUBLIC OF SERBIA;0_JS;Public sector;100589;RSD;RSD;SORS;Average gross earnings;A;Normal value
2403040110IND02;07;2021;RS;REPUBLIC OF SERBIA;0_VJS;Non-public sector;83727;RSD;RSD;SORS;Average gross earnings;A;Normal value
2403040110IND02;07;2021;RS;REPUBLIC OF SERBIA;1_JD;Public state enterprises;114240;RSD;RSD;SORS;Average gross earnings;A;Normal value
2403040110IND02;07;2021;RS;REPUBLIC OF SERBIA;2_JL;Public local enterprises;86688;RSD;RSD;SORS;Average gross earnings;A;Normal value
2403040110IND02;07;2021;RS;REPUBLIC OF SERBIA;3_4_5_BK;General government;99910;RSD;RSD;SORS;Average gross earnings;A;Normal value
2403040110IND02;07;2021;RS;REPUBLIC OF SERBIA;3_ZS;Health and social work;103070;RSD;RSD;SORS;Average gross earnings;A;Normal value
2403040110IND02;07;2021;RS;REPUBLIC OF SERBIA;4_OK;Education and culture;91288;RSD;RSD;SORS;Average gross earnings;A;Normal value
2403040110IND02;07;2021;RS;REPUBLIC OF SERBIA;5_AD;Administration - all levels;104988;RSD;RSD;SORS;Average gross earnings;A;Normal value
2403040110IND02;07;2021;RS;REPUBLIC OF SERBIA;5_AD2;Administration - government  level;109401;RSD;RSD;SORS;Average gross earnings;A;Normal value
2403040110IND02;07;2021;RS;REPUBLIC OF SERBIA;5_AD3;Administration - autonomous  province level;113268;RSD;RSD;SORS;Average gross earnings;A;Normal value
2403040110IND02;07;2021;RS;REPUBLIC OF SERBIA;5_AD4;Administration - local authorities’ level;82839;RSD;RSD;SORS;Average gross earnings;A;Normal value
2403040110IND02;07;2022;RS;REPUBLIC OF SERBIA;0;Total;100676;RSD;RSD;SORS;Average gross earnings;A;Normal value
2403040110IND02;07;2022;RS;REPUBLIC OF SERBIA;0_JP_JD_JL;Public enterprises;110179;RSD;RSD;SORS;Average gross earnings;A;Normal value
2403040110IND02;07;2022;RS;REPUBLIC OF SERBIA;0_JS;Public sector;108200;RSD;RSD;SORS;Average gross earnings;A;Normal value
2403040110IND02;07;2022;RS;REPUBLIC OF SERBIA;0_VJS;Non-public sector;97531;RSD;RSD;SORS;Average gross earnings;A;Normal value
2403040110IND02;07;2022;RS;REPUBLIC OF SERBIA;1_JD;Public state enterprises;121971;RSD;RSD;SORS;Average gross earnings;A;Normal value
2403040110IND02;07;2022;RS;REPUBLIC OF SERBIA;2_JL;Public local enterprises;93907;RSD;RSD;SORS;Average gross earnings;A;Normal value
2403040110IND02;07;2022;RS;REPUBLIC OF SERBIA;3_4_5_BK;General government;107573;RSD;RSD;SORS;Average gross earnings;A;Normal value
2403040110IND02;07;2022;RS;REPUBLIC OF SERBIA;3_ZS;Health and social work;109574;RSD;RSD;SORS;Average gross earnings;A;Normal value
2403040110IND02;07;2022;RS;REPUBLIC OF SERBIA;4_OK;Education and culture;97802;RSD;RSD;SORS;Average gross earnings;A;Normal value
2403040110IND02;07;2022;RS;REPUBLIC OF SERBIA;5_AD;Administration - all levels;114771;RSD;RSD;SORS;Average gross earnings;A;Normal value
2403040110IND02;07;2022;RS;REPUBLIC OF SERBIA;5_AD2;Administration - government  level;119792;RSD;RSD;SORS;Average gross earnings;A;Normal value
2403040110IND02;07;2022;RS;REPUBLIC OF SERBIA;5_AD3;Administration - autonomous  province level;121803;RSD;RSD;SORS;Average gross earnings;A;Normal value
2403040110IND02;07;2022;RS;REPUBLIC OF SERBIA;5_AD4;Administration - local authorities’ level;89906;RSD;RSD;SORS;Average gross earnings;A;Normal value
2403040110IND02;07;2023;RS;REPUBLIC OF SERBIA;0;Total;116067;RSD;RSD;SORS;Average gross earnings;A;Normal value
2403040110IND02;07;2023;RS;REPUBLIC OF SERBIA;0_JP_JD_JL;Public enterprises;123521;RSD;RSD;SORS;Average gross earnings;A;Normal value
2403040110IND02;07;2023;RS;REPUBLIC OF SERBIA;0_JS;Public sector;121184;RSD;RSD;SORS;Average gross earnings;A;Normal value
2403040110IND02;07;2023;RS;REPUBLIC OF SERBIA;0_VJS;Non-public sector;113999;RSD;RSD;SORS;Average gross earnings;A;Normal value
2403040110IND02;07;2023;RS;REPUBLIC OF SERBIA;1_JD;Public state enterprises;134913;RSD;RSD;SORS;Average gross earnings;A;Normal value
2403040110IND02;07;2023;RS;REPUBLIC OF SERBIA;2_JL;Public local enterprises;107900;RSD;RSD;SORS;Average gross earnings;A;Normal value
2403040110IND02;07;2023;RS;REPUBLIC OF SERBIA;3_4_5_BK;General government;120452;RSD;RSD;SORS;Average gross earnings;A;Normal value
2403040110IND02;07;2023;RS;REPUBLIC OF SERBIA;3_ZS;Health and social work;119833;RSD;RSD;SORS;Average gross earnings;A;Normal value
2403040110IND02;07;2023;RS;REPUBLIC OF SERBIA;4_OK;Education and culture;109666;RSD;RSD;SORS;Average gross earnings;A;Normal value
2403040110IND02;07;2023;RS;REPUBLIC OF SERBIA;5_AD;Administration - all levels;131082;RSD;RSD;SORS;Average gross earnings;A;Normal value
2403040110IND02;07;2023;RS;REPUBLIC OF SERBIA;5_AD2;Administration - government  level;136914;RSD;RSD;SORS;Average gross earnings;A;Normal value
2403040110IND02;07;2023;RS;REPUBLIC OF SERBIA;5_AD3;Administration - autonomous  province level;142702;RSD;RSD;SORS;Average gross earnings;A;Normal value
2403040110IND02;07;2023;RS;REPUBLIC OF SERBIA;5_AD4;Administration - local authorities’ level;101867;RSD;RSD;SORS;Average gross earnings;A;Normal value
2403040110IND02;07;2024;RS;REPUBLIC OF SERBIA;0;Total;133553;RSD;RSD;SORS;Average gross earnings;A;Normal value
2403040110IND02;07;2024;RS;REPUBLIC OF SERBIA;0_JP_JD_JL;Public enterprises;141636;RSD;RSD;SORS;Average gross earnings;A;Normal value
2403040110IND02;07;2024;RS;REPUBLIC OF SERBIA;0_JS;Public sector;139583;RSD;RSD;SORS;Average gross earnings;A;Normal value
2403040110IND02;07;2024;RS;REPUBLIC OF SERBIA;0_VJS;Non-public sector;131121;RSD;RSD;SORS;Average gross earnings;A;Normal value
2403040110IND02;07;2024;RS;REPUBLIC OF SERBIA;1_JD;Public state enterprises;153811;RSD;RSD;SORS;Average gross earnings;A;Normal value
2403040110IND02;07;2024;RS;REPUBLIC OF SERBIA;2_JL;Public local enterprises;125108;RSD;RSD;SORS;Average gross earnings;A;Normal value
2403040110IND02;07;2024;RS;REPUBLIC OF SERBIA;3_4_5_BK;General government;138947;RSD;RSD;SORS;Average gross earnings;A;Normal value
2403040110IND02;07;2024;RS;REPUBLIC OF SERBIA;3_ZS;Health and social work;136835;RSD;RSD;SORS;Average gross earnings;A;Normal value
2403040110IND02;07;2024;RS;REPUBLIC OF SERBIA;4_OK;Education and culture;129889;RSD;RSD;SORS;Average gross earnings;A;Normal value
2403040110IND02;07;2024;RS;REPUBLIC OF SERBIA;5_AD;Administration - all levels;149264;RSD;RSD;SORS;Average gross earnings;A;Normal value
2403040110IND02;07;2024;RS;REPUBLIC OF SERBIA;5_AD2;Administration - government  level;156124;RSD;RSD;SORS;Average gross earnings;A;Normal value
2403040110IND02;07;2024;RS;REPUBLIC OF SERBIA;5_AD3;Administration - autonomous  province level;149656;RSD;RSD;SORS;Average gross earnings;A;Normal value
2403040110IND02;07;2024;RS;REPUBLIC OF SERBIA;5_AD4;Administration - local authorities’ level;115144;RSD;RSD;SORS;Average gross earnings;A;Normal value
2403040110IND02;07;2025;RS;REPUBLIC OF SERBIA;0;Total;148332;RSD;RSD;SORS;Average gross earnings;A;Normal value
2403040110IND02;07;2025;RS;REPUBLIC OF SERBIA;0_JP_JD_JL;Public enterprises;158597;RSD;RSD;SORS;Average gross earnings;A;Normal value
2403040110IND02;07;2025;RS;REPUBLIC OF SERBIA;0_JS;Public sector;154492;RSD;RSD;SORS;Average gross earnings;A;Normal value
2403040110IND02;07;2025;RS;REPUBLIC OF SERBIA;0_VJS;Non-public sector;145882;RSD;RSD;SORS;Average gross earnings;A;Normal value
2403040110IND02;07;2025;RS;REPUBLIC OF SERBIA;1_JD;Public state enterprises;171487;RSD;RSD;SORS;Average gross earnings;A;Normal value
2403040110IND02;07;2025;RS;REPUBLIC OF SERBIA;2_JL;Public local enterprises;141135;RSD;RSD;SORS;Average gross earnings;A;Normal value
2403040110IND02;07;2025;RS;REPUBLIC OF SERBIA;3_4_5_BK;General government;153233;RSD;RSD;SORS;Average gross earnings;A;Normal value
2403040110IND02;07;2025;RS;REPUBLIC OF SERBIA;3_ZS;Health and social work;149850;RSD;RSD;SORS;Average gross earnings;A;Normal value
2403040110IND02;07;2025;RS;REPUBLIC OF SERBIA;4_OK;Education and culture;142715;RSD;RSD;SORS;Average gross earnings;A;Normal value
2403040110IND02;07;2025;RS;REPUBLIC OF SERBIA;5_AD;Administration - all levels;166071;RSD;RSD;SORS;Average gross earnings;A;Normal value
2403040110IND02;07;2025;RS;REPUBLIC OF SERBIA;5_AD2;Administration - government  level;173686;RSD;RSD;SORS;Average gross earnings;A;Normal value
2403040110IND02;07;2025;RS;REPUBLIC OF SERBIA;5_AD3;Administration - autonomous  province level;161606;RSD;RSD;SORS;Average gross earnings;A;Normal value
2403040110IND02;07;2025;RS;REPUBLIC OF SERBIA;5_AD4;Administration - local authorities’ level;128538;RSD;RSD;SORS;Average gross earnings;A;Normal value
2403040110IND02;08;2018;RS;REPUBLIC OF SERBIA;0;Total;68259;RSD;RSD;SORS;Average gross earnings;A;Normal value
2403040110IND02;08;2018;RS;REPUBLIC OF SERBIA;0_JP_JD_JL;Public enterprises;82580;RSD;RSD;SORS;Average gross earnings;A;Normal value
2403040110IND02;08;2018;RS;REPUBLIC OF SERBIA;0_JS;Public sector;76813;RSD;RSD;SORS;Average gross earnings;A;Normal value
2403040110IND02;08;2018;RS;REPUBLIC OF SERBIA;0_VJS;Non-public sector;63962;RSD;RSD;SORS;Average gross earnings;A;Normal value
2403040110IND02;08;2018;RS;REPUBLIC OF SERBIA;1_JD;Public state enterprises;93900;RSD;RSD;SORS;Average gross earnings;A;Normal value
2403040110IND02;08;2018;RS;REPUBLIC OF SERBIA;2_JL;Public local enterprises;65752;RSD;RSD;SORS;Average gross earnings;A;Normal value
2403040110IND02;08;2018;RS;REPUBLIC OF SERBIA;3_4_5_BK;General government;74900;RSD;RSD;SORS;Average gross earnings;A;Normal value
2403040110IND02;08;2018;RS;REPUBLIC OF SERBIA;3_ZS;Health and social work;69583;RSD;RSD;SORS;Average gross earnings;A;Normal value
2403040110IND02;08;2018;RS;REPUBLIC OF SERBIA;4_OK;Education and culture;72770;RSD;RSD;SORS;Average gross earnings;A;Normal value
2403040110IND02;08;2018;RS;REPUBLIC OF SERBIA;5_AD;Administration - all levels;81650;RSD;RSD;SORS;Average gross earnings;A;Normal value
2403040110IND02;08;2018;RS;REPUBLIC OF SERBIA;5_AD2;Administration - government  level;84903;RSD;RSD;SORS;Average gross earnings;A;Normal value
2403040110IND02;08;2018;RS;REPUBLIC OF SERBIA;5_AD3;Administration - autonomous  province level;85652;RSD;RSD;SORS;Average gross earnings;A;Normal value
2403040110IND02;08;2018;RS;REPUBLIC OF SERBIA;5_AD4;Administration - local authorities’ level;65592;RSD;RSD;SORS;Average gross earnings;A;Normal value
2403040110IND02;08;2019;RS;REPUBLIC OF SERBIA;0;Total;74902;RSD;RSD;SORS;Average gross earnings;A;Normal value
2403040110IND02;08;2019;RS;REPUBLIC OF SERBIA;0_JP_JD_JL;Public enterprises;90852;RSD;RSD;SORS;Average gross earnings;A;Normal value
2403040110IND02;08;2019;RS;REPUBLIC OF SERBIA;0_JS;Public sector;84335;RSD;RSD;SORS;Average gross earnings;A;Normal value
2403040110IND02;08;2019;RS;REPUBLIC OF SERBIA;0_VJS;Non-public sector;70490;RSD;RSD;SORS;Average gross earnings;A;Normal value
2403040110IND02;08;2019;RS;REPUBLIC OF SERBIA;1_JD;Public state enterprises;104526;RSD;RSD;SORS;Average gross earnings;A;Normal value
2403040110IND02;08;2019;RS;REPUBLIC OF SERBIA;2_JL;Public local enterprises;71932;RSD;RSD;SORS;Average gross earnings;A;Normal value
2403040110IND02;08;2019;RS;REPUBLIC OF SERBIA;3_4_5_BK;General government;82234;RSD;RSD;SORS;Average gross earnings;A;Normal value
2403040110IND02;08;2019;RS;REPUBLIC OF SERBIA;3_ZS;Health and social work;76665;RSD;RSD;SORS;Average gross earnings;A;Normal value
2403040110IND02;08;2019;RS;REPUBLIC OF SERBIA;4_OK;Education and culture;79534;RSD;RSD;SORS;Average gross earnings;A;Normal value
2403040110IND02;08;2019;RS;REPUBLIC OF SERBIA;5_AD;Administration - all levels;89783;RSD;RSD;SORS;Average gross earnings;A;Normal value
2403040110IND02;08;2019;RS;REPUBLIC OF SERBIA;5_AD2;Administration - government  level;93483;RSD;RSD;SORS;Average gross earnings;A;Normal value
2403040110IND02;08;2019;RS;REPUBLIC OF SERBIA;5_AD3;Administration - autonomous  province level;95960;RSD;RSD;SORS;Average gross earnings;A;Normal value
2403040110IND02;08;2019;RS;REPUBLIC OF SERBIA;5_AD4;Administration - local authorities’ level;71293;RSD;RSD;SORS;Average gross earnings;A;Normal value
2403040110IND02;08;2020;RS;REPUBLIC OF SERBIA;0;Total;81862;RSD;RSD;SORS;Average gross earnings;A;Normal value
2403040110IND02;08;2020;RS;REPUBLIC OF SERBIA;0_JP_JD_JL;Public enterprises;99385;RSD;RSD;SORS;Average gross earnings;A;Normal value
2403040110IND02;08;2020;RS;REPUBLIC OF SERBIA;0_JS;Public sector;93687;RSD;RSD;SORS;Average gross earnings;A;Normal value
2403040110IND02;08;2020;RS;REPUBLIC OF SERBIA;0_VJS;Non-public sector;76630;RSD;RSD;SORS;Average gross earnings;A;Normal value
2403040110IND02;08;2020;RS;REPUBLIC OF SERBIA;1_JD;Public state enterprises;111834;RSD;RSD;SORS;Average gross earnings;A;Normal value
2403040110IND02;08;2020;RS;REPUBLIC OF SERBIA;2_JL;Public local enterprises;82199;RSD;RSD;SORS;Average gross earnings;A;Normal value
2403040110IND02;08;2020;RS;REPUBLIC OF SERBIA;3_4_5_BK;General government;91856;RSD;RSD;SORS;Average gross earnings;A;Normal value
2403040110IND02;08;2020;RS;REPUBLIC OF SERBIA;3_ZS;Health and social work;89734;RSD;RSD;SORS;Average gross earnings;A;Normal value
2403040110IND02;08;2020;RS;REPUBLIC OF SERBIA;4_OK;Education and culture;86834;RSD;RSD;SORS;Average gross earnings;A;Normal value
2403040110IND02;08;2020;RS;REPUBLIC OF SERBIA;5_AD;Administration - all levels;98385;RSD;RSD;SORS;Average gross earnings;A;Normal value
2403040110IND02;08;2020;RS;REPUBLIC OF SERBIA;5_AD2;Administration - government  level;102423;RSD;RSD;SORS;Average gross earnings;A;Normal value
2403040110IND02;08;2020;RS;REPUBLIC OF SERBIA;5_AD3;Administration - autonomous  province level;107198;RSD;RSD;SORS;Average gross earnings;A;Normal value
2403040110IND02;08;2020;RS;REPUBLIC OF SERBIA;5_AD4;Administration - local authorities’ level;78022;RSD;RSD;SORS;Average gross earnings;A;Normal value
2403040110IND02;08;2021;RS;REPUBLIC OF SERBIA;0;Total;88816;RSD;RSD;SORS;Average gross earnings;A;Normal value
2403040110IND02;08;2021;RS;REPUBLIC OF SERBIA;0_JP_JD_JL;Public enterprises;102852;RSD;RSD;SORS;Average gross earnings;A;Normal value
2403040110IND02;08;2021;RS;REPUBLIC OF SERBIA;0_JS;Public sector;100550;RSD;RSD;SORS;Average gross earnings;A;Normal value
2403040110IND02;08;2021;RS;REPUBLIC OF SERBIA;0_VJS;Non-public sector;83835;RSD;RSD;SORS;Average gross earnings;A;Normal value
2403040110IND02;08;2021;RS;REPUBLIC OF SERBIA;1_JD;Public state enterprises;114384;RSD;RSD;SORS;Average gross earnings;A;Normal value
2403040110IND02;08;2021;RS;REPUBLIC OF SERBIA;2_JL;Public local enterprises;86799;RSD;RSD;SORS;Average gross earnings;A;Normal value
2403040110IND02;08;2021;RS;REPUBLIC OF SERBIA;3_4_5_BK;General government;99817;RSD;RSD;SORS;Average gross earnings;A;Normal value
2403040110IND02;08;2021;RS;REPUBLIC OF SERBIA;3_ZS;Health and social work;102681;RSD;RSD;SORS;Average gross earnings;A;Normal value
2403040110IND02;08;2021;RS;REPUBLIC OF SERBIA;4_OK;Education and culture;91364;RSD;RSD;SORS;Average gross earnings;A;Normal value
2403040110IND02;08;2021;RS;REPUBLIC OF SERBIA;5_AD;Administration - all levels;105002;RSD;RSD;SORS;Average gross earnings;A;Normal value
2403040110IND02;08;2021;RS;REPUBLIC OF SERBIA;5_AD2;Administration - government  level;109424;RSD;RSD;SORS;Average gross earnings;A;Normal value
2403040110IND02;08;2021;RS;REPUBLIC OF SERBIA;5_AD3;Administration - autonomous  province level;112926;RSD;RSD;SORS;Average gross earnings;A;Normal value
2403040110IND02;08;2021;RS;REPUBLIC OF SERBIA;5_AD4;Administration - local authorities’ level;82871;RSD;RSD;SORS;Average gross earnings;A;Normal value
2403040110IND02;08;2022;RS;REPUBLIC OF SERBIA;0;Total;101088;RSD;RSD;SORS;Average gross earnings;A;Normal value
2403040110IND02;08;2022;RS;REPUBLIC OF SERBIA;0_JP_JD_JL;Public enterprises;110590;RSD;RSD;SORS;Average gross earnings;A;Normal value
2403040110IND02;08;2022;RS;REPUBLIC OF SERBIA;0_JS;Public sector;108292;RSD;RSD;SORS;Average gross earnings;A;Normal value
2403040110IND02;08;2022;RS;REPUBLIC OF SERBIA;0_VJS;Non-public sector;98079;RSD;RSD;SORS;Average gross earnings;A;Normal value
2403040110IND02;08;2022;RS;REPUBLIC OF SERBIA;1_JD;Public state enterprises;122416;RSD;RSD;SORS;Average gross earnings;A;Normal value
2403040110IND02;08;2022;RS;REPUBLIC OF SERBIA;2_JL;Public local enterprises;94299;RSD;RSD;SORS;Average gross earnings;A;Normal value
2403040110IND02;08;2022;RS;REPUBLIC OF SERBIA;3_4_5_BK;General government;107564;RSD;RSD;SORS;Average gross earnings;A;Normal value
2403040110IND02;08;2022;RS;REPUBLIC OF SERBIA;3_ZS;Health and social work;109415;RSD;RSD;SORS;Average gross earnings;A;Normal value
2403040110IND02;08;2022;RS;REPUBLIC OF SERBIA;4_OK;Education and culture;98096;RSD;RSD;SORS;Average gross earnings;A;Normal value
2403040110IND02;08;2022;RS;REPUBLIC OF SERBIA;5_AD;Administration - all levels;114606;RSD;RSD;SORS;Average gross earnings;A;Normal value
2403040110IND02;08;2022;RS;REPUBLIC OF SERBIA;5_AD2;Administration - government  level;119588;RSD;RSD;SORS;Average gross earnings;A;Normal value
2403040110IND02;08;2022;RS;REPUBLIC OF SERBIA;5_AD3;Administration - autonomous  province level;121588;RSD;RSD;SORS;Average gross earnings;A;Normal value
2403040110IND02;08;2022;RS;REPUBLIC OF SERBIA;5_AD4;Administration - local authorities’ level;89979;RSD;RSD;SORS;Average gross earnings;A;Normal value
2403040110IND02;08;2023;RS;REPUBLIC OF SERBIA;0;Total;116424;RSD;RSD;SORS;Average gross earnings;A;Normal value
2403040110IND02;08;2023;RS;REPUBLIC OF SERBIA;0_JP_JD_JL;Public enterprises;124131;RSD;RSD;SORS;Average gross earnings;A;Normal value
2403040110IND02;08;2023;RS;REPUBLIC OF SERBIA;0_JS;Public sector;121445;RSD;RSD;SORS;Average gross earnings;A;Normal value
2403040110IND02;08;2023;RS;REPUBLIC OF SERBIA;0_VJS;Non-public sector;114397;RSD;RSD;SORS;Average gross earnings;A;Normal value
2403040110IND02;08;2023;RS;REPUBLIC OF SERBIA;1_JD;Public state enterprises;135611;RSD;RSD;SORS;Average gross earnings;A;Normal value
2403040110IND02;08;2023;RS;REPUBLIC OF SERBIA;2_JL;Public local enterprises;108395;RSD;RSD;SORS;Average gross earnings;A;Normal value
2403040110IND02;08;2023;RS;REPUBLIC OF SERBIA;3_4_5_BK;General government;120603;RSD;RSD;SORS;Average gross earnings;A;Normal value
2403040110IND02;08;2023;RS;REPUBLIC OF SERBIA;3_ZS;Health and social work;119841;RSD;RSD;SORS;Average gross earnings;A;Normal value
2403040110IND02;08;2023;RS;REPUBLIC OF SERBIA;4_OK;Education and culture;109954;RSD;RSD;SORS;Average gross earnings;A;Normal value
2403040110IND02;08;2023;RS;REPUBLIC OF SERBIA;5_AD;Administration - all levels;131228;RSD;RSD;SORS;Average gross earnings;A;Normal value
2403040110IND02;08;2023;RS;REPUBLIC OF SERBIA;5_AD2;Administration - government  level;137052;RSD;RSD;SORS;Average gross earnings;A;Normal value
2403040110IND02;08;2023;RS;REPUBLIC OF SERBIA;5_AD3;Administration - autonomous  province level;141817;RSD;RSD;SORS;Average gross earnings;A;Normal value
2403040110IND02;08;2023;RS;REPUBLIC OF SERBIA;5_AD4;Administration - local authorities’ level;102106;RSD;RSD;SORS;Average gross earnings;A;Normal value
2403040110IND02;08;2024;RS;REPUBLIC OF SERBIA;0;Total;133558;RSD;RSD;SORS;Average gross earnings;A;Normal value
2403040110IND02;08;2024;RS;REPUBLIC OF SERBIA;0_JP_JD_JL;Public enterprises;141567;RSD;RSD;SORS;Average gross earnings;A;Normal value
2403040110IND02;08;2024;RS;REPUBLIC OF SERBIA;0_JS;Public sector;139464;RSD;RSD;SORS;Average gross earnings;A;Normal value
2403040110IND02;08;2024;RS;REPUBLIC OF SERBIA;0_VJS;Non-public sector;131177;RSD;RSD;SORS;Average gross earnings;A;Normal value
2403040110IND02;08;2024;RS;REPUBLIC OF SERBIA;1_JD;Public state enterprises;153709;RSD;RSD;SORS;Average gross earnings;A;Normal value
2403040110IND02;08;2024;RS;REPUBLIC OF SERBIA;2_JL;Public local enterprises;125092;RSD;RSD;SORS;Average gross earnings;A;Normal value
2403040110IND02;08;2024;RS;REPUBLIC OF SERBIA;3_4_5_BK;General government;138812;RSD;RSD;SORS;Average gross earnings;A;Normal value
2403040110IND02;08;2024;RS;REPUBLIC OF SERBIA;3_ZS;Health and social work;136646;RSD;RSD;SORS;Average gross earnings;A;Normal value
2403040110IND02;08;2024;RS;REPUBLIC OF SERBIA;4_OK;Education and culture;129859;RSD;RSD;SORS;Average gross earnings;A;Normal value
2403040110IND02;08;2024;RS;REPUBLIC OF SERBIA;5_AD;Administration - all levels;149078;RSD;RSD;SORS;Average gross earnings;A;Normal value
2403040110IND02;08;2024;RS;REPUBLIC OF SERBIA;5_AD2;Administration - government  level;155880;RSD;RSD;SORS;Average gross earnings;A;Normal value
2403040110IND02;08;2024;RS;REPUBLIC OF SERBIA;5_AD3;Administration - autonomous  province level;149591;RSD;RSD;SORS;Average gross earnings;A;Normal value
2403040110IND02;08;2024;RS;REPUBLIC OF SERBIA;5_AD4;Administration - local authorities’ level;115239;RSD;RSD;SORS;Average gross earnings;A;Normal value
2403040110IND02;08;2025;RS;REPUBLIC OF SERBIA;0;Total;148044;RSD;RSD;SORS;Average gross earnings;A;Normal value
2403040110IND02;08;2025;RS;REPUBLIC OF SERBIA;0_JP_JD_JL;Public enterprises;158049;RSD;RSD;SORS;Average gross earnings;A;Normal value
2403040110IND02;08;2025;RS;REPUBLIC OF SERBIA;0_JS;Public sector;154343;RSD;RSD;SORS;Average gross earnings;A;Normal value
2403040110IND02;08;2025;RS;REPUBLIC OF SERBIA;0_VJS;Non-public sector;145537;RSD;RSD;SORS;Average gross earnings;A;Normal value
2403040110IND02;08;2025;RS;REPUBLIC OF SERBIA;1_JD;Public state enterprises;170707;RSD;RSD;SORS;Average gross earnings;A;Normal value
2403040110IND02;08;2025;RS;REPUBLIC OF SERBIA;2_JL;Public local enterprises;140904;RSD;RSD;SORS;Average gross earnings;A;Normal value
2403040110IND02;08;2025;RS;REPUBLIC OF SERBIA;3_4_5_BK;General government;153207;RSD;RSD;SORS;Average gross earnings;A;Normal value
2403040110IND02;08;2025;RS;REPUBLIC OF SERBIA;3_ZS;Health and social work;149579;RSD;RSD;SORS;Average gross earnings;A;Normal value
2403040110IND02;08;2025;RS;REPUBLIC OF SERBIA;4_OK;Education and culture;143059;RSD;RSD;SORS;Average gross earnings;A;Normal value
2403040110IND02;08;2025;RS;REPUBLIC OF SERBIA;5_AD;Administration - all levels;165983;RSD;RSD;SORS;Average gross earnings;A;Normal value
2403040110IND02;08;2025;RS;REPUBLIC OF SERBIA;5_AD2;Administration - government  level;173556;RSD;RSD;SORS;Average gross earnings;A;Normal value
2403040110IND02;08;2025;RS;REPUBLIC OF SERBIA;5_AD3;Administration - autonomous  province level;161422;RSD;RSD;SORS;Average gross earnings;A;Normal value
2403040110IND02;08;2025;RS;REPUBLIC OF SERBIA;5_AD4;Administration - local authorities’ level;128635;RSD;RSD;SORS;Average gross earnings;A;Normal value
2403040110IND02;09;2018;RS;REPUBLIC OF SERBIA;0;Total;68032;RSD;RSD;SORS;Average gross earnings;A;Normal value
2403040110IND02;09;2018;RS;REPUBLIC OF SERBIA;0_JP_JD_JL;Public enterprises;82075;RSD;RSD;SORS;Average gross earnings;A;Normal value
2403040110IND02;09;2018;RS;REPUBLIC OF SERBIA;0_JS;Public sector;76608;RSD;RSD;SORS;Average gross earnings;A;Normal value
2403040110IND02;09;2018;RS;REPUBLIC OF SERBIA;0_VJS;Non-public sector;63736;RSD;RSD;SORS;Average gross earnings;A;Normal value
2403040110IND02;09;2018;RS;REPUBLIC OF SERBIA;1_JD;Public state enterprises;93236;RSD;RSD;SORS;Average gross earnings;A;Normal value
2403040110IND02;09;2018;RS;REPUBLIC OF SERBIA;2_JL;Public local enterprises;65527;RSD;RSD;SORS;Average gross earnings;A;Normal value
2403040110IND02;09;2018;RS;REPUBLIC OF SERBIA;3_4_5_BK;General government;74793;RSD;RSD;SORS;Average gross earnings;A;Normal value
2403040110IND02;09;2018;RS;REPUBLIC OF SERBIA;3_ZS;Health and social work;69380;RSD;RSD;SORS;Average gross earnings;A;Normal value
2403040110IND02;09;2018;RS;REPUBLIC OF SERBIA;4_OK;Education and culture;72681;RSD;RSD;SORS;Average gross earnings;A;Normal value
2403040110IND02;09;2018;RS;REPUBLIC OF SERBIA;5_AD;Administration - all levels;81620;RSD;RSD;SORS;Average gross earnings;A;Normal value
2403040110IND02;09;2018;RS;REPUBLIC OF SERBIA;5_AD2;Administration - government  level;84915;RSD;RSD;SORS;Average gross earnings;A;Normal value
2403040110IND02;09;2018;RS;REPUBLIC OF SERBIA;5_AD3;Administration - autonomous  province level;85580;RSD;RSD;SORS;Average gross earnings;A;Normal value
2403040110IND02;09;2018;RS;REPUBLIC OF SERBIA;5_AD4;Administration - local authorities’ level;65427;RSD;RSD;SORS;Average gross earnings;A;Normal value
2403040110IND02;09;2019;RS;REPUBLIC OF SERBIA;0;Total;74819;RSD;RSD;SORS;Average gross earnings;A;Normal value
2403040110IND02;09;2019;RS;REPUBLIC OF SERBIA;0_JP_JD_JL;Public enterprises;90587;RSD;RSD;SORS;Average gross earnings;A;Normal value
2403040110IND02;09;2019;RS;REPUBLIC OF SERBIA;0_JS;Public sector;84211;RSD;RSD;SORS;Average gross earnings;A;Normal value
2403040110IND02;09;2019;RS;REPUBLIC OF SERBIA;0_VJS;Non-public sector;70434;RSD;RSD;SORS;Average gross earnings;A;Normal value
2403040110IND02;09;2019;RS;REPUBLIC OF SERBIA;1_JD;Public state enterprises;104217;RSD;RSD;SORS;Average gross earnings;A;Normal value
2403040110IND02;09;2019;RS;REPUBLIC OF SERBIA;2_JL;Public local enterprises;71774;RSD;RSD;SORS;Average gross earnings;A;Normal value
2403040110IND02;09;2019;RS;REPUBLIC OF SERBIA;3_4_5_BK;General government;82154;RSD;RSD;SORS;Average gross earnings;A;Normal value
2403040110IND02;09;2019;RS;REPUBLIC OF SERBIA;3_ZS;Health and social work;76567;RSD;RSD;SORS;Average gross earnings;A;Normal value
2403040110IND02;09;2019;RS;REPUBLIC OF SERBIA;4_OK;Education and culture;79516;RSD;RSD;SORS;Average gross earnings;A;Normal value
2403040110IND02;09;2019;RS;REPUBLIC OF SERBIA;5_AD;Administration - all levels;89662;RSD;RSD;SORS;Average gross earnings;A;Normal value
2403040110IND02;09;2019;RS;REPUBLIC OF SERBIA;5_AD2;Administration - government  level;93358;RSD;RSD;SORS;Average gross earnings;A;Normal value
2403040110IND02;09;2019;RS;REPUBLIC OF SERBIA;5_AD3;Administration - autonomous  province level;95670;RSD;RSD;SORS;Average gross earnings;A;Normal value
2403040110IND02;09;2019;RS;REPUBLIC OF SERBIA;5_AD4;Administration - local authorities’ level;71244;RSD;RSD;SORS;Average gross earnings;A;Normal value
2403040110IND02;09;2020;RS;REPUBLIC OF SERBIA;0;Total;81936;RSD;RSD;SORS;Average gross earnings;A;Normal value
2403040110IND02;09;2020;RS;REPUBLIC OF SERBIA;0_JP_JD_JL;Public enterprises;99317;RSD;RSD;SORS;Average gross earnings;A;Normal value
2403040110IND02;09;2020;RS;REPUBLIC OF SERBIA;0_JS;Public sector;93744;RSD;RSD;SORS;Average gross earnings;A;Normal value
2403040110IND02;09;2020;RS;REPUBLIC OF SERBIA;0_VJS;Non-public sector;76724;RSD;RSD;SORS;Average gross earnings;A;Normal value
2403040110IND02;09;2020;RS;REPUBLIC OF SERBIA;1_JD;Public state enterprises;111756;RSD;RSD;SORS;Average gross earnings;A;Normal value
2403040110IND02;09;2020;RS;REPUBLIC OF SERBIA;2_JL;Public local enterprises;82165;RSD;RSD;SORS;Average gross earnings;A;Normal value
2403040110IND02;09;2020;RS;REPUBLIC OF SERBIA;3_4_5_BK;General government;91954;RSD;RSD;SORS;Average gross earnings;A;Normal value
2403040110IND02;09;2020;RS;REPUBLIC OF SERBIA;3_ZS;Health and social work;90056;RSD;RSD;SORS;Average gross earnings;A;Normal value
2403040110IND02;09;2020;RS;REPUBLIC OF SERBIA;4_OK;Education and culture;86887;RSD;RSD;SORS;Average gross earnings;A;Normal value
2403040110IND02;09;2020;RS;REPUBLIC OF SERBIA;5_AD;Administration - all levels;98328;RSD;RSD;SORS;Average gross earnings;A;Normal value
2403040110IND02;09;2020;RS;REPUBLIC OF SERBIA;5_AD2;Administration - government  level;102360;RSD;RSD;SORS;Average gross earnings;A;Normal value
2403040110IND02;09;2020;RS;REPUBLIC OF SERBIA;5_AD3;Administration - autonomous  province level;106861;RSD;RSD;SORS;Average gross earnings;A;Normal value
2403040110IND02;09;2020;RS;REPUBLIC OF SERBIA;5_AD4;Administration - local authorities’ level;78056;RSD;RSD;SORS;Average gross earnings;A;Normal value
2403040110IND02;09;2021;RS;REPUBLIC OF SERBIA;0;Total;88947;RSD;RSD;SORS;Average gross earnings;A;Normal value
2403040110IND02;09;2021;RS;REPUBLIC OF SERBIA;0_JP_JD_JL;Public enterprises;102849;RSD;RSD;SORS;Average gross earnings;A;Normal value
2403040110IND02;09;2021;RS;REPUBLIC OF SERBIA;0_JS;Public sector;100539;RSD;RSD;SORS;Average gross earnings;A;Normal value
2403040110IND02;09;2021;RS;REPUBLIC OF SERBIA;0_VJS;Non-public sector;84034;RSD;RSD;SORS;Average gross earnings;A;Normal value
2403040110IND02;09;2021;RS;REPUBLIC OF SERBIA;1_JD;Public state enterprises;114419;RSD;RSD;SORS;Average gross earnings;A;Normal value
2403040110IND02;09;2021;RS;REPUBLIC OF SERBIA;2_JL;Public local enterprises;86775;RSD;RSD;SORS;Average gross earnings;A;Normal value
2403040110IND02;09;2021;RS;REPUBLIC OF SERBIA;3_4_5_BK;General government;99804;RSD;RSD;SORS;Average gross earnings;A;Normal value
2403040110IND02;09;2021;RS;REPUBLIC OF SERBIA;3_ZS;Health and social work;102538;RSD;RSD;SORS;Average gross earnings;A;Normal value
2403040110IND02;09;2021;RS;REPUBLIC OF SERBIA;4_OK;Education and culture;91452;RSD;RSD;SORS;Average gross earnings;A;Normal value
2403040110IND02;09;2021;RS;REPUBLIC OF SERBIA;5_AD;Administration - all levels;105029;RSD;RSD;SORS;Average gross earnings;A;Normal value
2403040110IND02;09;2021;RS;REPUBLIC OF SERBIA;5_AD2;Administration - government  level;109459;RSD;RSD;SORS;Average gross earnings;A;Normal value
2403040110IND02;09;2021;RS;REPUBLIC OF SERBIA;5_AD3;Administration - autonomous  province level;112675;RSD;RSD;SORS;Average gross earnings;A;Normal value
2403040110IND02;09;2021;RS;REPUBLIC OF SERBIA;5_AD4;Administration - local authorities’ level;82914;RSD;RSD;SORS;Average gross earnings;A;Normal value
2403040110IND02;09;2022;RS;REPUBLIC OF SERBIA;0;Total;101355;RSD;RSD;SORS;Average gross earnings;A;Normal value
2403040110IND02;09;2022;RS;REPUBLIC OF SERBIA;0_JP_JD_JL;Public enterprises;110664;RSD;RSD;SORS;Average gross earnings;A;Normal value
2403040110IND02;09;2022;RS;REPUBLIC OF SERBIA;0_JS;Public sector;108208;RSD;RSD;SORS;Average gross earnings;A;Normal value
2403040110IND02;09;2022;RS;REPUBLIC OF SERBIA;0_VJS;Non-public sector;98493;RSD;RSD;SORS;Average gross earnings;A;Normal value
2403040110IND02;09;2022;RS;REPUBLIC OF SERBIA;1_JD;Public state enterprises;122497;RSD;RSD;SORS;Average gross earnings;A;Normal value
2403040110IND02;09;2022;RS;REPUBLIC OF SERBIA;2_JL;Public local enterprises;94368;RSD;RSD;SORS;Average gross earnings;A;Normal value
2403040110IND02;09;2022;RS;REPUBLIC OF SERBIA;3_4_5_BK;General government;107429;RSD;RSD;SORS;Average gross earnings;A;Normal value
2403040110IND02;09;2022;RS;REPUBLIC OF SERBIA;3_ZS;Health and social work;109082;RSD;RSD;SORS;Average gross earnings;A;Normal value
2403040110IND02;09;2022;RS;REPUBLIC OF SERBIA;4_OK;Education and culture;98185;RSD;RSD;SORS;Average gross earnings;A;Normal value
2403040110IND02;09;2022;RS;REPUBLIC OF SERBIA;5_AD;Administration - all levels;114458;RSD;RSD;SORS;Average gross earnings;A;Normal value
2403040110IND02;09;2022;RS;REPUBLIC OF SERBIA;5_AD2;Administration - government  level;119411;RSD;RSD;SORS;Average gross earnings;A;Normal value
2403040110IND02;09;2022;RS;REPUBLIC OF SERBIA;5_AD3;Administration - autonomous  province level;121276;RSD;RSD;SORS;Average gross earnings;A;Normal value
2403040110IND02;09;2022;RS;REPUBLIC OF SERBIA;5_AD4;Administration - local authorities’ level;89988;RSD;RSD;SORS;Average gross earnings;A;Normal value
2403040110IND02;09;2023;RS;REPUBLIC OF SERBIA;0;Total;116541;RSD;RSD;SORS;Average gross earnings;A;Normal value
2403040110IND02;09;2023;RS;REPUBLIC OF SERBIA;0_JP_JD_JL;Public enterprises;123978;RSD;RSD;SORS;Average gross earnings;A;Normal value
2403040110IND02;09;2023;RS;REPUBLIC OF SERBIA;0_JS;Public sector;121643;RSD;RSD;SORS;Average gross earnings;A;Normal value
2403040110IND02;09;2023;RS;REPUBLIC OF SERBIA;0_VJS;Non-public sector;114481;RSD;RSD;SORS;Average gross earnings;A;Normal value
2403040110IND02;09;2023;RS;REPUBLIC OF SERBIA;1_JD;Public state enterprises;135524;RSD;RSD;SORS;Average gross earnings;A;Normal value
2403040110IND02;09;2023;RS;REPUBLIC OF SERBIA;2_JL;Public local enterprises;108179;RSD;RSD;SORS;Average gross earnings;A;Normal value
2403040110IND02;09;2023;RS;REPUBLIC OF SERBIA;3_4_5_BK;General government;120911;RSD;RSD;SORS;Average gross earnings;A;Normal value
2403040110IND02;09;2023;RS;REPUBLIC OF SERBIA;3_ZS;Health and social work;119837;RSD;RSD;SORS;Average gross earnings;A;Normal value
2403040110IND02;09;2023;RS;REPUBLIC OF SERBIA;4_OK;Education and culture;110706;RSD;RSD;SORS;Average gross earnings;A;Normal value
2403040110IND02;09;2023;RS;REPUBLIC OF SERBIA;5_AD;Administration - all levels;131385;RSD;RSD;SORS;Average gross earnings;A;Normal value
2403040110IND02;09;2023;RS;REPUBLIC OF SERBIA;5_AD2;Administration - government  level;137240;RSD;RSD;SORS;Average gross earnings;A;Normal value
2403040110IND02;09;2023;RS;REPUBLIC OF SERBIA;5_AD3;Administration - autonomous  province level;142153;RSD;RSD;SORS;Average gross earnings;A;Normal value
2403040110IND02;09;2023;RS;REPUBLIC OF SERBIA;5_AD4;Administration - local authorities’ level;102134;RSD;RSD;SORS;Average gross earnings;A;Normal value
2403040110IND02;09;2024;RS;REPUBLIC OF SERBIA;0;Total;133471;RSD;RSD;SORS;Average gross earnings;A;Normal value
2403040110IND02;09;2024;RS;REPUBLIC OF SERBIA;0_JP_JD_JL;Public enterprises;141207;RSD;RSD;SORS;Average gross earnings;A;Normal value
2403040110IND02;09;2024;RS;REPUBLIC OF SERBIA;0_JS;Public sector;139321;RSD;RSD;SORS;Average gross earnings;A;Normal value
2403040110IND02;09;2024;RS;REPUBLIC OF SERBIA;0_VJS;Non-public sector;131113;RSD;RSD;SORS;Average gross earnings;A;Normal value
2403040110IND02;09;2024;RS;REPUBLIC OF SERBIA;1_JD;Public state enterprises;153273;RSD;RSD;SORS;Average gross earnings;A;Normal value
2403040110IND02;09;2024;RS;REPUBLIC OF SERBIA;2_JL;Public local enterprises;124847;RSD;RSD;SORS;Average gross earnings;A;Normal value
2403040110IND02;09;2024;RS;REPUBLIC OF SERBIA;3_4_5_BK;General government;138737;RSD;RSD;SORS;Average gross earnings;A;Normal value
2403040110IND02;09;2024;RS;REPUBLIC OF SERBIA;3_ZS;Health and social work;136542;RSD;RSD;SORS;Average gross earnings;A;Normal value
2403040110IND02;09;2024;RS;REPUBLIC OF SERBIA;4_OK;Education and culture;129887;RSD;RSD;SORS;Average gross earnings;A;Normal value
2403040110IND02;09;2024;RS;REPUBLIC OF SERBIA;5_AD;Administration - all levels;148952;RSD;RSD;SORS;Average gross earnings;A;Normal value
2403040110IND02;09;2024;RS;REPUBLIC OF SERBIA;5_AD2;Administration - government  level;155723;RSD;RSD;SORS;Average gross earnings;A;Normal value
2403040110IND02;09;2024;RS;REPUBLIC OF SERBIA;5_AD3;Administration - autonomous  province level;149578;RSD;RSD;SORS;Average gross earnings;A;Normal value
2403040110IND02;09;2024;RS;REPUBLIC OF SERBIA;5_AD4;Administration - local authorities’ level;115288;RSD;RSD;SORS;Average gross earnings;A;Normal value
2403040110IND02;09;2025;RS;REPUBLIC OF SERBIA;0;Total;148366;RSD;RSD;SORS;Average gross earnings;A;Normal value
2403040110IND02;09;2025;RS;REPUBLIC OF SERBIA;0_JP_JD_JL;Public enterprises;158189;RSD;RSD;SORS;Average gross earnings;A;Normal value
2403040110IND02;09;2025;RS;REPUBLIC OF SERBIA;0_JS;Public sector;154663;RSD;RSD;SORS;Average gross earnings;A;Normal value
2403040110IND02;09;2025;RS;REPUBLIC OF SERBIA;0_VJS;Non-public sector;145858;RSD;RSD;SORS;Average gross earnings;A;Normal value
2403040110IND02;09;2025;RS;REPUBLIC OF SERBIA;1_JD;Public state enterprises;170662;RSD;RSD;SORS;Average gross earnings;A;Normal value
2403040110IND02;09;2025;RS;REPUBLIC OF SERBIA;2_JL;Public local enterprises;141294;RSD;RSD;SORS;Average gross earnings;A;Normal value
2403040110IND02;09;2025;RS;REPUBLIC OF SERBIA;3_4_5_BK;General government;153583;RSD;RSD;SORS;Average gross earnings;A;Normal value
2403040110IND02;09;2025;RS;REPUBLIC OF SERBIA;3_ZS;Health and social work;149676;RSD;RSD;SORS;Average gross earnings;A;Normal value
2403040110IND02;09;2025;RS;REPUBLIC OF SERBIA;4_OK;Education and culture;144240;RSD;RSD;SORS;Average gross earnings;A;Normal value
2403040110IND02;09;2025;RS;REPUBLIC OF SERBIA;5_AD;Administration - all levels;165958;RSD;RSD;SORS;Average gross earnings;A;Normal value
2403040110IND02;09;2025;RS;REPUBLIC OF SERBIA;5_AD2;Administration - government  level;173399;RSD;RSD;SORS;Average gross earnings;A;Normal value
2403040110IND02;09;2025;RS;REPUBLIC OF SERBIA;5_AD3;Administration - autonomous  province level;162294;RSD;RSD;SORS;Average gross earnings;A;Normal value
2403040110IND02;09;2025;RS;REPUBLIC OF SERBIA;5_AD4;Administration - local authorities’ level;129208;RSD;RSD;SORS;Average gross earnings;A;Normal value
2403040110IND02;10;2018;RS;REPUBLIC OF SERBIA;0;Total;68132;RSD;RSD;SORS;Average gross earnings;A;Normal value
2403040110IND02;10;2018;RS;REPUBLIC OF SERBIA;0_JP_JD_JL;Public enterprises;82247;RSD;RSD;SORS;Average gross earnings;A;Normal value
2403040110IND02;10;2018;RS;REPUBLIC OF SERBIA;0_JS;Public sector;76670;RSD;RSD;SORS;Average gross earnings;A;Normal value
2403040110IND02;10;2018;RS;REPUBLIC OF SERBIA;0_VJS;Non-public sector;63873;RSD;RSD;SORS;Average gross earnings;A;Normal value
2403040110IND02;10;2018;RS;REPUBLIC OF SERBIA;1_JD;Public state enterprises;93410;RSD;RSD;SORS;Average gross earnings;A;Normal value
2403040110IND02;10;2018;RS;REPUBLIC OF SERBIA;2_JL;Public local enterprises;65703;RSD;RSD;SORS;Average gross earnings;A;Normal value
2403040110IND02;10;2018;RS;REPUBLIC OF SERBIA;3_4_5_BK;General government;74817;RSD;RSD;SORS;Average gross earnings;A;Normal value
2403040110IND02;10;2018;RS;REPUBLIC OF SERBIA;3_ZS;Health and social work;69378;RSD;RSD;SORS;Average gross earnings;A;Normal value
2403040110IND02;10;2018;RS;REPUBLIC OF SERBIA;4_OK;Education and culture;72754;RSD;RSD;SORS;Average gross earnings;A;Normal value
2403040110IND02;10;2018;RS;REPUBLIC OF SERBIA;5_AD;Administration - all levels;81628;RSD;RSD;SORS;Average gross earnings;A;Normal value
2403040110IND02;10;2018;RS;REPUBLIC OF SERBIA;5_AD2;Administration - government  level;84931;RSD;RSD;SORS;Average gross earnings;A;Normal value
2403040110IND02;10;2018;RS;REPUBLIC OF SERBIA;5_AD3;Administration - autonomous  province level;85734;RSD;RSD;SORS;Average gross earnings;A;Normal value
2403040110IND02;10;2018;RS;REPUBLIC OF SERBIA;5_AD4;Administration - local authorities’ level;65426;RSD;RSD;SORS;Average gross earnings;A;Normal value
2403040110IND02;10;2019;RS;REPUBLIC OF SERBIA;0;Total;74948;RSD;RSD;SORS;Average gross earnings;A;Normal value
2403040110IND02;10;2019;RS;REPUBLIC OF SERBIA;0_JP_JD_JL;Public enterprises;90696;RSD;RSD;SORS;Average gross earnings;A;Normal value
2403040110IND02;10;2019;RS;REPUBLIC OF SERBIA;0_JS;Public sector;84258;RSD;RSD;SORS;Average gross earnings;A;Normal value
2403040110IND02;10;2019;RS;REPUBLIC OF SERBIA;0_VJS;Non-public sector;70612;RSD;RSD;SORS;Average gross earnings;A;Normal value
2403040110IND02;10;2019;RS;REPUBLIC OF SERBIA;1_JD;Public state enterprises;104346;RSD;RSD;SORS;Average gross earnings;A;Normal value
2403040110IND02;10;2019;RS;REPUBLIC OF SERBIA;2_JL;Public local enterprises;71868;RSD;RSD;SORS;Average gross earnings;A;Normal value
2403040110IND02;10;2019;RS;REPUBLIC OF SERBIA;3_4_5_BK;General government;82183;RSD;RSD;SORS;Average gross earnings;A;Normal value
2403040110IND02;10;2019;RS;REPUBLIC OF SERBIA;3_ZS;Health and social work;76578;RSD;RSD;SORS;Average gross earnings;A;Normal value
2403040110IND02;10;2019;RS;REPUBLIC OF SERBIA;4_OK;Education and culture;79621;RSD;RSD;SORS;Average gross earnings;A;Normal value
2403040110IND02;10;2019;RS;REPUBLIC OF SERBIA;5_AD;Administration - all levels;89637;RSD;RSD;SORS;Average gross earnings;A;Normal value
2403040110IND02;10;2019;RS;REPUBLIC OF SERBIA;5_AD2;Administration - government  level;93310;RSD;RSD;SORS;Average gross earnings;A;Normal value
2403040110IND02;10;2019;RS;REPUBLIC OF SERBIA;5_AD3;Administration - autonomous  province level;95490;RSD;RSD;SORS;Average gross earnings;A;Normal value
2403040110IND02;10;2019;RS;REPUBLIC OF SERBIA;5_AD4;Administration - local authorities’ level;71353;RSD;RSD;SORS;Average gross earnings;A;Normal value
2403040110IND02;10;2020;RS;REPUBLIC OF SERBIA;0;Total;82056;RSD;RSD;SORS;Average gross earnings;A;Normal value
2403040110IND02;10;2020;RS;REPUBLIC OF SERBIA;0_JP_JD_JL;Public enterprises;99247;RSD;RSD;SORS;Average gross earnings;A;Normal value
2403040110IND02;10;2020;RS;REPUBLIC OF SERBIA;0_JS;Public sector;93841;RSD;RSD;SORS;Average gross earnings;A;Normal value
2403040110IND02;10;2020;RS;REPUBLIC OF SERBIA;0_VJS;Non-public sector;76866;RSD;RSD;SORS;Average gross earnings;A;Normal value
2403040110IND02;10;2020;RS;REPUBLIC OF SERBIA;1_JD;Public state enterprises;111629;RSD;RSD;SORS;Average gross earnings;A;Normal value
2403040110IND02;10;2020;RS;REPUBLIC OF SERBIA;2_JL;Public local enterprises;82180;RSD;RSD;SORS;Average gross earnings;A;Normal value
2403040110IND02;10;2020;RS;REPUBLIC OF SERBIA;3_4_5_BK;General government;92106;RSD;RSD;SORS;Average gross earnings;A;Normal value
2403040110IND02;10;2020;RS;REPUBLIC OF SERBIA;3_ZS;Health and social work;90505;RSD;RSD;SORS;Average gross earnings;A;Normal value
2403040110IND02;10;2020;RS;REPUBLIC OF SERBIA;4_OK;Education and culture;86966;RSD;RSD;SORS;Average gross earnings;A;Normal value
2403040110IND02;10;2020;RS;REPUBLIC OF SERBIA;5_AD;Administration - all levels;98280;RSD;RSD;SORS;Average gross earnings;A;Normal value
2403040110IND02;10;2020;RS;REPUBLIC OF SERBIA;5_AD2;Administration - government  level;102285;RSD;RSD;SORS;Average gross earnings;A;Normal value
2403040110IND02;10;2020;RS;REPUBLIC OF SERBIA;5_AD3;Administration - autonomous  province level;106659;RSD;RSD;SORS;Average gross earnings;A;Normal value
2403040110IND02;10;2020;RS;REPUBLIC OF SERBIA;5_AD4;Administration - local authorities’ level;78191;RSD;RSD;SORS;Average gross earnings;A;Normal value
2403040110IND02;10;2021;RS;REPUBLIC OF SERBIA;0;Total;89169;RSD;RSD;SORS;Average gross earnings;A;Normal value
2403040110IND02;10;2021;RS;REPUBLIC OF SERBIA;0_JP_JD_JL;Public enterprises;102735;RSD;RSD;SORS;Average gross earnings;A;Normal value
2403040110IND02;10;2021;RS;REPUBLIC OF SERBIA;0_JS;Public sector;100539;RSD;RSD;SORS;Average gross earnings;A;Normal value
2403040110IND02;10;2021;RS;REPUBLIC OF SERBIA;0_VJS;Non-public sector;84354;RSD;RSD;SORS;Average gross earnings;A;Normal value
2403040110IND02;10;2021;RS;REPUBLIC OF SERBIA;1_JD;Public state enterprises;114309;RSD;RSD;SORS;Average gross earnings;A;Normal value
2403040110IND02;10;2021;RS;REPUBLIC OF SERBIA;2_JL;Public local enterprises;86669;RSD;RSD;SORS;Average gross earnings;A;Normal value
2403040110IND02;10;2021;RS;REPUBLIC OF SERBIA;3_4_5_BK;General government;99840;RSD;RSD;SORS;Average gross earnings;A;Normal value
2403040110IND02;10;2021;RS;REPUBLIC OF SERBIA;3_ZS;Health and social work;102594;RSD;RSD;SORS;Average gross earnings;A;Normal value
2403040110IND02;10;2021;RS;REPUBLIC OF SERBIA;4_OK;Education and culture;91509;RSD;RSD;SORS;Average gross earnings;A;Normal value
2403040110IND02;10;2021;RS;REPUBLIC OF SERBIA;5_AD;Administration - all levels;105042;RSD;RSD;SORS;Average gross earnings;A;Normal value
2403040110IND02;10;2021;RS;REPUBLIC OF SERBIA;5_AD2;Administration - government  level;109490;RSD;RSD;SORS;Average gross earnings;A;Normal value
2403040110IND02;10;2021;RS;REPUBLIC OF SERBIA;5_AD3;Administration - autonomous  province level;112491;RSD;RSD;SORS;Average gross earnings;A;Normal value
2403040110IND02;10;2021;RS;REPUBLIC OF SERBIA;5_AD4;Administration - local authorities’ level;82932;RSD;RSD;SORS;Average gross earnings;A;Normal value
2403040110IND02;10;2022;RS;REPUBLIC OF SERBIA;0;Total;101627;RSD;RSD;SORS;Average gross earnings;A;Normal value
2403040110IND02;10;2022;RS;REPUBLIC OF SERBIA;0_JP_JD_JL;Public enterprises;110675;RSD;RSD;SORS;Average gross earnings;A;Normal value
2403040110IND02;10;2022;RS;REPUBLIC OF SERBIA;0_JS;Public sector;108148;RSD;RSD;SORS;Average gross earnings;A;Normal value
2403040110IND02;10;2022;RS;REPUBLIC OF SERBIA;0_VJS;Non-public sector;98904;RSD;RSD;SORS;Average gross earnings;A;Normal value
2403040110IND02;10;2022;RS;REPUBLIC OF SERBIA;1_JD;Public state enterprises;122536;RSD;RSD;SORS;Average gross earnings;A;Normal value
2403040110IND02;10;2022;RS;REPUBLIC OF SERBIA;2_JL;Public local enterprises;94340;RSD;RSD;SORS;Average gross earnings;A;Normal value
2403040110IND02;10;2022;RS;REPUBLIC OF SERBIA;3_4_5_BK;General government;107350;RSD;RSD;SORS;Average gross earnings;A;Normal value
2403040110IND02;10;2022;RS;REPUBLIC OF SERBIA;3_ZS;Health and social work;108828;RSD;RSD;SORS;Average gross earnings;A;Normal value
2403040110IND02;10;2022;RS;REPUBLIC OF SERBIA;4_OK;Education and culture;98234;RSD;RSD;SORS;Average gross earnings;A;Normal value
2403040110IND02;10;2022;RS;REPUBLIC OF SERBIA;5_AD;Administration - all levels;114391;RSD;RSD;SORS;Average gross earnings;A;Normal value
2403040110IND02;10;2022;RS;REPUBLIC OF SERBIA;5_AD2;Administration - government  level;119289;RSD;RSD;SORS;Average gross earnings;A;Normal value
2403040110IND02;10;2022;RS;REPUBLIC OF SERBIA;5_AD3;Administration - autonomous  province level;121134;RSD;RSD;SORS;Average gross earnings;A;Normal value
2403040110IND02;10;2022;RS;REPUBLIC OF SERBIA;5_AD4;Administration - local authorities’ level;90016;RSD;RSD;SORS;Average gross earnings;A;Normal value
2403040110IND02;10;2023;RS;REPUBLIC OF SERBIA;0;Total;116868;RSD;RSD;SORS;Average gross earnings;A;Normal value
2403040110IND02;10;2023;RS;REPUBLIC OF SERBIA;0_JP_JD_JL;Public enterprises;124197;RSD;RSD;SORS;Average gross earnings;A;Normal value
2403040110IND02;10;2023;RS;REPUBLIC OF SERBIA;0_JS;Public sector;121945;RSD;RSD;SORS;Average gross earnings;A;Normal value
2403040110IND02;10;2023;RS;REPUBLIC OF SERBIA;0_VJS;Non-public sector;114817;RSD;RSD;SORS;Average gross earnings;A;Normal value
2403040110IND02;10;2023;RS;REPUBLIC OF SERBIA;1_JD;Public state enterprises;135771;RSD;RSD;SORS;Average gross earnings;A;Normal value
2403040110IND02;10;2023;RS;REPUBLIC OF SERBIA;2_JL;Public local enterprises;108386;RSD;RSD;SORS;Average gross earnings;A;Normal value
2403040110IND02;10;2023;RS;REPUBLIC OF SERBIA;3_4_5_BK;General government;121240;RSD;RSD;SORS;Average gross earnings;A;Normal value
2403040110IND02;10;2023;RS;REPUBLIC OF SERBIA;3_ZS;Health and social work;120030;RSD;RSD;SORS;Average gross earnings;A;Normal value
2403040110IND02;10;2023;RS;REPUBLIC OF SERBIA;4_OK;Education and culture;111366;RSD;RSD;SORS;Average gross earnings;A;Normal value
2403040110IND02;10;2023;RS;REPUBLIC OF SERBIA;5_AD;Administration - all levels;131508;RSD;RSD;SORS;Average gross earnings;A;Normal value
2403040110IND02;10;2023;RS;REPUBLIC OF SERBIA;5_AD2;Administration - government  level;137360;RSD;RSD;SORS;Average gross earnings;A;Normal value
2403040110IND02;10;2023;RS;REPUBLIC OF SERBIA;5_AD3;Administration - autonomous  province level;141539;RSD;RSD;SORS;Average gross earnings;A;Normal value
2403040110IND02;10;2023;RS;REPUBLIC OF SERBIA;5_AD4;Administration - local authorities’ level;102297;RSD;RSD;SORS;Average gross earnings;A;Normal value
2403040110IND02;10;2024;RS;REPUBLIC OF SERBIA;0;Total;133742;RSD;RSD;SORS;Average gross earnings;A;Normal value
2403040110IND02;10;2024;RS;REPUBLIC OF SERBIA;0_JP_JD_JL;Public enterprises;141497;RSD;RSD;SORS;Average gross earnings;A;Normal value
2403040110IND02;10;2024;RS;REPUBLIC OF SERBIA;0_JS;Public sector;139426;RSD;RSD;SORS;Average gross earnings;A;Normal value
2403040110IND02;10;2024;RS;REPUBLIC OF SERBIA;0_VJS;Non-public sector;131451;RSD;RSD;SORS;Average gross earnings;A;Normal value
2403040110IND02;10;2024;RS;REPUBLIC OF SERBIA;1_JD;Public state enterprises;153467;RSD;RSD;SORS;Average gross earnings;A;Normal value
2403040110IND02;10;2024;RS;REPUBLIC OF SERBIA;2_JL;Public local enterprises;125278;RSD;RSD;SORS;Average gross earnings;A;Normal value
2403040110IND02;10;2024;RS;REPUBLIC OF SERBIA;3_4_5_BK;General government;138786;RSD;RSD;SORS;Average gross earnings;A;Normal value
2403040110IND02;10;2024;RS;REPUBLIC OF SERBIA;3_ZS;Health and social work;136515;RSD;RSD;SORS;Average gross earnings;A;Normal value
2403040110IND02;10;2024;RS;REPUBLIC OF SERBIA;4_OK;Education and culture;130160;RSD;RSD;SORS;Average gross earnings;A;Normal value
2403040110IND02;10;2024;RS;REPUBLIC OF SERBIA;5_AD;Administration - all levels;148885;RSD;RSD;SORS;Average gross earnings;A;Normal value
2403040110IND02;10;2024;RS;REPUBLIC OF SERBIA;5_AD2;Administration - government  level;155589;RSD;RSD;SORS;Average gross earnings;A;Normal value
2403040110IND02;10;2024;RS;REPUBLIC OF SERBIA;5_AD3;Administration - autonomous  province level;149758;RSD;RSD;SORS;Average gross earnings;A;Normal value
2403040110IND02;10;2024;RS;REPUBLIC OF SERBIA;5_AD4;Administration - local authorities’ level;115565;RSD;RSD;SORS;Average gross earnings;A;Normal value
2403040110IND02;10;2025;RS;REPUBLIC OF SERBIA;0;Total;148844;RSD;RSD;SORS;Average gross earnings;A;Normal value
2403040110IND02;10;2025;RS;REPUBLIC OF SERBIA;0_JP_JD_JL;Public enterprises;158785;RSD;RSD;SORS;Average gross earnings;A;Normal value
2403040110IND02;10;2025;RS;REPUBLIC OF SERBIA;0_JS;Public sector;155340;RSD;RSD;SORS;Average gross earnings;A;Normal value
2403040110IND02;10;2025;RS;REPUBLIC OF SERBIA;0_VJS;Non-public sector;146254;RSD;RSD;SORS;Average gross earnings;A;Normal value
2403040110IND02;10;2025;RS;REPUBLIC OF SERBIA;1_JD;Public state enterprises;170879;RSD;RSD;SORS;Average gross earnings;A;Normal value
2403040110IND02;10;2025;RS;REPUBLIC OF SERBIA;2_JL;Public local enterprises;142394;RSD;RSD;SORS;Average gross earnings;A;Normal value
2403040110IND02;10;2025;RS;REPUBLIC OF SERBIA;3_4_5_BK;General government;154287;RSD;RSD;SORS;Average gross earnings;A;Normal value
2403040110IND02;10;2025;RS;REPUBLIC OF SERBIA;3_ZS;Health and social work;150333;RSD;RSD;SORS;Average gross earnings;A;Normal value
2403040110IND02;10;2025;RS;REPUBLIC OF SERBIA;4_OK;Education and culture;145827;RSD;RSD;SORS;Average gross earnings;A;Normal value
2403040110IND02;10;2025;RS;REPUBLIC OF SERBIA;5_AD;Administration - all levels;165948;RSD;RSD;SORS;Average gross earnings;A;Normal value
2403040110IND02;10;2025;RS;REPUBLIC OF SERBIA;5_AD2;Administration - government  level;173261;RSD;RSD;SORS;Average gross earnings;A;Normal value
2403040110IND02;10;2025;RS;REPUBLIC OF SERBIA;5_AD3;Administration - autonomous  province level;162538;RSD;RSD;SORS;Average gross earnings;A;Normal value
2403040110IND02;10;2025;RS;REPUBLIC OF SERBIA;5_AD4;Administration - local authorities’ level;129777;RSD;RSD;SORS;Average gross earnings;A;Normal value
2403040110IND02;11;2018;RS;REPUBLIC OF SERBIA;0;Total;68300;RSD;RSD;SORS;Average gross earnings;A;Normal value
2403040110IND02;11;2018;RS;REPUBLIC OF SERBIA;0_JP_JD_JL;Public enterprises;82452;RSD;RSD;SORS;Average gross earnings;A;Normal value
2403040110IND02;11;2018;RS;REPUBLIC OF SERBIA;0_JS;Public sector;76806;RSD;RSD;SORS;Average gross earnings;A;Normal value
2403040110IND02;11;2018;RS;REPUBLIC OF SERBIA;0_VJS;Non-public sector;64069;RSD;RSD;SORS;Average gross earnings;A;Normal value
2403040110IND02;11;2018;RS;REPUBLIC OF SERBIA;1_JD;Public state enterprises;93616;RSD;RSD;SORS;Average gross earnings;A;Normal value
2403040110IND02;11;2018;RS;REPUBLIC OF SERBIA;2_JL;Public local enterprises;65899;RSD;RSD;SORS;Average gross earnings;A;Normal value
2403040110IND02;11;2018;RS;REPUBLIC OF SERBIA;3_4_5_BK;General government;74929;RSD;RSD;SORS;Average gross earnings;A;Normal value
2403040110IND02;11;2018;RS;REPUBLIC OF SERBIA;3_ZS;Health and social work;69492;RSD;RSD;SORS;Average gross earnings;A;Normal value
2403040110IND02;11;2018;RS;REPUBLIC OF SERBIA;4_OK;Education and culture;72958;RSD;RSD;SORS;Average gross earnings;A;Normal value
2403040110IND02;11;2018;RS;REPUBLIC OF SERBIA;5_AD;Administration - all levels;81652;RSD;RSD;SORS;Average gross earnings;A;Normal value
2403040110IND02;11;2018;RS;REPUBLIC OF SERBIA;5_AD2;Administration - government  level;84943;RSD;RSD;SORS;Average gross earnings;A;Normal value
2403040110IND02;11;2018;RS;REPUBLIC OF SERBIA;5_AD3;Administration - autonomous  province level;85885;RSD;RSD;SORS;Average gross earnings;A;Normal value
2403040110IND02;11;2018;RS;REPUBLIC OF SERBIA;5_AD4;Administration - local authorities’ level;65501;RSD;RSD;SORS;Average gross earnings;A;Normal value
2403040110IND02;11;2019;RS;REPUBLIC OF SERBIA;0;Total;75218;RSD;RSD;SORS;Average gross earnings;A;Normal value
2403040110IND02;11;2019;RS;REPUBLIC OF SERBIA;0_JP_JD_JL;Public enterprises;90576;RSD;RSD;SORS;Average gross earnings;A;Normal value
2403040110IND02;11;2019;RS;REPUBLIC OF SERBIA;0_JS;Public sector;84775;RSD;RSD;SORS;Average gross earnings;A;Normal value
2403040110IND02;11;2019;RS;REPUBLIC OF SERBIA;0_VJS;Non-public sector;70776;RSD;RSD;SORS;Average gross earnings;A;Normal value
2403040110IND02;11;2019;RS;REPUBLIC OF SERBIA;1_JD;Public state enterprises;104108;RSD;RSD;SORS;Average gross earnings;A;Normal value
2403040110IND02;11;2019;RS;REPUBLIC OF SERBIA;2_JL;Public local enterprises;71910;RSD;RSD;SORS;Average gross earnings;A;Normal value
2403040110IND02;11;2019;RS;REPUBLIC OF SERBIA;3_4_5_BK;General government;82905;RSD;RSD;SORS;Average gross earnings;A;Normal value
2403040110IND02;11;2019;RS;REPUBLIC OF SERBIA;3_ZS;Health and social work;77310;RSD;RSD;SORS;Average gross earnings;A;Normal value
2403040110IND02;11;2019;RS;REPUBLIC OF SERBIA;4_OK;Education and culture;80316;RSD;RSD;SORS;Average gross earnings;A;Normal value
2403040110IND02;11;2019;RS;REPUBLIC OF SERBIA;5_AD;Administration - all levels;90377;RSD;RSD;SORS;Average gross earnings;A;Normal value
2403040110IND02;11;2019;RS;REPUBLIC OF SERBIA;5_AD2;Administration - government  level;94094;RSD;RSD;SORS;Average gross earnings;A;Normal value
2403040110IND02;11;2019;RS;REPUBLIC OF SERBIA;5_AD3;Administration - autonomous  province level;95900;RSD;RSD;SORS;Average gross earnings;A;Normal value
2403040110IND02;11;2019;RS;REPUBLIC OF SERBIA;5_AD4;Administration - local authorities’ level;71895;RSD;RSD;SORS;Average gross earnings;A;Normal value
2403040110IND02;11;2020;RS;REPUBLIC OF SERBIA;0;Total;82255;RSD;RSD;SORS;Average gross earnings;A;Normal value
2403040110IND02;11;2020;RS;REPUBLIC OF SERBIA;0_JP_JD_JL;Public enterprises;99190;RSD;RSD;SORS;Average gross earnings;A;Normal value
2403040110IND02;11;2020;RS;REPUBLIC OF SERBIA;0_JS;Public sector;94025;RSD;RSD;SORS;Average gross earnings;A;Normal value
2403040110IND02;11;2020;RS;REPUBLIC OF SERBIA;0_VJS;Non-public sector;77087;RSD;RSD;SORS;Average gross earnings;A;Normal value
2403040110IND02;11;2020;RS;REPUBLIC OF SERBIA;1_JD;Public state enterprises;111494;RSD;RSD;SORS;Average gross earnings;A;Normal value
2403040110IND02;11;2020;RS;REPUBLIC OF SERBIA;2_JL;Public local enterprises;82238;RSD;RSD;SORS;Average gross earnings;A;Normal value
2403040110IND02;11;2020;RS;REPUBLIC OF SERBIA;3_4_5_BK;General government;92369;RSD;RSD;SORS;Average gross earnings;A;Normal value
2403040110IND02;11;2020;RS;REPUBLIC OF SERBIA;3_ZS;Health and social work;91093;RSD;RSD;SORS;Average gross earnings;A;Normal value
2403040110IND02;11;2020;RS;REPUBLIC OF SERBIA;4_OK;Education and culture;87149;RSD;RSD;SORS;Average gross earnings;A;Normal value
2403040110IND02;11;2020;RS;REPUBLIC OF SERBIA;5_AD;Administration - all levels;98325;RSD;RSD;SORS;Average gross earnings;A;Normal value
2403040110IND02;11;2020;RS;REPUBLIC OF SERBIA;5_AD2;Administration - government  level;102316;RSD;RSD;SORS;Average gross earnings;A;Normal value
2403040110IND02;11;2020;RS;REPUBLIC OF SERBIA;5_AD3;Administration - autonomous  province level;106522;RSD;RSD;SORS;Average gross earnings;A;Normal value
2403040110IND02;11;2020;RS;REPUBLIC OF SERBIA;5_AD4;Administration - local authorities’ level;78334;RSD;RSD;SORS;Average gross earnings;A;Normal value
2403040110IND02;11;2021;RS;REPUBLIC OF SERBIA;0;Total;89734;RSD;RSD;SORS;Average gross earnings;A;Normal value
2403040110IND02;11;2021;RS;REPUBLIC OF SERBIA;0_JP_JD_JL;Public enterprises;103214;RSD;RSD;SORS;Average gross earnings;A;Normal value
2403040110IND02;11;2021;RS;REPUBLIC OF SERBIA;0_JS;Public sector;100834;RSD;RSD;SORS;Average gross earnings;A;Normal value
2403040110IND02;11;2021;RS;REPUBLIC OF SERBIA;0_VJS;Non-public sector;85040;RSD;RSD;SORS;Average gross earnings;A;Normal value
2403040110IND02;11;2021;RS;REPUBLIC OF SERBIA;1_JD;Public state enterprises;114813;RSD;RSD;SORS;Average gross earnings;A;Normal value
2403040110IND02;11;2021;RS;REPUBLIC OF SERBIA;2_JL;Public local enterprises;87122;RSD;RSD;SORS;Average gross earnings;A;Normal value
2403040110IND02;11;2021;RS;REPUBLIC OF SERBIA;3_4_5_BK;General government;100077;RSD;RSD;SORS;Average gross earnings;A;Normal value
2403040110IND02;11;2021;RS;REPUBLIC OF SERBIA;3_ZS;Health and social work;102838;RSD;RSD;SORS;Average gross earnings;A;Normal value
2403040110IND02;11;2021;RS;REPUBLIC OF SERBIA;4_OK;Education and culture;91786;RSD;RSD;SORS;Average gross earnings;A;Normal value
2403040110IND02;11;2021;RS;REPUBLIC OF SERBIA;5_AD;Administration - all levels;105240;RSD;RSD;SORS;Average gross earnings;A;Normal value
2403040110IND02;11;2021;RS;REPUBLIC OF SERBIA;5_AD2;Administration - government  level;109709;RSD;RSD;SORS;Average gross earnings;A;Normal value
2403040110IND02;11;2021;RS;REPUBLIC OF SERBIA;5_AD3;Administration - autonomous  province level;112500;RSD;RSD;SORS;Average gross earnings;A;Normal value
2403040110IND02;11;2021;RS;REPUBLIC OF SERBIA;5_AD4;Administration - local authorities’ level;83067;RSD;RSD;SORS;Average gross earnings;A;Normal value
2403040110IND02;11;2022;RS;REPUBLIC OF SERBIA;0;Total;102213;RSD;RSD;SORS;Average gross earnings;A;Normal value
2403040110IND02;11;2022;RS;REPUBLIC OF SERBIA;0_JP_JD_JL;Public enterprises;110872;RSD;RSD;SORS;Average gross earnings;A;Normal value
2403040110IND02;11;2022;RS;REPUBLIC OF SERBIA;0_JS;Public sector;108249;RSD;RSD;SORS;Average gross earnings;A;Normal value
2403040110IND02;11;2022;RS;REPUBLIC OF SERBIA;0_VJS;Non-public sector;99697;RSD;RSD;SORS;Average gross earnings;A;Normal value
2403040110IND02;11;2022;RS;REPUBLIC OF SERBIA;1_JD;Public state enterprises;122648;RSD;RSD;SORS;Average gross earnings;A;Normal value
2403040110IND02;11;2022;RS;REPUBLIC OF SERBIA;2_JL;Public local enterprises;94651;RSD;RSD;SORS;Average gross earnings;A;Normal value
2403040110IND02;11;2022;RS;REPUBLIC OF SERBIA;3_4_5_BK;General government;107421;RSD;RSD;SORS;Average gross earnings;A;Normal value
2403040110IND02;11;2022;RS;REPUBLIC OF SERBIA;3_ZS;Health and social work;108750;RSD;RSD;SORS;Average gross earnings;A;Normal value
2403040110IND02;11;2022;RS;REPUBLIC OF SERBIA;4_OK;Education and culture;98504;RSD;RSD;SORS;Average gross earnings;A;Normal value
2403040110IND02;11;2022;RS;REPUBLIC OF SERBIA;5_AD;Administration - all levels;114431;RSD;RSD;SORS;Average gross earnings;A;Normal value
2403040110IND02;11;2022;RS;REPUBLIC OF SERBIA;5_AD2;Administration - government  level;119305;RSD;RSD;SORS;Average gross earnings;A;Normal value
2403040110IND02;11;2022;RS;REPUBLIC OF SERBIA;5_AD3;Administration - autonomous  province level;121233;RSD;RSD;SORS;Average gross earnings;A;Normal value
2403040110IND02;11;2022;RS;REPUBLIC OF SERBIA;5_AD4;Administration - local authorities’ level;90181;RSD;RSD;SORS;Average gross earnings;A;Normal value
2403040110IND02;11;2023;RS;REPUBLIC OF SERBIA;0;Total;117518;RSD;RSD;SORS;Average gross earnings;A;Normal value
2403040110IND02;11;2023;RS;REPUBLIC OF SERBIA;0_JP_JD_JL;Public enterprises;124778;RSD;RSD;SORS;Average gross earnings;A;Normal value
2403040110IND02;11;2023;RS;REPUBLIC OF SERBIA;0_JS;Public sector;122400;RSD;RSD;SORS;Average gross earnings;A;Normal value
2403040110IND02;11;2023;RS;REPUBLIC OF SERBIA;0_VJS;Non-public sector;115546;RSD;RSD;SORS;Average gross earnings;A;Normal value
2403040110IND02;11;2023;RS;REPUBLIC OF SERBIA;1_JD;Public state enterprises;136565;RSD;RSD;SORS;Average gross earnings;A;Normal value
2403040110IND02;11;2023;RS;REPUBLIC OF SERBIA;2_JL;Public local enterprises;108695;RSD;RSD;SORS;Average gross earnings;A;Normal value
2403040110IND02;11;2023;RS;REPUBLIC OF SERBIA;3_4_5_BK;General government;121657;RSD;RSD;SORS;Average gross earnings;A;Normal value
2403040110IND02;11;2023;RS;REPUBLIC OF SERBIA;3_ZS;Health and social work;120343;RSD;RSD;SORS;Average gross earnings;A;Normal value
2403040110IND02;11;2023;RS;REPUBLIC OF SERBIA;4_OK;Education and culture;112075;RSD;RSD;SORS;Average gross earnings;A;Normal value
2403040110IND02;11;2023;RS;REPUBLIC OF SERBIA;5_AD;Administration - all levels;131734;RSD;RSD;SORS;Average gross earnings;A;Normal value
2403040110IND02;11;2023;RS;REPUBLIC OF SERBIA;5_AD2;Administration - government  level;137583;RSD;RSD;SORS;Average gross earnings;A;Normal value
2403040110IND02;11;2023;RS;REPUBLIC OF SERBIA;5_AD3;Administration - autonomous  province level;141234;RSD;RSD;SORS;Average gross earnings;A;Normal value
2403040110IND02;11;2023;RS;REPUBLIC OF SERBIA;5_AD4;Administration - local authorities’ level;102542;RSD;RSD;SORS;Average gross earnings;A;Normal value
2403040110IND02;11;2024;RS;REPUBLIC OF SERBIA;0;Total;134214;RSD;RSD;SORS;Average gross earnings;A;Normal value
2403040110IND02;11;2024;RS;REPUBLIC OF SERBIA;0_JP_JD_JL;Public enterprises;141538;RSD;RSD;SORS;Average gross earnings;A;Normal value
2403040110IND02;11;2024;RS;REPUBLIC OF SERBIA;0_JS;Public sector;139520;RSD;RSD;SORS;Average gross earnings;A;Normal value
2403040110IND02;11;2024;RS;REPUBLIC OF SERBIA;0_VJS;Non-public sector;132076;RSD;RSD;SORS;Average gross earnings;A;Normal value
2403040110IND02;11;2024;RS;REPUBLIC OF SERBIA;1_JD;Public state enterprises;153498;RSD;RSD;SORS;Average gross earnings;A;Normal value
2403040110IND02;11;2024;RS;REPUBLIC OF SERBIA;2_JL;Public local enterprises;125332;RSD;RSD;SORS;Average gross earnings;A;Normal value
2403040110IND02;11;2024;RS;REPUBLIC OF SERBIA;3_4_5_BK;General government;138897;RSD;RSD;SORS;Average gross earnings;A;Normal value
2403040110IND02;11;2024;RS;REPUBLIC OF SERBIA;3_ZS;Health and social work;136537;RSD;RSD;SORS;Average gross earnings;A;Normal value
2403040110IND02;11;2024;RS;REPUBLIC OF SERBIA;4_OK;Education and culture;130363;RSD;RSD;SORS;Average gross earnings;A;Normal value
2403040110IND02;11;2024;RS;REPUBLIC OF SERBIA;5_AD;Administration - all levels;149017;RSD;RSD;SORS;Average gross earnings;A;Normal value
2403040110IND02;11;2024;RS;REPUBLIC OF SERBIA;5_AD2;Administration - government  level;155704;RSD;RSD;SORS;Average gross earnings;A;Normal value
2403040110IND02;11;2024;RS;REPUBLIC OF SERBIA;5_AD3;Administration - autonomous  province level;150078;RSD;RSD;SORS;Average gross earnings;A;Normal value
2403040110IND02;11;2024;RS;REPUBLIC OF SERBIA;5_AD4;Administration - local authorities’ level;115776;RSD;RSD;SORS;Average gross earnings;A;Normal value
2403040110IND02;11;2025;RS;REPUBLIC OF SERBIA;0;Total;149382;RSD;RSD;SORS;Average gross earnings;A;Normal value
2403040110IND02;11;2025;RS;REPUBLIC OF SERBIA;0_JP_JD_JL;Public enterprises;158787;RSD;RSD;SORS;Average gross earnings;A;Normal value
2403040110IND02;11;2025;RS;REPUBLIC OF SERBIA;0_JS;Public sector;155856;RSD;RSD;SORS;Average gross earnings;A;Normal value
2403040110IND02;11;2025;RS;REPUBLIC OF SERBIA;0_VJS;Non-public sector;146799;RSD;RSD;SORS;Average gross earnings;A;Normal value
2403040110IND02;11;2025;RS;REPUBLIC OF SERBIA;1_JD;Public state enterprises;170801;RSD;RSD;SORS;Average gross earnings;A;Normal value
2403040110IND02;11;2025;RS;REPUBLIC OF SERBIA;2_JL;Public local enterprises;142505;RSD;RSD;SORS;Average gross earnings;A;Normal value
2403040110IND02;11;2025;RS;REPUBLIC OF SERBIA;3_4_5_BK;General government;154961;RSD;RSD;SORS;Average gross earnings;A;Normal value
2403040110IND02;11;2025;RS;REPUBLIC OF SERBIA;3_ZS;Health and social work;150853;RSD;RSD;SORS;Average gross earnings;A;Normal value
2403040110IND02;11;2025;RS;REPUBLIC OF SERBIA;4_OK;Education and culture;147244;RSD;RSD;SORS;Average gross earnings;A;Normal value
2403040110IND02;11;2025;RS;REPUBLIC OF SERBIA;5_AD;Administration - all levels;166137;RSD;RSD;SORS;Average gross earnings;A;Normal value
2403040110IND02;11;2025;RS;REPUBLIC OF SERBIA;5_AD2;Administration - government  level;173413;RSD;RSD;SORS;Average gross earnings;A;Normal value
2403040110IND02;11;2025;RS;REPUBLIC OF SERBIA;5_AD3;Administration - autonomous  province level;162971;RSD;RSD;SORS;Average gross earnings;A;Normal value
2403040110IND02;11;2025;RS;REPUBLIC OF SERBIA;5_AD4;Administration - local authorities’ level;130111;RSD;RSD;SORS;Average gross earnings;A;Normal value
2403040110IND02;12;2018;RS;REPUBLIC OF SERBIA;0;Total;68629;RSD;RSD;SORS;Average gross earnings;A;Normal value
2403040110IND02;12;2018;RS;REPUBLIC OF SERBIA;0_JP_JD_JL;Public enterprises;82769;RSD;RSD;SORS;Average gross earnings;A;Normal value
2403040110IND02;12;2018;RS;REPUBLIC OF SERBIA;0_JS;Public sector;76926;RSD;RSD;SORS;Average gross earnings;A;Normal value
2403040110IND02;12;2018;RS;REPUBLIC OF SERBIA;0_VJS;Non-public sector;64513;RSD;RSD;SORS;Average gross earnings;A;Normal value
2403040110IND02;12;2018;RS;REPUBLIC OF SERBIA;1_JD;Public state enterprises;94034;RSD;RSD;SORS;Average gross earnings;A;Normal value
2403040110IND02;12;2018;RS;REPUBLIC OF SERBIA;2_JL;Public local enterprises;66075;RSD;RSD;SORS;Average gross earnings;A;Normal value
2403040110IND02;12;2018;RS;REPUBLIC OF SERBIA;3_4_5_BK;General government;74984;RSD;RSD;SORS;Average gross earnings;A;Normal value
2403040110IND02;12;2018;RS;REPUBLIC OF SERBIA;3_ZS;Health and social work;69542;RSD;RSD;SORS;Average gross earnings;A;Normal value
2403040110IND02;12;2018;RS;REPUBLIC OF SERBIA;4_OK;Education and culture;73020;RSD;RSD;SORS;Average gross earnings;A;Normal value
2403040110IND02;12;2018;RS;REPUBLIC OF SERBIA;5_AD;Administration - all levels;81707;RSD;RSD;SORS;Average gross earnings;A;Normal value
2403040110IND02;12;2018;RS;REPUBLIC OF SERBIA;5_AD2;Administration - government  level;84953;RSD;RSD;SORS;Average gross earnings;A;Normal value
2403040110IND02;12;2018;RS;REPUBLIC OF SERBIA;5_AD3;Administration - autonomous  province level;86171;RSD;RSD;SORS;Average gross earnings;A;Normal value
2403040110IND02;12;2018;RS;REPUBLIC OF SERBIA;5_AD4;Administration - local authorities’ level;65730;RSD;RSD;SORS;Average gross earnings;A;Normal value
2403040110IND02;12;2019;RS;REPUBLIC OF SERBIA;0;Total;75814;RSD;RSD;SORS;Average gross earnings;A;Normal value
2403040110IND02;12;2019;RS;REPUBLIC OF SERBIA;0_JP_JD_JL;Public enterprises;90982;RSD;RSD;SORS;Average gross earnings;A;Normal value
2403040110IND02;12;2019;RS;REPUBLIC OF SERBIA;0_JS;Public sector;85341;RSD;RSD;SORS;Average gross earnings;A;Normal value
2403040110IND02;12;2019;RS;REPUBLIC OF SERBIA;0_VJS;Non-public sector;71395;RSD;RSD;SORS;Average gross earnings;A;Normal value
2403040110IND02;12;2019;RS;REPUBLIC OF SERBIA;1_JD;Public state enterprises;104669;RSD;RSD;SORS;Average gross earnings;A;Normal value
2403040110IND02;12;2019;RS;REPUBLIC OF SERBIA;2_JL;Public local enterprises;72107;RSD;RSD;SORS;Average gross earnings;A;Normal value
2403040110IND02;12;2019;RS;REPUBLIC OF SERBIA;3_4_5_BK;General government;83523;RSD;RSD;SORS;Average gross earnings;A;Normal value
2403040110IND02;12;2019;RS;REPUBLIC OF SERBIA;3_ZS;Health and social work;78001;RSD;RSD;SORS;Average gross earnings;A;Normal value
2403040110IND02;12;2019;RS;REPUBLIC OF SERBIA;4_OK;Education and culture;80860;RSD;RSD;SORS;Average gross earnings;A;Normal value
2403040110IND02;12;2019;RS;REPUBLIC OF SERBIA;5_AD;Administration - all levels;90996;RSD;RSD;SORS;Average gross earnings;A;Normal value
2403040110IND02;12;2019;RS;REPUBLIC OF SERBIA;5_AD2;Administration - government  level;94692;RSD;RSD;SORS;Average gross earnings;A;Normal value
2403040110IND02;12;2019;RS;REPUBLIC OF SERBIA;5_AD3;Administration - autonomous  province level;96535;RSD;RSD;SORS;Average gross earnings;A;Normal value
2403040110IND02;12;2019;RS;REPUBLIC OF SERBIA;5_AD4;Administration - local authorities’ level;72612;RSD;RSD;SORS;Average gross earnings;A;Normal value
2403040110IND02;12;2020;RS;REPUBLIC OF SERBIA;0;Total;82984;RSD;RSD;SORS;Average gross earnings;A;Normal value
2403040110IND02;12;2020;RS;REPUBLIC OF SERBIA;0_JP_JD_JL;Public enterprises;99543;RSD;RSD;SORS;Average gross earnings;A;Normal value
2403040110IND02;12;2020;RS;REPUBLIC OF SERBIA;0_JS;Public sector;94510;RSD;RSD;SORS;Average gross earnings;A;Normal value
2403040110IND02;12;2020;RS;REPUBLIC OF SERBIA;0_VJS;Non-public sector;77935;RSD;RSD;SORS;Average gross earnings;A;Normal value
2403040110IND02;12;2020;RS;REPUBLIC OF SERBIA;1_JD;Public state enterprises;111737;RSD;RSD;SORS;Average gross earnings;A;Normal value
2403040110IND02;12;2020;RS;REPUBLIC OF SERBIA;2_JL;Public local enterprises;82748;RSD;RSD;SORS;Average gross earnings;A;Normal value
2403040110IND02;12;2020;RS;REPUBLIC OF SERBIA;3_4_5_BK;General government;92898;RSD;RSD;SORS;Average gross earnings;A;Normal value
2403040110IND02;12;2020;RS;REPUBLIC OF SERBIA;3_ZS;Health and social work;92115;RSD;RSD;SORS;Average gross earnings;A;Normal value
2403040110IND02;12;2020;RS;REPUBLIC OF SERBIA;4_OK;Education and culture;87489;RSD;RSD;SORS;Average gross earnings;A;Normal value
2403040110IND02;12;2020;RS;REPUBLIC OF SERBIA;5_AD;Administration - all levels;98581;RSD;RSD;SORS;Average gross earnings;A;Normal value
2403040110IND02;12;2020;RS;REPUBLIC OF SERBIA;5_AD2;Administration - government  level;102554;RSD;RSD;SORS;Average gross earnings;A;Normal value
2403040110IND02;12;2020;RS;REPUBLIC OF SERBIA;5_AD3;Administration - autonomous  province level;107026;RSD;RSD;SORS;Average gross earnings;A;Normal value
2403040110IND02;12;2020;RS;REPUBLIC OF SERBIA;5_AD4;Administration - local authorities’ level;78671;RSD;RSD;SORS;Average gross earnings;A;Normal value
2403040110IND02;12;2021;RS;REPUBLIC OF SERBIA;0;Total;90784;RSD;RSD;SORS;Average gross earnings;A;Normal value
2403040110IND02;12;2021;RS;REPUBLIC OF SERBIA;0_JP_JD_JL;Public enterprises;103709;RSD;RSD;SORS;Average gross earnings;A;Normal value
2403040110IND02;12;2021;RS;REPUBLIC OF SERBIA;0_JS;Public sector;101064;RSD;RSD;SORS;Average gross earnings;A;Normal value
2403040110IND02;12;2021;RS;REPUBLIC OF SERBIA;0_VJS;Non-public sector;86440;RSD;RSD;SORS;Average gross earnings;A;Normal value
2403040110IND02;12;2021;RS;REPUBLIC OF SERBIA;1_JD;Public state enterprises;115335;RSD;RSD;SORS;Average gross earnings;A;Normal value
2403040110IND02;12;2021;RS;REPUBLIC OF SERBIA;2_JL;Public local enterprises;87577;RSD;RSD;SORS;Average gross earnings;A;Normal value
2403040110IND02;12;2021;RS;REPUBLIC OF SERBIA;3_4_5_BK;General government;100222;RSD;RSD;SORS;Average gross earnings;A;Normal value
2403040110IND02;12;2021;RS;REPUBLIC OF SERBIA;3_ZS;Health and social work;102942;RSD;RSD;SORS;Average gross earnings;A;Normal value
2403040110IND02;12;2021;RS;REPUBLIC OF SERBIA;4_OK;Education and culture;92009;RSD;RSD;SORS;Average gross earnings;A;Normal value
2403040110IND02;12;2021;RS;REPUBLIC OF SERBIA;5_AD;Administration - all levels;105353;RSD;RSD;SORS;Average gross earnings;A;Normal value
2403040110IND02;12;2021;RS;REPUBLIC OF SERBIA;5_AD2;Administration - government  level;109776;RSD;RSD;SORS;Average gross earnings;A;Normal value
2403040110IND02;12;2021;RS;REPUBLIC OF SERBIA;5_AD3;Administration - autonomous  province level;112729;RSD;RSD;SORS;Average gross earnings;A;Normal value
2403040110IND02;12;2021;RS;REPUBLIC OF SERBIA;5_AD4;Administration - local authorities’ level;83403;RSD;RSD;SORS;Average gross earnings;A;Normal value
2403040110IND02;12;2022;RS;REPUBLIC OF SERBIA;0;Total;103316;RSD;RSD;SORS;Average gross earnings;A;Normal value
2403040110IND02;12;2022;RS;REPUBLIC OF SERBIA;0_JP_JD_JL;Public enterprises;111390;RSD;RSD;SORS;Average gross earnings;A;Normal value
2403040110IND02;12;2022;RS;REPUBLIC OF SERBIA;0_JS;Public sector;108421;RSD;RSD;SORS;Average gross earnings;A;Normal value
2403040110IND02;12;2022;RS;REPUBLIC OF SERBIA;0_VJS;Non-public sector;101192;RSD;RSD;SORS;Average gross earnings;A;Normal value
2403040110IND02;12;2022;RS;REPUBLIC OF SERBIA;1_JD;Public state enterprises;122989;RSD;RSD;SORS;Average gross earnings;A;Normal value
2403040110IND02;12;2022;RS;REPUBLIC OF SERBIA;2_JL;Public local enterprises;95409;RSD;RSD;SORS;Average gross earnings;A;Normal value
2403040110IND02;12;2022;RS;REPUBLIC OF SERBIA;3_4_5_BK;General government;107484;RSD;RSD;SORS;Average gross earnings;A;Normal value
2403040110IND02;12;2022;RS;REPUBLIC OF SERBIA;3_ZS;Health and social work;108765;RSD;RSD;SORS;Average gross earnings;A;Normal value
2403040110IND02;12;2022;RS;REPUBLIC OF SERBIA;4_OK;Education and culture;98709;RSD;RSD;SORS;Average gross earnings;A;Normal value
2403040110IND02;12;2022;RS;REPUBLIC OF SERBIA;5_AD;Administration - all levels;114416;RSD;RSD;SORS;Average gross earnings;A;Normal value
2403040110IND02;12;2022;RS;REPUBLIC OF SERBIA;5_AD2;Administration - government  level;119228;RSD;RSD;SORS;Average gross earnings;A;Normal value
2403040110IND02;12;2022;RS;REPUBLIC OF SERBIA;5_AD3;Administration - autonomous  province level;121325;RSD;RSD;SORS;Average gross earnings;A;Normal value
2403040110IND02;12;2022;RS;REPUBLIC OF SERBIA;5_AD4;Administration - local authorities’ level;90462;RSD;RSD;SORS;Average gross earnings;A;Normal value
2403040110IND02;12;2023;RS;REPUBLIC OF SERBIA;0;Total;118599;RSD;RSD;SORS;Average gross earnings;A;Normal value
2403040110IND02;12;2023;RS;REPUBLIC OF SERBIA;0_JP_JD_JL;Public enterprises;125668;RSD;RSD;SORS;Average gross earnings;A;Normal value
2403040110IND02;12;2023;RS;REPUBLIC OF SERBIA;0_JS;Public sector;122872;RSD;RSD;SORS;Average gross earnings;A;Normal value
2403040110IND02;12;2023;RS;REPUBLIC OF SERBIA;0_VJS;Non-public sector;116873;RSD;RSD;SORS;Average gross earnings;A;Normal value
2403040110IND02;12;2023;RS;REPUBLIC OF SERBIA;1_JD;Public state enterprises;137568;RSD;RSD;SORS;Average gross earnings;A;Normal value
2403040110IND02;12;2023;RS;REPUBLIC OF SERBIA;2_JL;Public local enterprises;109443;RSD;RSD;SORS;Average gross earnings;A;Normal value
2403040110IND02;12;2023;RS;REPUBLIC OF SERBIA;3_4_5_BK;General government;121998;RSD;RSD;SORS;Average gross earnings;A;Normal value
2403040110IND02;12;2023;RS;REPUBLIC OF SERBIA;3_ZS;Health and social work;120658;RSD;RSD;SORS;Average gross earnings;A;Normal value
2403040110IND02;12;2023;RS;REPUBLIC OF SERBIA;4_OK;Education and culture;112610;RSD;RSD;SORS;Average gross earnings;A;Normal value
2403040110IND02;12;2023;RS;REPUBLIC OF SERBIA;5_AD;Administration - all levels;131909;RSD;RSD;SORS;Average gross earnings;A;Normal value
2403040110IND02;12;2023;RS;REPUBLIC OF SERBIA;5_AD2;Administration - government  level;137730;RSD;RSD;SORS;Average gross earnings;A;Normal value
2403040110IND02;12;2023;RS;REPUBLIC OF SERBIA;5_AD3;Administration - autonomous  province level;141198;RSD;RSD;SORS;Average gross earnings;A;Normal value
2403040110IND02;12;2023;RS;REPUBLIC OF SERBIA;5_AD4;Administration - local authorities’ level;102849;RSD;RSD;SORS;Average gross earnings;A;Normal value
2403040110IND02;12;2024;RS;REPUBLIC OF SERBIA;0;Total;135403;RSD;RSD;SORS;Average gross earnings;A;Normal value
2403040110IND02;12;2024;RS;REPUBLIC OF SERBIA;0_JP_JD_JL;Public enterprises;142448;RSD;RSD;SORS;Average gross earnings;A;Normal value
2403040110IND02;12;2024;RS;REPUBLIC OF SERBIA;0_JS;Public sector;139829;RSD;RSD;SORS;Average gross earnings;A;Normal value
2403040110IND02;12;2024;RS;REPUBLIC OF SERBIA;0_VJS;Non-public sector;133619;RSD;RSD;SORS;Average gross earnings;A;Normal value
2403040110IND02;12;2024;RS;REPUBLIC OF SERBIA;1_JD;Public state enterprises;154565;RSD;RSD;SORS;Average gross earnings;A;Normal value
2403040110IND02;12;2024;RS;REPUBLIC OF SERBIA;2_JL;Public local enterprises;126030;RSD;RSD;SORS;Average gross earnings;A;Normal value
2403040110IND02;12;2024;RS;REPUBLIC OF SERBIA;3_4_5_BK;General government;139021;RSD;RSD;SORS;Average gross earnings;A;Normal value
2403040110IND02;12;2024;RS;REPUBLIC OF SERBIA;3_ZS;Health and social work;136663;RSD;RSD;SORS;Average gross earnings;A;Normal value
2403040110IND02;12;2024;RS;REPUBLIC OF SERBIA;4_OK;Education and culture;130532;RSD;RSD;SORS;Average gross earnings;A;Normal value
2403040110IND02;12;2024;RS;REPUBLIC OF SERBIA;5_AD;Administration - all levels;149106;RSD;RSD;SORS;Average gross earnings;A;Normal value
2403040110IND02;12;2024;RS;REPUBLIC OF SERBIA;5_AD2;Administration - government  level;155732;RSD;RSD;SORS;Average gross earnings;A;Normal value
2403040110IND02;12;2024;RS;REPUBLIC OF SERBIA;5_AD3;Administration - autonomous  province level;150492;RSD;RSD;SORS;Average gross earnings;A;Normal value
2403040110IND02;12;2024;RS;REPUBLIC OF SERBIA;5_AD4;Administration - local authorities’ level;116148;RSD;RSD;SORS;Average gross earnings;A;Normal value
2403040110IND02;12;2025;RS;REPUBLIC OF SERBIA;0;Total;151086;RSD;RSD;SORS;Average gross earnings;A;Normal value
2403040110IND02;12;2025;RS;REPUBLIC OF SERBIA;0_JP_JD_JL;Public enterprises;160163;RSD;RSD;SORS;Average gross earnings;A;Normal value
2403040110IND02;12;2025;RS;REPUBLIC OF SERBIA;0_JS;Public sector;156643;RSD;RSD;SORS;Average gross earnings;A;Normal value
2403040110IND02;12;2025;RS;REPUBLIC OF SERBIA;0_VJS;Non-public sector;148868;RSD;RSD;SORS;Average gross earnings;A;Normal value
2403040110IND02;12;2025;RS;REPUBLIC OF SERBIA;1_JD;Public state enterprises;172011;RSD;RSD;SORS;Average gross earnings;A;Normal value
2403040110IND02;12;2025;RS;REPUBLIC OF SERBIA;2_JL;Public local enterprises;144116;RSD;RSD;SORS;Average gross earnings;A;Normal value
2403040110IND02;12;2025;RS;REPUBLIC OF SERBIA;3_4_5_BK;General government;155569;RSD;RSD;SORS;Average gross earnings;A;Normal value
2403040110IND02;12;2025;RS;REPUBLIC OF SERBIA;3_ZS;Health and social work;151514;RSD;RSD;SORS;Average gross earnings;A;Normal value
2403040110IND02;12;2025;RS;REPUBLIC OF SERBIA;4_OK;Education and culture;148317;RSD;RSD;SORS;Average gross earnings;A;Normal value
2403040110IND02;12;2025;RS;REPUBLIC OF SERBIA;5_AD;Administration - all levels;166281;RSD;RSD;SORS;Average gross earnings;A;Normal value
2403040110IND02;12;2025;RS;REPUBLIC OF SERBIA;5_AD2;Administration - government  level;173423;RSD;RSD;SORS;Average gross earnings;A;Normal value
2403040110IND02;12;2025;RS;REPUBLIC OF SERBIA;5_AD3;Administration - autonomous  province level;163421;RSD;RSD;SORS;Average gross earnings;A;Normal value
2403040110IND02;12;2025;RS;REPUBLIC OF SERBIA;5_AD4;Administration - local authorities’ level;130866;RSD;RSD;SORS;Average gross earnings;A;Normal value
