idindikator;mes;god;IDTer;nTer;IDJavniSEK;nJavniSEK;vrednost;idJedinicaMere;nJedinicaMere;nIzvorI;Indikator;IDStatusPodatka;nStatusPodatka
2403040110IND01;01;2018;RS;REPUBLIC OF SERBIA;0;Total;50048;RSD;RSD;SORS;Average net earnings;A;Normal value
2403040110IND01;01;2018;RS;REPUBLIC OF SERBIA;0_JP_JD_JL;Public enterprises;62158;RSD;RSD;SORS;Average net earnings;A;Normal value
2403040110IND01;01;2018;RS;REPUBLIC OF SERBIA;0_JS;Public sector;56585;RSD;RSD;SORS;Average net earnings;A;Normal value
2403040110IND01;01;2018;RS;REPUBLIC OF SERBIA;0_VJS;Non-public sector;46681;RSD;RSD;SORS;Average net earnings;A;Normal value
2403040110IND01;01;2018;RS;REPUBLIC OF SERBIA;1_JD;Public state enterprises;71447;RSD;RSD;SORS;Average net earnings;A;Normal value
2403040110IND01;01;2018;RS;REPUBLIC OF SERBIA;2_JL;Public local enterprises;48106;RSD;RSD;SORS;Average net earnings;A;Normal value
2403040110IND01;01;2018;RS;REPUBLIC OF SERBIA;3_4_5_BK;General government;54735;RSD;RSD;SORS;Average net earnings;A;Normal value
2403040110IND01;01;2018;RS;REPUBLIC OF SERBIA;3_ZS;Health and social work;51083;RSD;RSD;SORS;Average net earnings;A;Normal value
2403040110IND01;01;2018;RS;REPUBLIC OF SERBIA;4_OK;Education and culture;52935;RSD;RSD;SORS;Average net earnings;A;Normal value
2403040110IND01;01;2018;RS;REPUBLIC OF SERBIA;5_AD;Administration - all levels;59677;RSD;RSD;SORS;Average net earnings;A;Normal value
2403040110IND01;01;2018;RS;REPUBLIC OF SERBIA;5_AD2;Administration - government  level;62003;RSD;RSD;SORS;Average net earnings;A;Normal value
2403040110IND01;01;2018;RS;REPUBLIC OF SERBIA;5_AD3;Administration - autonomous  province level;62284;RSD;RSD;SORS;Average net earnings;A;Normal value
2403040110IND01;01;2018;RS;REPUBLIC OF SERBIA;5_AD4;Administration - local authorities’ level;48135;RSD;RSD;SORS;Average net earnings;A;Normal value
2403040110IND01;01;2019;RS;REPUBLIC OF SERBIA;0;Total;54521;RSD;RSD;SORS;Average net earnings;A;Normal value
2403040110IND01;01;2019;RS;REPUBLIC OF SERBIA;0_JP_JD_JL;Public enterprises;67135;RSD;RSD;SORS;Average net earnings;A;Normal value
2403040110IND01;01;2019;RS;REPUBLIC OF SERBIA;0_JS;Public sector;61542;RSD;RSD;SORS;Average net earnings;A;Normal value
2403040110IND01;01;2019;RS;REPUBLIC OF SERBIA;0_VJS;Non-public sector;51160;RSD;RSD;SORS;Average net earnings;A;Normal value
2403040110IND01;01;2019;RS;REPUBLIC OF SERBIA;1_JD;Public state enterprises;77246;RSD;RSD;SORS;Average net earnings;A;Normal value
2403040110IND01;01;2019;RS;REPUBLIC OF SERBIA;2_JL;Public local enterprises;52939;RSD;RSD;SORS;Average net earnings;A;Normal value
2403040110IND01;01;2019;RS;REPUBLIC OF SERBIA;3_4_5_BK;General government;59740;RSD;RSD;SORS;Average net earnings;A;Normal value
2403040110IND01;01;2019;RS;REPUBLIC OF SERBIA;3_ZS;Health and social work;56126;RSD;RSD;SORS;Average net earnings;A;Normal value
2403040110IND01;01;2019;RS;REPUBLIC OF SERBIA;4_OK;Education and culture;57276;RSD;RSD;SORS;Average net earnings;A;Normal value
2403040110IND01;01;2019;RS;REPUBLIC OF SERBIA;5_AD;Administration - all levels;65288;RSD;RSD;SORS;Average net earnings;A;Normal value
2403040110IND01;01;2019;RS;REPUBLIC OF SERBIA;5_AD2;Administration - government  level;67922;RSD;RSD;SORS;Average net earnings;A;Normal value
2403040110IND01;01;2019;RS;REPUBLIC OF SERBIA;5_AD3;Administration - autonomous  province level;67028;RSD;RSD;SORS;Average net earnings;A;Normal value
2403040110IND01;01;2019;RS;REPUBLIC OF SERBIA;5_AD4;Administration - local authorities’ level;52107;RSD;RSD;SORS;Average net earnings;A;Normal value
2403040110IND01;01;2020;RS;REPUBLIC OF SERBIA;0;Total;59941;RSD;RSD;SORS;Average net earnings;A;Normal value
2403040110IND01;01;2020;RS;REPUBLIC OF SERBIA;0_JP_JD_JL;Public enterprises;73959;RSD;RSD;SORS;Average net earnings;A;Normal value
2403040110IND01;01;2020;RS;REPUBLIC OF SERBIA;0_JS;Public sector;67931;RSD;RSD;SORS;Average net earnings;A;Normal value
2403040110IND01;01;2020;RS;REPUBLIC OF SERBIA;0_VJS;Non-public sector;56317;RSD;RSD;SORS;Average net earnings;A;Normal value
2403040110IND01;01;2020;RS;REPUBLIC OF SERBIA;1_JD;Public state enterprises;83416;RSD;RSD;SORS;Average net earnings;A;Normal value
2403040110IND01;01;2020;RS;REPUBLIC OF SERBIA;2_JL;Public local enterprises;60879;RSD;RSD;SORS;Average net earnings;A;Normal value
2403040110IND01;01;2020;RS;REPUBLIC OF SERBIA;3_4_5_BK;General government;66007;RSD;RSD;SORS;Average net earnings;A;Normal value
2403040110IND01;01;2020;RS;REPUBLIC OF SERBIA;3_ZS;Health and social work;62987;RSD;RSD;SORS;Average net earnings;A;Normal value
2403040110IND01;01;2020;RS;REPUBLIC OF SERBIA;4_OK;Education and culture;62856;RSD;RSD;SORS;Average net earnings;A;Normal value
2403040110IND01;01;2020;RS;REPUBLIC OF SERBIA;5_AD;Administration - all levels;71649;RSD;RSD;SORS;Average net earnings;A;Normal value
2403040110IND01;01;2020;RS;REPUBLIC OF SERBIA;5_AD2;Administration - government  level;74680;RSD;RSD;SORS;Average net earnings;A;Normal value
2403040110IND01;01;2020;RS;REPUBLIC OF SERBIA;5_AD3;Administration - autonomous  province level;72675;RSD;RSD;SORS;Average net earnings;A;Normal value
2403040110IND01;01;2020;RS;REPUBLIC OF SERBIA;5_AD4;Administration - local authorities’ level;56633;RSD;RSD;SORS;Average net earnings;A;Normal value
2403040110IND01;01;2021;RS;REPUBLIC OF SERBIA;0;Total;63109;RSD;RSD;SORS;Average net earnings;A;Normal value
2403040110IND01;01;2021;RS;REPUBLIC OF SERBIA;0_JP_JD_JL;Public enterprises;72869;RSD;RSD;SORS;Average net earnings;A;Normal value
2403040110IND01;01;2021;RS;REPUBLIC OF SERBIA;0_JS;Public sector;72075;RSD;RSD;SORS;Average net earnings;A;Normal value
2403040110IND01;01;2021;RS;REPUBLIC OF SERBIA;0_VJS;Non-public sector;59250;RSD;RSD;SORS;Average net earnings;A;Normal value
2403040110IND01;01;2021;RS;REPUBLIC OF SERBIA;1_JD;Public state enterprises;80477;RSD;RSD;SORS;Average net earnings;A;Normal value
2403040110IND01;01;2021;RS;REPUBLIC OF SERBIA;2_JL;Public local enterprises;62239;RSD;RSD;SORS;Average net earnings;A;Normal value
2403040110IND01;01;2021;RS;REPUBLIC OF SERBIA;3_4_5_BK;General government;71821;RSD;RSD;SORS;Average net earnings;A;Normal value
2403040110IND01;01;2021;RS;REPUBLIC OF SERBIA;3_ZS;Health and social work;75504;RSD;RSD;SORS;Average net earnings;A;Normal value
2403040110IND01;01;2021;RS;REPUBLIC OF SERBIA;4_OK;Education and culture;64788;RSD;RSD;SORS;Average net earnings;A;Normal value
2403040110IND01;01;2021;RS;REPUBLIC OF SERBIA;5_AD;Administration - all levels;74905;RSD;RSD;SORS;Average net earnings;A;Normal value
2403040110IND01;01;2021;RS;REPUBLIC OF SERBIA;5_AD2;Administration - government  level;78066;RSD;RSD;SORS;Average net earnings;A;Normal value
2403040110IND01;01;2021;RS;REPUBLIC OF SERBIA;5_AD3;Administration - autonomous  province level;78048;RSD;RSD;SORS;Average net earnings;A;Normal value
2403040110IND01;01;2021;RS;REPUBLIC OF SERBIA;5_AD4;Administration - local authorities’ level;59061;RSD;RSD;SORS;Average net earnings;A;Normal value
2403040110IND01;01;2022;RS;REPUBLIC OF SERBIA;0;Total;70920;RSD;RSD;SORS;Average net earnings;A;Normal value
2403040110IND01;01;2022;RS;REPUBLIC OF SERBIA;0_JP_JD_JL;Public enterprises;77681;RSD;RSD;SORS;Average net earnings;A;Normal value
2403040110IND01;01;2022;RS;REPUBLIC OF SERBIA;0_JS;Public sector;78155;RSD;RSD;SORS;Average net earnings;A;Normal value
2403040110IND01;01;2022;RS;REPUBLIC OF SERBIA;0_VJS;Non-public sector;67889;RSD;RSD;SORS;Average net earnings;A;Normal value
2403040110IND01;01;2022;RS;REPUBLIC OF SERBIA;1_JD;Public state enterprises;85192;RSD;RSD;SORS;Average net earnings;A;Normal value
2403040110IND01;01;2022;RS;REPUBLIC OF SERBIA;2_JL;Public local enterprises;67240;RSD;RSD;SORS;Average net earnings;A;Normal value
2403040110IND01;01;2022;RS;REPUBLIC OF SERBIA;3_4_5_BK;General government;78306;RSD;RSD;SORS;Average net earnings;A;Normal value
2403040110IND01;01;2022;RS;REPUBLIC OF SERBIA;3_ZS;Health and social work;81620;RSD;RSD;SORS;Average net earnings;A;Normal value
2403040110IND01;01;2022;RS;REPUBLIC OF SERBIA;4_OK;Education and culture;69749;RSD;RSD;SORS;Average net earnings;A;Normal value
2403040110IND01;01;2022;RS;REPUBLIC OF SERBIA;5_AD;Administration - all levels;83146;RSD;RSD;SORS;Average net earnings;A;Normal value
2403040110IND01;01;2022;RS;REPUBLIC OF SERBIA;5_AD2;Administration - government  level;86933;RSD;RSD;SORS;Average net earnings;A;Normal value
2403040110IND01;01;2022;RS;REPUBLIC OF SERBIA;5_AD3;Administration - autonomous  province level;84227;RSD;RSD;SORS;Average net earnings;A;Normal value
2403040110IND01;01;2022;RS;REPUBLIC OF SERBIA;5_AD4;Administration - local authorities’ level;64355;RSD;RSD;SORS;Average net earnings;A;Normal value
2403040110IND01;01;2023;RS;REPUBLIC OF SERBIA;0;Total;82769;RSD;RSD;SORS;Average net earnings;A;Normal value
2403040110IND01;01;2023;RS;REPUBLIC OF SERBIA;0_JP_JD_JL;Public enterprises;86677;RSD;RSD;SORS;Average net earnings;A;Normal value
2403040110IND01;01;2023;RS;REPUBLIC OF SERBIA;0_JS;Public sector;87313;RSD;RSD;SORS;Average net earnings;A;Normal value
2403040110IND01;01;2023;RS;REPUBLIC OF SERBIA;0_VJS;Non-public sector;80921;RSD;RSD;SORS;Average net earnings;A;Normal value
2403040110IND01;01;2023;RS;REPUBLIC OF SERBIA;1_JD;Public state enterprises;92849;RSD;RSD;SORS;Average net earnings;A;Normal value
2403040110IND01;01;2023;RS;REPUBLIC OF SERBIA;2_JL;Public local enterprises;78125;RSD;RSD;SORS;Average net earnings;A;Normal value
2403040110IND01;01;2023;RS;REPUBLIC OF SERBIA;3_4_5_BK;General government;87514;RSD;RSD;SORS;Average net earnings;A;Normal value
2403040110IND01;01;2023;RS;REPUBLIC OF SERBIA;3_ZS;Health and social work;87813;RSD;RSD;SORS;Average net earnings;A;Normal value
2403040110IND01;01;2023;RS;REPUBLIC OF SERBIA;4_OK;Education and culture;79122;RSD;RSD;SORS;Average net earnings;A;Normal value
2403040110IND01;01;2023;RS;REPUBLIC OF SERBIA;5_AD;Administration - all levels;95046;RSD;RSD;SORS;Average net earnings;A;Normal value
2403040110IND01;01;2023;RS;REPUBLIC OF SERBIA;5_AD2;Administration - government  level;99467;RSD;RSD;SORS;Average net earnings;A;Normal value
2403040110IND01;01;2023;RS;REPUBLIC OF SERBIA;5_AD3;Administration - autonomous  province level;95073;RSD;RSD;SORS;Average net earnings;A;Normal value
2403040110IND01;01;2023;RS;REPUBLIC OF SERBIA;5_AD4;Administration - local authorities’ level;73199;RSD;RSD;SORS;Average net earnings;A;Normal value
2403040110IND01;01;2024;RS;REPUBLIC OF SERBIA;0;Total;95836;RSD;RSD;SORS;Average net earnings;A;Normal value
2403040110IND01;01;2024;RS;REPUBLIC OF SERBIA;0_JP_JD_JL;Public enterprises;102960;RSD;RSD;SORS;Average net earnings;A;Normal value
2403040110IND01;01;2024;RS;REPUBLIC OF SERBIA;0_JS;Public sector;101419;RSD;RSD;SORS;Average net earnings;A;Normal value
2403040110IND01;01;2024;RS;REPUBLIC OF SERBIA;0_VJS;Non-public sector;93581;RSD;RSD;SORS;Average net earnings;A;Normal value
2403040110IND01;01;2024;RS;REPUBLIC OF SERBIA;1_JD;Public state enterprises;110650;RSD;RSD;SORS;Average net earnings;A;Normal value
2403040110IND01;01;2024;RS;REPUBLIC OF SERBIA;2_JL;Public local enterprises;92405;RSD;RSD;SORS;Average net earnings;A;Normal value
2403040110IND01;01;2024;RS;REPUBLIC OF SERBIA;3_4_5_BK;General government;100940;RSD;RSD;SORS;Average net earnings;A;Normal value
2403040110IND01;01;2024;RS;REPUBLIC OF SERBIA;3_ZS;Health and social work;100370;RSD;RSD;SORS;Average net earnings;A;Normal value
2403040110IND01;01;2024;RS;REPUBLIC OF SERBIA;4_OK;Education and culture;92793;RSD;RSD;SORS;Average net earnings;A;Normal value
2403040110IND01;01;2024;RS;REPUBLIC OF SERBIA;5_AD;Administration - all levels;108819;RSD;RSD;SORS;Average net earnings;A;Normal value
2403040110IND01;01;2024;RS;REPUBLIC OF SERBIA;5_AD2;Administration - government  level;113932;RSD;RSD;SORS;Average net earnings;A;Normal value
2403040110IND01;01;2024;RS;REPUBLIC OF SERBIA;5_AD3;Administration - autonomous  province level;107912;RSD;RSD;SORS;Average net earnings;A;Normal value
2403040110IND01;01;2024;RS;REPUBLIC OF SERBIA;5_AD4;Administration - local authorities’ level;83341;RSD;RSD;SORS;Average net earnings;A;Normal value
2403040110IND01;01;2025;RS;REPUBLIC OF SERBIA;0;Total;107476;RSD;RSD;SORS;Average net earnings;A;Normal value
2403040110IND01;01;2025;RS;REPUBLIC OF SERBIA;0_JP_JD_JL;Public enterprises;117148;RSD;RSD;SORS;Average net earnings;A;Normal value
2403040110IND01;01;2025;RS;REPUBLIC OF SERBIA;0_JS;Public sector;112487;RSD;RSD;SORS;Average net earnings;A;Normal value
2403040110IND01;01;2025;RS;REPUBLIC OF SERBIA;0_VJS;Non-public sector;105463;RSD;RSD;SORS;Average net earnings;A;Normal value
2403040110IND01;01;2025;RS;REPUBLIC OF SERBIA;1_JD;Public state enterprises;126731;RSD;RSD;SORS;Average net earnings;A;Normal value
2403040110IND01;01;2025;RS;REPUBLIC OF SERBIA;2_JL;Public local enterprises;104086;RSD;RSD;SORS;Average net earnings;A;Normal value
2403040110IND01;01;2025;RS;REPUBLIC OF SERBIA;3_4_5_BK;General government;111060;RSD;RSD;SORS;Average net earnings;A;Normal value
2403040110IND01;01;2025;RS;REPUBLIC OF SERBIA;3_ZS;Health and social work;109855;RSD;RSD;SORS;Average net earnings;A;Normal value
2403040110IND01;01;2025;RS;REPUBLIC OF SERBIA;4_OK;Education and culture;102735;RSD;RSD;SORS;Average net earnings;A;Normal value
2403040110IND01;01;2025;RS;REPUBLIC OF SERBIA;5_AD;Administration - all levels;119888;RSD;RSD;SORS;Average net earnings;A;Normal value
2403040110IND01;01;2025;RS;REPUBLIC OF SERBIA;5_AD2;Administration - government  level;125242;RSD;RSD;SORS;Average net earnings;A;Normal value
2403040110IND01;01;2025;RS;REPUBLIC OF SERBIA;5_AD3;Administration - autonomous  province level;117528;RSD;RSD;SORS;Average net earnings;A;Normal value
2403040110IND01;01;2025;RS;REPUBLIC OF SERBIA;5_AD4;Administration - local authorities’ level;93200;RSD;RSD;SORS;Average net earnings;A;Normal value
2403040110IND01;01;2026;RS;REPUBLIC OF SERBIA;0;Total;118429;RSD;RSD;SORS;Average net earnings;A;Normal value
2403040110IND01;01;2026;RS;REPUBLIC OF SERBIA;0_JP_JD_JL;Public enterprises;133516;RSD;RSD;SORS;Average net earnings;A;Normal value
2403040110IND01;01;2026;RS;REPUBLIC OF SERBIA;0_JS;Public sector;126554;RSD;RSD;SORS;Average net earnings;A;Normal value
2403040110IND01;01;2026;RS;REPUBLIC OF SERBIA;0_VJS;Non-public sector;115135;RSD;RSD;SORS;Average net earnings;A;Normal value
2403040110IND01;01;2026;RS;REPUBLIC OF SERBIA;1_JD;Public state enterprises;144823;RSD;RSD;SORS;Average net earnings;A;Normal value
2403040110IND01;01;2026;RS;REPUBLIC OF SERBIA;2_JL;Public local enterprises;118299;RSD;RSD;SORS;Average net earnings;A;Normal value
2403040110IND01;01;2026;RS;REPUBLIC OF SERBIA;3_4_5_BK;General government;124456;RSD;RSD;SORS;Average net earnings;A;Normal value
2403040110IND01;01;2026;RS;REPUBLIC OF SERBIA;3_ZS;Health and social work;123831;RSD;RSD;SORS;Average net earnings;A;Normal value
2403040110IND01;01;2026;RS;REPUBLIC OF SERBIA;4_OK;Education and culture;118704;RSD;RSD;SORS;Average net earnings;A;Normal value
2403040110IND01;01;2026;RS;REPUBLIC OF SERBIA;5_AD;Administration - all levels;130432;RSD;RSD;SORS;Average net earnings;A;Normal value
2403040110IND01;01;2026;RS;REPUBLIC OF SERBIA;5_AD2;Administration - government  level;135855;RSD;RSD;SORS;Average net earnings;A;Normal value
2403040110IND01;01;2026;RS;REPUBLIC OF SERBIA;5_AD3;Administration - autonomous  province level;122845;RSD;RSD;SORS;Average net earnings;A;Normal value
2403040110IND01;01;2026;RS;REPUBLIC OF SERBIA;5_AD4;Administration - local authorities’ level;103059;RSD;RSD;SORS;Average net earnings;A;Normal value
2403040110IND01;02;2018;RS;REPUBLIC OF SERBIA;0;Total;48930;RSD;RSD;SORS;Average net earnings;A;Normal value
2403040110IND01;02;2018;RS;REPUBLIC OF SERBIA;0_JP_JD_JL;Public enterprises;59190;RSD;RSD;SORS;Average net earnings;A;Normal value
2403040110IND01;02;2018;RS;REPUBLIC OF SERBIA;0_JS;Public sector;55381;RSD;RSD;SORS;Average net earnings;A;Normal value
2403040110IND01;02;2018;RS;REPUBLIC OF SERBIA;0_VJS;Non-public sector;45612;RSD;RSD;SORS;Average net earnings;A;Normal value
2403040110IND01;02;2018;RS;REPUBLIC OF SERBIA;1_JD;Public state enterprises;67044;RSD;RSD;SORS;Average net earnings;A;Normal value
2403040110IND01;02;2018;RS;REPUBLIC OF SERBIA;2_JL;Public local enterprises;47268;RSD;RSD;SORS;Average net earnings;A;Normal value
2403040110IND01;02;2018;RS;REPUBLIC OF SERBIA;3_4_5_BK;General government;54122;RSD;RSD;SORS;Average net earnings;A;Normal value
2403040110IND01;02;2018;RS;REPUBLIC OF SERBIA;3_ZS;Health and social work;50387;RSD;RSD;SORS;Average net earnings;A;Normal value
2403040110IND01;02;2018;RS;REPUBLIC OF SERBIA;4_OK;Education and culture;52340;RSD;RSD;SORS;Average net earnings;A;Normal value
2403040110IND01;02;2018;RS;REPUBLIC OF SERBIA;5_AD;Administration - all levels;59113;RSD;RSD;SORS;Average net earnings;A;Normal value
2403040110IND01;02;2018;RS;REPUBLIC OF SERBIA;5_AD2;Administration - government  level;61417;RSD;RSD;SORS;Average net earnings;A;Normal value
2403040110IND01;02;2018;RS;REPUBLIC OF SERBIA;5_AD3;Administration - autonomous  province level;61542;RSD;RSD;SORS;Average net earnings;A;Normal value
2403040110IND01;02;2018;RS;REPUBLIC OF SERBIA;5_AD4;Administration - local authorities’ level;47669;RSD;RSD;SORS;Average net earnings;A;Normal value
2403040110IND01;02;2019;RS;REPUBLIC OF SERBIA;0;Total;53470;RSD;RSD;SORS;Average net earnings;A;Normal value
2403040110IND01;02;2019;RS;REPUBLIC OF SERBIA;0_JP_JD_JL;Public enterprises;64815;RSD;RSD;SORS;Average net earnings;A;Normal value
2403040110IND01;02;2019;RS;REPUBLIC OF SERBIA;0_JS;Public sector;60671;RSD;RSD;SORS;Average net earnings;A;Normal value
2403040110IND01;02;2019;RS;REPUBLIC OF SERBIA;0_VJS;Non-public sector;50045;RSD;RSD;SORS;Average net earnings;A;Normal value
2403040110IND01;02;2019;RS;REPUBLIC OF SERBIA;1_JD;Public state enterprises;73980;RSD;RSD;SORS;Average net earnings;A;Normal value
2403040110IND01;02;2019;RS;REPUBLIC OF SERBIA;2_JL;Public local enterprises;52019;RSD;RSD;SORS;Average net earnings;A;Normal value
2403040110IND01;02;2019;RS;REPUBLIC OF SERBIA;3_4_5_BK;General government;59334;RSD;RSD;SORS;Average net earnings;A;Normal value
2403040110IND01;02;2019;RS;REPUBLIC OF SERBIA;3_ZS;Health and social work;55437;RSD;RSD;SORS;Average net earnings;A;Normal value
2403040110IND01;02;2019;RS;REPUBLIC OF SERBIA;4_OK;Education and culture;56833;RSD;RSD;SORS;Average net earnings;A;Normal value
2403040110IND01;02;2019;RS;REPUBLIC OF SERBIA;5_AD;Administration - all levels;65184;RSD;RSD;SORS;Average net earnings;A;Normal value
2403040110IND01;02;2019;RS;REPUBLIC OF SERBIA;5_AD2;Administration - government  level;67848;RSD;RSD;SORS;Average net earnings;A;Normal value
2403040110IND01;02;2019;RS;REPUBLIC OF SERBIA;5_AD3;Administration - autonomous  province level;74686;RSD;RSD;SORS;Average net earnings;A;Normal value
2403040110IND01;02;2019;RS;REPUBLIC OF SERBIA;5_AD4;Administration - local authorities’ level;51527;RSD;RSD;SORS;Average net earnings;A;Normal value
2403040110IND01;02;2020;RS;REPUBLIC OF SERBIA;0;Total;59036;RSD;RSD;SORS;Average net earnings;A;Normal value
2403040110IND01;02;2020;RS;REPUBLIC OF SERBIA;0_JP_JD_JL;Public enterprises;71603;RSD;RSD;SORS;Average net earnings;A;Normal value
2403040110IND01;02;2020;RS;REPUBLIC OF SERBIA;0_JS;Public sector;67050;RSD;RSD;SORS;Average net earnings;A;Normal value
2403040110IND01;02;2020;RS;REPUBLIC OF SERBIA;0_VJS;Non-public sector;55401;RSD;RSD;SORS;Average net earnings;A;Normal value
2403040110IND01;02;2020;RS;REPUBLIC OF SERBIA;1_JD;Public state enterprises;80211;RSD;RSD;SORS;Average net earnings;A;Normal value
2403040110IND01;02;2020;RS;REPUBLIC OF SERBIA;2_JL;Public local enterprises;59671;RSD;RSD;SORS;Average net earnings;A;Normal value
2403040110IND01;02;2020;RS;REPUBLIC OF SERBIA;3_4_5_BK;General government;65598;RSD;RSD;SORS;Average net earnings;A;Normal value
2403040110IND01;02;2020;RS;REPUBLIC OF SERBIA;3_ZS;Health and social work;62456;RSD;RSD;SORS;Average net earnings;A;Normal value
2403040110IND01;02;2020;RS;REPUBLIC OF SERBIA;4_OK;Education and culture;62366;RSD;RSD;SORS;Average net earnings;A;Normal value
2403040110IND01;02;2020;RS;REPUBLIC OF SERBIA;5_AD;Administration - all levels;71419;RSD;RSD;SORS;Average net earnings;A;Normal value
2403040110IND01;02;2020;RS;REPUBLIC OF SERBIA;5_AD2;Administration - government  level;74355;RSD;RSD;SORS;Average net earnings;A;Normal value
2403040110IND01;02;2020;RS;REPUBLIC OF SERBIA;5_AD3;Administration - autonomous  province level;81645;RSD;RSD;SORS;Average net earnings;A;Normal value
2403040110IND01;02;2020;RS;REPUBLIC OF SERBIA;5_AD4;Administration - local authorities’ level;56429;RSD;RSD;SORS;Average net earnings;A;Normal value
2403040110IND01;02;2021;RS;REPUBLIC OF SERBIA;0;Total;62693;RSD;RSD;SORS;Average net earnings;A;Normal value
2403040110IND01;02;2021;RS;REPUBLIC OF SERBIA;0_JP_JD_JL;Public enterprises;71689;RSD;RSD;SORS;Average net earnings;A;Normal value
2403040110IND01;02;2021;RS;REPUBLIC OF SERBIA;0_JS;Public sector;71340;RSD;RSD;SORS;Average net earnings;A;Normal value
2403040110IND01;02;2021;RS;REPUBLIC OF SERBIA;0_VJS;Non-public sector;58973;RSD;RSD;SORS;Average net earnings;A;Normal value
2403040110IND01;02;2021;RS;REPUBLIC OF SERBIA;1_JD;Public state enterprises;78936;RSD;RSD;SORS;Average net earnings;A;Normal value
2403040110IND01;02;2021;RS;REPUBLIC OF SERBIA;2_JL;Public local enterprises;61556;RSD;RSD;SORS;Average net earnings;A;Normal value
2403040110IND01;02;2021;RS;REPUBLIC OF SERBIA;3_4_5_BK;General government;71229;RSD;RSD;SORS;Average net earnings;A;Normal value
2403040110IND01;02;2021;RS;REPUBLIC OF SERBIA;3_ZS;Health and social work;74455;RSD;RSD;SORS;Average net earnings;A;Normal value
2403040110IND01;02;2021;RS;REPUBLIC OF SERBIA;4_OK;Education and culture;64540;RSD;RSD;SORS;Average net earnings;A;Normal value
2403040110IND01;02;2021;RS;REPUBLIC OF SERBIA;5_AD;Administration - all levels;74455;RSD;RSD;SORS;Average net earnings;A;Normal value
2403040110IND01;02;2021;RS;REPUBLIC OF SERBIA;5_AD2;Administration - government  level;77488;RSD;RSD;SORS;Average net earnings;A;Normal value
2403040110IND01;02;2021;RS;REPUBLIC OF SERBIA;5_AD3;Administration - autonomous  province level;86594;RSD;RSD;SORS;Average net earnings;A;Normal value
2403040110IND01;02;2021;RS;REPUBLIC OF SERBIA;5_AD4;Administration - local authorities’ level;58826;RSD;RSD;SORS;Average net earnings;A;Normal value
2403040110IND01;02;2022;RS;REPUBLIC OF SERBIA;0;Total;70762;RSD;RSD;SORS;Average net earnings;A;Normal value
2403040110IND01;02;2022;RS;REPUBLIC OF SERBIA;0_JP_JD_JL;Public enterprises;77001;RSD;RSD;SORS;Average net earnings;A;Normal value
2403040110IND01;02;2022;RS;REPUBLIC OF SERBIA;0_JS;Public sector;77666;RSD;RSD;SORS;Average net earnings;A;Normal value
2403040110IND01;02;2022;RS;REPUBLIC OF SERBIA;0_VJS;Non-public sector;67868;RSD;RSD;SORS;Average net earnings;A;Normal value
2403040110IND01;02;2022;RS;REPUBLIC OF SERBIA;1_JD;Public state enterprises;84411;RSD;RSD;SORS;Average net earnings;A;Normal value
2403040110IND01;02;2022;RS;REPUBLIC OF SERBIA;2_JL;Public local enterprises;66703;RSD;RSD;SORS;Average net earnings;A;Normal value
2403040110IND01;02;2022;RS;REPUBLIC OF SERBIA;3_4_5_BK;General government;77876;RSD;RSD;SORS;Average net earnings;A;Normal value
2403040110IND01;02;2022;RS;REPUBLIC OF SERBIA;3_ZS;Health and social work;80695;RSD;RSD;SORS;Average net earnings;A;Normal value
2403040110IND01;02;2022;RS;REPUBLIC OF SERBIA;4_OK;Education and culture;69697;RSD;RSD;SORS;Average net earnings;A;Normal value
2403040110IND01;02;2022;RS;REPUBLIC OF SERBIA;5_AD;Administration - all levels;82866;RSD;RSD;SORS;Average net earnings;A;Normal value
2403040110IND01;02;2022;RS;REPUBLIC OF SERBIA;5_AD2;Administration - government  level;86453;RSD;RSD;SORS;Average net earnings;A;Normal value
2403040110IND01;02;2022;RS;REPUBLIC OF SERBIA;5_AD3;Administration - autonomous  province level;93917;RSD;RSD;SORS;Average net earnings;A;Normal value
2403040110IND01;02;2022;RS;REPUBLIC OF SERBIA;5_AD4;Administration - local authorities’ level;64651;RSD;RSD;SORS;Average net earnings;A;Normal value
2403040110IND01;02;2023;RS;REPUBLIC OF SERBIA;0;Total;82062;RSD;RSD;SORS;Average net earnings;A;Normal value
2403040110IND01;02;2023;RS;REPUBLIC OF SERBIA;0_JP_JD_JL;Public enterprises;85800;RSD;RSD;SORS;Average net earnings;A;Normal value
2403040110IND01;02;2023;RS;REPUBLIC OF SERBIA;0_JS;Public sector;86471;RSD;RSD;SORS;Average net earnings;A;Normal value
2403040110IND01;02;2023;RS;REPUBLIC OF SERBIA;0_VJS;Non-public sector;80270;RSD;RSD;SORS;Average net earnings;A;Normal value
2403040110IND01;02;2023;RS;REPUBLIC OF SERBIA;1_JD;Public state enterprises;92328;RSD;RSD;SORS;Average net earnings;A;Normal value
2403040110IND01;02;2023;RS;REPUBLIC OF SERBIA;2_JL;Public local enterprises;76769;RSD;RSD;SORS;Average net earnings;A;Normal value
2403040110IND01;02;2023;RS;REPUBLIC OF SERBIA;3_4_5_BK;General government;86682;RSD;RSD;SORS;Average net earnings;A;Normal value
2403040110IND01;02;2023;RS;REPUBLIC OF SERBIA;3_ZS;Health and social work;86575;RSD;RSD;SORS;Average net earnings;A;Normal value
2403040110IND01;02;2023;RS;REPUBLIC OF SERBIA;4_OK;Education and culture;78547;RSD;RSD;SORS;Average net earnings;A;Normal value
2403040110IND01;02;2023;RS;REPUBLIC OF SERBIA;5_AD;Administration - all levels;94382;RSD;RSD;SORS;Average net earnings;A;Normal value
2403040110IND01;02;2023;RS;REPUBLIC OF SERBIA;5_AD2;Administration - government  level;98547;RSD;RSD;SORS;Average net earnings;A;Normal value
2403040110IND01;02;2023;RS;REPUBLIC OF SERBIA;5_AD3;Administration - autonomous  province level;111296;RSD;RSD;SORS;Average net earnings;A;Normal value
2403040110IND01;02;2023;RS;REPUBLIC OF SERBIA;5_AD4;Administration - local authorities’ level;72991;RSD;RSD;SORS;Average net earnings;A;Normal value
2403040110IND01;02;2024;RS;REPUBLIC OF SERBIA;0;Total;94979;RSD;RSD;SORS;Average net earnings;A;Normal value
2403040110IND01;02;2024;RS;REPUBLIC OF SERBIA;0_JP_JD_JL;Public enterprises;100608;RSD;RSD;SORS;Average net earnings;A;Normal value
2403040110IND01;02;2024;RS;REPUBLIC OF SERBIA;0_JS;Public sector;100149;RSD;RSD;SORS;Average net earnings;A;Normal value
2403040110IND01;02;2024;RS;REPUBLIC OF SERBIA;0_VJS;Non-public sector;92889;RSD;RSD;SORS;Average net earnings;A;Normal value
2403040110IND01;02;2024;RS;REPUBLIC OF SERBIA;1_JD;Public state enterprises;108143;RSD;RSD;SORS;Average net earnings;A;Normal value
2403040110IND01;02;2024;RS;REPUBLIC OF SERBIA;2_JL;Public local enterprises;90289;RSD;RSD;SORS;Average net earnings;A;Normal value
2403040110IND01;02;2024;RS;REPUBLIC OF SERBIA;3_4_5_BK;General government;100007;RSD;RSD;SORS;Average net earnings;A;Normal value
2403040110IND01;02;2024;RS;REPUBLIC OF SERBIA;3_ZS;Health and social work;98936;RSD;RSD;SORS;Average net earnings;A;Normal value
2403040110IND01;02;2024;RS;REPUBLIC OF SERBIA;4_OK;Education and culture;92575;RSD;RSD;SORS;Average net earnings;A;Normal value
2403040110IND01;02;2024;RS;REPUBLIC OF SERBIA;5_AD;Administration - all levels;107791;RSD;RSD;SORS;Average net earnings;A;Normal value
2403040110IND01;02;2024;RS;REPUBLIC OF SERBIA;5_AD2;Administration - government  level;112816;RSD;RSD;SORS;Average net earnings;A;Normal value
2403040110IND01;02;2024;RS;REPUBLIC OF SERBIA;5_AD3;Administration - autonomous  province level;107463;RSD;RSD;SORS;Average net earnings;A;Normal value
2403040110IND01;02;2024;RS;REPUBLIC OF SERBIA;5_AD4;Administration - local authorities’ level;82737;RSD;RSD;SORS;Average net earnings;A;Normal value
2403040110IND01;02;2025;RS;REPUBLIC OF SERBIA;0;Total;105499;RSD;RSD;SORS;Average net earnings;A;Normal value
2403040110IND01;02;2025;RS;REPUBLIC OF SERBIA;0_JP_JD_JL;Public enterprises;112408;RSD;RSD;SORS;Average net earnings;A;Normal value
2403040110IND01;02;2025;RS;REPUBLIC OF SERBIA;0_JS;Public sector;110364;RSD;RSD;SORS;Average net earnings;A;Normal value
2403040110IND01;02;2025;RS;REPUBLIC OF SERBIA;0_VJS;Non-public sector;103562;RSD;RSD;SORS;Average net earnings;A;Normal value
2403040110IND01;02;2025;RS;REPUBLIC OF SERBIA;1_JD;Public state enterprises;121080;RSD;RSD;SORS;Average net earnings;A;Normal value
2403040110IND01;02;2025;RS;REPUBLIC OF SERBIA;2_JL;Public local enterprises;100638;RSD;RSD;SORS;Average net earnings;A;Normal value
2403040110IND01;02;2025;RS;REPUBLIC OF SERBIA;3_4_5_BK;General government;109733;RSD;RSD;SORS;Average net earnings;A;Normal value
2403040110IND01;02;2025;RS;REPUBLIC OF SERBIA;3_ZS;Health and social work;108420;RSD;RSD;SORS;Average net earnings;A;Normal value
2403040110IND01;02;2025;RS;REPUBLIC OF SERBIA;4_OK;Education and culture;100764;RSD;RSD;SORS;Average net earnings;A;Normal value
2403040110IND01;02;2025;RS;REPUBLIC OF SERBIA;5_AD;Administration - all levels;118998;RSD;RSD;SORS;Average net earnings;A;Normal value
2403040110IND01;02;2025;RS;REPUBLIC OF SERBIA;5_AD2;Administration - government  level;124441;RSD;RSD;SORS;Average net earnings;A;Normal value
2403040110IND01;02;2025;RS;REPUBLIC OF SERBIA;5_AD3;Administration - autonomous  province level;116347;RSD;RSD;SORS;Average net earnings;A;Normal value
2403040110IND01;02;2025;RS;REPUBLIC OF SERBIA;5_AD4;Administration - local authorities’ level;92060;RSD;RSD;SORS;Average net earnings;A;Normal value
2403040110IND01;02;2026;RS;REPUBLIC OF SERBIA;0;Total;117276;RSD;RSD;SORS;Average net earnings;A;Normal value
2403040110IND01;02;2026;RS;REPUBLIC OF SERBIA;0_JP_JD_JL;Public enterprises;126700;RSD;RSD;SORS;Average net earnings;A;Normal value
2403040110IND01;02;2026;RS;REPUBLIC OF SERBIA;0_JS;Public sector;124413;RSD;RSD;SORS;Average net earnings;A;Normal value
2403040110IND01;02;2026;RS;REPUBLIC OF SERBIA;0_VJS;Non-public sector;114383;RSD;RSD;SORS;Average net earnings;A;Normal value
2403040110IND01;02;2026;RS;REPUBLIC OF SERBIA;1_JD;Public state enterprises;135518;RSD;RSD;SORS;Average net earnings;A;Normal value
2403040110IND01;02;2026;RS;REPUBLIC OF SERBIA;2_JL;Public local enterprises;114874;RSD;RSD;SORS;Average net earnings;A;Normal value
2403040110IND01;02;2026;RS;REPUBLIC OF SERBIA;3_4_5_BK;General government;123726;RSD;RSD;SORS;Average net earnings;A;Normal value
2403040110IND01;02;2026;RS;REPUBLIC OF SERBIA;3_ZS;Health and social work;122908;RSD;RSD;SORS;Average net earnings;A;Normal value
2403040110IND01;02;2026;RS;REPUBLIC OF SERBIA;4_OK;Education and culture;118462;RSD;RSD;SORS;Average net earnings;A;Normal value
2403040110IND01;02;2026;RS;REPUBLIC OF SERBIA;5_AD;Administration - all levels;129465;RSD;RSD;SORS;Average net earnings;A;Normal value
2403040110IND01;02;2026;RS;REPUBLIC OF SERBIA;5_AD2;Administration - government  level;134883;RSD;RSD;SORS;Average net earnings;A;Normal value
2403040110IND01;02;2026;RS;REPUBLIC OF SERBIA;5_AD3;Administration - autonomous  province level;122302;RSD;RSD;SORS;Average net earnings;A;Normal value
2403040110IND01;02;2026;RS;REPUBLIC OF SERBIA;5_AD4;Administration - local authorities’ level;102222;RSD;RSD;SORS;Average net earnings;A;Normal value
2403040110IND01;03;2018;RS;REPUBLIC OF SERBIA;0;Total;49088;RSD;RSD;SORS;Average net earnings;A;Normal value
2403040110IND01;03;2018;RS;REPUBLIC OF SERBIA;0_JP_JD_JL;Public enterprises;59609;RSD;RSD;SORS;Average net earnings;A;Normal value
2403040110IND01;03;2018;RS;REPUBLIC OF SERBIA;0_JS;Public sector;55345;RSD;RSD;SORS;Average net earnings;A;Normal value
2403040110IND01;03;2018;RS;REPUBLIC OF SERBIA;0_VJS;Non-public sector;45880;RSD;RSD;SORS;Average net earnings;A;Normal value
2403040110IND01;03;2018;RS;REPUBLIC OF SERBIA;1_JD;Public state enterprises;67725;RSD;RSD;SORS;Average net earnings;A;Normal value
2403040110IND01;03;2018;RS;REPUBLIC OF SERBIA;2_JL;Public local enterprises;47350;RSD;RSD;SORS;Average net earnings;A;Normal value
2403040110IND01;03;2018;RS;REPUBLIC OF SERBIA;3_4_5_BK;General government;53935;RSD;RSD;SORS;Average net earnings;A;Normal value
2403040110IND01;03;2018;RS;REPUBLIC OF SERBIA;3_ZS;Health and social work;50197;RSD;RSD;SORS;Average net earnings;A;Normal value
2403040110IND01;03;2018;RS;REPUBLIC OF SERBIA;4_OK;Education and culture;52331;RSD;RSD;SORS;Average net earnings;A;Normal value
2403040110IND01;03;2018;RS;REPUBLIC OF SERBIA;5_AD;Administration - all levels;58767;RSD;RSD;SORS;Average net earnings;A;Normal value
2403040110IND01;03;2018;RS;REPUBLIC OF SERBIA;5_AD2;Administration - government  level;61009;RSD;RSD;SORS;Average net earnings;A;Normal value
2403040110IND01;03;2018;RS;REPUBLIC OF SERBIA;5_AD3;Administration - autonomous  province level;61636;RSD;RSD;SORS;Average net earnings;A;Normal value
2403040110IND01;03;2018;RS;REPUBLIC OF SERBIA;5_AD4;Administration - local authorities’ level;47602;RSD;RSD;SORS;Average net earnings;A;Normal value
2403040110IND01;03;2019;RS;REPUBLIC OF SERBIA;0;Total;53739;RSD;RSD;SORS;Average net earnings;A;Normal value
2403040110IND01;03;2019;RS;REPUBLIC OF SERBIA;0_JP_JD_JL;Public enterprises;64858;RSD;RSD;SORS;Average net earnings;A;Normal value
2403040110IND01;03;2019;RS;REPUBLIC OF SERBIA;0_JS;Public sector;60528;RSD;RSD;SORS;Average net earnings;A;Normal value
2403040110IND01;03;2019;RS;REPUBLIC OF SERBIA;0_VJS;Non-public sector;50519;RSD;RSD;SORS;Average net earnings;A;Normal value
2403040110IND01;03;2019;RS;REPUBLIC OF SERBIA;1_JD;Public state enterprises;74226;RSD;RSD;SORS;Average net earnings;A;Normal value
2403040110IND01;03;2019;RS;REPUBLIC OF SERBIA;2_JL;Public local enterprises;51780;RSD;RSD;SORS;Average net earnings;A;Normal value
2403040110IND01;03;2019;RS;REPUBLIC OF SERBIA;3_4_5_BK;General government;59133;RSD;RSD;SORS;Average net earnings;A;Normal value
2403040110IND01;03;2019;RS;REPUBLIC OF SERBIA;3_ZS;Health and social work;55163;RSD;RSD;SORS;Average net earnings;A;Normal value
2403040110IND01;03;2019;RS;REPUBLIC OF SERBIA;4_OK;Education and culture;56858;RSD;RSD;SORS;Average net earnings;A;Normal value
2403040110IND01;03;2019;RS;REPUBLIC OF SERBIA;5_AD;Administration - all levels;64851;RSD;RSD;SORS;Average net earnings;A;Normal value
2403040110IND01;03;2019;RS;REPUBLIC OF SERBIA;5_AD2;Administration - government  level;67485;RSD;RSD;SORS;Average net earnings;A;Normal value
2403040110IND01;03;2019;RS;REPUBLIC OF SERBIA;5_AD3;Administration - autonomous  province level;71864;RSD;RSD;SORS;Average net earnings;A;Normal value
2403040110IND01;03;2019;RS;REPUBLIC OF SERBIA;5_AD4;Administration - local authorities’ level;51479;RSD;RSD;SORS;Average net earnings;A;Normal value
2403040110IND01;03;2020;RS;REPUBLIC OF SERBIA;0;Total;59254;RSD;RSD;SORS;Average net earnings;A;Normal value
2403040110IND01;03;2020;RS;REPUBLIC OF SERBIA;0_JP_JD_JL;Public enterprises;72388;RSD;RSD;SORS;Average net earnings;A;Normal value
2403040110IND01;03;2020;RS;REPUBLIC OF SERBIA;0_JS;Public sector;66936;RSD;RSD;SORS;Average net earnings;A;Normal value
2403040110IND01;03;2020;RS;REPUBLIC OF SERBIA;0_VJS;Non-public sector;55793;RSD;RSD;SORS;Average net earnings;A;Normal value
2403040110IND01;03;2020;RS;REPUBLIC OF SERBIA;1_JD;Public state enterprises;81755;RSD;RSD;SORS;Average net earnings;A;Normal value
2403040110IND01;03;2020;RS;REPUBLIC OF SERBIA;2_JL;Public local enterprises;59388;RSD;RSD;SORS;Average net earnings;A;Normal value
2403040110IND01;03;2020;RS;REPUBLIC OF SERBIA;3_4_5_BK;General government;65194;RSD;RSD;SORS;Average net earnings;A;Normal value
2403040110IND01;03;2020;RS;REPUBLIC OF SERBIA;3_ZS;Health and social work;61992;RSD;RSD;SORS;Average net earnings;A;Normal value
2403040110IND01;03;2020;RS;REPUBLIC OF SERBIA;4_OK;Education and culture;62243;RSD;RSD;SORS;Average net earnings;A;Normal value
2403040110IND01;03;2020;RS;REPUBLIC OF SERBIA;5_AD;Administration - all levels;70812;RSD;RSD;SORS;Average net earnings;A;Normal value
2403040110IND01;03;2020;RS;REPUBLIC OF SERBIA;5_AD2;Administration - government  level;73646;RSD;RSD;SORS;Average net earnings;A;Normal value
2403040110IND01;03;2020;RS;REPUBLIC OF SERBIA;5_AD3;Administration - autonomous  province level;80880;RSD;RSD;SORS;Average net earnings;A;Normal value
2403040110IND01;03;2020;RS;REPUBLIC OF SERBIA;5_AD4;Administration - local authorities’ level;56323;RSD;RSD;SORS;Average net earnings;A;Normal value
2403040110IND01;03;2021;RS;REPUBLIC OF SERBIA;0;Total;63563;RSD;RSD;SORS;Average net earnings;A;Normal value
2403040110IND01;03;2021;RS;REPUBLIC OF SERBIA;0_JP_JD_JL;Public enterprises;72526;RSD;RSD;SORS;Average net earnings;A;Normal value
2403040110IND01;03;2021;RS;REPUBLIC OF SERBIA;0_JS;Public sector;71697;RSD;RSD;SORS;Average net earnings;A;Normal value
2403040110IND01;03;2021;RS;REPUBLIC OF SERBIA;0_VJS;Non-public sector;60069;RSD;RSD;SORS;Average net earnings;A;Normal value
2403040110IND01;03;2021;RS;REPUBLIC OF SERBIA;1_JD;Public state enterprises;79921;RSD;RSD;SORS;Average net earnings;A;Normal value
2403040110IND01;03;2021;RS;REPUBLIC OF SERBIA;2_JL;Public local enterprises;62206;RSD;RSD;SORS;Average net earnings;A;Normal value
2403040110IND01;03;2021;RS;REPUBLIC OF SERBIA;3_4_5_BK;General government;71435;RSD;RSD;SORS;Average net earnings;A;Normal value
2403040110IND01;03;2021;RS;REPUBLIC OF SERBIA;3_ZS;Health and social work;74236;RSD;RSD;SORS;Average net earnings;A;Normal value
2403040110IND01;03;2021;RS;REPUBLIC OF SERBIA;4_OK;Education and culture;65222;RSD;RSD;SORS;Average net earnings;A;Normal value
2403040110IND01;03;2021;RS;REPUBLIC OF SERBIA;5_AD;Administration - all levels;74623;RSD;RSD;SORS;Average net earnings;A;Normal value
2403040110IND01;03;2021;RS;REPUBLIC OF SERBIA;5_AD2;Administration - government  level;77610;RSD;RSD;SORS;Average net earnings;A;Normal value
2403040110IND01;03;2021;RS;REPUBLIC OF SERBIA;5_AD3;Administration - autonomous  province level;84053;RSD;RSD;SORS;Average net earnings;A;Normal value
2403040110IND01;03;2021;RS;REPUBLIC OF SERBIA;5_AD4;Administration - local authorities’ level;59384;RSD;RSD;SORS;Average net earnings;A;Normal value
2403040110IND01;03;2022;RS;REPUBLIC OF SERBIA;0;Total;72067;RSD;RSD;SORS;Average net earnings;A;Normal value
2403040110IND01;03;2022;RS;REPUBLIC OF SERBIA;0_JP_JD_JL;Public enterprises;79613;RSD;RSD;SORS;Average net earnings;A;Normal value
2403040110IND01;03;2022;RS;REPUBLIC OF SERBIA;0_JS;Public sector;78189;RSD;RSD;SORS;Average net earnings;A;Normal value
2403040110IND01;03;2022;RS;REPUBLIC OF SERBIA;0_VJS;Non-public sector;69502;RSD;RSD;SORS;Average net earnings;A;Normal value
2403040110IND01;03;2022;RS;REPUBLIC OF SERBIA;1_JD;Public state enterprises;88317;RSD;RSD;SORS;Average net earnings;A;Normal value
2403040110IND01;03;2022;RS;REPUBLIC OF SERBIA;2_JL;Public local enterprises;67518;RSD;RSD;SORS;Average net earnings;A;Normal value
2403040110IND01;03;2022;RS;REPUBLIC OF SERBIA;3_4_5_BK;General government;77738;RSD;RSD;SORS;Average net earnings;A;Normal value
2403040110IND01;03;2022;RS;REPUBLIC OF SERBIA;3_ZS;Health and social work;80151;RSD;RSD;SORS;Average net earnings;A;Normal value
2403040110IND01;03;2022;RS;REPUBLIC OF SERBIA;4_OK;Education and culture;70281;RSD;RSD;SORS;Average net earnings;A;Normal value
2403040110IND01;03;2022;RS;REPUBLIC OF SERBIA;5_AD;Administration - all levels;82432;RSD;RSD;SORS;Average net earnings;A;Normal value
2403040110IND01;03;2022;RS;REPUBLIC OF SERBIA;5_AD2;Administration - government  level;85868;RSD;RSD;SORS;Average net earnings;A;Normal value
2403040110IND01;03;2022;RS;REPUBLIC OF SERBIA;5_AD3;Administration - autonomous  province level;91082;RSD;RSD;SORS;Average net earnings;A;Normal value
2403040110IND01;03;2022;RS;REPUBLIC OF SERBIA;5_AD4;Administration - local authorities’ level;65111;RSD;RSD;SORS;Average net earnings;A;Normal value
2403040110IND01;03;2023;RS;REPUBLIC OF SERBIA;0;Total;83208;RSD;RSD;SORS;Average net earnings;A;Normal value
2403040110IND01;03;2023;RS;REPUBLIC OF SERBIA;0_JP_JD_JL;Public enterprises;86850;RSD;RSD;SORS;Average net earnings;A;Normal value
2403040110IND01;03;2023;RS;REPUBLIC OF SERBIA;0_JS;Public sector;86680;RSD;RSD;SORS;Average net earnings;A;Normal value
2403040110IND01;03;2023;RS;REPUBLIC OF SERBIA;0_VJS;Non-public sector;81800;RSD;RSD;SORS;Average net earnings;A;Normal value
2403040110IND01;03;2023;RS;REPUBLIC OF SERBIA;1_JD;Public state enterprises;93621;RSD;RSD;SORS;Average net earnings;A;Normal value
2403040110IND01;03;2023;RS;REPUBLIC OF SERBIA;2_JL;Public local enterprises;77515;RSD;RSD;SORS;Average net earnings;A;Normal value
2403040110IND01;03;2023;RS;REPUBLIC OF SERBIA;3_4_5_BK;General government;86627;RSD;RSD;SORS;Average net earnings;A;Normal value
2403040110IND01;03;2023;RS;REPUBLIC OF SERBIA;3_ZS;Health and social work;86272;RSD;RSD;SORS;Average net earnings;A;Normal value
2403040110IND01;03;2023;RS;REPUBLIC OF SERBIA;4_OK;Education and culture;79129;RSD;RSD;SORS;Average net earnings;A;Normal value
2403040110IND01;03;2023;RS;REPUBLIC OF SERBIA;5_AD;Administration - all levels;93975;RSD;RSD;SORS;Average net earnings;A;Normal value
2403040110IND01;03;2023;RS;REPUBLIC OF SERBIA;5_AD2;Administration - government  level;98010;RSD;RSD;SORS;Average net earnings;A;Normal value
2403040110IND01;03;2023;RS;REPUBLIC OF SERBIA;5_AD3;Administration - autonomous  province level;106485;RSD;RSD;SORS;Average net earnings;A;Normal value
2403040110IND01;03;2023;RS;REPUBLIC OF SERBIA;5_AD4;Administration - local authorities’ level;73452;RSD;RSD;SORS;Average net earnings;A;Normal value
2403040110IND01;03;2024;RS;REPUBLIC OF SERBIA;0;Total;95625;RSD;RSD;SORS;Average net earnings;A;Normal value
2403040110IND01;03;2024;RS;REPUBLIC OF SERBIA;0_JP_JD_JL;Public enterprises;99804;RSD;RSD;SORS;Average net earnings;A;Normal value
2403040110IND01;03;2024;RS;REPUBLIC OF SERBIA;0_JS;Public sector;99707;RSD;RSD;SORS;Average net earnings;A;Normal value
2403040110IND01;03;2024;RS;REPUBLIC OF SERBIA;0_VJS;Non-public sector;93976;RSD;RSD;SORS;Average net earnings;A;Normal value
2403040110IND01;03;2024;RS;REPUBLIC OF SERBIA;1_JD;Public state enterprises;107528;RSD;RSD;SORS;Average net earnings;A;Normal value
2403040110IND01;03;2024;RS;REPUBLIC OF SERBIA;2_JL;Public local enterprises;89244;RSD;RSD;SORS;Average net earnings;A;Normal value
2403040110IND01;03;2024;RS;REPUBLIC OF SERBIA;3_4_5_BK;General government;99677;RSD;RSD;SORS;Average net earnings;A;Normal value
2403040110IND01;03;2024;RS;REPUBLIC OF SERBIA;3_ZS;Health and social work;98291;RSD;RSD;SORS;Average net earnings;A;Normal value
2403040110IND01;03;2024;RS;REPUBLIC OF SERBIA;4_OK;Education and culture;92910;RSD;RSD;SORS;Average net earnings;A;Normal value
2403040110IND01;03;2024;RS;REPUBLIC OF SERBIA;5_AD;Administration - all levels;107189;RSD;RSD;SORS;Average net earnings;A;Normal value
2403040110IND01;03;2024;RS;REPUBLIC OF SERBIA;5_AD2;Administration - government  level;112103;RSD;RSD;SORS;Average net earnings;A;Normal value
2403040110IND01;03;2024;RS;REPUBLIC OF SERBIA;5_AD3;Administration - autonomous  province level;107126;RSD;RSD;SORS;Average net earnings;A;Normal value
2403040110IND01;03;2024;RS;REPUBLIC OF SERBIA;5_AD4;Administration - local authorities’ level;82695;RSD;RSD;SORS;Average net earnings;A;Normal value
2403040110IND01;03;2025;RS;REPUBLIC OF SERBIA;0;Total;106337;RSD;RSD;SORS;Average net earnings;A;Normal value
2403040110IND01;03;2025;RS;REPUBLIC OF SERBIA;0_JP_JD_JL;Public enterprises;111763;RSD;RSD;SORS;Average net earnings;A;Normal value
2403040110IND01;03;2025;RS;REPUBLIC OF SERBIA;0_JS;Public sector;110052;RSD;RSD;SORS;Average net earnings;A;Normal value
2403040110IND01;03;2025;RS;REPUBLIC OF SERBIA;0_VJS;Non-public sector;104863;RSD;RSD;SORS;Average net earnings;A;Normal value
2403040110IND01;03;2025;RS;REPUBLIC OF SERBIA;1_JD;Public state enterprises;120362;RSD;RSD;SORS;Average net earnings;A;Normal value
2403040110IND01;03;2025;RS;REPUBLIC OF SERBIA;2_JL;Public local enterprises;100102;RSD;RSD;SORS;Average net earnings;A;Normal value
2403040110IND01;03;2025;RS;REPUBLIC OF SERBIA;3_4_5_BK;General government;109523;RSD;RSD;SORS;Average net earnings;A;Normal value
2403040110IND01;03;2025;RS;REPUBLIC OF SERBIA;3_ZS;Health and social work;107727;RSD;RSD;SORS;Average net earnings;A;Normal value
2403040110IND01;03;2025;RS;REPUBLIC OF SERBIA;4_OK;Education and culture;101230;RSD;RSD;SORS;Average net earnings;A;Normal value
2403040110IND01;03;2025;RS;REPUBLIC OF SERBIA;5_AD;Administration - all levels;118646;RSD;RSD;SORS;Average net earnings;A;Normal value
2403040110IND01;03;2025;RS;REPUBLIC OF SERBIA;5_AD2;Administration - government  level;124065;RSD;RSD;SORS;Average net earnings;A;Normal value
2403040110IND01;03;2025;RS;REPUBLIC OF SERBIA;5_AD3;Administration - autonomous  province level;116100;RSD;RSD;SORS;Average net earnings;A;Normal value
2403040110IND01;03;2025;RS;REPUBLIC OF SERBIA;5_AD4;Administration - local authorities’ level;91826;RSD;RSD;SORS;Average net earnings;A;Normal value
2403040110IND01;04;2018;RS;REPUBLIC OF SERBIA;0;Total;49095;RSD;RSD;SORS;Average net earnings;A;Normal value
2403040110IND01;04;2018;RS;REPUBLIC OF SERBIA;0_JP_JD_JL;Public enterprises;59423;RSD;RSD;SORS;Average net earnings;A;Normal value
2403040110IND01;04;2018;RS;REPUBLIC OF SERBIA;0_JS;Public sector;55371;RSD;RSD;SORS;Average net earnings;A;Normal value
2403040110IND01;04;2018;RS;REPUBLIC OF SERBIA;0_VJS;Non-public sector;45894;RSD;RSD;SORS;Average net earnings;A;Normal value
2403040110IND01;04;2018;RS;REPUBLIC OF SERBIA;1_JD;Public state enterprises;67304;RSD;RSD;SORS;Average net earnings;A;Normal value
2403040110IND01;04;2018;RS;REPUBLIC OF SERBIA;2_JL;Public local enterprises;47544;RSD;RSD;SORS;Average net earnings;A;Normal value
2403040110IND01;04;2018;RS;REPUBLIC OF SERBIA;3_4_5_BK;General government;54033;RSD;RSD;SORS;Average net earnings;A;Normal value
2403040110IND01;04;2018;RS;REPUBLIC OF SERBIA;3_ZS;Health and social work;50430;RSD;RSD;SORS;Average net earnings;A;Normal value
2403040110IND01;04;2018;RS;REPUBLIC OF SERBIA;4_OK;Education and culture;52241;RSD;RSD;SORS;Average net earnings;A;Normal value
2403040110IND01;04;2018;RS;REPUBLIC OF SERBIA;5_AD;Administration - all levels;58917;RSD;RSD;SORS;Average net earnings;A;Normal value
2403040110IND01;04;2018;RS;REPUBLIC OF SERBIA;5_AD2;Administration - government  level;61200;RSD;RSD;SORS;Average net earnings;A;Normal value
2403040110IND01;04;2018;RS;REPUBLIC OF SERBIA;5_AD3;Administration - autonomous  province level;61475;RSD;RSD;SORS;Average net earnings;A;Normal value
2403040110IND01;04;2018;RS;REPUBLIC OF SERBIA;5_AD4;Administration - local authorities’ level;47545;RSD;RSD;SORS;Average net earnings;A;Normal value
2403040110IND01;04;2019;RS;REPUBLIC OF SERBIA;0;Total;53967;RSD;RSD;SORS;Average net earnings;A;Normal value
2403040110IND01;04;2019;RS;REPUBLIC OF SERBIA;0_JP_JD_JL;Public enterprises;65115;RSD;RSD;SORS;Average net earnings;A;Normal value
2403040110IND01;04;2019;RS;REPUBLIC OF SERBIA;0_JS;Public sector;60686;RSD;RSD;SORS;Average net earnings;A;Normal value
2403040110IND01;04;2019;RS;REPUBLIC OF SERBIA;0_VJS;Non-public sector;50789;RSD;RSD;SORS;Average net earnings;A;Normal value
2403040110IND01;04;2019;RS;REPUBLIC OF SERBIA;1_JD;Public state enterprises;74502;RSD;RSD;SORS;Average net earnings;A;Normal value
2403040110IND01;04;2019;RS;REPUBLIC OF SERBIA;2_JL;Public local enterprises;52029;RSD;RSD;SORS;Average net earnings;A;Normal value
2403040110IND01;04;2019;RS;REPUBLIC OF SERBIA;3_4_5_BK;General government;59260;RSD;RSD;SORS;Average net earnings;A;Normal value
2403040110IND01;04;2019;RS;REPUBLIC OF SERBIA;3_ZS;Health and social work;55426;RSD;RSD;SORS;Average net earnings;A;Normal value
2403040110IND01;04;2019;RS;REPUBLIC OF SERBIA;4_OK;Education and culture;56868;RSD;RSD;SORS;Average net earnings;A;Normal value
2403040110IND01;04;2019;RS;REPUBLIC OF SERBIA;5_AD;Administration - all levels;64964;RSD;RSD;SORS;Average net earnings;A;Normal value
2403040110IND01;04;2019;RS;REPUBLIC OF SERBIA;5_AD2;Administration - government  level;67637;RSD;RSD;SORS;Average net earnings;A;Normal value
2403040110IND01;04;2019;RS;REPUBLIC OF SERBIA;5_AD3;Administration - autonomous  province level;70325;RSD;RSD;SORS;Average net earnings;A;Normal value
2403040110IND01;04;2019;RS;REPUBLIC OF SERBIA;5_AD4;Administration - local authorities’ level;51478;RSD;RSD;SORS;Average net earnings;A;Normal value
2403040110IND01;04;2020;RS;REPUBLIC OF SERBIA;0;Total;59173;RSD;RSD;SORS;Average net earnings;A;Normal value
2403040110IND01;04;2020;RS;REPUBLIC OF SERBIA;0_JP_JD_JL;Public enterprises;72201;RSD;RSD;SORS;Average net earnings;A;Normal value
2403040110IND01;04;2020;RS;REPUBLIC OF SERBIA;0_JS;Public sector;67222;RSD;RSD;SORS;Average net earnings;A;Normal value
2403040110IND01;04;2020;RS;REPUBLIC OF SERBIA;0_VJS;Non-public sector;55560;RSD;RSD;SORS;Average net earnings;A;Normal value
2403040110IND01;04;2020;RS;REPUBLIC OF SERBIA;1_JD;Public state enterprises;81476;RSD;RSD;SORS;Average net earnings;A;Normal value
2403040110IND01;04;2020;RS;REPUBLIC OF SERBIA;2_JL;Public local enterprises;59324;RSD;RSD;SORS;Average net earnings;A;Normal value
2403040110IND01;04;2020;RS;REPUBLIC OF SERBIA;3_4_5_BK;General government;65631;RSD;RSD;SORS;Average net earnings;A;Normal value
2403040110IND01;04;2020;RS;REPUBLIC OF SERBIA;3_ZS;Health and social work;63288;RSD;RSD;SORS;Average net earnings;A;Normal value
2403040110IND01;04;2020;RS;REPUBLIC OF SERBIA;4_OK;Education and culture;62218;RSD;RSD;SORS;Average net earnings;A;Normal value
2403040110IND01;04;2020;RS;REPUBLIC OF SERBIA;5_AD;Administration - all levels;70894;RSD;RSD;SORS;Average net earnings;A;Normal value
2403040110IND01;04;2020;RS;REPUBLIC OF SERBIA;5_AD2;Administration - government  level;73788;RSD;RSD;SORS;Average net earnings;A;Normal value
2403040110IND01;04;2020;RS;REPUBLIC OF SERBIA;5_AD3;Administration - autonomous  province level;79209;RSD;RSD;SORS;Average net earnings;A;Normal value
2403040110IND01;04;2020;RS;REPUBLIC OF SERBIA;5_AD4;Administration - local authorities’ level;56198;RSD;RSD;SORS;Average net earnings;A;Normal value
2403040110IND01;04;2021;RS;REPUBLIC OF SERBIA;0;Total;63912;RSD;RSD;SORS;Average net earnings;A;Normal value
2403040110IND01;04;2021;RS;REPUBLIC OF SERBIA;0_JP_JD_JL;Public enterprises;73749;RSD;RSD;SORS;Average net earnings;A;Normal value
2403040110IND01;04;2021;RS;REPUBLIC OF SERBIA;0_JS;Public sector;72143;RSD;RSD;SORS;Average net earnings;A;Normal value
2403040110IND01;04;2021;RS;REPUBLIC OF SERBIA;0_VJS;Non-public sector;60387;RSD;RSD;SORS;Average net earnings;A;Normal value
2403040110IND01;04;2021;RS;REPUBLIC OF SERBIA;1_JD;Public state enterprises;81896;RSD;RSD;SORS;Average net earnings;A;Normal value
2403040110IND01;04;2021;RS;REPUBLIC OF SERBIA;2_JL;Public local enterprises;62404;RSD;RSD;SORS;Average net earnings;A;Normal value
2403040110IND01;04;2021;RS;REPUBLIC OF SERBIA;3_4_5_BK;General government;71635;RSD;RSD;SORS;Average net earnings;A;Normal value
2403040110IND01;04;2021;RS;REPUBLIC OF SERBIA;3_ZS;Health and social work;74436;RSD;RSD;SORS;Average net earnings;A;Normal value
2403040110IND01;04;2021;RS;REPUBLIC OF SERBIA;4_OK;Education and culture;65434;RSD;RSD;SORS;Average net earnings;A;Normal value
2403040110IND01;04;2021;RS;REPUBLIC OF SERBIA;5_AD;Administration - all levels;74815;RSD;RSD;SORS;Average net earnings;A;Normal value
2403040110IND01;04;2021;RS;REPUBLIC OF SERBIA;5_AD2;Administration - government  level;77818;RSD;RSD;SORS;Average net earnings;A;Normal value
2403040110IND01;04;2021;RS;REPUBLIC OF SERBIA;5_AD3;Administration - autonomous  province level;82967;RSD;RSD;SORS;Average net earnings;A;Normal value
2403040110IND01;04;2021;RS;REPUBLIC OF SERBIA;5_AD4;Administration - local authorities’ level;59571;RSD;RSD;SORS;Average net earnings;A;Normal value
2403040110IND01;04;2022;RS;REPUBLIC OF SERBIA;0;Total;72305;RSD;RSD;SORS;Average net earnings;A;Normal value
2403040110IND01;04;2022;RS;REPUBLIC OF SERBIA;0_JP_JD_JL;Public enterprises;79342;RSD;RSD;SORS;Average net earnings;A;Normal value
2403040110IND01;04;2022;RS;REPUBLIC OF SERBIA;0_JS;Public sector;78113;RSD;RSD;SORS;Average net earnings;A;Normal value
2403040110IND01;04;2022;RS;REPUBLIC OF SERBIA;0_VJS;Non-public sector;69872;RSD;RSD;SORS;Average net earnings;A;Normal value
2403040110IND01;04;2022;RS;REPUBLIC OF SERBIA;1_JD;Public state enterprises;87774;RSD;RSD;SORS;Average net earnings;A;Normal value
2403040110IND01;04;2022;RS;REPUBLIC OF SERBIA;2_JL;Public local enterprises;67634;RSD;RSD;SORS;Average net earnings;A;Normal value
2403040110IND01;04;2022;RS;REPUBLIC OF SERBIA;3_4_5_BK;General government;77724;RSD;RSD;SORS;Average net earnings;A;Normal value
2403040110IND01;04;2022;RS;REPUBLIC OF SERBIA;3_ZS;Health and social work;79879;RSD;RSD;SORS;Average net earnings;A;Normal value
2403040110IND01;04;2022;RS;REPUBLIC OF SERBIA;4_OK;Education and culture;70318;RSD;RSD;SORS;Average net earnings;A;Normal value
2403040110IND01;04;2022;RS;REPUBLIC OF SERBIA;5_AD;Administration - all levels;82604;RSD;RSD;SORS;Average net earnings;A;Normal value
2403040110IND01;04;2022;RS;REPUBLIC OF SERBIA;5_AD2;Administration - government  level;86124;RSD;RSD;SORS;Average net earnings;A;Normal value
2403040110IND01;04;2022;RS;REPUBLIC OF SERBIA;5_AD3;Administration - autonomous  province level;89232;RSD;RSD;SORS;Average net earnings;A;Normal value
2403040110IND01;04;2022;RS;REPUBLIC OF SERBIA;5_AD4;Administration - local authorities’ level;65007;RSD;RSD;SORS;Average net earnings;A;Normal value
2403040110IND01;04;2023;RS;REPUBLIC OF SERBIA;0;Total;83360;RSD;RSD;SORS;Average net earnings;A;Normal value
2403040110IND01;04;2023;RS;REPUBLIC OF SERBIA;0_JP_JD_JL;Public enterprises;88306;RSD;RSD;SORS;Average net earnings;A;Normal value
2403040110IND01;04;2023;RS;REPUBLIC OF SERBIA;0_JS;Public sector;87106;RSD;RSD;SORS;Average net earnings;A;Normal value
2403040110IND01;04;2023;RS;REPUBLIC OF SERBIA;0_VJS;Non-public sector;81842;RSD;RSD;SORS;Average net earnings;A;Normal value
2403040110IND01;04;2023;RS;REPUBLIC OF SERBIA;1_JD;Public state enterprises;96352;RSD;RSD;SORS;Average net earnings;A;Normal value
2403040110IND01;04;2023;RS;REPUBLIC OF SERBIA;2_JL;Public local enterprises;77230;RSD;RSD;SORS;Average net earnings;A;Normal value
2403040110IND01;04;2023;RS;REPUBLIC OF SERBIA;3_4_5_BK;General government;86731;RSD;RSD;SORS;Average net earnings;A;Normal value
2403040110IND01;04;2023;RS;REPUBLIC OF SERBIA;3_ZS;Health and social work;86499;RSD;RSD;SORS;Average net earnings;A;Normal value
2403040110IND01;04;2023;RS;REPUBLIC OF SERBIA;4_OK;Education and culture;78905;RSD;RSD;SORS;Average net earnings;A;Normal value
2403040110IND01;04;2023;RS;REPUBLIC OF SERBIA;5_AD;Administration - all levels;94261;RSD;RSD;SORS;Average net earnings;A;Normal value
2403040110IND01;04;2023;RS;REPUBLIC OF SERBIA;5_AD2;Administration - government  level;98415;RSD;RSD;SORS;Average net earnings;A;Normal value
2403040110IND01;04;2023;RS;REPUBLIC OF SERBIA;5_AD3;Administration - autonomous  province level;104156;RSD;RSD;SORS;Average net earnings;A;Normal value
2403040110IND01;04;2023;RS;REPUBLIC OF SERBIA;5_AD4;Administration - local authorities’ level;73296;RSD;RSD;SORS;Average net earnings;A;Normal value
2403040110IND01;04;2024;RS;REPUBLIC OF SERBIA;0;Total;95873;RSD;RSD;SORS;Average net earnings;A;Normal value
2403040110IND01;04;2024;RS;REPUBLIC OF SERBIA;0_JP_JD_JL;Public enterprises;101770;RSD;RSD;SORS;Average net earnings;A;Normal value
2403040110IND01;04;2024;RS;REPUBLIC OF SERBIA;0_JS;Public sector;100039;RSD;RSD;SORS;Average net earnings;A;Normal value
2403040110IND01;04;2024;RS;REPUBLIC OF SERBIA;0_VJS;Non-public sector;94192;RSD;RSD;SORS;Average net earnings;A;Normal value
2403040110IND01;04;2024;RS;REPUBLIC OF SERBIA;1_JD;Public state enterprises;110999;RSD;RSD;SORS;Average net earnings;A;Normal value
2403040110IND01;04;2024;RS;REPUBLIC OF SERBIA;2_JL;Public local enterprises;89188;RSD;RSD;SORS;Average net earnings;A;Normal value
2403040110IND01;04;2024;RS;REPUBLIC OF SERBIA;3_4_5_BK;General government;99503;RSD;RSD;SORS;Average net earnings;A;Normal value
2403040110IND01;04;2024;RS;REPUBLIC OF SERBIA;3_ZS;Health and social work;97973;RSD;RSD;SORS;Average net earnings;A;Normal value
2403040110IND01;04;2024;RS;REPUBLIC OF SERBIA;4_OK;Education and culture;93070;RSD;RSD;SORS;Average net earnings;A;Normal value
2403040110IND01;04;2024;RS;REPUBLIC OF SERBIA;5_AD;Administration - all levels;106862;RSD;RSD;SORS;Average net earnings;A;Normal value
2403040110IND01;04;2024;RS;REPUBLIC OF SERBIA;5_AD2;Administration - government  level;111687;RSD;RSD;SORS;Average net earnings;A;Normal value
2403040110IND01;04;2024;RS;REPUBLIC OF SERBIA;5_AD3;Administration - autonomous  province level;106982;RSD;RSD;SORS;Average net earnings;A;Normal value
2403040110IND01;04;2024;RS;REPUBLIC OF SERBIA;5_AD4;Administration - local authorities’ level;82847;RSD;RSD;SORS;Average net earnings;A;Normal value
2403040110IND01;04;2025;RS;REPUBLIC OF SERBIA;0;Total;107073;RSD;RSD;SORS;Average net earnings;A;Normal value
2403040110IND01;04;2025;RS;REPUBLIC OF SERBIA;0_JP_JD_JL;Public enterprises;114724;RSD;RSD;SORS;Average net earnings;A;Normal value
2403040110IND01;04;2025;RS;REPUBLIC OF SERBIA;0_JS;Public sector;110966;RSD;RSD;SORS;Average net earnings;A;Normal value
2403040110IND01;04;2025;RS;REPUBLIC OF SERBIA;0_VJS;Non-public sector;105528;RSD;RSD;SORS;Average net earnings;A;Normal value
2403040110IND01;04;2025;RS;REPUBLIC OF SERBIA;1_JD;Public state enterprises;124819;RSD;RSD;SORS;Average net earnings;A;Normal value
2403040110IND01;04;2025;RS;REPUBLIC OF SERBIA;2_JL;Public local enterprises;101025;RSD;RSD;SORS;Average net earnings;A;Normal value
2403040110IND01;04;2025;RS;REPUBLIC OF SERBIA;3_4_5_BK;General government;109805;RSD;RSD;SORS;Average net earnings;A;Normal value
2403040110IND01;04;2025;RS;REPUBLIC OF SERBIA;3_ZS;Health and social work;108174;RSD;RSD;SORS;Average net earnings;A;Normal value
2403040110IND01;04;2025;RS;REPUBLIC OF SERBIA;4_OK;Education and culture;101050;RSD;RSD;SORS;Average net earnings;A;Normal value
2403040110IND01;04;2025;RS;REPUBLIC OF SERBIA;5_AD;Administration - all levels;119184;RSD;RSD;SORS;Average net earnings;A;Normal value
2403040110IND01;04;2025;RS;REPUBLIC OF SERBIA;5_AD2;Administration - government  level;124715;RSD;RSD;SORS;Average net earnings;A;Normal value
2403040110IND01;04;2025;RS;REPUBLIC OF SERBIA;5_AD3;Administration - autonomous  province level;116013;RSD;RSD;SORS;Average net earnings;A;Normal value
2403040110IND01;04;2025;RS;REPUBLIC OF SERBIA;5_AD4;Administration - local authorities’ level;91894;RSD;RSD;SORS;Average net earnings;A;Normal value
2403040110IND01;05;2018;RS;REPUBLIC OF SERBIA;0;Total;49355;RSD;RSD;SORS;Average net earnings;A;Normal value
2403040110IND01;05;2018;RS;REPUBLIC OF SERBIA;0_JP_JD_JL;Public enterprises;59764;RSD;RSD;SORS;Average net earnings;A;Normal value
2403040110IND01;05;2018;RS;REPUBLIC OF SERBIA;0_JS;Public sector;55551;RSD;RSD;SORS;Average net earnings;A;Normal value
2403040110IND01;05;2018;RS;REPUBLIC OF SERBIA;0_VJS;Non-public sector;46208;RSD;RSD;SORS;Average net earnings;A;Normal value
2403040110IND01;05;2018;RS;REPUBLIC OF SERBIA;1_JD;Public state enterprises;67745;RSD;RSD;SORS;Average net earnings;A;Normal value
2403040110IND01;05;2018;RS;REPUBLIC OF SERBIA;2_JL;Public local enterprises;47762;RSD;RSD;SORS;Average net earnings;A;Normal value
2403040110IND01;05;2018;RS;REPUBLIC OF SERBIA;3_4_5_BK;General government;54160;RSD;RSD;SORS;Average net earnings;A;Normal value
2403040110IND01;05;2018;RS;REPUBLIC OF SERBIA;3_ZS;Health and social work;50569;RSD;RSD;SORS;Average net earnings;A;Normal value
2403040110IND01;05;2018;RS;REPUBLIC OF SERBIA;4_OK;Education and culture;52403;RSD;RSD;SORS;Average net earnings;A;Normal value
2403040110IND01;05;2018;RS;REPUBLIC OF SERBIA;5_AD;Administration - all levels;59007;RSD;RSD;SORS;Average net earnings;A;Normal value
2403040110IND01;05;2018;RS;REPUBLIC OF SERBIA;5_AD2;Administration - government  level;61287;RSD;RSD;SORS;Average net earnings;A;Normal value
2403040110IND01;05;2018;RS;REPUBLIC OF SERBIA;5_AD3;Administration - autonomous  province level;61582;RSD;RSD;SORS;Average net earnings;A;Normal value
2403040110IND01;05;2018;RS;REPUBLIC OF SERBIA;5_AD4;Administration - local authorities’ level;47628;RSD;RSD;SORS;Average net earnings;A;Normal value
2403040110IND01;05;2019;RS;REPUBLIC OF SERBIA;0;Total;54252;RSD;RSD;SORS;Average net earnings;A;Normal value
2403040110IND01;05;2019;RS;REPUBLIC OF SERBIA;0_JP_JD_JL;Public enterprises;65406;RSD;RSD;SORS;Average net earnings;A;Normal value
2403040110IND01;05;2019;RS;REPUBLIC OF SERBIA;0_JS;Public sector;60839;RSD;RSD;SORS;Average net earnings;A;Normal value
2403040110IND01;05;2019;RS;REPUBLIC OF SERBIA;0_VJS;Non-public sector;51145;RSD;RSD;SORS;Average net earnings;A;Normal value
2403040110IND01;05;2019;RS;REPUBLIC OF SERBIA;1_JD;Public state enterprises;74858;RSD;RSD;SORS;Average net earnings;A;Normal value
2403040110IND01;05;2019;RS;REPUBLIC OF SERBIA;2_JL;Public local enterprises;52257;RSD;RSD;SORS;Average net earnings;A;Normal value
2403040110IND01;05;2019;RS;REPUBLIC OF SERBIA;3_4_5_BK;General government;59369;RSD;RSD;SORS;Average net earnings;A;Normal value
2403040110IND01;05;2019;RS;REPUBLIC OF SERBIA;3_ZS;Health and social work;55598;RSD;RSD;SORS;Average net earnings;A;Normal value
2403040110IND01;05;2019;RS;REPUBLIC OF SERBIA;4_OK;Education and culture;57138;RSD;RSD;SORS;Average net earnings;A;Normal value
2403040110IND01;05;2019;RS;REPUBLIC OF SERBIA;5_AD;Administration - all levels;64861;RSD;RSD;SORS;Average net earnings;A;Normal value
2403040110IND01;05;2019;RS;REPUBLIC OF SERBIA;5_AD2;Administration - government  level;67485;RSD;RSD;SORS;Average net earnings;A;Normal value
2403040110IND01;05;2019;RS;REPUBLIC OF SERBIA;5_AD3;Administration - autonomous  province level;70184;RSD;RSD;SORS;Average net earnings;A;Normal value
2403040110IND01;05;2019;RS;REPUBLIC OF SERBIA;5_AD4;Administration - local authorities’ level;51604;RSD;RSD;SORS;Average net earnings;A;Normal value
2403040110IND01;05;2020;RS;REPUBLIC OF SERBIA;0;Total;59116;RSD;RSD;SORS;Average net earnings;A;Normal value
2403040110IND01;05;2020;RS;REPUBLIC OF SERBIA;0_JP_JD_JL;Public enterprises;71789;RSD;RSD;SORS;Average net earnings;A;Normal value
2403040110IND01;05;2020;RS;REPUBLIC OF SERBIA;0_JS;Public sector;67285;RSD;RSD;SORS;Average net earnings;A;Normal value
2403040110IND01;05;2020;RS;REPUBLIC OF SERBIA;0_VJS;Non-public sector;55463;RSD;RSD;SORS;Average net earnings;A;Normal value
2403040110IND01;05;2020;RS;REPUBLIC OF SERBIA;1_JD;Public state enterprises;80753;RSD;RSD;SORS;Average net earnings;A;Normal value
2403040110IND01;05;2020;RS;REPUBLIC OF SERBIA;2_JL;Public local enterprises;59348;RSD;RSD;SORS;Average net earnings;A;Normal value
2403040110IND01;05;2020;RS;REPUBLIC OF SERBIA;3_4_5_BK;General government;65843;RSD;RSD;SORS;Average net earnings;A;Normal value
2403040110IND01;05;2020;RS;REPUBLIC OF SERBIA;3_ZS;Health and social work;63940;RSD;RSD;SORS;Average net earnings;A;Normal value
2403040110IND01;05;2020;RS;REPUBLIC OF SERBIA;4_OK;Education and culture;62280;RSD;RSD;SORS;Average net earnings;A;Normal value
2403040110IND01;05;2020;RS;REPUBLIC OF SERBIA;5_AD;Administration - all levels;70842;RSD;RSD;SORS;Average net earnings;A;Normal value
2403040110IND01;05;2020;RS;REPUBLIC OF SERBIA;5_AD2;Administration - government  level;73722;RSD;RSD;SORS;Average net earnings;A;Normal value
2403040110IND01;05;2020;RS;REPUBLIC OF SERBIA;5_AD3;Administration - autonomous  province level;78141;RSD;RSD;SORS;Average net earnings;A;Normal value
2403040110IND01;05;2020;RS;REPUBLIC OF SERBIA;5_AD4;Administration - local authorities’ level;56230;RSD;RSD;SORS;Average net earnings;A;Normal value
2403040110IND01;05;2021;RS;REPUBLIC OF SERBIA;0;Total;64137;RSD;RSD;SORS;Average net earnings;A;Normal value
2403040110IND01;05;2021;RS;REPUBLIC OF SERBIA;0_JP_JD_JL;Public enterprises;73787;RSD;RSD;SORS;Average net earnings;A;Normal value
2403040110IND01;05;2021;RS;REPUBLIC OF SERBIA;0_JS;Public sector;72371;RSD;RSD;SORS;Average net earnings;A;Normal value
2403040110IND01;05;2021;RS;REPUBLIC OF SERBIA;0_VJS;Non-public sector;60618;RSD;RSD;SORS;Average net earnings;A;Normal value
2403040110IND01;05;2021;RS;REPUBLIC OF SERBIA;1_JD;Public state enterprises;81919;RSD;RSD;SORS;Average net earnings;A;Normal value
2403040110IND01;05;2021;RS;REPUBLIC OF SERBIA;2_JL;Public local enterprises;62480;RSD;RSD;SORS;Average net earnings;A;Normal value
2403040110IND01;05;2021;RS;REPUBLIC OF SERBIA;3_4_5_BK;General government;71923;RSD;RSD;SORS;Average net earnings;A;Normal value
2403040110IND01;05;2021;RS;REPUBLIC OF SERBIA;3_ZS;Health and social work;74730;RSD;RSD;SORS;Average net earnings;A;Normal value
2403040110IND01;05;2021;RS;REPUBLIC OF SERBIA;4_OK;Education and culture;65568;RSD;RSD;SORS;Average net earnings;A;Normal value
2403040110IND01;05;2021;RS;REPUBLIC OF SERBIA;5_AD;Administration - all levels;75236;RSD;RSD;SORS;Average net earnings;A;Normal value
2403040110IND01;05;2021;RS;REPUBLIC OF SERBIA;5_AD2;Administration - government  level;78320;RSD;RSD;SORS;Average net earnings;A;Normal value
2403040110IND01;05;2021;RS;REPUBLIC OF SERBIA;5_AD3;Administration - autonomous  province level;82042;RSD;RSD;SORS;Average net earnings;A;Normal value
2403040110IND01;05;2021;RS;REPUBLIC OF SERBIA;5_AD4;Administration - local authorities’ level;59662;RSD;RSD;SORS;Average net earnings;A;Normal value
2403040110IND01;05;2022;RS;REPUBLIC OF SERBIA;0;Total;72680;RSD;RSD;SORS;Average net earnings;A;Normal value
2403040110IND01;05;2022;RS;REPUBLIC OF SERBIA;0_JP_JD_JL;Public enterprises;79553;RSD;RSD;SORS;Average net earnings;A;Normal value
2403040110IND01;05;2022;RS;REPUBLIC OF SERBIA;0_JS;Public sector;78225;RSD;RSD;SORS;Average net earnings;A;Normal value
2403040110IND01;05;2022;RS;REPUBLIC OF SERBIA;0_VJS;Non-public sector;70358;RSD;RSD;SORS;Average net earnings;A;Normal value
2403040110IND01;05;2022;RS;REPUBLIC OF SERBIA;1_JD;Public state enterprises;87959;RSD;RSD;SORS;Average net earnings;A;Normal value
2403040110IND01;05;2022;RS;REPUBLIC OF SERBIA;2_JL;Public local enterprises;67910;RSD;RSD;SORS;Average net earnings;A;Normal value
2403040110IND01;05;2022;RS;REPUBLIC OF SERBIA;3_4_5_BK;General government;77805;RSD;RSD;SORS;Average net earnings;A;Normal value
2403040110IND01;05;2022;RS;REPUBLIC OF SERBIA;3_ZS;Health and social work;79784;RSD;RSD;SORS;Average net earnings;A;Normal value
2403040110IND01;05;2022;RS;REPUBLIC OF SERBIA;4_OK;Education and culture;70584;RSD;RSD;SORS;Average net earnings;A;Normal value
2403040110IND01;05;2022;RS;REPUBLIC OF SERBIA;5_AD;Administration - all levels;82673;RSD;RSD;SORS;Average net earnings;A;Normal value
2403040110IND01;05;2022;RS;REPUBLIC OF SERBIA;5_AD2;Administration - government  level;86218;RSD;RSD;SORS;Average net earnings;A;Normal value
2403040110IND01;05;2022;RS;REPUBLIC OF SERBIA;5_AD3;Administration - autonomous  province level;88399;RSD;RSD;SORS;Average net earnings;A;Normal value
2403040110IND01;05;2022;RS;REPUBLIC OF SERBIA;5_AD4;Administration - local authorities’ level;65018;RSD;RSD;SORS;Average net earnings;A;Normal value
2403040110IND01;05;2023;RS;REPUBLIC OF SERBIA;0;Total;83935;RSD;RSD;SORS;Average net earnings;A;Normal value
2403040110IND01;05;2023;RS;REPUBLIC OF SERBIA;0_JP_JD_JL;Public enterprises;88967;RSD;RSD;SORS;Average net earnings;A;Normal value
2403040110IND01;05;2023;RS;REPUBLIC OF SERBIA;0_JS;Public sector;87414;RSD;RSD;SORS;Average net earnings;A;Normal value
2403040110IND01;05;2023;RS;REPUBLIC OF SERBIA;0_VJS;Non-public sector;82526;RSD;RSD;SORS;Average net earnings;A;Normal value
2403040110IND01;05;2023;RS;REPUBLIC OF SERBIA;1_JD;Public state enterprises;96961;RSD;RSD;SORS;Average net earnings;A;Normal value
2403040110IND01;05;2023;RS;REPUBLIC OF SERBIA;2_JL;Public local enterprises;77962;RSD;RSD;SORS;Average net earnings;A;Normal value
2403040110IND01;05;2023;RS;REPUBLIC OF SERBIA;3_4_5_BK;General government;86928;RSD;RSD;SORS;Average net earnings;A;Normal value
2403040110IND01;05;2023;RS;REPUBLIC OF SERBIA;3_ZS;Health and social work;86711;RSD;RSD;SORS;Average net earnings;A;Normal value
2403040110IND01;05;2023;RS;REPUBLIC OF SERBIA;4_OK;Education and culture;79308;RSD;RSD;SORS;Average net earnings;A;Normal value
2403040110IND01;05;2023;RS;REPUBLIC OF SERBIA;5_AD;Administration - all levels;94252;RSD;RSD;SORS;Average net earnings;A;Normal value
2403040110IND01;05;2023;RS;REPUBLIC OF SERBIA;5_AD2;Administration - government  level;98379;RSD;RSD;SORS;Average net earnings;A;Normal value
2403040110IND01;05;2023;RS;REPUBLIC OF SERBIA;5_AD3;Administration - autonomous  province level;102768;RSD;RSD;SORS;Average net earnings;A;Normal value
2403040110IND01;05;2023;RS;REPUBLIC OF SERBIA;5_AD4;Administration - local authorities’ level;73500;RSD;RSD;SORS;Average net earnings;A;Normal value
2403040110IND01;05;2024;RS;REPUBLIC OF SERBIA;0;Total;96735;RSD;RSD;SORS;Average net earnings;A;Normal value
2403040110IND01;05;2024;RS;REPUBLIC OF SERBIA;0_JP_JD_JL;Public enterprises;102791;RSD;RSD;SORS;Average net earnings;A;Normal value
2403040110IND01;05;2024;RS;REPUBLIC OF SERBIA;0_JS;Public sector;100759;RSD;RSD;SORS;Average net earnings;A;Normal value
2403040110IND01;05;2024;RS;REPUBLIC OF SERBIA;0_VJS;Non-public sector;95110;RSD;RSD;SORS;Average net earnings;A;Normal value
2403040110IND01;05;2024;RS;REPUBLIC OF SERBIA;1_JD;Public state enterprises;111685;RSD;RSD;SORS;Average net earnings;A;Normal value
2403040110IND01;05;2024;RS;REPUBLIC OF SERBIA;2_JL;Public local enterprises;90691;RSD;RSD;SORS;Average net earnings;A;Normal value
2403040110IND01;05;2024;RS;REPUBLIC OF SERBIA;3_4_5_BK;General government;100130;RSD;RSD;SORS;Average net earnings;A;Normal value
2403040110IND01;05;2024;RS;REPUBLIC OF SERBIA;3_ZS;Health and social work;98927;RSD;RSD;SORS;Average net earnings;A;Normal value
2403040110IND01;05;2024;RS;REPUBLIC OF SERBIA;4_OK;Education and culture;93376;RSD;RSD;SORS;Average net earnings;A;Normal value
2403040110IND01;05;2024;RS;REPUBLIC OF SERBIA;5_AD;Administration - all levels;107454;RSD;RSD;SORS;Average net earnings;A;Normal value
2403040110IND01;05;2024;RS;REPUBLIC OF SERBIA;5_AD2;Administration - government  level;112310;RSD;RSD;SORS;Average net earnings;A;Normal value
2403040110IND01;05;2024;RS;REPUBLIC OF SERBIA;5_AD3;Administration - autonomous  province level;107200;RSD;RSD;SORS;Average net earnings;A;Normal value
2403040110IND01;05;2024;RS;REPUBLIC OF SERBIA;5_AD4;Administration - local authorities’ level;83307;RSD;RSD;SORS;Average net earnings;A;Normal value
2403040110IND01;05;2025;RS;REPUBLIC OF SERBIA;0;Total;107199;RSD;RSD;SORS;Average net earnings;A;Normal value
2403040110IND01;05;2025;RS;REPUBLIC OF SERBIA;0_JP_JD_JL;Public enterprises;114590;RSD;RSD;SORS;Average net earnings;A;Normal value
2403040110IND01;05;2025;RS;REPUBLIC OF SERBIA;0_JS;Public sector;111005;RSD;RSD;SORS;Average net earnings;A;Normal value
2403040110IND01;05;2025;RS;REPUBLIC OF SERBIA;0_VJS;Non-public sector;105689;RSD;RSD;SORS;Average net earnings;A;Normal value
2403040110IND01;05;2025;RS;REPUBLIC OF SERBIA;1_JD;Public state enterprises;124234;RSD;RSD;SORS;Average net earnings;A;Normal value
2403040110IND01;05;2025;RS;REPUBLIC OF SERBIA;2_JL;Public local enterprises;101510;RSD;RSD;SORS;Average net earnings;A;Normal value
2403040110IND01;05;2025;RS;REPUBLIC OF SERBIA;3_4_5_BK;General government;109901;RSD;RSD;SORS;Average net earnings;A;Normal value
2403040110IND01;05;2025;RS;REPUBLIC OF SERBIA;3_ZS;Health and social work;108285;RSD;RSD;SORS;Average net earnings;A;Normal value
2403040110IND01;05;2025;RS;REPUBLIC OF SERBIA;4_OK;Education and culture;101224;RSD;RSD;SORS;Average net earnings;A;Normal value
2403040110IND01;05;2025;RS;REPUBLIC OF SERBIA;5_AD;Administration - all levels;119237;RSD;RSD;SORS;Average net earnings;A;Normal value
2403040110IND01;05;2025;RS;REPUBLIC OF SERBIA;5_AD2;Administration - government  level;124688;RSD;RSD;SORS;Average net earnings;A;Normal value
2403040110IND01;05;2025;RS;REPUBLIC OF SERBIA;5_AD3;Administration - autonomous  province level;115985;RSD;RSD;SORS;Average net earnings;A;Normal value
2403040110IND01;05;2025;RS;REPUBLIC OF SERBIA;5_AD4;Administration - local authorities’ level;92331;RSD;RSD;SORS;Average net earnings;A;Normal value
2403040110IND01;06;2018;RS;REPUBLIC OF SERBIA;0;Total;49333;RSD;RSD;SORS;Average net earnings;A;Normal value
2403040110IND01;06;2018;RS;REPUBLIC OF SERBIA;0_JP_JD_JL;Public enterprises;59398;RSD;RSD;SORS;Average net earnings;A;Normal value
2403040110IND01;06;2018;RS;REPUBLIC OF SERBIA;0_JS;Public sector;55383;RSD;RSD;SORS;Average net earnings;A;Normal value
2403040110IND01;06;2018;RS;REPUBLIC OF SERBIA;0_VJS;Non-public sector;46271;RSD;RSD;SORS;Average net earnings;A;Normal value
2403040110IND01;06;2018;RS;REPUBLIC OF SERBIA;1_JD;Public state enterprises;67291;RSD;RSD;SORS;Average net earnings;A;Normal value
2403040110IND01;06;2018;RS;REPUBLIC OF SERBIA;2_JL;Public local enterprises;47582;RSD;RSD;SORS;Average net earnings;A;Normal value
2403040110IND01;06;2018;RS;REPUBLIC OF SERBIA;3_4_5_BK;General government;54057;RSD;RSD;SORS;Average net earnings;A;Normal value
2403040110IND01;06;2018;RS;REPUBLIC OF SERBIA;3_ZS;Health and social work;50315;RSD;RSD;SORS;Average net earnings;A;Normal value
2403040110IND01;06;2018;RS;REPUBLIC OF SERBIA;4_OK;Education and culture;52431;RSD;RSD;SORS;Average net earnings;A;Normal value
2403040110IND01;06;2018;RS;REPUBLIC OF SERBIA;5_AD;Administration - all levels;58920;RSD;RSD;SORS;Average net earnings;A;Normal value
2403040110IND01;06;2018;RS;REPUBLIC OF SERBIA;5_AD2;Administration - government  level;61228;RSD;RSD;SORS;Average net earnings;A;Normal value
2403040110IND01;06;2018;RS;REPUBLIC OF SERBIA;5_AD3;Administration - autonomous  province level;61393;RSD;RSD;SORS;Average net earnings;A;Normal value
2403040110IND01;06;2018;RS;REPUBLIC OF SERBIA;5_AD4;Administration - local authorities’ level;47453;RSD;RSD;SORS;Average net earnings;A;Normal value
2403040110IND01;06;2019;RS;REPUBLIC OF SERBIA;0;Total;54148;RSD;RSD;SORS;Average net earnings;A;Normal value
2403040110IND01;06;2019;RS;REPUBLIC OF SERBIA;0_JP_JD_JL;Public enterprises;64824;RSD;RSD;SORS;Average net earnings;A;Normal value
2403040110IND01;06;2019;RS;REPUBLIC OF SERBIA;0_JS;Public sector;60597;RSD;RSD;SORS;Average net earnings;A;Normal value
2403040110IND01;06;2019;RS;REPUBLIC OF SERBIA;0_VJS;Non-public sector;51114;RSD;RSD;SORS;Average net earnings;A;Normal value
2403040110IND01;06;2019;RS;REPUBLIC OF SERBIA;1_JD;Public state enterprises;74079;RSD;RSD;SORS;Average net earnings;A;Normal value
2403040110IND01;06;2019;RS;REPUBLIC OF SERBIA;2_JL;Public local enterprises;51937;RSD;RSD;SORS;Average net earnings;A;Normal value
2403040110IND01;06;2019;RS;REPUBLIC OF SERBIA;3_4_5_BK;General government;59237;RSD;RSD;SORS;Average net earnings;A;Normal value
2403040110IND01;06;2019;RS;REPUBLIC OF SERBIA;3_ZS;Health and social work;55308;RSD;RSD;SORS;Average net earnings;A;Normal value
2403040110IND01;06;2019;RS;REPUBLIC OF SERBIA;4_OK;Education and culture;57152;RSD;RSD;SORS;Average net earnings;A;Normal value
2403040110IND01;06;2019;RS;REPUBLIC OF SERBIA;5_AD;Administration - all levels;64739;RSD;RSD;SORS;Average net earnings;A;Normal value
2403040110IND01;06;2019;RS;REPUBLIC OF SERBIA;5_AD2;Administration - government  level;67398;RSD;RSD;SORS;Average net earnings;A;Normal value
2403040110IND01;06;2019;RS;REPUBLIC OF SERBIA;5_AD3;Administration - autonomous  province level;69191;RSD;RSD;SORS;Average net earnings;A;Normal value
2403040110IND01;06;2019;RS;REPUBLIC OF SERBIA;5_AD4;Administration - local authorities’ level;51388;RSD;RSD;SORS;Average net earnings;A;Normal value
2403040110IND01;06;2020;RS;REPUBLIC OF SERBIA;0;Total;59222;RSD;RSD;SORS;Average net earnings;A;Normal value
2403040110IND01;06;2020;RS;REPUBLIC OF SERBIA;0_JP_JD_JL;Public enterprises;71537;RSD;RSD;SORS;Average net earnings;A;Normal value
2403040110IND01;06;2020;RS;REPUBLIC OF SERBIA;0_JS;Public sector;67302;RSD;RSD;SORS;Average net earnings;A;Normal value
2403040110IND01;06;2020;RS;REPUBLIC OF SERBIA;0_VJS;Non-public sector;55618;RSD;RSD;SORS;Average net earnings;A;Normal value
2403040110IND01;06;2020;RS;REPUBLIC OF SERBIA;1_JD;Public state enterprises;80387;RSD;RSD;SORS;Average net earnings;A;Normal value
2403040110IND01;06;2020;RS;REPUBLIC OF SERBIA;2_JL;Public local enterprises;59281;RSD;RSD;SORS;Average net earnings;A;Normal value
2403040110IND01;06;2020;RS;REPUBLIC OF SERBIA;3_4_5_BK;General government;65944;RSD;RSD;SORS;Average net earnings;A;Normal value
2403040110IND01;06;2020;RS;REPUBLIC OF SERBIA;3_ZS;Health and social work;64097;RSD;RSD;SORS;Average net earnings;A;Normal value
2403040110IND01;06;2020;RS;REPUBLIC OF SERBIA;4_OK;Education and culture;62429;RSD;RSD;SORS;Average net earnings;A;Normal value
2403040110IND01;06;2020;RS;REPUBLIC OF SERBIA;5_AD;Administration - all levels;70848;RSD;RSD;SORS;Average net earnings;A;Normal value
2403040110IND01;06;2020;RS;REPUBLIC OF SERBIA;5_AD2;Administration - government  level;73728;RSD;RSD;SORS;Average net earnings;A;Normal value
2403040110IND01;06;2020;RS;REPUBLIC OF SERBIA;5_AD3;Administration - autonomous  province level;77509;RSD;RSD;SORS;Average net earnings;A;Normal value
2403040110IND01;06;2020;RS;REPUBLIC OF SERBIA;5_AD4;Administration - local authorities’ level;56264;RSD;RSD;SORS;Average net earnings;A;Normal value
2403040110IND01;06;2021;RS;REPUBLIC OF SERBIA;0;Total;64294;RSD;RSD;SORS;Average net earnings;A;Normal value
2403040110IND01;06;2021;RS;REPUBLIC OF SERBIA;0_JP_JD_JL;Public enterprises;73797;RSD;RSD;SORS;Average net earnings;A;Normal value
2403040110IND01;06;2021;RS;REPUBLIC OF SERBIA;0_JS;Public sector;72344;RSD;RSD;SORS;Average net earnings;A;Normal value
2403040110IND01;06;2021;RS;REPUBLIC OF SERBIA;0_VJS;Non-public sector;60861;RSD;RSD;SORS;Average net earnings;A;Normal value
2403040110IND01;06;2021;RS;REPUBLIC OF SERBIA;1_JD;Public state enterprises;81869;RSD;RSD;SORS;Average net earnings;A;Normal value
2403040110IND01;06;2021;RS;REPUBLIC OF SERBIA;2_JL;Public local enterprises;62558;RSD;RSD;SORS;Average net earnings;A;Normal value
2403040110IND01;06;2021;RS;REPUBLIC OF SERBIA;3_4_5_BK;General government;71883;RSD;RSD;SORS;Average net earnings;A;Normal value
2403040110IND01;06;2021;RS;REPUBLIC OF SERBIA;3_ZS;Health and social work;74249;RSD;RSD;SORS;Average net earnings;A;Normal value
2403040110IND01;06;2021;RS;REPUBLIC OF SERBIA;4_OK;Education and culture;65769;RSD;RSD;SORS;Average net earnings;A;Normal value
2403040110IND01;06;2021;RS;REPUBLIC OF SERBIA;5_AD;Administration - all levels;75380;RSD;RSD;SORS;Average net earnings;A;Normal value
2403040110IND01;06;2021;RS;REPUBLIC OF SERBIA;5_AD2;Administration - government  level;78493;RSD;RSD;SORS;Average net earnings;A;Normal value
2403040110IND01;06;2021;RS;REPUBLIC OF SERBIA;5_AD3;Administration - autonomous  province level;81525;RSD;RSD;SORS;Average net earnings;A;Normal value
2403040110IND01;06;2021;RS;REPUBLIC OF SERBIA;5_AD4;Administration - local authorities’ level;59712;RSD;RSD;SORS;Average net earnings;A;Normal value
2403040110IND01;06;2022;RS;REPUBLIC OF SERBIA;0;Total;72952;RSD;RSD;SORS;Average net earnings;A;Normal value
2403040110IND01;06;2022;RS;REPUBLIC OF SERBIA;0_JP_JD_JL;Public enterprises;79446;RSD;RSD;SORS;Average net earnings;A;Normal value
2403040110IND01;06;2022;RS;REPUBLIC OF SERBIA;0_JS;Public sector;78052;RSD;RSD;SORS;Average net earnings;A;Normal value
2403040110IND01;06;2022;RS;REPUBLIC OF SERBIA;0_VJS;Non-public sector;70818;RSD;RSD;SORS;Average net earnings;A;Normal value
2403040110IND01;06;2022;RS;REPUBLIC OF SERBIA;1_JD;Public state enterprises;87794;RSD;RSD;SORS;Average net earnings;A;Normal value
2403040110IND01;06;2022;RS;REPUBLIC OF SERBIA;2_JL;Public local enterprises;67905;RSD;RSD;SORS;Average net earnings;A;Normal value
2403040110IND01;06;2022;RS;REPUBLIC OF SERBIA;3_4_5_BK;General government;77611;RSD;RSD;SORS;Average net earnings;A;Normal value
2403040110IND01;06;2022;RS;REPUBLIC OF SERBIA;3_ZS;Health and social work;79181;RSD;RSD;SORS;Average net earnings;A;Normal value
2403040110IND01;06;2022;RS;REPUBLIC OF SERBIA;4_OK;Education and culture;70747;RSD;RSD;SORS;Average net earnings;A;Normal value
2403040110IND01;06;2022;RS;REPUBLIC OF SERBIA;5_AD;Administration - all levels;82527;RSD;RSD;SORS;Average net earnings;A;Normal value
2403040110IND01;06;2022;RS;REPUBLIC OF SERBIA;5_AD2;Administration - government  level;86080;RSD;RSD;SORS;Average net earnings;A;Normal value
2403040110IND01;06;2022;RS;REPUBLIC OF SERBIA;5_AD3;Administration - autonomous  province level;87724;RSD;RSD;SORS;Average net earnings;A;Normal value
2403040110IND01;06;2022;RS;REPUBLIC OF SERBIA;5_AD4;Administration - local authorities’ level;64893;RSD;RSD;SORS;Average net earnings;A;Normal value
2403040110IND01;06;2023;RS;REPUBLIC OF SERBIA;0;Total;84204;RSD;RSD;SORS;Average net earnings;A;Normal value
2403040110IND01;06;2023;RS;REPUBLIC OF SERBIA;0_JP_JD_JL;Public enterprises;88971;RSD;RSD;SORS;Average net earnings;A;Normal value
2403040110IND01;06;2023;RS;REPUBLIC OF SERBIA;0_JS;Public sector;87355;RSD;RSD;SORS;Average net earnings;A;Normal value
2403040110IND01;06;2023;RS;REPUBLIC OF SERBIA;0_VJS;Non-public sector;82928;RSD;RSD;SORS;Average net earnings;A;Normal value
2403040110IND01;06;2023;RS;REPUBLIC OF SERBIA;1_JD;Public state enterprises;97000;RSD;RSD;SORS;Average net earnings;A;Normal value
2403040110IND01;06;2023;RS;REPUBLIC OF SERBIA;2_JL;Public local enterprises;77938;RSD;RSD;SORS;Average net earnings;A;Normal value
2403040110IND01;06;2023;RS;REPUBLIC OF SERBIA;3_4_5_BK;General government;86850;RSD;RSD;SORS;Average net earnings;A;Normal value
2403040110IND01;06;2023;RS;REPUBLIC OF SERBIA;3_ZS;Health and social work;86434;RSD;RSD;SORS;Average net earnings;A;Normal value
2403040110IND01;06;2023;RS;REPUBLIC OF SERBIA;4_OK;Education and culture;79455;RSD;RSD;SORS;Average net earnings;A;Normal value
2403040110IND01;06;2023;RS;REPUBLIC OF SERBIA;5_AD;Administration - all levels;94144;RSD;RSD;SORS;Average net earnings;A;Normal value
2403040110IND01;06;2023;RS;REPUBLIC OF SERBIA;5_AD2;Administration - government  level;98265;RSD;RSD;SORS;Average net earnings;A;Normal value
2403040110IND01;06;2023;RS;REPUBLIC OF SERBIA;5_AD3;Administration - autonomous  province level;102914;RSD;RSD;SORS;Average net earnings;A;Normal value
2403040110IND01;06;2023;RS;REPUBLIC OF SERBIA;5_AD4;Administration - local authorities’ level;73443;RSD;RSD;SORS;Average net earnings;A;Normal value
2403040110IND01;06;2024;RS;REPUBLIC OF SERBIA;0;Total;96579;RSD;RSD;SORS;Average net earnings;A;Normal value
2403040110IND01;06;2024;RS;REPUBLIC OF SERBIA;0_JP_JD_JL;Public enterprises;101656;RSD;RSD;SORS;Average net earnings;A;Normal value
2403040110IND01;06;2024;RS;REPUBLIC OF SERBIA;0_JS;Public sector;100291;RSD;RSD;SORS;Average net earnings;A;Normal value
2403040110IND01;06;2024;RS;REPUBLIC OF SERBIA;0_VJS;Non-public sector;95081;RSD;RSD;SORS;Average net earnings;A;Normal value
2403040110IND01;06;2024;RS;REPUBLIC OF SERBIA;1_JD;Public state enterprises;110386;RSD;RSD;SORS;Average net earnings;A;Normal value
2403040110IND01;06;2024;RS;REPUBLIC OF SERBIA;2_JL;Public local enterprises;89793;RSD;RSD;SORS;Average net earnings;A;Normal value
2403040110IND01;06;2024;RS;REPUBLIC OF SERBIA;3_4_5_BK;General government;99868;RSD;RSD;SORS;Average net earnings;A;Normal value
2403040110IND01;06;2024;RS;REPUBLIC OF SERBIA;3_ZS;Health and social work;98414;RSD;RSD;SORS;Average net earnings;A;Normal value
2403040110IND01;06;2024;RS;REPUBLIC OF SERBIA;4_OK;Education and culture;93348;RSD;RSD;SORS;Average net earnings;A;Normal value
2403040110IND01;06;2024;RS;REPUBLIC OF SERBIA;5_AD;Administration - all levels;107236;RSD;RSD;SORS;Average net earnings;A;Normal value
2403040110IND01;06;2024;RS;REPUBLIC OF SERBIA;5_AD2;Administration - government  level;112142;RSD;RSD;SORS;Average net earnings;A;Normal value
2403040110IND01;06;2024;RS;REPUBLIC OF SERBIA;5_AD3;Administration - autonomous  province level;107207;RSD;RSD;SORS;Average net earnings;A;Normal value
2403040110IND01;06;2024;RS;REPUBLIC OF SERBIA;5_AD4;Administration - local authorities’ level;82841;RSD;RSD;SORS;Average net earnings;A;Normal value
2403040110IND01;06;2025;RS;REPUBLIC OF SERBIA;0;Total;107179;RSD;RSD;SORS;Average net earnings;A;Normal value
2403040110IND01;06;2025;RS;REPUBLIC OF SERBIA;0_JP_JD_JL;Public enterprises;113943;RSD;RSD;SORS;Average net earnings;A;Normal value
2403040110IND01;06;2025;RS;REPUBLIC OF SERBIA;0_JS;Public sector;110906;RSD;RSD;SORS;Average net earnings;A;Normal value
2403040110IND01;06;2025;RS;REPUBLIC OF SERBIA;0_VJS;Non-public sector;105698;RSD;RSD;SORS;Average net earnings;A;Normal value
2403040110IND01;06;2025;RS;REPUBLIC OF SERBIA;1_JD;Public state enterprises;123329;RSD;RSD;SORS;Average net earnings;A;Normal value
2403040110IND01;06;2025;RS;REPUBLIC OF SERBIA;2_JL;Public local enterprises;101228;RSD;RSD;SORS;Average net earnings;A;Normal value
2403040110IND01;06;2025;RS;REPUBLIC OF SERBIA;3_4_5_BK;General government;109973;RSD;RSD;SORS;Average net earnings;A;Normal value
2403040110IND01;06;2025;RS;REPUBLIC OF SERBIA;3_ZS;Health and social work;107871;RSD;RSD;SORS;Average net earnings;A;Normal value
2403040110IND01;06;2025;RS;REPUBLIC OF SERBIA;4_OK;Education and culture;101991;RSD;RSD;SORS;Average net earnings;A;Normal value
2403040110IND01;06;2025;RS;REPUBLIC OF SERBIA;5_AD;Administration - all levels;119219;RSD;RSD;SORS;Average net earnings;A;Normal value
2403040110IND01;06;2025;RS;REPUBLIC OF SERBIA;5_AD2;Administration - government  level;124692;RSD;RSD;SORS;Average net earnings;A;Normal value
2403040110IND01;06;2025;RS;REPUBLIC OF SERBIA;5_AD3;Administration - autonomous  province level;115518;RSD;RSD;SORS;Average net earnings;A;Normal value
2403040110IND01;06;2025;RS;REPUBLIC OF SERBIA;5_AD4;Administration - local authorities’ level;92303;RSD;RSD;SORS;Average net earnings;A;Normal value
2403040110IND01;07;2018;RS;REPUBLIC OF SERBIA;0;Total;49314;RSD;RSD;SORS;Average net earnings;A;Normal value
2403040110IND01;07;2018;RS;REPUBLIC OF SERBIA;0_JP_JD_JL;Public enterprises;59327;RSD;RSD;SORS;Average net earnings;A;Normal value
2403040110IND01;07;2018;RS;REPUBLIC OF SERBIA;0_JS;Public sector;55312;RSD;RSD;SORS;Average net earnings;A;Normal value
2403040110IND01;07;2018;RS;REPUBLIC OF SERBIA;0_VJS;Non-public sector;46290;RSD;RSD;SORS;Average net earnings;A;Normal value
2403040110IND01;07;2018;RS;REPUBLIC OF SERBIA;1_JD;Public state enterprises;67234;RSD;RSD;SORS;Average net earnings;A;Normal value
2403040110IND01;07;2018;RS;REPUBLIC OF SERBIA;2_JL;Public local enterprises;47531;RSD;RSD;SORS;Average net earnings;A;Normal value
2403040110IND01;07;2018;RS;REPUBLIC OF SERBIA;3_4_5_BK;General government;53984;RSD;RSD;SORS;Average net earnings;A;Normal value
2403040110IND01;07;2018;RS;REPUBLIC OF SERBIA;3_ZS;Health and social work;50253;RSD;RSD;SORS;Average net earnings;A;Normal value
2403040110IND01;07;2018;RS;REPUBLIC OF SERBIA;4_OK;Education and culture;52398;RSD;RSD;SORS;Average net earnings;A;Normal value
2403040110IND01;07;2018;RS;REPUBLIC OF SERBIA;5_AD;Administration - all levels;58801;RSD;RSD;SORS;Average net earnings;A;Normal value
2403040110IND01;07;2018;RS;REPUBLIC OF SERBIA;5_AD2;Administration - government  level;61113;RSD;RSD;SORS;Average net earnings;A;Normal value
2403040110IND01;07;2018;RS;REPUBLIC OF SERBIA;5_AD3;Administration - autonomous  province level;61393;RSD;RSD;SORS;Average net earnings;A;Normal value
2403040110IND01;07;2018;RS;REPUBLIC OF SERBIA;5_AD4;Administration - local authorities’ level;47355;RSD;RSD;SORS;Average net earnings;A;Normal value
2403040110IND01;07;2019;RS;REPUBLIC OF SERBIA;0;Total;54278;RSD;RSD;SORS;Average net earnings;A;Normal value
2403040110IND01;07;2019;RS;REPUBLIC OF SERBIA;0_JP_JD_JL;Public enterprises;65388;RSD;RSD;SORS;Average net earnings;A;Normal value
2403040110IND01;07;2019;RS;REPUBLIC OF SERBIA;0_JS;Public sector;60736;RSD;RSD;SORS;Average net earnings;A;Normal value
2403040110IND01;07;2019;RS;REPUBLIC OF SERBIA;0_VJS;Non-public sector;51248;RSD;RSD;SORS;Average net earnings;A;Normal value
2403040110IND01;07;2019;RS;REPUBLIC OF SERBIA;1_JD;Public state enterprises;75051;RSD;RSD;SORS;Average net earnings;A;Normal value
2403040110IND01;07;2019;RS;REPUBLIC OF SERBIA;2_JL;Public local enterprises;51976;RSD;RSD;SORS;Average net earnings;A;Normal value
2403040110IND01;07;2019;RS;REPUBLIC OF SERBIA;3_4_5_BK;General government;59237;RSD;RSD;SORS;Average net earnings;A;Normal value
2403040110IND01;07;2019;RS;REPUBLIC OF SERBIA;3_ZS;Health and social work;55317;RSD;RSD;SORS;Average net earnings;A;Normal value
2403040110IND01;07;2019;RS;REPUBLIC OF SERBIA;4_OK;Education and culture;57301;RSD;RSD;SORS;Average net earnings;A;Normal value
2403040110IND01;07;2019;RS;REPUBLIC OF SERBIA;5_AD;Administration - all levels;64589;RSD;RSD;SORS;Average net earnings;A;Normal value
2403040110IND01;07;2019;RS;REPUBLIC OF SERBIA;5_AD2;Administration - government  level;67218;RSD;RSD;SORS;Average net earnings;A;Normal value
2403040110IND01;07;2019;RS;REPUBLIC OF SERBIA;5_AD3;Administration - autonomous  province level;68974;RSD;RSD;SORS;Average net earnings;A;Normal value
2403040110IND01;07;2019;RS;REPUBLIC OF SERBIA;5_AD4;Administration - local authorities’ level;51422;RSD;RSD;SORS;Average net earnings;A;Normal value
2403040110IND01;07;2020;RS;REPUBLIC OF SERBIA;0;Total;59339;RSD;RSD;SORS;Average net earnings;A;Normal value
2403040110IND01;07;2020;RS;REPUBLIC OF SERBIA;0_JP_JD_JL;Public enterprises;71610;RSD;RSD;SORS;Average net earnings;A;Normal value
2403040110IND01;07;2020;RS;REPUBLIC OF SERBIA;0_JS;Public sector;67422;RSD;RSD;SORS;Average net earnings;A;Normal value
2403040110IND01;07;2020;RS;REPUBLIC OF SERBIA;0_VJS;Non-public sector;55747;RSD;RSD;SORS;Average net earnings;A;Normal value
2403040110IND01;07;2020;RS;REPUBLIC OF SERBIA;1_JD;Public state enterprises;80491;RSD;RSD;SORS;Average net earnings;A;Normal value
2403040110IND01;07;2020;RS;REPUBLIC OF SERBIA;2_JL;Public local enterprises;59337;RSD;RSD;SORS;Average net earnings;A;Normal value
2403040110IND01;07;2020;RS;REPUBLIC OF SERBIA;3_4_5_BK;General government;66079;RSD;RSD;SORS;Average net earnings;A;Normal value
2403040110IND01;07;2020;RS;REPUBLIC OF SERBIA;3_ZS;Health and social work;64424;RSD;RSD;SORS;Average net earnings;A;Normal value
2403040110IND01;07;2020;RS;REPUBLIC OF SERBIA;4_OK;Education and culture;62659;RSD;RSD;SORS;Average net earnings;A;Normal value
2403040110IND01;07;2020;RS;REPUBLIC OF SERBIA;5_AD;Administration - all levels;70718;RSD;RSD;SORS;Average net earnings;A;Normal value
2403040110IND01;07;2020;RS;REPUBLIC OF SERBIA;5_AD2;Administration - government  level;73579;RSD;RSD;SORS;Average net earnings;A;Normal value
2403040110IND01;07;2020;RS;REPUBLIC OF SERBIA;5_AD3;Administration - autonomous  province level;77175;RSD;RSD;SORS;Average net earnings;A;Normal value
2403040110IND01;07;2020;RS;REPUBLIC OF SERBIA;5_AD4;Administration - local authorities’ level;56253;RSD;RSD;SORS;Average net earnings;A;Normal value
2403040110IND01;07;2021;RS;REPUBLIC OF SERBIA;0;Total;64358;RSD;RSD;SORS;Average net earnings;A;Normal value
2403040110IND01;07;2021;RS;REPUBLIC OF SERBIA;0_JP_JD_JL;Public enterprises;73875;RSD;RSD;SORS;Average net earnings;A;Normal value
2403040110IND01;07;2021;RS;REPUBLIC OF SERBIA;0_JS;Public sector;72333;RSD;RSD;SORS;Average net earnings;A;Normal value
2403040110IND01;07;2021;RS;REPUBLIC OF SERBIA;0_VJS;Non-public sector;60965;RSD;RSD;SORS;Average net earnings;A;Normal value
2403040110IND01;07;2021;RS;REPUBLIC OF SERBIA;1_JD;Public state enterprises;82003;RSD;RSD;SORS;Average net earnings;A;Normal value
2403040110IND01;07;2021;RS;REPUBLIC OF SERBIA;2_JL;Public local enterprises;62553;RSD;RSD;SORS;Average net earnings;A;Normal value
2403040110IND01;07;2021;RS;REPUBLIC OF SERBIA;3_4_5_BK;General government;71843;RSD;RSD;SORS;Average net earnings;A;Normal value
2403040110IND01;07;2021;RS;REPUBLIC OF SERBIA;3_ZS;Health and social work;74068;RSD;RSD;SORS;Average net earnings;A;Normal value
2403040110IND01;07;2021;RS;REPUBLIC OF SERBIA;4_OK;Education and culture;65805;RSD;RSD;SORS;Average net earnings;A;Normal value
2403040110IND01;07;2021;RS;REPUBLIC OF SERBIA;5_AD;Administration - all levels;75387;RSD;RSD;SORS;Average net earnings;A;Normal value
2403040110IND01;07;2021;RS;REPUBLIC OF SERBIA;5_AD2;Administration - government  level;78506;RSD;RSD;SORS;Average net earnings;A;Normal value
2403040110IND01;07;2021;RS;REPUBLIC OF SERBIA;5_AD3;Administration - autonomous  province level;81115;RSD;RSD;SORS;Average net earnings;A;Normal value
2403040110IND01;07;2021;RS;REPUBLIC OF SERBIA;5_AD4;Administration - local authorities’ level;59743;RSD;RSD;SORS;Average net earnings;A;Normal value
2403040110IND01;07;2022;RS;REPUBLIC OF SERBIA;0;Total;72975;RSD;RSD;SORS;Average net earnings;A;Normal value
2403040110IND01;07;2022;RS;REPUBLIC OF SERBIA;0_JP_JD_JL;Public enterprises;79244;RSD;RSD;SORS;Average net earnings;A;Normal value
2403040110IND01;07;2022;RS;REPUBLIC OF SERBIA;0_JS;Public sector;77777;RSD;RSD;SORS;Average net earnings;A;Normal value
2403040110IND01;07;2022;RS;REPUBLIC OF SERBIA;0_VJS;Non-public sector;70969;RSD;RSD;SORS;Average net earnings;A;Normal value
2403040110IND01;07;2022;RS;REPUBLIC OF SERBIA;1_JD;Public state enterprises;87595;RSD;RSD;SORS;Average net earnings;A;Normal value
2403040110IND01;07;2022;RS;REPUBLIC OF SERBIA;2_JL;Public local enterprises;67722;RSD;RSD;SORS;Average net earnings;A;Normal value
2403040110IND01;07;2022;RS;REPUBLIC OF SERBIA;3_4_5_BK;General government;77311;RSD;RSD;SORS;Average net earnings;A;Normal value
2403040110IND01;07;2022;RS;REPUBLIC OF SERBIA;3_ZS;Health and social work;78730;RSD;RSD;SORS;Average net earnings;A;Normal value
2403040110IND01;07;2022;RS;REPUBLIC OF SERBIA;4_OK;Education and culture;70468;RSD;RSD;SORS;Average net earnings;A;Normal value
2403040110IND01;07;2022;RS;REPUBLIC OF SERBIA;5_AD;Administration - all levels;82336;RSD;RSD;SORS;Average net earnings;A;Normal value
2403040110IND01;07;2022;RS;REPUBLIC OF SERBIA;5_AD2;Administration - government  level;85882;RSD;RSD;SORS;Average net earnings;A;Normal value
2403040110IND01;07;2022;RS;REPUBLIC OF SERBIA;5_AD3;Administration - autonomous  province level;87179;RSD;RSD;SORS;Average net earnings;A;Normal value
2403040110IND01;07;2022;RS;REPUBLIC OF SERBIA;5_AD4;Administration - local authorities’ level;64781;RSD;RSD;SORS;Average net earnings;A;Normal value
2403040110IND01;07;2023;RS;REPUBLIC OF SERBIA;0;Total;84143;RSD;RSD;SORS;Average net earnings;A;Normal value
2403040110IND01;07;2023;RS;REPUBLIC OF SERBIA;0_JP_JD_JL;Public enterprises;88866;RSD;RSD;SORS;Average net earnings;A;Normal value
2403040110IND01;07;2023;RS;REPUBLIC OF SERBIA;0_JS;Public sector;87123;RSD;RSD;SORS;Average net earnings;A;Normal value
2403040110IND01;07;2023;RS;REPUBLIC OF SERBIA;0_VJS;Non-public sector;82938;RSD;RSD;SORS;Average net earnings;A;Normal value
2403040110IND01;07;2023;RS;REPUBLIC OF SERBIA;1_JD;Public state enterprises;96972;RSD;RSD;SORS;Average net earnings;A;Normal value
2403040110IND01;07;2023;RS;REPUBLIC OF SERBIA;2_JL;Public local enterprises;77752;RSD;RSD;SORS;Average net earnings;A;Normal value
2403040110IND01;07;2023;RS;REPUBLIC OF SERBIA;3_4_5_BK;General government;86577;RSD;RSD;SORS;Average net earnings;A;Normal value
2403040110IND01;07;2023;RS;REPUBLIC OF SERBIA;3_ZS;Health and social work;86154;RSD;RSD;SORS;Average net earnings;A;Normal value
2403040110IND01;07;2023;RS;REPUBLIC OF SERBIA;4_OK;Education and culture;79026;RSD;RSD;SORS;Average net earnings;A;Normal value
2403040110IND01;07;2023;RS;REPUBLIC OF SERBIA;5_AD;Administration - all levels;94010;RSD;RSD;SORS;Average net earnings;A;Normal value
2403040110IND01;07;2023;RS;REPUBLIC OF SERBIA;5_AD2;Administration - government  level;98126;RSD;RSD;SORS;Average net earnings;A;Normal value
2403040110IND01;07;2023;RS;REPUBLIC OF SERBIA;5_AD3;Administration - autonomous  province level;102061;RSD;RSD;SORS;Average net earnings;A;Normal value
2403040110IND01;07;2023;RS;REPUBLIC OF SERBIA;5_AD4;Administration - local authorities’ level;73396;RSD;RSD;SORS;Average net earnings;A;Normal value
2403040110IND01;07;2024;RS;REPUBLIC OF SERBIA;0;Total;96759;RSD;RSD;SORS;Average net earnings;A;Normal value
2403040110IND01;07;2024;RS;REPUBLIC OF SERBIA;0_JP_JD_JL;Public enterprises;101898;RSD;RSD;SORS;Average net earnings;A;Normal value
2403040110IND01;07;2024;RS;REPUBLIC OF SERBIA;0_JS;Public sector;100354;RSD;RSD;SORS;Average net earnings;A;Normal value
2403040110IND01;07;2024;RS;REPUBLIC OF SERBIA;0_VJS;Non-public sector;95309;RSD;RSD;SORS;Average net earnings;A;Normal value
2403040110IND01;07;2024;RS;REPUBLIC OF SERBIA;1_JD;Public state enterprises;110565;RSD;RSD;SORS;Average net earnings;A;Normal value
2403040110IND01;07;2024;RS;REPUBLIC OF SERBIA;2_JL;Public local enterprises;90132;RSD;RSD;SORS;Average net earnings;A;Normal value
2403040110IND01;07;2024;RS;REPUBLIC OF SERBIA;3_4_5_BK;General government;99875;RSD;RSD;SORS;Average net earnings;A;Normal value
2403040110IND01;07;2024;RS;REPUBLIC OF SERBIA;3_ZS;Health and social work;98410;RSD;RSD;SORS;Average net earnings;A;Normal value
2403040110IND01;07;2024;RS;REPUBLIC OF SERBIA;4_OK;Education and culture;93538;RSD;RSD;SORS;Average net earnings;A;Normal value
2403040110IND01;07;2024;RS;REPUBLIC OF SERBIA;5_AD;Administration - all levels;107081;RSD;RSD;SORS;Average net earnings;A;Normal value
2403040110IND01;07;2024;RS;REPUBLIC OF SERBIA;5_AD2;Administration - government  level;111920;RSD;RSD;SORS;Average net earnings;A;Normal value
2403040110IND01;07;2024;RS;REPUBLIC OF SERBIA;5_AD3;Administration - autonomous  province level;107256;RSD;RSD;SORS;Average net earnings;A;Normal value
2403040110IND01;07;2024;RS;REPUBLIC OF SERBIA;5_AD4;Administration - local authorities’ level;83013;RSD;RSD;SORS;Average net earnings;A;Normal value
2403040110IND01;07;2025;RS;REPUBLIC OF SERBIA;0;Total;107449;RSD;RSD;SORS;Average net earnings;A;Normal value
2403040110IND01;07;2025;RS;REPUBLIC OF SERBIA;0_JP_JD_JL;Public enterprises;114132;RSD;RSD;SORS;Average net earnings;A;Normal value
2403040110IND01;07;2025;RS;REPUBLIC OF SERBIA;0_JS;Public sector;111158;RSD;RSD;SORS;Average net earnings;A;Normal value
2403040110IND01;07;2025;RS;REPUBLIC OF SERBIA;0_VJS;Non-public sector;105974;RSD;RSD;SORS;Average net earnings;A;Normal value
2403040110IND01;07;2025;RS;REPUBLIC OF SERBIA;1_JD;Public state enterprises;123313;RSD;RSD;SORS;Average net earnings;A;Normal value
2403040110IND01;07;2025;RS;REPUBLIC OF SERBIA;2_JL;Public local enterprises;101696;RSD;RSD;SORS;Average net earnings;A;Normal value
2403040110IND01;07;2025;RS;REPUBLIC OF SERBIA;3_4_5_BK;General government;110246;RSD;RSD;SORS;Average net earnings;A;Normal value
2403040110IND01;07;2025;RS;REPUBLIC OF SERBIA;3_ZS;Health and social work;107861;RSD;RSD;SORS;Average net earnings;A;Normal value
2403040110IND01;07;2025;RS;REPUBLIC OF SERBIA;4_OK;Education and culture;102945;RSD;RSD;SORS;Average net earnings;A;Normal value
2403040110IND01;07;2025;RS;REPUBLIC OF SERBIA;5_AD;Administration - all levels;119195;RSD;RSD;SORS;Average net earnings;A;Normal value
2403040110IND01;07;2025;RS;REPUBLIC OF SERBIA;5_AD2;Administration - government  level;124564;RSD;RSD;SORS;Average net earnings;A;Normal value
2403040110IND01;07;2025;RS;REPUBLIC OF SERBIA;5_AD3;Administration - autonomous  province level;115942;RSD;RSD;SORS;Average net earnings;A;Normal value
2403040110IND01;07;2025;RS;REPUBLIC OF SERBIA;5_AD4;Administration - local authorities’ level;92736;RSD;RSD;SORS;Average net earnings;A;Normal value
2403040110IND01;08;2018;RS;REPUBLIC OF SERBIA;0;Total;49373;RSD;RSD;SORS;Average net earnings;A;Normal value
2403040110IND01;08;2018;RS;REPUBLIC OF SERBIA;0_JP_JD_JL;Public enterprises;59424;RSD;RSD;SORS;Average net earnings;A;Normal value
2403040110IND01;08;2018;RS;REPUBLIC OF SERBIA;0_JS;Public sector;55337;RSD;RSD;SORS;Average net earnings;A;Normal value
2403040110IND01;08;2018;RS;REPUBLIC OF SERBIA;0_VJS;Non-public sector;46376;RSD;RSD;SORS;Average net earnings;A;Normal value
2403040110IND01;08;2018;RS;REPUBLIC OF SERBIA;1_JD;Public state enterprises;67409;RSD;RSD;SORS;Average net earnings;A;Normal value
2403040110IND01;08;2018;RS;REPUBLIC OF SERBIA;2_JL;Public local enterprises;47554;RSD;RSD;SORS;Average net earnings;A;Normal value
2403040110IND01;08;2018;RS;REPUBLIC OF SERBIA;3_4_5_BK;General government;53982;RSD;RSD;SORS;Average net earnings;A;Normal value
2403040110IND01;08;2018;RS;REPUBLIC OF SERBIA;3_ZS;Health and social work;50252;RSD;RSD;SORS;Average net earnings;A;Normal value
2403040110IND01;08;2018;RS;REPUBLIC OF SERBIA;4_OK;Education and culture;52500;RSD;RSD;SORS;Average net earnings;A;Normal value
2403040110IND01;08;2018;RS;REPUBLIC OF SERBIA;5_AD;Administration - all levels;58706;RSD;RSD;SORS;Average net earnings;A;Normal value
2403040110IND01;08;2018;RS;REPUBLIC OF SERBIA;5_AD2;Administration - government  level;61010;RSD;RSD;SORS;Average net earnings;A;Normal value
2403040110IND01;08;2018;RS;REPUBLIC OF SERBIA;5_AD3;Administration - autonomous  province level;61468;RSD;RSD;SORS;Average net earnings;A;Normal value
2403040110IND01;08;2018;RS;REPUBLIC OF SERBIA;5_AD4;Administration - local authorities’ level;47335;RSD;RSD;SORS;Average net earnings;A;Normal value
2403040110IND01;08;2019;RS;REPUBLIC OF SERBIA;0;Total;54257;RSD;RSD;SORS;Average net earnings;A;Normal value
2403040110IND01;08;2019;RS;REPUBLIC OF SERBIA;0_JP_JD_JL;Public enterprises;65349;RSD;RSD;SORS;Average net earnings;A;Normal value
2403040110IND01;08;2019;RS;REPUBLIC OF SERBIA;0_JS;Public sector;60669;RSD;RSD;SORS;Average net earnings;A;Normal value
2403040110IND01;08;2019;RS;REPUBLIC OF SERBIA;0_VJS;Non-public sector;51257;RSD;RSD;SORS;Average net earnings;A;Normal value
2403040110IND01;08;2019;RS;REPUBLIC OF SERBIA;1_JD;Public state enterprises;75033;RSD;RSD;SORS;Average net earnings;A;Normal value
2403040110IND01;08;2019;RS;REPUBLIC OF SERBIA;2_JL;Public local enterprises;51951;RSD;RSD;SORS;Average net earnings;A;Normal value
2403040110IND01;08;2019;RS;REPUBLIC OF SERBIA;3_4_5_BK;General government;59160;RSD;RSD;SORS;Average net earnings;A;Normal value
2403040110IND01;08;2019;RS;REPUBLIC OF SERBIA;3_ZS;Health and social work;55251;RSD;RSD;SORS;Average net earnings;A;Normal value
2403040110IND01;08;2019;RS;REPUBLIC OF SERBIA;4_OK;Education and culture;57276;RSD;RSD;SORS;Average net earnings;A;Normal value
2403040110IND01;08;2019;RS;REPUBLIC OF SERBIA;5_AD;Administration - all levels;64448;RSD;RSD;SORS;Average net earnings;A;Normal value
2403040110IND01;08;2019;RS;REPUBLIC OF SERBIA;5_AD2;Administration - government  level;67067;RSD;RSD;SORS;Average net earnings;A;Normal value
2403040110IND01;08;2019;RS;REPUBLIC OF SERBIA;5_AD3;Administration - autonomous  province level;68724;RSD;RSD;SORS;Average net earnings;A;Normal value
2403040110IND01;08;2019;RS;REPUBLIC OF SERBIA;5_AD4;Administration - local authorities’ level;51369;RSD;RSD;SORS;Average net earnings;A;Normal value
2403040110IND01;08;2020;RS;REPUBLIC OF SERBIA;0;Total;59234;RSD;RSD;SORS;Average net earnings;A;Normal value
2403040110IND01;08;2020;RS;REPUBLIC OF SERBIA;0_JP_JD_JL;Public enterprises;71372;RSD;RSD;SORS;Average net earnings;A;Normal value
2403040110IND01;08;2020;RS;REPUBLIC OF SERBIA;0_JS;Public sector;67306;RSD;RSD;SORS;Average net earnings;A;Normal value
2403040110IND01;08;2020;RS;REPUBLIC OF SERBIA;0_VJS;Non-public sector;55661;RSD;RSD;SORS;Average net earnings;A;Normal value
2403040110IND01;08;2020;RS;REPUBLIC OF SERBIA;1_JD;Public state enterprises;80187;RSD;RSD;SORS;Average net earnings;A;Normal value
2403040110IND01;08;2020;RS;REPUBLIC OF SERBIA;2_JL;Public local enterprises;59203;RSD;RSD;SORS;Average net earnings;A;Normal value
2403040110IND01;08;2020;RS;REPUBLIC OF SERBIA;3_4_5_BK;General government;66000;RSD;RSD;SORS;Average net earnings;A;Normal value
2403040110IND01;08;2020;RS;REPUBLIC OF SERBIA;3_ZS;Health and social work;64516;RSD;RSD;SORS;Average net earnings;A;Normal value
2403040110IND01;08;2020;RS;REPUBLIC OF SERBIA;4_OK;Education and culture;62485;RSD;RSD;SORS;Average net earnings;A;Normal value
2403040110IND01;08;2020;RS;REPUBLIC OF SERBIA;5_AD;Administration - all levels;70568;RSD;RSD;SORS;Average net earnings;A;Normal value
2403040110IND01;08;2020;RS;REPUBLIC OF SERBIA;5_AD2;Administration - government  level;73424;RSD;RSD;SORS;Average net earnings;A;Normal value
2403040110IND01;08;2020;RS;REPUBLIC OF SERBIA;5_AD3;Administration - autonomous  province level;76689;RSD;RSD;SORS;Average net earnings;A;Normal value
2403040110IND01;08;2020;RS;REPUBLIC OF SERBIA;5_AD4;Administration - local authorities’ level;56174;RSD;RSD;SORS;Average net earnings;A;Normal value
2403040110IND01;08;2021;RS;REPUBLIC OF SERBIA;0;Total;64393;RSD;RSD;SORS;Average net earnings;A;Normal value
2403040110IND01;08;2021;RS;REPUBLIC OF SERBIA;0_JP_JD_JL;Public enterprises;73964;RSD;RSD;SORS;Average net earnings;A;Normal value
2403040110IND01;08;2021;RS;REPUBLIC OF SERBIA;0_JS;Public sector;72305;RSD;RSD;SORS;Average net earnings;A;Normal value
2403040110IND01;08;2021;RS;REPUBLIC OF SERBIA;0_VJS;Non-public sector;61035;RSD;RSD;SORS;Average net earnings;A;Normal value
2403040110IND01;08;2021;RS;REPUBLIC OF SERBIA;1_JD;Public state enterprises;82107;RSD;RSD;SORS;Average net earnings;A;Normal value
2403040110IND01;08;2021;RS;REPUBLIC OF SERBIA;2_JL;Public local enterprises;62628;RSD;RSD;SORS;Average net earnings;A;Normal value
2403040110IND01;08;2021;RS;REPUBLIC OF SERBIA;3_4_5_BK;General government;71777;RSD;RSD;SORS;Average net earnings;A;Normal value
2403040110IND01;08;2021;RS;REPUBLIC OF SERBIA;3_ZS;Health and social work;73794;RSD;RSD;SORS;Average net earnings;A;Normal value
2403040110IND01;08;2021;RS;REPUBLIC OF SERBIA;4_OK;Education and culture;65858;RSD;RSD;SORS;Average net earnings;A;Normal value
2403040110IND01;08;2021;RS;REPUBLIC OF SERBIA;5_AD;Administration - all levels;75396;RSD;RSD;SORS;Average net earnings;A;Normal value
2403040110IND01;08;2021;RS;REPUBLIC OF SERBIA;5_AD2;Administration - government  level;78521;RSD;RSD;SORS;Average net earnings;A;Normal value
2403040110IND01;08;2021;RS;REPUBLIC OF SERBIA;5_AD3;Administration - autonomous  province level;80874;RSD;RSD;SORS;Average net earnings;A;Normal value
2403040110IND01;08;2021;RS;REPUBLIC OF SERBIA;5_AD4;Administration - local authorities’ level;59764;RSD;RSD;SORS;Average net earnings;A;Normal value
2403040110IND01;08;2022;RS;REPUBLIC OF SERBIA;0;Total;73265;RSD;RSD;SORS;Average net earnings;A;Normal value
2403040110IND01;08;2022;RS;REPUBLIC OF SERBIA;0_JP_JD_JL;Public enterprises;79532;RSD;RSD;SORS;Average net earnings;A;Normal value
2403040110IND01;08;2022;RS;REPUBLIC OF SERBIA;0_JS;Public sector;77840;RSD;RSD;SORS;Average net earnings;A;Normal value
2403040110IND01;08;2022;RS;REPUBLIC OF SERBIA;0_VJS;Non-public sector;71354;RSD;RSD;SORS;Average net earnings;A;Normal value
2403040110IND01;08;2022;RS;REPUBLIC OF SERBIA;1_JD;Public state enterprises;87908;RSD;RSD;SORS;Average net earnings;A;Normal value
2403040110IND01;08;2022;RS;REPUBLIC OF SERBIA;2_JL;Public local enterprises;67995;RSD;RSD;SORS;Average net earnings;A;Normal value
2403040110IND01;08;2022;RS;REPUBLIC OF SERBIA;3_4_5_BK;General government;77304;RSD;RSD;SORS;Average net earnings;A;Normal value
2403040110IND01;08;2022;RS;REPUBLIC OF SERBIA;3_ZS;Health and social work;78617;RSD;RSD;SORS;Average net earnings;A;Normal value
2403040110IND01;08;2022;RS;REPUBLIC OF SERBIA;4_OK;Education and culture;70673;RSD;RSD;SORS;Average net earnings;A;Normal value
2403040110IND01;08;2022;RS;REPUBLIC OF SERBIA;5_AD;Administration - all levels;82220;RSD;RSD;SORS;Average net earnings;A;Normal value
2403040110IND01;08;2022;RS;REPUBLIC OF SERBIA;5_AD2;Administration - government  level;85739;RSD;RSD;SORS;Average net earnings;A;Normal value
2403040110IND01;08;2022;RS;REPUBLIC OF SERBIA;5_AD3;Administration - autonomous  province level;87027;RSD;RSD;SORS;Average net earnings;A;Normal value
2403040110IND01;08;2022;RS;REPUBLIC OF SERBIA;5_AD4;Administration - local authorities’ level;64830;RSD;RSD;SORS;Average net earnings;A;Normal value
2403040110IND01;08;2023;RS;REPUBLIC OF SERBIA;0;Total;84389;RSD;RSD;SORS;Average net earnings;A;Normal value
2403040110IND01;08;2023;RS;REPUBLIC OF SERBIA;0_JP_JD_JL;Public enterprises;89291;RSD;RSD;SORS;Average net earnings;A;Normal value
2403040110IND01;08;2023;RS;REPUBLIC OF SERBIA;0_JS;Public sector;87306;RSD;RSD;SORS;Average net earnings;A;Normal value
2403040110IND01;08;2023;RS;REPUBLIC OF SERBIA;0_VJS;Non-public sector;83212;RSD;RSD;SORS;Average net earnings;A;Normal value
2403040110IND01;08;2023;RS;REPUBLIC OF SERBIA;1_JD;Public state enterprises;97455;RSD;RSD;SORS;Average net earnings;A;Normal value
2403040110IND01;08;2023;RS;REPUBLIC OF SERBIA;2_JL;Public local enterprises;78099;RSD;RSD;SORS;Average net earnings;A;Normal value
2403040110IND01;08;2023;RS;REPUBLIC OF SERBIA;3_4_5_BK;General government;86684;RSD;RSD;SORS;Average net earnings;A;Normal value
2403040110IND01;08;2023;RS;REPUBLIC OF SERBIA;3_ZS;Health and social work;86160;RSD;RSD;SORS;Average net earnings;A;Normal value
2403040110IND01;08;2023;RS;REPUBLIC OF SERBIA;4_OK;Education and culture;79229;RSD;RSD;SORS;Average net earnings;A;Normal value
2403040110IND01;08;2023;RS;REPUBLIC OF SERBIA;5_AD;Administration - all levels;94113;RSD;RSD;SORS;Average net earnings;A;Normal value
2403040110IND01;08;2023;RS;REPUBLIC OF SERBIA;5_AD2;Administration - government  level;98225;RSD;RSD;SORS;Average net earnings;A;Normal value
2403040110IND01;08;2023;RS;REPUBLIC OF SERBIA;5_AD3;Administration - autonomous  province level;101440;RSD;RSD;SORS;Average net earnings;A;Normal value
2403040110IND01;08;2023;RS;REPUBLIC OF SERBIA;5_AD4;Administration - local authorities’ level;73563;RSD;RSD;SORS;Average net earnings;A;Normal value
2403040110IND01;08;2024;RS;REPUBLIC OF SERBIA;0;Total;96745;RSD;RSD;SORS;Average net earnings;A;Normal value
2403040110IND01;08;2024;RS;REPUBLIC OF SERBIA;0_JP_JD_JL;Public enterprises;101846;RSD;RSD;SORS;Average net earnings;A;Normal value
2403040110IND01;08;2024;RS;REPUBLIC OF SERBIA;0_JS;Public sector;100275;RSD;RSD;SORS;Average net earnings;A;Normal value
2403040110IND01;08;2024;RS;REPUBLIC OF SERBIA;0_VJS;Non-public sector;95322;RSD;RSD;SORS;Average net earnings;A;Normal value
2403040110IND01;08;2024;RS;REPUBLIC OF SERBIA;1_JD;Public state enterprises;110487;RSD;RSD;SORS;Average net earnings;A;Normal value
2403040110IND01;08;2024;RS;REPUBLIC OF SERBIA;2_JL;Public local enterprises;90121;RSD;RSD;SORS;Average net earnings;A;Normal value
2403040110IND01;08;2024;RS;REPUBLIC OF SERBIA;3_4_5_BK;General government;99788;RSD;RSD;SORS;Average net earnings;A;Normal value
2403040110IND01;08;2024;RS;REPUBLIC OF SERBIA;3_ZS;Health and social work;98278;RSD;RSD;SORS;Average net earnings;A;Normal value
2403040110IND01;08;2024;RS;REPUBLIC OF SERBIA;4_OK;Education and culture;93541;RSD;RSD;SORS;Average net earnings;A;Normal value
2403040110IND01;08;2024;RS;REPUBLIC OF SERBIA;5_AD;Administration - all levels;106950;RSD;RSD;SORS;Average net earnings;A;Normal value
2403040110IND01;08;2024;RS;REPUBLIC OF SERBIA;5_AD2;Administration - government  level;111749;RSD;RSD;SORS;Average net earnings;A;Normal value
2403040110IND01;08;2024;RS;REPUBLIC OF SERBIA;5_AD3;Administration - autonomous  province level;107211;RSD;RSD;SORS;Average net earnings;A;Normal value
2403040110IND01;08;2024;RS;REPUBLIC OF SERBIA;5_AD4;Administration - local authorities’ level;83079;RSD;RSD;SORS;Average net earnings;A;Normal value
2403040110IND01;08;2025;RS;REPUBLIC OF SERBIA;0;Total;107217;RSD;RSD;SORS;Average net earnings;A;Normal value
2403040110IND01;08;2025;RS;REPUBLIC OF SERBIA;0_JP_JD_JL;Public enterprises;113740;RSD;RSD;SORS;Average net earnings;A;Normal value
2403040110IND01;08;2025;RS;REPUBLIC OF SERBIA;0_JS;Public sector;111050;RSD;RSD;SORS;Average net earnings;A;Normal value
2403040110IND01;08;2025;RS;REPUBLIC OF SERBIA;0_VJS;Non-public sector;105692;RSD;RSD;SORS;Average net earnings;A;Normal value
2403040110IND01;08;2025;RS;REPUBLIC OF SERBIA;1_JD;Public state enterprises;122754;RSD;RSD;SORS;Average net earnings;A;Normal value
2403040110IND01;08;2025;RS;REPUBLIC OF SERBIA;2_JL;Public local enterprises;101531;RSD;RSD;SORS;Average net earnings;A;Normal value
2403040110IND01;08;2025;RS;REPUBLIC OF SERBIA;3_4_5_BK;General government;110225;RSD;RSD;SORS;Average net earnings;A;Normal value
2403040110IND01;08;2025;RS;REPUBLIC OF SERBIA;3_ZS;Health and social work;107671;RSD;RSD;SORS;Average net earnings;A;Normal value
2403040110IND01;08;2025;RS;REPUBLIC OF SERBIA;4_OK;Education and culture;103176;RSD;RSD;SORS;Average net earnings;A;Normal value
2403040110IND01;08;2025;RS;REPUBLIC OF SERBIA;5_AD;Administration - all levels;119133;RSD;RSD;SORS;Average net earnings;A;Normal value
2403040110IND01;08;2025;RS;REPUBLIC OF SERBIA;5_AD2;Administration - government  level;124473;RSD;RSD;SORS;Average net earnings;A;Normal value
2403040110IND01;08;2025;RS;REPUBLIC OF SERBIA;5_AD3;Administration - autonomous  province level;115808;RSD;RSD;SORS;Average net earnings;A;Normal value
2403040110IND01;08;2025;RS;REPUBLIC OF SERBIA;5_AD4;Administration - local authorities’ level;92801;RSD;RSD;SORS;Average net earnings;A;Normal value
2403040110IND01;09;2018;RS;REPUBLIC OF SERBIA;0;Total;49208;RSD;RSD;SORS;Average net earnings;A;Normal value
2403040110IND01;09;2018;RS;REPUBLIC OF SERBIA;0_JP_JD_JL;Public enterprises;59065;RSD;RSD;SORS;Average net earnings;A;Normal value
2403040110IND01;09;2018;RS;REPUBLIC OF SERBIA;0_JS;Public sector;55192;RSD;RSD;SORS;Average net earnings;A;Normal value
2403040110IND01;09;2018;RS;REPUBLIC OF SERBIA;0_VJS;Non-public sector;46211;RSD;RSD;SORS;Average net earnings;A;Normal value
2403040110IND01;09;2018;RS;REPUBLIC OF SERBIA;1_JD;Public state enterprises;66939;RSD;RSD;SORS;Average net earnings;A;Normal value
2403040110IND01;09;2018;RS;REPUBLIC OF SERBIA;2_JL;Public local enterprises;47391;RSD;RSD;SORS;Average net earnings;A;Normal value
2403040110IND01;09;2018;RS;REPUBLIC OF SERBIA;3_4_5_BK;General government;53906;RSD;RSD;SORS;Average net earnings;A;Normal value
2403040110IND01;09;2018;RS;REPUBLIC OF SERBIA;3_ZS;Health and social work;50108;RSD;RSD;SORS;Average net earnings;A;Normal value
2403040110IND01;09;2018;RS;REPUBLIC OF SERBIA;4_OK;Education and culture;52437;RSD;RSD;SORS;Average net earnings;A;Normal value
2403040110IND01;09;2018;RS;REPUBLIC OF SERBIA;5_AD;Administration - all levels;58684;RSD;RSD;SORS;Average net earnings;A;Normal value
2403040110IND01;09;2018;RS;REPUBLIC OF SERBIA;5_AD2;Administration - government  level;61019;RSD;RSD;SORS;Average net earnings;A;Normal value
2403040110IND01;09;2018;RS;REPUBLIC OF SERBIA;5_AD3;Administration - autonomous  province level;61415;RSD;RSD;SORS;Average net earnings;A;Normal value
2403040110IND01;09;2018;RS;REPUBLIC OF SERBIA;5_AD4;Administration - local authorities’ level;47215;RSD;RSD;SORS;Average net earnings;A;Normal value
2403040110IND01;09;2019;RS;REPUBLIC OF SERBIA;0;Total;54194;RSD;RSD;SORS;Average net earnings;A;Normal value
2403040110IND01;09;2019;RS;REPUBLIC OF SERBIA;0_JP_JD_JL;Public enterprises;65160;RSD;RSD;SORS;Average net earnings;A;Normal value
2403040110IND01;09;2019;RS;REPUBLIC OF SERBIA;0_JS;Public sector;60580;RSD;RSD;SORS;Average net earnings;A;Normal value
2403040110IND01;09;2019;RS;REPUBLIC OF SERBIA;0_VJS;Non-public sector;51212;RSD;RSD;SORS;Average net earnings;A;Normal value
2403040110IND01;09;2019;RS;REPUBLIC OF SERBIA;1_JD;Public state enterprises;74815;RSD;RSD;SORS;Average net earnings;A;Normal value
2403040110IND01;09;2019;RS;REPUBLIC OF SERBIA;2_JL;Public local enterprises;51832;RSD;RSD;SORS;Average net earnings;A;Normal value
2403040110IND01;09;2019;RS;REPUBLIC OF SERBIA;3_4_5_BK;General government;59103;RSD;RSD;SORS;Average net earnings;A;Normal value
2403040110IND01;09;2019;RS;REPUBLIC OF SERBIA;3_ZS;Health and social work;55181;RSD;RSD;SORS;Average net earnings;A;Normal value
2403040110IND01;09;2019;RS;REPUBLIC OF SERBIA;4_OK;Education and culture;57264;RSD;RSD;SORS;Average net earnings;A;Normal value
2403040110IND01;09;2019;RS;REPUBLIC OF SERBIA;5_AD;Administration - all levels;64362;RSD;RSD;SORS;Average net earnings;A;Normal value
2403040110IND01;09;2019;RS;REPUBLIC OF SERBIA;5_AD2;Administration - government  level;66977;RSD;RSD;SORS;Average net earnings;A;Normal value
2403040110IND01;09;2019;RS;REPUBLIC OF SERBIA;5_AD3;Administration - autonomous  province level;68519;RSD;RSD;SORS;Average net earnings;A;Normal value
2403040110IND01;09;2019;RS;REPUBLIC OF SERBIA;5_AD4;Administration - local authorities’ level;51332;RSD;RSD;SORS;Average net earnings;A;Normal value
2403040110IND01;09;2020;RS;REPUBLIC OF SERBIA;0;Total;59286;RSD;RSD;SORS;Average net earnings;A;Normal value
2403040110IND01;09;2020;RS;REPUBLIC OF SERBIA;0_JP_JD_JL;Public enterprises;71321;RSD;RSD;SORS;Average net earnings;A;Normal value
2403040110IND01;09;2020;RS;REPUBLIC OF SERBIA;0_JS;Public sector;67345;RSD;RSD;SORS;Average net earnings;A;Normal value
2403040110IND01;09;2020;RS;REPUBLIC OF SERBIA;0_VJS;Non-public sector;55729;RSD;RSD;SORS;Average net earnings;A;Normal value
2403040110IND01;09;2020;RS;REPUBLIC OF SERBIA;1_JD;Public state enterprises;80129;RSD;RSD;SORS;Average net earnings;A;Normal value
2403040110IND01;09;2020;RS;REPUBLIC OF SERBIA;2_JL;Public local enterprises;59175;RSD;RSD;SORS;Average net earnings;A;Normal value
2403040110IND01;09;2020;RS;REPUBLIC OF SERBIA;3_4_5_BK;General government;66069;RSD;RSD;SORS;Average net earnings;A;Normal value
2403040110IND01;09;2020;RS;REPUBLIC OF SERBIA;3_ZS;Health and social work;64741;RSD;RSD;SORS;Average net earnings;A;Normal value
2403040110IND01;09;2020;RS;REPUBLIC OF SERBIA;4_OK;Education and culture;62522;RSD;RSD;SORS;Average net earnings;A;Normal value
2403040110IND01;09;2020;RS;REPUBLIC OF SERBIA;5_AD;Administration - all levels;70530;RSD;RSD;SORS;Average net earnings;A;Normal value
2403040110IND01;09;2020;RS;REPUBLIC OF SERBIA;5_AD2;Administration - government  level;73383;RSD;RSD;SORS;Average net earnings;A;Normal value
2403040110IND01;09;2020;RS;REPUBLIC OF SERBIA;5_AD3;Administration - autonomous  province level;76450;RSD;RSD;SORS;Average net earnings;A;Normal value
2403040110IND01;09;2020;RS;REPUBLIC OF SERBIA;5_AD4;Administration - local authorities’ level;56194;RSD;RSD;SORS;Average net earnings;A;Normal value
2403040110IND01;09;2021;RS;REPUBLIC OF SERBIA;0;Total;64487;RSD;RSD;SORS;Average net earnings;A;Normal value
2403040110IND01;09;2021;RS;REPUBLIC OF SERBIA;0_JP_JD_JL;Public enterprises;73963;RSD;RSD;SORS;Average net earnings;A;Normal value
2403040110IND01;09;2021;RS;REPUBLIC OF SERBIA;0_JS;Public sector;72297;RSD;RSD;SORS;Average net earnings;A;Normal value
2403040110IND01;09;2021;RS;REPUBLIC OF SERBIA;0_VJS;Non-public sector;61176;RSD;RSD;SORS;Average net earnings;A;Normal value
2403040110IND01;09;2021;RS;REPUBLIC OF SERBIA;1_JD;Public state enterprises;82133;RSD;RSD;SORS;Average net earnings;A;Normal value
2403040110IND01;09;2021;RS;REPUBLIC OF SERBIA;2_JL;Public local enterprises;62610;RSD;RSD;SORS;Average net earnings;A;Normal value
2403040110IND01;09;2021;RS;REPUBLIC OF SERBIA;3_4_5_BK;General government;71767;RSD;RSD;SORS;Average net earnings;A;Normal value
2403040110IND01;09;2021;RS;REPUBLIC OF SERBIA;3_ZS;Health and social work;73693;RSD;RSD;SORS;Average net earnings;A;Normal value
2403040110IND01;09;2021;RS;REPUBLIC OF SERBIA;4_OK;Education and culture;65919;RSD;RSD;SORS;Average net earnings;A;Normal value
2403040110IND01;09;2021;RS;REPUBLIC OF SERBIA;5_AD;Administration - all levels;75414;RSD;RSD;SORS;Average net earnings;A;Normal value
2403040110IND01;09;2021;RS;REPUBLIC OF SERBIA;5_AD2;Administration - government  level;78545;RSD;RSD;SORS;Average net earnings;A;Normal value
2403040110IND01;09;2021;RS;REPUBLIC OF SERBIA;5_AD3;Administration - autonomous  province level;80696;RSD;RSD;SORS;Average net earnings;A;Normal value
2403040110IND01;09;2021;RS;REPUBLIC OF SERBIA;5_AD4;Administration - local authorities’ level;59791;RSD;RSD;SORS;Average net earnings;A;Normal value
2403040110IND01;09;2022;RS;REPUBLIC OF SERBIA;0;Total;73456;RSD;RSD;SORS;Average net earnings;A;Normal value
2403040110IND01;09;2022;RS;REPUBLIC OF SERBIA;0_JP_JD_JL;Public enterprises;79583;RSD;RSD;SORS;Average net earnings;A;Normal value
2403040110IND01;09;2022;RS;REPUBLIC OF SERBIA;0_JS;Public sector;77780;RSD;RSD;SORS;Average net earnings;A;Normal value
2403040110IND01;09;2022;RS;REPUBLIC OF SERBIA;0_VJS;Non-public sector;71651;RSD;RSD;SORS;Average net earnings;A;Normal value
2403040110IND01;09;2022;RS;REPUBLIC OF SERBIA;1_JD;Public state enterprises;87964;RSD;RSD;SORS;Average net earnings;A;Normal value
2403040110IND01;09;2022;RS;REPUBLIC OF SERBIA;2_JL;Public local enterprises;68043;RSD;RSD;SORS;Average net earnings;A;Normal value
2403040110IND01;09;2022;RS;REPUBLIC OF SERBIA;3_4_5_BK;General government;77209;RSD;RSD;SORS;Average net earnings;A;Normal value
2403040110IND01;09;2022;RS;REPUBLIC OF SERBIA;3_ZS;Health and social work;78381;RSD;RSD;SORS;Average net earnings;A;Normal value
2403040110IND01;09;2022;RS;REPUBLIC OF SERBIA;4_OK;Education and culture;70737;RSD;RSD;SORS;Average net earnings;A;Normal value
2403040110IND01;09;2022;RS;REPUBLIC OF SERBIA;5_AD;Administration - all levels;82115;RSD;RSD;SORS;Average net earnings;A;Normal value
2403040110IND01;09;2022;RS;REPUBLIC OF SERBIA;5_AD2;Administration - government  level;85614;RSD;RSD;SORS;Average net earnings;A;Normal value
2403040110IND01;09;2022;RS;REPUBLIC OF SERBIA;5_AD3;Administration - autonomous  province level;86806;RSD;RSD;SORS;Average net earnings;A;Normal value
2403040110IND01;09;2022;RS;REPUBLIC OF SERBIA;5_AD4;Administration - local authorities’ level;64835;RSD;RSD;SORS;Average net earnings;A;Normal value
2403040110IND01;09;2023;RS;REPUBLIC OF SERBIA;0;Total;84465;RSD;RSD;SORS;Average net earnings;A;Normal value
2403040110IND01;09;2023;RS;REPUBLIC OF SERBIA;0_JP_JD_JL;Public enterprises;89180;RSD;RSD;SORS;Average net earnings;A;Normal value
2403040110IND01;09;2023;RS;REPUBLIC OF SERBIA;0_JS;Public sector;87444;RSD;RSD;SORS;Average net earnings;A;Normal value
2403040110IND01;09;2023;RS;REPUBLIC OF SERBIA;0_VJS;Non-public sector;83262;RSD;RSD;SORS;Average net earnings;A;Normal value
2403040110IND01;09;2023;RS;REPUBLIC OF SERBIA;1_JD;Public state enterprises;97392;RSD;RSD;SORS;Average net earnings;A;Normal value
2403040110IND01;09;2023;RS;REPUBLIC OF SERBIA;2_JL;Public local enterprises;77944;RSD;RSD;SORS;Average net earnings;A;Normal value
2403040110IND01;09;2023;RS;REPUBLIC OF SERBIA;3_4_5_BK;General government;86900;RSD;RSD;SORS;Average net earnings;A;Normal value
2403040110IND01;09;2023;RS;REPUBLIC OF SERBIA;3_ZS;Health and social work;86156;RSD;RSD;SORS;Average net earnings;A;Normal value
2403040110IND01;09;2023;RS;REPUBLIC OF SERBIA;4_OK;Education and culture;79757;RSD;RSD;SORS;Average net earnings;A;Normal value
2403040110IND01;09;2023;RS;REPUBLIC OF SERBIA;5_AD;Administration - all levels;94224;RSD;RSD;SORS;Average net earnings;A;Normal value
2403040110IND01;09;2023;RS;REPUBLIC OF SERBIA;5_AD2;Administration - government  level;98358;RSD;RSD;SORS;Average net earnings;A;Normal value
2403040110IND01;09;2023;RS;REPUBLIC OF SERBIA;5_AD3;Administration - autonomous  province level;101675;RSD;RSD;SORS;Average net earnings;A;Normal value
2403040110IND01;09;2023;RS;REPUBLIC OF SERBIA;5_AD4;Administration - local authorities’ level;73581;RSD;RSD;SORS;Average net earnings;A;Normal value
2403040110IND01;09;2024;RS;REPUBLIC OF SERBIA;0;Total;96675;RSD;RSD;SORS;Average net earnings;A;Normal value
2403040110IND01;09;2024;RS;REPUBLIC OF SERBIA;0_JP_JD_JL;Public enterprises;101589;RSD;RSD;SORS;Average net earnings;A;Normal value
2403040110IND01;09;2024;RS;REPUBLIC OF SERBIA;0_JS;Public sector;100173;RSD;RSD;SORS;Average net earnings;A;Normal value
2403040110IND01;09;2024;RS;REPUBLIC OF SERBIA;0_VJS;Non-public sector;95264;RSD;RSD;SORS;Average net earnings;A;Normal value
2403040110IND01;09;2024;RS;REPUBLIC OF SERBIA;1_JD;Public state enterprises;110175;RSD;RSD;SORS;Average net earnings;A;Normal value
2403040110IND01;09;2024;RS;REPUBLIC OF SERBIA;2_JL;Public local enterprises;89949;RSD;RSD;SORS;Average net earnings;A;Normal value
2403040110IND01;09;2024;RS;REPUBLIC OF SERBIA;3_4_5_BK;General government;99735;RSD;RSD;SORS;Average net earnings;A;Normal value
2403040110IND01;09;2024;RS;REPUBLIC OF SERBIA;3_ZS;Health and social work;98206;RSD;RSD;SORS;Average net earnings;A;Normal value
2403040110IND01;09;2024;RS;REPUBLIC OF SERBIA;4_OK;Education and culture;93558;RSD;RSD;SORS;Average net earnings;A;Normal value
2403040110IND01;09;2024;RS;REPUBLIC OF SERBIA;5_AD;Administration - all levels;106861;RSD;RSD;SORS;Average net earnings;A;Normal value
2403040110IND01;09;2024;RS;REPUBLIC OF SERBIA;5_AD2;Administration - government  level;111639;RSD;RSD;SORS;Average net earnings;A;Normal value
2403040110IND01;09;2024;RS;REPUBLIC OF SERBIA;5_AD3;Administration - autonomous  province level;107201;RSD;RSD;SORS;Average net earnings;A;Normal value
2403040110IND01;09;2024;RS;REPUBLIC OF SERBIA;5_AD4;Administration - local authorities’ level;83113;RSD;RSD;SORS;Average net earnings;A;Normal value
2403040110IND01;09;2025;RS;REPUBLIC OF SERBIA;0;Total;107432;RSD;RSD;SORS;Average net earnings;A;Normal value
2403040110IND01;09;2025;RS;REPUBLIC OF SERBIA;0_JP_JD_JL;Public enterprises;113835;RSD;RSD;SORS;Average net earnings;A;Normal value
2403040110IND01;09;2025;RS;REPUBLIC OF SERBIA;0_JS;Public sector;111271;RSD;RSD;SORS;Average net earnings;A;Normal value
2403040110IND01;09;2025;RS;REPUBLIC OF SERBIA;0_VJS;Non-public sector;105902;RSD;RSD;SORS;Average net earnings;A;Normal value
2403040110IND01;09;2025;RS;REPUBLIC OF SERBIA;1_JD;Public state enterprises;122717;RSD;RSD;SORS;Average net earnings;A;Normal value
2403040110IND01;09;2025;RS;REPUBLIC OF SERBIA;2_JL;Public local enterprises;101802;RSD;RSD;SORS;Average net earnings;A;Normal value
2403040110IND01;09;2025;RS;REPUBLIC OF SERBIA;3_4_5_BK;General government;110486;RSD;RSD;SORS;Average net earnings;A;Normal value
2403040110IND01;09;2025;RS;REPUBLIC OF SERBIA;3_ZS;Health and social work;107740;RSD;RSD;SORS;Average net earnings;A;Normal value
2403040110IND01;09;2025;RS;REPUBLIC OF SERBIA;4_OK;Education and culture;103997;RSD;RSD;SORS;Average net earnings;A;Normal value
2403040110IND01;09;2025;RS;REPUBLIC OF SERBIA;5_AD;Administration - all levels;119115;RSD;RSD;SORS;Average net earnings;A;Normal value
2403040110IND01;09;2025;RS;REPUBLIC OF SERBIA;5_AD2;Administration - government  level;124363;RSD;RSD;SORS;Average net earnings;A;Normal value
2403040110IND01;09;2025;RS;REPUBLIC OF SERBIA;5_AD3;Administration - autonomous  province level;116417;RSD;RSD;SORS;Average net earnings;A;Normal value
2403040110IND01;09;2025;RS;REPUBLIC OF SERBIA;5_AD4;Administration - local authorities’ level;93201;RSD;RSD;SORS;Average net earnings;A;Normal value
2403040110IND01;10;2018;RS;REPUBLIC OF SERBIA;0;Total;49279;RSD;RSD;SORS;Average net earnings;A;Normal value
2403040110IND01;10;2018;RS;REPUBLIC OF SERBIA;0_JP_JD_JL;Public enterprises;59187;RSD;RSD;SORS;Average net earnings;A;Normal value
2403040110IND01;10;2018;RS;REPUBLIC OF SERBIA;0_JS;Public sector;55236;RSD;RSD;SORS;Average net earnings;A;Normal value
2403040110IND01;10;2018;RS;REPUBLIC OF SERBIA;0_VJS;Non-public sector;46307;RSD;RSD;SORS;Average net earnings;A;Normal value
2403040110IND01;10;2018;RS;REPUBLIC OF SERBIA;1_JD;Public state enterprises;67065;RSD;RSD;SORS;Average net earnings;A;Normal value
2403040110IND01;10;2018;RS;REPUBLIC OF SERBIA;2_JL;Public local enterprises;47512;RSD;RSD;SORS;Average net earnings;A;Normal value
2403040110IND01;10;2018;RS;REPUBLIC OF SERBIA;3_4_5_BK;General government;53924;RSD;RSD;SORS;Average net earnings;A;Normal value
2403040110IND01;10;2018;RS;REPUBLIC OF SERBIA;3_ZS;Health and social work;50107;RSD;RSD;SORS;Average net earnings;A;Normal value
2403040110IND01;10;2018;RS;REPUBLIC OF SERBIA;4_OK;Education and culture;52489;RSD;RSD;SORS;Average net earnings;A;Normal value
2403040110IND01;10;2018;RS;REPUBLIC OF SERBIA;5_AD;Administration - all levels;58691;RSD;RSD;SORS;Average net earnings;A;Normal value
2403040110IND01;10;2018;RS;REPUBLIC OF SERBIA;5_AD2;Administration - government  level;61033;RSD;RSD;SORS;Average net earnings;A;Normal value
2403040110IND01;10;2018;RS;REPUBLIC OF SERBIA;5_AD3;Administration - autonomous  province level;61520;RSD;RSD;SORS;Average net earnings;A;Normal value
2403040110IND01;10;2018;RS;REPUBLIC OF SERBIA;5_AD4;Administration - local authorities’ level;47212;RSD;RSD;SORS;Average net earnings;A;Normal value
2403040110IND01;10;2019;RS;REPUBLIC OF SERBIA;0;Total;54282;RSD;RSD;SORS;Average net earnings;A;Normal value
2403040110IND01;10;2019;RS;REPUBLIC OF SERBIA;0_JP_JD_JL;Public enterprises;65234;RSD;RSD;SORS;Average net earnings;A;Normal value
2403040110IND01;10;2019;RS;REPUBLIC OF SERBIA;0_JS;Public sector;60613;RSD;RSD;SORS;Average net earnings;A;Normal value
2403040110IND01;10;2019;RS;REPUBLIC OF SERBIA;0_VJS;Non-public sector;51333;RSD;RSD;SORS;Average net earnings;A;Normal value
2403040110IND01;10;2019;RS;REPUBLIC OF SERBIA;1_JD;Public state enterprises;74905;RSD;RSD;SORS;Average net earnings;A;Normal value
2403040110IND01;10;2019;RS;REPUBLIC OF SERBIA;2_JL;Public local enterprises;51894;RSD;RSD;SORS;Average net earnings;A;Normal value
2403040110IND01;10;2019;RS;REPUBLIC OF SERBIA;3_4_5_BK;General government;59124;RSD;RSD;SORS;Average net earnings;A;Normal value
2403040110IND01;10;2019;RS;REPUBLIC OF SERBIA;3_ZS;Health and social work;55188;RSD;RSD;SORS;Average net earnings;A;Normal value
2403040110IND01;10;2019;RS;REPUBLIC OF SERBIA;4_OK;Education and culture;57340;RSD;RSD;SORS;Average net earnings;A;Normal value
2403040110IND01;10;2019;RS;REPUBLIC OF SERBIA;5_AD;Administration - all levels;64344;RSD;RSD;SORS;Average net earnings;A;Normal value
2403040110IND01;10;2019;RS;REPUBLIC OF SERBIA;5_AD2;Administration - government  level;66943;RSD;RSD;SORS;Average net earnings;A;Normal value
2403040110IND01;10;2019;RS;REPUBLIC OF SERBIA;5_AD3;Administration - autonomous  province level;68390;RSD;RSD;SORS;Average net earnings;A;Normal value
2403040110IND01;10;2019;RS;REPUBLIC OF SERBIA;5_AD4;Administration - local authorities’ level;51407;RSD;RSD;SORS;Average net earnings;A;Normal value
2403040110IND01;10;2020;RS;REPUBLIC OF SERBIA;0;Total;59370;RSD;RSD;SORS;Average net earnings;A;Normal value
2403040110IND01;10;2020;RS;REPUBLIC OF SERBIA;0_JP_JD_JL;Public enterprises;71270;RSD;RSD;SORS;Average net earnings;A;Normal value
2403040110IND01;10;2020;RS;REPUBLIC OF SERBIA;0_JS;Public sector;67414;RSD;RSD;SORS;Average net earnings;A;Normal value
2403040110IND01;10;2020;RS;REPUBLIC OF SERBIA;0_VJS;Non-public sector;55829;RSD;RSD;SORS;Average net earnings;A;Normal value
2403040110IND01;10;2020;RS;REPUBLIC OF SERBIA;1_JD;Public state enterprises;80038;RSD;RSD;SORS;Average net earnings;A;Normal value
2403040110IND01;10;2020;RS;REPUBLIC OF SERBIA;2_JL;Public local enterprises;59184;RSD;RSD;SORS;Average net earnings;A;Normal value
2403040110IND01;10;2020;RS;REPUBLIC OF SERBIA;3_4_5_BK;General government;66176;RSD;RSD;SORS;Average net earnings;A;Normal value
2403040110IND01;10;2020;RS;REPUBLIC OF SERBIA;3_ZS;Health and social work;65056;RSD;RSD;SORS;Average net earnings;A;Normal value
2403040110IND01;10;2020;RS;REPUBLIC OF SERBIA;4_OK;Education and culture;62579;RSD;RSD;SORS;Average net earnings;A;Normal value
2403040110IND01;10;2020;RS;REPUBLIC OF SERBIA;5_AD;Administration - all levels;70496;RSD;RSD;SORS;Average net earnings;A;Normal value
2403040110IND01;10;2020;RS;REPUBLIC OF SERBIA;5_AD2;Administration - government  level;73330;RSD;RSD;SORS;Average net earnings;A;Normal value
2403040110IND01;10;2020;RS;REPUBLIC OF SERBIA;5_AD3;Administration - autonomous  province level;76306;RSD;RSD;SORS;Average net earnings;A;Normal value
2403040110IND01;10;2020;RS;REPUBLIC OF SERBIA;5_AD4;Administration - local authorities’ level;56286;RSD;RSD;SORS;Average net earnings;A;Normal value
2403040110IND01;10;2021;RS;REPUBLIC OF SERBIA;0;Total;64645;RSD;RSD;SORS;Average net earnings;A;Normal value
2403040110IND01;10;2021;RS;REPUBLIC OF SERBIA;0_JP_JD_JL;Public enterprises;73884;RSD;RSD;SORS;Average net earnings;A;Normal value
2403040110IND01;10;2021;RS;REPUBLIC OF SERBIA;0_JS;Public sector;72297;RSD;RSD;SORS;Average net earnings;A;Normal value
2403040110IND01;10;2021;RS;REPUBLIC OF SERBIA;0_VJS;Non-public sector;61404;RSD;RSD;SORS;Average net earnings;A;Normal value
2403040110IND01;10;2021;RS;REPUBLIC OF SERBIA;1_JD;Public state enterprises;82058;RSD;RSD;SORS;Average net earnings;A;Normal value
2403040110IND01;10;2021;RS;REPUBLIC OF SERBIA;2_JL;Public local enterprises;62537;RSD;RSD;SORS;Average net earnings;A;Normal value
2403040110IND01;10;2021;RS;REPUBLIC OF SERBIA;3_4_5_BK;General government;71792;RSD;RSD;SORS;Average net earnings;A;Normal value
2403040110IND01;10;2021;RS;REPUBLIC OF SERBIA;3_ZS;Health and social work;73731;RSD;RSD;SORS;Average net earnings;A;Normal value
2403040110IND01;10;2021;RS;REPUBLIC OF SERBIA;4_OK;Education and culture;65960;RSD;RSD;SORS;Average net earnings;A;Normal value
2403040110IND01;10;2021;RS;REPUBLIC OF SERBIA;5_AD;Administration - all levels;75423;RSD;RSD;SORS;Average net earnings;A;Normal value
2403040110IND01;10;2021;RS;REPUBLIC OF SERBIA;5_AD2;Administration - government  level;78566;RSD;RSD;SORS;Average net earnings;A;Normal value
2403040110IND01;10;2021;RS;REPUBLIC OF SERBIA;5_AD3;Administration - autonomous  province level;80565;RSD;RSD;SORS;Average net earnings;A;Normal value
2403040110IND01;10;2021;RS;REPUBLIC OF SERBIA;5_AD4;Administration - local authorities’ level;59803;RSD;RSD;SORS;Average net earnings;A;Normal value
2403040110IND01;10;2022;RS;REPUBLIC OF SERBIA;0;Total;73649;RSD;RSD;SORS;Average net earnings;A;Normal value
2403040110IND01;10;2022;RS;REPUBLIC OF SERBIA;0_JP_JD_JL;Public enterprises;79610;RSD;RSD;SORS;Average net earnings;A;Normal value
2403040110IND01;10;2022;RS;REPUBLIC OF SERBIA;0_JS;Public sector;77739;RSD;RSD;SORS;Average net earnings;A;Normal value
2403040110IND01;10;2022;RS;REPUBLIC OF SERBIA;0_VJS;Non-public sector;71941;RSD;RSD;SORS;Average net earnings;A;Normal value
2403040110IND01;10;2022;RS;REPUBLIC OF SERBIA;1_JD;Public state enterprises;88022;RSD;RSD;SORS;Average net earnings;A;Normal value
2403040110IND01;10;2022;RS;REPUBLIC OF SERBIA;2_JL;Public local enterprises;68024;RSD;RSD;SORS;Average net earnings;A;Normal value
2403040110IND01;10;2022;RS;REPUBLIC OF SERBIA;3_4_5_BK;General government;77149;RSD;RSD;SORS;Average net earnings;A;Normal value
2403040110IND01;10;2022;RS;REPUBLIC OF SERBIA;3_ZS;Health and social work;78203;RSD;RSD;SORS;Average net earnings;A;Normal value
2403040110IND01;10;2022;RS;REPUBLIC OF SERBIA;4_OK;Education and culture;70771;RSD;RSD;SORS;Average net earnings;A;Normal value
2403040110IND01;10;2022;RS;REPUBLIC OF SERBIA;5_AD;Administration - all levels;82056;RSD;RSD;SORS;Average net earnings;A;Normal value
2403040110IND01;10;2022;RS;REPUBLIC OF SERBIA;5_AD2;Administration - government  level;85514;RSD;RSD;SORS;Average net earnings;A;Normal value
2403040110IND01;10;2022;RS;REPUBLIC OF SERBIA;5_AD3;Administration - autonomous  province level;86706;RSD;RSD;SORS;Average net earnings;A;Normal value
2403040110IND01;10;2022;RS;REPUBLIC OF SERBIA;5_AD4;Administration - local authorities’ level;64855;RSD;RSD;SORS;Average net earnings;A;Normal value
2403040110IND01;10;2023;RS;REPUBLIC OF SERBIA;0;Total;84694;RSD;RSD;SORS;Average net earnings;A;Normal value
2403040110IND01;10;2023;RS;REPUBLIC OF SERBIA;0_JP_JD_JL;Public enterprises;89333;RSD;RSD;SORS;Average net earnings;A;Normal value
2403040110IND01;10;2023;RS;REPUBLIC OF SERBIA;0_JS;Public sector;87655;RSD;RSD;SORS;Average net earnings;A;Normal value
2403040110IND01;10;2023;RS;REPUBLIC OF SERBIA;0_VJS;Non-public sector;83497;RSD;RSD;SORS;Average net earnings;A;Normal value
2403040110IND01;10;2023;RS;REPUBLIC OF SERBIA;1_JD;Public state enterprises;97564;RSD;RSD;SORS;Average net earnings;A;Normal value
2403040110IND01;10;2023;RS;REPUBLIC OF SERBIA;2_JL;Public local enterprises;78087;RSD;RSD;SORS;Average net earnings;A;Normal value
2403040110IND01;10;2023;RS;REPUBLIC OF SERBIA;3_4_5_BK;General government;87130;RSD;RSD;SORS;Average net earnings;A;Normal value
2403040110IND01;10;2023;RS;REPUBLIC OF SERBIA;3_ZS;Health and social work;86292;RSD;RSD;SORS;Average net earnings;A;Normal value
2403040110IND01;10;2023;RS;REPUBLIC OF SERBIA;4_OK;Education and culture;80221;RSD;RSD;SORS;Average net earnings;A;Normal value
2403040110IND01;10;2023;RS;REPUBLIC OF SERBIA;5_AD;Administration - all levels;94308;RSD;RSD;SORS;Average net earnings;A;Normal value
2403040110IND01;10;2023;RS;REPUBLIC OF SERBIA;5_AD2;Administration - government  level;98440;RSD;RSD;SORS;Average net earnings;A;Normal value
2403040110IND01;10;2023;RS;REPUBLIC OF SERBIA;5_AD3;Administration - autonomous  province level;101243;RSD;RSD;SORS;Average net earnings;A;Normal value
2403040110IND01;10;2023;RS;REPUBLIC OF SERBIA;5_AD4;Administration - local authorities’ level;73693;RSD;RSD;SORS;Average net earnings;A;Normal value
2403040110IND01;10;2024;RS;REPUBLIC OF SERBIA;0;Total;96862;RSD;RSD;SORS;Average net earnings;A;Normal value
2403040110IND01;10;2024;RS;REPUBLIC OF SERBIA;0_JP_JD_JL;Public enterprises;101790;RSD;RSD;SORS;Average net earnings;A;Normal value
2403040110IND01;10;2024;RS;REPUBLIC OF SERBIA;0_JS;Public sector;100247;RSD;RSD;SORS;Average net earnings;A;Normal value
2403040110IND01;10;2024;RS;REPUBLIC OF SERBIA;0_VJS;Non-public sector;95497;RSD;RSD;SORS;Average net earnings;A;Normal value
2403040110IND01;10;2024;RS;REPUBLIC OF SERBIA;1_JD;Public state enterprises;110308;RSD;RSD;SORS;Average net earnings;A;Normal value
2403040110IND01;10;2024;RS;REPUBLIC OF SERBIA;2_JL;Public local enterprises;90249;RSD;RSD;SORS;Average net earnings;A;Normal value
2403040110IND01;10;2024;RS;REPUBLIC OF SERBIA;3_4_5_BK;General government;99771;RSD;RSD;SORS;Average net earnings;A;Normal value
2403040110IND01;10;2024;RS;REPUBLIC OF SERBIA;3_ZS;Health and social work;98187;RSD;RSD;SORS;Average net earnings;A;Normal value
2403040110IND01;10;2024;RS;REPUBLIC OF SERBIA;4_OK;Education and culture;93754;RSD;RSD;SORS;Average net earnings;A;Normal value
2403040110IND01;10;2024;RS;REPUBLIC OF SERBIA;5_AD;Administration - all levels;106814;RSD;RSD;SORS;Average net earnings;A;Normal value
2403040110IND01;10;2024;RS;REPUBLIC OF SERBIA;5_AD2;Administration - government  level;111545;RSD;RSD;SORS;Average net earnings;A;Normal value
2403040110IND01;10;2024;RS;REPUBLIC OF SERBIA;5_AD3;Administration - autonomous  province level;107327;RSD;RSD;SORS;Average net earnings;A;Normal value
2403040110IND01;10;2024;RS;REPUBLIC OF SERBIA;5_AD4;Administration - local authorities’ level;83308;RSD;RSD;SORS;Average net earnings;A;Normal value
2403040110IND01;10;2025;RS;REPUBLIC OF SERBIA;0;Total;107755;RSD;RSD;SORS;Average net earnings;A;Normal value
2403040110IND01;10;2025;RS;REPUBLIC OF SERBIA;0_JP_JD_JL;Public enterprises;114249;RSD;RSD;SORS;Average net earnings;A;Normal value
2403040110IND01;10;2025;RS;REPUBLIC OF SERBIA;0_JS;Public sector;111744;RSD;RSD;SORS;Average net earnings;A;Normal value
2403040110IND01;10;2025;RS;REPUBLIC OF SERBIA;0_VJS;Non-public sector;106164;RSD;RSD;SORS;Average net earnings;A;Normal value
2403040110IND01;10;2025;RS;REPUBLIC OF SERBIA;1_JD;Public state enterprises;122865;RSD;RSD;SORS;Average net earnings;A;Normal value
2403040110IND01;10;2025;RS;REPUBLIC OF SERBIA;2_JL;Public local enterprises;102573;RSD;RSD;SORS;Average net earnings;A;Normal value
2403040110IND01;10;2025;RS;REPUBLIC OF SERBIA;3_4_5_BK;General government;110978;RSD;RSD;SORS;Average net earnings;A;Normal value
2403040110IND01;10;2025;RS;REPUBLIC OF SERBIA;3_ZS;Health and social work;108201;RSD;RSD;SORS;Average net earnings;A;Normal value
2403040110IND01;10;2025;RS;REPUBLIC OF SERBIA;4_OK;Education and culture;105103;RSD;RSD;SORS;Average net earnings;A;Normal value
2403040110IND01;10;2025;RS;REPUBLIC OF SERBIA;5_AD;Administration - all levels;119107;RSD;RSD;SORS;Average net earnings;A;Normal value
2403040110IND01;10;2025;RS;REPUBLIC OF SERBIA;5_AD2;Administration - government  level;124266;RSD;RSD;SORS;Average net earnings;A;Normal value
2403040110IND01;10;2025;RS;REPUBLIC OF SERBIA;5_AD3;Administration - autonomous  province level;116585;RSD;RSD;SORS;Average net earnings;A;Normal value
2403040110IND01;10;2025;RS;REPUBLIC OF SERBIA;5_AD4;Administration - local authorities’ level;93599;RSD;RSD;SORS;Average net earnings;A;Normal value
2403040110IND01;11;2018;RS;REPUBLIC OF SERBIA;0;Total;49397;RSD;RSD;SORS;Average net earnings;A;Normal value
2403040110IND01;11;2018;RS;REPUBLIC OF SERBIA;0_JP_JD_JL;Public enterprises;59329;RSD;RSD;SORS;Average net earnings;A;Normal value
2403040110IND01;11;2018;RS;REPUBLIC OF SERBIA;0_JS;Public sector;55332;RSD;RSD;SORS;Average net earnings;A;Normal value
2403040110IND01;11;2018;RS;REPUBLIC OF SERBIA;0_VJS;Non-public sector;46445;RSD;RSD;SORS;Average net earnings;A;Normal value
2403040110IND01;11;2018;RS;REPUBLIC OF SERBIA;1_JD;Public state enterprises;67208;RSD;RSD;SORS;Average net earnings;A;Normal value
2403040110IND01;11;2018;RS;REPUBLIC OF SERBIA;2_JL;Public local enterprises;47647;RSD;RSD;SORS;Average net earnings;A;Normal value
2403040110IND01;11;2018;RS;REPUBLIC OF SERBIA;3_4_5_BK;General government;54002;RSD;RSD;SORS;Average net earnings;A;Normal value
2403040110IND01;11;2018;RS;REPUBLIC OF SERBIA;3_ZS;Health and social work;50187;RSD;RSD;SORS;Average net earnings;A;Normal value
2403040110IND01;11;2018;RS;REPUBLIC OF SERBIA;4_OK;Education and culture;52633;RSD;RSD;SORS;Average net earnings;A;Normal value
2403040110IND01;11;2018;RS;REPUBLIC OF SERBIA;5_AD;Administration - all levels;58707;RSD;RSD;SORS;Average net earnings;A;Normal value
2403040110IND01;11;2018;RS;REPUBLIC OF SERBIA;5_AD2;Administration - government  level;61040;RSD;RSD;SORS;Average net earnings;A;Normal value
2403040110IND01;11;2018;RS;REPUBLIC OF SERBIA;5_AD3;Administration - autonomous  province level;61624;RSD;RSD;SORS;Average net earnings;A;Normal value
2403040110IND01;11;2018;RS;REPUBLIC OF SERBIA;5_AD4;Administration - local authorities’ level;47264;RSD;RSD;SORS;Average net earnings;A;Normal value
2403040110IND01;11;2019;RS;REPUBLIC OF SERBIA;0;Total;54471;RSD;RSD;SORS;Average net earnings;A;Normal value
2403040110IND01;11;2019;RS;REPUBLIC OF SERBIA;0_JP_JD_JL;Public enterprises;65147;RSD;RSD;SORS;Average net earnings;A;Normal value
2403040110IND01;11;2019;RS;REPUBLIC OF SERBIA;0_JS;Public sector;60975;RSD;RSD;SORS;Average net earnings;A;Normal value
2403040110IND01;11;2019;RS;REPUBLIC OF SERBIA;0_VJS;Non-public sector;51448;RSD;RSD;SORS;Average net earnings;A;Normal value
2403040110IND01;11;2019;RS;REPUBLIC OF SERBIA;1_JD;Public state enterprises;74734;RSD;RSD;SORS;Average net earnings;A;Normal value
2403040110IND01;11;2019;RS;REPUBLIC OF SERBIA;2_JL;Public local enterprises;51925;RSD;RSD;SORS;Average net earnings;A;Normal value
2403040110IND01;11;2019;RS;REPUBLIC OF SERBIA;3_4_5_BK;General government;59631;RSD;RSD;SORS;Average net earnings;A;Normal value
2403040110IND01;11;2019;RS;REPUBLIC OF SERBIA;3_ZS;Health and social work;55702;RSD;RSD;SORS;Average net earnings;A;Normal value
2403040110IND01;11;2019;RS;REPUBLIC OF SERBIA;4_OK;Education and culture;57829;RSD;RSD;SORS;Average net earnings;A;Normal value
2403040110IND01;11;2019;RS;REPUBLIC OF SERBIA;5_AD;Administration - all levels;64862;RSD;RSD;SORS;Average net earnings;A;Normal value
2403040110IND01;11;2019;RS;REPUBLIC OF SERBIA;5_AD2;Administration - government  level;67492;RSD;RSD;SORS;Average net earnings;A;Normal value
2403040110IND01;11;2019;RS;REPUBLIC OF SERBIA;5_AD3;Administration - autonomous  province level;68676;RSD;RSD;SORS;Average net earnings;A;Normal value
2403040110IND01;11;2019;RS;REPUBLIC OF SERBIA;5_AD4;Administration - local authorities’ level;51787;RSD;RSD;SORS;Average net earnings;A;Normal value
2403040110IND01;11;2020;RS;REPUBLIC OF SERBIA;0;Total;59515;RSD;RSD;SORS;Average net earnings;A;Normal value
2403040110IND01;11;2020;RS;REPUBLIC OF SERBIA;0_JP_JD_JL;Public enterprises;71228;RSD;RSD;SORS;Average net earnings;A;Normal value
2403040110IND01;11;2020;RS;REPUBLIC OF SERBIA;0_JS;Public sector;67544;RSD;RSD;SORS;Average net earnings;A;Normal value
2403040110IND01;11;2020;RS;REPUBLIC OF SERBIA;0_VJS;Non-public sector;55989;RSD;RSD;SORS;Average net earnings;A;Normal value
2403040110IND01;11;2020;RS;REPUBLIC OF SERBIA;1_JD;Public state enterprises;79940;RSD;RSD;SORS;Average net earnings;A;Normal value
2403040110IND01;11;2020;RS;REPUBLIC OF SERBIA;2_JL;Public local enterprises;59226;RSD;RSD;SORS;Average net earnings;A;Normal value
2403040110IND01;11;2020;RS;REPUBLIC OF SERBIA;3_4_5_BK;General government;66363;RSD;RSD;SORS;Average net earnings;A;Normal value
2403040110IND01;11;2020;RS;REPUBLIC OF SERBIA;3_ZS;Health and social work;65475;RSD;RSD;SORS;Average net earnings;A;Normal value
2403040110IND01;11;2020;RS;REPUBLIC OF SERBIA;4_OK;Education and culture;62710;RSD;RSD;SORS;Average net earnings;A;Normal value
2403040110IND01;11;2020;RS;REPUBLIC OF SERBIA;5_AD;Administration - all levels;70526;RSD;RSD;SORS;Average net earnings;A;Normal value
2403040110IND01;11;2020;RS;REPUBLIC OF SERBIA;5_AD2;Administration - government  level;73351;RSD;RSD;SORS;Average net earnings;A;Normal value
2403040110IND01;11;2020;RS;REPUBLIC OF SERBIA;5_AD3;Administration - autonomous  province level;76208;RSD;RSD;SORS;Average net earnings;A;Normal value
2403040110IND01;11;2020;RS;REPUBLIC OF SERBIA;5_AD4;Administration - local authorities’ level;56386;RSD;RSD;SORS;Average net earnings;A;Normal value
2403040110IND01;11;2021;RS;REPUBLIC OF SERBIA;0;Total;65058;RSD;RSD;SORS;Average net earnings;A;Normal value
2403040110IND01;11;2021;RS;REPUBLIC OF SERBIA;0_JP_JD_JL;Public enterprises;74221;RSD;RSD;SORS;Average net earnings;A;Normal value
2403040110IND01;11;2021;RS;REPUBLIC OF SERBIA;0_JS;Public sector;72505;RSD;RSD;SORS;Average net earnings;A;Normal value
2403040110IND01;11;2021;RS;REPUBLIC OF SERBIA;0_VJS;Non-public sector;61909;RSD;RSD;SORS;Average net earnings;A;Normal value
2403040110IND01;11;2021;RS;REPUBLIC OF SERBIA;1_JD;Public state enterprises;82413;RSD;RSD;SORS;Average net earnings;A;Normal value
2403040110IND01;11;2021;RS;REPUBLIC OF SERBIA;2_JL;Public local enterprises;62856;RSD;RSD;SORS;Average net earnings;A;Normal value
2403040110IND01;11;2021;RS;REPUBLIC OF SERBIA;3_4_5_BK;General government;71959;RSD;RSD;SORS;Average net earnings;A;Normal value
2403040110IND01;11;2021;RS;REPUBLIC OF SERBIA;3_ZS;Health and social work;73901;RSD;RSD;SORS;Average net earnings;A;Normal value
2403040110IND01;11;2021;RS;REPUBLIC OF SERBIA;4_OK;Education and culture;66158;RSD;RSD;SORS;Average net earnings;A;Normal value
2403040110IND01;11;2021;RS;REPUBLIC OF SERBIA;5_AD;Administration - all levels;75561;RSD;RSD;SORS;Average net earnings;A;Normal value
2403040110IND01;11;2021;RS;REPUBLIC OF SERBIA;5_AD2;Administration - government  level;78720;RSD;RSD;SORS;Average net earnings;A;Normal value
2403040110IND01;11;2021;RS;REPUBLIC OF SERBIA;5_AD3;Administration - autonomous  province level;80569;RSD;RSD;SORS;Average net earnings;A;Normal value
2403040110IND01;11;2021;RS;REPUBLIC OF SERBIA;5_AD4;Administration - local authorities’ level;59897;RSD;RSD;SORS;Average net earnings;A;Normal value
2403040110IND01;11;2022;RS;REPUBLIC OF SERBIA;0;Total;74078;RSD;RSD;SORS;Average net earnings;A;Normal value
2403040110IND01;11;2022;RS;REPUBLIC OF SERBIA;0_JP_JD_JL;Public enterprises;79747;RSD;RSD;SORS;Average net earnings;A;Normal value
2403040110IND01;11;2022;RS;REPUBLIC OF SERBIA;0_JS;Public sector;77811;RSD;RSD;SORS;Average net earnings;A;Normal value
2403040110IND01;11;2022;RS;REPUBLIC OF SERBIA;0_VJS;Non-public sector;72523;RSD;RSD;SORS;Average net earnings;A;Normal value
2403040110IND01;11;2022;RS;REPUBLIC OF SERBIA;1_JD;Public state enterprises;88098;RSD;RSD;SORS;Average net earnings;A;Normal value
2403040110IND01;11;2022;RS;REPUBLIC OF SERBIA;2_JL;Public local enterprises;68243;RSD;RSD;SORS;Average net earnings;A;Normal value
2403040110IND01;11;2022;RS;REPUBLIC OF SERBIA;3_4_5_BK;General government;77200;RSD;RSD;SORS;Average net earnings;A;Normal value
2403040110IND01;11;2022;RS;REPUBLIC OF SERBIA;3_ZS;Health and social work;78149;RSD;RSD;SORS;Average net earnings;A;Normal value
2403040110IND01;11;2022;RS;REPUBLIC OF SERBIA;4_OK;Education and culture;70962;RSD;RSD;SORS;Average net earnings;A;Normal value
2403040110IND01;11;2022;RS;REPUBLIC OF SERBIA;5_AD;Administration - all levels;82086;RSD;RSD;SORS;Average net earnings;A;Normal value
2403040110IND01;11;2022;RS;REPUBLIC OF SERBIA;5_AD2;Administration - government  level;85526;RSD;RSD;SORS;Average net earnings;A;Normal value
2403040110IND01;11;2022;RS;REPUBLIC OF SERBIA;5_AD3;Administration - autonomous  province level;86776;RSD;RSD;SORS;Average net earnings;A;Normal value
2403040110IND01;11;2022;RS;REPUBLIC OF SERBIA;5_AD4;Administration - local authorities’ level;64971;RSD;RSD;SORS;Average net earnings;A;Normal value
2403040110IND01;11;2023;RS;REPUBLIC OF SERBIA;0;Total;85175;RSD;RSD;SORS;Average net earnings;A;Normal value
2403040110IND01;11;2023;RS;REPUBLIC OF SERBIA;0_JP_JD_JL;Public enterprises;89738;RSD;RSD;SORS;Average net earnings;A;Normal value
2403040110IND01;11;2023;RS;REPUBLIC OF SERBIA;0_JS;Public sector;87975;RSD;RSD;SORS;Average net earnings;A;Normal value
2403040110IND01;11;2023;RS;REPUBLIC OF SERBIA;0_VJS;Non-public sector;84044;RSD;RSD;SORS;Average net earnings;A;Normal value
2403040110IND01;11;2023;RS;REPUBLIC OF SERBIA;1_JD;Public state enterprises;98118;RSD;RSD;SORS;Average net earnings;A;Normal value
2403040110IND01;11;2023;RS;REPUBLIC OF SERBIA;2_JL;Public local enterprises;78303;RSD;RSD;SORS;Average net earnings;A;Normal value
2403040110IND01;11;2023;RS;REPUBLIC OF SERBIA;3_4_5_BK;General government;87423;RSD;RSD;SORS;Average net earnings;A;Normal value
2403040110IND01;11;2023;RS;REPUBLIC OF SERBIA;3_ZS;Health and social work;86512;RSD;RSD;SORS;Average net earnings;A;Normal value
2403040110IND01;11;2023;RS;REPUBLIC OF SERBIA;4_OK;Education and culture;80721;RSD;RSD;SORS;Average net earnings;A;Normal value
2403040110IND01;11;2023;RS;REPUBLIC OF SERBIA;5_AD;Administration - all levels;94465;RSD;RSD;SORS;Average net earnings;A;Normal value
2403040110IND01;11;2023;RS;REPUBLIC OF SERBIA;5_AD2;Administration - government  level;98594;RSD;RSD;SORS;Average net earnings;A;Normal value
2403040110IND01;11;2023;RS;REPUBLIC OF SERBIA;5_AD3;Administration - autonomous  province level;101028;RSD;RSD;SORS;Average net earnings;A;Normal value
2403040110IND01;11;2023;RS;REPUBLIC OF SERBIA;5_AD4;Administration - local authorities’ level;73864;RSD;RSD;SORS;Average net earnings;A;Normal value
2403040110IND01;11;2024;RS;REPUBLIC OF SERBIA;0;Total;97215;RSD;RSD;SORS;Average net earnings;A;Normal value
2403040110IND01;11;2024;RS;REPUBLIC OF SERBIA;0_JP_JD_JL;Public enterprises;101817;RSD;RSD;SORS;Average net earnings;A;Normal value
2403040110IND01;11;2024;RS;REPUBLIC OF SERBIA;0_JS;Public sector;100313;RSD;RSD;SORS;Average net earnings;A;Normal value
2403040110IND01;11;2024;RS;REPUBLIC OF SERBIA;0_VJS;Non-public sector;95967;RSD;RSD;SORS;Average net earnings;A;Normal value
2403040110IND01;11;2024;RS;REPUBLIC OF SERBIA;1_JD;Public state enterprises;110328;RSD;RSD;SORS;Average net earnings;A;Normal value
2403040110IND01;11;2024;RS;REPUBLIC OF SERBIA;2_JL;Public local enterprises;90285;RSD;RSD;SORS;Average net earnings;A;Normal value
2403040110IND01;11;2024;RS;REPUBLIC OF SERBIA;3_4_5_BK;General government;99849;RSD;RSD;SORS;Average net earnings;A;Normal value
2403040110IND01;11;2024;RS;REPUBLIC OF SERBIA;3_ZS;Health and social work;98201;RSD;RSD;SORS;Average net earnings;A;Normal value
2403040110IND01;11;2024;RS;REPUBLIC OF SERBIA;4_OK;Education and culture;93898;RSD;RSD;SORS;Average net earnings;A;Normal value
2403040110IND01;11;2024;RS;REPUBLIC OF SERBIA;5_AD;Administration - all levels;106907;RSD;RSD;SORS;Average net earnings;A;Normal value
2403040110IND01;11;2024;RS;REPUBLIC OF SERBIA;5_AD2;Administration - government  level;111626;RSD;RSD;SORS;Average net earnings;A;Normal value
2403040110IND01;11;2024;RS;REPUBLIC OF SERBIA;5_AD3;Administration - autonomous  province level;107551;RSD;RSD;SORS;Average net earnings;A;Normal value
2403040110IND01;11;2024;RS;REPUBLIC OF SERBIA;5_AD4;Administration - local authorities’ level;83457;RSD;RSD;SORS;Average net earnings;A;Normal value
2403040110IND01;11;2025;RS;REPUBLIC OF SERBIA;0;Total;108139;RSD;RSD;SORS;Average net earnings;A;Normal value
2403040110IND01;11;2025;RS;REPUBLIC OF SERBIA;0_JP_JD_JL;Public enterprises;114256;RSD;RSD;SORS;Average net earnings;A;Normal value
2403040110IND01;11;2025;RS;REPUBLIC OF SERBIA;0_JS;Public sector;112106;RSD;RSD;SORS;Average net earnings;A;Normal value
2403040110IND01;11;2025;RS;REPUBLIC OF SERBIA;0_VJS;Non-public sector;106556;RSD;RSD;SORS;Average net earnings;A;Normal value
2403040110IND01;11;2025;RS;REPUBLIC OF SERBIA;1_JD;Public state enterprises;122819;RSD;RSD;SORS;Average net earnings;A;Normal value
2403040110IND01;11;2025;RS;REPUBLIC OF SERBIA;2_JL;Public local enterprises;102651;RSD;RSD;SORS;Average net earnings;A;Normal value
2403040110IND01;11;2025;RS;REPUBLIC OF SERBIA;3_4_5_BK;General government;111450;RSD;RSD;SORS;Average net earnings;A;Normal value
2403040110IND01;11;2025;RS;REPUBLIC OF SERBIA;3_ZS;Health and social work;108565;RSD;RSD;SORS;Average net earnings;A;Normal value
2403040110IND01;11;2025;RS;REPUBLIC OF SERBIA;4_OK;Education and culture;106095;RSD;RSD;SORS;Average net earnings;A;Normal value
2403040110IND01;11;2025;RS;REPUBLIC OF SERBIA;5_AD;Administration - all levels;119240;RSD;RSD;SORS;Average net earnings;A;Normal value
2403040110IND01;11;2025;RS;REPUBLIC OF SERBIA;5_AD2;Administration - government  level;124372;RSD;RSD;SORS;Average net earnings;A;Normal value
2403040110IND01;11;2025;RS;REPUBLIC OF SERBIA;5_AD3;Administration - autonomous  province level;116891;RSD;RSD;SORS;Average net earnings;A;Normal value
2403040110IND01;11;2025;RS;REPUBLIC OF SERBIA;5_AD4;Administration - local authorities’ level;93833;RSD;RSD;SORS;Average net earnings;A;Normal value
2403040110IND01;12;2018;RS;REPUBLIC OF SERBIA;0;Total;49650;RSD;RSD;SORS;Average net earnings;A;Normal value
2403040110IND01;12;2018;RS;REPUBLIC OF SERBIA;0_JP_JD_JL;Public enterprises;59574;RSD;RSD;SORS;Average net earnings;A;Normal value
2403040110IND01;12;2018;RS;REPUBLIC OF SERBIA;0_JS;Public sector;55423;RSD;RSD;SORS;Average net earnings;A;Normal value
2403040110IND01;12;2018;RS;REPUBLIC OF SERBIA;0_VJS;Non-public sector;46786;RSD;RSD;SORS;Average net earnings;A;Normal value
2403040110IND01;12;2018;RS;REPUBLIC OF SERBIA;1_JD;Public state enterprises;67537;RSD;RSD;SORS;Average net earnings;A;Normal value
2403040110IND01;12;2018;RS;REPUBLIC OF SERBIA;2_JL;Public local enterprises;47772;RSD;RSD;SORS;Average net earnings;A;Normal value
2403040110IND01;12;2018;RS;REPUBLIC OF SERBIA;3_4_5_BK;General government;54043;RSD;RSD;SORS;Average net earnings;A;Normal value
2403040110IND01;12;2018;RS;REPUBLIC OF SERBIA;3_ZS;Health and social work;50222;RSD;RSD;SORS;Average net earnings;A;Normal value
2403040110IND01;12;2018;RS;REPUBLIC OF SERBIA;4_OK;Education and culture;52678;RSD;RSD;SORS;Average net earnings;A;Normal value
2403040110IND01;12;2018;RS;REPUBLIC OF SERBIA;5_AD;Administration - all levels;58752;RSD;RSD;SORS;Average net earnings;A;Normal value
2403040110IND01;12;2018;RS;REPUBLIC OF SERBIA;5_AD2;Administration - government  level;61054;RSD;RSD;SORS;Average net earnings;A;Normal value
2403040110IND01;12;2018;RS;REPUBLIC OF SERBIA;5_AD3;Administration - autonomous  province level;61824;RSD;RSD;SORS;Average net earnings;A;Normal value
2403040110IND01;12;2018;RS;REPUBLIC OF SERBIA;5_AD4;Administration - local authorities’ level;47425;RSD;RSD;SORS;Average net earnings;A;Normal value
2403040110IND01;12;2019;RS;REPUBLIC OF SERBIA;0;Total;54919;RSD;RSD;SORS;Average net earnings;A;Normal value
2403040110IND01;12;2019;RS;REPUBLIC OF SERBIA;0_JP_JD_JL;Public enterprises;65489;RSD;RSD;SORS;Average net earnings;A;Normal value
2403040110IND01;12;2019;RS;REPUBLIC OF SERBIA;0_JS;Public sector;61392;RSD;RSD;SORS;Average net earnings;A;Normal value
2403040110IND01;12;2019;RS;REPUBLIC OF SERBIA;0_VJS;Non-public sector;51917;RSD;RSD;SORS;Average net earnings;A;Normal value
2403040110IND01;12;2019;RS;REPUBLIC OF SERBIA;1_JD;Public state enterprises;75221;RSD;RSD;SORS;Average net earnings;A;Normal value
2403040110IND01;12;2019;RS;REPUBLIC OF SERBIA;2_JL;Public local enterprises;52068;RSD;RSD;SORS;Average net earnings;A;Normal value
2403040110IND01;12;2019;RS;REPUBLIC OF SERBIA;3_4_5_BK;General government;60072;RSD;RSD;SORS;Average net earnings;A;Normal value
2403040110IND01;12;2019;RS;REPUBLIC OF SERBIA;3_ZS;Health and social work;56195;RSD;RSD;SORS;Average net earnings;A;Normal value
2403040110IND01;12;2019;RS;REPUBLIC OF SERBIA;4_OK;Education and culture;58220;RSD;RSD;SORS;Average net earnings;A;Normal value
2403040110IND01;12;2019;RS;REPUBLIC OF SERBIA;5_AD;Administration - all levels;65304;RSD;RSD;SORS;Average net earnings;A;Normal value
2403040110IND01;12;2019;RS;REPUBLIC OF SERBIA;5_AD2;Administration - government  level;67920;RSD;RSD;SORS;Average net earnings;A;Normal value
2403040110IND01;12;2019;RS;REPUBLIC OF SERBIA;5_AD3;Administration - autonomous  province level;69120;RSD;RSD;SORS;Average net earnings;A;Normal value
2403040110IND01;12;2019;RS;REPUBLIC OF SERBIA;5_AD4;Administration - local authorities’ level;52294;RSD;RSD;SORS;Average net earnings;A;Normal value
2403040110IND01;12;2020;RS;REPUBLIC OF SERBIA;0;Total;60073;RSD;RSD;SORS;Average net earnings;A;Normal value
2403040110IND01;12;2020;RS;REPUBLIC OF SERBIA;0_JP_JD_JL;Public enterprises;71486;RSD;RSD;SORS;Average net earnings;A;Normal value
2403040110IND01;12;2020;RS;REPUBLIC OF SERBIA;0_JS;Public sector;67899;RSD;RSD;SORS;Average net earnings;A;Normal value
2403040110IND01;12;2020;RS;REPUBLIC OF SERBIA;0_VJS;Non-public sector;56645;RSD;RSD;SORS;Average net earnings;A;Normal value
2403040110IND01;12;2020;RS;REPUBLIC OF SERBIA;1_JD;Public state enterprises;80119;RSD;RSD;SORS;Average net earnings;A;Normal value
2403040110IND01;12;2020;RS;REPUBLIC OF SERBIA;2_JL;Public local enterprises;59596;RSD;RSD;SORS;Average net earnings;A;Normal value
2403040110IND01;12;2020;RS;REPUBLIC OF SERBIA;3_4_5_BK;General government;66749;RSD;RSD;SORS;Average net earnings;A;Normal value
2403040110IND01;12;2020;RS;REPUBLIC OF SERBIA;3_ZS;Health and social work;66207;RSD;RSD;SORS;Average net earnings;A;Normal value
2403040110IND01;12;2020;RS;REPUBLIC OF SERBIA;4_OK;Education and culture;62965;RSD;RSD;SORS;Average net earnings;A;Normal value
2403040110IND01;12;2020;RS;REPUBLIC OF SERBIA;5_AD;Administration - all levels;70721;RSD;RSD;SORS;Average net earnings;A;Normal value
2403040110IND01;12;2020;RS;REPUBLIC OF SERBIA;5_AD2;Administration - government  level;73534;RSD;RSD;SORS;Average net earnings;A;Normal value
2403040110IND01;12;2020;RS;REPUBLIC OF SERBIA;5_AD3;Administration - autonomous  province level;76563;RSD;RSD;SORS;Average net earnings;A;Normal value
2403040110IND01;12;2020;RS;REPUBLIC OF SERBIA;5_AD4;Administration - local authorities’ level;56632;RSD;RSD;SORS;Average net earnings;A;Normal value
2403040110IND01;12;2021;RS;REPUBLIC OF SERBIA;0;Total;65864;RSD;RSD;SORS;Average net earnings;A;Normal value
2403040110IND01;12;2021;RS;REPUBLIC OF SERBIA;0_JP_JD_JL;Public enterprises;74576;RSD;RSD;SORS;Average net earnings;A;Normal value
2403040110IND01;12;2021;RS;REPUBLIC OF SERBIA;0_JS;Public sector;72674;RSD;RSD;SORS;Average net earnings;A;Normal value
2403040110IND01;12;2021;RS;REPUBLIC OF SERBIA;0_VJS;Non-public sector;62987;RSD;RSD;SORS;Average net earnings;A;Normal value
2403040110IND01;12;2021;RS;REPUBLIC OF SERBIA;1_JD;Public state enterprises;82787;RSD;RSD;SORS;Average net earnings;A;Normal value
2403040110IND01;12;2021;RS;REPUBLIC OF SERBIA;2_JL;Public local enterprises;63183;RSD;RSD;SORS;Average net earnings;A;Normal value
2403040110IND01;12;2021;RS;REPUBLIC OF SERBIA;3_4_5_BK;General government;72069;RSD;RSD;SORS;Average net earnings;A;Normal value
2403040110IND01;12;2021;RS;REPUBLIC OF SERBIA;3_ZS;Health and social work;73981;RSD;RSD;SORS;Average net earnings;A;Normal value
2403040110IND01;12;2021;RS;REPUBLIC OF SERBIA;4_OK;Education and culture;66323;RSD;RSD;SORS;Average net earnings;A;Normal value
2403040110IND01;12;2021;RS;REPUBLIC OF SERBIA;5_AD;Administration - all levels;75648;RSD;RSD;SORS;Average net earnings;A;Normal value
2403040110IND01;12;2021;RS;REPUBLIC OF SERBIA;5_AD2;Administration - government  level;78775;RSD;RSD;SORS;Average net earnings;A;Normal value
2403040110IND01;12;2021;RS;REPUBLIC OF SERBIA;5_AD3;Administration - autonomous  province level;80729;RSD;RSD;SORS;Average net earnings;A;Normal value
2403040110IND01;12;2021;RS;REPUBLIC OF SERBIA;5_AD4;Administration - local authorities’ level;60139;RSD;RSD;SORS;Average net earnings;A;Normal value
2403040110IND01;12;2022;RS;REPUBLIC OF SERBIA;0;Total;74933;RSD;RSD;SORS;Average net earnings;A;Normal value
2403040110IND01;12;2022;RS;REPUBLIC OF SERBIA;0_JP_JD_JL;Public enterprises;80131;RSD;RSD;SORS;Average net earnings;A;Normal value
2403040110IND01;12;2022;RS;REPUBLIC OF SERBIA;0_JS;Public sector;77951;RSD;RSD;SORS;Average net earnings;A;Normal value
2403040110IND01;12;2022;RS;REPUBLIC OF SERBIA;0_VJS;Non-public sector;73677;RSD;RSD;SORS;Average net earnings;A;Normal value
2403040110IND01;12;2022;RS;REPUBLIC OF SERBIA;1_JD;Public state enterprises;88362;RSD;RSD;SORS;Average net earnings;A;Normal value
2403040110IND01;12;2022;RS;REPUBLIC OF SERBIA;2_JL;Public local enterprises;68790;RSD;RSD;SORS;Average net earnings;A;Normal value
2403040110IND01;12;2022;RS;REPUBLIC OF SERBIA;3_4_5_BK;General government;77263;RSD;RSD;SORS;Average net earnings;A;Normal value
2403040110IND01;12;2022;RS;REPUBLIC OF SERBIA;3_ZS;Health and social work;78177;RSD;RSD;SORS;Average net earnings;A;Normal value
2403040110IND01;12;2022;RS;REPUBLIC OF SERBIA;4_OK;Education and culture;71124;RSD;RSD;SORS;Average net earnings;A;Normal value
2403040110IND01;12;2022;RS;REPUBLIC OF SERBIA;5_AD;Administration - all levels;82094;RSD;RSD;SORS;Average net earnings;A;Normal value
2403040110IND01;12;2022;RS;REPUBLIC OF SERBIA;5_AD2;Administration - government  level;85493;RSD;RSD;SORS;Average net earnings;A;Normal value
2403040110IND01;12;2022;RS;REPUBLIC OF SERBIA;5_AD3;Administration - autonomous  province level;86841;RSD;RSD;SORS;Average net earnings;A;Normal value
2403040110IND01;12;2022;RS;REPUBLIC OF SERBIA;5_AD4;Administration - local authorities’ level;65182;RSD;RSD;SORS;Average net earnings;A;Normal value
2403040110IND01;12;2023;RS;REPUBLIC OF SERBIA;0;Total;86007;RSD;RSD;SORS;Average net earnings;A;Normal value
2403040110IND01;12;2023;RS;REPUBLIC OF SERBIA;0_JP_JD_JL;Public enterprises;90390;RSD;RSD;SORS;Average net earnings;A;Normal value
2403040110IND01;12;2023;RS;REPUBLIC OF SERBIA;0_JS;Public sector;88332;RSD;RSD;SORS;Average net earnings;A;Normal value
2403040110IND01;12;2023;RS;REPUBLIC OF SERBIA;0_VJS;Non-public sector;85068;RSD;RSD;SORS;Average net earnings;A;Normal value
2403040110IND01;12;2023;RS;REPUBLIC OF SERBIA;1_JD;Public state enterprises;98855;RSD;RSD;SORS;Average net earnings;A;Normal value
2403040110IND01;12;2023;RS;REPUBLIC OF SERBIA;2_JL;Public local enterprises;78849;RSD;RSD;SORS;Average net earnings;A;Normal value
2403040110IND01;12;2023;RS;REPUBLIC OF SERBIA;3_4_5_BK;General government;87688;RSD;RSD;SORS;Average net earnings;A;Normal value
2403040110IND01;12;2023;RS;REPUBLIC OF SERBIA;3_ZS;Health and social work;86760;RSD;RSD;SORS;Average net earnings;A;Normal value
2403040110IND01;12;2023;RS;REPUBLIC OF SERBIA;4_OK;Education and culture;81123;RSD;RSD;SORS;Average net earnings;A;Normal value
2403040110IND01;12;2023;RS;REPUBLIC OF SERBIA;5_AD;Administration - all levels;94612;RSD;RSD;SORS;Average net earnings;A;Normal value
2403040110IND01;12;2023;RS;REPUBLIC OF SERBIA;5_AD2;Administration - government  level;98724;RSD;RSD;SORS;Average net earnings;A;Normal value
2403040110IND01;12;2023;RS;REPUBLIC OF SERBIA;5_AD3;Administration - autonomous  province level;101007;RSD;RSD;SORS;Average net earnings;A;Normal value
2403040110IND01;12;2023;RS;REPUBLIC OF SERBIA;5_AD4;Administration - local authorities’ level;74095;RSD;RSD;SORS;Average net earnings;A;Normal value
2403040110IND01;12;2024;RS;REPUBLIC OF SERBIA;0;Total;98143;RSD;RSD;SORS;Average net earnings;A;Normal value
2403040110IND01;12;2024;RS;REPUBLIC OF SERBIA;0_JP_JD_JL;Public enterprises;102539;RSD;RSD;SORS;Average net earnings;A;Normal value
2403040110IND01;12;2024;RS;REPUBLIC OF SERBIA;0_JS;Public sector;100570;RSD;RSD;SORS;Average net earnings;A;Normal value
2403040110IND01;12;2024;RS;REPUBLIC OF SERBIA;0_VJS;Non-public sector;97166;RSD;RSD;SORS;Average net earnings;A;Normal value
2403040110IND01;12;2024;RS;REPUBLIC OF SERBIA;1_JD;Public state enterprises;111206;RSD;RSD;SORS;Average net earnings;A;Normal value
2403040110IND01;12;2024;RS;REPUBLIC OF SERBIA;2_JL;Public local enterprises;90797;RSD;RSD;SORS;Average net earnings;A;Normal value
2403040110IND01;12;2024;RS;REPUBLIC OF SERBIA;3_4_5_BK;General government;99963;RSD;RSD;SORS;Average net earnings;A;Normal value
2403040110IND01;12;2024;RS;REPUBLIC OF SERBIA;3_ZS;Health and social work;98316;RSD;RSD;SORS;Average net earnings;A;Normal value
2403040110IND01;12;2024;RS;REPUBLIC OF SERBIA;4_OK;Education and culture;94044;RSD;RSD;SORS;Average net earnings;A;Normal value
2403040110IND01;12;2024;RS;REPUBLIC OF SERBIA;5_AD;Administration - all levels;106996;RSD;RSD;SORS;Average net earnings;A;Normal value
2403040110IND01;12;2024;RS;REPUBLIC OF SERBIA;5_AD2;Administration - government  level;111671;RSD;RSD;SORS;Average net earnings;A;Normal value
2403040110IND01;12;2024;RS;REPUBLIC OF SERBIA;5_AD3;Administration - autonomous  province level;107865;RSD;RSD;SORS;Average net earnings;A;Normal value
2403040110IND01;12;2024;RS;REPUBLIC OF SERBIA;5_AD4;Administration - local authorities’ level;83745;RSD;RSD;SORS;Average net earnings;A;Normal value
2403040110IND01;12;2025;RS;REPUBLIC OF SERBIA;0;Total;109462;RSD;RSD;SORS;Average net earnings;A;Normal value
2403040110IND01;12;2025;RS;REPUBLIC OF SERBIA;0_JP_JD_JL;Public enterprises;115297;RSD;RSD;SORS;Average net earnings;A;Normal value
2403040110IND01;12;2025;RS;REPUBLIC OF SERBIA;0_JS;Public sector;112711;RSD;RSD;SORS;Average net earnings;A;Normal value
2403040110IND01;12;2025;RS;REPUBLIC OF SERBIA;0_VJS;Non-public sector;108165;RSD;RSD;SORS;Average net earnings;A;Normal value
2403040110IND01;12;2025;RS;REPUBLIC OF SERBIA;1_JD;Public state enterprises;123773;RSD;RSD;SORS;Average net earnings;A;Normal value
2403040110IND01;12;2025;RS;REPUBLIC OF SERBIA;2_JL;Public local enterprises;103816;RSD;RSD;SORS;Average net earnings;A;Normal value
2403040110IND01;12;2025;RS;REPUBLIC OF SERBIA;3_4_5_BK;General government;111922;RSD;RSD;SORS;Average net earnings;A;Normal value
2403040110IND01;12;2025;RS;REPUBLIC OF SERBIA;3_ZS;Health and social work;109076;RSD;RSD;SORS;Average net earnings;A;Normal value
2403040110IND01;12;2025;RS;REPUBLIC OF SERBIA;4_OK;Education and culture;106892;RSD;RSD;SORS;Average net earnings;A;Normal value
2403040110IND01;12;2025;RS;REPUBLIC OF SERBIA;5_AD;Administration - all levels;119385;RSD;RSD;SORS;Average net earnings;A;Normal value
2403040110IND01;12;2025;RS;REPUBLIC OF SERBIA;5_AD2;Administration - government  level;124425;RSD;RSD;SORS;Average net earnings;A;Normal value
2403040110IND01;12;2025;RS;REPUBLIC OF SERBIA;5_AD3;Administration - autonomous  province level;117246;RSD;RSD;SORS;Average net earnings;A;Normal value
2403040110IND01;12;2025;RS;REPUBLIC OF SERBIA;5_AD4;Administration - local authorities’ level;94405;RSD;RSD;SORS;Average net earnings;A;Normal value
